id,category,periods,sortable,attrs,value_type,unit,aliases,from,describe
exercise_frequency,security,snapshot,FALSE,,normal,,,F10,行权频率
sec_type_en,security,snapshot,TRUE,,normal,,,F10,证券类型_英文
trade_currency,security,snapshot,TRUE,,normal,,,F10,交易币种
per_share_dividend_factor,security,snapshot;quarter_1,TRUE,,normal,元,,F10,每股分红(复权)
financial_period,security,snapshot;quarter,TRUE,,normal,,,F10,财报报告期
financial_year,security,snapshot;quarter,TRUE,,normal,年,,F10,财报年度
financial_disclose_time_slot,security,snapshot;quarter,TRUE,,normal,,,F10,财报披露时间段
actual_eps_quarter,security,quarter,FALSE,time_period,normal,元,,F10,实际每股收益(单季度)
actual_revenue_quarter,security,quarter,FALSE,time_period,normal,元,,F10,实际营业收入(单季度)
forecast_revenue_quarter,security,quarter,FALSE,time_period,normal,元,,F10,预测营业收入(单季度)
forecast_eps_quarter,security,quarter,FALSE,time_period,normal,元,,F10,预测每股收益(单季度)
fund_manage_scale_yoy,security,snapshot,TRUE,,normal,%,,F10,基金管理规模增速(月度)
loans_v2,security,snapshot;quarter_1,FALSE,,normal,元,,F10,借款(新体系)
capital_reserve_v2,security,snapshot;quarter_1,FALSE,,normal,元,,F10,资本公积(新体系)
long_term_debt_v2,security,snapshot;quarter_1,FALSE,,normal,元,,F10,长期债务(新体系)
short_term_debt_v2,security,snapshot;quarter_1,FALSE,,normal,元,,F10,短期债务(新体系)
long_term_investments_v2,security,snapshot;quarter_1,FALSE,,normal,元,,F10,长期投资(新体系)
short_term_investments_v2,security,snapshot;quarter_1,FALSE,,normal,元,,F10,短期投资(新体系)
contract_debt_change_v2,security,snapshot;quarter_1,FALSE,,normal,元,,F10,合同负债变动(新体系)
other_financing_cash_flow_net_v2,security,snapshot;quarter_1,FALSE,,normal,元,,F10,其他筹资活动现金流量净额(新体系)
investment_change_v2,security,snapshot;quarter_1,FALSE,,normal,元,,F10,投资变动(新体系)
accounts_receivable_change_v2,security,snapshot;quarter_1,FALSE,,normal,元,,F10,应收账款变动(新体系)
inventory_change_v2,security,snapshot;quarter_1,FALSE,,normal,元,,F10,存货变动(新体系)
gross_profit_ttm,security,snapshot;quarter_1,TRUE,,normal,元,,F10,毛利润(TTM)
financial_actual_disclose_date,security,snapshot;quarter,TRUE,,normal,,,F10,财报实际披露日期
financial_appoint_disclose_date,security,snapshot;quarter,TRUE,,normal,,,F10,财报预约披露日期
total_assets_net_ratio_latest,security,snapshot,TRUE,,normal,%,,F10,总资产收益率(最新)
bond_remainder,security,snapshot;quarter,TRUE,,normal,元,,F10,债券余额
bond_ratio,security,snapshot;quarter,TRUE,,normal,%,,F10,债券利率
start_interest_date,security,snapshot,FALSE,,normal,,,F10,起息日
end_interest_date,security,snapshot,TRUE,,normal,,,F10,到期日
interest_rate_type_code,security,snapshot,FALSE,,normal,,,F10,利率类别编码
payment_frequency,security,snapshot,FALSE,,normal,月/次,,F10,付息频率
ebitda_ttm,security,snapshot;quarter_1,TRUE,,normal,元,,F10,息税前折旧摊销前利润EBITDA(TTM)
per_share_dividend_ttm,security,snapshot;quarter,TRUE,,normal,元,,F10,每股分红(TTM)
per_share_dividend_ttm,security,snapshot;quarter,TRUE,,normal,元,,F10,每股分红(TTM)
operating_income_total_ttm,security,snapshot;quarter_1,TRUE,,normal,元,,F10,营业总收入(TTM)
actual_issuance_price,security,snapshot,FALSE,,normal,元,,F10,实际发行价格
parent_holder_net_profit_ttm,security,snapshot;quarter_1,TRUE,,normal,元,,F10,归母净利润(TTM)
operating_income_ttm,security,snapshot;quarter,TRUE,,normal,元,,F10,营业收入(TTM)
per_net_assets_latest,security,snapshot;quarter,TRUE,,normal,元,,F10,每股净资产(最新)
eps_ttm,security,snapshot,TRUE,,normal,元,,F10,每股收益(TTM)
balanced_net_assets,security,snapshot;quarter_1,TRUE,,normal,元,,F10,每股净资产(拆股复权)
balanced_eps,security,snapshot;quarter_1,TRUE,,normal,元,,F10,每股收益(前复权)
cash_equivalents_net_addition,security,snapshot;quarter,TRUE,,normal,元,,F10,现金及现金等价物净增加额
per_share_dividend,security,snapshot;quarter,TRUE,,normal,元,,F10,每股分红
per_share_dividend,security,snapshot;quarter,TRUE,,normal,元,,F10,每股分红
total_profit_yoy_growth_ratio,security,snapshot;quarter,FALSE,,normal,%,,F10,利润总额同比增长率
earnings_before_interest_depreciation_amortization,security,snapshot;quarter_1,TRUE,,normal,元,,F10,息税折旧摊销前利润
earnings_before_interest_taxes,security,snapshot;quarter_1,TRUE,,normal,元,,F10,息税前利润
flow_capital,security,snapshot;quarter_1,TRUE,,normal,股,,F10,流通股本
listing_date,security,snapshot,TRUE,,normal,,,F10,上市日期
listing_date,security,snapshot,TRUE,,normal,,,F10,上市日期
listing_date,security,snapshot,TRUE,,normal,,,F10,上市日期
listing_date,security,snapshot,TRUE,,normal,,,F10,上市日期
sec_type,security,snapshot,TRUE,,normal,,,F10,证券类型
sec_type,security,snapshot,TRUE,,normal,,,F10,证券类型
sec_type,security,snapshot,TRUE,,normal,,,F10,证券类型
sec_type,security,snapshot,TRUE,,normal,,,F10,证券类型
company_introduction,security,snapshot,FALSE,,normal,,,F10,公司简介
work_address,security,snapshot,FALSE,,normal,,,F10,办公地址
beta,security,snapshot;quarter,TRUE,,normal,,,F10,贝塔值
beta,security,snapshot;quarter,TRUE,,normal,,,F10,贝塔值
beta,security,snapshot;quarter,TRUE,,normal,,,F10,贝塔值
total_capital,security,snapshot;quarter_1,TRUE,,normal,股,,F10,总股本
receive_account_turnover_ratio,security,snapshot;quarter_1,TRUE,,normal,次,,F10,应收账款周转率
basic_eps,security,snapshot,FALSE,,normal,元,,F10,每股收益
capital_invested_return_ratio,security,snapshot;quarter_1,TRUE,,normal,%,,F10,投资回报率
total_debt,security,snapshot;quarter,TRUE,,normal,元,,F10,总负债
total_current_assets,security,snapshot;quarter,TRUE,,normal,元,,F10,流动资产合计
fixed_assets_turnover_ratio,security,snapshot;quarter_1,TRUE,,normal,次,,F10,固定资产周转率
index_weighted_avg_roe,security,snapshot;quarter_1,TRUE,,normal,%,,F10,净资产收益率
inventory_turnover_ratio,security,snapshot;quarter_1,TRUE,,normal,次,,F10,存货周转率
total_assets_net_ratio,security,snapshot;quarter_1,TRUE,,normal,%,,F10,总资产收益率
quick_ratio,security,snapshot;quarter_1,TRUE,,normal,%,,F10,速动比率
current_ratio,security,snapshot;quarter_1,TRUE,,normal,%,,F10,流动比率
act_cash_flow_net,security,snapshot;quarter,TRUE,,normal,元,,F10,经营活动现金流量净额
financing_cash_flow_net,security,snapshot;quarter,TRUE,,normal,元,,F10,筹资活动现金流量净额
parent_holder_net_profit,security,snapshot;quarter,FALSE,,normal,元,,F10,归母净利润
equity_multiplier,security,snapshot;quarter_1,TRUE,,normal,,,F10,权益乘数
invest_cash_flow_net,security,snapshot;quarter,TRUE,,normal,元,,F10,投资活动现金流量净额
sale_net_interest_ratio,security,snapshot;quarter_1,TRUE,,normal,%,,F10,净利率
assets_debt_ratio,security,snapshot;quarter,TRUE,,normal,%,,F10,资产负债率
current_debt_special,security,snapshot;quarter,FALSE,,normal,元,,F10,其他流动负债
current_assets_special,security,snapshot;quarter,FALSE,,normal,元,,F10,其他流动资产
exchange_rate_cash_influence,security,snapshot;quarter_1,TRUE,,normal,元,,F10,汇率变动对现金及现金等价物的影响
research_and_development_expenses_ratio,security,snapshot;quarter_1,TRUE,,normal,%,,F10,研发费用率
total_assets_turnover_ratio,security,quarter;snapshot,FALSE,,normal,,,F10,总资产周转率
total_assets_turnover_ratio,security,snapshot;quarter,FALSE,,normal,,,F10,总资产周转率
holder_equity_total,security,snapshot;quarter,TRUE,,normal,元,,F10,股东权益合计
gross_profit,security,snapshot;quarter,TRUE,,normal,元,,F10,毛利润
cash_and_cash_equivalents,security,snapshot;quarter,TRUE,,normal,元,,F10,现金及现金等价物
net_debt,security,snapshot;quarter_1,TRUE,,normal,,,F10,净负债
operating_income,security,snapshot;quarter,TRUE,,normal,元,,F10,营业收入
net_profit,security,snapshot;quarter,TRUE,,normal,元,,F10,净利润
operating_income_total,security,snapshot;quarter,TRUE,,normal,元,,F10,营业总收入
inr-high_price-max,security,min_*;day_*;week_*;month_*;year_*,TRUE,time_period;trade_class;period_type,normal,元,区间最大最高价,TIC,区间最大最高价
inr-high_price-max,security,min_*;day_*;week_*;month_*;year_*,TRUE,time_period;trade_class;period_type,normal,元,区间最大最高价,TIC,区间最大最高价
inr-low_price-min,security,min_*;day_*;week_*;month_*;year_*,TRUE,time_period;trade_class;period_type,normal,元,区间最小最低价,TIC,区间最小最低价
inr-low_price-min,security,min_*;day_*;week_*;month_*;year_*,TRUE,time_period;trade_class;period_type,normal,元,区间最小最低价,TIC,区间最小最低价
block_average_fee_rate,chain_id,day_1,FALSE,time_period,normal,,,AINVEST,比特币链上手续费
low_price_all_time,security,snapshot,TRUE,trade_class,normal,对应货币单位,,TIC,历史最低价
low_price_all_time,security,snapshot,TRUE,trade_class,normal,对应货币单位,,TIC,历史最低价
low_price_all_time,security,snapshot,TRUE,trade_class,normal,对应货币单位,,TIC,历史最低价
low_price_all_time,security,snapshot,TRUE,trade_class,normal,对应货币单位,,TIC,历史最低价
low_price_all_time,security,snapshot,TRUE,trade_class,normal,对应货币单位,,TIC,历史最低价
total_assets_net_ratio_ttm,security,snapshot;quarter_1,TRUE,,normal,%,,AINVEST,资产回报率(TTM)
sale_net_interest_ratio_ttm,security,snapshot;quarter_1,TRUE,,normal,,,AINVEST,净利润率(TTM)
sale_gross_margin_ttm,security,snapshot;quarter_1,TRUE,,normal,%,,AINVEST,毛利率(TTM)
profit_before_tax_margin_ttm,security,snapshot;quarter_1,TRUE,,normal,%,,AINVEST,税前利润率(TTM)
operating_profit_divide_income_total_ttm,security,snapshot;quarter_1,TRUE,,normal,%,,AINVEST,营业利润率(TTM)
market_sell_administrative_expenses_ratio_ttm,security,snapshot;quarter_1,TRUE,,normal,%,,AINVEST,投资活动现金流(TTM)
free_cash_flow_margin_ttm,security,snapshot;quarter_1,TRUE,,normal,%,,AINVEST,FreecashflowMarginTTM
ev_ebit_ratio_ttm,security,snapshot;day_1,TRUE,,normal,倍,,TIC,EV息税前利润比(TTM)
capital_invested_return_ratio_ttm,security,snapshot;quarter_1,TRUE,,normal,%,,AINVEST,ROIC(TTM)
price_change_24h,security,snapshot,TRUE,,normal,,,TIC,日内涨跌额（价格）
high_price_24h,security,snapshot,TRUE,,normal,,,TIC,24H最高价
low_price_24h,security,snapshot,TRUE,,normal,,,TIC,24H最低价
open_price_24h,security,snapshot,TRUE,,normal,,,TIC,24H开盘价
price_change_ratio_pct_24h,security,snapshot,TRUE,,normal,%,,TIC,日内涨跌幅（价格）
turnover_24h,security,snapshot,TRUE,,normal,,,TIC,24H成交额
volume_24h,security,snapshot,TRUE,,normal,,,TIC,24H成交量
parent_holder_net_profit_cagr,security,snapshot;quarter,FALSE,,normal,,,AINVEST,归属母公司股东的净利润复合增长率（5年）
net_profit_cagr,security,snapshot;quarter,FALSE,,normal,,,AINVEST,净利润复合增长率（5年）
interest_expenses_v2,security,snapshot,FALSE,,normal,元,,AINVEST,利息支出
common_profit_total_v2,security,snapshot;quarter_1,FALSE,,normal,元,,AINVEST,综合收益总额(新体系)
purchase_affiliated_company,security,snapshot,FALSE,,normal,元,,AINVEST,购买附属公司(新体系)
loan_impairment_loss_v2,security,snapshot;quarter_1,FALSE,,normal,元,,AINVEST,贷款减值损失(新体系)
operating_income_v2,security,snapshot;quarter_1,FALSE,,normal,元,,AINVEST,营业收入(新体系)
impairment_loss_v2,security,snapshot;quarter_1,FALSE,,normal,元,,AINVEST,其他资产减值损失(新体系)
market_sell_expenses,security,snapshot;quarter_1,FALSE,,normal,元,,AINVEST,销售及营销费用(新体系)
leading_funds_v2,security,snapshot;quarter_1,FALSE,,normal,元,,AINVEST,拆出资金(新体系)
deferred_policy_costs_v2,security,snapshot;quarter_1,FALSE,,normal,元,,AINVEST,递延保单成本(新体系)
interest_income_v2,security,snapshot;quarter_1,FALSE,,normal,元,,AINVEST,利息收入(新体系)
invest_property_v2,security,snapshot;quarter_1,FALSE,,normal,元,,AINVEST,投资物业(新体系)
equity_investments_v2,security,snapshot;quarter_1,FALSE,,normal,元,,AINVEST,权益性投资(新体系)
assets_loss_v2,security,snapshot;quarter_1,FALSE,,normal,元,,AINVEST,资产处置损失(新体系)
interest_net_expenses_v2,security,snapshot;quarter_1,FALSE,,normal,元,,AINVEST,利息净支出(新体系)
other_nets_v2,security,snapshot;quarter_1,FALSE,,normal,元,,AINVEST,其他资产(新体系)
deposit_total_v2,security,snapshot;quarter_1,FALSE,,normal,元,,AINVEST,存款总额(新体系)
accrued_invest_income_v2,security,snapshot;quarter_1,FALSE,,normal,元,,AINVEST,应计投资收益(新体系)
insurance_contract_net_assets_change_v2,security,snapshot;quarter_1,FALSE,,normal,元,,AINVEST,保险合同净资产(增)减(新体系)
interest_income_expense_v2,security,snapshot;quarter_1,FALSE,,normal,元,,AINVEST,利息收支(新体系)
debt_other_comprehensive_income_v2,security,snapshot;quarter_1,FALSE,,normal,元,,AINVEST,其他综合收益-资产负债表(新体系)
long_term_loan_current_v2,security,snapshot;quarter_1,FALSE,,normal,元,,AINVEST,长期借款的流动部分(新体系)
current_depreciation_amortization_v2,security,snapshot;quarter_1,FALSE,,normal,元,,AINVEST,折旧与摊销(新体系)
loan_total_v2,security,snapshot;quarter_1,FALSE,,normal,元,,AINVEST,贷款总额(新体系)
fundMaxStCapitalGainsRate,security,snapshot,TRUE,,normal,,,AINVEST,最高短期资本利得税
fundMaxLtCapitalGainsRate,security,snapshot,TRUE,,normal,,,AINVEST,最高长期资本利得税
opt_value_l3_next_earnings_days,security,snapshot;day_1,FALSE,,normal,,,AINVEST,距财报天数(L3)
opt_value_l3_vol_regime_warning,security,snapshot;day_1,FALSE,,normal,,,AINVEST,波动率体制警告
opt_value_l3_vol_regime,security,snapshot;day_1,FALSE,,normal,,,AINVEST,波动率体制
opt_value_summary,security,snapshot;day_1,FALSE,,normal,,,AINVEST,价值柱摘要
opt_value_l3_days_at_or_below,security,snapshot;day_1,FALSE,,normal,,,AINVEST,低于当前IV天数
opt_value_l3_iv_rank_30d,security,snapshot;day_1,FALSE,,normal,%,,AINVEST,30天IV排名
opt_value_l3_iv_30d_range,security,snapshot;day_1,FALSE,,normal,,,AINVEST,IV 30天范围
opt_value_l3_iv_percentile_30d,security,snapshot;day_1,FALSE,,normal,%,,AINVEST,30天IV百分位
opt_value_l3_iv_52w_range,security,snapshot;day_1,FALSE,,normal,,,AINVEST,IV 52周范围
opt_value_l3_iv_crush_risk,security,snapshot;day_1,FALSE,,normal,,,AINVEST,IV崩溃风险
opt_value_l2_term_structure,security,snapshot;day_1,FALSE,,normal,,,AINVEST,期限结构数据
opt_value_l2_iv_vs_hv,security,snapshot;day_1,FALSE,,normal,,,AINVEST,IV vs HV对比
opt_value_l2_skew,security,snapshot;day_1,FALSE,,normal,,,AINVEST,波动率偏度曲线
opt_value_l3_iv_history,security,snapshot;day_1,FALSE,,normal,,,AINVEST,IV历史序列
opt_value_l1_iv_rank_weight,security,snapshot;day_1,FALSE,,normal,,,AINVEST,价值IV Rank权重
opt_value_l1_iv_hv_ratio_weight,security,snapshot;day_1,FALSE,,normal,,,AINVEST,价值IV/HV Ratio权重
opt_value_l1_iv_hv_ratio_score,security,snapshot;day_1,FALSE,,normal,,,AINVEST,价值IV/HV Ratio子评分
opt_value_l1_iv_percentile_weight,security,snapshot;day_1,FALSE,,normal,,,AINVEST,价值IV Percentile权重
opt_value_l1_iv_rank_interpretation,security,snapshot;day_1,FALSE,,normal,,,AINVEST,价值IV Rank解读
opt_value_l1_hybrid_breakdown,security,snapshot;day_1,FALSE,,normal,,,AINVEST,混合评分分解
opt_value_l1_iv_rank_score,security,snapshot;day_1,FALSE,,normal,,,AINVEST,价值IV Rank子评分
opt_value_l1_iv_percentile_score,security,snapshot;day_1,FALSE,,normal,,,AINVEST,价值IV Percentile子评分
opt_value_l1_iv_hv_ratio_interpretation,security,snapshot;day_1,FALSE,,normal,,,AINVEST,价值IV/HV Ratio解读
opt_value_l1_iv_rank_source,security,snapshot;day_1,FALSE,,normal,,,AINVEST,价值IV Rank数据源
opt_value_l1_iv_percentile_interpretation,security,snapshot;day_1,FALSE,,normal,,,AINVEST,价值IV Percentile解读
opt_value_detail,security,snapshot;day_1,FALSE,,normal,,,AINVEST,价值柱详情
opt_value_chk_total_count,security,snapshot;day_1,FALSE,,normal,,,AINVEST,价值检查总数
opt_value_chk_pass_count,security,snapshot;day_1,FALSE,,normal,,,AINVEST,价值检查通过数
opt_value_chk_vega_efficiency,security,snapshot;day_1,FALSE,,normal,,,AINVEST,Vega效率检查
opt_value_chk_execution_efficiency,security,snapshot;day_1,FALSE,,normal,,,AINVEST,执行效率检查
opt_value_chk_term_structure,security,snapshot;day_1,FALSE,,normal,,,AINVEST,期限结构检查
opt_value_chk_sector_relative,security,snapshot;day_1,FALSE,,normal,,,AINVEST,行业相对检查
opt_value_chk_skew_normal,security,snapshot;day_1,FALSE,,normal,,,AINVEST,偏度正常检查
opt_value_chk_absolute_iv,security,snapshot;day_1,FALSE,,normal,,,AINVEST,绝对IV检查
opt_value_chk_iv_rank,security,snapshot;day_1,FALSE,,normal,,,AINVEST,IV Rank检查
opt_value_chk_iv_hv_ratio,security,snapshot;day_1,FALSE,,normal,,,AINVEST,IV/HV比率检查
opt_value_chk_spread_adjusted,security,snapshot;day_1,FALSE,,normal,,,AINVEST,价差调整检查
opt_timing_summary,security,snapshot;day_1,FALSE,,normal,,,AINVEST,时机柱摘要
opt_timing_l3_avoid_entry_reason,security,snapshot;day_1,FALSE,,normal,,,AINVEST,避免入场原因
opt_timing_l3_best_entry_window,security,snapshot;day_1,FALSE,,normal,,,AINVEST,最佳入场窗口
opt_timing_l3_iv_crush_expected,security,snapshot;day_1,FALSE,,normal,%,,AINVEST,预期IV崩溃幅度
opt_timing_l2_theta_by_dte,security,snapshot;day_1,FALSE,,normal,,,AINVEST,Theta按到期
opt_timing_l3_optimal_entries,security,snapshot;day_1,FALSE,,normal,,,AINVEST,最优入场点
opt_timing_l2_max_pain,security,snapshot;day_1,FALSE,,normal,,,AINVEST,最大痛点
opt_timing_l3_earnings_avg_surprise,security,snapshot;day_1,FALSE,,normal,%,,AINVEST,财报平均超预期幅度
opt_timing_l2_gamma_by_dte,security,snapshot;day_1,FALSE,,normal,,,AINVEST,Gamma按到期
opt_timing_l2_term_structure,security,snapshot;day_1,FALSE,,normal,,,AINVEST,期限结构详情
opt_timing_l2_events,security,snapshot;day_1,FALSE,,normal,,,AINVEST,事件列表
opt_timing_l1_wall_proximity_pct,security,snapshot;day_1,FALSE,,normal,%,,AINVEST,OI墙距离
opt_timing_l1_term_structure_interpretation,security,snapshot;day_1,FALSE,,normal,,,AINVEST,期限结构解读
opt_timing_l1_days_to_earnings_interpretation,security,snapshot;day_1,FALSE,,normal,,,AINVEST,据财报发布天数解读
opt_timing_l1_days_to_earnings_score,security,snapshot;day_1,FALSE,,normal,,,AINVEST,时机距财报子评分
opt_timing_l1_timing_seller,security,snapshot;day_1,FALSE,,normal,,,AINVEST,卖方时机评分
opt_timing_l1_event_risk,security,snapshot;day_1,FALSE,,normal,,,AINVEST,事件风险评分
opt_timing_l1_term_structure,security,snapshot;day_1,FALSE,,normal,,,AINVEST,期限结构
opt_timing_l1_term_structure_score,security,snapshot;day_1,FALSE,,normal,,,AINVEST,时机期限结构子评分
opt_timing_l1_timing_buyer,security,snapshot;day_1,FALSE,,normal,,,AINVEST,买方时机评分
opt_timing_l1_theta_decay_score,security,snapshot;day_1,FALSE,,normal,,,AINVEST,时机Theta衰减子评分
opt_timing_l1_timing_interpretation,security,snapshot;day_1,FALSE,,normal,,,AINVEST,时机解读
opt_timing_l1_event_risk_score,security,snapshot;day_1,FALSE,,normal,,,AINVEST,时机事件风险子评分
opt_timing_l1_event_risk_interpretation,security,snapshot;day_1,FALSE,,normal,,,AINVEST,时机事件风险解读
opt_timing_chk_pass_count,security,snapshot;day_1,FALSE,,normal,,,AINVEST,时机检查通过数
opt_timing_chk_total_count,security,snapshot;day_1,FALSE,,normal,,,AINVEST,时机检查总数
opt_timing_chk_event_risk,security,snapshot;day_1,FALSE,,normal,,,AINVEST,事件风险安全检查
opt_timing_chk_term_structure_clarity,security,snapshot;day_1,FALSE,,normal,,,AINVEST,期限结构清晰检查
opt_timing_chk_expiration_distribution,security,snapshot;day_1,FALSE,,normal,,,AINVEST,到期分布检查
opt_timing_chk_iv_percentile_clarity,security,snapshot;day_1,FALSE,,normal,,,AINVEST,IV百分位清晰检查
opt_timing_chk_smart_money_timing,security,snapshot;day_1,FALSE,,normal,,,AINVEST,聪明资金时机检查
opt_timing_chk_theta_vega_clarity,security,snapshot;day_1,FALSE,,normal,,,AINVEST,Theta/Vega清晰检查
opt_timing_chk_flow_momentum,security,snapshot;day_1,FALSE,,normal,,,AINVEST,流向动量检查
opt_timing_chk_spread_momentum,security,snapshot;day_1,FALSE,,normal,,,AINVEST,价差动量检查
opt_timing_classification,security,snapshot;day_1,FALSE,,normal,,,AINVEST,时机柱分类
opt_timing_detail,security,snapshot;day_1,FALSE,,normal,,,AINVEST,时机柱详情
opt_sentiment_l3_pcr_percentile,security,snapshot;day_1,FALSE,,normal,,,AINVEST,PCR百分位
opt_sentiment_l3_flow_quality,security,snapshot;day_1,FALSE,,normal,,,AINVEST,流向质量
opt_sentiment_l2_wall_signal,security,snapshot;day_1,FALSE,,normal,,,AINVEST,OI墙定位信号
opt_strategy_suggested_contracts,security,snapshot;day_1,FALSE,,normal,,,AINVEST,建议合约
opt_strategies_to_explore,security,snapshot;day_1,FALSE,,normal,,,AINVEST,推荐策略列表
opt_timing_chk_event_detection,security,snapshot;day_1,FALSE,,normal,,,AINVEST,事件检测检查
opt_sentiment_status_root,security,snapshot;day_1,FALSE,,normal,,,AINVEST,情绪柱状态（根级别）
opt_sentiment_signal_clarity,security,snapshot;day_1,FALSE,,normal,,,AINVEST,信号清晰度
opt_sentiment_opra_flow,security,snapshot;day_1,FALSE,,normal,,,AINVEST,OPRA流向数据
opt_sentiment_summary,security,snapshot;day_1,FALSE,,normal,,,AINVEST,情绪柱摘要
opt_sentiment_l2_put_wall,security,snapshot;day_1,FALSE,,normal,,,AINVEST,OI墙-看跌墙子键
opt_sentiment_l2_moneyness_oi,security,snapshot;day_1,FALSE,,normal,,,AINVEST,按价值状态情绪-持仓子键
opt_sentiment_l2_call_wall,security,snapshot;day_1,FALSE,,normal,,,AINVEST,OI墙-看涨墙子键
opt_sentiment_l2_moneyness_volume,security,snapshot;day_1,FALSE,,normal,,,AINVEST,按价值状态情绪-成交量子键
opt_sentiment_l2_oi_walls,security,snapshot;day_1,FALSE,,normal,,,AINVEST,OI墙
opt_sentiment_l2_moneyness_insight,security,snapshot;day_1,FALSE,,normal,,,AINVEST,价值状态情绪洞察
opt_sentiment_l2_trade_flow,security,snapshot;day_1,FALSE,,normal,,,AINVEST,交易流向
opt_sentiment_l2_strike_concentration,security,snapshot;day_1,FALSE,,normal,,,AINVEST,行权价集中度
opt_sentiment_l1_volume_skew_interpretation,security,snapshot;day_1,FALSE,,normal,,,AINVEST,成交量偏度解读
opt_sentiment_l2_by_dte,security,snapshot;day_1,FALSE,,normal,,,AINVEST,按到期情绪
opt_sentiment_l2_by_moneyness,security,snapshot;day_1,FALSE,,normal,,,AINVEST,按价值状态情绪
opt_sentiment_l1_volume_skew_score,security,snapshot;day_1,FALSE,,normal,,,AINVEST,情绪成交量偏度子评分
opt_sentiment_l1_volume_pcr_interpretation,security,snapshot;day_1,FALSE,,normal,,,AINVEST,情绪PCR解读
opt_sentiment_l1_volume_pcr_weight,security,snapshot;day_1,FALSE,,normal,,,AINVEST,情绪PCR权重
opt_sentiment_l1_volume_skew,security,snapshot;day_1,FALSE,,normal,,,AINVEST,成交量偏度
opt_sentiment_l1_volume_pcr_score,security,snapshot;day_1,FALSE,,normal,,,AINVEST,情绪PCR子评分
opt_sentiment_l1_oi_skew_interpretation,security,snapshot;day_1,FALSE,,normal,,,AINVEST,持仓量偏度解读
opt_sentiment_l1_smart_money_interpretation,security,snapshot;day_1,FALSE,,normal,,,AINVEST,聪明钱解读
opt_sentiment_chk_total_count,security,snapshot;day_1,FALSE,,normal,,,AINVEST,情绪检查总数
opt_sentiment_chk_volume_oi_alignment,security,snapshot;day_1,FALSE,,normal,,,AINVEST,成交量OI一致检查
opt_sentiment_chk_smart_money_flow,security,snapshot;day_1,FALSE,,normal,,,AINVEST,聪明资金流检查
opt_sentiment_l1_oi_skew_score,security,snapshot;day_1,FALSE,,normal,,,AINVEST,情绪OI偏度子评分
opt_sentiment_l1_smart_money_score,security,snapshot;day_1,FALSE,,normal,,,AINVEST,情绪聪明资金子评分
opt_sentiment_directional_score,security,snapshot;day_1,FALSE,,normal,,,AINVEST,方向性评分
opt_sentiment_has_opra_flow,security,snapshot;day_1,FALSE,,normal,,,AINVEST,是否有OPRA流向
opt_sentiment_l1_smart_money,security,snapshot;day_1,FALSE,,normal,,,AINVEST,聪明资金指标
opt_sentiment_l1_oi_skew,security,snapshot;day_1,FALSE,,normal,,,AINVEST,持仓量偏度
opt_sentiment_detail,security,snapshot;day_1,FALSE,,normal,,,AINVEST,情绪柱详情
opt_liquidity_l2_oi_distribution,security,snapshot;day_1,FALSE,,normal,,,AINVEST,持仓分布
opt_liquidity_l3_slippage_estimates,security,snapshot;day_1,FALSE,,normal,,,AINVEST,滑点估算
opt_liquidity_l2_spreads_by_dte,security,snapshot;day_1,FALSE,,normal,,,AINVEST,按到期价差
opt_liquidity_l2_execution_quality,security,snapshot;day_1,FALSE,,normal,,,AINVEST,执行质量分析
opt_liquidity_l2_spreads_by_delta,security,snapshot;day_1,FALSE,,normal,,,AINVEST,按Delta价差
opt_sentiment_chk_pass_count,security,snapshot;day_1,FALSE,,normal,,,AINVEST,情绪检查通过数
opt_sentiment_chk_direction,security,snapshot;day_1,FALSE,,normal,,,AINVEST,情绪检查方向
opt_sentiment_chk_sector_relative,security,snapshot;day_1,FALSE,,normal,,,AINVEST,行业相对情绪检查
opt_sentiment_chk_flow_direction,security,snapshot;day_1,FALSE,,normal,,,AINVEST,流向清晰度检查
opt_sentiment_chk_oi_momentum,security,snapshot;day_1,FALSE,,normal,,,AINVEST,OI动量检查
opt_sentiment_chk_conviction_quality,security,snapshot;day_1,FALSE,,normal,,,AINVEST,信念质量检查
opt_sentiment_chk_oi_skew_magnitude,security,snapshot;day_1,FALSE,,normal,,,AINVEST,OI偏度显著检查
opt_liquidity_status,security,snapshot;day_1,FALSE,,normal,,,AINVEST,流动性柱状态
opt_liquidity_summary,security,snapshot;day_1,FALSE,,normal,,,AINVEST,流动性柱摘要
opt_liquidity_l1_total_oi_interpretation,security,snapshot;day_1,FALSE,,normal,,,AINVEST,总持仓量解读
opt_liquidity_l1_daily_volume_interpretation,security,snapshot;day_1,FALSE,,normal,,,AINVEST,日成交量解读
opt_liquidity_l2_depth_analysis,security,snapshot;day_1,FALSE,,normal,,,AINVEST,深度分析
opt_liquidity_chk_total_count,security,snapshot;day_1,FALSE,,normal,,,AINVEST,流动性检查总数
opt_liquidity_chk_sector_relative,security,snapshot;day_1,FALSE,,normal,,,AINVEST,行业相对流动检查
opt_liquidity_chk_tradeable_spread,security,snapshot;day_1,FALSE,,normal,,,AINVEST,可交易价差检查
opt_liquidity_chk_strike_coverage,security,snapshot;day_1,FALSE,,normal,,,AINVEST,行权价覆盖检查
opt_liquidity_l1_total_oi_score,security,snapshot;day_1,FALSE,,normal,,,AINVEST,流动性总持仓量子评分
opt_liquidity_l1_atm_spread_score,security,snapshot;day_1,FALSE,,normal,,,AINVEST,流动性ATM价差子评分
opt_liquidity_detail,security,snapshot;day_1,FALSE,,normal,,,AINVEST,流动性柱详情
opt_liquidity_l1_daily_volume_score,security,snapshot;day_1,FALSE,,normal,,,AINVEST,流动性日成交量子评分
opt_activity_l3_volume_percentile,security,snapshot;day_1,FALSE,,normal,,,AINVEST,成交量百分位
opt_activity_l3_unusual_flags,security,snapshot;day_1,FALSE,,normal,,,AINVEST,异常标记
opt_activity_l3_unusual_trades,security,snapshot;day_1,FALSE,,normal,,,AINVEST,异常交易列表
opt_insights_warnings,security,snapshot;day_1,FALSE,,normal,,,AINVEST,风险警告
opt_liquidity_chk_pass_count,security,snapshot;day_1,FALSE,,normal,,,AINVEST,流动性检查通过数
opt_insights_opportunities,security,snapshot;day_1,FALSE,,normal,,,AINVEST,机会提示
opt_insights_key_signals,security,snapshot;day_1,FALSE,,normal,,,AINVEST,关键信号
opt_liquidity_chk_adequate_oi,security,snapshot;day_1,FALSE,,normal,,,AINVEST,持仓充足检查
opt_liquidity_chk_execution_quality,security,snapshot;day_1,FALSE,,normal,,,AINVEST,执行质量检查
opt_liquidity_chk_reasonable_cost,security,snapshot;day_1,FALSE,,normal,,,AINVEST,合理成本检查
opt_liquidity_chk_order_book_depth,security,snapshot;day_1,FALSE,,normal,,,AINVEST,订单簿深度检查
opt_liquidity_chk_active_volume,security,snapshot;day_1,FALSE,,normal,,,AINVEST,活跃成交检查
opt_activity_summary,security,snapshot;day_1,FALSE,,normal,,,AINVEST,活跃度柱摘要
opt_activity_l2_trade_analysis,security,snapshot;day_1,FALSE,,normal,,,AINVEST,交易分析
opt_activity_l2_volume_by_dte,security,snapshot;day_1,FALSE,,normal,,,AINVEST,按到期成交量
opt_activity_l2_volume_by_type,security,snapshot;day_1,FALSE,,normal,,,AINVEST,按类型成交量
opt_activity_l3_classification,security,snapshot;day_1,FALSE,,normal,,,AINVEST,活跃度分类
opt_activity_l2_volume_by_moneyness,security,snapshot;day_1,FALSE,,normal,,,AINVEST,按价值状态成交量
opt_activity_l2_oi_changes,security,snapshot;day_1,FALSE,,normal,,,AINVEST,持仓变化
opt_activity_l1_volume_surge_score,security,snapshot;day_1,FALSE,,normal,,,AINVEST,活跃度成交量激增子评分
opt_activity_l1_volume_to_oi,security,snapshot;day_1,FALSE,,normal,,,AINVEST,成交量/持仓比
opt_activity_l1_volume_to_oi_score,security,snapshot;day_1,FALSE,,normal,,,AINVEST,活跃度成交量/持仓子评分
opt_activity_l1_oi_change_nd_score,security,snapshot;day_1,FALSE,,normal,,,AINVEST,活跃度OI变化子评分
opt_activity_chk_total_count,security,snapshot;day_1,FALSE,,normal,,,AINVEST,活跃度检查总数
opt_activity_chk_pass_count,security,snapshot;day_1,FALSE,,normal,,,AINVEST,活跃度检查通过数
opt_activity_chk_sector_relative,security,snapshot;day_1,FALSE,,normal,,,AINVEST,行业相对活跃检查
opt_activity_chk_strike_concentration,security,snapshot;day_1,FALSE,,normal,,,AINVEST,行权价集中检查
opt_activity_chk_multi_day_persistence,security,snapshot;day_1,FALSE,,normal,,,AINVEST,多日持续检查
opt_activity_chk_trade_quality,security,snapshot;day_1,FALSE,,normal,,,AINVEST,交易质量检查
opt_activity_chk_volume_surge,security,snapshot;day_1,FALSE,,normal,,,AINVEST,成交量激增检查
opt_activity_chk_turnover_rate,security,snapshot;day_1,FALSE,,normal,,,AINVEST,换手率检查
opt_activity_chk_oi_build,security,snapshot;day_1,FALSE,,normal,,,AINVEST,OI增长检查
opt_activity_l1_oi_change_nd,security,snapshot;day_1,FALSE,,normal,,,AINVEST,区间持仓变化率
opt_activity_flow_quality_score,security,snapshot;day_1,FALSE,,normal,,,AINVEST,流向质量评分(柱级)
opt_activity_days_elevated,security,snapshot;day_1,FALSE,,normal,,,AINVEST,连续放量天数
opt_activity_detail,security,snapshot;day_1,FALSE,,normal,,,AINVEST,活跃度柱详情
opt_activity_chk_flow_conviction,security,snapshot;day_1,FALSE,,normal,,,AINVEST,流向信念检查
opt_activity_chk_execution_urgency,security,snapshot;day_1,FALSE,,normal,,,AINVEST,执行紧迫检查
4294967262,security,day_1;week_1;month_1,TRUE,time_period;trade_class;tech_param,normal,,,AINVEST,伍迪枢轴点
4294967262,security,day_1;week_1;month_1,TRUE,time_period;trade_class;tech_param,normal,,,AINVEST,伍迪枢轴点
4294967262,security,day_1;week_1;month_1,TRUE,time_period;trade_class;tech_param,normal,,,AINVEST,伍迪枢轴点
4294967265,security,day_1;week_1;month_1,TRUE,time_period;trade_class;tech_param,normal,,,AINVEST,经典枢轴点
4294967265,security,day_1;week_1;month_1,TRUE,time_period;trade_class;tech_param,normal,,,AINVEST,经典枢轴点
4294967265,security,day_1;week_1;month_1,TRUE,time_period;trade_class;tech_param,normal,,,AINVEST,经典枢轴点
4294967292,security,day_1;week_1;month_1,TRUE,time_period;trade_class;tech_param,normal,,,AINVEST,成交量加权平均价
4294967292,security,day_1;week_1;month_1,TRUE,time_period;trade_class;tech_param,normal,,,AINVEST,成交量加权平均价
4294967292,security,day_1;week_1;month_1,TRUE,time_period;trade_class;tech_param,normal,,,AINVEST,成交量加权平均价
4294967264,security,day_1;week_1;month_1,TRUE,time_period;trade_class;tech_param,normal,,,AINVEST,德马克枢轴点
4294967264,security,day_1;week_1;month_1,TRUE,time_period;trade_class;tech_param,normal,,,AINVEST,德马克枢轴点
4294967264,security,day_1;week_1;month_1,TRUE,time_period;trade_class;tech_param,normal,,,AINVEST,德马克枢轴点
4294967266,security,day_1;week_1;month_1,TRUE,time_period;trade_class;tech_param,normal,,,AINVEST,卡玛利拉枢轴点
4294967266,security,day_1;week_1;month_1,TRUE,time_period;trade_class;tech_param,normal,,,AINVEST,卡玛利拉枢轴点
4294967266,security,day_1;week_1;month_1,TRUE,time_period;trade_class;tech_param,normal,,,AINVEST,卡玛利拉枢轴点
4294967263,security,day_1;week_1;month_1,TRUE,time_period;trade_class;tech_param,normal,,,AINVEST,斐波那契枢轴点
4294967263,security,day_1;week_1;month_1,TRUE,time_period;trade_class;tech_param,normal,,,AINVEST,斐波那契枢轴点
4294967263,security,day_1;week_1;month_1,TRUE,time_period;trade_class;tech_param,normal,,,AINVEST,斐波那契枢轴点
4294967290,security,day_1;week_1;month_1,TRUE,time_period;trade_class;tech_param,normal,,,AINVEST,随机指标
4294967290,security,day_1;week_1;month_1,TRUE,time_period;trade_class;tech_param,normal,,,AINVEST,随机指标
4294967290,security,day_1;week_1;month_1,TRUE,time_period;trade_class;tech_param,normal,,,AINVEST,随机指标
4294967267,security,day_1;week_1;month_1,TRUE,time_period;trade_class;tech_param,normal,,,AINVEST,成交量加权移动平均线
4294967267,security,day_1;week_1;month_1,TRUE,time_period;trade_class;tech_param,normal,,,AINVEST,成交量加权移动平均线
4294967267,security,day_1;week_1;month_1,TRUE,time_period;trade_class;tech_param,normal,,,AINVEST,成交量加权移动平均线
4294967271,security,day_1;week_1;month_1,TRUE,time_period;trade_class;tech_param,normal,,,AINVEST,资金流量指数
4294967271,security,day_1;week_1;month_1,TRUE,time_period;trade_class;tech_param,normal,,,AINVEST,资金流量指数
4294967271,security,day_1;week_1;month_1,TRUE,time_period;trade_class;tech_param,normal,,,AINVEST,资金流量指数
4294967270,security,day_1;week_1;month_1,TRUE,time_period;trade_class;tech_param,normal,,,AINVEST,抛物线转向指标
4294967270,security,day_1;week_1;month_1,TRUE,time_period;trade_class;tech_param,normal,,,AINVEST,抛物线转向指标
4294967270,security,day_1;week_1;month_1,TRUE,time_period;trade_class;tech_param,normal,,,AINVEST,抛物线转向指标
265372,security,day_1;week_1;month_1,TRUE,time_period;trade_class;tech_param,normal,,,AINVEST,简单移动平均线
265372,security,day_1;week_1;month_1,TRUE,time_period;trade_class;tech_param,normal,,,AINVEST,简单移动平均线
265372,security,day_1;week_1;month_1,TRUE,time_period;trade_class;tech_param,normal,,,AINVEST,简单移动平均线
4294967293,security,day_1;week_1;month_1,TRUE,time_period;trade_class;tech_param,normal,,,AINVEST,平均真实波幅
4294967293,security,day_1;week_1;month_1,TRUE,time_period;trade_class;tech_param,normal,,,AINVEST,平均真实波幅
4294967293,security,day_1;week_1;month_1,TRUE,time_period;trade_class;tech_param,normal,,,AINVEST,平均真实波幅
265381,security,day_1;week_1;month_1,TRUE,time_period;trade_class;tech_param,normal,,,AINVEST,指数移动平均线
265381,security,day_1;week_1;month_1,TRUE,time_period;trade_class;tech_param,normal,,,AINVEST,指数移动平均线
265381,security,day_1;week_1;month_1,TRUE,time_period;trade_class;tech_param,normal,,,AINVEST,指数移动平均线
4294967268,security,day_1;week_1;month_1,TRUE,time_period;trade_class;tech_param,normal,,,AINVEST,相对强弱指数
4294967268,security,day_1;week_1;month_1,TRUE,time_period;trade_class;tech_param,normal,,,AINVEST,相对强弱指数
4294967268,security,day_1;week_1;month_1,TRUE,time_period;trade_class;tech_param,normal,,,AINVEST,相对强弱指数
4294967275,security,day_1;week_1;month_1,TRUE,time_period;trade_class;tech_param,normal,,,AINVEST,商品通道指数
4294967275,security,day_1;week_1;month_1,TRUE,time_period;trade_class;tech_param,normal,,,AINVEST,商品通道指数
4294967275,security,day_1;week_1;month_1,TRUE,time_period;trade_class;tech_param,normal,,,AINVEST,商品通道指数
4294967269,security,day_1;week_1;month_1,TRUE,time_period;trade_class;tech_param,normal,,,AINVEST,变动率指标
4294967269,security,day_1;week_1;month_1,TRUE,time_period;trade_class;tech_param,normal,,,AINVEST,变动率指标
4294967269,security,day_1;week_1;month_1,TRUE,time_period;trade_class;tech_param,normal,,,AINVEST,变动率指标
4294967278,security,day_1;week_1;month_1,TRUE,time_period;trade_class;tech_param,normal,,,AINVEST,平均真实波幅百分比
4294967278,security,day_1;week_1;month_1,TRUE,time_period;trade_class;tech_param,normal,,,AINVEST,平均真实波幅百分比
4294967278,security,day_1;week_1;month_1,TRUE,time_period;trade_class;tech_param,normal,,,AINVEST,平均真实波幅百分比
4294967277,security,day_1;week_1;month_1,TRUE,time_period;trade_class;tech_param,normal,,,AINVEST,多空力量指标
4294967277,security,day_1;week_1;month_1,TRUE,time_period;trade_class;tech_param,normal,,,AINVEST,多空力量指标
4294967277,security,day_1;week_1;month_1,TRUE,time_period;trade_class;tech_param,normal,,,AINVEST,多空力量指标
4294967273,security,day_1;week_1;month_1,TRUE,time_period;trade_class;tech_param,normal,,,AINVEST,凯尔特纳通道
4294967273,security,day_1;week_1;month_1,TRUE,time_period;trade_class;tech_param,normal,,,AINVEST,凯尔特纳通道
4294967273,security,day_1;week_1;month_1,TRUE,time_period;trade_class;tech_param,normal,,,AINVEST,凯尔特纳通道
4294967274,security,day_1;week_1;month_1,TRUE,time_period;trade_class;tech_param,normal,,,AINVEST,趋向指标
4294967274,security,day_1;week_1;month_1,TRUE,time_period;trade_class;tech_param,normal,,,AINVEST,趋向指标
4294967274,security,day_1;week_1;month_1,TRUE,time_period;trade_class;tech_param,normal,,,AINVEST,趋向指标
4294967276,security,day_1;week_1;month_1,TRUE,time_period;trade_class;tech_param,normal,,,AINVEST,蔡金资金流量指标
4294967276,security,day_1;week_1;month_1,TRUE,time_period;trade_class;tech_param,normal,,,AINVEST,蔡金资金流量指标
4294967276,security,day_1;week_1;month_1,TRUE,time_period;trade_class;tech_param,normal,,,AINVEST,蔡金资金流量指标
265380,security,day_1;week_1;month_1,TRUE,time_period;trade_class;tech_param,normal,,,AINVEST,唐奇安通道
265380,security,day_1;week_1;month_1,TRUE,time_period;trade_class;tech_param,normal,,,AINVEST,唐奇安通道
265380,security,day_1;week_1;month_1,TRUE,time_period;trade_class;tech_param,normal,,,AINVEST,唐奇安通道
4294967283,security,day_1;week_1;month_1,TRUE,time_period;trade_class;tech_param,normal,,,AINVEST,随机相对强弱指数
4294967283,security,day_1;week_1;month_1,TRUE,time_period;trade_class;tech_param,normal,,,AINVEST,随机相对强弱指数
4294967283,security,day_1;week_1;month_1,TRUE,time_period;trade_class;tech_param,normal,,,AINVEST,随机相对强弱指数
68321,security,day_1;week_1;month_1,TRUE,time_period;trade_class;tech_param,normal,,,AINVEST,威廉百分比范围
68321,security,day_1;week_1;month_1,TRUE,time_period;trade_class;tech_param,normal,,,AINVEST,威廉百分比范围
68321,security,day_1;week_1;month_1,TRUE,time_period;trade_class;tech_param,normal,,,AINVEST,威廉百分比范围
68320,security,day_1;week_1;month_1,TRUE,time_period;trade_class;tech_param,normal,,,AINVEST,布林带
68320,security,day_1;week_1;month_1,TRUE,time_period;trade_class;tech_param,normal,,,AINVEST,布林带
68320,security,day_1;week_1;month_1,TRUE,time_period;trade_class;tech_param,normal,,,AINVEST,布林带
4294967279,security,day_1,TRUE,time_period;trade_class;tech_param,normal,,,AINVEST,平均日间波幅百分比
4294967279,security,day_1,TRUE,time_period;trade_class;tech_param,normal,,,AINVEST,平均日间波幅百分比
4294967279,security,day_1,TRUE,time_period;trade_class;tech_param,normal,,,AINVEST,平均日间波幅百分比
4294967280,security,day_1,TRUE,time_period;trade_class;tech_param,normal,,,AINVEST,平均日间波幅
4294967280,security,day_1,TRUE,time_period;trade_class;tech_param,normal,,,AINVEST,平均日间波幅
4294967280,security,day_1,TRUE,time_period;trade_class;tech_param,normal,,,AINVEST,平均日间波幅
4294967281,security,day_1;week_1;month_1,TRUE,time_period;trade_class;tech_param,normal,,,AINVEST,阿隆指标
4294967281,security,day_1;week_1;month_1,TRUE,time_period;trade_class;tech_param,normal,,,AINVEST,阿隆指标
4294967281,security,day_1;week_1;month_1,TRUE,time_period;trade_class;tech_param,normal,,,AINVEST,阿隆指标
4294967284,security,day_1;week_1;month_1,TRUE,time_period;trade_class;tech_param,normal,,,AINVEST,终极振荡器
4294967284,security,day_1;week_1;month_1,TRUE,time_period;trade_class;tech_param,normal,,,AINVEST,终极振荡器
4294967284,security,day_1;week_1;month_1,TRUE,time_period;trade_class;tech_param,normal,,,AINVEST,终极振荡器
4294967272,security,day_1;week_1;month_1,TRUE,time_period;trade_class;tech_param,normal,,,AINVEST,动量指标
4294967272,security,day_1;week_1;month_1,TRUE,time_period;trade_class;tech_param,normal,,,AINVEST,动量指标
4294967272,security,day_1;week_1;month_1,TRUE,time_period;trade_class;tech_param,normal,,,AINVEST,动量指标
4294967282,security,day_1;week_1;month_1,TRUE,time_period;trade_class;tech_param,normal,,,AINVEST,一目均衡表
4294967282,security,day_1;week_1;month_1,TRUE,time_period;trade_class;tech_param,normal,,,AINVEST,一目均衡表
4294967282,security,day_1;week_1;month_1,TRUE,time_period;trade_class;tech_param,normal,,,AINVEST,一目均衡表
4294967287,security,day_1;week_1;month_1,TRUE,time_period;trade_class;tech_param,normal,,,AINVEST,船体移动平均线
4294967287,security,day_1;week_1;month_1,TRUE,time_period;trade_class;tech_param,normal,,,AINVEST,船体移动平均线
4294967287,security,day_1;week_1;month_1,TRUE,time_period;trade_class;tech_param,normal,,,AINVEST,船体移动平均线
4294967288,security,day_1;week_1;month_1,TRUE,time_period;trade_class;tech_param,normal,,,AINVEST,动量震荡指标
4294967288,security,day_1;week_1;month_1,TRUE,time_period;trade_class;tech_param,normal,,,AINVEST,动量震荡指标
4294967288,security,day_1;week_1;month_1,TRUE,time_period;trade_class;tech_param,normal,,,AINVEST,动量震荡指标
ext_metric_magic_signal,security,snapshot,FALSE,,normal,,,AINVEST,神奇电波
ext_metric_magic_signal,security,snapshot,FALSE,,normal,,,AINVEST,神奇电波
ext_metric_magic_signal,security,snapshot,FALSE,,normal,,,AINVEST,神奇电波
68317,security,day_1;week_1;month_1,TRUE,time_period;trade_class;tech_param,normal,,,AINVEST,指数平滑移动平均线（MACD）
68317,security,day_1;week_1;month_1,TRUE,time_period;trade_class;tech_param,normal,,,AINVEST,指数平滑移动平均线（MACD）
68317,security,day_1;week_1;month_1,TRUE,time_period;trade_class;tech_param,normal,,,AINVEST,指数平滑移动平均线（MACD）
ext_metric_liquidity_rating,security,snapshot,TRUE,,normal,,,AINVEST,流动性评分
ext_metric_liquidity_rating,security,snapshot,TRUE,,normal,,,AINVEST,流动性评分
ext_metric_liquidity_rating,security,snapshot,TRUE,,normal,,,AINVEST,流动性评分
ext_metric_liquidity_rating,security,snapshot,TRUE,,normal,,,AINVEST,流动性评分
volatility,security,snapshot,TRUE,,normal,,,TIC,波动率 1日
volatility,security,snapshot,TRUE,,normal,,,TIC,波动率 1日
volatility,security,snapshot,TRUE,,normal,,,TIC,波动率 1日
price_gap_ratio_pct,security,day_1,TRUE,time_period;trade_class,normal,%,,TIC,跳空幅度（基于昨日收盘价）
price_gap_ratio_pct,security,day_1,TRUE,time_period;trade_class,normal,%,,TIC,跳空幅度（基于昨日收盘价）
price_gap_ratio_pct,security,day_1,TRUE,time_period;trade_class,normal,%,,TIC,跳空幅度（基于昨日收盘价）
price_gap_ratio_pct,security,day_1,TRUE,time_period;trade_class,normal,%,,TIC,跳空幅度（基于昨日收盘价）
relative_volume_ratio,security,snapshot;day_1,TRUE,,normal,,,AINVEST,时段相对成交量
relative_volume_ratio,security,snapshot;day_1,TRUE,,normal,,,AINVEST,时段相对成交量
relative_volume_ratio,security,snapshot;day_1,TRUE,,normal,,,AINVEST,时段相对成交量
flow_market_value,security,snapshot;day_1,TRUE,,normal,元,,TIC,流通市值
turnover_ratio_pct,security,snapshot;day_1,TRUE,,normal,%,,TIC,换手率
turnover_ratio_pct,security,snapshot;day_1,TRUE,,normal,%,,TIC,换手率
navTotalReturnTenyear,security,snapshot,TRUE,,normal,%,,AINVEST,NAV十年回报率
navTotalReturnSinceIpo,security,snapshot,TRUE,,normal,%,,AINVEST,NAV成立以来回报率
pb_roe_ratio_pct,security,day_1,FALSE,,ratio,%,,TIC,市净率/净资产收益率
return_since_inception,security,snapshot,TRUE,,normal,%,,AINVEST,成立以来涨幅
return_since_inception,security,snapshot,TRUE,,normal,%,,AINVEST,成立以来涨幅
navPerformanceSinceIpo,security,snapshot,TRUE,,normal,%,,AINVEST,NAV成立以来表现
navPerformanceTenyear,security,snapshot,TRUE,,normal,%,,AINVEST,NAV十年表现
ev_fcf_ratio_ttm,security,day_1,FALSE,,normal,倍,,TIC,企业价值/滚动12个月自由现金流
market_cap_ncav,security,day_1,FALSE,,normal,,,TIC,市值/净流动资产价值
market_cap_forward_revenue,security,day_1,FALSE,,normal,,,TIC,市值/预期营业收入
market_cap_net_working_capital,security,day_1,FALSE,,normal,,,TIC,市值/净营运资本
ev_revenue_ratio_ttm,security,snapshot;day_1,TRUE,,normal,倍,,TIC,EV收入比(TTM)
per_share_dividend_factor_ttm,security,snapshot;quarter_1,TRUE,,normal,,,F10,"每股分红(复权,TTM)"
invest_cash_flow_net_ttm,security,snapshot;quarter_1,TRUE,,normal,元,,AINVEST,投资活动现金流(TTM)
financing_cash_flow_net_ttm,security,snapshot;quarter_1,TRUE,,normal,元,,AINVEST,筹资活动现金流(TTM)
capital_expenditure_ttm,security,snapshot;quarter_1,TRUE,,normal,元,,AINVEST,资本支出(TTM)
act_cash_flow_net_ttm,security,snapshot;quarter_1,TRUE,,normal,元,,AINVEST,经营活动现金流量净额(TTM)
free_cash_flow_ttm,security,snapshot;quarter_1,TRUE,,normal,元,,AINVEST,企业自由现金流量(TTM)
ebit_ttm,security,snapshot;quarter_1,TRUE,,normal,元,,F10,息税前利润TTM
net_profit_ttm,security,snapshot;quarter_1,TRUE,,normal,元,,F10,净利润(TTM)
operating_profit_ttm,security,snapshot;quarter_1,TRUE,,normal,元,,F10,营业利润TTM
fixed_assets_turnover_ratio_ttm,security,snapshot;quarter_1,FALSE,,normal,,,AINVEST,固定资产周转率(TTM)
balanced_eps_ttm,security,snapshot;quarter_1,FALSE,,normal,,,F10,基本每股收益(复权)TTM
balanced_free_cash_flow_ttm,security,snapshot;quarter_1,FALSE,,normal,,,F10,每股自由现金流(前复权)TTM
income_tax_expense_ttm,security,snapshot;quarter_1,FALSE,,normal,,,F10,所得税费用TTM
balanced_diluted_eps_ttm,security,snapshot;quarter_1,TRUE,,normal,元,,AINVEST,稀释每股收益(TTM)
research_and_development_expenses_ratio_ttm,security,snapshot;quarter_1,TRUE,,normal,%,,AINVEST,研发费用比率(TTM)
ebit_margin_ttm,security,snapshot;quarter_1,TRUE,,normal,%,,AINVEST,EBIT利润率(TTM)
inventory_turnover_ratio_ttm,security,snapshot;quarter_1,FALSE,,normal,,,AINVEST,存货周转率(TTM)
receive_account_turnover_ratio_ttm,security,snapshot;quarter_1,FALSE,,normal,,,AINVEST,应收账款周转率(TTM)
total_assets_turnover_ratio_ttm,security,snapshot;quarter_1,TRUE,,normal,次,,AINVEST,资产周转率(TTM)
index_weighted_avg_roe_ttm,security,snapshot;quarter_1,TRUE,,normal,,,AINVEST,净资产收益率(TTM)
ebitda_margin_ttm,security,snapshot;quarter_1,TRUE,,normal,%,,AINVEST,EBITDA利润率(TTM)
property_improvements_v2,security,snapshot;quarter_1,TRUE,,normal,元,,AINVEST,物业改善(新体系)
newly_added_unsecured_debt_v2,security,snapshot;quarter_1,TRUE,,normal,元,,AINVEST,新增无担保债务(新体系)
newly_added_secured_debt_v2,security,snapshot;quarter_1,TRUE,,normal,元,,AINVEST,新增担保债务(新体系)
repay_unsecured_debt_v2,security,snapshot;quarter_1,TRUE,,normal,元,,AINVEST,偿还无担保债务(新体系)
repay_secured_debt_v2,security,snapshot;quarter_1,TRUE,,normal,元,,AINVEST,偿还担保债务(新体系)
dividend_payment_ratio_ttm,security,snapshot;quarter_1,TRUE,,normal,%,,AINVEST,股息支付率(TTM)
dividend_ratio_pct_ttm,security,snapshot;day_1,TRUE,,normal,%,,TIC,股息率(TTM)
reinsurance_contract_net_assets_change_v2,security,snapshot;quarter_1,FALSE,,normal,元,,AINVEST,再保险合同净资产(增)减(新体系)
invest_contract_net_assets_change_v2,security,snapshot;quarter_1,FALSE,,normal,元,,AINVEST,投资合同净资产(增)减(新体系)
sale_repurchase_financial_assets_change_v2,security,snapshot;quarter_1,FALSE,,normal,元,,AINVEST,卖出回购金融资产变动(新体系)
absorb_deposits_operating_change_v2,security,snapshot;quarter_1,FALSE,,normal,元,,AINVEST,吸收存款(增)减(新体系)
accrued_payable_interest_change_v2,security,snapshot;quarter_1,FALSE,,normal,元,,AINVEST,应计应付利息(增)减(新体系)
financial_institutions_debt_change_v2,security,snapshot;quarter_1,FALSE,,normal,元,,AINVEST,金融机构间负债(增)减(新体系)
deferred_policy_costs_change_v2,security,snapshot;quarter_1,FALSE,,normal,元,,AINVEST,递延保单成本(增)减(新体系)
investment_assets_change_v2,security,snapshot;quarter_1,FALSE,,normal,元,,AINVEST,投资资产(增)减(新体系)
accrued_receivable_interest_change_v2,security,snapshot;quarter_1,FALSE,,normal,元,,AINVEST,应计应收利息(增)减(新体系)
customer_loans_change_v2,security,snapshot;quarter_1,FALSE,,normal,元,,AINVEST,客户贷款(增)减(新体系)
financial_institutions_assets_change_v2,security,snapshot;quarter_1,FALSE,,normal,元,,AINVEST,金融机构间资产(增)减(新体系)
repay_long_term_debt_v2,security,snapshot;quarter_1,FALSE,,normal,元,,AINVEST,偿还长期债务(新体系)
newly_added_short_term_debt_v2,security,snapshot;quarter_1,FALSE,,normal,元,,AINVEST,新增短期债务(新体系)
repay_short_term_debt_v2,security,snapshot;quarter_1,FALSE,,normal,元,,AINVEST,偿还短期债务(新体系)
capital_decrease_v2,security,snapshot;quarter_1,FALSE,,normal,元,,AINVEST,股本减少(新体系)
associated_joint_companies_change_v2,security,snapshot;quarter_1,FALSE,,normal,元,,AINVEST,联营及合营企业变动(新体系)
purchase_fixed_intangible_assets_v2,security,snapshot;quarter_1,FALSE,,normal,元,,AINVEST,购买固定及无形资产(新体系)
capital_increase_v2,security,snapshot;quarter_1,FALSE,,normal,元,,AINVEST,股本增加(新体系)
affiliated_company_change_v2,security,snapshot;quarter_1,FALSE,,normal,元,,AINVEST,附属公司变动(新体系)
investment_decrease_v2,security,snapshot;quarter_1,FALSE,,normal,元,,AINVEST,投资减少(新体系)
newly_added_long_term_debt_v2,security,snapshot;quarter_1,FALSE,,normal,元,,AINVEST,新增长期债务(新体系)
investment_increase_v2,security,snapshot;quarter_1,FALSE,,normal,元,,AINVEST,投资增加(新体系)
notes_receivable_change_v2,security,snapshot;quarter_1,TRUE,,normal,元,,AINVEST,票据变动(新体系)
real_estate_disposal_gain_loss_v2,security,snapshot;quarter_1,TRUE,,normal,元,,AINVEST,房地产处置损益(新体系)
investment_change_operating_v2,security,snapshot;quarter_1,FALSE,,normal,元,,AINVEST,投资变动(经营活动)(新体系)
dispose_fixed_intangible_assets_v2,security,snapshot;quarter_1,FALSE,,normal,元,,AINVEST,处置固定及无形资产(新体系)
deferred_income_change_v2,security,snapshot;quarter_1,FALSE,,normal,元,,AINVEST,递延收入(增)减(新体系)
accounts_payable_change_v2,security,snapshot;quarter_1,FALSE,,normal,元,,AINVEST,应付账款(增)减(新体系)
payment_money_change_v2,security,snapshot;quarter_1,FALSE,,normal,元,,AINVEST,预付款项(增)减(新体系)
other_change_v2,security,snapshot;quarter_1,FALSE,,normal,元,,AINVEST,其他(增)减(新体系)
payment_interest_v2,security,snapshot;quarter_1,FALSE,,normal,元,,AINVEST,支付利息(新体系)
buy_repurchase_financial_assets_change_v2,security,snapshot;quarter_1,FALSE,,normal,元,,AINVEST,买入返售金融资产变动(新体系)
absorb_deposits_financing_change_v2,security,snapshot;quarter_1,FALSE,,normal,元,,AINVEST,吸收存款变动(新体系)
insurance_reserve_change_v2,security,snapshot;quarter_1,FALSE,,normal,元,,AINVEST,保险储备变动(新体系)
hold_sale_loans_change_v2,security,snapshot;quarter_1,FALSE,,normal,元,,AINVEST,持有待售贷款变动(新体系)
discontinued_financing_net_cash_v2,security,snapshot;quarter_1,FALSE,,normal,元,,AINVEST,终止筹资所得净现金(新体系)
loan_change_v2,security,snapshot;quarter_1,FALSE,,normal,元,,AINVEST,贷款变动(新体系)
security_investment_profit_loss_v2,security,snapshot;quarter_1,FALSE,,normal,元,,AINVEST,证券投资损益(新体系)
debt_change_v2,security,snapshot;quarter_1,FALSE,,normal,元,,AINVEST,债务变动(新体系)
capital_change_v2,security,snapshot;quarter_1,FALSE,,normal,元,,AINVEST,股本变动(新体系)
collect_interest_v2,security,snapshot;quarter_1,FALSE,,normal,元,,AINVEST,收取利息(新体系)
payment_dividends_v2,security,snapshot;quarter_1,FALSE,,normal,元,,AINVEST,支付股利(新体系)
discontinued_investment_net_cash_v2,security,snapshot;quarter_1,FALSE,,normal,元,,AINVEST,终止投资所得净现金(新体系)
long_term_equity_investment_change_v2,security,snapshot;quarter_1,FALSE,,normal,元,,AINVEST,长期股权投资变动(新体系)
other_invest_cash_flow_net_v2,security,snapshot;quarter_1,FALSE,,normal,元,,AINVEST,其他投资活动现金流量净额(新体系)
collect_dividends_v2,security,snapshot;quarter_1,FALSE,,normal,元,,AINVEST,收取股利(新体系)
discontinued_operating_net_cash_v2,security,snapshot;quarter_1,FALSE,,normal,元,,AINVEST,终止经营所得净现金(新体系)
changes_in_working_capital_v2,security,snapshot;quarter_1,FALSE,,normal,元,,AINVEST,营运资本变动(新体系)
other_non_cash_adjustments_v2,security,snapshot;quarter_1,FALSE,,normal,元,,AINVEST,其他非现金调整(新体系)
financing_cash_flow_net_v2,security,snapshot;quarter_1,FALSE,,normal,元,,F10,筹资活动现金流量净额(新体系)
period_cash_and_equivalents_overage_v2,security,snapshot;quarter_1,FALSE,,normal,元,,AINVEST,期末现金及现金等价物余额(新体系)
cash_equivalents_net_addition_v2,security,snapshot;quarter_1,FALSE,,normal,元,,AINVEST,现金及现金等价物净增加额(新体系)
other_cash_flow_adjustment_v2,security,snapshot;quarter_1,FALSE,,normal,元,,AINVEST,其他现金流量调整(新体系)
other_influence_ending_cash_equivalents_overage_v2,security,snapshot;quarter_1,FALSE,,normal,元,,AINVEST,其他影响现金及现金等价物期末余额的科目(新体系)
add_period_cash_and_equivalents_overage_v2,security,snapshot;quarter_1,FALSE,,normal,元,,AINVEST,现金及现金等价物期初余额(新体系)
cash_deferred_tax_v2,security,snapshot;quarter_1,FALSE,,normal,元,,AINVEST,递延所得税(现金表，新体系)
share_based_compensation_v2,security,snapshot;quarter_1,FALSE,,normal,元,,AINVEST,股票薪酬(新体系)
assets_impairment_v2,security,snapshot;quarter_1,FALSE,,normal,元,,AINVEST,资产减值(新体系)
free_cash_flow,security,snapshot;quarter_1,TRUE,,normal,,,F10,自由现金流
invest_cash_flow_net_v2,security,snapshot;quarter_1,FALSE,,normal,元,,F10,投资活动现金流量净额(新体系)
fixed_intangible_assets_change_v2,security,snapshot;quarter_1,FALSE,,normal,元,,AINVEST,固定及无形资产变动(新体系)
act_cash_flow_net_v2,security,snapshot;quarter_1,FALSE,,normal,元,,F10,经营活动现金流量净额(新体系)
operating_lease_deb_v2,security,snapshot;quarter_1,TRUE,,normal,元,,AINVEST,经营租赁负债(新体系)
unsecured_debt_v2,security,snapshot;quarter_1,TRUE,,normal,元,,AINVEST,无担保债务(新体系)
secured_debt_v2,security,snapshot;quarter_1,TRUE,,normal,元,,AINVEST,有担保债务(新体系)
real_estate_gross_v2,security,snapshot;quarter_1,TRUE,,normal,元,,AINVEST,房地产物业总额(新体系)
financial_lease_debt_v2,security,snapshot;quarter_1,TRUE,,normal,元,,AINVEST,融资租赁负债(新体系)
time_saving_deposits_v2,security,snapshot;quarter_1,FALSE,,normal,元,,AINVEST,定期及储蓄存款(新体系)
other_deposits_v2,security,snapshot;quarter_1,FALSE,,normal,元,,AINVEST,其他存款(新体系)
accounts_receivable_v2,security,snapshot;quarter_1,FALSE,,normal,元,,F10,应收账款(新体系)
other_financial_investments_v2,security,snapshot;quarter_1,FALSE,,normal,元,,AINVEST,其他金融投资(新体系)
receivable_interest_dividends_v2,security,snapshot;quarter_1,FALSE,,normal,元,,AINVEST,应收利息与股利(新体系)
held_to_maturity_investment_v2,security,snapshot;quarter_1,FALSE,,normal,元,,AINVEST,持有至到期投资(新体系)
available_financial_assets_v2,security,snapshot;quarter_1,FALSE,,normal,元,,AINVEST,可供出售金融资产(新体系)
trade_financial_assets_v2,security,snapshot;quarter_1,FALSE,,normal,元,,AINVEST,交易性金融资产(新体系)
other_common_shareholders_equity_v2,security,snapshot;quarter_1,FALSE,,normal,元,,AINVEST,其他普通股股东权益(新体系)
demand_deposit_v2,security,snapshot;quarter_1,FALSE,,normal,元,,AINVEST,活期存款(新体系)
load_loss_allowance_v2,security,snapshot;quarter_1,FALSE,,normal,元,,AINVEST,贷款损失准备(新体系)
payable_associated_accounts_v2,security,snapshot;quarter_1,FALSE,,normal,元,,AINVEST,应付关联方款项(新体系)
old_age_pension_v2,security,snapshot;quarter_1,FALSE,,normal,元,,AINVEST,养老金(新体系)
long_term_lease_debt_v2,security,snapshot;quarter_1,FALSE,,normal,元,,AINVEST,长期租赁负债(新体系)
other_payable_accrued_accounts_v2,security,snapshot;quarter_1,FALSE,,normal,元,,AINVEST,其他应付与应计账款(新体系)
treasury_stock_v2,security,snapshot;quarter_1,FALSE,,normal,元,,AINVEST,库存股(新体系)
common_stock_v2,security,snapshot;quarter_1,FALSE,,normal,元,,F10,普通股(新体系)
retained_earnings_v2,security,snapshot;quarter_1,FALSE,,normal,元,,AINVEST,留存收益(新体系)
long_term_loan_v2,security,snapshot;quarter_1,FALSE,,normal,元,,AINVEST,长期借款(新体系)
other_retire_benefits_v2,security,snapshot;quarter_1,FALSE,,normal,元,,AINVEST,其他退休后福利(新体系)
long_term_debt_current_v2,security,snapshot;quarter_1,FALSE,,normal,元,,AINVEST,长期债务的流动部分(新体系)
short_term_lease_debt_v2,security,snapshot;quarter_1,FALSE,,normal,元,,AINVEST,短期租赁负债(新体系)
short_term_loans_v2,security,snapshot;quarter_1,FALSE,,normal,元,,AINVEST,短期借款(新体系)
payable_interest_dividends_v2,security,snapshot;quarter_1,FALSE,,normal,元,,AINVEST,应付利息与股利(新体系)
payable_notes_and_accounts_v2,security,snapshot;quarter_1,FALSE,,normal,元,,AINVEST,应付账款及票据(新体系)
long_term_receivables_v2,security,snapshot;quarter_1,FALSE,,normal,元,,AINVEST,长期应收款(新体系)
associated_companies_rights_v2,security,snapshot;quarter_1,FALSE,,normal,元,,AINVEST,联营公司权益(新体系)
intangible_assets_v2,security,snapshot;quarter_1,FALSE,,normal,元,,AINVEST,无形资产(新体系)
joint_companies_rights_v2,security,snapshot;quarter_1,FALSE,,normal,元,,AINVEST,合营公司权益(新体系)
taxes_dues_v2,security,snapshot;quarter_1,FALSE,,normal,元,,AINVEST,应付税费(新体系)
goodwill_v2,security,snapshot;quarter_1,FALSE,,normal,元,,AINVEST,商誉(新体系)
other_inventory_v2,security,snapshot;quarter_1,FALSE,,normal,元,,AINVEST,其他存货(新体系)
semi_finished_products_v2,security,snapshot;quarter_1,FALSE,,normal,元,,AINVEST,半成品(新体系)
finished_products_v2,security,snapshot;quarter_1,FALSE,,normal,元,,AINVEST,成品(新体系)
fixed_assets_depreciation_v2,security,snapshot;quarter_1,FALSE,,normal,元,,AINVEST,累计折旧(新体系)
fixed_assets_total_v2,security,snapshot;quarter_1,FALSE,,normal,元,,F10,固定资产总额(新体系)
other_receivable_v2,security,snapshot;quarter_1,FALSE,,normal,元,,AINVEST,其他应收款(新体系)
raw_materials_v2,security,snapshot;quarter_1,FALSE,,normal,元,,AINVEST,原材料(新体系)
receivable_related_accounts_v2,security,snapshot;quarter_1,FALSE,,normal,元,,AINVEST,应收关联方款项(新体系)
held_for_sale_real_estate_v2,security,snapshot;quarter_1,TRUE,,normal,元,,AINVEST,待售房地产(新体系)
secured_unsecured_debt_v2,security,snapshot;quarter_1,TRUE,,normal,元,,AINVEST,有担保与无担保债务(新体系)
real_estate_net_v2,security,snapshot;quarter_1,TRUE,,normal,元,,AINVEST,房地产物业净额(新体系)
security_deposits_v2,security,snapshot;quarter_1,TRUE,,normal,元,,AINVEST,保证金(新体系)
advance_from_customers_v2,security,snapshot;quarter_1,TRUE,,normal,元,,AINVEST,预收款项(新体系)
borrowed_secruities_v2,security,snapshot;quarter_1,FALSE,,normal,元,,AINVEST,借入证券(新体系)
receivable_income_taxes_v2,security,snapshot;quarter_1,FALSE,,normal,元,,AINVEST,应收所得税(新体系)
receivable_notes_and_accounts_v2,security,snapshot;quarter_1,FALSE,,normal,元,,AINVEST,应收票据及账款(新体系)
cash_and_cash_equivalents_v2,security,snapshot;quarter_1,FALSE,,normal,元,,AINVEST,现金及现金等价物(新体系)
other_debt_v2,security,snapshot;quarter_1,FALSE,,normal,元,,AINVEST,其他负债(新体系)
lending_secruities_v2,security,snapshot;quarter_1,FALSE,,normal,元,,AINVEST,借出证券(新体系)
borrowing_funds_v2,security,snapshot;quarter_1,FALSE,,normal,元,,AINVEST,拆入资金(新体系)
trade_finance_debt_v2,security,snapshot;quarter_1,FALSE,,normal,元,,AINVEST,交易性金融负债(新体系)
payment_money_v2,security,snapshot;quarter_1,FALSE,,normal,元,,AINVEST,预付款项(新体系)
store_interbank_deposit_etc_v2,security,snapshot;quarter_1,FALSE,,normal,元,,AINVEST,存放同业及其他金融机构款项(新体系)
derivative_financial_debt_v2,security,snapshot;quarter_1,FALSE,,normal,元,,AINVEST,衍生金融负债(新体系)
cash_deposit_center_bank_v2,security,snapshot;quarter_1,FALSE,,normal,元,,AINVEST,现金及存放中央银行款项(新体系)
interbank_deposit_etc_v2,security,snapshot;quarter_1,FALSE,,normal,元,,AINVEST,同业及其他金融机构存放款项(新体系)
distribute_insurance_contract_assets_v2,security,snapshot;quarter_1,FALSE,,normal,元,,AINVEST,分出再保险合同资产(新体系)
insurance_contract_debt_v2,security,snapshot;quarter_1,FALSE,,normal,元,,AINVEST,保险合同负债(新体系)
distribute_insurance_contract_debt_v2,security,snapshot;quarter_1,FALSE,,normal,元,,AINVEST,分出再保险合同负债(新体系)
invest_contract_debt_v2,security,snapshot;quarter_1,FALSE,,normal,元,,AINVEST,投资合同负债(新体系)
insurance_contract_assets_v2,security,snapshot;quarter_1,FALSE,,normal,元,,AINVEST,保险合同资产(新体系)
lease_debt_v2,security,snapshot;quarter_1,FALSE,,normal,元,,AINVEST,租赁负债(新体系)
sale_repurchase_financial_assets_v2,security,snapshot;quarter_1,FALSE,,normal,元,,AINVEST,卖出回购金融资产款(新体系)
financial_investments_v2,security,snapshot;quarter_1,FALSE,,normal,元,,AINVEST,金融投资(新体系)
repurchase_financial_assets_v2,security,snapshot;quarter_1,FALSE,,normal,元,,AINVEST,买入返售金融资产(新体系)
loan_net_v2,security,snapshot;quarter_1,FALSE,,normal,元,,AINVEST,贷款净额(新体系)
contract_debt_non_current_v2,security,snapshot;quarter_1,FALSE,,normal,元,,AINVEST,合同负债(非流动)(新体系)
derivative_financial_assets_v2,security,snapshot;quarter_1,FALSE,,normal,元,,AINVEST,衍生金融资产(新体系)
other_non_current_debt_v2,security,snapshot;quarter_1,FALSE,,normal,元,,F10,其他非流动负债(新体系)
common_shareholders_equity_v2,security,snapshot;quarter_1,FALSE,,normal,元,,AINVEST,普通股股东权益(新体系)
preferred_stock_v2,security,snapshot;quarter_1,FALSE,,normal,元,,AINVEST,优先股(新体系)
hybrid_capital_v2,security,snapshot;quarter_1,FALSE,,normal,元,,AINVEST,混合资本(新体系)
minority_equity_v2,security,snapshot;quarter_1,FALSE,,normal,元,,AINVEST,少数股东权益(新体系)
collect_money_non_current_v2,security,snapshot;quarter_1,FALSE,,normal,元,,AINVEST,预收款项(非流动)(新体系)
other_current_debt_v2,security,snapshot;quarter_1,FALSE,,normal,元,,F10,其他流动负债(新体系)
contract_debt_current_v2,security,snapshot;quarter_1,FALSE,,normal,元,,AINVEST,合同负债(流动)(新体系)
deferred_salary_v2,security,snapshot;quarter_1,FALSE,,normal,元,,AINVEST,递延薪酬(新体系)
collect_money_current_v2,security,snapshot;quarter_1,FALSE,,normal,元,,AINVEST,预收款项(流动)(新体系)
old_age_pension_debt_v2,security,snapshot;quarter_1,FALSE,,normal,元,,AINVEST,养老金负债(新体系)
accrued_debt_v2,security,snapshot;quarter_1,FALSE,,normal,元,,AINVEST,应计负债(新体系)
deferred_income_non_current_v2,security,snapshot;quarter_1,FALSE,,normal,元,,AINVEST,递延收入(非流动)(新体系)
deferred_tax_debt_v2,security,snapshot;quarter_1,FALSE,,normal,元,,AINVEST,递延所得税负债(新体系)
derivative_financial_debt_non_current_v2,security,snapshot;quarter_1,FALSE,,normal,元,,AINVEST,衍生金融负债(非流动)(新体系)
deferred_income_current_v2,security,snapshot;quarter_1,FALSE,,normal,元,,AINVEST,递延收入(流动)(新体系)
hold_sale_debt_v2,security,snapshot;quarter_1,FALSE,,normal,元,,AINVEST,持有待售负债(新体系)
other_non_current_nets_v2,security,snapshot;quarter_1,FALSE,,normal,元,,AINVEST,其他非流动资产(新体系)
payable_accrued_accounts_v2,security,snapshot;quarter_1,FALSE,,normal,元,,AINVEST,应付与应计账款(新体系)
contract_assets_non_current_v2,security,snapshot;quarter_1,FALSE,,normal,元,,AINVEST,合同资产(非流动)(新体系)
deferred_tax_assets_v2,security,snapshot;quarter_1,FALSE,,normal,元,,AINVEST,递延所得税资产(新体系)
prepaid_old_age_pension_v2,security,snapshot;quarter_1,FALSE,,normal,元,,AINVEST,预付养老金(新体系)
derivative_financial_assets_non_current_v2,security,snapshot;quarter_1,FALSE,,normal,元,,AINVEST,衍生金融资产(非流动)(新体系)
payment_money_non_current_v2,security,snapshot;quarter_1,FALSE,,normal,元,,AINVEST,预付款项(非流动)(新体系)
derivative_financial_debt_current_v2,security,snapshot;quarter_1,FALSE,,normal,元,,AINVEST,衍生金融负债(流动)(新体系)
fixed_assets_net_v2,security,snapshot;quarter_1,FALSE,,normal,元,,AINVEST,固定资产净额(新体系)
derivative_financial_assets_current_v2,security,snapshot;quarter_1,FALSE,,normal,元,,AINVEST,衍生金融资产(流动)(新体系)
payment_money_current_v2,security,snapshot;quarter_1,FALSE,,normal,元,,AINVEST,预付款项(流动)(新体系)
long_term_investments_receivables_v2,security,snapshot;quarter_1,FALSE,,normal,元,,AINVEST,长期投资与长期应收款(新体系)
goodwill_intangible_assets_v2,security,snapshot;quarter_1,FALSE,,normal,元,,AINVEST,商誉及无形资产(新体系)
contract_assets_current_v2,security,snapshot;quarter_1,FALSE,,normal,元,,AINVEST,合同资产(流动)(新体系)
other_current_assets_v2,security,snapshot;quarter_1,FALSE,,normal,元,,F10,其他流动资产(新体系)
hold_sale_assets_v2,security,snapshot;quarter_1,FALSE,,normal,元,,AINVEST,持有待售资产(新体系)
inventory_v2,security,snapshot;quarter_1,FALSE,,normal,元,,F10,存货(新体系)
non_current_debt_total_v2,security,snapshot;quarter_1,FALSE,,normal,元,,F10,非流动负债合计(新体系)
debt_and_equity_total_v2,security,snapshot;quarter_1,FALSE,,normal,元,,AINVEST,负债与股东权益合计(新体系)
current_total_debt_v2,security,snapshot;quarter_1,FALSE,,normal,元,,F10,流动负债合计(新体系)
non_total_current_assets_v2,security,snapshot;quarter_1,FALSE,,normal,元,,AINVEST,非流动资产合计(新体系)
restricted_deposit_and_cash_v2,security,snapshot;quarter_1,FALSE,,normal,元,,AINVEST,受限存款及现金(新体系)
receivable_accounts_v2,security,snapshot;quarter_1,FALSE,,normal,元,,AINVEST,应收款项(新体系)
cash_equivalents_short_term_investments_v2,security,snapshot;quarter_1,FALSE,,normal,元,,AINVEST,现金及现金等价物及短期投资(新体系)
holder_equity_total_v2,security,snapshot;quarter_1,FALSE,,normal,,,AINVEST,权益合计(MRQ)
parent_holder_equity_total_v2,security,snapshot;quarter_1,FALSE,,normal,,,AINVEST,归属于母公司的股东权益(MRQ)
total_current_assets_v2,security,snapshot;quarter_1,FALSE,,normal,元,,AINVEST,流动资产合计(新体系)
debt,security,snapshot;quarter_1,TRUE,,normal,元,,F10,总债务
repair_maintenance_cost_v2,security,snapshot;quarter_1,TRUE,,normal,元,,AINVEST,维修及养护费用(新体系)
other_non_interest_income_v2,security,snapshot;quarter_1,FALSE,,normal,元,,AINVEST,其他非利息收入(新体系)
other_property_expense_v2,security,snapshot;quarter_1,TRUE,,normal,元,,AINVEST,其他物业支出(新体系)
property_management_fees_v2,security,snapshot;quarter_1,TRUE,,normal,元,,AINVEST,物业管理费用(新体系)
real_estate_tax_v2,security,snapshot;quarter_1,TRUE,,normal,元,,AINVEST,房地产税费(新体系)
trade_securities_profit_loss_v2,security,snapshot;quarter_1,FALSE,,normal,元,,AINVEST,交易证券损益(新体系)
charges_commissions_income_v2,security,snapshot;quarter_1,FALSE,,normal,元,,AINVEST,手续费及佣金收入(新体系)
assets_total_v2,security,snapshot;quarter_1,FALSE,,normal,,,AINVEST,资产总计(MRQ)
property_operating_expenses_v2,security,snapshot;quarter_1,TRUE,,normal,元,,AINVEST,物业经营开支(新体系)
property_management_income_v2,security,snapshot;quarter_1,TRUE,,normal,元,,AINVEST,物业管理收入(新体系)
common_shareholders_net_profit_v2,security,snapshot;quarter_1,FALSE,,normal,元,,AINVEST,归属于普通股股东的净利润(新体系)
other_adjustments_v2,security,snapshot;quarter_1,FALSE,,normal,元,,AINVEST,其他调整(新体系)
preferred_stock_dividends_v2,security,snapshot;quarter_1,FALSE,,normal,元,,AINVEST,优先股股利(新体系)
associated_companies_profit_loss_v2,security,snapshot;quarter_1,FALSE,,normal,元,,AINVEST,联营公司损益(新体系)
administrative_expenses_v2,security,snapshot;quarter_1,FALSE,,normal,元,,AINVEST,一般及管理费用(新体系)
joint_companies_profit_loss_v2,security,snapshot;quarter_1,FALSE,,normal,元,,AINVEST,合营公司损益(新体系)
interest_expenses_v2,security,snapshot;quarter_1,FALSE,,normal,元,,AINVEST,利息支出(新体系)
rental_income_v2,security,snapshot;quarter_1,TRUE,,normal,元,,AINVEST,租金收入(新体系)
distribute_insurance_finance_income_v2,security,snapshot;quarter_1,FALSE,,normal,元,,AINVEST,分出再保险财务收益(新体系)
credit_impairment_loss_v2,security,snapshot;quarter_1,FALSE,,normal,元,,AINVEST,信用减值损失(新体系)
distribute_insurance_contract_net_v2,security,snapshot;quarter_1,FALSE,,normal,元,,AINVEST,分出再保险合同费用净额(新体系)
insurance_service_income_v2,security,snapshot;quarter_1,FALSE,,normal,元,,AINVEST,保险服务收入(新体系)
insurance_service_fee_v2,security,snapshot;quarter_1,FALSE,,normal,元,,AINVEST,保险服务费用(新体系)
underwriting_finance_loss_v2,security,snapshot;quarter_1,FALSE,,normal,元,,AINVEST,承保财务损失(新体系)
interest_net_income_v2,security,snapshot;quarter_1,FALSE,,normal,元,,AINVEST,利息净收入(新体系)
charges_commissions_expenses_v2,security,snapshot;quarter_1,FALSE,,normal,元,,AINVEST,手续费及佣金支出(新体系)
diluted_eps_terminated_v2,security,snapshot;quarter_1,FALSE,,normal,,,AINVEST,稀释每股收益-终止经营(新体系)
diluted_eps_continuing_v2,security,snapshot;quarter_1,FALSE,,normal,,,AINVEST,稀释每股收益-持续经营(新体系)
non_interest_income_v2,security,snapshot;quarter_1,FALSE,,normal,元,,AINVEST,非利息收入(新体系)
minority_net_profit_v2,security,snapshot;quarter_1,FALSE,,normal,元,,AINVEST,归属于少数股东的净利润(新体系)
parent_common_profit_total_v2,security,snapshot;quarter_1,FALSE,,normal,元,,AINVEST,归属于母公司所有者的综合收益总额(新体系)
minority_common_profit_total_v2,security,snapshot;quarter_1,FALSE,,normal,元,,AINVEST,归属于少数股东的综合收益总额(新体系)
parent_holder_net_profit_v2,security,snapshot;quarter_1,FALSE,,normal,元,,F10,归属于母公司所有者的净利润(新体系)
deferred_tax_v2,security,snapshot;quarter_1,FALSE,,normal,元,,AINVEST,递延所得税(新体系)
tax_adjustment_v2,security,snapshot;quarter_1,FALSE,,normal,元,,AINVEST,税项调整(新体系)
current_income_tax_v2,security,snapshot;quarter_1,FALSE,,normal,元,,AINVEST,本期所得税(新体系)
basic_eps_terminated_v2,security,snapshot;quarter_1,FALSE,,normal,,,AINVEST,基本每股收益-终止经营(新体系)
basic_eps_continuing_v2,security,snapshot;quarter_1,FALSE,,normal,,,AINVEST,基本每股收益-持续经营(新体系)
other_non_operating_income_v2,security,snapshot;quarter_1,FALSE,,normal,元,,AINVEST,其他营业外收入(亏损)(新体系)
equity_investment_profit_loss_v2,security,snapshot;quarter_1,FALSE,,normal,元,,AINVEST,权益性投资损益(新体系)
fair_changes_profit_loss_v2,security,snapshot;quarter_1,FALSE,,normal,元,,AINVEST,公允价值变动损益(新体系)
market_sell_administrative_expenses_v2,security,snapshot;quarter_1,FALSE,,normal,元,,F10,销售、一般及管理费用(新体系)
bad_debt_loss_v2,security,snapshot;quarter_1,FALSE,,normal,元,,AINVEST,坏账损失(新体系)
exchange_profit_loss_v2,security,snapshot;quarter_1,FALSE,,normal,元,,AINVEST,汇兑损益(新体系)
other_investment_profit_loss_v2,security,snapshot;quarter_1,FALSE,,normal,元,,AINVEST,其他投资损益(新体系)
other_operating_expenditures_v2,security,snapshot;quarter_1,FALSE,,normal,元,,AINVEST,其他营业支出(新体系)
other_costs_v2,security,snapshot;quarter_1,FALSE,,normal,元,,AINVEST,其他成本(新体系)
research_and_development_expenses_v2,security,snapshot;quarter_1,FALSE,,normal,元,,F10,研发费用(新体系)
deduct_loan_impairment_loss_income_v2,security,snapshot;quarter_1,FALSE,,normal,元,,AINVEST,扣除贷款减值损失后收入(新体系)
sales_service_income_v2,security,snapshot;quarter_1,FALSE,,normal,元,,AINVEST,销售与服务收入(新体系)
other_income_v2,security,snapshot;quarter_1,FALSE,,normal,元,,AINVEST,其他收入(新体系)
financing_costs_v2,security,snapshot;quarter_1,FALSE,,normal,元,,AINVEST,融资成本(新体系)
sales_service_costs_v2,security,snapshot;quarter_1,FALSE,,normal,元,,AINVEST,销售与服务成本(新体系)
financing_income_v2,security,snapshot;quarter_1,FALSE,,normal,元,,AINVEST,融资收入(新体系)
diluted_eps_v2,security,snapshot;quarter_1,FALSE,,normal,,,F10,稀释每股收益(新体系)
other_affect_net_profit_loss_v2,security,snapshot;quarter_1,FALSE,,normal,元,,AINVEST,其他影响净利润的损益(新体系)
net_profit_v2,security,snapshot;quarter_1,FALSE,,normal,元,,F10,净利润(新体系)
continuing_operating_business_profit_v2,security,snapshot;quarter_1,FALSE,,normal,元,,AINVEST,持续经营业务的税前利润(新体系)
discontinued_operating_net_profit_v2,security,snapshot;quarter_1,FALSE,,normal,元,,AINVEST,终止经营业务利润(新体系)
non_operating_income_v2,security,snapshot;quarter_1,FALSE,,normal,元,,AINVEST,营业外收入(亏损)(新体系)
operating_profit_v2,security,snapshot;quarter_1,FALSE,,normal,元,,F10,营业利润(新体系)
continuing_net_profit_v2,security,snapshot;quarter_1,FALSE,,normal,元,,AINVEST,持续经营业务净利润(新体系)
basic_eps_v2,security,snapshot;quarter_1,FALSE,,normal,,,F10,基本每股收益(新体系)
income_tax_expense_v2,security,snapshot;quarter_1,FALSE,,normal,元,,AINVEST,所得税费用(新体系)
operating_expenses_v2,security,snapshot;quarter_1,FALSE,,normal,元,,F10,营业开支(新体系)
other_comprehensive_income_v2,security,snapshot;quarter_1,FALSE,,normal,元,,AINVEST,其他综合收益-利润表(新体系)
balanced_free_cash_flow,security,snapshot;quarter_1,TRUE,,normal,,,F10,每股自由现金流(前复权)
balanced_diluted_eps,security,snapshot;quarter_1,TRUE,,normal,元,,F10,摊薄每股收益(前复权)
balanced_cash_equivalents,security,snapshot;quarter_1,TRUE,,normal,,,F10,每股现金及等价物(前复权)
other_operating_income_v2,security,snapshot;quarter_1,FALSE,,normal,元,,AINVEST,其他营业收入(新体系)
operating_costs_v2,security,snapshot;quarter_1,FALSE,,normal,元,,AINVEST,营业成本(新体系)
gross_profit_v2,security,snapshot;quarter_1,FALSE,,normal,元,,AINVEST,毛利(新体系)
cash_debt_ratio,security,snapshot;quarter_1,TRUE,,normal,%,,F10,现金债务比率
debt_capital_ratio,security,snapshot;quarter_1,TRUE,,normal,,,F10,总债务资本比
cash_ratio,security,snapshot;quarter_1,TRUE,,normal,%,,F10,现金比率
long_debt_equity_ratio,security,snapshot;quarter_1,TRUE,,normal,%,,F10,长期负债占股东权益比率
long_debt_assets_ratio,security,snapshot;quarter_1,TRUE,,normal,,,F10,长期负债占总资产比率
debt_equity_ratio,security,snapshot;quarter_1,TRUE,,normal,,,AINVEST,总债务/股东权益
free_cash_flow_margin,security,snapshot;quarter_1,TRUE,,normal,%,,F10,自由现金流利润率
market_sell_administrative_expenses_ratio,security,snapshot;quarter_1,TRUE,,normal,%,,F10,营销，销售和一般管理费用率
profit_before_tax_margin,security,snapshot;quarter_1,TRUE,,normal,%,,F10,税前利润率
ebitda_margin,security,snapshot;quarter_1,TRUE,,normal,%,,F10,EBITDA利润率
ebit_margin,security,snapshot;quarter_1,FALSE,,normal,,,AINVEST,息税前利润/营业总收入
assets_debt_ratio,security,snapshot;quarter_1,TRUE,,normal,%,,AINVEST,总负债/总资产
sale_gross_margin,security,snapshot;quarter_1,TRUE,,normal,%,,F10,毛利率
operating_profit_divide_income_total,security,snapshot;quarter_1,TRUE,,normal,%,,F10,营业利润率
pb_mrq,security,snapshot;day_1,TRUE,,normal,%,,TIC,市净率(MRQ)
ev_ebitda_ratio_ttm,security,snapshot;day_1,TRUE,,normal,倍,,TIC,EV息税前折旧摊销前利润比(TTM)
ps_ttm,security,snapshot;day_1,TRUE,,normal,%,,TIC,市销率(TTM)
pcf_ttm,security,snapshot;day_1,TRUE,,normal,倍,,TIC,市现率(TTM)
pe_ttm,security,snapshot;day_1,TRUE,,normal,倍,,TIC,市盈率(TTM)
ev,security,snapshot;day_1,TRUE,,normal,元,,TIC,企业价值
total_market_value,security,snapshot;day_1,TRUE,,normal,元,,TIC,总市值
ext_crypto_total_volume_24h,market_env,snapshot,FALSE,,normal,,,AINVEST,数字币全市场24小时成交量
ext_metric_highlight,security,snapshot,FALSE,,normal,,,AINVEST,亮点描述
inr-price_change_ratio_pct-sum,security,min_*;day_*;week_*;month_*;year_*,TRUE,time_period;trade_class;period_type,normal,%,区间收盘价涨幅;区间涨幅,TIC,区间涨幅
inr-price_change_ratio_pct-sum,security,min_*;day_*;week_*;month_*;year_*,TRUE,time_period;trade_class;period_type,normal,%,区间收盘价涨幅;区间涨幅,TIC,区间涨幅
inr-price_change_ratio_pct-sum,security,min_*;day_*;week_*;month_*;year_*,TRUE,time_period;trade_class;period_type,normal,%,区间收盘价涨幅;区间涨幅,TIC,区间涨幅
65555,security,snapshot,FALSE,,normal,,,AINVEST,交易状态
65555,security,snapshot,FALSE,,normal,,,AINVEST,交易状态
65555,security,snapshot,FALSE,,normal,,,AINVEST,交易状态
65555,security,snapshot,FALSE,,normal,,,AINVEST,交易状态
inr-volatility-avg,security,min_*;day_*;week_*;month_*;year_*,TRUE,time_period;trade_class;period_type,normal,,区间振幅（基于最低价）,TIC,区间振幅（基于最低价）
inr-volatility-avg,security,min_*;day_*;week_*;month_*;year_*,TRUE,time_period;trade_class;period_type,normal,,区间振幅（基于最低价）,TIC,区间振幅（基于最低价）
inr-volatility-avg,security,min_*;day_*;week_*;month_*;year_*,TRUE,time_period;trade_class;period_type,normal,,区间振幅（基于最低价）,TIC,区间振幅（基于最低价）
etf_wallstreet_rating,security,snapshot,TRUE,,normal,%,,AINVEST,ETF 华尔街评级
avg_spent_age,chain_id,day_1,FALSE,time_period,normal,天,,F10,平均已花费输出寿命
fundAssetType,security,snapshot,FALSE,,normal,,,AINVEST,资产类型分布
fundAnalyEn,security,snapshot,TRUE,,normal,,,AINVEST,基金分析(英文)
ext_etf_holding_ratio,security,snapshot,TRUE,match_code,normal,,,AINVEST,持仓比例
opt_root_atm_iv,security,snapshot;day_1,FALSE,,normal,,,AINVEST,ATM隐含波动率
ext_eth_dominance_min_60,market_env,min_60,FALSE,time_period,normal,,,AINVEST,ETH占比1小时历史数据
ext_usdt_dominance_min_60,market_env,min_60,FALSE,time_period,normal,,,AINVEST,USDT占比1小时历史数据
ext_crypto_total_market_cap_min_60,market_env,min_60,FALSE,time_period,normal,,,AINVEST,全市场数字币总市值1小时历史数据
ext_btc_dominance_min_60,market_env,min_60,FALSE,time_period,normal,,,AINVEST,BTC占比1小时历史数据
ext_other_dominance_pct_chg_24h,market_env,snapshot,FALSE,,normal,,,AINVEST,其他币（除了BTC和ETH）市值占比24小时变化%
ext_other_dominance,market_env,snapshot,FALSE,,normal,,,AINVEST,其他币（除了BTC和ETH）市值占比
ext_eth_dominance,market_env,snapshot,FALSE,,normal,,,AINVEST,ETH市值占比
ext_crypto_total_market_cap,market_env,snapshot,FALSE,,normal,,,AINVEST,全市场数字币总市值
ext_bnb_dominance_min_60,market_env,min_60,FALSE,time_period,normal,,,AINVEST,BNB占比1小时历史数据
ext_other_dominance_min_60,market_env,min_60,FALSE,time_period,normal,,,AINVEST,其他占比1小时历史数据
ext_eth_dominance_pct_chg_24h,market_env,snapshot,FALSE,,normal,,,AINVEST,ETH市值占比24小时变化%
ext_usdt_dominance,market_env,snapshot,FALSE,,normal,,,AINVEST,USDT市值占比
ext_btc_dominance_pct_chg_24h,market_env,snapshot,FALSE,,normal,,,AINVEST,BTC市值占比24小时变化%
ext_bnb_dominance,market_env,snapshot,FALSE,,normal,,,AINVEST,BNB市值占比
ext_metric_altcoin_season_index,market_env,snapshot,FALSE,,normal,,,AINVEST,山寨币指数
ext_crypto_total_market_cap_pct_chg_24h,market_env,snapshot,FALSE,,normal,,,AINVEST,数字币总市值24小时涨跌幅
ext_concept_inclusion_reason,security,snapshot,FALSE,match_code,normal,,,AINVEST,成分股入选概念理由
ext_concept_update_time,security,snapshot,FALSE,,normal,,,AINVEST,概念更新时间
ext_concept_create_time,security,snapshot,FALSE,,normal,,,AINVEST,概念创建时间
ext_concept_member_count,security,snapshot,FALSE,,normal,,,AINVEST,概念成分股个数
ext_concept_desc,security,snapshot,FALSE,,normal,,,AINVEST,概念描述
ext_metric_crypto_fear_greed_index,market_env,day_1,FALSE,time_period,normal,,,AINVEST,数字币恐慌指数
farDivYld,security,snapshot,TRUE,,normal,,,AINVEST,远期年化分红
国际数字货币@Market Cap,security,snapshot,TRUE,,normal,,,AINVEST,分币种数字币总市值
国际数字货币@Latest Trading Volume,security,snapshot,TRUE,,normal,,,AINVEST,数字币成交量
price_amplitude_ratio_pct_24h,security,snapshot,TRUE,,normal,%,,TIC,24H振幅
bond_face_value,security,snapshot,TRUE,,normal,,,AINVEST,面值
ext_btc_dominance,market_env,snapshot,FALSE,,normal,,,AINVEST,BTC市值占比
max_supply,security,snapshot,TRUE,,normal,,,AINVEST,最大供应
open_over_high_ratio_pct,security,snapshot,TRUE,,normal,,,TIC,跳空幅度（基于昨日最高价）
open_over_high_ratio_pct,security,snapshot,TRUE,,normal,,,TIC,跳空幅度（基于昨日最高价）
high_price_all_time,security,snapshot,TRUE,trade_class,normal,对应货币单位,,TIC,历史最高价
high_price_all_time,security,snapshot,TRUE,trade_class,normal,对应货币单位,,TIC,历史最高价
high_price_all_time,security,snapshot,TRUE,trade_class,normal,对应货币单位,,TIC,历史最高价
high_price_all_time,security,snapshot,TRUE,trade_class,normal,对应货币单位,,TIC,历史最高价
high_price_all_time,security,snapshot,TRUE,trade_class,normal,对应货币单位,,TIC,历史最高价
ebit_margin,security,quarter,FALSE,,normal,,,F10,EBIT利润率
interest_net_income,security,snapshot;quarter,FALSE,,normal,元,,AINVEST,利息净收入
long_term_loan,security,snapshot;quarter,FALSE,,normal,元,,AINVEST,长期债务
isin,security,snapshot,FALSE,,normal,,,AINVEST,ISIN
isin,security,snapshot,FALSE,,normal,,,AINVEST,ISIN
isin,security,snapshot,FALSE,,normal,,,AINVEST,ISIN
interest_payment_date_list,security,snapshot,TRUE,,normal,,,AINVEST,付息日
deferred_tax_debt,security,snapshot;quarter,FALSE,,normal,元,,AINVEST,递延所得税负债
assets_total_yoy,security,snapshot;quarter,FALSE,,normal,%,,AINVEST,资产合计(同比增长率)
balanced_diluted_eps_yoy,security,snapshot;quarter,FALSE,,normal,%,,AINVEST,稀释每股收益(同比增长率)
turnover,security,snapshot;quarter,FALSE,,normal,元,,AINVEST,销售收入
payout_ratio_fy,security,snapshot;quarter,FALSE,,normal,,,AINVEST,财年分红支付率
dividend_per_share_growth_rate,security,snapshot;quarter,FALSE,,normal,,,AINVEST,每股股息增长率
cash_dividend_coverage_ratio,security,snapshot;quarter,FALSE,,normal,,,AINVEST,现金分红覆盖率
company_free_cash_flow,security,snapshot;quarter,FALSE,,normal,,,AINVEST,企业自由现金流量
payout_ratio_ttm,security,snapshot;quarter,FALSE,,normal,,,AINVEST,派息率 % TTM
total_debt_to_ebitda_ttm,security,snapshot;quarter,FALSE,,normal,,,AINVEST,债务与EBITDA比率TTM
float_shares_ratio,security,snapshot;quarter,FALSE,,normal,,,AINVEST,流通股比例
total_supply,security,snapshot,TRUE,,normal,,,AINVEST,总供应
cypto_top_position_long_short_ratio,security,min_15;min_30;min_60;min_120;min_240;min_360;min_720;day_1,FALSE,time_period,normal,,,AINVEST,大户持仓多空比
cypto_account_long_short_ratio,security,min_15;min_30;min_60;min_120;min_240;min_360;min_720;day_1,FALSE,time_period,normal,,,AINVEST,多空账户数比
cypto_top_account_long_short_ratio,security,min_15;min_30;min_60;min_120;min_240;min_360;min_720;day_1,FALSE,time_period,normal,,,AINVEST,大户账户数多空比
circulation_supply,security,snapshot,TRUE,,normal,,,AINVEST,流通供应量
circulation_rate,security,snapshot,TRUE,,normal,,,AINVEST,流通率
eps_past_5y_cagr,security,snapshot;quarter,FALSE,,normal,,,AINVEST,EPS 过去 5 年增速
roa_ttm_ex_minority,security,snapshot;quarter,FALSE,,normal,,,AINVEST,总资产净利率ROA(TTM不含少数股东)
capital_expenditure_yoy,security,snapshot;quarter,FALSE,,normal,,,AINVEST,资本支出(同比增长率)
holder_equity_total_yoy_growth_ratio,security,snapshot;quarter,FALSE,,normal,,,AINVEST,股东权益合计(同比增长率)
total_debt_yoy_growth_ratio,security,snapshot;quarter,FALSE,,normal,,,AINVEST,总负债(同比增长率)
gross_profit_yoy,security,snapshot;quarter,FALSE,,normal,%,,AINVEST,毛利(同比增长率)
free_cash_flow_yoy,security,snapshot;quarter,FALSE,,normal,%,,AINVEST,自由现金流量(同比增长率)
stock_price_of_50_day_moving_avg,security,0,TRUE,trade_class;time_period,normal,%,,AINVEST,股价相对50日移动平均线百分比
stock_price_of_50_day_moving_avg,security,0,TRUE,trade_class;time_period,normal,%,,AINVEST,股价相对50日移动平均线百分比
stock_price_of_200_day_moving_avg,security,0,TRUE,trade_class;time_period,normal,%,,AINVEST,股价相对200日移动平均线百分比
stock_price_of_200_day_moving_avg,security,0,TRUE,trade_class;time_period,normal,%,,AINVEST,股价相对200日移动平均线百分比
stdDev,security,snapshot,TRUE,,normal,,,AINVEST,标准差
cypto_active_buy_vol,security,min_15;min_30;min_60;min_120;min_240;min_360;min_720;day_1,FALSE,time_period,normal,,,AINVEST,数字币主动买入量
cypto_active_sell_vol,security,min_15;min_30;min_60;min_120;min_240;min_360;min_720;day_1,FALSE,time_period,normal,,,AINVEST,数字币主动卖出量
ext_metric_strike_price,security,snapshot,FALSE,,normal,,,AINVEST,行权价
indexAdvisor,security,snapshot,FALSE,,normal,,,AINVEST,指数提供商
fully_diluted_market_value,security,snapshot,TRUE,,normal,美元,,TIC,完全稀释市值
fully_diluted_market_value,security,snapshot,TRUE,,normal,美元,,TIC,完全稀释市值
per_person_net_profit,security,snapshot,TRUE,,normal,元,,AINVEST,每股净利润
etf_cfi_code,security,snapshot,FALSE,,normal,,,AINVEST,CFI 编码
fund_beta_5y,security,snapshot,TRUE,,normal,,,AINVEST,近5年beta (月度滚动)
fund_beta_3y,security,snapshot,TRUE,,normal,,,AINVEST,近3年beta (月度滚动)
fund_replication_strategy,security,snapshot,FALSE,,normal,,,AINVEST,复制策略
19,security,snapshot;quarter,FALSE,trade_class,normal,对应货币单位,,BASE_QUOTA,成交金额
19,security,snapshot;quarter,FALSE,trade_class,normal,对应货币单位,,BASE_QUOTA,成交金额
19,security,snapshot;quarter,FALSE,trade_class,normal,对应货币单位,,BASE_QUOTA,成交金额
19,security,snapshot;quarter,FALSE,trade_class,normal,对应货币单位,,BASE_QUOTA,成交金额
ext_metric_premium,security,snapshot,FALSE,,normal,,,AINVEST,期权溢价
ext_stat_opt_max_pain,security,snapshot,TRUE,,normal,,,AINVEST,最大痛苦点
ext_stat_opt_iv_avg,security,snapshot,TRUE,,normal,%,,AINVEST,标的所属期权的IV平均值
ext_stat_opt_volume_sum,security,snapshot;day_1,TRUE,,normal,,,AINVEST,标的所属期权成交量之和
ext_stat_opt_volume_put_call_ratio,security,snapshot,TRUE,,normal,,,AINVEST,标的所属期权的put/call成交量比率
ext_stat_opt_open_interest_sum,security,snapshot;day_1,TRUE,,normal,,,AINVEST,标的所属期权的持仓量之和
ext_stat_opt_open_interest_put_call_ratio,security,snapshot,TRUE,,normal,,,AINVEST,标的所属期权的put/call持仓量比率
underlying_symbol,security,snapshot,FALSE,,normal,,,AINVEST,期权的标的代码
ext_metric_theta,security,snapshot,FALSE,,normal,,,AINVEST,Theta
ext_metric_moneyness_type,security,snapshot,FALSE,,normal,,,AINVEST,价内价外类型
ext_metric_leverage_ratio,security,snapshot,FALSE,,normal,,,AINVEST,期权杠杆倍数
ext_metric_spread_ratio,security,snapshot,TRUE,,normal,%,,AINVEST,期权价差比率
ext_metric_vol_oi_ratio,security,snapshot,TRUE,,normal,,,AINVEST,成交量/持仓量
ext_metric_vega,security,snapshot,FALSE,,normal,,,AINVEST,Vega
ext_metric_rho,security,snapshot,FALSE,,normal,,,AINVEST,Rho
ext_metric_valid_leverage,security,snapshot,FALSE,,normal,,,AINVEST,期权有效杠杆
ext_metric_theoretical_price,security,snapshot,FALSE,,normal,,,AINVEST,期权理论价格
call_put_flag,security,snapshot,FALSE,,normal,,,AINVEST,看涨看跌类型
ext_metric_contract_multiplier,security,snapshot,FALSE,,normal,,,AINVEST,合约乘数
ext_metric_gamma,security,snapshot,FALSE,,normal,,,AINVEST,Gamma
ext_metric_contract_size,security,snapshot,FALSE,,normal,,,AINVEST,期权合约规模
ext_metric_delta,security,snapshot,FALSE,,normal,,,AINVEST,Delta
ext_metric_iv,security,snapshot,TRUE,,normal,,,AINVEST,IV
ext_metric_exp_date,security,snapshot,FALSE,,normal,,,AINVEST,期权到期日
ext_metric_iv_ratio,security,snapshot,TRUE,,normal,%,,AINVEST,期权隐含波动率
ext_metric_extrinsic_value,security,snapshot,FALSE,,normal,,,AINVEST,时间价值
ext_metric_intrinsic_value,security,snapshot,FALSE,,normal,,,AINVEST,内在价值
ext_metric_days_to_exp,security,snapshot,TRUE,,normal,,,AINVEST,期权剩余天数
65,security,snapshot,TRUE,,normal,,,BASE_QUOTA,未平仓合约
volume_call,security,min_1,FALSE,time_period,normal,,,AINVEST,期权统计--看涨成交量
volume_put,security,min_1,FALSE,time_period,normal,,,AINVEST,期权统计--看跌成交量
7,security,snapshot,FALSE,trade_class,normal,对应货币单位,,BASE_QUOTA,开盘价
7,security,snapshot,FALSE,trade_class,normal,对应货币单位,,BASE_QUOTA,开盘价
7,security,snapshot,FALSE,trade_class,normal,对应货币单位,,BASE_QUOTA,开盘价
7,security,snapshot,FALSE,trade_class,normal,对应货币单位,,BASE_QUOTA,开盘价
7,security,snapshot,FALSE,trade_class,normal,对应货币单位,,BASE_QUOTA,开盘价
10,security,snapshot,FALSE,trade_class,normal,对应货币单位,,BASE_QUOTA,最新价
10,security,snapshot,FALSE,trade_class,normal,对应货币单位,,BASE_QUOTA,最新价
10,security,snapshot,FALSE,trade_class,normal,对应货币单位,,BASE_QUOTA,最新价
10,security,snapshot,FALSE,trade_class,normal,对应货币单位,,BASE_QUOTA,最新价
10,security,snapshot,FALSE,trade_class,normal,对应货币单位,,BASE_QUOTA,最新价
opt_timing_l1_implied_move_pct,security,snapshot;day_1,FALSE,,normal,,,AINVEST,预期波动幅度
opt_liquidity_status_root,security,snapshot;day_1,FALSE,,normal,,,AINVEST,流动性柱状态（根级别）
ext_metric_option_bearish_turnover_min_1,security,min_1,FALSE,time_period,normal,,,AINVEST,大单看跌成交额（从开盘起）
ext_metric_option_bearish_turnover_day_1,security,day_1,FALSE,time_period,normal,,,AINVEST,大单看跌成交额（日）
ext_metric_option_bullish_turnover_min_1,security,min_1,FALSE,time_period,normal,,,AINVEST,大单看涨成交额（从开盘起）
ext_metric_option_bullish_turnover_day_1,security,day_1,FALSE,time_period,normal,,,AINVEST,大单看涨成交额（日）
国际北美etf@Latest Premium Rate,security,snapshot,TRUE,,normal,,,AINVEST,基金溢价率（最新）
issueDate,security,snapshot,TRUE,,normal,,,HURRICANE,基金发行日期
inr-price_amplitude_ratio_pct-max,security,min_*;day_*;week_*;month_*;year_*,TRUE,time_period;trade_class;period_type,normal,%,区间振幅（基于起始价）,TIC,区间振幅（基于起始价）
fundCategory,security,snapshot,TRUE,,normal,,,AINVEST,基金分类
ext_metric_security_class,security,snapshot,FALSE,,normal,,,AINVEST,证券类型（行情服务分类）
ext_metric_security_class,security,snapshot,FALSE,,normal,,,AINVEST,证券类型（行情服务分类）
24,security,snapshot,FALSE,trade_class,normal,%,,TIC,委托买入价格一
30,security,snapshot,FALSE,trade_class,normal,%,,TIC,委托卖出价格一
31,security,snapshot,FALSE,trade_class,normal,%,,TIC,委托卖出数量一
25,security,snapshot,FALSE,trade_class,normal,%,,TIC,委托买入数量一
price_to_fiftytwo_week_low_ratio,security,snapshot,TRUE,trade_class;time_period,normal,%,,AINVEST,股价相对52周最低价百分比
price_to_fiftytwo_week_low_ratio,security,snapshot,TRUE,trade_class;time_period,normal,%,,AINVEST,股价相对52周最低价百分比
constituent_market_cap,security,snapshot,TRUE,match_code,normal,元,,AINVEST,ETF持仓成分证券市值
repurchase_yield,security,day_1,FALSE,,ratio,%,,F10,回购收益率
price_cash_ratio,security,snapshot;day_1,TRUE,,normal,倍,,TIC,市价现金比
peg_ttm,security,snapshot;day_1,TRUE,,normal,倍,,TIC,动态PEG比率
dividend_ratio_pct_lfy,security,day_1,FALSE,,normal,,,TIC,上一财年股息率
ev_gp_ratio_ttm,security,day_1,FALSE,,normal,倍,,TIC,企业价值/滚动12个月毛利润
pfcf_ttm,security,day_1,FALSE,,normal,,,TIC,价格与自由现金流比
forward_dividend_ratio_pct,security,snapshot;day_1,TRUE,,normal,%,,TIC,向前股息率
pe_lyr,security,snapshot;day_1,TRUE,,normal,倍,,TIC,市盈率(LYR)
pe_mrq,security,snapshot;day_1,TRUE,,normal,倍,,TIC,市盈率(MRQ)
cypto_open_interest_notional_value,security,min_15;min_30;min_60;min_120;min_240;min_360;min_720;day_1,FALSE,time_period,normal,,,AINVEST,持仓价值
opt_sentiment_headline,security,snapshot;day_1,FALSE,,normal,,,AINVEST,情绪柱标题
opt_root_direction,security,snapshot;day_1,FALSE,,normal,,,AINVEST,方向信号
opt_root_recommended_side,security,snapshot;day_1,FALSE,,normal,,,AINVEST,推荐方向
opt_sentiment_status,security,snapshot;day_1,FALSE,,normal,,,AINVEST,情绪柱状态
opt_root_seller_score,security,snapshot;day_1,TRUE,,normal,,,AINVEST,卖方评分
opt_sentiment_score,security,snapshot;day_1,TRUE,,normal,,,AINVEST,情绪柱评分
opt_root_opportunity_type,security,snapshot;day_1,FALSE,,normal,,,AINVEST,机会类型
opt_value_score,security,snapshot;day_1,TRUE,,normal,,,AINVEST,价值柱评分
opt_activity_score,security,snapshot;day_1,TRUE,,normal,,,AINVEST,活跃度柱评分
opt_activity_status,security,snapshot;day_1,FALSE,,normal,,,AINVEST,活跃度柱状态
opt_root_summary,security,snapshot;day_1,FALSE,,normal,,,AINVEST,综合摘要
opt_liquidity_score,security,snapshot;day_1,TRUE,,normal,,,AINVEST,流动性柱评分
opt_value_status,security,snapshot;day_1,FALSE,,normal,,,AINVEST,价值柱状态
opt_value_headline,security,snapshot;day_1,FALSE,,normal,,,AINVEST,价值柱标题
opt_timing_score,security,snapshot;day_1,TRUE,,normal,,,AINVEST,时机柱评分
opt_liquidity_headline,security,snapshot;day_1,FALSE,,normal,,,AINVEST,流动性柱标题
opt_root_buyer_score,security,snapshot;day_1,TRUE,,normal,,,AINVEST,买方评分
opt_root_overall_score,security,snapshot;day_1,TRUE,,normal,,,AINVEST,期权综合评分
opt_timing_headline,security,snapshot;day_1,FALSE,,normal,,,AINVEST,时机柱标题
opt_sentiment_l1_volume_pcr,security,snapshot;day_1,TRUE,,normal,,,AINVEST,成交量看跌看涨比
opt_activity_headline,security,snapshot;day_1,FALSE,,normal,,,AINVEST,活跃度柱标题
opt_root_risk_level,security,snapshot;day_1,FALSE,,normal,,,AINVEST,风险等级
opt_timing_status,security,snapshot;day_1,FALSE,,normal,,,AINVEST,时机柱状态
opt_liquidity_tier,security,snapshot;day_1,FALSE,,normal,,,AINVEST,流动性柱tier
opt_activity_volume_surge_actual,security,snapshot;day_1,TRUE,,normal,,,AINVEST,实际激增倍数
opt_value_l1_iv_percentile,security,snapshot;day_1,TRUE,,normal,,,AINVEST,IV百分位
opt_root_confidence,security,snapshot;day_1,FALSE,,normal,,,AINVEST,置信度
opt_value_l1_iv_hv_ratio,security,snapshot;day_1,FALSE,,normal,,,AINVEST,IV/HV比率
opt_value_l1_iv_rank,security,snapshot;day_1,TRUE,,normal,,,AINVEST,IV排名(52周)
opt_value_iv_regime,security,snapshot;day_1,FALSE,,normal,,,AINVEST,价值柱IV体制
opt_activity_avg_20d_volume,security,snapshot;day_1,FALSE,,normal,,,AINVEST,20日平均成交量
opt_timing_l1_days_to_earnings,security,snapshot;day_1,TRUE,,normal,,,AINVEST,距财报天数
opt_activity_l1_volume_surge,security,snapshot;day_1,TRUE,,normal,,,AINVEST,成交量激增倍数
opt_timing_l1_theta_decay,security,snapshot;day_1,FALSE,,normal,,,AINVEST,日Theta衰减率
opt_liquidity_l1_atm_spread,security,snapshot;day_1,TRUE,,normal,,,AINVEST,ATM买卖价差
opt_timing_chk_pass_rate,security,snapshot;day_1,FALSE,,normal,,,AINVEST,时机检查通过率
opt_liquidity_chk_pass_rate,security,snapshot;day_1,FALSE,,normal,,,AINVEST,流动性检查通过率
opt_sentiment_chk_pass_rate,security,snapshot;day_1,FALSE,,normal,,,AINVEST,情绪检查通过率
opt_strategy_name,security,snapshot;day_1,FALSE,,normal,,,AINVEST,主策略名称
opt_activity_chk_pass_rate,security,snapshot;day_1,FALSE,,normal,,,AINVEST,活跃度检查通过率
opt_value_chk_pass_rate,security,snapshot;day_1,FALSE,,normal,,,AINVEST,价值检查通过率
ext_metric_listed_exchange,security,snapshot,FALSE,,normal,,,AINVEST,上市交易所编码
ext_metric_listed_exchange,security,snapshot,FALSE,,normal,,,AINVEST,上市交易所编码
stock_future_earnings,security,day_*,FALSE,time_period,normal,,,AINVEST,未来若干天的财报相关信息
ext_crypto_post_rank,security,min_240,FALSE,time_period,normal,,,AINVEST,ext_crypto_post_rank
stock_insider_watchlist,security,day_*,FALSE,time_period,normal,,,AINVEST,内部人交易汇总数据
insider_trade_history_sum,security,day_*,FALSE,time_period,normal,,,AINVEST,历史内部人交易数据汇总
per_share_cash_dividend_future,security,day_*,FALSE,time_period,normal,,,AINVEST,未来若干天的现金分红信息
financial_report_end_date,security,snapshot;quarter,TRUE,,normal,,,F10,财报截止日
ext_crypto_post_rank_change,security,min_240,TRUE,time_period,normal,,,AINVEST,ext_crypto_post_rank_change
stockdiag_overview_fundamental_rating,security,snapshot,TRUE,,normal,,,AINVEST,基本面评级
stockdiag_overview_total_score,security,snapshot,TRUE,,normal,,,AINVEST,诊股总得分
price_change,security,snapshot,FALSE,trade_class,normal,,,TIC,涨跌
holdings_month,security,day_1,FALSE,time_period,normal,,,AINVEST,持仓top10月度持仓列表
stockdiag_overview_technical_rating,security,snapshot,TRUE,,normal,,,AINVEST,技术面评级
stockdiag_overview_technical_score,security,snapshot,TRUE,,normal,,,AINVEST,技术面得分
stockdiag_overview_fundamental_score,security,snapshot,TRUE,,normal,,,AINVEST,基本面得分
stockdiag_overview_total_rating,security,snapshot,TRUE,,normal,,,AINVEST,诊股总评级
stockdiag_overview_sentiment_rating,security,snapshot,TRUE,,normal,,,AINVEST,情绪面评级
stockdiag_overview_sentiment_score,security,snapshot,TRUE,,normal,,,AINVEST,情绪面得分
fund_momentum_rating,prompt_id_self,day_1,TRUE,time_period,normal,,,AINVEST,动量最新得分
fund_perform_rating,prompt_id_self,day_1,TRUE,time_period,normal,,,AINVEST,表现最新得分
fund_overall_rating_diff_30d,prompt_id_self,day_1,TRUE,time_period,normal,,,AINVEST,综合得分30d差值
turnover_put,security,min_1,FALSE,time_period,normal,,,AINVEST,期权统计--看跌成交额
turnover_call,security,min_1,FALSE,time_period,normal,,,AINVEST,期权统计--看涨成交额
ext_metric_option_unknown_turnover_min_1,security,min_1,FALSE,time_period,normal,,,AINVEST,非看跌看涨成交额
fund_hold_fall_count,security,snapshot,FALSE,time_period;trade_class;period_type,normal,,,AINVEST,ETF持仓下跌家数
fund_hold_rise_count,security,snapshot,FALSE,time_period;trade_class;period_type,normal,,,AINVEST,ETF持仓上涨家数
sopr,chain_id,day_1,FALSE,time_period,normal,,,AINVEST,"SOPR
比特币已实现利润率"
ext_crypto_post_bullish_count,security,min_240,FALSE,time_period,normal,,,AINVEST,看牛帖子数量
ext_crypto_post_surge_rate,security,min_240,TRUE,time_period,normal,,,AINVEST,"Topic surge
（热度增长率）"
ext_crypto_post_bullish_abstract,security,min_240,FALSE,time_period,normal,,,AINVEST,看牛帖子摘要
active_addresses_deviation_rate,chain_id,day_1,FALSE,time_period,normal,,,AINVEST,活跃地址偏离度
mining_difficulty_change_rate,chain_id,day_1,FALSE,time_period,normal,,,AINVEST,挖矿难度变化率
hodl_1y_plus,chain_id,day_1,FALSE,time_period,normal,,,AINVEST,比特币HODL波浪（一年以上）
ext_crypto_post_count,security,min_240,FALSE,time_period,normal,,,AINVEST,帖子数量
ext_crypto_post_bearish_abstract,security,min_240,FALSE,time_period,normal,,,AINVEST,看熊帖子摘要
fundAnalystBuyNum,security,snapshot,TRUE,,normal,只,,FUND,分析师买入股票数
fundAnalystSellNum,security,snapshot,TRUE,,normal,只,,FUND,分析师卖出股票数
ext_crypto_unusual_activity,security,min_240,FALSE,time_period,normal,,,AINVEST,热度异动
ext_crypto_post_bearish_count,security,min_240,FALSE,time_period,normal,,,AINVEST,看熊帖子数量
med_spent_age,chain_id,day_1,FALSE,time_period,normal,,,AINVEST,"MSOL
比特币中位已花费输出寿命"
fundAnalystHoldNum,security,snapshot,TRUE,,normal,只,,FUND,分析师持有股票数
fundAnalystUnderperformMarketNum,security,snapshot,TRUE,,normal,只,,FUND,分析师跑输大盘股票数
fundAnalystHighlyRecommendNum,security,snapshot,TRUE,,normal,只,,FUND,分析师强力推荐股票数
ext_metric_sector_3_code,security,snapshot,FALSE,,normal,,,AINVEST,股票/ETF所属的三级行业指数代码
ext_metric_sector_3_code,security,snapshot,FALSE,,normal,,,AINVEST,股票/ETF所属的三级行业指数代码
ext_metric_sector_2_code,security,snapshot,FALSE,,normal,,,AINVEST,股票/ETF所属的二级行业指数代码
ext_metric_sector_2_code,security,snapshot,FALSE,,normal,,,AINVEST,股票/ETF所属的二级行业指数代码
ext_metric_sector_4_name,security,snapshot,FALSE,,normal,,,AINVEST,股票/ETF所属的四级行业名称
ext_metric_sector_4_name,security,snapshot,FALSE,,normal,,,AINVEST,股票/ETF所属的四级行业名称
ext_metric_sector_4_code,security,snapshot,FALSE,,normal,,,AINVEST,股票/ETF所属的四级行业指数代码
ext_metric_sector_4_code,security,snapshot,FALSE,,normal,,,AINVEST,股票/ETF所属的四级行业指数代码
ext_metric_sector_1_code,security,snapshot,FALSE,,normal,,,AINVEST,股票/ETF所属的一级行业指数代码
ext_metric_sector_1_code,security,snapshot,FALSE,,normal,,,AINVEST,股票/ETF所属的一级行业指数代码
ext_metric_sector_level,security,snapshot,FALSE,,normal,,,AINVEST,指数代码行业等级
ext_usdt_dominance_pct_chg_24h,market_env,snapshot,FALSE,,normal,,,AINVEST,USDT市值占比24小时变化%
ext_bnb_dominance_pct_chg_24h,market_env,snapshot,FALSE,,normal,,,AINVEST,BNB市值占比24小时变化%
ext_crypto_post_ai_direction,security,min_240,FALSE,time_period,normal,,,AINVEST,ext_crypto_post_ai_direction
ext_metric_crypto_volume_ratio,security,min_240,FALSE,time_period,normal,,,AINVEST,数字币成交量增幅
fundAssetTypeRegion,security,snapshot,FALSE,,normal,,,AINVEST,基金资产地区分布
fundAssetTypeMarketValue,security,snapshot,FALSE,,normal,,,AINVEST,基金资产市值分布
ext_metric_event_return,security,snapshot,TRUE,event_id,normal,,,AINVEST,事件区间回报率
ext_metric_event_drawdown_begin_date,security,snapshot,TRUE,event_id,normal,,,AINVEST,事件区间最大回撤开始日期
ext_metric_has_opt,security,snapshot,FALSE,,normal,,,AINVEST,是否有期权
ext_metric_has_opt,security,snapshot,FALSE,,normal,,,AINVEST,是否有期权
fundAssetTypeIndustry,security,snapshot,FALSE,,normal,,,AINVEST,基金资产行业分布
ext_metric_event_recover_date,security,snapshot,TRUE,event_id,normal,,,AINVEST,事件区间最大回撤修复日期
ext_metric_event_volatility,security,snapshot,TRUE,event_id,normal,,,AINVEST,事件区间波动率
ext_metric_event_drawdown_end_date,security,snapshot,TRUE,event_id,normal,,,AINVEST,事件区间最大回撤结束日期
ext_metric_event_max_drawdown_ratio,security,snapshot,TRUE,event_id,normal,,,AINVEST,事件区间最大回撤比率
fund_flow_reason,prompt_id_self,day_1,FALSE,time_period,normal,,,AINVEST,资金流评分变动原因
fund_fundamental_reason,prompt_id_self,day_1,FALSE,time_period,normal,,,AINVEST,基本面评分变动原因
fund_momentum_reason,prompt_id_self,day_1,FALSE,time_period,normal,,,AINVEST,动量评分变动原因
fund_safe_reason,prompt_id_self,day_1,FALSE,time_period,normal,,,AINVEST,安全评分变动原因
ext_metric_event_vs_spy,security,snapshot,TRUE,event_id,normal,,,AINVEST,事件区间对比SPY的涨幅差
hold_top10_weight,security,day_1,FALSE,time_period,normal,,,AINVEST,持仓top10年度占比
block_etf_risekline,security,snapshot,TRUE,match_code,normal,,,AINVEST,和指数的业绩相似度
fundMarketCapMedian,security,snapshot,TRUE,,normal,,,AINVEST,持仓市值中位数
fund_fundamental_mean_rating,prompt_id_self,snapshot,FALSE,,normal,,,AINVEST,基本面平均分
fund_fundamental_rating,prompt_id_self,day_1,TRUE,time_period,normal,,,AINVEST,基本面最新得分
fund_overall_mean_rating,prompt_id_self,snapshot,FALSE,,normal,,,AINVEST,综合平均分
fund_overall_rating,prompt_id_self,day_1,TRUE,time_period,normal,,,AINVEST,综合最新得分
fund_safe_mean_rating,prompt_id_self,snapshot,FALSE,,normal,,,AINVEST,安全平均分
hold_top10_net_profit_ttm,security,day_1,FALSE,time_period,normal,,,AINVEST,持仓top10年度净利润TTM
hold_top10_operating_income_total_ttm,security,day_1,FALSE,time_period,normal,,,AINVEST,持仓top10年度营业收入TTM
fund_flow_rating,prompt_id_self,day_1,TRUE,time_period,normal,,,AINVEST,资金流最新得分
fund_momentum_mean_rating,prompt_id_self,snapshot,FALSE,,normal,,,AINVEST,动量平均分
fund_perform_mean_rating,prompt_id_self,snapshot,FALSE,,normal,,,AINVEST,表现平均分
fund_perform_reason,prompt_id_self,day_1,FALSE,time_period,normal,,,AINVEST,表现评分变动原因
fund_flow_mean_rating,prompt_id_self,snapshot,FALSE,,normal,,,AINVEST,资金流平均分
fund_safe_rating,prompt_id_self,day_1,TRUE,time_period,normal,,,AINVEST,安全最新得分
fund_outflow,security,min_5;min_30;min_60;min_240;day_1;week_1;month_1,FALSE,time_period,normal,,,AINVEST,数字币资金流出
fund_net_flow,security,min_5;min_30;min_60;min_240;day_1;week_1;month_1,FALSE,time_period,normal,,,AINVEST,数字币资金净流入
fund_inflow,security,min_5;min_30;min_60;min_240;day_1;week_1;month_1,FALSE,time_period,normal,,,AINVEST,数字币资金流入
ext_metric_sector_3_name,security,snapshot,FALSE,,normal,,,AINVEST,股票/ETF所属的三级行业名称
ext_metric_sector_3_name,security,snapshot,FALSE,,normal,,,AINVEST,股票/ETF所属的三级行业名称
ext_metric_sector_2_name,security,snapshot,FALSE,,normal,,,AINVEST,股票/ETF所属的二级行业名称
ext_metric_sector_2_name,security,snapshot,FALSE,,normal,,,AINVEST,股票/ETF所属的二级行业名称
financial_announcement_traceability,security,quarter,TRUE,time_period,normal,,,F10,财报公告溯源原网地址
phone_meeting_file_link,security,quarter,TRUE,time_period,normal,,,F10,电话会议文件链接
phone_meeting_title,security,quarter,TRUE,time_period,normal,,,F10,电话会议标题
analyst_rating_newest,security,snapshot,TRUE,,normal,,,AINVEST,股票分析师评级
国际北美etf@Investment Direction,security,snapshot,TRUE,,normal,,,AINVEST,美股ETF多空类型
principal_repayment_method,security,snapshot,FALSE,,normal,,,F10,本金偿还方式
next_resale_date,security,snapshot,FALSE,,normal,,,F10,下次回售日
maturity_type,security,snapshot,FALSE,,normal,,,F10,到期类型
issue_currency_code,security,snapshot,FALSE,,normal,,,F10,发行货币编码
next_interest_reset_date,security,snapshot,FALSE,,normal,,,F10,下一次利息重置日
next_redeem_date,security,snapshot,FALSE,,normal,,,F10,下次赎回日
国际北美etf@Benchmark HQ Code(AInvest),security,snapshot,TRUE,,normal,,,AINVEST,ETF基准代码
fundDivTaxType,security,snapshot,TRUE,,normal,,,AINVEST,分红税类型
fundNiche,security,snapshot,TRUE,,normal,,,AINVEST,利基
55,security,snapshot,FALSE,,normal,,,AINVEST,代码名称
55,security,snapshot,FALSE,,normal,,,AINVEST,代码名称
next_payment_date,security,snapshot,FALSE,,normal,,,AINVEST,下一个付息日
ext_us_stock_magic_signal_down_count,market_env,day_1,FALSE,time_period,normal,,,AINVEST,股票的神奇电波看跌统计
fundDistributor,security,snapshot,TRUE,,normal,,,AINVEST,分销商
fundGeography,security,snapshot,TRUE,,normal,,,AINVEST,地理
fundStrategy,security,snapshot,TRUE,,normal,,,AINVEST,策略
fundWeightingScheme,security,snapshot,TRUE,,normal,,,AINVEST,加权方案
fundFocus,security,snapshot,TRUE,,normal,,,AINVEST,焦点
ext_metric_trade_time,security,snapshot,FALSE,,normal,,,AINVEST,美股市场当前交易时间戳
inr-total_market_value_perf-cust,security,day_1,TRUE,time_period;trade_class;period_type,normal,,区间市值表现,TIC,区间市值表现
inr-volume-avg,security,day_20;min_*;day_*;week_*;month_*;year_*,TRUE,time_period;trade_class;period_type,normal,股,区间平均成交量,TIC,区间平均成交量
65541,security,snapshot,FALSE,,normal,,,AINVEST,交易阶段
65541,security,snapshot,FALSE,,normal,,,AINVEST,交易阶段
65541,security,snapshot,FALSE,,normal,,,AINVEST,交易阶段
stockdiag_total_score_chg_rate,security,snapshot,TRUE,,normal,%,,ainvest,诊股总分日变化率
inr-open_price_change_ratio_pct_diff-sum,security,min_*;day_*;week_*;month_*;year_*,TRUE,time_period;trade_class;period_type;match_code,normal,,区间涨幅差(开盘价计算),TIC,区间涨幅差(开盘价计算)
active_buy_mid_order_volume,security,snapshot,TRUE,,normal,,,BASE_QUOTA,主动买入中单量
active_buy_mid_order_volume,security,snapshot,TRUE,,normal,,,BASE_QUOTA,主动买入中单量
active_buy_mid_order_volume,security,snapshot,TRUE,,normal,,,BASE_QUOTA,主动买入中单量
price_to_fiftytwo_week_high_current_ratio,security,0,TRUE,trade_class;time_period,normal,%,,AINVEST,当前股价相对52周最高价百分比（包含当前交易日）
price_to_fiftytwo_week_high_current_ratio,security,0,TRUE,trade_class;time_period,normal,%,,AINVEST,当前股价相对52周最高价百分比（包含当前交易日）
price_to_fiftytwo_week_high_ratio,security,0,TRUE,trade_class;time_period,normal,%,,AINVEST,股价相对52周最高价百分比
price_to_fiftytwo_week_high_ratio,security,0,TRUE,trade_class;time_period,normal,%,,AINVEST,股价相对52周最高价百分比
ext_us_stock_trend_sight_up_count,market_env,day_1,FALSE,time_period,normal,,,AINVEST,股票的趋势跟踪看涨统计
stock_quant_algorithm,market_env,snapshot,FALSE,,normal,,,AINVEST,量化算法交易
open_price_change_ratio_pct,security,snapshot,TRUE,trade_class,normal,%,,TIC,涨幅（基于开盘价）
open_price_change_ratio_pct,security,snapshot,TRUE,trade_class,normal,%,,TIC,涨幅（基于开盘价）
open_price_change_ratio_pct,security,snapshot,TRUE,trade_class,normal,%,,TIC,涨幅（基于开盘价）
active_sell_large_order_amount,security,snapshot,TRUE,,normal,对应货币单位,,BASE_QUOTA,主动卖出大单金额
active_sell_large_order_amount,security,snapshot,TRUE,,normal,对应货币单位,,BASE_QUOTA,主动卖出大单金额
active_sell_large_order_amount,security,snapshot,TRUE,,normal,对应货币单位,,BASE_QUOTA,主动卖出大单金额
active_sell_large_order_count,security,snapshot,TRUE,,normal,,,BASE_QUOTA,主动卖出大单笔数
active_sell_large_order_count,security,snapshot,TRUE,,normal,,,BASE_QUOTA,主动卖出大单笔数
active_sell_large_order_count,security,snapshot,TRUE,,normal,,,BASE_QUOTA,主动卖出大单笔数
passive_sell_large_order_volume,security,snapshot,TRUE,,normal,,,BASE_QUOTA,被动卖出大单量
passive_sell_large_order_volume,security,snapshot,TRUE,,normal,,,BASE_QUOTA,被动卖出大单量
passive_sell_large_order_volume,security,snapshot,TRUE,,normal,,,BASE_QUOTA,被动卖出大单量
passive_sell_mega_order_volume,security,snapshot,TRUE,,normal,,,BASE_QUOTA,被动卖出特大单量
passive_sell_mega_order_volume,security,snapshot,TRUE,,normal,,,BASE_QUOTA,被动卖出特大单量
passive_sell_mega_order_volume,security,snapshot,TRUE,,normal,,,BASE_QUOTA,被动卖出特大单量
passive_buy_mid_order_volume,security,snapshot,TRUE,,normal,,,BASE_QUOTA,被动买入中单量
passive_buy_mid_order_volume,security,snapshot,TRUE,,normal,,,BASE_QUOTA,被动买入中单量
passive_buy_mid_order_volume,security,snapshot,TRUE,,normal,,,BASE_QUOTA,被动买入中单量
active_buy_mega_order_amount,security,snapshot,TRUE,,normal,对应货币单位,,BASE_QUOTA,主动买入特大单金额
active_buy_mega_order_amount,security,snapshot,TRUE,,normal,对应货币单位,,BASE_QUOTA,主动买入特大单金额
active_buy_mega_order_amount,security,snapshot,TRUE,,normal,对应货币单位,,BASE_QUOTA,主动买入特大单金额
passive_buy_large_order_count,security,snapshot,TRUE,,normal,,,BASE_QUOTA,被动买入大单笔数
passive_buy_large_order_count,security,snapshot,TRUE,,normal,,,BASE_QUOTA,被动买入大单笔数
passive_buy_large_order_count,security,snapshot,TRUE,,normal,,,BASE_QUOTA,被动买入大单笔数
price_to_fiftytwo_week_low_current_ratio,security,0,TRUE,trade_class;time_period,normal,%,,AINVEST,当前股价相对52周最低价百分比（包含当前交易日）
price_to_fiftytwo_week_low_current_ratio,security,0,TRUE,trade_class;time_period,normal,%,,AINVEST,当前股价相对52周最低价百分比（包含当前交易日）
active_sell_mega_order_amount,security,snapshot,TRUE,,normal,对应货币单位,,BASE_QUOTA,主动卖出特大单金额
active_sell_mega_order_amount,security,snapshot,TRUE,,normal,对应货币单位,,BASE_QUOTA,主动卖出特大单金额
active_sell_mega_order_amount,security,snapshot,TRUE,,normal,对应货币单位,,BASE_QUOTA,主动卖出特大单金额
settling_date,security,snapshot,FALSE,,normal,,,F10,交割日期
payment_method_code,security,snapshot,FALSE,,normal,,,F10,结算方式编码
employee_number,security,snapshot;quarter,TRUE,,normal,人,,F10,员工人数
constituent_shares,security,snapshot,TRUE,match_code,normal,股,,AINVEST,ETF持仓成分证券股数
operating_income_total_qoq,security,snapshot,TRUE,,normal,%,,AINVEST,营业收入(同比增长率)
operating_income_total_ttm_yoy,security,snapshot,TRUE,,normal,%,,AINVEST,营业总收入TTM(同比增长率)
per_person_research_costs,security,snapshot,TRUE,,normal,元,,AINVEST,人均研发费用
per_person_debt,security,snapshot,TRUE,,normal,元,,AINVEST,人均总债务
per_person_assets_total,security,snapshot,TRUE,,normal,元,,AINVEST,人均总资产
balanced_eps_ttm_yoy,security,snapshot,TRUE,,normal,%,,AINVEST,基本每股收益TTM(同比增长率)
net_profit_qoq,security,snapshot,TRUE,,normal,%,,AINVEST,归属母公司股东的净利润(同比增长率)
per_person_operating_income_total,security,snapshot,TRUE,,normal,元,,AINVEST,人均营收
gross_profit_ttm_yoy,security,snapshot,TRUE,,normal,%,,AINVEST,毛利TTM(同比增长率)
ebitda_ttm_yoy,security,snapshot,TRUE,,normal,%,,AINVEST,EBITDA(TTM，同比增长率)
free_cash_flow_ttm_yoy,security,snapshot,TRUE,,normal,%,,AINVEST,自由现金流量TTM(同比增长率)
per_person_free_cash_flow,security,snapshot,TRUE,,normal,元,,AINVEST,人均自由现金流
cash_equivalents_short_term_investments,security,snapshot;quarter,TRUE,,normal,元,,F10,现金及现金等价物及短期投资
now_year_return_ratio,security,snapshot,TRUE,,normal,%,,F10,今年回报率
balanced_diluted_eps_ttm_yoy,security,snapshot,TRUE,,normal,%,,AINVEST,稀释每股收益TTM(同比增长率)
assets_total,security,snapshot,TRUE,,normal,,,TIC,总资产
per_share_cash_dividend,security,quarter,TRUE,time_period,normal,元,,F10,每股现金分红
debt_equity_ratio,security,snapshot;quarter,TRUE,,normal,%,,F10,负债与权益比率
per_share_dividend_factor_financial_year,security,snapshot;quarter,TRUE,,normal,元,,F10,"每股分红(复权,财年)"
per_share_dividend_factor_financial_year_growth,security,snapshot,TRUE,,normal,年,,F10,持续股息增长
per_share_dividend_factor_financial_year_dividend,security,snapshot,TRUE,,normal,年,,F10,持续分红
total_debt_v2,security,snapshot,FALSE,,normal,元,,AINVEST,负债合计(新体系)
next_redeem_price,security,snapshot,FALSE,,normal,元,,F10,下次赎回价
bond_minimum_trade_amount,security,snapshot,TRUE,,normal,元,,F10,最低交易金额
whole_invested_capital,security,snapshot;quarter,FALSE,,normal,,,AINVEST,全部投入资本
next_resale_price,security,snapshot,FALSE,,normal,元,,F10,下次回售价
accounts_receivable_to_operating_income_total,security,snapshot;quarter,FALSE,,normal,,,AINVEST,应收账款/营业总收入
total_operating_expenses,security,snapshot;quarter,FALSE,,normal,,,AINVEST,总运营费用
capex_to_revenue,security,snapshot;quarter,FALSE,,normal,,,AINVEST,资本支出/营业收入
capex_to_total_assets,security,snapshot;quarter,FALSE,,normal,,,AINVEST,资本支出/总资产
current_assets_to_total_assets,security,snapshot;quarter,FALSE,,normal,,,AINVEST,流动资产/总资产
current_liabilities_divide_total_liabilities,security,snapshot;quarter,FALSE,,normal,,,AINVEST,流动负债/负债合计
operating_profit_divide_debt_total,security,snapshot;quarter,FALSE,,normal,,,AINVEST,营业利润/负债合计
tangible_assets_to_total_assets_ratio,security,snapshot;quarter,FALSE,,normal,,,AINVEST,有形资产净值/总资产
accounts_payable_qoq_growth,security,snapshot;quarter,FALSE,,normal,,,AINVEST,环比增长-应付账款
business_cycle,security,snapshot;quarter,FALSE,,normal,,,AINVEST,营业周期
annualized_roe,security,snapshot;quarter,FALSE,,normal,,,AINVEST,净资产收益率(年化)
finance_expenses_divide_income_total,security,snapshot;quarter,FALSE,,normal,,,AINVEST,财务费用率
inventory_turnover_days,security,snapshot;quarter,FALSE,,normal,,,AINVEST,存货周转天数
net_profit_to_profit_total,security,snapshot;quarter,FALSE,,normal,,,AINVEST,净利润/利润总额
operating_cash_flow_net_divide_current_debt,security,snapshot;quarter,FALSE,,normal,,,AINVEST,经营活动产生的现金流量净额/流动负债
operating_cash_flow_net_divide_debt_total,security,snapshot;quarter,FALSE,,normal,,,AINVEST,经营活动产生的现金流量净额/负债合计
operating_profit_divide_profit_total,security,snapshot;quarter,FALSE,,normal,,,AINVEST,营业利润/利润总额
total_assets_return_ratio_ttm,security,snapshot;quarter,FALSE,,normal,,,AINVEST,总资产报酬率ROA(TTM)
total_liabilities_mrq,security,snapshot;quarter,FALSE,,normal,,,AINVEST,负债合计(MRQ)
short_term_and_long_term_investments_to_total_assets_ratio,security,snapshot;quarter,FALSE,,normal,,,AINVEST,总投资/总资产
parent_equity_to_debt_yoy,security,snapshot;quarter,FALSE,,normal,,,AINVEST,归属于母公司的股东权益/负债合计(同比增长率)
monetary_capital_divide_current_liabilities_yoy,security,snapshot;quarter,FALSE,,normal,,,AINVEST,货币资金/流动负债(同比增长率)
non_current_assets_divide_total_assets,security,snapshot;quarter,FALSE,,normal,,,AINVEST,非流动资产/总资产
non_current_liabilities_divide_total_liabilities,security,snapshot;quarter,FALSE,,normal,,,AINVEST,非流动负债/负债合计
operating_cash_flow_net_divide_net_debt,security,snapshot;quarter,FALSE,,normal,,,AINVEST,经营活动产生的现金流量净额/净债务
operating_profit_to_current_debt,security,snapshot;quarter,FALSE,,normal,,,AINVEST,营业利润/流动负债
parent_net_profit_divide_revenue,security,snapshot;quarter,FALSE,,normal,,,AINVEST,归属母公司股东净利润/营业收入
average_roa,security,snapshot;quarter,FALSE,,normal,,,AINVEST,平均资产收益率
employed_capital_return_ratio,security,snapshot;quarter,FALSE,,normal,,,AINVEST,已动用资本回报率ROCE
parent_net_profit_to_net_profit,security,snapshot;quarter,FALSE,,normal,,,AINVEST,归属母公司股东净利润/净利润
ebit_ttm_yoy,security,snapshot;quarter,FALSE,,normal,,,AINVEST,息税折旧摊销前利润/负债合计(同比增长率)
act_cash_flow_net_qoq_growth,security,snapshot;quarter,FALSE,,normal,,,AINVEST,环比增长-经营活动现金流量
cost_expense_profit_ratio,security,snapshot;quarter,FALSE,,normal,,,AINVEST,成本费用利润率
finance_expenses_divide_income_total_ttm,security,snapshot;quarter,FALSE,,normal,,,AINVEST,财务费用率(TTM)
profit_total_to_ebit,security,snapshot;quarter,FALSE,,normal,,,AINVEST,利润总额/息税前利润
sale_period_fee_ratio_ttm,security,snapshot;quarter,FALSE,,normal,,,AINVEST,销售期间费用率(TTM)
receive_accounts_turnover_days,security,snapshot;quarter,FALSE,,normal,,,AINVEST,应收账款周转天数
sale_period_fee_ratio,security,snapshot;quarter,FALSE,,normal,,,AINVEST,销售期间费用率
company_free_cash_flow_qoq_growth,security,snapshot;quarter,FALSE,,normal,,,AINVEST,环比增长-企业现金流
cash_equivalents_net_addition_qoq_growth,security,snapshot;quarter,FALSE,,normal,,,AINVEST,环比增长-现金变动净额
current_assets_turnover_ratio,security,snapshot;quarter,FALSE,,normal,,,AINVEST,流动资产周转率
capital_invested_return_ratio_parent_holder,security,snapshot;quarter,FALSE,,normal,,,AINVEST,投入资本回报率ROIC(归母净利润法)
income_tax_divide_profit_total_ttm,security,snapshot;quarter,FALSE,,normal,,,AINVEST,所得税/利润总额(TTM)
times_interest_earned,security,snapshot;quarter,FALSE,,normal,,,AINVEST,已获利息倍数(EBIT/利息费用)
common_shareholders_net_profit_qoq_growth,security,snapshot;quarter,FALSE,,normal,,,AINVEST,环比增长-普通股东所得净利润
working_capital_qoq_growth,security,snapshot;quarter,FALSE,,normal,,,AINVEST,环比增长-营运资本
ebit_yoy_growth_ratio,security,snapshot;quarter,FALSE,,normal,,,AINVEST,已获利息倍数EBIT/利息费用(同比增长率)
long_term_debt_to_working_capital_yoy,security,snapshot;quarter,FALSE,,normal,,,AINVEST,长期债务与营运资金比率(同比增长率)
ebitda_interest_coverage_ratio_ttm,security,snapshot;quarter,FALSE,,normal,,,AINVEST,EBITDA利息覆盖率(TTM)
holder_equity_divide_debt_total,security,snapshot;quarter,FALSE,,normal,,,AINVEST,归属于母公司的股东权益/负债合计
holder_equity_divide_interest_bearing_debt,security,snapshot;quarter,FALSE,,normal,,,AINVEST,归属于母公司的股东权益/带息债务
long_term_debt_to_working_capital,security,snapshot;quarter,FALSE,,normal,,,AINVEST,长期债务与营运资金比率
operating_costs_total_divide_income_total,security,snapshot;quarter,FALSE,,normal,,,AINVEST,营业总成本/营业总收入
sale_costs_ratio,security,snapshot;quarter,FALSE,,normal,,,AINVEST,销售成本率
per_net_assets_yoy_growth_ratio,security,snapshot;quarter,FALSE,,normal,,,AINVEST,每股净资产(同比增长率)
cash_equivalents_net_addition_yoy_growth_ratio,security,snapshot;quarter,FALSE,,normal,,,AINVEST,现金净流量(同比增长率)
staff_number_hb_rate,security,snapshot;quarter,FALSE,,normal,,,AINVEST,环比增长-职工
ebitda_less_capex_interest_coverage_ratio_ttm,security,snapshot;quarter,FALSE,,normal,,,AINVEST,EBITDA减去资本支出利息覆盖率(TTM)
holder_equity_divide_all_invested_capital,security,snapshot;quarter,FALSE,,normal,,,AINVEST,归属母公司股东的权益/全部投入资本
interest_bearing_debt_divide_all_invested_capital,security,snapshot;quarter,FALSE,,normal,,,AINVEST,带息债务/全部投入资本
net_debt_to_equity_ratio,security,snapshot;quarter,FALSE,,normal,,,AINVEST,净债务/股东权益
operating_profit_qoq_growth,security,snapshot;quarter,FALSE,,normal,,,AINVEST,环比增长-营业利润
parent_holder_equity_total_yoy_growth_ratio,security,snapshot;quarter,FALSE,,normal,,,AINVEST,归属母公司股东的权益(同比增长率)
full_diluted_roe_yoy_growth_ratio,security,snapshot;quarter,FALSE,,normal,,,AINVEST,净资产收益率(摊薄)(同比增长率)
tangible_asset_to_net_debt,security,snapshot;quarter,FALSE,,normal,,,AINVEST,有形资产/净债务
operating_income_total_yoy,security,snapshot;quarter,FALSE,,normal,,,AINVEST,营业总收入(同比增长率)
profit_before_tax_yoy_growth_ratio,security,snapshot;quarter,FALSE,,normal,,,AINVEST,税前利润(同比增长率)
act_cash_flow_net_yoy,security,snapshot;quarter,FALSE,,normal,,,AINVEST,经营活动产生的现金流量净额(同比增长率)
supply_in_loss,chain_id,day_1,FALSE,time_period,normal,,,AINVEST,比特币亏损总供应量
percentage_of_transaction_fees_in_miners_revenue,chain_id,day_1,FALSE,time_period,normal,,,AINVEST,矿工费用收入占比
cdd,chain_id,day_1,FALSE,time_period,normal,,,AINVEST,"CDD
比特币币龄销毁"
change_net_income_divide_profit_total,security,snapshot;quarter,FALSE,,normal,,,AINVEST,价值变动净收益/利润总额
vdd_multiple,chain_id,day_1,FALSE,time_period,normal,,,AINVEST,比特币VDD倍数
utxo_in_loss,chain_id,day_1,FALSE,time_period,normal,,,AINVEST,比特币亏损UTXO数量
utxo_in_profit,chain_id,day_1,FALSE,time_period,normal,,,AINVEST,比特币盈利UTXO数量
supply_in_profit,chain_id,day_1,FALSE,time_period,normal,,,AINVEST,比特币盈利总供应量
operating_costs_total_divide_income_total_ttm,security,snapshot;quarter,FALSE,,normal,,,AINVEST,营业总成本/营业总收入(TTM)
operating_net_income_divide_profit_total,security,snapshot;quarter,FALSE,,normal,,,AINVEST,经营活动净收益/利润总额
cypto_open_interest,security,min_15;min_30;min_60;min_120;min_240;min_360;min_720;day_1,FALSE,time_period,normal,,,AINVEST,（交易所）合约持仓量
tangible_net_assets,security,snapshot;quarter,FALSE,,normal,,,AINVEST,有形资产净值
monetary_capital_divide_current_liabilities_total,security,snapshot;quarter,FALSE,,normal,,,AINVEST,货币资金/流动负债
change_net_income_divide_profit_total_ttm,security,snapshot;quarter,FALSE,,normal,,,AINVEST,价值变动净收益/利润总额(TTM)
capital_expenditure_divide_depreciation_amortization,security,snapshot;quarter,FALSE,,normal,,,AINVEST,资本支出/折旧和摊销
index_per_operating_cash_flow_net,security,snapshot;quarter,FALSE,,normal,,,AINVEST,每股经营活动产生的现金流量净额
per_interest_tax_earnings,security,snapshot;quarter,FALSE,,normal,,,AINVEST,每股息税前利润
tangible_assets,security,snapshot;quarter,FALSE,,normal,,,AINVEST,有形资产
tangible_assets_divide_debt_total,security,snapshot;quarter,FALSE,,normal,,,AINVEST,有形资产/负债合计
per_cash_flow_net_increase,security,snapshot;quarter,FALSE,,normal,,,AINVEST,每股现金流量净额
net_working_capital,security,snapshot;quarter,FALSE,,normal,,,AINVEST,净营运资本
change_net_income,security,snapshot;quarter,FALSE,,normal,,,AINVEST,价值变动净收益
interest_free_non_current_liabilities,security,snapshot;quarter,FALSE,,normal,,,AINVEST,无息非流动负债
working_capital,security,snapshot;quarter,FALSE,,normal,,,AINVEST,营运资本
bond_minimum_increment_amount,security,snapshot,FALSE,,normal,元,,F10,最低变动金额
bond_first_issue_amount_total,security,snapshot,FALSE,,normal,元,,F10,发行总额_首发
stockdiag_fundamental_dividend_paidratio,security,snapshot,FALSE,,normal,,,AINVEST,盈利/现金支付比率模块
etfPb,security,day_1,TRUE,time_period,normal,,,AINVEST,ETF市净率
yield_to_maturity,security,day_1,TRUE,time_period,normal,,,AINVEST,债券收益率
conservative_quick_ratio,security,snapshot;quarter,FALSE,,normal,,,AINVEST,保守速动比率
adjustedNav,security,day_1,TRUE,time_period,normal,,,AINVEST,前复权基金净值
stockdiag_fundamental_dividend_stability,security,snapshot,FALSE,,normal,,,AINVEST,股息稳定性与增长模块
stockdiag_fundamental_future_roe,security,snapshot,FALSE,,normal,,,AINVEST,未来ROE模块
stockdiag_fundamental_past_revenuebreakdown,security,snapshot,FALSE,,normal,,,AINVEST,收入支出分流图模块
stockdiag_overview_fundamental_returns,security,snapshot,FALSE,,normal,,,AINVEST,股东回报模块
stockdiag_fundamental_future_growthforecast,security,snapshot,FALSE,,normal,,,AINVEST,营收盈利增长预测模块
stockdiag_fundamental_health_balancesheet,security,snapshot,FALSE,,normal,,,AINVEST,资产负债表模块
stockdiag_sentiment_analysis_module,security,snapshot,FALSE,,normal,,,AINVEST,情绪面分析模块
stockdiag_fundamental_past_earningsrevenue,security,snapshot,FALSE,,normal,,,AINVEST,营收盈利柱状图模块
etfPe,security,day_1,TRUE,time_period,normal,,,AINVEST,ETF市盈率
stockdiag_fundamental_value_dcf,security,snapshot,FALSE,,normal,,,AINVEST,股价vs现金流价值模块
stockdiag_fundamental_dividend_yieldvsmarket,security,snapshot,FALSE,,normal,,,AINVEST,股息率对比市场模块
stockdiag_technical_analysis_module,security,snapshot,FALSE,,normal,,,AINVEST,技术面分析模块
stockdiag_fundamental_legacy_totalscore,security,snapshot,FALSE,,normal,,,AINVEST,一期基本面因子总分
stockdiag_fundamental_dividend_score,security,snapshot,FALSE,,normal,,,AINVEST,Dividend维度得分
stockdiag_fundamental_past_rating,security,snapshot,FALSE,,normal,,,AINVEST,Past维度评级
stockdiag_fundamental_future_score,security,snapshot,FALSE,,normal,,,AINVEST,Future维度得分
stockdiag_fundamental_past_fcfanalysis,security,snapshot,FALSE,,normal,,,AINVEST,FCF vs Earnings分析模块
stockdiag_overview_fundamental_summary,security,snapshot,FALSE,,normal,,,AINVEST,基本面摘要模块
stockdiag_fundamental_health_score,security,snapshot,FALSE,,normal,,,AINVEST,Health维度得分
stockdiag_fundamental_health_rating,security,snapshot,FALSE,,normal,,,AINVEST,Health维度评级
stockdiag_fundamental_past_score,security,snapshot,FALSE,,normal,,,AINVEST,Past维度得分
stockdiag_fundamental_value_score,security,snapshot,FALSE,,normal,,,AINVEST,Value维度得分
stockdiag_fundamental_value_rating,security,snapshot,FALSE,,normal,,,AINVEST,Value维度评级
stockdiag_fundamental_future_rating,security,snapshot,FALSE,,normal,,,AINVEST,Future维度评级
stockdiag_fundamental_value_historypx,security,snapshot,FALSE,,normal,,,AINVEST,历史PE走势模块
stockdiag_fundamental_health_debtequity,security,snapshot,FALSE,,normal,,,AINVEST,债务权益历史模块
stockdiag_fundamental_dividend_rating,security,snapshot,FALSE,,normal,,,AINVEST,Dividend维度评级
stockdiag_fundamental_value_keymetric,security,snapshot,FALSE,,normal,,,AINVEST,关键估值指标模块
stockdiag_fundamental_legacy_factormodule,security,snapshot,FALSE,,normal,,,AINVEST,一期基本面因子分析模块
future_release_earnings_relation_information,security,day_*,FALSE,time_period,normal,,,f10,未来财报相关信息
remain_payment_count,security,snapshot,FALSE,,normal,次,,f10,剩余付息次数
65551,security,snapshot,FALSE,,normal,,,AINVEST,展示代码
premium_rate,security,day_1,FALSE,,normal,,,AINVEST,基金溢价率
国际北美etf@Holding Stock Weight(View),security,snapshot,TRUE,match_code,normal,,,AINVEST,ETF对应股票的持仓比率
国际北美etf@Latest Net Fund Flow,security,snapshot,TRUE,,normal,,,AINVEST,ETF资金净流入
国际北美etf@Leverage Ratio,security,snapshot,TRUE,,normal,,,AINVEST,杠杆比率
国际北美etf@Expense Ratio,security,snapshot,TRUE,,normal,,,AINVEST,ETF费用率
国际北美etf@Assets Under Management(Latest),security,snapshot,TRUE,,normal,,,AINVEST,AUM
fundShare,security,snapshot,TRUE,,normal,份,,FUND,份额规模
interest_expenses_debt_v2,security,snapshot,FALSE,,normal,元,,AINVEST,利息支出：债务(新体系)
interest_income_other_v2,security,snapshot,FALSE,,normal,元,,AINVEST,利息收入：其他(新体系)
interest_expenses_other_v2,security,snapshot,FALSE,,normal,元,,AINVEST,利息支出：其他(新体系)
purchase_intangible_assets,security,snapshot,FALSE,,normal,元,,AINVEST,购买无形资产(新体系)
cash_net_profit_v2,security,snapshot,FALSE,,normal,元,,AINVEST,净利润(现金表，新体系)
purchase_fixed_assets_v2,security,snapshot,FALSE,,normal,元,,AINVEST,购买固定资产(新体系)
dispose_intangible_assets_v2,security,snapshot,FALSE,,normal,元,,AINVEST,处置无形资产(新体系)
exchange_rate_change_influence_v2,security,snapshot,FALSE,,normal,元,,F10,汇率变动影响(新体系)
credit_impairment_loss_cash_v2,security,snapshot,FALSE,,normal,元,,AINVEST,信用减值损失(现金表，新体系)
assets_total_v2,security,snapshot,FALSE,,normal,元,,F10,资产合计(新体系)
holder_equity_total_v2,security,snapshot,FALSE,,normal,元,,F10,股东权益合计(新体系)
parent_holder_equity_total_v2,security,snapshot,FALSE,,normal,元,,F10,归属于母公司股东权益(新体系)
navTotalReturnYear,security,snapshot,TRUE,,normal,,,AINVEST,NAV一年回报率
navTotalReturnNowyear,security,snapshot,TRUE,,normal,,,AINVEST,NAV年初至今回报率
aum,security,day_1,TRUE,time_period,normal,,,AINVEST,基金资产管理规模
nav,security,day_1,TRUE,time_period,normal,,,AINVEST,基金净值
navTotalReturnTmonth,security,snapshot,TRUE,,normal,,,AINVEST,NAV三个月回报率
navPerformanceMonth,security,snapshot,TRUE,,normal,,,AINVEST,NAV一个月表现
navPerformanceTmonth,security,snapshot,TRUE,,normal,,,AINVEST,NAV三个月表现
navTotalReturnTyear,security,snapshot,TRUE,,normal,,,AINVEST,NAV三年回报率
navPerformanceYear,security,snapshot,TRUE,,normal,,,AINVEST,NAV一年表现
navTotalReturnMonth,security,snapshot,TRUE,,normal,,,AINVEST,NAV一个月回报率
navTotalReturnFyear,security,snapshot,TRUE,,normal,,,AINVEST,NAV五年回报率
fundMarketCapMax,security,snapshot,TRUE,,normal,,,AINVEST,持仓市值最大值
fundMarketCapMin,security,snapshot,TRUE,,normal,,,AINVEST,持仓市值最小值
heavyWeight50,security,snapshot,TRUE,,normal,,,AINVEST,前50大持仓权重
heavyWeight10,security,snapshot,TRUE,,normal,,,AINVEST,前10大持仓权重
navPerformanceTyear,security,snapshot,TRUE,,normal,,,AINVEST,NAV三年表现
etfNetBuyFlowNowyear,security,snapshot,TRUE,,normal,,,AINVEST,今年以来申赎资金流动
fundHoldingsCount,security,snapshot,TRUE,,normal,,,AINVEST,持仓数量
block_etf_holdrate,security,snapshot,TRUE,match_code,normal,,,AINVEST,和指数的持仓占比
etf_net_buy_flow,security,day_1,FALSE,time_period,normal,,,AINVEST,基金净流入
etfNetBuyFlowTyear,security,snapshot,TRUE,,normal,,,AINVEST,近3年申赎资金流动
premium,security,day_1,FALSE,time_period,normal,,,AINVEST,基金溢价
heavyWeight15,security,snapshot,TRUE,,normal,,,AINVEST,前15大持仓权重
navPerformanceNowyear,security,snapshot,TRUE,,normal,,,AINVEST,NAV年初至今表现
heavyWeight5,security,snapshot,TRUE,,normal,,,AINVEST,前5大持仓权重
heavyWeight25,security,snapshot,TRUE,,normal,,,AINVEST,前25大持仓权重
navPerformanceFyear,security,snapshot,TRUE,,normal,,,AINVEST,NAV五年表现
etfNetBuyFlowYear,security,snapshot,TRUE,,normal,,,AINVEST,近1年申赎资金流动
volume_change_ratio_pct,security,day_1;week_1;month_1;year_1;day_*;week_*;month_*;year_*,TRUE,time_period;trade_class;period_type,normal,,,TIC,成交量变化幅度
etfNetBuyFlowTmonth,security,snapshot,TRUE,,normal,,,AINVEST,近3月申赎资金流动
etfNetBuyFlowMonth,security,snapshot,TRUE,,normal,,,AINVEST,近1月申赎资金流动
bond_price_face_value_ratio_pct,security,snapshot,TRUE,trade_class,normal,%,,TIC,债券面值比
interest_income_investment_v2,security,snapshot,FALSE,,normal,元,,AINVEST,利息收入：投资(新体系)
interest_income_financial_institution_v2,security,snapshot,FALSE,,normal,元,,AINVEST,利息收入：金融机构间(新体系)
interest_income_loan_v2,security,snapshot,FALSE,,normal,元,,AINVEST,利息收入：贷款(新体系)
interest_expenses_financial_institution_v2,security,snapshot,FALSE,,normal,元,,AINVEST,利息支出：金融机构间(新体系)
interest_expenses_deposits_v2,security,snapshot,FALSE,,normal,元,,AINVEST,利息支出：存款(新体系)
active_buy_small_order_amount,security,snapshot,TRUE,,normal,对应货币单位,,BASE_QUOTA,主动买入小单金额
active_buy_small_order_amount,security,snapshot,TRUE,,normal,对应货币单位,,BASE_QUOTA,主动买入小单金额
active_buy_small_order_amount,security,snapshot,TRUE,,normal,对应货币单位,,BASE_QUOTA,主动买入小单金额
active_buy_mid_order_amount,security,snapshot,TRUE,,normal,对应货币单位,,BASE_QUOTA,主动买入中单金额
active_buy_mid_order_amount,security,snapshot,TRUE,,normal,对应货币单位,,BASE_QUOTA,主动买入中单金额
active_buy_mid_order_amount,security,snapshot,TRUE,,normal,对应货币单位,,BASE_QUOTA,主动买入中单金额
active_buy_large_order_amount,security,snapshot,TRUE,,normal,对应货币单位,,BASE_QUOTA,主动买入大单金额
active_buy_large_order_amount,security,snapshot,TRUE,,normal,对应货币单位,,BASE_QUOTA,主动买入大单金额
active_buy_large_order_amount,security,snapshot,TRUE,,normal,对应货币单位,,BASE_QUOTA,主动买入大单金额
active_sell_mid_order_volume,security,snapshot,TRUE,,normal,,,BASE_QUOTA,主动卖出中单量
active_sell_mid_order_volume,security,snapshot,TRUE,,normal,,,BASE_QUOTA,主动卖出中单量
active_sell_mid_order_volume,security,snapshot,TRUE,,normal,,,BASE_QUOTA,主动卖出中单量
passive_sell_mega_order_amount,security,snapshot,TRUE,,normal,对应货币单位,,BASE_QUOTA,被动卖出特大单金额
passive_sell_mega_order_amount,security,snapshot,TRUE,,normal,对应货币单位,,BASE_QUOTA,被动卖出特大单金额
passive_sell_mega_order_amount,security,snapshot,TRUE,,normal,对应货币单位,,BASE_QUOTA,被动卖出特大单金额
active_sell_mega_order_count,security,snapshot,TRUE,,normal,,,BASE_QUOTA,主动卖出特大单笔数
active_sell_mega_order_count,security,snapshot,TRUE,,normal,,,BASE_QUOTA,主动卖出特大单笔数
active_sell_mega_order_count,security,snapshot,TRUE,,normal,,,BASE_QUOTA,主动卖出特大单笔数
active_sell_mid_order_amount,security,snapshot,TRUE,,normal,对应货币单位,,BASE_QUOTA,主动卖出中单金额
active_sell_mid_order_amount,security,snapshot,TRUE,,normal,对应货币单位,,BASE_QUOTA,主动卖出中单金额
active_sell_mid_order_amount,security,snapshot,TRUE,,normal,对应货币单位,,BASE_QUOTA,主动卖出中单金额
passive_sell_mid_order_amount,security,snapshot,TRUE,,normal,对应货币单位,,BASE_QUOTA,被动卖出中单金额
passive_sell_mid_order_amount,security,snapshot,TRUE,,normal,对应货币单位,,BASE_QUOTA,被动卖出中单金额
passive_sell_mid_order_amount,security,snapshot,TRUE,,normal,对应货币单位,,BASE_QUOTA,被动卖出中单金额
active_sell_small_order_amount,security,snapshot,TRUE,,normal,对应货币单位,,BASE_QUOTA,主动卖出小单金额
active_sell_small_order_amount,security,snapshot,TRUE,,normal,对应货币单位,,BASE_QUOTA,主动卖出小单金额
active_sell_small_order_amount,security,snapshot,TRUE,,normal,对应货币单位,,BASE_QUOTA,主动卖出小单金额
active_sell_mega_order_volume,security,snapshot,TRUE,,normal,,,BASE_QUOTA,主动卖出特大单量
active_sell_mega_order_volume,security,snapshot,TRUE,,normal,,,BASE_QUOTA,主动卖出特大单量
active_sell_mega_order_volume,security,snapshot,TRUE,,normal,,,BASE_QUOTA,主动卖出特大单量
active_sell_large_order_volume,security,snapshot,TRUE,,normal,,,BASE_QUOTA,主动卖出大单量
active_sell_large_order_volume,security,snapshot,TRUE,,normal,,,BASE_QUOTA,主动卖出大单量
active_sell_large_order_volume,security,snapshot,TRUE,,normal,,,BASE_QUOTA,主动卖出大单量
passive_sell_mid_order_volume,security,snapshot,TRUE,,normal,,,BASE_QUOTA,被动卖出中单量
passive_sell_mid_order_volume,security,snapshot,TRUE,,normal,,,BASE_QUOTA,被动卖出中单量
passive_sell_mid_order_volume,security,snapshot,TRUE,,normal,,,BASE_QUOTA,被动卖出中单量
active_buy_large_order_volume,security,snapshot,TRUE,,normal,,,BASE_QUOTA,主动买入大单量
active_buy_large_order_volume,security,snapshot,TRUE,,normal,,,BASE_QUOTA,主动买入大单量
active_buy_large_order_volume,security,snapshot,TRUE,,normal,,,BASE_QUOTA,主动买入大单量
passive_buy_large_order_amount,security,snapshot,TRUE,,normal,对应货币单位,,BASE_QUOTA,被动买入大单金额
passive_buy_large_order_amount,security,snapshot,TRUE,,normal,对应货币单位,,BASE_QUOTA,被动买入大单金额
passive_buy_large_order_amount,security,snapshot,TRUE,,normal,对应货币单位,,BASE_QUOTA,被动买入大单金额
inr-open_price_change-sum,security,day_*;week_*;month_*;year_*,TRUE,time_period;trade_class;period_type,normal,,区间开盘价涨跌额;区间涨跌(开盘价计算),TIC,区间涨跌(开盘价计算)
inr-open_price_change-sum,security,day_*;week_*;month_*;year_*,TRUE,time_period;trade_class;period_type,normal,,区间开盘价涨跌额;区间涨跌(开盘价计算),TIC,区间涨跌(开盘价计算)
inr-money-sum,security,min_*;day_*;week_*;month_*;year_*,TRUE,time_period;trade_class;period_type,normal,元,区间成交额,TIC,区间成交额
inr-money-sum,security,min_*;day_*;week_*;month_*;year_*,TRUE,time_period;trade_class;period_type,normal,元,区间成交额,TIC,区间成交额
passive_buy_mid_order_amount,security,snapshot,TRUE,,normal,对应货币单位,,BASE_QUOTA,被动买入中单金额
passive_buy_mid_order_amount,security,snapshot,TRUE,,normal,对应货币单位,,BASE_QUOTA,被动买入中单金额
passive_buy_mid_order_amount,security,snapshot,TRUE,,normal,对应货币单位,,BASE_QUOTA,被动买入中单金额
passive_sell_large_order_amount,security,snapshot,TRUE,,normal,对应货币单位,,BASE_QUOTA,被动卖出大单金额
passive_sell_large_order_amount,security,snapshot,TRUE,,normal,对应货币单位,,BASE_QUOTA,被动卖出大单金额
passive_sell_large_order_amount,security,snapshot,TRUE,,normal,对应货币单位,,BASE_QUOTA,被动卖出大单金额
passive_buy_mega_order_volume,security,snapshot,TRUE,,normal,,,BASE_QUOTA,被动买入特大单量
passive_buy_mega_order_volume,security,snapshot,TRUE,,normal,,,BASE_QUOTA,被动买入特大单量
passive_buy_mega_order_volume,security,snapshot,TRUE,,normal,,,BASE_QUOTA,被动买入特大单量
passive_sell_large_order_count,security,snapshot,TRUE,,normal,,,BASE_QUOTA,被动卖出大单笔数
passive_sell_large_order_count,security,snapshot,TRUE,,normal,,,BASE_QUOTA,被动卖出大单笔数
passive_sell_large_order_count,security,snapshot,TRUE,,normal,,,BASE_QUOTA,被动卖出大单笔数
active_buy_mega_order_volume,security,snapshot,TRUE,,normal,,,BASE_QUOTA,主动买入特大单量
active_buy_mega_order_volume,security,snapshot,TRUE,,normal,,,BASE_QUOTA,主动买入特大单量
active_buy_mega_order_volume,security,snapshot,TRUE,,normal,,,BASE_QUOTA,主动买入特大单量
passive_buy_mega_order_amount,security,snapshot,TRUE,,normal,对应货币单位,,BASE_QUOTA,被动买入特大单金额
passive_buy_mega_order_amount,security,snapshot,TRUE,,normal,对应货币单位,,BASE_QUOTA,被动买入特大单金额
passive_buy_mega_order_amount,security,snapshot,TRUE,,normal,对应货币单位,,BASE_QUOTA,被动买入特大单金额
active_sell_small_order_volume,security,snapshot,TRUE,,normal,,,BASE_QUOTA,主动卖出小单量
active_sell_small_order_volume,security,snapshot,TRUE,,normal,,,BASE_QUOTA,主动卖出小单量
active_sell_small_order_volume,security,snapshot,TRUE,,normal,,,BASE_QUOTA,主动卖出小单量
inr-annual_return_ratio_pct-sum,security,min_*;day_1;year_*,TRUE,time_period;trade_class;period_type,normal,,区间年化收益率,TIC,区间年化收益率
inr-annual_return_ratio_pct-sum,security,min_*;day_1;year_*,TRUE,time_period;trade_class;period_type,normal,,区间年化收益率,TIC,区间年化收益率
small_capital_inflow,security,snapshot,TRUE,,normal,元,,TIC,小单资金流入
small_capital_inflow,security,snapshot,TRUE,,normal,元,,TIC,小单资金流入
small_capital_inflow,security,snapshot,TRUE,,normal,元,,TIC,小单资金流入
medium_capital_inflow,security,snapshot,TRUE,,normal,元,,TIC,中单资金流入
medium_capital_inflow,security,snapshot,TRUE,,normal,元,,TIC,中单资金流入
medium_capital_inflow,security,snapshot,TRUE,,normal,元,,TIC,中单资金流入
passive_buy_large_order_volume,security,snapshot,TRUE,,normal,,,BASE_QUOTA,被动买入大单量
passive_buy_large_order_volume,security,snapshot,TRUE,,normal,,,BASE_QUOTA,被动买入大单量
passive_buy_large_order_volume,security,snapshot,TRUE,,normal,,,BASE_QUOTA,被动买入大单量
active_buy_mega_order_count,security,snapshot,TRUE,,normal,,,BASE_QUOTA,主动买入特大单笔数
active_buy_mega_order_count,security,snapshot,TRUE,,normal,,,BASE_QUOTA,主动买入特大单笔数
active_buy_mega_order_count,security,snapshot,TRUE,,normal,,,BASE_QUOTA,主动买入特大单笔数
active_buy_small_order_volume,security,snapshot,TRUE,,normal,,,BASE_QUOTA,主动买入小单量
active_buy_small_order_volume,security,snapshot,TRUE,,normal,,,BASE_QUOTA,主动买入小单量
active_buy_small_order_volume,security,snapshot,TRUE,,normal,,,BASE_QUOTA,主动买入小单量
active_buy_large_order_count,security,snapshot,TRUE,,normal,,,BASE_QUOTA,主动买入大单笔数
active_buy_large_order_count,security,snapshot,TRUE,,normal,,,BASE_QUOTA,主动买入大单笔数
active_buy_large_order_count,security,snapshot,TRUE,,normal,,,BASE_QUOTA,主动买入大单笔数
passive_buy_mega_order_count,security,snapshot,TRUE,,normal,,,BASE_QUOTA,被动买入特大单笔数
passive_buy_mega_order_count,security,snapshot,TRUE,,normal,,,BASE_QUOTA,被动买入特大单笔数
passive_buy_mega_order_count,security,snapshot,TRUE,,normal,,,BASE_QUOTA,被动买入特大单笔数
passive_sell_mega_order_count,security,snapshot,TRUE,,normal,,,BASE_QUOTA,被动卖出特大单笔数
passive_sell_mega_order_count,security,snapshot,TRUE,,normal,,,BASE_QUOTA,被动卖出特大单笔数
passive_sell_mega_order_count,security,snapshot,TRUE,,normal,,,BASE_QUOTA,被动卖出特大单笔数
medium_capital_outflow,security,snapshot,TRUE,,normal,元,,TIC,中单资金流出
medium_capital_outflow,security,snapshot,TRUE,,normal,元,,TIC,中单资金流出
medium_capital_outflow,security,snapshot,TRUE,,normal,元,,TIC,中单资金流出
mass_capital_outflow,security,snapshot,TRUE,,normal,元,,TIC,特大单资金流出
mass_capital_outflow,security,snapshot,TRUE,,normal,元,,TIC,特大单资金流出
mass_capital_outflow,security,snapshot,TRUE,,normal,元,,TIC,特大单资金流出
big_capital_inflow,security,snapshot,TRUE,,normal,元,,TIC,大单资金流入
big_capital_inflow,security,snapshot,TRUE,,normal,元,,TIC,大单资金流入
big_capital_inflow,security,snapshot,TRUE,,normal,元,,TIC,大单资金流入
mass_capital_inflow,security,snapshot,TRUE,,normal,元,,TIC,特大单资金流入
mass_capital_inflow,security,snapshot,TRUE,,normal,元,,TIC,特大单资金流入
mass_capital_inflow,security,snapshot,TRUE,,normal,元,,TIC,特大单资金流入
small_capital_outflow,security,snapshot,TRUE,,normal,元,,TIC,小单资金流出
small_capital_outflow,security,snapshot,TRUE,,normal,元,,TIC,小单资金流出
small_capital_outflow,security,snapshot,TRUE,,normal,元,,TIC,小单资金流出
buy_sell_volume_ratio_pct,security,snapshot,TRUE,,normal,%,,TIC,委比
buy_sell_volume_ratio_pct,security,snapshot,TRUE,,normal,%,,TIC,委比
buy_volume,security,snapshot,TRUE,,normal,股,,TIC,委买量
buy_volume,security,snapshot,TRUE,,normal,股,,TIC,委买量
199112,security,snapshot,FALSE,trade_class,normal,%,,TIC,涨幅（日线）
199112,security,snapshot,FALSE,trade_class,normal,%,,TIC,涨幅（日线）
inr-volume-sum,security,min_*;day_*;week_*;month_*;year_*,TRUE,time_period;trade_class;period_type,normal,,区间成交量,TIC,区间成交量
inr-volume-sum,security,min_*;day_*;week_*;month_*;year_*,TRUE,time_period;trade_class;period_type,normal,,区间成交量,TIC,区间成交量
price_amplitude_ratio_pct,security,snapshot,TRUE,trade_class,normal,%,,TIC,振幅
big_capital_outflow,security,snapshot,TRUE,,normal,元,,TIC,大单资金流出
big_capital_outflow,security,snapshot,TRUE,,normal,元,,TIC,大单资金流出
big_capital_outflow,security,snapshot,TRUE,,normal,元,,TIC,大单资金流出
ext_metric_quant_rating,security,snapshot,TRUE,,normal,,,AINVEST,量化评分
ext_metric_quant_rating,security,snapshot,TRUE,,normal,,,AINVEST,量化评分
ext_metric_quant_rating,security,snapshot,TRUE,,normal,,,AINVEST,量化评分
ext_metric_analyst_rating,security,snapshot,TRUE,,normal,,,AINVEST,分析评分
ext_metric_analyst_rating,security,snapshot,TRUE,,normal,,,AINVEST,分析评分
ext_metric_analyst_rating,security,snapshot,TRUE,,normal,,,AINVEST,分析评分
ext_metric_rank_change,security,snapshot,FALSE,,normal,,,AINVEST,24小时热榜排名变化
inr-open_price_change_ratio_pct-sum,security,min_*;day_*;week_*;month_*;year_*,TRUE,time_period;trade_class;period_type,normal,,区间开盘价涨幅;区间涨幅(开盘价计算),TIC,区间涨幅(开盘价计算)
open_price_change,security,snapshot,TRUE,trade_class,normal,,,TIC,涨跌(开盘价计算）
open_price_change,security,snapshot,TRUE,trade_class,normal,,,TIC,涨跌(开盘价计算）
inr-price_change-sum,security,min_*;day_*;week_*;month_*;year_*,TRUE,time_period;trade_class;period_type,normal,,区间收盘价涨跌额;区间涨跌,TIC,区间涨跌
inr-price_change-sum,security,min_*;day_*;week_*;month_*;year_*,TRUE,time_period;trade_class;period_type,normal,,区间收盘价涨跌额;区间涨跌,TIC,区间涨跌
ext_metric_fundamental_rating,security,snapshot,TRUE,,normal,,,AINVEST,基础面评分
ext_metric_fundamental_rating,security,snapshot,TRUE,,normal,,,AINVEST,基础面评分
ext_metric_fundamental_rating,security,snapshot,TRUE,,normal,,,AINVEST,基础面评分
264648,security,snapshot,FALSE,trade_class,normal,,,QUOTA,当日涨跌
264648,security,snapshot,FALSE,trade_class,normal,,,QUOTA,当日涨跌
ext_us_stock_peak_seeker_up_count,market_env,day_1,FALSE,time_period,normal,,,AINVEST,股票的追峰看涨统计
ext_us_stock_peak_seeker_down_count,market_env,day_1,FALSE,time_period,normal,,,AINVEST,股票的追峰看跌统计
ext_us_stock_trend_sight_down_count,market_env,day_1,FALSE,time_period,normal,,,AINVEST,股票的趋势跟踪看跌统计
8,security,snapshot,FALSE,trade_class,normal,对应货币单位,,BASE_QUOTA,最高价
8,security,snapshot,FALSE,trade_class,normal,对应货币单位,,BASE_QUOTA,最高价
8,security,snapshot,FALSE,trade_class,normal,对应货币单位,,BASE_QUOTA,最高价
8,security,snapshot,FALSE,trade_class,normal,对应货币单位,,BASE_QUOTA,最高价
8,security,snapshot,FALSE,trade_class,normal,对应货币单位,,BASE_QUOTA,最高价
13,security,snapshot,FALSE,trade_class,normal,股,,BASE_QUOTA,成交量
13,security,snapshot,FALSE,trade_class,normal,股,,BASE_QUOTA,成交量
13,security,snapshot,FALSE,trade_class,normal,股,,BASE_QUOTA,成交量
13,security,snapshot,FALSE,trade_class,normal,股,,BASE_QUOTA,成交量
6,security,snapshot,FALSE,trade_class,normal,对应货币单位,,BASE_QUOTA,昨收价
6,security,snapshot,FALSE,trade_class,normal,对应货币单位,,BASE_QUOTA,昨收价
6,security,snapshot,FALSE,trade_class,normal,对应货币单位,,BASE_QUOTA,昨收价
ext_us_stock_magic_signal_up_count,market_env,day_1,FALSE,time_period,normal,,,AINVEST,股票的神奇电波看涨统计
9,security,snapshot,FALSE,trade_class,normal,对应货币单位,,BASE_QUOTA,最低价
9,security,snapshot,FALSE,trade_class,normal,对应货币单位,,BASE_QUOTA,最低价
9,security,snapshot,FALSE,trade_class,normal,对应货币单位,,BASE_QUOTA,最低价
9,security,snapshot,FALSE,trade_class,normal,对应货币单位,,BASE_QUOTA,最低价
9,security,snapshot,FALSE,trade_class,normal,对应货币单位,,BASE_QUOTA,最低价
ex_dividend_date_latest,security,snapshot,TRUE,,normal,,,F10,除权除息日(最新)
inr-close_price_return_ratio-std_dev,security,day_1;week_1;month_1;day_2;day_5;day_22;week_4;min_*;day_*;week_*;month_*;year_*,TRUE,time_period;trade_class,normal,,区间波动率,TIC,区间波动率
inr-close_price_return_ratio-std_dev,security,day_1;week_1;month_1;day_2;day_5;day_22;week_4;min_*;day_*;week_*;month_*;year_*,TRUE,time_period;trade_class,normal,,区间波动率,TIC,区间波动率
fundIndexTracked,security,snapshot,TRUE,,normal,,,AINVEST,跟踪指数
ext_metric_sector_1_name,security,snapshot,FALSE,,normal,,,AINVEST,股票/ETF所属的一级行业名称
ext_metric_sector_1_name,security,snapshot,FALSE,,normal,,,AINVEST,股票/ETF所属的一级行业名称
fundDividendTreatment,security,snapshot,TRUE,,normal,,,AINVEST,分红方式
fundIncomeTaxType,security,snapshot,TRUE,,normal,,,AINVEST,所得税类型
fundIsActiveMgmt,security,snapshot,TRUE,,normal,,,AINVEST,是否主动管理
fundSelectionCriteria,security,snapshot,TRUE,,normal,,,AINVEST,选择标准
国际北美etf@Asset Class,security,snapshot,TRUE,,normal,,,AINVEST,ETF资产类型
fundLegalStruct,security,snapshot,TRUE,,normal,,,AINVEST,法律结构
fundHomeUrl,security,snapshot,FALSE,,normal,,,AINVEST,基金官网主页
fundIssuer,security,snapshot,TRUE,,normal,,,AINVEST,发行商
ext_metric_etf_type,security,snapshot,FALSE,,normal,,,AINVEST,etf种类
ext_metric_index_etf_code,security,snapshot,FALSE,,normal,,,AINVEST,杠杆ETF对应的指数ETF代码
ext_metric_listed_exchange_name,security,snapshot,FALSE,,normal,,,AINVEST,上市交易所名称
ext_metric_listed_exchange_name,security,snapshot,FALSE,,normal,,,AINVEST,上市交易所名称
fundBrand,security,snapshot,TRUE,,normal,,,AINVEST,品牌名称
fundPrimaryAdvisor,security,snapshot,TRUE,,normal,,,AINVEST,首席顾问
国际北美etf@Dividend Frequency,security,snapshot,TRUE,,normal,,,AINVEST,基金分红频率
trade_currency_name,security,snapshot,FALSE,,normal,,,AINVEST,交易货币名称
phone_meeting_summary_abstract,security,snapshot;quarter,FALSE,,normal,,,F10,电话会议总结简要观点
phone_meeting_summary_detail,security,snapshot;quarter,FALSE,,normal,,,F10,电话会议总结核心内容
interest_coverage_ratio_ttm,security,snapshot;quarter,FALSE,,normal,,,AINVEST,利息覆盖率(TTM)
国际北美etf@Benchmark,security,snapshot,TRUE,,normal,,,AINVEST,国际北美etf@Benchmark
operating_expenses_total_ttm,security,snapshot;quarter,FALSE,,normal,,,F10,营业支出总额TTM
ext_metric_ipo_status,security,snapshot,FALSE,,normal,,,AINVEST,新股状态
ext_metric_ipo_status,security,snapshot,FALSE,,normal,,,AINVEST,新股状态
fundAssetClass,security,snapshot,TRUE,,normal,,,AINVEST,资产类别
capital_expenditure_qoq,security,snapshot;quarter,FALSE,,normal,%,,AINVEST,环比增长-自由现金流
free_cash_flow_qoq,security,snapshot;quarter,FALSE,,normal,%,,AINVEST,环比增长-资本支出
balanced_eps_qoq,security,snapshot;quarter,FALSE,,normal,%,,F10,基本每股收益环比
balanced_diluted_eps_qoq,security,snapshot;quarter,FALSE,,normal,%,,AINVEST,环比增长-摊薄每股收益
balanced_eps_yoy,security,snapshot;quarter,FALSE,,normal,%,,AINVEST,基本每股收益(同比增长率)
balanced_cash_equivalents_ttm,security,snapshot;quarter,FALSE,,normal,,,F10,每股现金及等价物(前复权)TTM
debt_yoy,security,snapshot;quarter,FALSE,,normal,%,,F10,总债务同比
ebitda_yoy,security,snapshot;quarter,FALSE,,normal,%,,F10,EBITDA同比
ebitda_qoq,security,snapshot;quarter,FALSE,,normal,%,,F10,EBITDA环比
gross_profit_qoq,security,snapshot;quarter,FALSE,,normal,%,,F10,毛利润环比
capital_expenditure_ttm_qoq,security,snapshot;quarter,FALSE,,normal,%,,AINVEST,环比增长-资本支出TTM
cash,security,snapshot;quarter,FALSE,,normal,元,,AINVEST,货币资金
analyst_target_price_latest,security,quarter,FALSE,,normal,元,,AINVEST,分析师目标价
assets_total_qoq,security,snapshot;quarter,FALSE,,normal,%,,AINVEST,环比增长-总资产
balanced_eps_ttm_qoq,security,snapshot;quarter,FALSE,,normal,%,,F10,基本每股收益TTM环比
net_profit_ttm_qoq,security,snapshot;quarter,FALSE,,normal,%,,F10,净利润TTM环比
ebitda_ttm_qoq,security,snapshot;quarter,FALSE,,normal,%,,F10,EBITDA_TTM环比
continuing_operating_business_profit_v2_yoy,security,snapshot;quarter,FALSE,,normal,%,,F10,持续经营业务的税前利润(新体系)同比增长率
capital_expenditure_ttm_yoy,security,snapshot;quarter,FALSE,,normal,%,,F10,资本支出TTM同比
gross_profit_ttm_qoq,security,snapshot;quarter,FALSE,,normal,%,,F10,毛利润TTM环比
operating_income_total_ttm_qoq,security,snapshot;quarter,FALSE,,normal,%,,F10,营业总收入TTM环比
balanced_diluted_eps_ttm_qoq,security,snapshot;quarter,FALSE,,normal,%,,F10,摊薄每股收益TTM环比
net_profit_ttm_yoy,security,snapshot;quarter,FALSE,,normal,%,,F10,净利润TTM同比
free_cash_flow_ttm_qoq,security,snapshot;quarter,FALSE,,normal,%,,AINVEST,环比增长-自由现金流TTM
debt_qoq,security,snapshot;quarter,FALSE,,normal,%,,AINVEST,环比增长-总债务
capital_change_v2_ttm,security,snapshot;quarter,FALSE,,normal,,,F10,股本变动TTM(新体系)
net_profit_v2_yoy,security,snapshot;quarter,FALSE,,normal,%,,F10,净利润(同比增长率)
payable,security,snapshot;quarter,FALSE,,normal,元,,AINVEST,应付款项
current_debt_deferred_income,security,snapshot;quarter,FALSE,,normal,元,,AINVEST,流动负债递延收入
non_current_debt_deferred_income,security,snapshot;quarter,FALSE,,normal,元,,AINVEST,非流动负债递延收入
short_term_loans,security,snapshot;quarter,FALSE,,normal,元,,AINVEST,短期借款
holder_equity_special_account,security,snapshot;quarter,FALSE,,normal,元,,AINVEST,其他归属于母公司股东权益
independent_account_assets,security,snapshot;quarter,FALSE,,normal,元,,AINVEST,独立账户资产
trade_financial_assets,security,snapshot;quarter,FALSE,,normal,元,,AINVEST,交易性金融资产
cash_deposit_center_bank,security,snapshot;quarter,FALSE,,normal,元,,AINVEST,现金和中央银行存款
operating_expenses_total,security,snapshot;quarter,FALSE,,normal,,,F10,营业支出总额
common_profit_total,security,snapshot;quarter,FALSE,,normal,元,,AINVEST,全面收入总额
commission_expense,security,snapshot;quarter,FALSE,,normal,元,,AINVEST,佣金和手续费收入
insurance_business_income,security,snapshot;quarter,FALSE,,normal,元,,AINVEST,保险合同收入
non_current_debt_special,security,snapshot;quarter,FALSE,,normal,元,,AINVEST,其他非流动负债(非流动负债特殊项目)
operating_expenditure_special_subject,security,snapshot;quarter,FALSE,,normal,元,,AINVEST,其他营业费用
etf_portfolio_annual_constituent_return,group_id_self,snapshot;year_1,FALSE,time_period,normal,,,AINVEST,每一年投资组合成分股的年涨跌幅
etf_portfolio_annual_nav,group_id_self,snapshot;year_1,FALSE,time_period,normal,,,AINVEST,每一年投资组合的净值
etf_portfolio_asset_return_contribution,group_id_self,snapshot;month_1,FALSE,time_period,normal,,,AINVEST,投资组合各个资产的回报贡献
etf_portfolio_asset_pe,group_id_self,snapshot;month_1,FALSE,time_period,normal,,,AINVEST,投资组合成分股的PE
etf_portfolio_cumulative_excess_return_asset_contribution,group_id_self,snapshot;month_1;year_1,FALSE,time_period,normal,,,AINVEST,上市至今的每个月投资组合的累计超额收益中各个资产的贡献比例
etf_portfolio_std_dev,group_id_self,snapshot,FALSE,time_period;period_type,normal,%,,AINVEST,投资组合的标准差
etf_portfolio_max_drawdown,group_id_self,snapshot,FALSE,time_period,normal,,,AINVEST,投资组合的最大回撤
etf_portfolio_annualized_volatility,group_id_self,snapshot;month_1;year_1,FALSE,time_period;period_type,normal,%,,AINVEST,投资组合的年化波动率
etf_portfolio_annual_return,group_id_self,snapshot;year_1,FALSE,time_period,normal,%,,AINVEST,每一年投资组合的收益率
etf_portfolio_annualized_return,group_id_self,snapshot,FALSE,time_period;period_type,normal,%,,AINVEST,投资组合的年化收益率
etf_portfolio_best_year_return,group_id_self,snapshot,FALSE,time_period,normal,,,AINVEST,投资组合历史收益率最好的一年
etf_portfolio_asset_risk_contribution,group_id_self,snapshot;month_1,FALSE,time_period,normal,,,AINVEST,投资组合各个资产的风险贡献，即波动率贡献
etf_portfolio_monthly_tracking_error_vs_benchmark,group_id_self,snapshot;month_1,FALSE,time_period,normal,%,,AINVEST,投资组合相对基准ETF的每个月跟踪误差
etf_portfolio_holdings,group_id_self,snapshot;month_1,FALSE,time_period,normal,,,AINVEST,投资组合的持仓
etf_portfolio_monthly_excess_return_vs_benchmark,group_id_self,snapshot;month_1,FALSE,time_period,normal,%,,AINVEST,投资组合相对基准ETF的每个月超额收益
etf_portfolio_vs_spy_annualized_return_diff,group_id_self,snapshot;year_1,FALSE,time_period,normal,%,,AINVEST,投资组合和SPY的年化收益率的差值
etf_portfolio_monthly_rolling_excess_return_vs_spy,group_id_self,snapshot,FALSE,time_period,normal,%,,AINVEST,投资组合和SPY的累计超额收益差值
etf_portfolio_sharpe_ratio,group_id_self,snapshot;month_1;year_1,FALSE,time_period,normal,,,AINVEST,投资组合的夏普比例
etf_portfolio_equity_region_distribution,group_id_self,snapshot;month_1,FALSE,time_period,normal,,,AINVEST,投资组合权益资产的地区分布
etf_portfolio_equity_sector_distribution,group_id_self,snapshot;month_1,FALSE,time_period,normal,,,AINVEST,投资组合权益资产的一级行业分布
etf_portfolio_rolling_excess_return_asset_contribution,group_id_self,snapshot;month_1;year_1,FALSE,time_period;period_type,normal,,,AINVEST,不同滚动区间，投资组合的累计超额收益中各个资产的贡献比例
etf_portfolio_worst_year_return,group_id_self,snapshot,FALSE,time_period,normal,,,AINVEST,投资组合历史收益率最差的一年
etf_portfolio_yearly_annualized_return,group_id_self,snapshot;year_1,FALSE,time_period,normal,%,,AINVEST,投资组合过去每一年的年化收益率
