query_key,category,scenario,endpoint,symbol_type,indicator_id,req_unique_id,attrs_json,time_range_json,template,periods,metric_name,english_name,description,aliases,is_interval_metric,period_values_json,exchange,access_guide
exercise_frequency|行权频率|Exercise Frequency,security,metric_lookup,snapshot,market_code,exercise_frequency,exercise_frequency,{},{},stock-detail.json,snapshot,行权频率,Exercise Frequency,“行权频率” 指在附有期权条款的金融工具（如可赎回债券、可回售债券、可转债等）中，期权持有人（发行人对应赎回权，投资者对应回售权或转股权）被允许行使该期权的周期性时间安排。它定义了在首个行权日之后，该期权可以被重复行使的时间间隔规律（例如“每年一次”、“每半年一次”、“仅在到期日”等）。该频率是期权条款的核心组成部分，直接影响期权的时间价值和金融工具的现金流模式，频率越高通常意味着权利方有更多的机会根据市场变化作出决策，从而影响工具的定价风险和投资策略。,,false,[],"UUS,UDC,UBAX,UBAF,U31X,U31F,U32X,U32F",STANDARD_SNAPSHOT
sec_type_en|证券类型_英文|Crypto Slug(En),security,metric_lookup,snapshot,market_code,sec_type_en,sec_type_en,{},{},stock-detail.json,snapshot,证券类型_英文,Crypto Slug(En),证券主体类别，英文名称,,false,[],"UUS,UDC,UBAX,UBAF,U31X,U31F,U32X,U32F",STANDARD_SNAPSHOT
trade_currency|交易币种|Trade Currency,security,metric_lookup,snapshot,market_code,trade_currency,trade_currency,{},{},stock-detail.json,snapshot,交易币种,Trade Currency,用于交易的标的货币或计价单位,,false,[],"UUS,UDC,UBAX,UBAF,U31X,U31F,U32X,U32F",STANDARD_SNAPSHOT
per_share_dividend_factor|每股分红(复权)|Adjusted Dividend Per Share,security,metric_lookup,series,market_code,per_share_dividend_factor,per_share_dividend_factor,{},"{""type"":""begin_end"",""begin_time"":1783296000000,""end_time"":0,""time_period"":""quarter_1""}",series-etf-30d.json,snapshot;quarter_1,每股分红(复权),Adjusted Dividend Per Share,每股分红（复权）是指在考虑了股票复权调整后的每股分红金额。它能够更准确地反映股东在持有股票期间实际获得的分红收益，同时考虑了股票价格在分红后的变化情况。,,false,[],"UUS,UDC,UBAX,UBAF,U31X,U31F,U32X,U32F","STANDARD_SNAPSHOT,STANDARD_SERIES_TIME_RANGE_BEGIN_END"
financial_period|财报报告期|Latest Earnings Period,security,metric_lookup,snapshot,market_code,financial_period,financial_period,{},{},stock-detail.json,snapshot;quarter,财报报告期,Latest Earnings Period,"指企业编制和披露财务报表所涵盖的具体时间范围。
596001:年报、596002:中报、596003:一季报(度)、596004:二季度、596005:三季度、596006:四季度、596007:三季报、596008:其他",,false,[],"UUS,UDC,UBAX,UBAF,U31X,U31F,U32X,U32F",STANDARD_SNAPSHOT
financial_year|财报年度|Accounting Year,security,metric_lookup,snapshot,market_code,financial_year,financial_year,{},{},stock-detail.json,snapshot;quarter,财报年度,Accounting Year,是指企业或组织用于编制和报告其财务信息的时间区间。这个时间区间通常与企业的会计年度一致，是企业进行财务核算和报告的基础时间单位。,,false,[],"UUS,UDC,UBAX,UBAF,U31X,U31F,U32X,U32F",STANDARD_SNAPSHOT
financial_disclose_time_slot|财报披露时间段|Announcement Time Slot,security,metric_lookup,snapshot,market_code,financial_disclose_time_slot,financial_disclose_time_slot,{},{},stock-detail.json,snapshot;quarter,财报披露时间段,Announcement Time Slot,指上市公司或企业在规定的时间内，向投资者、监管机构等披露其财务报告的时间范围。,,false,[],"UUS,UDC,UBAX,UBAF,U31X,U31F,U32X,U32F",STANDARD_SNAPSHOT
actual_eps_quarter|实际每股收益(单季度)|Actual Earnings per Share (Quarter),security,metric_lookup,series,market_code,actual_eps_quarter,actual_eps_quarter,"{""time_period"":{""children"":null,""default"":""quarter"",""enum_options"":[{""label"":""quarter"",""value"":""quarter""}],""example"":""quarter"",""name"":""time_period"",""query_type"":""enum"",""required"":""1"",""source"":""table""}}","{""type"":""begin_end"",""begin_time"":1783296000000,""end_time"":0,""time_period"":""quarter""}",series-etf-30d.json,quarter,实际每股收益(单季度),Actual Earnings per Share (Quarter),主要用于ainvest 盈利预测中 预测值 与 实际值进行对比 该实际值与实际公告公布的存在出入,,false,"[""quarter""]","UUS,UDC,UBAX,UBAF,U31X,U31F,U32X,U32F",STANDARD_SERIES_TIME_RANGE_BEGIN_END
actual_revenue_quarter|实际营业收入(单季度)|Actual Operating Revenue (Quarter),security,metric_lookup,series,market_code,actual_revenue_quarter,actual_revenue_quarter,"{""time_period"":{""children"":null,""default"":""quarter"",""enum_options"":[{""label"":""quarter"",""value"":""quarter""}],""example"":""quarter"",""name"":""time_period"",""query_type"":""enum"",""required"":""1"",""source"":""table""}}","{""type"":""begin_end"",""begin_time"":1783296000000,""end_time"":0,""time_period"":""quarter""}",series-etf-30d.json,quarter,实际营业收入(单季度),Actual Operating Revenue (Quarter),主要用于ainvest 盈利预测中 预测值 与 实际值进行对比 该实际值与实际公告公布的存在出入,,false,"[""quarter""]","UUS,UDC,UBAX,UBAF,U31X,U31F,U32X,U32F",STANDARD_SERIES_TIME_RANGE_BEGIN_END
forecast_revenue_quarter|预测营业收入(单季度)|Average Revenue Estimate (Quarter),security,metric_lookup,series,market_code,forecast_revenue_quarter,forecast_revenue_quarter,"{""time_period"":{""children"":null,""default"":""quarter"",""enum_options"":[{""label"":""quarter"",""value"":""quarter""}],""example"":""quarter"",""name"":""time_period"",""query_type"":""enum"",""required"":""1"",""source"":""table""}}","{""type"":""begin_end"",""begin_time"":1783296000000,""end_time"":0,""time_period"":""quarter""}",series-etf-30d.json,quarter,预测营业收入(单季度),Average Revenue Estimate (Quarter),"财务预测Revenue（营业收入）平均值是指分析师或机构对公司未来某个时间段内营业收入的平均预期值。这个值通常是基于公司过去的营业收入表现、行业趋势、经济环境等因素进行估算的。
财务预测Revenue平均值的含义可以理解为市场对公司未来营业收入增长的预期。如果预测的Revenue平均值较高，可能意味着分析师对公司未来的业务表现持乐观态度，认为公司有能力增加营业收入。反之，如果预测的Revenue平均值较低，可能表示分析师对公司的业务前景持谨慎态度。
这种预期值对投资者和金融机构等市场参与者来说是重要的参考指标，可以帮助他们评估公司的价值和未来发展潜力，从而做出投资决策。",,false,"[""quarter""]","UUS,UDC,UBAX,UBAF,U31X,U31F,U32X,U32F",STANDARD_SERIES_TIME_RANGE_BEGIN_END
forecast_eps_quarter|预测每股收益(单季度)|Consensus EPS (Quarter),security,metric_lookup,series,market_code,forecast_eps_quarter,forecast_eps_quarter,"{""time_period"":{""children"":null,""default"":""quarter"",""enum_options"":[{""label"":""quarter"",""value"":""quarter""}],""example"":""quarter"",""name"":""time_period"",""query_type"":""enum"",""required"":""1"",""source"":""table""}}","{""type"":""begin_end"",""begin_time"":1783296000000,""end_time"":0,""time_period"":""quarter""}",series-etf-30d.json,quarter,预测每股收益(单季度),Consensus EPS (Quarter),EPS（每股收益）是指公司每股普通股票的盈利。财务预测EPS平均值是指分析师或机构对公司未来某个时间段内每股收益的平均预期值。这个值通常是基于公司过去的财务表现、行业趋势、经济环境等因素进行估算的。,,false,"[""quarter""]","UUS,UDC,UBAX,UBAF,U31X,U31F,U32X,U32F",STANDARD_SERIES_TIME_RANGE_BEGIN_END
fund_manage_scale_yoy|基金管理规模增速(月度)|AUM Growth Rate (Monthly) %,security,metric_lookup,snapshot,market_code,fund_manage_scale_yoy,fund_manage_scale_yoy,{},{},stock-detail.json,snapshot,基金管理规模增速(月度),AUM Growth Rate (Monthly) %,指在一个月的时间内，基金规模的增长速度。它反映了基金在特定时期内的规模变化情况，通常以百分比形式呈现。,,false,[],"UUS,UDC,UBAX,UBAF,U31X,U31F,U32X,U32F",STANDARD_SNAPSHOT
loans_v2|借款(新体系)|Borrowings,security,metric_lookup,series,market_code,loans_v2,loans_v2,{},"{""type"":""begin_end"",""begin_time"":1783296000000,""end_time"":0,""time_period"":""quarter_1""}",series-etf-30d.json,snapshot;quarter_1,借款(新体系),Borrowings,"【新体系】 新规划的三大财务报表体系，区别于老体系，部分指标可能出现重叠，由于新体系指标数据还不全，因此未直接替换老体系指标，只应用于部分产品场景，使用需谨慎。
【指标说明】指企业或个人从外部筹集资金的一种负债行为",,false,[],"UUS,UDC,UBAX,UBAF,U31X,U31F,U32X,U32F","STANDARD_SNAPSHOT,STANDARD_SERIES_TIME_RANGE_BEGIN_END"
capital_reserve_v2|资本公积(新体系)|Additional Paid in Capital,security,metric_lookup,series,market_code,capital_reserve_v2,capital_reserve_v2,{},"{""type"":""begin_end"",""begin_time"":1783296000000,""end_time"":0,""time_period"":""quarter_1""}",series-etf-30d.json,snapshot;quarter_1,资本公积(新体系),Additional Paid in Capital,"【新体系】 新规划的三大财务报表体系，区别于老体系，部分指标可能出现重叠，由于新体系指标数据还不全，因此未直接替换老体系指标，只应用于部分产品场景，使用需谨慎。
【指标说明】资本公积是指企业在经营过程中由于接受捐赠、股本溢价以及法定财产重估增值等原因所形成的公积金。资本公积是与企业收益无关而与资本相关的贷项。资本公积是指投资者或者他人投入到企业、所有权归属于投资者、并且投入金额上超过法定资本部分的资本。",,false,[],"UUS,UDC,UBAX,UBAF,U31X,U31F,U32X,U32F","STANDARD_SNAPSHOT,STANDARD_SERIES_TIME_RANGE_BEGIN_END"
long_term_debt_v2|长期债务(新体系)|Long-Term Debt,security,metric_lookup,series,market_code,long_term_debt_v2,long_term_debt_v2,{},"{""type"":""begin_end"",""begin_time"":1783296000000,""end_time"":0,""time_period"":""quarter_1""}",series-etf-30d.json,snapshot;quarter_1,长期债务(新体系),Long-Term Debt,"【新体系】 新规划的三大财务报表体系，区别于老体系，部分指标可能出现重叠，由于新体系指标数据还不全，因此未直接替换老体系指标，只应用于部分产品场景，使用需谨慎。
【指标说明】指企业或个人在一年以上（不含一年）或超过一个正常经营周期后才需要偿还的债务。长期债务通常用于支持企业的长期投资或资本支出，如购买固定资产、进行长期项目开发或扩展业务规模。",,false,[],"UUS,UDC,UBAX,UBAF,U31X,U31F,U32X,U32F","STANDARD_SNAPSHOT,STANDARD_SERIES_TIME_RANGE_BEGIN_END"
short_term_debt_v2|短期债务(新体系)|Short-Term Debt,security,metric_lookup,series,market_code,short_term_debt_v2,short_term_debt_v2,{},"{""type"":""begin_end"",""begin_time"":1783296000000,""end_time"":0,""time_period"":""quarter_1""}",series-etf-30d.json,snapshot;quarter_1,短期债务(新体系),Short-Term Debt,"【新体系】 新规划的三大财务报表体系，区别于老体系，部分指标可能出现重叠，由于新体系指标数据还不全，因此未直接替换老体系指标，只应用于部分产品场景，使用需谨慎。
【指标说明】指企业或个人在一年内（或一个经营周期内，如果经营周期超过一年）需要偿还的债务。它通常包括短期借款、应付账款、应付票据、短期融资券等。短期债务是企业财务报表中的一个重要组成部分，反映了企业在短期内的偿债压力和流动性状况。",,false,[],"UUS,UDC,UBAX,UBAF,U31X,U31F,U32X,U32F","STANDARD_SNAPSHOT,STANDARD_SERIES_TIME_RANGE_BEGIN_END"
long_term_investments_v2|长期投资(新体系)|Long-Term Investments,security,metric_lookup,series,market_code,long_term_investments_v2,long_term_investments_v2,{},"{""type"":""begin_end"",""begin_time"":1783296000000,""end_time"":0,""time_period"":""quarter_1""}",series-etf-30d.json,snapshot;quarter_1,长期投资(新体系),Long-Term Investments,"【新体系】 新规划的三大财务报表体系，区别于老体系，部分指标可能出现重叠，由于新体系指标数据还不全，因此未直接替换老体系指标，只应用于部分产品场景，使用需谨慎。
【指标说明】指企业为了获取长期收益或实现战略目标而持有的投资，通常包括权益性投资、债权性投资以及其他形式的长期资产配置。长期投资的期限一般超过一年，其目的是通过投资获取稳定的收益、资本增值或实现其他战略目标。",,false,[],"UUS,UDC,UBAX,UBAF,U31X,U31F,U32X,U32F","STANDARD_SNAPSHOT,STANDARD_SERIES_TIME_RANGE_BEGIN_END"
short_term_investments_v2|短期投资(新体系)|Short-Term Investments,security,metric_lookup,series,market_code,short_term_investments_v2,short_term_investments_v2,{},"{""type"":""begin_end"",""begin_time"":1783296000000,""end_time"":0,""time_period"":""quarter_1""}",series-etf-30d.json,snapshot;quarter_1,短期投资(新体系),Short-Term Investments,"【新体系】 新规划的三大财务报表体系，区别于老体系，部分指标可能出现重叠，由于新体系指标数据还不全，因此未直接替换老体系指标，只应用于部分产品场景，使用需谨慎。
【指标说明】指企业或个人为了获取收益或实现其他财务目标，将资金投入于期限较短的金融资产中。其主要特点是投资期限较短，通常不超过一年，但也可以根据具体情况进行适当延长",,false,[],"UUS,UDC,UBAX,UBAF,U31X,U31F,U32X,U32F","STANDARD_SNAPSHOT,STANDARD_SERIES_TIME_RANGE_BEGIN_END"
contract_debt_change_v2|合同负债变动(新体系)|Change in Contract Liabilities,security,metric_lookup,series,market_code,contract_debt_change_v2,contract_debt_change_v2,{},"{""type"":""begin_end"",""begin_time"":1783296000000,""end_time"":0,""time_period"":""quarter_1""}",series-etf-30d.json,snapshot;quarter_1,合同负债变动(新体系),Change in Contract Liabilities,"【新体系】 新规划的三大财务报表体系，区别于老体系，部分指标可能出现重叠，由于新体系指标数据还不全，因此未直接替换老体系指标，只应用于部分产品场景，使用需谨慎。
【指标说明】合同负债变动是指企业在一定时期内，合同负债金额的变化情况。合同负债是指企业已收或应收客户对价而应向客户转让商品或提供服务的义务。",,false,[],"UUS,UDC,UBAX,UBAF,U31X,U31F,U32X,U32F","STANDARD_SNAPSHOT,STANDARD_SERIES_TIME_RANGE_BEGIN_END"
other_financing_cash_flow_net_v2|其他筹资活动现金流量净额(新体系)|Other Financing Activities,security,metric_lookup,series,market_code,other_financing_cash_flow_net_v2,other_financing_cash_flow_net_v2,{},"{""type"":""begin_end"",""begin_time"":1783296000000,""end_time"":0,""time_period"":""quarter_1""}",series-etf-30d.json,snapshot;quarter_1,其他筹资活动现金流量净额(新体系),Other Financing Activities,"【新体系】 新规划的三大财务报表体系，区别于老体系，部分指标可能出现重叠，由于新体系指标数据还不全，因此未直接替换老体系指标，只应用于部分产品场景，使用需谨慎。<br>
【指标说明】""其他筹资活动现金流量净额""是指在筹资活动中，除了主要的筹资活动现金流入和流出项目之外的其他项目所产生的现金流量净额。",,false,[],"UUS,UDC,UBAX,UBAF,U31X,U31F,U32X,U32F","STANDARD_SNAPSHOT,STANDARD_SERIES_TIME_RANGE_BEGIN_END"
investment_change_v2|投资变动(新体系)|Change in Investments,security,metric_lookup,series,market_code,investment_change_v2,investment_change_v2,{},"{""type"":""begin_end"",""begin_time"":1783296000000,""end_time"":0,""time_period"":""quarter_1""}",series-etf-30d.json,snapshot;quarter_1,投资变动(新体系),Change in Investments,"【新体系】 新规划的三大财务报表体系，区别于老体系，部分指标可能出现重叠，由于新体系指标数据还不全，因此未直接替换老体系指标，只应用于部分产品场景，使用需谨慎。<br>
【指标说明】投资变动通常指的是企业在一定时期内对其所持有的投资项目的价值、结构或持有量进行的调整或变化。",,false,[],"UUS,UDC,UBAX,UBAF,U31X,U31F,U32X,U32F","STANDARD_SNAPSHOT,STANDARD_SERIES_TIME_RANGE_BEGIN_END"
accounts_receivable_change_v2|应收账款变动(新体系)|Change in Accounts Receivable,security,metric_lookup,series,market_code,accounts_receivable_change_v2,accounts_receivable_change_v2,{},"{""type"":""begin_end"",""begin_time"":1783296000000,""end_time"":0,""time_period"":""quarter_1""}",series-etf-30d.json,snapshot;quarter_1,应收账款变动(新体系),Change in Accounts Receivable,"【新体系】 新规划的三大财务报表体系，区别于老体系，部分指标可能出现重叠，由于新体系指标数据还不全，因此未直接替换老体系指标，只应用于部分产品场景，使用需谨慎。<br>
【指标说明】应收账款变动指的是企业在一定时期内应收账款的增减变化情况。",,false,[],"UUS,UDC,UBAX,UBAF,U31X,U31F,U32X,U32F","STANDARD_SNAPSHOT,STANDARD_SERIES_TIME_RANGE_BEGIN_END"
inventory_change_v2|存货变动(新体系)|Change in Inventories,security,metric_lookup,series,market_code,inventory_change_v2,inventory_change_v2,{},"{""type"":""begin_end"",""begin_time"":1783296000000,""end_time"":0,""time_period"":""quarter_1""}",series-etf-30d.json,snapshot;quarter_1,存货变动(新体系),Change in Inventories,"【新体系】 新规划的三大财务报表体系，区别于老体系，部分指标可能出现重叠，由于新体系指标数据还不全，因此未直接替换老体系指标，只应用于部分产品场景，使用需谨慎。<br>
【指标说明】存货变动指的是企业在一定时期内存货数量和价值的变化。存货是企业在日常经营过程中持有以备出售的商品或原材料，包括成品、在制品、半成品、原材料等。存货变动反映了企业在特定时期内存货的增减情况，这对于企业的财务健康和运营效率至关重要。",,false,[],"UUS,UDC,UBAX,UBAF,U31X,U31F,U32X,U32F","STANDARD_SNAPSHOT,STANDARD_SERIES_TIME_RANGE_BEGIN_END"
gross_profit_ttm|毛利润(TTM)|Gross Earnings (TTM),security,metric_lookup,series,market_code,gross_profit_ttm,gross_profit_ttm,{},"{""type"":""begin_end"",""begin_time"":1783296000000,""end_time"":0,""time_period"":""quarter_1""}",series-etf-30d.json,snapshot;quarter_1,毛利润(TTM),Gross Earnings (TTM),毛利润TTM，是指企业在过去12个月，通过销售产品或提供服务所获得的收入与生产或采购这些产品、服务的成本之间的差额。它反映了企业在生产和销售过程中创造的价值。,,false,[],"UUS,UDC,UBAX,UBAF,U31X,U31F,U32X,U32F","STANDARD_SNAPSHOT,STANDARD_SERIES_TIME_RANGE_BEGIN_END"
financial_actual_disclose_date|财报实际披露日期|Actual Earnings Release Date,security,metric_lookup,snapshot,market_code,financial_actual_disclose_date,financial_actual_disclose_date,{},{},stock-detail.json,snapshot;quarter,财报实际披露日期,Actual Earnings Release Date,上市公司发布财务的实际日期,,false,[],"UUS,UDC,UBAX,UBAF,U31X,U31F,U32X,U32F",STANDARD_SNAPSHOT
financial_appoint_disclose_date|财报预约披露日期|Expected Earnings Release Date,security,metric_lookup,snapshot,market_code,financial_appoint_disclose_date,financial_appoint_disclose_date,{},{},stock-detail.json,snapshot;quarter,财报预约披露日期,Expected Earnings Release Date,上市公司提前披露的发布财报的日期,,false,[],"UUS,UDC,UBAX,UBAF,U31X,U31F,U32X,U32F",STANDARD_SNAPSHOT
total_assets_net_ratio_latest|总资产收益率(最新)|total assets net ratio latest,security,metric_lookup,snapshot,market_code,total_assets_net_ratio_latest,total_assets_net_ratio_latest,{},{},stock-detail.json,snapshot,总资产收益率(最新),total assets net ratio latest,"总资产收益率（Return on Total Assets，ROTA）是一种用于衡量企业经营效率和资产利用率的财务指标。它指的是企业净利润与总资产的比率。
ROTA用于衡量企业资产的利润能力，反映企业在不考虑负债的情况下，利用所有资产创造收益的能力。ROTA计算公式为：净利润/总资产。其中，“净利润”是企业扣除各种费用及税收后的收益，“总资产”是公司所有的资产，包括流动资产、固定资产、无形资产和其他长期资产等。
ROTA指标高意味着企业能够有效地利用其资产来创造利润，是一种有效的度量企业经营效率的指标。通常来说，ROTA越高则说明企业经营效率越高，资产的利用也更加充分。但是对于行业、公司规模等因素的不同，ROTA的合理范围也会有所不同，需要进行比较与分析。因此，ROTA也要结合其他财务指标和经营环境一起考虑，才能更准确地评估企业的经营业绩。",,false,[],"UUS,UDC,UBAX,UBAF,U31X,U31F,U32X,U32F",STANDARD_SNAPSHOT
bond_remainder|债券余额|Outstanding Amount,security,metric_lookup,snapshot,market_code,bond_remainder,bond_remainder,{},{},stock-detail.json,snapshot;quarter,债券余额,Outstanding Amount,债券余额是指在某一特定时间点上，尚未偿付的债券本金的金额。当一个债券发行时，债券的本金被划分为若干个等额的利息支付和本金偿还期限，每当偿付期限到来，债券发行方将支付相应的利息和偿还部分本金。债券余额是指在还未到期的债券期限内，剩余的尚未偿还的本金金额。,,false,[],"UUS,UDC,UBAX,UBAF,U31X,U31F,U32X,U32F",STANDARD_SNAPSHOT
bond_ratio|债券利率|Coupon Rate,security,metric_lookup,snapshot,market_code,bond_ratio,bond_ratio,{},{},stock-detail.json,snapshot;quarter,债券利率,Coupon Rate,债券利率指的是债券发行方向债券持有者支付的利息比率。它是债券发行时约定的一种固定或可变的报酬，表示投资者在持有债券期间可以获得的利息收入。,,false,[],"UUS,UDC,UBAX,UBAF,U31X,U31F,U32X,U32F",STANDARD_SNAPSHOT
start_interest_date|起息日|Issue Date,security,metric_lookup,snapshot,market_code,start_interest_date,start_interest_date,{},{},stock-detail.json,snapshot,起息日,Issue Date,债券起息日（Issue Date）是指债券开始计算利息的日期，也是债券开始生效的日期。它是债券发行时确定的一个重要日期。,,false,[],"UUS,UDC,UBAX,UBAF,U31X,U31F,U32X,U32F",STANDARD_SNAPSHOT
end_interest_date|到期日|Maturity Date,security,metric_lookup,snapshot,market_code,end_interest_date,end_interest_date,{},{},stock-detail.json,snapshot,到期日,Maturity Date,债券到期日（Maturity Date）是指债券的最后一天，也是债券的有效期结束日期。在这一天，债券发行人将向债券持有人（投资者）支付债券的面值（或票面价值），并解除债券的义务。,,false,[],"UUS,UDC,UBAX,UBAF,U31X,U31F,U32X,U32F",STANDARD_SNAPSHOT
interest_rate_type_code|利率类别编码|Coupon Type,security,metric_lookup,snapshot,market_code,interest_rate_type_code,interest_rate_type_code,{},{},stock-detail.json,snapshot,利率类别编码,Coupon Type,"指标定义：利率类别编码是指用于区分不同类型利率的编码系统。
    指标描述：利率类别编码有助于标准化和分类不同的利率产品，如固定利率、浮动利率等。
    计算公式：无，通常由金融机构或监管机构制定。
    适用场景：用于金融产品分类、利率风险管理和金融监管。",,false,[],"UUS,UDC,UBAX,UBAF,U31X,U31F,U32X,U32F",STANDARD_SNAPSHOT
payment_frequency|付息频率|Coupon Frequency,security,metric_lookup,snapshot,market_code,payment_frequency,payment_frequency,{},{},stock-detail.json,snapshot,付息频率,Coupon Frequency,付息频率是指债券或其他固定收益证券向投资者支付利息的时间间隔。,,false,[],"UUS,UDC,UBAX,UBAF,U31X,U31F,U32X,U32F",STANDARD_SNAPSHOT
"ebitda_ttm|息税前折旧摊销前利润EBITDA(TTM)|Earnings Before Interest, Taxes, Depreciation and Amortization (TTM)",security,metric_lookup,series,market_code,ebitda_ttm,ebitda_ttm,{},"{""type"":""begin_end"",""begin_time"":1783296000000,""end_time"":0,""time_period"":""quarter_1""}",series-etf-30d.json,snapshot;quarter_1,息税前折旧摊销前利润EBITDA(TTM),"Earnings Before Interest, Taxes, Depreciation and Amortization (TTM)","EBTIDA(TTM) 是指""Trailing Twelve Months""的缩写，表示企业最近12个月内不包括当期的EBTIDA。这个指标用于提供一个更长期的视角来评估企业的财务表现。
通常情况下，企业的财务报表是根据会计周期准备的，如每季度或每年。然而，EBTIDA(TTM)将过去12个月的数据进行累积，以消除季度或年度波动对数据的影响，并提供一个更全面和稳定的财务表现。
计算EBTIDA(TTM)时，需要将过去12个月的连续季度或年度EBTIDA值加总。例如，如果今天是2023年的12月28日，那么EBTIDA(TTM)就是从2022年12月29日到2023年12月28日的EBTIDA总和。
EBTIDA(TTM)是一种常用的财务指标，可以用来观察企业在较长时间周期内的经营状况和盈利能力，帮助评估企业的财务稳定性和可持续性。不包括当期的EBTIDA可以排除短期波动对财务指标的影响，提供更全面的分析依据。",,false,[],"UUS,UDC,UBAX,UBAF,U31X,U31F,U32X,U32F","STANDARD_SNAPSHOT,STANDARD_SERIES_TIME_RANGE_BEGIN_END"
per_share_dividend_ttm|每股分红(TTM)|Cash Dividend Per Share (TTM),security,metric_lookup,snapshot,market_code,per_share_dividend_ttm,per_share_dividend_ttm,{},{},stock-detail.json,snapshot;quarter,每股分红(TTM),Cash Dividend Per Share (TTM),"每股分红TTM是指公司在最近12个月（Trailing Twelve Months，简称TTM）内每股分红的总额。它是一个财务指标，用于衡量公司在过去一年内向股东发放的每股分红金额。

每股分红TTM是通过将公司在过去12个月内发放的所有分红总额除以总发行股数得出的。这个指标可以帮助投资者寻找公司的分红政策和股东回报情况。较高的每股分红TTM意味着公司在过去一年内向股东派发了较多的利润，可能是积极的股东回报政策的体现。相反，较低的每股分红TTM可能意味着公司在分配利润方面较为保守或者有其他投资计划。",,false,[],"UUS,UDC,UBAX,UBAF,U31X,U31F,U32X,U32F",STANDARD_SNAPSHOT
per_share_dividend_ttm|每股分红(TTM)|Cash Dividend Per Share (TTM),security,metric_lookup,snapshot,market_code,per_share_dividend_ttm,per_share_dividend_ttm,{},{},stock-detail.json,snapshot;quarter,每股分红(TTM),Cash Dividend Per Share (TTM),"每股分红TTM是指公司在最近12个月（Trailing Twelve Months，简称TTM）内每股分红的总额。它是一个财务指标，用于衡量公司在过去一年内向股东发放的每股分红金额。

每股分红TTM是通过将公司在过去12个月内发放的所有分红总额除以总发行股数得出的。这个指标可以帮助投资者寻找公司的分红政策和股东回报情况。较高的每股分红TTM意味着公司在过去一年内向股东派发了较多的利润，可能是积极的股东回报政策的体现。相反，较低的每股分红TTM可能意味着公司在分配利润方面较为保守或者有其他投资计划。",,false,[],"UUS,UDC,UBAX,UBAF,U31X,U31F,U32X,U32F",STANDARD_SNAPSHOT
operating_income_total_ttm|营业总收入(TTM)|Revenue (TTM),security,metric_lookup,series,market_code,operating_income_total_ttm,operating_income_total_ttm,{},"{""type"":""begin_end"",""begin_time"":1783296000000,""end_time"":0,""time_period"":""quarter_1""}",series-etf-30d.json,snapshot;quarter_1,营业总收入(TTM),Revenue (TTM),营业总收入TTM指的是一个公司在过去12个月（Trailing Twelve Months，简称TTM）内的总收入。它是一种财务指标，用于衡量公司在最近一年内实现的所有业务活动所带来的总收入。,,false,[],"UUS,UDC,UBAX,UBAF,U31X,U31F,U32X,U32F","STANDARD_SNAPSHOT,STANDARD_SERIES_TIME_RANGE_BEGIN_END"
actual_issuance_price|实际发行价格|Actual IPO Price,security,metric_lookup,snapshot,market_code,actual_issuance_price,actual_issuance_price,{},{},stock-detail.json,snapshot,实际发行价格,Actual IPO Price,港股：取自 ifind数据库 hk139.f006n_hk139,,false,[],"UUS,UDC,UBAX,UBAF,U31X,U31F,U32X,U32F",STANDARD_SNAPSHOT
parent_holder_net_profit_ttm|归母净利润(TTM)|Net Income Attributable to Common Shareholders (TTM),security,metric_lookup,series,market_code,parent_holder_net_profit_ttm,parent_holder_net_profit_ttm,{},"{""type"":""begin_end"",""begin_time"":1783296000000,""end_time"":0,""time_period"":""quarter_1""}",series-etf-30d.json,snapshot;quarter_1,归母净利润(TTM),Net Income Attributable to Common Shareholders (TTM),归母净利润 TTM（Trailing Twelve Months）是指过去连续12个月内公司的归属于母公司股东的净利润总额。,,false,[],"UUS,UDC,UBAX,UBAF,U31X,U31F,U32X,U32F","STANDARD_SNAPSHOT,STANDARD_SERIES_TIME_RANGE_BEGIN_END"
operating_income_ttm|营业收入(TTM)|Revenue (TTM),security,metric_lookup,snapshot,market_code,operating_income_ttm,operating_income_ttm,{},{},stock-detail.json,snapshot;quarter,营业收入(TTM),Revenue (TTM),营业收入 TTM（Trailing Twelve Months）是指过去连续12个月内公司的营业收入总额。它是一种财务指标，用于衡量公司在最近的12个月内实现的总收入。,,false,[],"UUS,UDC,UBAX,UBAF,U31X,U31F,U32X,U32F",STANDARD_SNAPSHOT
per_net_assets_latest|每股净资产(最新)|Net Assets per Share (Latest),security,metric_lookup,snapshot,market_code,per_net_assets_latest,per_net_assets_latest,{},{},stock-detail.json,snapshot;quarter,每股净资产(最新),Net Assets per Share (Latest),"每股净资产=[归属于母公司股东权益(F079N_USK127)-优先股（F072N_USK127）]／报告期末总股本（F001N_USK037），优先股为空时当0处理。
此处需要对报告期末总股本进行修正，需要对比股本变动时间与每次拆股除权日期的先后关系，如果股本变动时间<除权日期，则股本需要乘以此次拆股记录的[拆分分子/拆分分母]",,false,[],"UUS,UDC,UBAX,UBAF,U31X,U31F,U32X,U32F",STANDARD_SNAPSHOT
eps_ttm|每股收益(TTM)|EPS(TTM),security,metric_lookup,snapshot,market_code,eps_ttm,eps_ttm,{},{},stock-detail.json,snapshot,每股收益(TTM),EPS(TTM),取最近四个单季度每股收益之和，此处每股收益是复权后的每股收益,,false,[],"UUS,UDC,UBAX,UBAF,U31X,U31F,U32X,U32F",STANDARD_SNAPSHOT
balanced_net_assets|每股净资产(拆股复权)|balanced net assets,security,metric_lookup,series,market_code,balanced_net_assets,balanced_net_assets,{},"{""type"":""begin_end"",""begin_time"":1783296000000,""end_time"":0,""time_period"":""quarter_1""}",series-etf-30d.json,snapshot;quarter_1,每股净资产(拆股复权),balanced net assets,每股净资产是指公司所有者权益净额与公司股本总数的比值，也就是每一股股票对应的净资产的金额。其公式为每股净资产 = 公司所有者权益净额 ÷ 公司股本总数。每股净资产是一个重要的财务指标，可以衡量公司的净值和价值，也是评估公司投资价值的参考指标之一。但需要注意的是，每股净资产仅反映公司现有所有者权益的价值，不一定能全面反映公司未来价值的变化，因此在评估投资价值时，需要结合其他财务指标一起参考。,,false,[],"UUS,UDC,UBAX,UBAF,U31X,U31F,U32X,U32F","STANDARD_SNAPSHOT,STANDARD_SERIES_TIME_RANGE_BEGIN_END"
balanced_eps|每股收益(前复权)|Earnings per Share (Adjusted),security,metric_lookup,series,market_code,balanced_eps,balanced_eps,{},"{""type"":""begin_end"",""begin_time"":1783296000000,""end_time"":0,""time_period"":""quarter_1""}",series-etf-30d.json,snapshot;quarter_1,每股收益(前复权),Earnings per Share (Adjusted),"每股收益（Earnings per share，EPS）是衡量公司经营状况的重要财务指标之一，是指公司每股普通股权益所产生的净利润。每股收益是按照公司净利润和普通股股数计算得出的，通常使用的公式为：

每股收益 = 净利润 ÷ 普通股股数

其中，净利润是指企业在扣除各种费用后所获得的盈余，普通股股数是指公司所有普通股股东持有的股票数。

每股收益是一个重要经济指标，它反映了公司每一股股票的盈利能力和价值，也是投资者进行投资决策的重要考虑因素之一。通常情况下，每股收益越高，意味着每股股票所承载的价值和盈利能力越高，吸引更多的投资者。但同时也需要注意，每股收益只是衡量公司盈利水平的一个指标，不能作为单独进行投资决策的依据，投资者还需要综合考虑其他因素来进行投资分析和决策。",,false,[],"UUS,UDC,UBAX,UBAF,U31X,U31F,U32X,U32F","STANDARD_SNAPSHOT,STANDARD_SERIES_TIME_RANGE_BEGIN_END"
cash_equivalents_net_addition|现金及现金等价物净增加额|Increase in Cash and Cash Equivalents,security,metric_lookup,snapshot,market_code,cash_equivalents_net_addition,cash_equivalents_net_addition,{},{},stock-detail.json,snapshot;quarter,现金及现金等价物净增加额,Increase in Cash and Cash Equivalents,"现金及现金等价物净增加额是财务会计中的一个重要指标，通常出现在公司的现金流量表中。它反映了一个特定经营周期内，公司通过经营活动、投资活动和筹资活动等方式获得或使用现金的情况。

具体来说，现金及现金等价物净增加额代表在一段特定的时间内公司现金及现金等价物的增加量，可用来衡量一个公司在该期间内现金储备的变化。这一指标的计算通常涉及净利润、折旧和摊销、营运资本变化等因素，以揭示公司经营活动对现金流量的影响。

在投资者和分析师的眼中，现金及现金等价物净增加额是一个关键的指标，可用来评估公司的现金流状况、经营绩效和财务稳定性。一个持续增加现金及现金等价物的企业通常被视为更具稳健性，因为这意味着公司有足够的现金储备来支付债务、投资和应急情况。",,false,[],"UUS,UDC,UBAX,UBAF,U31X,U31F,U32X,U32F",STANDARD_SNAPSHOT
per_share_dividend|每股分红|Dividend Per Share,security,metric_lookup,snapshot,market_code,per_share_dividend,per_share_dividend,{},{},stock-detail.json,snapshot;quarter,每股分红,Dividend Per Share,通常指的是公司在一定时期内，根据其利润分配给股东的红利，按照每股股票来计算的分红金额。简单来说，就是公司将一部分利润以现金或股票的形式分配给持有公司股票的股东。每股分红的金额通常由公司董事会决定，并在年度股东大会上批准。,,false,[],"UUS,UDC,UBAX,UBAF,U31X,U31F,U32X,U32F",STANDARD_SNAPSHOT
per_share_dividend|每股分红|Dividend Per Share,security,metric_lookup,snapshot,market_code,per_share_dividend,per_share_dividend,{},{},stock-detail.json,snapshot;quarter,每股分红,Dividend Per Share,通常指的是公司在一定时期内，根据其利润分配给股东的红利，按照每股股票来计算的分红金额。简单来说，就是公司将一部分利润以现金或股票的形式分配给持有公司股票的股东。每股分红的金额通常由公司董事会决定，并在年度股东大会上批准。,,false,[],"UUS,UDC,UBAX,UBAF,U31X,U31F,U32X,U32F",STANDARD_SNAPSHOT
total_profit_yoy_growth_ratio|利润总额同比增长率|Total Profit YoY Growth,security,metric_lookup,series,market_code,total_profit_yoy_growth_ratio,total_profit_yoy_growth_ratio,{},"{""type"":""begin_end"",""begin_time"":1783296000000,""end_time"":0,""time_period"":""quarter""}",series-etf-30d.json,snapshot;quarter,利润总额同比增长率,Total Profit YoY Growth,利润总额同比增长率是指一个公司在一定时期内（通常为一年），利润总额相对于去年同期的增长率。利润总额是指公司在一定期间内的总收入减去总成本后的剩余部分，包括营业利润、投资收益、营业外收支等。同比增长率为正，说明公司的总体盈利能力有所提高；同比增长率为负，说明公司的总体盈利能力有所下降。需要注意的是，同比增长率不能完全反映公司的盈利质量，还需要结合其他财务指标和公司内部经营情况进行分析。,,false,[],"UUS,UDC,UBAX,UBAF,U31X,U31F,U32X,U32F","STANDARD_SNAPSHOT,STANDARD_SERIES_TIME_RANGE_BEGIN_END"
"earnings_before_interest_depreciation_amortization|息税折旧摊销前利润|Earnings Before Interest, Taxes, Depreciation and Amortization",security,metric_lookup,series,market_code,earnings_before_interest_depreciation_amortization,earnings_before_interest_depreciation_amortization,{},"{""type"":""begin_end"",""begin_time"":1783296000000,""end_time"":0,""time_period"":""quarter_1""}",series-etf-30d.json,snapshot;quarter_1,息税折旧摊销前利润,"Earnings Before Interest, Taxes, Depreciation and Amortization",息税折旧摊销前利润（EBITDA）是指企业在计算利润时，按照一定的标准不考虑财务成本（利息）、所得税、折旧及摊销等因素对企业利润的影响，直接考虑企业经营活动本身所取得的利润。EBITDA可用来衡量企业经营活动的质量和效益，以及企业的盈利能力，是投资者和分析师评估企业价值的重要指标之一。,,false,[],"UUS,UDC,UBAX,UBAF,U31X,U31F,U32X,U32F","STANDARD_SNAPSHOT,STANDARD_SERIES_TIME_RANGE_BEGIN_END"
earnings_before_interest_taxes|息税前利润|Earnings Before Interest and Taxes,security,metric_lookup,series,market_code,earnings_before_interest_taxes,earnings_before_interest_taxes,{},"{""type"":""begin_end"",""begin_time"":1783296000000,""end_time"":0,""time_period"":""quarter_1""}",series-etf-30d.json,snapshot;quarter_1,息税前利润,Earnings Before Interest and Taxes,息税前利润（EBIT）是指企业在计算利润时，除去税收和利息的支出之后所剩余的利润。具体来说，EBIT等于企业的营业收入减去营业成本和折旧摊销等费用支出。EBIT是一个衡量企业经营活动盈利能力的重要指标，其反映了企业运营能力的实际水平和效益，同样也可用来比较各企业间的业绩和评估企业的盈利能力。,,false,[],"UUS,UDC,UBAX,UBAF,U31X,U31F,U32X,U32F","STANDARD_SNAPSHOT,STANDARD_SERIES_TIME_RANGE_BEGIN_END"
flow_capital|流通股本|Free Float Shares,security,metric_lookup,series,market_code,flow_capital,flow_capital,{},"{""type"":""begin_end"",""begin_time"":1783296000000,""end_time"":0,""time_period"":""quarter_1""}",series-etf-30d.json,snapshot;quarter_1,流通股本,Free Float Shares,"流通股本是指公司发行的股票中，处于公开流通市场上并能够被自由买卖和转让的股份。这些股份可以随时在证券交易所（如A股市场）或其他场外交易市场上自由转让，价格则由市场供求关系决定。流通股通常包括公司向公众发行的股票、股权激励计划的股票以及之前持有的非流通股份，在特定条件下转化为流通股份。与非流通股份相比，流通股份的数量更广泛，可以更准确地反映市场对公司的看法和预期。
应用场景：
A股：<a href=""https://basic.10jqka.com.cn/astockph/briefinfo/index.html?code=300033&marketid=33#/holder"" target=""_blank"">手炒->分时->简况F10->股本股东->股本结构</a>",,false,[],"UUS,UDC,UBAX,UBAF,U31X,U31F,U32X,U32F","STANDARD_SNAPSHOT,STANDARD_SERIES_TIME_RANGE_BEGIN_END"
listing_date|上市日期|Listing Date,security,metric_lookup,snapshot,market_code,listing_date,listing_date,{},{},stock-detail.json,snapshot,上市日期,Listing Date,公司交易所上市时间,,false,[],"UUS,UDC,UBAX,UBAF,U31X,U31F,U32X,U32F",STANDARD_SNAPSHOT
listing_date|上市日期|Listing Date,security,metric_lookup,snapshot,market_code,listing_date,listing_date,{},{},stock-detail.json,snapshot,上市日期,Listing Date,公司交易所上市时间,,false,[],"UUS,UDC,UBAX,UBAF,U31X,U31F,U32X,U32F",STANDARD_SNAPSHOT
listing_date|上市日期|Listing Date,security,metric_lookup,snapshot,market_code,listing_date,listing_date,{},{},stock-detail.json,snapshot,上市日期,Listing Date,公司交易所上市时间,,false,[],"UUS,UDC,UBAX,UBAF,U31X,U31F,U32X,U32F",STANDARD_SNAPSHOT
listing_date|上市日期|Listing Date,security,metric_lookup,snapshot,market_code,listing_date,listing_date,{},{},stock-detail.json,snapshot,上市日期,Listing Date,公司交易所上市时间,,false,[],"UUS,UDC,UBAX,UBAF,U31X,U31F,U32X,U32F",STANDARD_SNAPSHOT
sec_type|证券类型|Security Type,security,metric_lookup,snapshot,market_code,sec_type,sec_type,{},{},stock-detail.json,snapshot,证券类型,Security Type,证券类型是指在资本市场上可以交易的各种金融产品，包括股票、债券、基金、期货、期权、外汇等。,,false,[],"UUS,UDC,UBAX,UBAF,U31X,U31F,U32X,U32F",STANDARD_SNAPSHOT
sec_type|证券类型|Security Type,security,metric_lookup,snapshot,market_code,sec_type,sec_type,{},{},stock-detail.json,snapshot,证券类型,Security Type,证券类型是指在资本市场上可以交易的各种金融产品，包括股票、债券、基金、期货、期权、外汇等。,,false,[],"UUS,UDC,UBAX,UBAF,U31X,U31F,U32X,U32F",STANDARD_SNAPSHOT
sec_type|证券类型|Security Type,security,metric_lookup,snapshot,market_code,sec_type,sec_type,{},{},stock-detail.json,snapshot,证券类型,Security Type,证券类型是指在资本市场上可以交易的各种金融产品，包括股票、债券、基金、期货、期权、外汇等。,,false,[],"UUS,UDC,UBAX,UBAF,U31X,U31F,U32X,U32F",STANDARD_SNAPSHOT
sec_type|证券类型|Security Type,security,metric_lookup,snapshot,market_code,sec_type,sec_type,{},{},stock-detail.json,snapshot,证券类型,Security Type,证券类型是指在资本市场上可以交易的各种金融产品，包括股票、债券、基金、期货、期权、外汇等。,,false,[],"UUS,UDC,UBAX,UBAF,U31X,U31F,U32X,U32F",STANDARD_SNAPSHOT
company_introduction|公司简介|Organization Description (Chinese),security,metric_lookup,snapshot,market_code,company_introduction,company_introduction,{},{},stock-detail.json,snapshot,公司简介,Organization Description (Chinese),公司简介是企业或组织的概述信息，通常包括企业或组织的名称、注册或成立时间、联系方式、公司规模、主要业务、发展历程、市场地位、资质和荣誉等方面的介绍。在投资决策和商业合作中，了解企业的简介可以帮助投资者或商业伙伴更好地了解该企业的基本情况和发展历程，以及其在市场上的地位和竞争力。同时，企业简介也是展示企业品牌形象和标识的重要信息来源之一。在公司官网、企业文献、行业数据库和企业报告等资料中，都可以了解到企业的简介信息。,,false,[],"UUS,UDC,UBAX,UBAF,U31X,U31F,U32X,U32F",STANDARD_SNAPSHOT
work_address|办公地址|Office Address (Chinese),security,metric_lookup,snapshot,market_code,work_address,work_address,{},{},stock-detail.json,snapshot,办公地址,Office Address (Chinese),公司地址是指企业或组织的营业或注册地址，是企业或组织的基本信息之一。,,false,[],"UUS,UDC,UBAX,UBAF,U31X,U31F,U32X,U32F",STANDARD_SNAPSHOT
beta|贝塔值|Beta,security,metric_lookup,snapshot,market_code,beta,beta,{},{},stock-detail.json,snapshot;quarter,贝塔值,Beta,贝塔值是衡量股票或投资组合相对于整个市场的波动性的一种指标，通常用于风险分析和组合管理。贝塔值为1表示该股票或投资组合的收益波动与市场收益波动相同，而高于1的贝塔值意味着该股票或投资组合的波动性比市场高，低于1的贝塔值则表示波动性比市场低。因此，投资者可以根据贝塔值来判断股票或投资组合相对于市场的风险程度。,,false,[],"UUS,UDC,UBAX,UBAF,U31X,U31F,U32X,U32F",STANDARD_SNAPSHOT
beta|贝塔值|Beta,security,metric_lookup,snapshot,market_code,beta,beta,{},{},stock-detail.json,snapshot;quarter,贝塔值,Beta,贝塔值是衡量股票或投资组合相对于整个市场的波动性的一种指标，通常用于风险分析和组合管理。贝塔值为1表示该股票或投资组合的收益波动与市场收益波动相同，而高于1的贝塔值意味着该股票或投资组合的波动性比市场高，低于1的贝塔值则表示波动性比市场低。因此，投资者可以根据贝塔值来判断股票或投资组合相对于市场的风险程度。,,false,[],"UUS,UDC,UBAX,UBAF,U31X,U31F,U32X,U32F",STANDARD_SNAPSHOT
beta|贝塔值|Beta,security,metric_lookup,snapshot,market_code,beta,beta,{},{},stock-detail.json,snapshot;quarter,贝塔值,Beta,贝塔值是衡量股票或投资组合相对于整个市场的波动性的一种指标，通常用于风险分析和组合管理。贝塔值为1表示该股票或投资组合的收益波动与市场收益波动相同，而高于1的贝塔值意味着该股票或投资组合的波动性比市场高，低于1的贝塔值则表示波动性比市场低。因此，投资者可以根据贝塔值来判断股票或投资组合相对于市场的风险程度。,,false,[],"UUS,UDC,UBAX,UBAF,U31X,U31F,U32X,U32F",STANDARD_SNAPSHOT
total_capital|总股本|Total Shares,security,metric_lookup,series,market_code,total_capital,total_capital,{},"{""type"":""begin_end"",""begin_time"":1783296000000,""end_time"":0,""time_period"":""quarter_1""}",series-etf-30d.json,snapshot;quarter_1,总股本,Total Shares,"总股本是指上市公司发行的股票的总数，它包括了所有类型的股份，如普通股和优先股等。这个指标可以帮助投资者了解公司的资本结构和股东权益的规模。总股本的数值会随着公司进行的资本运作活动，如发行新股、增发、回购股票等行为而发生变化。投资者在分析总股本时，应关注公司的最新财务报告和相关的股本变动公告，以获取准确的数据。
应用场景：
A股：<a href=""https://basic.10jqka.com.cn/astockph/briefinfo/index.html?code=300033&marketid=33#/holder"" target=""_blank"">手炒->分时->简况F10->股本股东->股本结构</a>",,false,[],"UUS,UDC,UBAX,UBAF,U31X,U31F,U32X,U32F","STANDARD_SNAPSHOT,STANDARD_SERIES_TIME_RANGE_BEGIN_END"
receive_account_turnover_ratio|应收账款周转率|Accounts Receivable Turnover Ratio,security,metric_lookup,series,market_code,receive_account_turnover_ratio,receive_account_turnover_ratio,{},"{""type"":""begin_end"",""begin_time"":1783296000000,""end_time"":0,""time_period"":""quarter_1""}",series-etf-30d.json,snapshot;quarter_1,应收账款周转率,Accounts Receivable Turnover Ratio,应收账款周转率是衡量企业应收账款回收能力的一种财务指标。它通常是用年度营业收入除以年末应收账款的总额，来反映企业每年从应收账款中收回资金的能力。该指标的数值越高，通常说明企业的资金周转速度越快，从而收回应收账款的能力越强。如果企业的应收账款周转率数值较低，则说明企业可能有难以收回的账款，或者企业的财务状况不太健康，需要更加重视和管理应收账款的回收。需要注意的是，不同行业和企业的应收账款周转率标准可能不同，因此应结合具体情况来进行评估和比较。,,false,[],"UUS,UDC,UBAX,UBAF,U31X,U31F,U32X,U32F","STANDARD_SNAPSHOT,STANDARD_SERIES_TIME_RANGE_BEGIN_END"
basic_eps|每股收益|Total Basic Earnings per Common Share,security,metric_lookup,snapshot,market_code,basic_eps,basic_eps,{},{},stock-detail.json,snapshot,每股收益,Total Basic Earnings per Common Share,上市公司定期报告中主动披露的每股收益，即EPS，又称每股税后利润、每股盈余，指税后利润与股本总数的比率，是普通股股东每持有一股所能享有的企业净利润或需承担的企业净亏损。,,false,[],"UUS,UDC,UBAX,UBAF,U31X,U31F,U32X,U32F",STANDARD_SNAPSHOT
capital_invested_return_ratio|投资回报率|Capital Invested Return Ratio,security,metric_lookup,series,market_code,capital_invested_return_ratio,capital_invested_return_ratio,{},"{""type"":""begin_end"",""begin_time"":1783296000000,""end_time"":0,""time_period"":""quarter_1""}",series-etf-30d.json,snapshot;quarter_1,投资回报率,Capital Invested Return Ratio,本指标是总资产净利润的衍生指标，该指标能确定一个公司经营成功、吸引资金、偿还债务和回报所有的能力，他是一个倾向于长期的计量指数。投入资本回报率＝归属于母公司股东的净利润×2／（期初全部投入资本＋期末全部投入资本）,,false,[],"UUS,UDC,UBAX,UBAF,U31X,U31F,U32X,U32F","STANDARD_SNAPSHOT,STANDARD_SERIES_TIME_RANGE_BEGIN_END"
total_debt|总负债|Total Liabilities,security,metric_lookup,snapshot,market_code,total_debt,total_debt,{},{},stock-detail.json,snapshot;quarter,总负债,Total Liabilities,负债合计是指企业所承担的能以，将以资产或劳务偿还的债务，偿还形式包括货币、资产或提供劳务。根据会计“资产负债表”中“负债合计”项的年末数填列。,,false,[],"UUS,UDC,UBAX,UBAF,U31X,U31F,U32X,U32F",STANDARD_SNAPSHOT
total_current_assets|流动资产合计|Total Current Assets,security,metric_lookup,snapshot,market_code,total_current_assets,total_current_assets,{},{},stock-detail.json,snapshot;quarter,流动资产合计,Total Current Assets,流动资产合计指在一年内或者超过一年的一个营业周期内变现或者耗用的资产，包括货币资金、短期投资、应收票据、应收账款、坏账准备、应收账款净额、预付账款、其他应收款、存货、待转其他业务支出、待摊费用、待处理流动资产净损失、一年内到期的长期债券投资、其他流动资产等项。,,false,[],"UUS,UDC,UBAX,UBAF,U31X,U31F,U32X,U32F",STANDARD_SNAPSHOT
fixed_assets_turnover_ratio|固定资产周转率|Fixed Assets Turnover Ratio,security,metric_lookup,series,market_code,fixed_assets_turnover_ratio,fixed_assets_turnover_ratio,{},"{""type"":""begin_end"",""begin_time"":1783296000000,""end_time"":0,""time_period"":""quarter_1""}",series-etf-30d.json,snapshot;quarter_1,固定资产周转率,Fixed Assets Turnover Ratio,固定资产周转率是一个衡量企业资产使用效率的财务指标，它用于征量企业固定资产的使用效果，具体来说，它衡量企业在一定时间内通过固定资产带来的销售额和固定资产本身的价值之比。这个指标越高，通常意味着企业更高效地运用了固定资产，使企业的投资回报更加高效。同时，这个指标也可以用来评估企业的运营效率和管理水平。需要注意的是，不同行业、企业规模和业务模式的固定资产周转率水平可能会有很大的差异，应该根据各自的具体情况来进行评估和比较。,,false,[],"UUS,UDC,UBAX,UBAF,U31X,U31F,U32X,U32F","STANDARD_SNAPSHOT,STANDARD_SERIES_TIME_RANGE_BEGIN_END"
index_weighted_avg_roe|净资产收益率|Return on Equity,security,metric_lookup,series,market_code,index_weighted_avg_roe,index_weighted_avg_roe,{},"{""type"":""begin_end"",""begin_time"":1783296000000,""end_time"":0,""time_period"":""quarter_1""}",series-etf-30d.json,snapshot;quarter_1,净资产收益率,Return on Equity,净资产收益率又称股东权益收益率，是净利润与平均股东权益的百分比，是公司税后利润除以净资产得到的百分比率，该指标反映股东权益的收益水平，用以衡量公司运用自有资本的效率，指标值越高，说明投资带来的收益越高。,,false,[],"UUS,UDC,UBAX,UBAF,U31X,U31F,U32X,U32F","STANDARD_SNAPSHOT,STANDARD_SERIES_TIME_RANGE_BEGIN_END"
inventory_turnover_ratio|存货周转率|Inventory Turnover Ratio,security,metric_lookup,series,market_code,inventory_turnover_ratio,inventory_turnover_ratio,{},"{""type"":""begin_end"",""begin_time"":1783296000000,""end_time"":0,""time_period"":""quarter_1""}",series-etf-30d.json,snapshot;quarter_1,存货周转率,Inventory Turnover Ratio,"存货周转率是对流动资产周转率的补充说明,是衡量企业销售能力及存货管理水平的综合性指标。它是销售成本与平均存货的比率。 存货周转率是企业一定时期销货成本与平均存货余额的比率。用于反映存货的周转速度，即存货的流动性及存货资金占用量是否合理，促使企业在保证生产经营连续性的同时，提高资金的使用效率，增强企业的短期偿债能力。",,false,[],"UUS,UDC,UBAX,UBAF,U31X,U31F,U32X,U32F","STANDARD_SNAPSHOT,STANDARD_SERIES_TIME_RANGE_BEGIN_END"
total_assets_net_ratio|总资产收益率|Net Profit Margin on Total Assets (ROA),security,metric_lookup,series,market_code,total_assets_net_ratio,total_assets_net_ratio,{},"{""type"":""begin_end"",""begin_time"":1783296000000,""end_time"":0,""time_period"":""quarter_1""}",series-etf-30d.json,snapshot;quarter_1,总资产收益率,Net Profit Margin on Total Assets (ROA),"总资产收益率（Return on Total Assets，ROTA）是一种用于衡量企业经营效率和资产利用率的财务指标。它指的是企业净利润与总资产的比率。
ROTA用于衡量企业资产的利润能力，反映企业在不考虑负债的情况下，利用所有资产创造收益的能力。ROTA计算公式为：净利润/总资产。其中，“净利润”是企业扣除各种费用及税收后的收益，“总资产”是公司所有的资产，包括流动资产、固定资产、无形资产和其他长期资产等。
ROTA指标高意味着企业能够有效地利用其资产来创造利润，是一种有效的度量企业经营效率的指标。通常来说，ROTA越高则说明企业经营效率越高，资产的利用也更加充分。但是对于行业、公司规模等因素的不同，ROTA的合理范围也会有所不同，需要进行比较与分析。因此，ROTA也要结合其他财务指标和经营环境一起考虑，才能更准确地评估企业的经营业绩。",,false,[],"UUS,UDC,UBAX,UBAF,U31X,U31F,U32X,U32F","STANDARD_SNAPSHOT,STANDARD_SERIES_TIME_RANGE_BEGIN_END"
quick_ratio|速动比率|Quick Ratio,security,metric_lookup,series,market_code,quick_ratio,quick_ratio,{},"{""type"":""begin_end"",""begin_time"":1783296000000,""end_time"":0,""time_period"":""quarter_1""}",series-etf-30d.json,snapshot;quarter_1,速动比率,Quick Ratio,速动比率，又称“酸性测验比率”，是指速动资产对流动负债的比率。它是衡量企业流动资产中可以立即变现用于偿还流动负债的能力。速动资产包括货币资金、短期投资、应收票据、应收账款及其他应收款，可以在较短时间内变现。而流动资产中存货及1年内到期的非流动资产不应计入。,,false,[],"UUS,UDC,UBAX,UBAF,U31X,U31F,U32X,U32F","STANDARD_SNAPSHOT,STANDARD_SERIES_TIME_RANGE_BEGIN_END"
current_ratio|流动比率|Current Ratio,security,metric_lookup,series,market_code,current_ratio,current_ratio,{},"{""type"":""begin_end"",""begin_time"":1783296000000,""end_time"":0,""time_period"":""quarter_1""}",series-etf-30d.json,snapshot;quarter_1,流动比率,Current Ratio,流动比率是流动资产对流动负债的比率，用来衡量企业流动资产在短期债务到期以前，可以变为现金用于偿还负债的能力。一般说来，比率越高，说明企业资产的变现能力越强，短期偿债能力亦越强；反之则弱。一般认为流动比率应在2：1以上，流动比率2：1，表示流动资产是流动负债的两倍，即使流动资产有一半在短期内不能变现，也能保证全部的流动负债得到偿还。,,false,[],"UUS,UDC,UBAX,UBAF,U31X,U31F,U32X,U32F","STANDARD_SNAPSHOT,STANDARD_SERIES_TIME_RANGE_BEGIN_END"
act_cash_flow_net|经营活动现金流量净额|Net Cash Provided by Operating Activities,security,metric_lookup,snapshot,market_code,act_cash_flow_net,act_cash_flow_net,{},{},stock-detail.json,snapshot;quarter,经营活动现金流量净额,Net Cash Provided by Operating Activities,经营活动现金流量净额是经营活动现金流入与经营活动现金流出的差额,,false,[],"UUS,UDC,UBAX,UBAF,U31X,U31F,U32X,U32F",STANDARD_SNAPSHOT
financing_cash_flow_net|筹资活动现金流量净额|Net Cash Used in Financing Activities,security,metric_lookup,snapshot,market_code,financing_cash_flow_net,financing_cash_flow_net,{},{},stock-detail.json,snapshot;quarter,筹资活动现金流量净额,Net Cash Used in Financing Activities,"筹资活动现金流量净额是指企业在筹集资金的活动中产生的现金流入与现金流出之差，用来反映企业通过筹资活动对现金流量的影响。其计算公式为：
筹资活动现金流量净额 = 筹资活动现金流入 - 筹资活动现金流出
当筹资活动现金流入大于现金流出时，筹资活动现金流量净额为正数，表示企业通过筹资活动获取了现金流入，增加了企业的现金储备；当筹资活动现金流入小于现金流出时，筹资活动现金流量净额为负数，表示企业通过筹资活动支付了更多的现金支出，减少了企业的现金储备。",,false,[],"UUS,UDC,UBAX,UBAF,U31X,U31F,U32X,U32F",STANDARD_SNAPSHOT
parent_holder_net_profit|归母净利润|Net Income Attributable to Common Shareholders,security,metric_lookup,snapshot,market_code,parent_holder_net_profit,parent_holder_net_profit,{},{},stock-detail.json,snapshot;quarter,归母净利润,Net Income Attributable to Common Shareholders,"别名：归属于母公司股东的净利润
定义：      指的是一家公司在一定会计期间内，扣除了所有费用（包括税费、成本、利息等）后，最终归属于母公司股东的利润部分。归母净利润在分析公司的盈利能力、分红潜力以及股票投资价值时具有重要作用。
特别说明：    用户经常会说一家公司的净利润 这里的净利润通常是指归母净利润，它与净利润的区别是 归母净利润=净利润−少数股东损益 净利润用于评估整个公司的盈利状况，而归母净利润更多地用于评估母公司股东的投资回报。
应用场景：
A股：  <a href=""https://basic.10jqka.com.cn/astockph/briefinfo/financen.html?code=300033&marketid=33"" target=""_blank"">手炒->分时->财务->常用指标</a>、<a href=""https://basic.10jqka.com.cn/astockph/briefinfo/index.html?code=300033&marketid=33#/finance"" target=""_blank"">手炒->分时->简况F10->财务分析->常用指标</a>
港股： <a href=""https://basic.10jqka.com.cn/mobile/HK0001/company.html?marketid=177&code=HK0001&marketid=177"" target=""_blank"">手炒->分时->简况F10->主要指标</a>、 <a href=""https://basic.10jqka.com.cn/hkph/briefinfo/financen.html?code=HK0001&marketid=177#/index"" target=""_blank"">手炒->分时->财务->主要指标</a>
美股：<a href=""https://basic.10jqka.com.cn/mobile/AAPL/newcompany.html?marketid=184&code=AAPL&marketid=184"" target=""_blank"">手炒->分时->财务->主要指标</a>、 <a href=""https://basic.10jqka.com.cn/usaph/briefinfo/financen.html?code=AAPL&marketid=184#/index"" target=""_blank"">手炒->分时->财务->手炒->分时->财务->主要指标</a>",,false,[],"UUS,UDC,UBAX,UBAF,U31X,U31F,U32X,U32F",STANDARD_SNAPSHOT
equity_multiplier|权益乘数|equity multiplier,security,metric_lookup,series,market_code,equity_multiplier,equity_multiplier,{},"{""type"":""begin_end"",""begin_time"":1783296000000,""end_time"":0,""time_period"":""quarter_1""}",series-etf-30d.json,snapshot;quarter_1,权益乘数,equity multiplier,权益乘数又称股本乘数，是指资产总额相当于股东权益的倍数。表示企业的负债程度，权益乘数越大，企业负债程度越高。股东权益比率的倒数称为权益乘数，即资产总额是股东权益的多少倍。该乘数越大，说明股东投入的资本在资产中所占比重越小。它用来衡量企业的财务风险。,,false,[],"UUS,UDC,UBAX,UBAF,U31X,U31F,U32X,U32F","STANDARD_SNAPSHOT,STANDARD_SERIES_TIME_RANGE_BEGIN_END"
invest_cash_flow_net|投资活动现金流量净额|Net Cash Used in Investing Activities,security,metric_lookup,snapshot,market_code,invest_cash_flow_net,invest_cash_flow_net,{},{},stock-detail.json,snapshot;quarter,投资活动现金流量净额,Net Cash Used in Investing Activities,投资活动现金流量净额是投资活动现金流入与投资活动现金流出的差额,,false,[],"UUS,UDC,UBAX,UBAF,U31X,U31F,U32X,U32F",STANDARD_SNAPSHOT
sale_net_interest_ratio|净利率|Net Profit Margin,security,metric_lookup,series,market_code,sale_net_interest_ratio,sale_net_interest_ratio,{},"{""type"":""begin_end"",""begin_time"":1783296000000,""end_time"":0,""time_period"":""quarter_1""}",series-etf-30d.json,snapshot;quarter_1,净利率,Net Profit Margin,销售净利率，又称销售净利润率，是净利润占销售收入的百分比，是指企业实现净利润与销售收入的对比关系，用以衡量企业在一定时期的销售收入获取的能力。该指标反映能够取得多少营业利润。,,false,[],"UUS,UDC,UBAX,UBAF,U31X,U31F,U32X,U32F","STANDARD_SNAPSHOT,STANDARD_SERIES_TIME_RANGE_BEGIN_END"
assets_debt_ratio|资产负债率|Debt to Assets Ratio,security,metric_lookup,snapshot,market_code,assets_debt_ratio,assets_debt_ratio,{},{},stock-detail.json,snapshot;quarter,资产负债率,Debt to Assets Ratio,"资产负债率又称举债经营比率,它是用以衡量企业利用债权人提供资金进行经营活动的能力,以及反映债权人发放贷款的安全程度的指标,通过将企业的负债总额与资产总额相比较得出,反映在企业全部资产中属于负债比率。",,false,[],"UUS,UDC,UBAX,UBAF,U31X,U31F,U32X,U32F",STANDARD_SNAPSHOT
current_debt_special|其他流动负债|Current Liabilities Special Subject,security,metric_lookup,series,market_code,current_debt_special,current_debt_special,{},"{""type"":""begin_end"",""begin_time"":1783296000000,""end_time"":0,""time_period"":""quarter""}",series-etf-30d.json,snapshot;quarter,其他流动负债,Current Liabilities Special Subject,其他流动负债是指不能归属于短期借款，应付短期债券，应付票据，应付账款，应付所得税，其他应付款，预收账款这七款项目的流动负债，但以上各款流动负债，其金额未超过流动负债合计金额百分之五者，得并入其他流动负债内。,,false,[],"UUS,UDC,UBAX,UBAF,U31X,U31F,U32X,U32F","STANDARD_SNAPSHOT,STANDARD_SERIES_TIME_RANGE_BEGIN_END"
current_assets_special|其他流动资产|Current Assets Special Subject,security,metric_lookup,series,market_code,current_assets_special,current_assets_special,{},"{""type"":""begin_end"",""begin_time"":1783296000000,""end_time"":0,""time_period"":""quarter""}",series-etf-30d.json,snapshot;quarter,其他流动资产,Current Assets Special Subject,其他流动资产是指除货币资金、短期投资、应收票据、应收账款、其他应收款、存货等流动资产以外的流动资产。一般企业“待处理流动资产净损益”科目未处理转帐，报表时挂在“其他流动资产”项目中,,false,[],"UUS,UDC,UBAX,UBAF,U31X,U31F,U32X,U32F","STANDARD_SNAPSHOT,STANDARD_SERIES_TIME_RANGE_BEGIN_END"
exchange_rate_cash_influence|汇率变动对现金及现金等价物的影响|Effect of Exchange Rate Changes on Cash and Cash Equivalents,security,metric_lookup,series,market_code,exchange_rate_cash_influence,exchange_rate_cash_influence,{},"{""type"":""begin_end"",""begin_time"":1783296000000,""end_time"":0,""time_period"":""quarter_1""}",series-etf-30d.json,snapshot;quarter_1,汇率变动对现金及现金等价物的影响,Effect of Exchange Rate Changes on Cash and Cash Equivalents,汇率变动对现金的影响，指企业外币现金流量及境外子公司的现金流量折算成记账本位币时，所采用的是现金流量发生日的汇率或即期汇率的近似汇率。 而现金流量表“现金及现金等价物净增加额”项目中外币现金净增加额是按资产负债表日的即期汇率折算。这两者的差额即为汇率变动对现金的影响。无论该项目金额为正或是为负，都不发生现金流动，仅仅是外币折算的问题。,,false,[],"UUS,UDC,UBAX,UBAF,U31X,U31F,U32X,U32F","STANDARD_SNAPSHOT,STANDARD_SERIES_TIME_RANGE_BEGIN_END"
research_and_development_expenses_ratio|研发费用率|Research and Development Expenses Ratio,security,metric_lookup,series,market_code,research_and_development_expenses_ratio,research_and_development_expenses_ratio,{},"{""type"":""begin_end"",""begin_time"":1783296000000,""end_time"":0,""time_period"":""quarter_1""}",series-etf-30d.json,snapshot;quarter_1,研发费用率,Research and Development Expenses Ratio,研发费用率是指企业在研发活动中的支出占企业营业收入的比例。研发费用率是衡量企业研发投入程度和科技创新能力的重要指标之一，通常用于评估企业的研发实力和对未来的投资计划。高研发费用率可能表明企业在技术创新和产品开发方面具有较强的实力，但同时也可能会增加企业的经营风险和财务风险。,,false,[],"UUS,UDC,UBAX,UBAF,U31X,U31F,U32X,U32F","STANDARD_SNAPSHOT,STANDARD_SERIES_TIME_RANGE_BEGIN_END"
total_assets_turnover_ratio|总资产周转率|total assets turnover ratio,security,metric_lookup,series,market_code,total_assets_turnover_ratio,total_assets_turnover_ratio,{},"{""type"":""begin_end"",""begin_time"":1783296000000,""end_time"":0,""time_period"":""quarter""}",series-etf-30d.json,quarter;snapshot,总资产周转率,total assets turnover ratio,"总资产周转率是企业一定时期的销售收入净额与平均资产总额之比,它是衡量资产投资规模与销售水平之间配比情况的指标。 运用总资产周转率分析评价资产使用效率时,还要结合销售利润一起分析。总资产周转率越高，说明企业销售能力越强,资产投资的效益越好。",,false,[],"UUS,UAOS,UBAX,UBAF,U31X,U31F,U32X,U32F","STANDARD_SNAPSHOT,STANDARD_SERIES_TIME_RANGE_BEGIN_END"
total_assets_turnover_ratio|总资产周转率|total assets turnover ratio,security,metric_lookup,series,market_code,total_assets_turnover_ratio,total_assets_turnover_ratio,{},"{""type"":""begin_end"",""begin_time"":1783296000000,""end_time"":0,""time_period"":""quarter""}",series-etf-30d.json,snapshot;quarter,总资产周转率,total assets turnover ratio,"总资产周转率是企业一定时期的销售收入净额与平均资产总额之比,它是衡量资产投资规模与销售水平之间配比情况的指标。 运用总资产周转率分析评价资产使用效率时,还要结合销售利润一起分析。总资产周转率越高，说明企业销售能力越强,资产投资的效益越好。",,false,[],"UUS,UAOS,UBAX,UBAF,U31X,U31F,U32X,U32F","STANDARD_SNAPSHOT,STANDARD_SERIES_TIME_RANGE_BEGIN_END"
holder_equity_total|股东权益合计|Total Equity,security,metric_lookup,snapshot,market_code,holder_equity_total,holder_equity_total,{},{},stock-detail.json,snapshot;quarter,股东权益合计,Total Equity,股东权益合计又称为净资产，净资产=资产总额-负债总额,,false,[],"UUS,UDC,UBAX,UBAF,U31X,U31F,U32X,U32F",STANDARD_SNAPSHOT
gross_profit|毛利润|Gross Profit,security,metric_lookup,snapshot,market_code,gross_profit,gross_profit,{},{},stock-detail.json,snapshot;quarter,毛利润,Gross Profit,"毛利润指的是企业销售商品或提供服务所得收入减去直接相关的成本后所剩余的利润。它是企业经营业务能力的一个重要指标，可以衡量企业在生产经营活动中的盈利状况。 
可以将毛利润特定化为产品的制造成本与销售价格之间的差额，也可以理解为“收入-成本”的差额。这个成本包括制造、运输和营销相关的直接费用（如材料、人工、设备、场地、包装等）以及企业正常经营所需的部分费用（如管理人员的薪水、租金、电费等）。在计算时不考虑支付固定成本（如房租或折旧）的因素。
毛利润可以揭示企业运营产品或服务的成本效益，并可以提供结合其他财务指标和数据作出战略上的决策。同时，毛利润还可以作为投资者评估企业盈利能力的一项关键数据。",,false,[],"UUS,UDC,UBAX,UBAF,U31X,U31F,U32X,U32F",STANDARD_SNAPSHOT
cash_and_cash_equivalents|现金及现金等价物|Cash and Cash Equivalents,security,metric_lookup,snapshot,market_code,cash_and_cash_equivalents,cash_and_cash_equivalents,{},{},stock-detail.json,snapshot;quarter,现金及现金等价物,Cash and Cash Equivalents,现金及现金等价物是指企业或个人拥有的、具有支付能力、极易变现的货币资产，例如现金、存款、结算备付金以及短期证券等。这些资产可以在短时间内转换成现金，并可用于支付企业日常经营所需或其他债务的清偿。在财务会计中，现金及现金等价物通常会列在资产负债表中“资产”一栏中的“流动资产”部分，是评估企业短期财务状况的重要指标之一。,,false,[],"UUS,UDC,UBAX,UBAF,U31X,U31F,U32X,U32F",STANDARD_SNAPSHOT
net_debt|净负债|Net Debt,security,metric_lookup,series,market_code,net_debt,net_debt,{},"{""type"":""begin_end"",""begin_time"":1783296000000,""end_time"":0,""time_period"":""quarter_1""}",series-etf-30d.json,snapshot;quarter_1,净负债,Net Debt,长期债务(F054N_USK127) + 短期债务(F047N_USK127) - 总现金(F006N_USK127),,false,[],"UUS,UDC,UBAX,UBAF,U31X,U31F,U32X,U32F","STANDARD_SNAPSHOT,STANDARD_SERIES_TIME_RANGE_BEGIN_END"
operating_income|营业收入|Operating Income,security,metric_lookup,snapshot,market_code,operating_income,operating_income,{},{},stock-detail.json,snapshot;quarter,营业收入,Operating Income,该指标目前在美股、马来西亚股场景下表达是营业利润，A股场景表达的是营业收入；,,false,[],"UUS,UDC,UBAX,UBAF,U31X,U31F,U32X,U32F",STANDARD_SNAPSHOT
net_profit|净利润|Net Income,security,metric_lookup,snapshot,market_code,net_profit,net_profit,{},{},stock-detail.json,snapshot;quarter,净利润,Net Income,净利润是指在利润总额中按规定交纳了所得税以后公司的利润留存，一般也称为税后利润。,,false,[],"UUS,UDC,UBAX,UBAF,U31X,U31F,U32X,U32F",STANDARD_SNAPSHOT
operating_income_total|营业总收入|Total Revenue,security,metric_lookup,snapshot,market_code,operating_income_total,operating_income_total,{},{},stock-detail.json,snapshot;quarter,营业总收入,Total Revenue,营业总收入是指企业在从事销售商品，提供劳务和让渡资产使用权等日常经营业务过程中所形成的经济利益的总流入。营业总收入=营业收入+利息收入+手续费及佣金收入+已赚保费,,false,[],"UUS,UDC,UBAX,UBAF,U31X,U31F,U32X,U32F",STANDARD_SNAPSHOT
inr-high_price-max|区间最大最高价|Max High Price,security,metric_lookup,snapshot,market_code,inr-high_price-max,inr-high_price-max,"{""period_type"":{""children"":null,""default"":null,""enum_options"":[{""label"":""null"",""value"":null},{""label"":""rolling"",""value"":""rolling""},{""label"":""rolling2"",""value"":""rolling2""}],""example"":null,""name"":""period_type"",""query_type"":""enum"",""required"":""1"",""source"":""legacy""},""time_period"":{""children"":null,""default"":""min_*"",""enum_options"":[{""label"":""不限trade_class且*>1"",""value"":""min_*""},{""label"":""限制intraday"",""value"":""day_*""},{""label"":""限制intraday"",""value"":""week_*""},{""label"":""限制intraday"",""value"":""month_*""},{""label"":""限制intraday"",""value"":""year_*""}],""example"":""min_*"",""name"":""time_period"",""query_type"":""enum"",""required"":""1"",""source"":""legacy""},""trade_class"":{""children"":null,""default"":""intraday"",""enum_options"":[{""label"":""盘前"",""value"":""pre_market""},{""label"":""盘中"",""value"":""intraday""},{""label"":""盘后"",""value"":""post_market""}],""example"":""intraday"",""name"":""trade_class"",""query_type"":""enum"",""required"":""1"",""source"":""legacy""}}",{},stock-detail.json,min_*;day_*;week_*;month_*;year_*,区间最大最高价,Max High Price,区间最大最高价，获取指定时间范围内最高价最大值,区间最大最高价,true,"[""min_*"",""day_*"",""week_*"",""month_*"",""year_*""]","UUS,89,UDC,UBAX,UBAF,U31X,U31F,U32X,U32F",STANDARD_SNAPSHOT
inr-high_price-max|区间最大最高价|Max High Price,security,metric_lookup,snapshot,market_code,inr-high_price-max,inr-high_price-max,"{""period_type"":{""children"":null,""default"":null,""enum_options"":[{""label"":""null"",""value"":null},{""label"":""rolling"",""value"":""rolling""},{""label"":""rolling2"",""value"":""rolling2""}],""example"":null,""name"":""period_type"",""query_type"":""enum"",""required"":""1"",""source"":""legacy""},""time_period"":{""children"":null,""default"":""min_*"",""enum_options"":[{""label"":""不限trade_class且*>1"",""value"":""min_*""},{""label"":""限制intraday"",""value"":""day_*""},{""label"":""限制intraday"",""value"":""week_*""},{""label"":""限制intraday"",""value"":""month_*""},{""label"":""限制intraday"",""value"":""year_*""}],""example"":""min_*"",""name"":""time_period"",""query_type"":""enum"",""required"":""1"",""source"":""legacy""},""trade_class"":{""children"":null,""default"":""intraday"",""enum_options"":[{""label"":""盘前"",""value"":""pre_market""},{""label"":""盘中"",""value"":""intraday""},{""label"":""盘后"",""value"":""post_market""}],""example"":""intraday"",""name"":""trade_class"",""query_type"":""enum"",""required"":""1"",""source"":""legacy""}}",{},stock-detail.json,min_*;day_*;week_*;month_*;year_*,区间最大最高价,Max High Price,区间最大最高价，获取指定时间范围内最高价最大值,区间最大最高价,true,"[""min_*"",""day_*"",""week_*"",""month_*"",""year_*""]","UUS,89,UDC,UBAX,UBAF,U31X,U31F,U32X,U32F",STANDARD_SNAPSHOT
inr-low_price-min|区间最小最低价|52-Week Low (Period),security,metric_lookup,snapshot,market_code,inr-low_price-min,inr-low_price-min,"{""period_type"":{""children"":null,""default"":null,""enum_options"":[{""label"":""null"",""value"":null},{""label"":""rolling"",""value"":""rolling""},{""label"":""rolling2"",""value"":""rolling2""}],""example"":null,""name"":""period_type"",""query_type"":""enum"",""required"":""1"",""source"":""legacy""},""time_period"":{""children"":null,""default"":""min_*"",""enum_options"":[{""label"":""不限trade_class且*>1"",""value"":""min_*""},{""label"":""限制intraday"",""value"":""day_*""},{""label"":""限制intraday"",""value"":""week_*""},{""label"":""限制intraday"",""value"":""month_*""},{""label"":""限制intraday"",""value"":""year_*""}],""example"":""min_*"",""name"":""time_period"",""query_type"":""enum"",""required"":""1"",""source"":""legacy""},""trade_class"":{""children"":null,""default"":""intraday"",""enum_options"":[{""label"":""盘前"",""value"":""pre_market""},{""label"":""盘中"",""value"":""intraday""},{""label"":""盘后"",""value"":""post_market""}],""example"":""intraday"",""name"":""trade_class"",""query_type"":""enum"",""required"":""1"",""source"":""legacy""}}",{},stock-detail.json,min_*;day_*;week_*;month_*;year_*,区间最小最低价,52-Week Low (Period),区间最小最低价，获取指定时间范围内最低价最小值,区间最小最低价,true,"[""min_*"",""day_*"",""week_*"",""month_*"",""year_*""]","UUS,89,UDC,UBAX,UBAF,U31X,U31F,U32X,U32F",STANDARD_SNAPSHOT
inr-low_price-min|区间最小最低价|52-Week Low (Period),security,metric_lookup,snapshot,market_code,inr-low_price-min,inr-low_price-min,"{""period_type"":{""children"":null,""default"":null,""enum_options"":[{""label"":""null"",""value"":null},{""label"":""rolling"",""value"":""rolling""},{""label"":""rolling2"",""value"":""rolling2""}],""example"":null,""name"":""period_type"",""query_type"":""enum"",""required"":""1"",""source"":""legacy""},""time_period"":{""children"":null,""default"":""min_*"",""enum_options"":[{""label"":""不限trade_class且*>1"",""value"":""min_*""},{""label"":""限制intraday"",""value"":""day_*""},{""label"":""限制intraday"",""value"":""week_*""},{""label"":""限制intraday"",""value"":""month_*""},{""label"":""限制intraday"",""value"":""year_*""}],""example"":""min_*"",""name"":""time_period"",""query_type"":""enum"",""required"":""1"",""source"":""legacy""},""trade_class"":{""children"":null,""default"":""intraday"",""enum_options"":[{""label"":""盘前"",""value"":""pre_market""},{""label"":""盘中"",""value"":""intraday""},{""label"":""盘后"",""value"":""post_market""}],""example"":""intraday"",""name"":""trade_class"",""query_type"":""enum"",""required"":""1"",""source"":""legacy""}}",{},stock-detail.json,min_*;day_*;week_*;month_*;year_*,区间最小最低价,52-Week Low (Period),区间最小最低价，获取指定时间范围内最低价最小值,区间最小最低价,true,"[""min_*"",""day_*"",""week_*"",""month_*"",""year_*""]","UUS,89,UDC,UBAX,UBAF,U31X,U31F,U32X,U32F",STANDARD_SNAPSHOT
block_average_fee_rate|比特币链上手续费|Block Average Fee Rate,chain_id,metric_lookup,series,chain_id,block_average_fee_rate,block_average_fee_rate,"{""time_period"":{""children"":null,""default"":""day_1"",""enum_options"":[{""label"":""day_1"",""value"":""day_1""}],""example"":""day_1"",""name"":""time_period"",""query_type"":""enum"",""required"":""1"",""source"":""table""}}","{""type"":""end_count"",""end_time"":0,""count"":30,""time_period"":""day_1""}",series-etf-30d.json,day_1,比特币链上手续费,Block Average Fee Rate,比特币链上手续费飙升,,false,"[""day_1""]",INNER2,STANDARD_SERIES_TIME_RANGE_END_COUNT
low_price_all_time|历史最低价|All-Time Low,security,metric_lookup,snapshot,market_code,low_price_all_time,low_price_all_time,"{""trade_class"":{""children"":null,""default"":""intraday"",""enum_options"":[{""label"":""盘前"",""value"":""pre_market""},{""label"":""盘中"",""value"":""intraday""},{""label"":""盘后"",""value"":""post_market""}],""example"":""intraday"",""name"":""trade_class"",""query_type"":""enum"",""required"":""1"",""source"":""table""}}",{},stock-detail.json,snapshot,历史最低价,All-Time Low,上市以来历史最低价格,,false,[],"UUS,89,UDC,UBAX,UBAF,U31X,U31F,U32X,U32F",STANDARD_SNAPSHOT
low_price_all_time|历史最低价|All-Time Low,security,metric_lookup,snapshot,market_code,low_price_all_time,low_price_all_time,"{""trade_class"":{""children"":null,""default"":""intraday"",""enum_options"":[{""label"":""盘前"",""value"":""pre_market""},{""label"":""盘中"",""value"":""intraday""},{""label"":""盘后"",""value"":""post_market""}],""example"":""intraday"",""name"":""trade_class"",""query_type"":""enum"",""required"":""1"",""source"":""table""}}",{},stock-detail.json,snapshot,历史最低价,All-Time Low,上市以来历史最低价格,,false,[],"UUS,89,UDC,UBAX,UBAF,U31X,U31F,U32X,U32F",STANDARD_SNAPSHOT
low_price_all_time|历史最低价|All-Time Low,security,metric_lookup,snapshot,market_code,low_price_all_time,low_price_all_time,"{""trade_class"":{""children"":null,""default"":""intraday"",""enum_options"":[{""label"":""盘前"",""value"":""pre_market""},{""label"":""盘中"",""value"":""intraday""},{""label"":""盘后"",""value"":""post_market""}],""example"":""intraday"",""name"":""trade_class"",""query_type"":""enum"",""required"":""1"",""source"":""table""}}",{},stock-detail.json,snapshot,历史最低价,All-Time Low,上市以来历史最低价格,,false,[],"UUS,89,UDC,UBAX,UBAF,U31X,U31F,U32X,U32F",STANDARD_SNAPSHOT
low_price_all_time|历史最低价|All-Time Low,security,metric_lookup,snapshot,market_code,low_price_all_time,low_price_all_time,"{""trade_class"":{""children"":null,""default"":""intraday"",""enum_options"":[{""label"":""盘前"",""value"":""pre_market""},{""label"":""盘中"",""value"":""intraday""},{""label"":""盘后"",""value"":""post_market""}],""example"":""intraday"",""name"":""trade_class"",""query_type"":""enum"",""required"":""1"",""source"":""table""}}",{},stock-detail.json,snapshot,历史最低价,All-Time Low,上市以来历史最低价格,,false,[],"UUS,89,UDC,UBAX,UBAF,U31X,U31F,U32X,U32F",STANDARD_SNAPSHOT
low_price_all_time|历史最低价|All-Time Low,security,metric_lookup,snapshot,market_code,low_price_all_time,low_price_all_time,"{""trade_class"":{""children"":null,""default"":""intraday"",""enum_options"":[{""label"":""盘前"",""value"":""pre_market""},{""label"":""盘中"",""value"":""intraday""},{""label"":""盘后"",""value"":""post_market""}],""example"":""intraday"",""name"":""trade_class"",""query_type"":""enum"",""required"":""1"",""source"":""table""}}",{},stock-detail.json,snapshot,历史最低价,All-Time Low,上市以来历史最低价格,,false,[],"UUS,89,UDC,UBAX,UBAF,U31X,U31F,U32X,U32F",STANDARD_SNAPSHOT
total_assets_net_ratio_ttm|资产回报率(TTM)|Return on Assets (TTM),security,metric_lookup,series,market_code,total_assets_net_ratio_ttm,total_assets_net_ratio_ttm,{},"{""type"":""begin_end"",""begin_time"":1783296000000,""end_time"":0,""time_period"":""quarter_1""}",series-etf-30d.json,snapshot;quarter_1,资产回报率(TTM),Return on Assets (TTM),Return on Assets TTM（资产回报率滚动十二个月）是衡量公司利用总资产创造净利润的效率指标，通常计算公式为净利润除以平均总资产。后缀 TTM 表示 'Trailing Twelve Months'（滚动十二个月），即基于过去十二个月的财务数据计算，这一口径消除了季节性波动，提高了跨时期可比性。因此，所有相关别名均保留此统计口径以确保一致性。,,false,[],"UUS,UDC,UBAX,UBAF,U31X,U31F,U32X,U32F","STANDARD_SNAPSHOT,STANDARD_SERIES_TIME_RANGE_BEGIN_END"
sale_net_interest_ratio_ttm|净利润率(TTM)|Net Income Margin (TTM),security,metric_lookup,series,market_code,sale_net_interest_ratio_ttm,sale_net_interest_ratio_ttm,{},"{""type"":""begin_end"",""begin_time"":1783296000000,""end_time"":0,""time_period"":""quarter_1""}",series-etf-30d.json,snapshot;quarter_1,净利润率(TTM),Net Income Margin (TTM),Net Margin TTM 是指基于过去十二个月（Trailing Twelve Months）数据计算的净利润率，反映公司最近一年的盈利能力。计算公式为：过去十二个月的净利润除以过去十二个月的总收入，通常以百分比表示。后缀 'TTM' 明确了该指标的统计口径，即滚动十二个月，这对于消除季节性波动、进行跨期比较至关重要。在所有别名中均保留了此后缀或其等效表述（如 '滚动十二个月'、'过去12个月'），以确保统计口径的一致性。,,false,[],"UUS,UDC,UBAX,UBAF,U31X,U31F,U32X,U32F","STANDARD_SNAPSHOT,STANDARD_SERIES_TIME_RANGE_BEGIN_END"
sale_gross_margin_ttm|毛利率(TTM)|Gross Profit Margin (TTM),security,metric_lookup,series,market_code,sale_gross_margin_ttm,sale_gross_margin_ttm,{},"{""type"":""begin_end"",""begin_time"":1783296000000,""end_time"":0,""time_period"":""quarter_1""}",series-etf-30d.json,snapshot;quarter_1,毛利率(TTM),Gross Profit Margin (TTM),毛利率（Gross Margin）是公司销售收入减去销售成本后的利润占销售收入的比例，反映公司核心业务的盈利能力。后缀 TTM 指“滚动十二个月”（Trailing Twelve Months），表示该指标基于过去十二个月的数据计算，有助于消除季节波动，确保数据可比性。因此，在所有别名中均保留此后缀以明确统计口径。,,false,[],"UUS,UDC,UBAX,UBAF,U31X,U31F,U32X,U32F","STANDARD_SNAPSHOT,STANDARD_SERIES_TIME_RANGE_BEGIN_END"
profit_before_tax_margin_ttm|税前利润率(TTM)|Pretax Profit Margin (TTM),security,metric_lookup,series,market_code,profit_before_tax_margin_ttm,profit_before_tax_margin_ttm,{},"{""type"":""begin_end"",""begin_time"":1783296000000,""end_time"":0,""time_period"":""quarter_1""}",series-etf-30d.json,snapshot;quarter_1,税前利润率(TTM),Pretax Profit Margin (TTM),税前利润率（Pretax margin）是指公司税前利润占营业收入的百分比，反映公司在扣除税收前的盈利能力。后缀TTM（Trailing Twelve Months）表示该指标采用滚动过去12个月的数据，用于消除季节性影响，提供最近一年的财务表现。确保统计口径一致对于数据可比性至关重要，因此所有别名均会保留TTM或相应表述。,,false,[],"UUS,UDC,UBAX,UBAF,U31X,U31F,U32X,U32F","STANDARD_SNAPSHOT,STANDARD_SERIES_TIME_RANGE_BEGIN_END"
operating_profit_divide_income_total_ttm|营业利润率(TTM)|Operating Profit Margin (TTM),security,metric_lookup,series,market_code,operating_profit_divide_income_total_ttm,operating_profit_divide_income_total_ttm,{},"{""type"":""begin_end"",""begin_time"":1783296000000,""end_time"":0,""time_period"":""quarter_1""}",series-etf-30d.json,snapshot;quarter_1,营业利润率(TTM),Operating Profit Margin (TTM),营业利润率（Operating margin）是公司营业利润与营业收入的比率，反映核心业务的盈利能力。后缀 TTM 表示 'Trailing Twelve Months'（滚动十二个月），是此项指标明确的统计口径，对于确保数据可比性至关重要，因此在所有别名中都将予以保留。,,false,[],"UUS,UDC,UBAX,UBAF,U31X,U31F,U32X,U32F","STANDARD_SNAPSHOT,STANDARD_SERIES_TIME_RANGE_BEGIN_END"
market_sell_administrative_expenses_ratio_ttm|投资活动现金流(TTM)|General and Administrative Expenses Ratio (TTM),security,metric_lookup,series,market_code,market_sell_administrative_expenses_ratio_ttm,market_sell_administrative_expenses_ratio_ttm,{},"{""type"":""begin_end"",""begin_time"":1783296000000,""end_time"":0,""time_period"":""quarter_1""}",series-etf-30d.json,snapshot;quarter_1,投资活动现金流(TTM),General and Administrative Expenses Ratio (TTM),"SG&A比率（SG&A Ratio）是指公司销售、一般及管理费用（Selling, General and Administrative Expenses）与营业收入（Revenue）的比率，用于衡量公司运营效率。后缀(TTM)表示'Trailing Twelve Months'（滚动十二个月），即过去12个月的累计数据，常用于消除季节性波动，确保数据可比性。在所有别名中都将保留此后缀以明确统计口径。",,false,[],"UUS,UDC,UBAX,UBAF,U31X,U31F,U32X,U32F","STANDARD_SNAPSHOT,STANDARD_SERIES_TIME_RANGE_BEGIN_END"
free_cash_flow_margin_ttm|FreecashflowMarginTTM|Free Cash Flow Profit Margin (TTM),security,metric_lookup,series,market_code,free_cash_flow_margin_ttm,free_cash_flow_margin_ttm,{},"{""type"":""begin_end"",""begin_time"":1783296000000,""end_time"":0,""time_period"":""quarter_1""}",series-etf-30d.json,snapshot;quarter_1,FreecashflowMarginTTM,Free Cash Flow Profit Margin (TTM),自由现金流利润率（Free Cash Flow Margin）是指公司自由现金流与营业收入的比率，通常以百分比表示，反映了公司从收入中产生自由现金的能力。后缀 TTM（Trailing Twelve Months，滚动十二个月）表示该指标是基于过去十二个月的数据计算得出，提供了最近一年的视角，确保数据在时间上具有可比性。因此，在所有别名中均保留此后缀或等效描述。,,false,[],"UUS,UDC,UBAX,UBAF,U31X,U31F,U32X,U32F","STANDARD_SNAPSHOT,STANDARD_SERIES_TIME_RANGE_BEGIN_END"
ev_ebit_ratio_ttm|EV息税前利润比(TTM)|Enterprise Value to Ebit Trailing Twelve Months,security,metric_lookup,series,market_code,ev_ebit_ratio_ttm,ev_ebit_ratio_ttm,{},"{""type"":""end_count"",""end_time"":0,""count"":30,""time_period"":""day_1"",""supported_types"":[""begin_end"",""end_count""]}",series-etf-30d.json,snapshot;day_1,EV息税前利润比(TTM),Enterprise Value to Ebit Trailing Twelve Months,"是一种常用的估值指标，用来衡量公司每 1 元息税前利润对应多少企业价值（EV）。这个比率在投资分析、并购评估和公司比较中有重要意义。

---

指标意义

1、衡量公司真实运营价值
	•	EV 包括股东和债权人的价值，EBIT 反映主营业务盈利能力。
	•	这个比率能反映“你花多少钱买一个能赚多少钱的公司”。

2、去除资本结构影响
	•	不受资本结构（如债务比例）影响，便于横向比较。
	•	比 PE 更公平地比较负债高低不同的公司。

3、并购和私募中的估值常用指标
	•	PE 只考虑股东部分，而 EV/EBIT 能反映收购方需支付的全部价值。
	•	适合用于企业并购估值模型。",,false,[],"UUS,89,UDC,UBAX,UBAF,U31X,U31F,U32X,U32F","STANDARD_SNAPSHOT,STANDARD_SERIES_TIME_RANGE_ALL"
capital_invested_return_ratio_ttm|ROIC(TTM)|Return on Invested Capital (ROIC) (TTM),security,metric_lookup,series,market_code,capital_invested_return_ratio_ttm,capital_invested_return_ratio_ttm,{},"{""type"":""begin_end"",""begin_time"":1783296000000,""end_time"":0,""time_period"":""quarter_1""}",series-etf-30d.json,snapshot;quarter_1,ROIC(TTM),Return on Invested Capital (ROIC) (TTM),ROIC（投资资本回报率）是衡量公司运用投入资本创造税后营业利润效率的指标，计算公式为税后净营业利润（NOPAT）除以投入资本。后缀(TTM)表示'滚动十二个月'（Trailing Twelve Months），即最近12个月的数据，用于消除季节性波动，确保跨期可比性。在所有别名中都将保留此后缀以保持统计口径一致。,,false,[],"UUS,UDC,UBAX,UBAF,U31X,U31F,U32X,U32F","STANDARD_SNAPSHOT,STANDARD_SERIES_TIME_RANGE_BEGIN_END"
price_change_24h|日内涨跌额（价格）|Intraday Price Change,security,metric_lookup,snapshot,market_code,price_change_24h,price_change_24h,{},{},stock-detail.json,snapshot,日内涨跌额（价格）,Intraday Price Change,"日涨跌额反映某数字币交易对在当日内价格变化的绝对值。

24H涨跌额 = 最新价 - 24H昨收价",,false,[],"UUS,89,UDC,UBAX,UBAF,U31X,U31F,U32X,U32F",STANDARD_SNAPSHOT
high_price_24h|24H最高价|24H High,security,metric_lookup,snapshot,market_code,high_price_24h,high_price_24h,{},{},stock-detail.json,snapshot,24H最高价,24H High,"24H最高价

取自行情 id=65543",,false,[],"UUS,89,UDC,UBAX,UBAF,U31X,U31F,U32X,U32F",STANDARD_SNAPSHOT
low_price_24h|24H最低价|24H Low,security,metric_lookup,snapshot,market_code,low_price_24h,low_price_24h,{},{},stock-detail.json,snapshot,24H最低价,24H Low,"24H 最低价

取自行情 id=65544",,false,[],"UUS,89,UDC,UBAX,UBAF,U31X,U31F,U32X,U32F",STANDARD_SNAPSHOT
open_price_24h|24H开盘价|24H Open,security,metric_lookup,snapshot,market_code,open_price_24h,open_price_24h,{},{},stock-detail.json,snapshot,24H开盘价,24H Open,"24H 开盘价

取自行情 id=65542",,false,[],"UUS,89,UDC,UBAX,UBAF,U31X,U31F,U32X,U32F",STANDARD_SNAPSHOT
price_change_ratio_pct_24h|日内涨跌幅（价格）|Intraday Price Change %,security,metric_lookup,snapshot,market_code,price_change_ratio_pct_24h,price_change_ratio_pct_24h,{},{},stock-detail.json,snapshot,日内涨跌幅（价格）,Intraday Price Change %,"价格日涨跌幅是指在24H内某数字币交易对价格的变动百分比。
24H涨幅 = (最新价 - 24H收盘价) / 24H收盘价 * 100%",,false,[],"UUS,89,UDC,UBAX,UBAF,U31X,U31F,U32X,U32F",STANDARD_SNAPSHOT
turnover_24h|24H成交额|24H Turnover,security,metric_lookup,snapshot,market_code,turnover_24h,turnover_24h,{},{},stock-detail.json,snapshot,24H成交额,24H Turnover,某币24小时内的成交额，成交个数x价格（取的什么价格未知）,,false,[],"UUS,89,UDC,UBAX,UBAF,U31X,U31F,U32X,U32F",STANDARD_SNAPSHOT
volume_24h|24H成交量|24H Volume,security,metric_lookup,snapshot,market_code,volume_24h,volume_24h,{},{},stock-detail.json,snapshot,24H成交量,24H Volume,"24H 开盘价

取自行情 id=330378",,false,[],"UUS,89,UDC,UBAX,UBAF,U31X,U31F,U32X,U32F",STANDARD_SNAPSHOT
parent_holder_net_profit_cagr|归属母公司股东的净利润复合增长率（5年）|Parent Company Net Profit CAGR (5Y),security,metric_lookup,snapshot,market_code,parent_holder_net_profit_cagr,parent_holder_net_profit_cagr,{},{},stock-detail.json,snapshot;quarter,归属母公司股东的净利润复合增长率（5年）,Parent Company Net Profit CAGR (5Y),复合增长率为一项投资在特定时期内的年度增长率。,,false,[],"UUS,UDC,UBAX,UBAF,U31X,U31F,U32X,U32F",STANDARD_SNAPSHOT
net_profit_cagr|净利润复合增长率（5年）|Net Profit CAGR,security,metric_lookup,snapshot,market_code,net_profit_cagr,net_profit_cagr,{},{},stock-detail.json,snapshot;quarter,净利润复合增长率（5年）,Net Profit CAGR,复合增长率为一项投资在特定时期内的年度增长率。,,false,[],"UUS,UDC,UBAX,UBAF,U31X,U31F,U32X,U32F",STANDARD_SNAPSHOT
interest_expenses_v2|利息支出|Interest Expense,security,metric_lookup,snapshot,market_code,interest_expenses_v2,interest_expenses_v2,{},{},stock-detail.json,snapshot,利息支出,Interest Expense,利润表指标,,false,[],"UUS,UDC,UBAX,UBAF,U31X,U31F,U32X,U32F",STANDARD_SNAPSHOT
common_profit_total_v2|综合收益总额(新体系)|Total Comprehensive Income,security,metric_lookup,series,market_code,common_profit_total_v2,common_profit_total_v2,{},"{""type"":""begin_end"",""begin_time"":1783296000000,""end_time"":0,""time_period"":""quarter_1""}",series-etf-30d.json,snapshot;quarter_1,综合收益总额(新体系),Total Comprehensive Income,企业当期实现的净利润 + 其他综合收益的税后净额之和。,,false,[],"UUS,UDC,UBAX,UBAF,U31X,U31F,U32X,U32F","STANDARD_SNAPSHOT,STANDARD_SERIES_TIME_RANGE_BEGIN_END"
purchase_affiliated_company|购买附属公司(新体系)|Acquisition of Subsidiaries,security,metric_lookup,snapshot,market_code,purchase_affiliated_company,purchase_affiliated_company,{},{},stock-detail.json,snapshot,购买附属公司(新体系),Acquisition of Subsidiaries,"本科目的加工范围：
购买附属公司、购买子公司、收购业务、企业合并，以及购买附属公司和联营公司合营公司合并披露无法拆分的情况",,false,[],"UUS,UDC,UBAX,UBAF,U31X,U31F,U32X,U32F",STANDARD_SNAPSHOT
loan_impairment_loss_v2|贷款减值损失(新体系)|Provision for Loan Losses,security,metric_lookup,series,market_code,loan_impairment_loss_v2,loan_impairment_loss_v2,{},"{""type"":""begin_end"",""begin_time"":1783296000000,""end_time"":0,""time_period"":""quarter_1""}",series-etf-30d.json,snapshot;quarter_1,贷款减值损失(新体系),Provision for Loan Losses,主要包括减值损失中的贷款减值、融出资金减值、应收融资租赁减值等贷款类的减值损失。,,false,[],"UUS,UDC,UBAX,UBAF,U31X,U31F,U32X,U32F","STANDARD_SNAPSHOT,STANDARD_SERIES_TIME_RANGE_BEGIN_END"
operating_income_v2|营业收入(新体系)|Revenue,security,metric_lookup,series,market_code,operating_income_v2,operating_income_v2,{},"{""type"":""begin_end"",""begin_time"":1783296000000,""end_time"":0,""time_period"":""quarter_1""}",series-etf-30d.json,snapshot;quarter_1,营业收入(新体系),Revenue,企业在日常活动中出售商品、提供劳务或让渡资产使用权等所形成的、会导致所有者权益增加且与所有者投入资本无关的经济利益的总流入。,,false,[],"UUS,UDC,UBAX,UBAF,U31X,U31F,U32X,U32F","STANDARD_SNAPSHOT,STANDARD_SERIES_TIME_RANGE_BEGIN_END"
impairment_loss_v2|其他资产减值损失(新体系)|Loss on Impairment of Other Assets,security,metric_lookup,series,market_code,impairment_loss_v2,impairment_loss_v2,{},"{""type"":""begin_end"",""begin_time"":1783296000000,""end_time"":0,""time_period"":""quarter_1""}",series-etf-30d.json,snapshot;quarter_1,其他资产减值损失(新体系),Loss on Impairment of Other Assets,本科目主要维护的是固定资产、无形资产、使用权资产、金融资产等的减值损失。,,false,[],"UUS,UDC,UBAX,UBAF,U31X,U31F,U32X,U32F","STANDARD_SNAPSHOT,STANDARD_SERIES_TIME_RANGE_BEGIN_END"
market_sell_expenses|销售及营销费用(新体系)|Selling and Marketing Expenses,security,metric_lookup,series,market_code,market_sell_expenses,market_sell_expenses,{},"{""type"":""begin_end"",""begin_time"":1783296000000,""end_time"":0,""time_period"":""quarter_1""}",series-etf-30d.json,snapshot;quarter_1,销售及营销费用(新体系),Selling and Marketing Expenses,本科目主要包括销售费用，分销费用，广告费用等,,false,[],"UUS,UDC,UBAX,UBAF,U31X,U31F,U32X,U32F","STANDARD_SNAPSHOT,STANDARD_SERIES_TIME_RANGE_BEGIN_END"
leading_funds_v2|拆出资金(新体系)|Due From Banks and Other Financial Institutions,security,metric_lookup,series,market_code,leading_funds_v2,leading_funds_v2,{},"{""type"":""begin_end"",""begin_time"":1783296000000,""end_time"":0,""time_period"":""quarter_1""}",series-etf-30d.json,snapshot;quarter_1,拆出资金(新体系),Due From Banks and Other Financial Institutions,包含拆出资金和联邦基金出售,,false,[],"UUS,UDC,UBAX,UBAF,U31X,U31F,U32X,U32F","STANDARD_SNAPSHOT,STANDARD_SERIES_TIME_RANGE_BEGIN_END"
deferred_policy_costs_v2|递延保单成本(新体系)|Deferred Policy Acquisition Costs,security,metric_lookup,series,market_code,deferred_policy_costs_v2,deferred_policy_costs_v2,{},"{""type"":""begin_end"",""begin_time"":1783296000000,""end_time"":0,""time_period"":""quarter_1""}",series-etf-30d.json,snapshot;quarter_1,递延保单成本(新体系),Deferred Policy Acquisition Costs,保险公司为获取保险合同而发生的增量成本（如佣金、承保费用等），符合条件时可递延并在保单有效期内逐步摊销的资产项目。,,false,[],"UUS,UDC,UBAX,UBAF,U31X,U31F,U32X,U32F","STANDARD_SNAPSHOT,STANDARD_SERIES_TIME_RANGE_BEGIN_END"
interest_income_v2|利息收入(新体系)|Interest Income,security,metric_lookup,series,market_code,interest_income_v2,interest_income_v2,{},"{""type"":""begin_end"",""begin_time"":1783296000000,""end_time"":0,""time_period"":""quarter_1""}",series-etf-30d.json,snapshot;quarter_1,利息收入(新体系),Interest Income,本科目加工利息收入，如果未单独披露，可能包含财务收入（不来源于营业收入部分）,,false,[],"UUS,UDC,UBAX,UBAF,U31X,U31F,U32X,U32F","STANDARD_SNAPSHOT,STANDARD_SERIES_TIME_RANGE_BEGIN_END"
invest_property_v2|投资物业(新体系)|Investment Properties,security,metric_lookup,series,market_code,invest_property_v2,invest_property_v2,{},"{""type"":""begin_end"",""begin_time"":1783296000000,""end_time"":0,""time_period"":""quarter_1""}",series-etf-30d.json,snapshot;quarter_1,投资物业(新体系),Investment Properties,为赚取租金或资本增值而持有的房地产,,false,[],"UUS,UDC,UBAX,UBAF,U31X,U31F,U32X,U32F","STANDARD_SNAPSHOT,STANDARD_SERIES_TIME_RANGE_BEGIN_END"
equity_investments_v2|权益性投资(新体系)|Investments in Affiliates,security,metric_lookup,series,market_code,equity_investments_v2,equity_investments_v2,{},"{""type"":""begin_end"",""begin_time"":1783296000000,""end_time"":0,""time_period"":""quarter_1""}",series-etf-30d.json,snapshot;quarter_1,权益性投资(新体系),Investments in Affiliates,包含联营及合营公司投资，以及其他以权益法核算的未指名性质的股权投资,,false,[],"UUS,UDC,UBAX,UBAF,U31X,U31F,U32X,U32F","STANDARD_SNAPSHOT,STANDARD_SERIES_TIME_RANGE_BEGIN_END"
assets_loss_v2|资产处置损失(新体系)|Loss on Disposal of Assets,security,metric_lookup,series,market_code,assets_loss_v2,assets_loss_v2,{},"{""type"":""begin_end"",""begin_time"":1783296000000,""end_time"":0,""time_period"":""quarter_1""}",series-etf-30d.json,snapshot;quarter_1,资产处置损失(新体系),Loss on Disposal of Assets,本科目包括固定资产、无形资产等的资产处置损益（处置包含出售、转让），不包含处置联营公司、合营公司、子公司和交易性金融资产等金融投资的处置损益,,false,[],"UUS,UDC,UBAX,UBAF,U31X,U31F,U32X,U32F","STANDARD_SNAPSHOT,STANDARD_SERIES_TIME_RANGE_BEGIN_END"
interest_net_expenses_v2|利息净支出(新体系)|Net Interest Expense,security,metric_lookup,series,market_code,interest_net_expenses_v2,interest_net_expenses_v2,{},"{""type"":""begin_end"",""begin_time"":1783296000000,""end_time"":0,""time_period"":""quarter_1""}",series-etf-30d.json,snapshot;quarter_1,利息净支出(新体系),Net Interest Expense,利息净支出,,false,[],"UUS,UDC,UBAX,UBAF,U31X,U31F,U32X,U32F","STANDARD_SNAPSHOT,STANDARD_SERIES_TIME_RANGE_BEGIN_END"
other_nets_v2|其他资产(新体系)|Other Assets,security,metric_lookup,series,market_code,other_nets_v2,other_nets_v2,{},"{""type"":""begin_end"",""begin_time"":1783296000000,""end_time"":0,""time_period"":""quarter_1""}",series-etf-30d.json,snapshot;quarter_1,其他资产(新体系),Other Assets,兜底科目,,false,[],"UUS,UDC,UBAX,UBAF,U31X,U31F,U32X,U32F","STANDARD_SNAPSHOT,STANDARD_SERIES_TIME_RANGE_BEGIN_END"
deposit_total_v2|存款总额(新体系)|Total Deposits,security,metric_lookup,series,market_code,deposit_total_v2,deposit_total_v2,{},"{""type"":""begin_end"",""begin_time"":1783296000000,""end_time"":0,""time_period"":""quarter_1""}",series-etf-30d.json,snapshot;quarter_1,存款总额(新体系),Total Deposits,包括客户存款，不包含同业及其他金融机构存款,,false,[],"UUS,UDC,UBAX,UBAF,U31X,U31F,U32X,U32F","STANDARD_SNAPSHOT,STANDARD_SERIES_TIME_RANGE_BEGIN_END"
accrued_invest_income_v2|应计投资收益(新体系)|Accrued Investment Income,security,metric_lookup,series,market_code,accrued_invest_income_v2,accrued_invest_income_v2,{},"{""type"":""begin_end"",""begin_time"":1783296000000,""end_time"":0,""time_period"":""quarter_1""}",series-etf-30d.json,snapshot;quarter_1,应计投资收益(新体系),Accrued Investment Income,企业已赚取但尚未收到现金的投资收益，通常指长期股权投资、债权投资等在资产负债表日应计提但尚未实际收到的投资收益（如债券利息、权益法下应享有的被投资单位利润份额等）。,,false,[],"UUS,UDC,UBAX,UBAF,U31X,U31F,U32X,U32F","STANDARD_SNAPSHOT,STANDARD_SERIES_TIME_RANGE_BEGIN_END"
insurance_contract_net_assets_change_v2|保险合同净资产(增)减(新体系)|Change in Net Insurance Contract Assets,security,metric_lookup,series,market_code,insurance_contract_net_assets_change_v2,insurance_contract_net_assets_change_v2,{},"{""type"":""begin_end"",""begin_time"":1783296000000,""end_time"":0,""time_period"":""quarter_1""}",series-etf-30d.json,snapshot;quarter_1,保险合同净资产(增)减(新体系),Change in Net Insurance Contract Assets,新保险合同准则下，反映保险合同资产（履约现金流量有利时的净额、合同服务边际等）本期净增加或减少。,,false,[],"UUS,UDC,UBAX,UBAF,U31X,U31F,U32X,U32F","STANDARD_SNAPSHOT,STANDARD_SERIES_TIME_RANGE_BEGIN_END"
interest_income_expense_v2|利息收支(新体系)|Interest Income (Expense),security,metric_lookup,series,market_code,interest_income_expense_v2,interest_income_expense_v2,{},"{""type"":""begin_end"",""begin_time"":1783296000000,""end_time"":0,""time_period"":""quarter_1""}",series-etf-30d.json,snapshot;quarter_1,利息收支(新体系),Interest Income (Expense),本科目为对净利润进行调整的利息收入、利息支出，以及在未单独披露利息收支情况下的财务收入、财务费用/成本、递延融资成本（摊销）。加工范围包括经营活动调整部分的利息收支，但不加工夹层位置披露的利息,,false,[],"UUS,UDC,UBAX,UBAF,U31X,U31F,U32X,U32F","STANDARD_SNAPSHOT,STANDARD_SERIES_TIME_RANGE_BEGIN_END"
debt_other_comprehensive_income_v2|其他综合收益-资产负债表(新体系)|Accumulated Other Comprehensive Income,security,metric_lookup,series,market_code,debt_other_comprehensive_income_v2,debt_other_comprehensive_income_v2,{},"{""type"":""begin_end"",""begin_time"":1783296000000,""end_time"":0,""time_period"":""quarter_1""}",series-etf-30d.json,snapshot;quarter_1,其他综合收益-资产负债表(新体系),Accumulated Other Comprehensive Income,企业根据其他会计准则规定未在当期损益中确认的各项利得和损失,,false,[],"UUS,UDC,UBAX,UBAF,U31X,U31F,U32X,U32F","STANDARD_SNAPSHOT,STANDARD_SERIES_TIME_RANGE_BEGIN_END"
long_term_loan_current_v2|长期借款的流动部分(新体系)|Current Portion of Long-Term Borrowings,security,metric_lookup,series,market_code,long_term_loan_current_v2,long_term_loan_current_v2,{},"{""type"":""begin_end"",""begin_time"":1783296000000,""end_time"":0,""time_period"":""quarter_1""}",series-etf-30d.json,snapshot;quarter_1,长期借款的流动部分(新体系),Current Portion of Long-Term Borrowings,到期日在一年以内(含一年)的长期借款，包含一年内到期的长期借款、一年内到期的长期债务工具等,,false,[],"UUS,UDC,UBAX,UBAF,U31X,U31F,U32X,U32F","STANDARD_SNAPSHOT,STANDARD_SERIES_TIME_RANGE_BEGIN_END"
current_depreciation_amortization_v2|折旧与摊销(新体系)|Depreciation and Amortization,security,metric_lookup,series,market_code,current_depreciation_amortization_v2,current_depreciation_amortization_v2,{},"{""type"":""begin_end"",""begin_time"":1783296000000,""end_time"":0,""time_period"":""quarter_1""}",series-etf-30d.json,snapshot;quarter_1,折旧与摊销(新体系),Depreciation and Amortization,"本科目包含以下内容：
直接披露为“折旧”、“摊销”或“折旧与摊销”的科目、资产类科目的折旧与摊销，包括但不限于：固定资产（含使用权资产）、无形资产、商誉、投资性房地产、生物资产、递延资产、长期待摊费用；
不包括以下内容：负债类或收入类科目的摊销，如：递延收入、递延政府补助、递延融资成本、债务贴现",,false,[],"UUS,UDC,UBAX,UBAF,U31X,U31F,U32X,U32F","STANDARD_SNAPSHOT,STANDARD_SERIES_TIME_RANGE_BEGIN_END"
loan_total_v2|贷款总额(新体系)|Total Loans,security,metric_lookup,series,market_code,loan_total_v2,loan_total_v2,{},"{""type"":""begin_end"",""begin_time"":1783296000000,""end_time"":0,""time_period"":""quarter_1""}",series-etf-30d.json,snapshot;quarter_1,贷款总额(新体系),Total Loans,包含投资贷款和持有待售贷款，但不包含同业贷款,,false,[],"UUS,UDC,UBAX,UBAF,U31X,U31F,U32X,U32F","STANDARD_SNAPSHOT,STANDARD_SERIES_TIME_RANGE_BEGIN_END"
fundMaxStCapitalGainsRate|最高短期资本利得税|Max ST Capital Gains Rate,security,metric_lookup,snapshot,market_code,fundMaxStCapitalGainsRate,fundMaxStCapitalGainsRate,{},{},stock-detail.json,snapshot,最高短期资本利得税,Max ST Capital Gains Rate,最高短期资本收益率 Max ST capital gains rate,,false,[],UUS,STANDARD_SNAPSHOT
fundMaxLtCapitalGainsRate|最高长期资本利得税|Max LT Capital Gains Rate,security,metric_lookup,snapshot,market_code,fundMaxLtCapitalGainsRate,fundMaxLtCapitalGainsRate,{},{},stock-detail.json,snapshot,最高长期资本利得税,Max LT Capital Gains Rate,最高长期资本收益率 Max LT capital gains rate,,false,[],UUS,STANDARD_SNAPSHOT
opt_value_l3_next_earnings_days|距财报天数(L3)|Next Earnings Days (L3),security,metric_lookup,series,market_code,opt_value_l3_next_earnings_days,opt_value_l3_next_earnings_days,{},"{""type"":""end_count"",""end_time"":0,""count"":30,""time_period"":""day_1"",""supported_types"":[""begin_end"",""end_count""]}",series-etf-30d.json,snapshot;day_1,距财报天数(L3),Next Earnings Days (L3),距下一次财报的天数（value L3中的冗余字段，与timing.days_to_earnings一致）,,false,[],UUS,"STANDARD_SNAPSHOT,STANDARD_SERIES_TIME_RANGE_ALL"
opt_value_l3_vol_regime_warning|波动率体制警告|Vol Regime Warning,security,metric_lookup,series,market_code,opt_value_l3_vol_regime_warning,opt_value_l3_vol_regime_warning,{},"{""type"":""end_count"",""end_time"":0,""count"":30,""time_period"":""day_1"",""supported_types"":[""begin_end"",""end_count""]}",series-etf-30d.json,snapshot;day_1,波动率体制警告,Vol Regime Warning,波动率体制变化时的警告文本,,false,[],UUS,"STANDARD_SNAPSHOT,STANDARD_SERIES_TIME_RANGE_ALL"
opt_value_l3_vol_regime|波动率体制|Volatility Regime,security,metric_lookup,series,market_code,opt_value_l3_vol_regime,opt_value_l3_vol_regime,{},"{""type"":""end_count"",""end_time"":0,""count"":30,""time_period"":""day_1"",""supported_types"":[""begin_end"",""end_count""]}",series-etf-30d.json,snapshot;day_1,波动率体制,Volatility Regime,当前波动率环境的趋势判断,,false,[],UUS,"STANDARD_SNAPSHOT,STANDARD_SERIES_TIME_RANGE_ALL"
opt_value_summary|价值柱摘要|Value Pillar Summary,security,metric_lookup,series,market_code,opt_value_summary,opt_value_summary,{},"{""type"":""end_count"",""end_time"":0,""count"":30,""time_period"":""day_1"",""supported_types"":[""begin_end"",""end_count""]}",series-etf-30d.json,snapshot;day_1,价值柱摘要,Value Pillar Summary,Value维度的一句话摘要,,false,[],UUS,"STANDARD_SNAPSHOT,STANDARD_SERIES_TIME_RANGE_ALL"
opt_value_l3_days_at_or_below|低于当前IV天数|Days at or Below Current IV,security,metric_lookup,series,market_code,opt_value_l3_days_at_or_below,opt_value_l3_days_at_or_below,{},"{""type"":""end_count"",""end_time"":0,""count"":30,""time_period"":""day_1"",""supported_types"":[""begin_end"",""end_count""]}",series-etf-30d.json,snapshot;day_1,低于当前IV天数,Days at or Below Current IV,过去一年中IV低于或等于当前水平的交易天数,,false,[],UUS,"STANDARD_SNAPSHOT,STANDARD_SERIES_TIME_RANGE_ALL"
opt_value_l3_iv_rank_30d|30天IV排名|IV Rank 30d,security,metric_lookup,series,market_code,opt_value_l3_iv_rank_30d,opt_value_l3_iv_rank_30d,{},"{""type"":""end_count"",""end_time"":0,""count"":30,""time_period"":""day_1"",""supported_types"":[""begin_end"",""end_count""]}",series-etf-30d.json,snapshot;day_1,30天IV排名,IV Rank 30d,当前IV在30天范围内的排名位置,,false,[],UUS,"STANDARD_SNAPSHOT,STANDARD_SERIES_TIME_RANGE_ALL"
opt_value_l3_iv_30d_range|IV 30天范围|IV 30-Day Range,security,metric_lookup,series,market_code,opt_value_l3_iv_30d_range,opt_value_l3_iv_30d_range,{},"{""type"":""end_count"",""end_time"":0,""count"":30,""time_period"":""day_1"",""supported_types"":[""begin_end"",""end_count""]}",series-etf-30d.json,snapshot;day_1,IV 30天范围,IV 30-Day Range,过去30天ATM IV的最高和最低值,,false,[],UUS,"STANDARD_SNAPSHOT,STANDARD_SERIES_TIME_RANGE_ALL"
opt_value_l3_iv_percentile_30d|30天IV百分位|IV Percentile 30d,security,metric_lookup,series,market_code,opt_value_l3_iv_percentile_30d,opt_value_l3_iv_percentile_30d,{},"{""type"":""end_count"",""end_time"":0,""count"":30,""time_period"":""day_1"",""supported_types"":[""begin_end"",""end_count""]}",series-etf-30d.json,snapshot;day_1,30天IV百分位,IV Percentile 30d,当前IV在30天分布中的百分位数,,false,[],UUS,"STANDARD_SNAPSHOT,STANDARD_SERIES_TIME_RANGE_ALL"
opt_value_l3_iv_52w_range|IV 52周范围|IV 52-Week Range,security,metric_lookup,series,market_code,opt_value_l3_iv_52w_range,opt_value_l3_iv_52w_range,{},"{""type"":""end_count"",""end_time"":0,""count"":30,""time_period"":""day_1"",""supported_types"":[""begin_end"",""end_count""]}",series-etf-30d.json,snapshot;day_1,IV 52周范围,IV 52-Week Range,过去52周ATM IV的最高和最低值,,false,[],UUS,"STANDARD_SNAPSHOT,STANDARD_SERIES_TIME_RANGE_ALL"
opt_value_l3_iv_crush_risk|IV崩溃风险|IV Crush Risk,security,metric_lookup,series,market_code,opt_value_l3_iv_crush_risk,opt_value_l3_iv_crush_risk,{},"{""type"":""end_count"",""end_time"":0,""count"":30,""time_period"":""day_1"",""supported_types"":[""begin_end"",""end_count""]}",series-etf-30d.json,snapshot;day_1,IV崩溃风险,IV Crush Risk,财报后IV急剧下降的风险等级,,false,[],UUS,"STANDARD_SNAPSHOT,STANDARD_SERIES_TIME_RANGE_ALL"
opt_value_l2_term_structure|期限结构数据|Term Structure Data,security,metric_lookup,series,market_code,opt_value_l2_term_structure,opt_value_l2_term_structure,{},"{""type"":""end_count"",""end_time"":0,""count"":30,""time_period"":""day_1"",""supported_types"":[""begin_end"",""end_count""]}",series-etf-30d.json,snapshot;day_1,期限结构数据,Term Structure Data,按DTE分桶的ATM IV期限结构数据,,false,[],UUS,"STANDARD_SNAPSHOT,STANDARD_SERIES_TIME_RANGE_ALL"
opt_value_l2_iv_vs_hv|IV vs HV对比|IV vs HV Comparison,security,metric_lookup,series,market_code,opt_value_l2_iv_vs_hv,opt_value_l2_iv_vs_hv,{},"{""type"":""end_count"",""end_time"":0,""count"":30,""time_period"":""day_1"",""supported_types"":[""begin_end"",""end_count""]}",series-etf-30d.json,snapshot;day_1,IV vs HV对比,IV vs HV Comparison,多个周期的隐含波动率与历史波动率对比,,false,[],UUS,"STANDARD_SNAPSHOT,STANDARD_SERIES_TIME_RANGE_ALL"
opt_value_l2_skew|波动率偏度曲线|Volatility Skew Curve,security,metric_lookup,series,market_code,opt_value_l2_skew,opt_value_l2_skew,{},"{""type"":""end_count"",""end_time"":0,""count"":30,""time_period"":""day_1"",""supported_types"":[""begin_end"",""end_count""]}",series-etf-30d.json,snapshot;day_1,波动率偏度曲线,Volatility Skew Curve,按delta分布的IV偏度曲线，展示不同行权价位置的IV差异,,false,[],UUS,"STANDARD_SNAPSHOT,STANDARD_SERIES_TIME_RANGE_ALL"
opt_value_l3_iv_history|IV历史序列|IV History,security,metric_lookup,series,market_code,opt_value_l3_iv_history,opt_value_l3_iv_history,{},"{""type"":""end_count"",""end_time"":0,""count"":30,""time_period"":""day_1"",""supported_types"":[""begin_end"",""end_count""]}",series-etf-30d.json,snapshot;day_1,IV历史序列,IV History,每日ATM IV的历史时间序列,,false,[],UUS,"STANDARD_SNAPSHOT,STANDARD_SERIES_TIME_RANGE_ALL"
opt_value_l1_iv_rank_weight|价值IV Rank权重|Value IV Rank Weight,security,metric_lookup,series,market_code,opt_value_l1_iv_rank_weight,opt_value_l1_iv_rank_weight,{},"{""type"":""end_count"",""end_time"":0,""count"":30,""time_period"":""day_1"",""supported_types"":[""begin_end"",""end_count""]}",series-etf-30d.json,snapshot;day_1,价值IV Rank权重,Value IV Rank Weight,IV Rank在价值柱中的权重,,false,[],UUS,"STANDARD_SNAPSHOT,STANDARD_SERIES_TIME_RANGE_ALL"
opt_value_l1_iv_hv_ratio_weight|价值IV/HV Ratio权重|Value IV/HV Ratio Weight,security,metric_lookup,series,market_code,opt_value_l1_iv_hv_ratio_weight,opt_value_l1_iv_hv_ratio_weight,{},"{""type"":""end_count"",""end_time"":0,""count"":30,""time_period"":""day_1"",""supported_types"":[""begin_end"",""end_count""]}",series-etf-30d.json,snapshot;day_1,价值IV/HV Ratio权重,Value IV/HV Ratio Weight,IV/HV Ratio在价值柱中的权重,,false,[],UUS,"STANDARD_SNAPSHOT,STANDARD_SERIES_TIME_RANGE_ALL"
opt_value_l1_iv_hv_ratio_score|价值IV/HV Ratio子评分|Value IV/HV Ratio Sub-score,security,metric_lookup,series,market_code,opt_value_l1_iv_hv_ratio_score,opt_value_l1_iv_hv_ratio_score,{},"{""type"":""end_count"",""end_time"":0,""count"":30,""time_period"":""day_1"",""supported_types"":[""begin_end"",""end_count""]}",series-etf-30d.json,snapshot;day_1,价值IV/HV Ratio子评分,Value IV/HV Ratio Sub-score,IV/HV Ratio的子评分（0-10）,,false,[],UUS,"STANDARD_SNAPSHOT,STANDARD_SERIES_TIME_RANGE_ALL"
opt_value_l1_iv_percentile_weight|价值IV Percentile权重|Value IV Percentile Weight,security,metric_lookup,series,market_code,opt_value_l1_iv_percentile_weight,opt_value_l1_iv_percentile_weight,{},"{""type"":""end_count"",""end_time"":0,""count"":30,""time_period"":""day_1"",""supported_types"":[""begin_end"",""end_count""]}",series-etf-30d.json,snapshot;day_1,价值IV Percentile权重,Value IV Percentile Weight,IV Percentile在价值柱中的权重,,false,[],UUS,"STANDARD_SNAPSHOT,STANDARD_SERIES_TIME_RANGE_ALL"
opt_value_l1_iv_rank_interpretation|价值IV Rank解读|Value IV Rank Interpretation,security,metric_lookup,series,market_code,opt_value_l1_iv_rank_interpretation,opt_value_l1_iv_rank_interpretation,{},"{""type"":""end_count"",""end_time"":0,""count"":30,""time_period"":""day_1"",""supported_types"":[""begin_end"",""end_count""]}",series-etf-30d.json,snapshot;day_1,价值IV Rank解读,Value IV Rank Interpretation,IV Rank水平的文字解读,,false,[],UUS,"STANDARD_SNAPSHOT,STANDARD_SERIES_TIME_RANGE_ALL"
opt_value_l1_hybrid_breakdown|混合评分分解|Hybrid Score Breakdown,security,metric_lookup,series,market_code,opt_value_l1_hybrid_breakdown,opt_value_l1_hybrid_breakdown,{},"{""type"":""end_count"",""end_time"":0,""count"":30,""time_period"":""day_1"",""supported_types"":[""begin_end"",""end_count""]}",series-etf-30d.json,snapshot;day_1,混合评分分解,Hybrid Score Breakdown,价值柱评分的多层级分解：个股层、行业层、全市场层的权重和得分,,false,[],UUS,"STANDARD_SNAPSHOT,STANDARD_SERIES_TIME_RANGE_ALL"
opt_value_l1_iv_rank_score|价值IV Rank子评分|Value IV Rank Sub-score,security,metric_lookup,series,market_code,opt_value_l1_iv_rank_score,opt_value_l1_iv_rank_score,{},"{""type"":""end_count"",""end_time"":0,""count"":30,""time_period"":""day_1"",""supported_types"":[""begin_end"",""end_count""]}",series-etf-30d.json,snapshot;day_1,价值IV Rank子评分,Value IV Rank Sub-score,IV Rank的子评分（0-10）,,false,[],UUS,"STANDARD_SNAPSHOT,STANDARD_SERIES_TIME_RANGE_ALL"
opt_value_l1_iv_percentile_score|价值IV Percentile子评分|Value IV Percentile Sub-score,security,metric_lookup,series,market_code,opt_value_l1_iv_percentile_score,opt_value_l1_iv_percentile_score,{},"{""type"":""end_count"",""end_time"":0,""count"":30,""time_period"":""day_1"",""supported_types"":[""begin_end"",""end_count""]}",series-etf-30d.json,snapshot;day_1,价值IV Percentile子评分,Value IV Percentile Sub-score,IV Percentile的子评分（0-10）,,false,[],UUS,"STANDARD_SNAPSHOT,STANDARD_SERIES_TIME_RANGE_ALL"
opt_value_l1_iv_hv_ratio_interpretation|价值IV/HV Ratio解读|Value IV/HV Ratio Interpretation,security,metric_lookup,series,market_code,opt_value_l1_iv_hv_ratio_interpretation,opt_value_l1_iv_hv_ratio_interpretation,{},"{""type"":""end_count"",""end_time"":0,""count"":30,""time_period"":""day_1"",""supported_types"":[""begin_end"",""end_count""]}",series-etf-30d.json,snapshot;day_1,价值IV/HV Ratio解读,Value IV/HV Ratio Interpretation,IV/HV比值的文字解读,,false,[],UUS,"STANDARD_SNAPSHOT,STANDARD_SERIES_TIME_RANGE_ALL"
opt_value_l1_iv_rank_source|价值IV Rank数据源|Value IV Rank Source,security,metric_lookup,series,market_code,opt_value_l1_iv_rank_source,opt_value_l1_iv_rank_source,{},"{""type"":""end_count"",""end_time"":0,""count"":30,""time_period"":""day_1"",""supported_types"":[""begin_end"",""end_count""]}",series-etf-30d.json,snapshot;day_1,价值IV Rank数据源,Value IV Rank Source,IV Rank数据的来源标识,,false,[],UUS,"STANDARD_SNAPSHOT,STANDARD_SERIES_TIME_RANGE_ALL"
opt_value_l1_iv_percentile_interpretation|价值IV Percentile解读|Value IV Percentile Interpretation,security,metric_lookup,series,market_code,opt_value_l1_iv_percentile_interpretation,opt_value_l1_iv_percentile_interpretation,{},"{""type"":""end_count"",""end_time"":0,""count"":30,""time_period"":""day_1"",""supported_types"":[""begin_end"",""end_count""]}",series-etf-30d.json,snapshot;day_1,价值IV Percentile解读,Value IV Percentile Interpretation,IV Percentile水平的文字解读,,false,[],UUS,"STANDARD_SNAPSHOT,STANDARD_SERIES_TIME_RANGE_ALL"
opt_value_detail|价值柱详情|Value Pillar Detail,security,metric_lookup,series,market_code,opt_value_detail,opt_value_detail,{},"{""type"":""end_count"",""end_time"":0,""count"":30,""time_period"":""day_1"",""supported_types"":[""begin_end"",""end_count""]}",series-etf-30d.json,snapshot;day_1,价值柱详情,Value Pillar Detail,Value维度的详细描述文本,,false,[],UUS,"STANDARD_SNAPSHOT,STANDARD_SERIES_TIME_RANGE_ALL"
opt_value_chk_total_count|价值检查总数|Value Checks Total Count,security,metric_lookup,series,market_code,opt_value_chk_total_count,opt_value_chk_total_count,{},"{""type"":""end_count"",""end_time"":0,""count"":30,""time_period"":""day_1"",""supported_types"":[""begin_end"",""end_count""]}",series-etf-30d.json,snapshot;day_1,价值检查总数,Value Checks Total Count,Value维度的子检查总数,,false,[],UUS,"STANDARD_SNAPSHOT,STANDARD_SERIES_TIME_RANGE_ALL"
opt_value_chk_pass_count|价值检查通过数|Value Checks Passed Count,security,metric_lookup,series,market_code,opt_value_chk_pass_count,opt_value_chk_pass_count,{},"{""type"":""end_count"",""end_time"":0,""count"":30,""time_period"":""day_1"",""supported_types"":[""begin_end"",""end_count""]}",series-etf-30d.json,snapshot;day_1,价值检查通过数,Value Checks Passed Count,Value维度通过的子检查数量,,false,[],UUS,"STANDARD_SNAPSHOT,STANDARD_SERIES_TIME_RANGE_ALL"
opt_value_chk_vega_efficiency|Vega效率检查|Vega Efficiency Check,security,metric_lookup,series,market_code,opt_value_chk_vega_efficiency,opt_value_chk_vega_efficiency,{},"{""type"":""end_count"",""end_time"":0,""count"":30,""time_period"":""day_1"",""supported_types"":[""begin_end"",""end_count""]}",series-etf-30d.json,snapshot;day_1,Vega效率检查,Vega Efficiency Check,Vega ≥ 5.0,,false,[],UUS,"STANDARD_SNAPSHOT,STANDARD_SERIES_TIME_RANGE_ALL"
opt_value_chk_execution_efficiency|执行效率检查|Execution Efficiency Check,security,metric_lookup,series,market_code,opt_value_chk_execution_efficiency,opt_value_chk_execution_efficiency,{},"{""type"":""end_count"",""end_time"":0,""count"":30,""time_period"":""day_1"",""supported_types"":[""begin_end"",""end_count""]}",series-etf-30d.json,snapshot;day_1,执行效率检查,Execution Efficiency Check,价差 < 3%,,false,[],UUS,"STANDARD_SNAPSHOT,STANDARD_SERIES_TIME_RANGE_ALL"
opt_value_chk_term_structure|期限结构检查|Term Structure Check,security,metric_lookup,series,market_code,opt_value_chk_term_structure,opt_value_chk_term_structure,{},"{""type"":""end_count"",""end_time"":0,""count"":30,""time_period"":""day_1"",""supported_types"":[""begin_end"",""end_count""]}",series-etf-30d.json,snapshot;day_1,期限结构检查,Term Structure Check,近远月IV比 < 1.1,,false,[],UUS,"STANDARD_SNAPSHOT,STANDARD_SERIES_TIME_RANGE_ALL"
opt_value_chk_sector_relative|行业相对检查|Sector Relative Check,security,metric_lookup,series,market_code,opt_value_chk_sector_relative,opt_value_chk_sector_relative,{},"{""type"":""end_count"",""end_time"":0,""count"":30,""time_period"":""day_1"",""supported_types"":[""begin_end"",""end_count""]}",series-etf-30d.json,snapshot;day_1,行业相对检查,Sector Relative Check,相对行业IV ≤50%分位,,false,[],UUS,"STANDARD_SNAPSHOT,STANDARD_SERIES_TIME_RANGE_ALL"
opt_value_chk_skew_normal|偏度正常检查|Skew Normal Check,security,metric_lookup,series,market_code,opt_value_chk_skew_normal,opt_value_chk_skew_normal,{},"{""type"":""end_count"",""end_time"":0,""count"":30,""time_period"":""day_1"",""supported_types"":[""begin_end"",""end_count""]}",series-etf-30d.json,snapshot;day_1,偏度正常检查,Skew Normal Check,Put/Call IV比 < 1.25,,false,[],UUS,"STANDARD_SNAPSHOT,STANDARD_SERIES_TIME_RANGE_ALL"
opt_value_chk_absolute_iv|绝对IV检查|Absolute IV Check,security,metric_lookup,series,market_code,opt_value_chk_absolute_iv,opt_value_chk_absolute_iv,{},"{""type"":""end_count"",""end_time"":0,""count"":30,""time_period"":""day_1"",""supported_types"":[""begin_end"",""end_count""]}",series-etf-30d.json,snapshot;day_1,绝对IV检查,Absolute IV Check,ATM IV < 80%,,false,[],UUS,"STANDARD_SNAPSHOT,STANDARD_SERIES_TIME_RANGE_ALL"
opt_value_chk_iv_rank|IV Rank检查|IV Rank Check,security,metric_lookup,series,market_code,opt_value_chk_iv_rank,opt_value_chk_iv_rank,{},"{""type"":""end_count"",""end_time"":0,""count"":30,""time_period"":""day_1"",""supported_types"":[""begin_end"",""end_count""]}",series-etf-30d.json,snapshot;day_1,IV Rank检查,IV Rank Check,IV Rank ≤35%表示IV处于低位,,false,[],UUS,"STANDARD_SNAPSHOT,STANDARD_SERIES_TIME_RANGE_ALL"
opt_value_chk_iv_hv_ratio|IV/HV比率检查|IV/HV Ratio Check,security,metric_lookup,series,market_code,opt_value_chk_iv_hv_ratio,opt_value_chk_iv_hv_ratio,{},"{""type"":""end_count"",""end_time"":0,""count"":30,""time_period"":""day_1"",""supported_types"":[""begin_end"",""end_count""]}",series-etf-30d.json,snapshot;day_1,IV/HV比率检查,IV/HV Ratio Check,IV/HV < 1.05表示IV相对于实际波动率偏低,,false,[],UUS,"STANDARD_SNAPSHOT,STANDARD_SERIES_TIME_RANGE_ALL"
opt_value_chk_spread_adjusted|价差调整检查|Spread-Adjusted Value Check,security,metric_lookup,series,market_code,opt_value_chk_spread_adjusted,opt_value_chk_spread_adjusted,{},"{""type"":""end_count"",""end_time"":0,""count"":30,""time_period"":""day_1"",""supported_types"":[""begin_end"",""end_count""]}",series-etf-30d.json,snapshot;day_1,价差调整检查,Spread-Adjusted Value Check,价差调整后IV < 80%,,false,[],UUS,"STANDARD_SNAPSHOT,STANDARD_SERIES_TIME_RANGE_ALL"
opt_timing_summary|时机柱摘要|Timing Pillar Summary,security,metric_lookup,series,market_code,opt_timing_summary,opt_timing_summary,{},"{""type"":""end_count"",""end_time"":0,""count"":30,""time_period"":""day_1"",""supported_types"":[""begin_end"",""end_count""]}",series-etf-30d.json,snapshot;day_1,时机柱摘要,Timing Pillar Summary,Timing维度的一句话摘要,,false,[],UUS,"STANDARD_SNAPSHOT,STANDARD_SERIES_TIME_RANGE_ALL"
opt_timing_l3_avoid_entry_reason|避免入场原因|Avoid Entry Reason,security,metric_lookup,series,market_code,opt_timing_l3_avoid_entry_reason,opt_timing_l3_avoid_entry_reason,{},"{""type"":""end_count"",""end_time"":0,""count"":30,""time_period"":""day_1"",""supported_types"":[""begin_end"",""end_count""]}",series-etf-30d.json,snapshot;day_1,避免入场原因,Avoid Entry Reason,当前不建议入场的原因（如有）,,false,[],UUS,"STANDARD_SNAPSHOT,STANDARD_SERIES_TIME_RANGE_ALL"
opt_timing_l3_best_entry_window|最佳入场窗口|Best Entry Window,security,metric_lookup,series,market_code,opt_timing_l3_best_entry_window,opt_timing_l3_best_entry_window,{},"{""type"":""end_count"",""end_time"":0,""count"":30,""time_period"":""day_1"",""supported_types"":[""begin_end"",""end_count""]}",series-etf-30d.json,snapshot;day_1,最佳入场窗口,Best Entry Window,建议的最佳入场时间窗口描述,,false,[],UUS,"STANDARD_SNAPSHOT,STANDARD_SERIES_TIME_RANGE_ALL"
opt_timing_l3_iv_crush_expected|预期IV崩溃幅度|Expected IV Crush %,security,metric_lookup,series,market_code,opt_timing_l3_iv_crush_expected,opt_timing_l3_iv_crush_expected,{},"{""type"":""end_count"",""end_time"":0,""count"":30,""time_period"":""day_1"",""supported_types"":[""begin_end"",""end_count""]}",series-etf-30d.json,snapshot;day_1,预期IV崩溃幅度,Expected IV Crush %,预期财报后的IV下降百分比,,false,[],UUS,"STANDARD_SNAPSHOT,STANDARD_SERIES_TIME_RANGE_ALL"
opt_timing_l2_theta_by_dte|Theta按到期|Theta by DTE,security,metric_lookup,series,market_code,opt_timing_l2_theta_by_dte,opt_timing_l2_theta_by_dte,{},"{""type"":""end_count"",""end_time"":0,""count"":30,""time_period"":""day_1"",""supported_types"":[""begin_end"",""end_count""]}",series-etf-30d.json,snapshot;day_1,Theta按到期,Theta by DTE,按DTE的Theta衰减曲线,,false,[],UUS,"STANDARD_SNAPSHOT,STANDARD_SERIES_TIME_RANGE_ALL"
opt_timing_l3_optimal_entries|最优入场点|Optimal Entry Points,security,metric_lookup,series,market_code,opt_timing_l3_optimal_entries,opt_timing_l3_optimal_entries,{},"{""type"":""end_count"",""end_time"":0,""count"":30,""time_period"":""day_1"",""supported_types"":[""begin_end"",""end_count""]}",series-etf-30d.json,snapshot;day_1,最优入场点,Optimal Entry Points,针对不同策略的最优DTE/Delta入场推荐,,false,[],UUS,"STANDARD_SNAPSHOT,STANDARD_SERIES_TIME_RANGE_ALL"
opt_timing_l2_max_pain|最大痛点|Max Pain,security,metric_lookup,series,market_code,opt_timing_l2_max_pain,opt_timing_l2_max_pain,{},"{""type"":""end_count"",""end_time"":0,""count"":30,""time_period"":""day_1"",""supported_types"":[""begin_end"",""end_count""]}",series-etf-30d.json,snapshot;day_1,最大痛点,Max Pain,期权到期时最大痛点价格及相关分析,,false,[],UUS,"STANDARD_SNAPSHOT,STANDARD_SERIES_TIME_RANGE_ALL"
opt_timing_l3_earnings_avg_surprise|财报平均超预期幅度|Earnings Avg Surprise %,security,metric_lookup,series,market_code,opt_timing_l3_earnings_avg_surprise,opt_timing_l3_earnings_avg_surprise,{},"{""type"":""end_count"",""end_time"":0,""count"":30,""time_period"":""day_1"",""supported_types"":[""begin_end"",""end_count""]}",series-etf-30d.json,snapshot;day_1,财报平均超预期幅度,Earnings Avg Surprise %,历史财报中实际走势相对于隐含走势的平均超预期百分比,,false,[],UUS,"STANDARD_SNAPSHOT,STANDARD_SERIES_TIME_RANGE_ALL"
opt_timing_l2_gamma_by_dte|Gamma按到期|Gamma by DTE,security,metric_lookup,series,market_code,opt_timing_l2_gamma_by_dte,opt_timing_l2_gamma_by_dte,{},"{""type"":""end_count"",""end_time"":0,""count"":30,""time_period"":""day_1"",""supported_types"":[""begin_end"",""end_count""]}",series-etf-30d.json,snapshot;day_1,Gamma按到期,Gamma by DTE,按DTE的Gamma暴露分布,,false,[],UUS,"STANDARD_SNAPSHOT,STANDARD_SERIES_TIME_RANGE_ALL"
opt_timing_l2_term_structure|期限结构详情|Term Structure Detail,security,metric_lookup,series,market_code,opt_timing_l2_term_structure,opt_timing_l2_term_structure,{},"{""type"":""end_count"",""end_time"":0,""count"":30,""time_period"":""day_1"",""supported_types"":[""begin_end"",""end_count""]}",series-etf-30d.json,snapshot;day_1,期限结构详情,Term Structure Detail,完整的期限结构数据,,false,[],UUS,"STANDARD_SNAPSHOT,STANDARD_SERIES_TIME_RANGE_ALL"
opt_timing_l2_events|事件列表|Events,security,metric_lookup,series,market_code,opt_timing_l2_events,opt_timing_l2_events,{},"{""type"":""end_count"",""end_time"":0,""count"":30,""time_period"":""day_1"",""supported_types"":[""begin_end"",""end_count""]}",series-etf-30d.json,snapshot;day_1,事件列表,Events,即将发生的影响IV的事件列表,,false,[],UUS,"STANDARD_SNAPSHOT,STANDARD_SERIES_TIME_RANGE_ALL"
opt_timing_l1_wall_proximity_pct|OI墙距离|Wall Proximity %,security,metric_lookup,series,market_code,opt_timing_l1_wall_proximity_pct,opt_timing_l1_wall_proximity_pct,{},"{""type"":""end_count"",""end_time"":0,""count"":30,""time_period"":""day_1"",""supported_types"":[""begin_end"",""end_count""]}",series-etf-30d.json,snapshot;day_1,OI墙距离,Wall Proximity %,当前价格距最近主要OI墙的距离百分比,,false,[],UUS,"STANDARD_SNAPSHOT,STANDARD_SERIES_TIME_RANGE_ALL"
opt_timing_l1_term_structure_interpretation|期限结构解读|Term Structure Interpretation,security,metric_lookup,series,market_code,opt_timing_l1_term_structure_interpretation,opt_timing_l1_term_structure_interpretation,{},"{""type"":""end_count"",""end_time"":0,""count"":30,""time_period"":""day_1"",""supported_types"":[""begin_end"",""end_count""]}",series-etf-30d.json,snapshot;day_1,期限结构解读,Term Structure Interpretation,AInvest期权评分系统指标,,false,[],UUS,"STANDARD_SNAPSHOT,STANDARD_SERIES_TIME_RANGE_ALL"
opt_timing_l1_days_to_earnings_interpretation|据财报发布天数解读|Days to Earnings Interpretation,security,metric_lookup,series,market_code,opt_timing_l1_days_to_earnings_interpretation,opt_timing_l1_days_to_earnings_interpretation,{},"{""type"":""end_count"",""end_time"":0,""count"":30,""time_period"":""day_1"",""supported_types"":[""begin_end"",""end_count""]}",series-etf-30d.json,snapshot;day_1,据财报发布天数解读,Days to Earnings Interpretation,AInvest期权评分系统指标,,false,[],UUS,"STANDARD_SNAPSHOT,STANDARD_SERIES_TIME_RANGE_ALL"
opt_timing_l1_days_to_earnings_score|时机距财报子评分|Timing Days to Earnings Sub-score,security,metric_lookup,series,market_code,opt_timing_l1_days_to_earnings_score,opt_timing_l1_days_to_earnings_score,{},"{""type"":""end_count"",""end_time"":0,""count"":30,""time_period"":""day_1"",""supported_types"":[""begin_end"",""end_count""]}",series-etf-30d.json,snapshot;day_1,时机距财报子评分,Timing Days to Earnings Sub-score,Days to Earnings的子评分（0-10）,,false,[],UUS,"STANDARD_SNAPSHOT,STANDARD_SERIES_TIME_RANGE_ALL"
opt_timing_l1_timing_seller|卖方时机评分|Timing Seller Score,security,metric_lookup,series,market_code,opt_timing_l1_timing_seller,opt_timing_l1_timing_seller,{},"{""type"":""end_count"",""end_time"":0,""count"":30,""time_period"":""day_1"",""supported_types"":[""begin_end"",""end_count""]}",series-etf-30d.json,snapshot;day_1,卖方时机评分,Timing Seller Score,从卖方角度的时机评估评分,,false,[],UUS,"STANDARD_SNAPSHOT,STANDARD_SERIES_TIME_RANGE_ALL"
opt_timing_l1_event_risk|事件风险评分|Event Risk Score,security,metric_lookup,series,market_code,opt_timing_l1_event_risk,opt_timing_l1_event_risk,{},"{""type"":""end_count"",""end_time"":0,""count"":30,""time_period"":""day_1"",""supported_types"":[""begin_end"",""end_count""]}",series-etf-30d.json,snapshot;day_1,事件风险评分,Event Risk Score,综合财报临近度、IV kink幅度和宏观事件的风险评分。越高越安全,,false,[],UUS,"STANDARD_SNAPSHOT,STANDARD_SERIES_TIME_RANGE_ALL"
opt_timing_l1_term_structure|期限结构|Term Structure,security,metric_lookup,series,market_code,opt_timing_l1_term_structure,opt_timing_l1_term_structure,{},"{""type"":""end_count"",""end_time"":0,""count"":30,""time_period"":""day_1"",""supported_types"":[""begin_end"",""end_count""]}",series-etf-30d.json,snapshot;day_1,期限结构,Term Structure,"近月与远月ATM IV的关系。contango=近低远高, backwardation=近高远低",,false,[],UUS,"STANDARD_SNAPSHOT,STANDARD_SERIES_TIME_RANGE_ALL"
opt_timing_l1_term_structure_score|时机期限结构子评分|Timing Term Structure Sub-score,security,metric_lookup,series,market_code,opt_timing_l1_term_structure_score,opt_timing_l1_term_structure_score,{},"{""type"":""end_count"",""end_time"":0,""count"":30,""time_period"":""day_1"",""supported_types"":[""begin_end"",""end_count""]}",series-etf-30d.json,snapshot;day_1,时机期限结构子评分,Timing Term Structure Sub-score,Term Structure的子评分（0-10）,,false,[],UUS,"STANDARD_SNAPSHOT,STANDARD_SERIES_TIME_RANGE_ALL"
opt_timing_l1_timing_buyer|买方时机评分|Timing Buyer Score,security,metric_lookup,series,market_code,opt_timing_l1_timing_buyer,opt_timing_l1_timing_buyer,{},"{""type"":""end_count"",""end_time"":0,""count"":30,""time_period"":""day_1"",""supported_types"":[""begin_end"",""end_count""]}",series-etf-30d.json,snapshot;day_1,买方时机评分,Timing Buyer Score,从买方角度的时机评估评分,,false,[],UUS,"STANDARD_SNAPSHOT,STANDARD_SERIES_TIME_RANGE_ALL"
opt_timing_l1_theta_decay_score|时机Theta衰减子评分|Timing Theta Decay Sub-score,security,metric_lookup,series,market_code,opt_timing_l1_theta_decay_score,opt_timing_l1_theta_decay_score,{},"{""type"":""end_count"",""end_time"":0,""count"":30,""time_period"":""day_1"",""supported_types"":[""begin_end"",""end_count""]}",series-etf-30d.json,snapshot;day_1,时机Theta衰减子评分,Timing Theta Decay Sub-score,Theta Decay的子评分（0-10）,,false,[],UUS,"STANDARD_SNAPSHOT,STANDARD_SERIES_TIME_RANGE_ALL"
opt_timing_l1_timing_interpretation|时机解读|Timing Interpretation,security,metric_lookup,series,market_code,opt_timing_l1_timing_interpretation,opt_timing_l1_timing_interpretation,{},"{""type"":""end_count"",""end_time"":0,""count"":30,""time_period"":""day_1"",""supported_types"":[""begin_end"",""end_count""]}",series-etf-30d.json,snapshot;day_1,时机解读,Timing Interpretation,买方和卖方时机的自然语言解读,,false,[],UUS,"STANDARD_SNAPSHOT,STANDARD_SERIES_TIME_RANGE_ALL"
opt_timing_l1_event_risk_score|时机事件风险子评分|Timing Event Risk Sub-score,security,metric_lookup,series,market_code,opt_timing_l1_event_risk_score,opt_timing_l1_event_risk_score,{},"{""type"":""end_count"",""end_time"":0,""count"":30,""time_period"":""day_1"",""supported_types"":[""begin_end"",""end_count""]}",series-etf-30d.json,snapshot;day_1,时机事件风险子评分,Timing Event Risk Sub-score,Event Risk的子评分（0-10）,,false,[],UUS,"STANDARD_SNAPSHOT,STANDARD_SERIES_TIME_RANGE_ALL"
opt_timing_l1_event_risk_interpretation|时机事件风险解读|Timing Event Risk Interpretation,security,metric_lookup,series,market_code,opt_timing_l1_event_risk_interpretation,opt_timing_l1_event_risk_interpretation,{},"{""type"":""end_count"",""end_time"":0,""count"":30,""time_period"":""day_1"",""supported_types"":[""begin_end"",""end_count""]}",series-etf-30d.json,snapshot;day_1,时机事件风险解读,Timing Event Risk Interpretation,事件风险评分的文字解读,,false,[],UUS,"STANDARD_SNAPSHOT,STANDARD_SERIES_TIME_RANGE_ALL"
opt_timing_chk_pass_count|时机检查通过数|Timing Checks Passed Count,security,metric_lookup,series,market_code,opt_timing_chk_pass_count,opt_timing_chk_pass_count,{},"{""type"":""end_count"",""end_time"":0,""count"":30,""time_period"":""day_1"",""supported_types"":[""begin_end"",""end_count""]}",series-etf-30d.json,snapshot;day_1,时机检查通过数,Timing Checks Passed Count,Timing维度通过的子检查数量,,false,[],UUS,"STANDARD_SNAPSHOT,STANDARD_SERIES_TIME_RANGE_ALL"
opt_timing_chk_total_count|时机检查总数|Timing Checks Total Count,security,metric_lookup,series,market_code,opt_timing_chk_total_count,opt_timing_chk_total_count,{},"{""type"":""end_count"",""end_time"":0,""count"":30,""time_period"":""day_1"",""supported_types"":[""begin_end"",""end_count""]}",series-etf-30d.json,snapshot;day_1,时机检查总数,Timing Checks Total Count,Timing维度的子检查总数,,false,[],UUS,"STANDARD_SNAPSHOT,STANDARD_SERIES_TIME_RANGE_ALL"
opt_timing_chk_event_risk|事件风险安全检查|Event Risk Safety Check,security,metric_lookup,series,market_code,opt_timing_chk_event_risk,opt_timing_chk_event_risk,{},"{""type"":""end_count"",""end_time"":0,""count"":30,""time_period"":""day_1"",""supported_types"":[""begin_end"",""end_count""]}",series-etf-30d.json,snapshot;day_1,事件风险安全检查,Event Risk Safety Check,评分 ≥60%,,false,[],UUS,"STANDARD_SNAPSHOT,STANDARD_SERIES_TIME_RANGE_ALL"
opt_timing_chk_term_structure_clarity|期限结构清晰检查|Term Structure Clarity Check,security,metric_lookup,series,market_code,opt_timing_chk_term_structure_clarity,opt_timing_chk_term_structure_clarity,{},"{""type"":""end_count"",""end_time"":0,""count"":30,""time_period"":""day_1"",""supported_types"":[""begin_end"",""end_count""]}",series-etf-30d.json,snapshot;day_1,期限结构清晰检查,Term Structure Clarity Check,|斜率| ≥5%,,false,[],UUS,"STANDARD_SNAPSHOT,STANDARD_SERIES_TIME_RANGE_ALL"
opt_timing_chk_expiration_distribution|到期分布检查|Expiration Distribution Check,security,metric_lookup,series,market_code,opt_timing_chk_expiration_distribution,opt_timing_chk_expiration_distribution,{},"{""type"":""end_count"",""end_time"":0,""count"":30,""time_period"":""day_1"",""supported_types"":[""begin_end"",""end_count""]}",series-etf-30d.json,snapshot;day_1,到期分布检查,Expiration Distribution Check,≥3个流动到期日,,false,[],UUS,"STANDARD_SNAPSHOT,STANDARD_SERIES_TIME_RANGE_ALL"
opt_timing_chk_iv_percentile_clarity|IV百分位清晰检查|IV Percentile Clarity Check,security,metric_lookup,series,market_code,opt_timing_chk_iv_percentile_clarity,opt_timing_chk_iv_percentile_clarity,{},"{""type"":""end_count"",""end_time"":0,""count"":30,""time_period"":""day_1"",""supported_types"":[""begin_end"",""end_count""]}",series-etf-30d.json,snapshot;day_1,IV百分位清晰检查,IV Percentile Clarity Check,<30或>70,,false,[],UUS,"STANDARD_SNAPSHOT,STANDARD_SERIES_TIME_RANGE_ALL"
opt_timing_chk_smart_money_timing|聪明资金时机检查|Smart Money Timing Check,security,metric_lookup,series,market_code,opt_timing_chk_smart_money_timing,opt_timing_chk_smart_money_timing,{},"{""type"":""end_count"",""end_time"":0,""count"":30,""time_period"":""day_1"",""supported_types"":[""begin_end"",""end_count""]}",series-etf-30d.json,snapshot;day_1,聪明资金时机检查,Smart Money Timing Check,综合评分 ≥40,,false,[],UUS,"STANDARD_SNAPSHOT,STANDARD_SERIES_TIME_RANGE_ALL"
opt_timing_chk_theta_vega_clarity|Theta/Vega清晰检查|Theta/Vega Clarity Check,security,metric_lookup,series,market_code,opt_timing_chk_theta_vega_clarity,opt_timing_chk_theta_vega_clarity,{},"{""type"":""end_count"",""end_time"":0,""count"":30,""time_period"":""day_1"",""supported_types"":[""begin_end"",""end_count""]}",series-etf-30d.json,snapshot;day_1,Theta/Vega清晰检查,Theta/Vega Clarity Check,比值 <0.5或>2.0,,false,[],UUS,"STANDARD_SNAPSHOT,STANDARD_SERIES_TIME_RANGE_ALL"
opt_timing_chk_flow_momentum|流向动量检查|Flow Momentum Check,security,metric_lookup,series,market_code,opt_timing_chk_flow_momentum,opt_timing_chk_flow_momentum,{},"{""type"":""end_count"",""end_time"":0,""count"":30,""time_period"":""day_1"",""supported_types"":[""begin_end"",""end_count""]}",series-etf-30d.json,snapshot;day_1,流向动量检查,Flow Momentum Check,强度 ≥25% + 一致性 ≥50%,,false,[],UUS,"STANDARD_SNAPSHOT,STANDARD_SERIES_TIME_RANGE_ALL"
opt_timing_chk_spread_momentum|价差动量检查|Spread Momentum Check,security,metric_lookup,series,market_code,opt_timing_chk_spread_momentum,opt_timing_chk_spread_momentum,{},"{""type"":""end_count"",""end_time"":0,""count"":30,""time_period"":""day_1"",""supported_types"":[""begin_end"",""end_count""]}",series-etf-30d.json,snapshot;day_1,价差动量检查,Spread Momentum Check,比值 <1.2,,false,[],UUS,"STANDARD_SNAPSHOT,STANDARD_SERIES_TIME_RANGE_ALL"
opt_timing_classification|时机柱分类|Timing Classification,security,metric_lookup,series,market_code,opt_timing_classification,opt_timing_classification,{},"{""type"":""end_count"",""end_time"":0,""count"":30,""time_period"":""day_1"",""supported_types"":[""begin_end"",""end_count""]}",series-etf-30d.json,snapshot;day_1,时机柱分类,Timing Classification,时机柱的分类标签,,false,[],UUS,"STANDARD_SNAPSHOT,STANDARD_SERIES_TIME_RANGE_ALL"
opt_timing_detail|时机柱详情|Timing Pillar Detail,security,metric_lookup,series,market_code,opt_timing_detail,opt_timing_detail,{},"{""type"":""end_count"",""end_time"":0,""count"":30,""time_period"":""day_1"",""supported_types"":[""begin_end"",""end_count""]}",series-etf-30d.json,snapshot;day_1,时机柱详情,Timing Pillar Detail,Timing维度的详细描述文本,,false,[],UUS,"STANDARD_SNAPSHOT,STANDARD_SERIES_TIME_RANGE_ALL"
opt_sentiment_l3_pcr_percentile|PCR百分位|PCR Percentile,security,metric_lookup,series,market_code,opt_sentiment_l3_pcr_percentile,opt_sentiment_l3_pcr_percentile,{},"{""type"":""end_count"",""end_time"":0,""count"":30,""time_period"":""day_1"",""supported_types"":[""begin_end"",""end_count""]}",series-etf-30d.json,snapshot;day_1,PCR百分位,PCR Percentile,当前PCR在历史分布中的百分位排名,,false,[],UUS,"STANDARD_SNAPSHOT,STANDARD_SERIES_TIME_RANGE_ALL"
opt_sentiment_l3_flow_quality|流向质量|Flow Quality,security,metric_lookup,series,market_code,opt_sentiment_l3_flow_quality,opt_sentiment_l3_flow_quality,{},"{""type"":""end_count"",""end_time"":0,""count"":30,""time_period"":""day_1"",""supported_types"":[""begin_end"",""end_count""]}",series-etf-30d.json,snapshot;day_1,流向质量,Flow Quality,交易流向的质量评估（ITM占比、LEAPS占比等）,,false,[],UUS,"STANDARD_SNAPSHOT,STANDARD_SERIES_TIME_RANGE_ALL"
opt_sentiment_l2_wall_signal|OI墙定位信号|OI Wall Signal,security,metric_lookup,series,market_code,opt_sentiment_l2_wall_signal,opt_sentiment_l2_wall_signal,{},"{""type"":""end_count"",""end_time"":0,""count"":30,""time_period"":""day_1"",""supported_types"":[""begin_end"",""end_count""]}",series-etf-30d.json,snapshot;day_1,OI墙定位信号,OI Wall Signal,OI墙支撑/阻力定位信号，从opt_sentiment_l2_oi_walls.positioning_signal提取,,false,[],UUS,"STANDARD_SNAPSHOT,STANDARD_SERIES_TIME_RANGE_ALL"
opt_strategy_suggested_contracts|建议合约|Suggested Contracts,security,metric_lookup,series,market_code,opt_strategy_suggested_contracts,opt_strategy_suggested_contracts,{},"{""type"":""end_count"",""end_time"":0,""count"":30,""time_period"":""day_1"",""supported_types"":[""begin_end"",""end_count""]}",series-etf-30d.json,snapshot;day_1,建议合约,Suggested Contracts,策略推荐对应的具体期权合约列表，含行权价、到期日、delta、IV等,,false,[],UUS,"STANDARD_SNAPSHOT,STANDARD_SERIES_TIME_RANGE_ALL"
opt_strategies_to_explore|推荐策略列表|Strategies to Explore,security,metric_lookup,series,market_code,opt_strategies_to_explore,opt_strategies_to_explore,{},"{""type"":""end_count"",""end_time"":0,""count"":30,""time_period"":""day_1"",""supported_types"":[""begin_end"",""end_count""]}",series-etf-30d.json,snapshot;day_1,推荐策略列表,Strategies to Explore,最多3个备选策略推荐，每个包含适配度评分和理由,,false,[],UUS,"STANDARD_SNAPSHOT,STANDARD_SERIES_TIME_RANGE_ALL"
opt_timing_chk_event_detection|事件检测检查|Event Detection Check,security,metric_lookup,series,market_code,opt_timing_chk_event_detection,opt_timing_chk_event_detection,{},"{""type"":""end_count"",""end_time"":0,""count"":30,""time_period"":""day_1"",""supported_types"":[""begin_end"",""end_count""]}",series-etf-30d.json,snapshot;day_1,事件检测检查,Event Detection Check,IV kink ≥10pts,,false,[],UUS,"STANDARD_SNAPSHOT,STANDARD_SERIES_TIME_RANGE_ALL"
opt_sentiment_status_root|情绪柱状态（根级别）|Sentiment Status,security,metric_lookup,series,market_code,opt_sentiment_status_root,opt_sentiment_status_root,{},"{""type"":""end_count"",""end_time"":0,""count"":30,""time_period"":""day_1"",""supported_types"":[""begin_end"",""end_count""]}",series-etf-30d.json,snapshot;day_1,情绪柱状态（根级别）,Sentiment Status,情绪柱的简化状态（pillar根级别，与direction不同）,,false,[],UUS,"STANDARD_SNAPSHOT,STANDARD_SERIES_TIME_RANGE_ALL"
opt_sentiment_signal_clarity|信号清晰度|Signal Clarity Scores,security,metric_lookup,series,market_code,opt_sentiment_signal_clarity,opt_sentiment_signal_clarity,{},"{""type"":""end_count"",""end_time"":0,""count"":30,""time_period"":""day_1"",""supported_types"":[""begin_end"",""end_count""]}",series-etf-30d.json,snapshot;day_1,信号清晰度,Signal Clarity Scores,情绪信号的清晰度评分，分方向性和卖方两个维度,,false,[],UUS,"STANDARD_SNAPSHOT,STANDARD_SERIES_TIME_RANGE_ALL"
opt_sentiment_opra_flow|OPRA流向数据|OPRA Trade Flow Data,security,metric_lookup,series,market_code,opt_sentiment_opra_flow,opt_sentiment_opra_flow,{},"{""type"":""end_count"",""end_time"":0,""count"":30,""time_period"":""day_1"",""supported_types"":[""begin_end"",""end_count""]}",series-etf-30d.json,snapshot;day_1,OPRA流向数据,OPRA Trade Flow Data,基于OPRA bid/ask执行分析的实际买卖方分类数据，包含多空流向、净情绪、ITM/ATM/OTM分解,,false,[],UUS,"STANDARD_SNAPSHOT,STANDARD_SERIES_TIME_RANGE_ALL"
opt_sentiment_summary|情绪柱摘要|Sentiment Pillar Summary,security,metric_lookup,series,market_code,opt_sentiment_summary,opt_sentiment_summary,{},"{""type"":""end_count"",""end_time"":0,""count"":30,""time_period"":""day_1"",""supported_types"":[""begin_end"",""end_count""]}",series-etf-30d.json,snapshot;day_1,情绪柱摘要,Sentiment Pillar Summary,Sentiment维度的一句话摘要,,false,[],UUS,"STANDARD_SNAPSHOT,STANDARD_SERIES_TIME_RANGE_ALL"
opt_sentiment_l2_put_wall|OI墙-看跌墙子键|OI Wall - Put Wall Subkey,security,metric_lookup,series,market_code,opt_sentiment_l2_put_wall,opt_sentiment_l2_put_wall,{},"{""type"":""end_count"",""end_time"":0,""count"":30,""time_period"":""day_1"",""supported_types"":[""begin_end"",""end_count""]}",series-etf-30d.json,snapshot;day_1,OI墙-看跌墙子键,OI Wall - Put Wall Subkey,OI墙-看跌墙子键,,false,[],UUS,"STANDARD_SNAPSHOT,STANDARD_SERIES_TIME_RANGE_ALL"
opt_sentiment_l2_moneyness_oi|按价值状态情绪-持仓子键|Value Status Sentiment - Position Subkey,security,metric_lookup,series,market_code,opt_sentiment_l2_moneyness_oi,opt_sentiment_l2_moneyness_oi,{},"{""type"":""end_count"",""end_time"":0,""count"":30,""time_period"":""day_1"",""supported_types"":[""begin_end"",""end_count""]}",series-etf-30d.json,snapshot;day_1,按价值状态情绪-持仓子键,Value Status Sentiment - Position Subkey,按价值状态情绪-持仓子键,,false,[],UUS,"STANDARD_SNAPSHOT,STANDARD_SERIES_TIME_RANGE_ALL"
opt_sentiment_l2_call_wall|OI墙-看涨墙子键|OI Wall - Call Wall Subkey,security,metric_lookup,series,market_code,opt_sentiment_l2_call_wall,opt_sentiment_l2_call_wall,{},"{""type"":""end_count"",""end_time"":0,""count"":30,""time_period"":""day_1"",""supported_types"":[""begin_end"",""end_count""]}",series-etf-30d.json,snapshot;day_1,OI墙-看涨墙子键,OI Wall - Call Wall Subkey,OI墙-看涨墙子键,,false,[],UUS,"STANDARD_SNAPSHOT,STANDARD_SERIES_TIME_RANGE_ALL"
opt_sentiment_l2_moneyness_volume|按价值状态情绪-成交量子键|Value Status Sentiment - Volume Subkey,security,metric_lookup,series,market_code,opt_sentiment_l2_moneyness_volume,opt_sentiment_l2_moneyness_volume,{},"{""type"":""end_count"",""end_time"":0,""count"":30,""time_period"":""day_1"",""supported_types"":[""begin_end"",""end_count""]}",series-etf-30d.json,snapshot;day_1,按价值状态情绪-成交量子键,Value Status Sentiment - Volume Subkey,按价值状态情绪-成交量子键,,false,[],UUS,"STANDARD_SNAPSHOT,STANDARD_SERIES_TIME_RANGE_ALL"
opt_sentiment_l2_oi_walls|OI墙|OI Walls,security,metric_lookup,series,market_code,opt_sentiment_l2_oi_walls,opt_sentiment_l2_oi_walls,{},"{""type"":""end_count"",""end_time"":0,""count"":30,""time_period"":""day_1"",""supported_types"":[""begin_end"",""end_count""]}",series-etf-30d.json,snapshot;day_1,OI墙,OI Walls,主要的OI支撑/阻力位,,false,[],UUS,"STANDARD_SNAPSHOT,STANDARD_SERIES_TIME_RANGE_ALL"
opt_sentiment_l2_moneyness_insight|价值状态情绪洞察|Moneyness Sentiment Insight,security,metric_lookup,series,market_code,opt_sentiment_l2_moneyness_insight,opt_sentiment_l2_moneyness_insight,{},"{""type"":""end_count"",""end_time"":0,""count"":30,""time_period"":""day_1"",""supported_types"":[""begin_end"",""end_count""]}",series-etf-30d.json,snapshot;day_1,价值状态情绪洞察,Moneyness Sentiment Insight,按价值状态(ITM/ATM/OTM)分析的情绪总结，从opt_sentiment_l2_by_moneyness.insight提取,,false,[],UUS,"STANDARD_SNAPSHOT,STANDARD_SERIES_TIME_RANGE_ALL"
opt_sentiment_l2_trade_flow|交易流向|Trade Flow,security,metric_lookup,series,market_code,opt_sentiment_l2_trade_flow,opt_sentiment_l2_trade_flow,{},"{""type"":""end_count"",""end_time"":0,""count"":30,""time_period"":""day_1"",""supported_types"":[""begin_end"",""end_count""]}",series-etf-30d.json,snapshot;day_1,交易流向,Trade Flow,方向性交易流向分析,,false,[],UUS,"STANDARD_SNAPSHOT,STANDARD_SERIES_TIME_RANGE_ALL"
opt_sentiment_l2_strike_concentration|行权价集中度|Strike Concentration,security,metric_lookup,series,market_code,opt_sentiment_l2_strike_concentration,opt_sentiment_l2_strike_concentration,{},"{""type"":""end_count"",""end_time"":0,""count"":30,""time_period"":""day_1"",""supported_types"":[""begin_end"",""end_count""]}",series-etf-30d.json,snapshot;day_1,行权价集中度,Strike Concentration,OI最集中的行权价分布,,false,[],UUS,"STANDARD_SNAPSHOT,STANDARD_SERIES_TIME_RANGE_ALL"
opt_sentiment_l1_volume_skew_interpretation|成交量偏度解读|Volume Skew Interpretation,security,metric_lookup,series,market_code,opt_sentiment_l1_volume_skew_interpretation,opt_sentiment_l1_volume_skew_interpretation,{},"{""type"":""end_count"",""end_time"":0,""count"":30,""time_period"":""day_1"",""supported_types"":[""begin_end"",""end_count""]}",series-etf-30d.json,snapshot;day_1,成交量偏度解读,Volume Skew Interpretation,AInvest期权评分系统指标,,false,[],UUS,"STANDARD_SNAPSHOT,STANDARD_SERIES_TIME_RANGE_ALL"
opt_sentiment_l2_by_dte|按到期情绪|Sentiment by DTE,security,metric_lookup,series,market_code,opt_sentiment_l2_by_dte,opt_sentiment_l2_by_dte,{},"{""type"":""end_count"",""end_time"":0,""count"":30,""time_period"":""day_1"",""supported_types"":[""begin_end"",""end_count""]}",series-etf-30d.json,snapshot;day_1,按到期情绪,Sentiment by DTE,按DTE分桶的成交量和情绪分布,,false,[],UUS,"STANDARD_SNAPSHOT,STANDARD_SERIES_TIME_RANGE_ALL"
opt_sentiment_l2_by_moneyness|按价值状态情绪|Sentiment by Moneyness,security,metric_lookup,series,market_code,opt_sentiment_l2_by_moneyness,opt_sentiment_l2_by_moneyness,{},"{""type"":""end_count"",""end_time"":0,""count"":30,""time_period"":""day_1"",""supported_types"":[""begin_end"",""end_count""]}",series-etf-30d.json,snapshot;day_1,按价值状态情绪,Sentiment by Moneyness,按ITM/ATM/OTM分类的成交量和OI分布,,false,[],UUS,"STANDARD_SNAPSHOT,STANDARD_SERIES_TIME_RANGE_ALL"
opt_sentiment_l1_volume_skew_score|情绪成交量偏度子评分|Sentiment Volume Skew Sub-score,security,metric_lookup,series,market_code,opt_sentiment_l1_volume_skew_score,opt_sentiment_l1_volume_skew_score,{},"{""type"":""end_count"",""end_time"":0,""count"":30,""time_period"":""day_1"",""supported_types"":[""begin_end"",""end_count""]}",series-etf-30d.json,snapshot;day_1,情绪成交量偏度子评分,Sentiment Volume Skew Sub-score,Volume Skew的子评分（0-10）,,false,[],UUS,"STANDARD_SNAPSHOT,STANDARD_SERIES_TIME_RANGE_ALL"
opt_sentiment_l1_volume_pcr_interpretation|情绪PCR解读|Sentiment PCR Interpretation,security,metric_lookup,series,market_code,opt_sentiment_l1_volume_pcr_interpretation,opt_sentiment_l1_volume_pcr_interpretation,{},"{""type"":""end_count"",""end_time"":0,""count"":30,""time_period"":""day_1"",""supported_types"":[""begin_end"",""end_count""]}",series-etf-30d.json,snapshot;day_1,情绪PCR解读,Sentiment PCR Interpretation,Volume PCR水平的文字解读,,false,[],UUS,"STANDARD_SNAPSHOT,STANDARD_SERIES_TIME_RANGE_ALL"
opt_sentiment_l1_volume_pcr_weight|情绪PCR权重|Sentiment PCR Weight,security,metric_lookup,series,market_code,opt_sentiment_l1_volume_pcr_weight,opt_sentiment_l1_volume_pcr_weight,{},"{""type"":""end_count"",""end_time"":0,""count"":30,""time_period"":""day_1"",""supported_types"":[""begin_end"",""end_count""]}",series-etf-30d.json,snapshot;day_1,情绪PCR权重,Sentiment PCR Weight,Volume PCR在情绪柱中的权重,,false,[],UUS,"STANDARD_SNAPSHOT,STANDARD_SERIES_TIME_RANGE_ALL"
opt_sentiment_l1_volume_skew|成交量偏度|Volume Skew,security,metric_lookup,series,market_code,opt_sentiment_l1_volume_skew,opt_sentiment_l1_volume_skew,{},"{""type"":""end_count"",""end_time"":0,""count"":30,""time_period"":""day_1"",""supported_types"":[""begin_end"",""end_count""]}",series-etf-30d.json,snapshot;day_1,成交量偏度,Volume Skew,看涨和看跌期权成交量的偏度。正值=看涨偏向,,false,[],UUS,"STANDARD_SNAPSHOT,STANDARD_SERIES_TIME_RANGE_ALL"
opt_sentiment_l1_volume_pcr_score|情绪PCR子评分|Sentiment PCR Sub-score,security,metric_lookup,series,market_code,opt_sentiment_l1_volume_pcr_score,opt_sentiment_l1_volume_pcr_score,{},"{""type"":""end_count"",""end_time"":0,""count"":30,""time_period"":""day_1"",""supported_types"":[""begin_end"",""end_count""]}",series-etf-30d.json,snapshot;day_1,情绪PCR子评分,Sentiment PCR Sub-score,Volume PCR的子评分（0-10）,,false,[],UUS,"STANDARD_SNAPSHOT,STANDARD_SERIES_TIME_RANGE_ALL"
opt_sentiment_l1_oi_skew_interpretation|持仓量偏度解读|OI Skew Interpretation,security,metric_lookup,series,market_code,opt_sentiment_l1_oi_skew_interpretation,opt_sentiment_l1_oi_skew_interpretation,{},"{""type"":""end_count"",""end_time"":0,""count"":30,""time_period"":""day_1"",""supported_types"":[""begin_end"",""end_count""]}",series-etf-30d.json,snapshot;day_1,持仓量偏度解读,OI Skew Interpretation,AInvest期权评分系统指标,,false,[],UUS,"STANDARD_SNAPSHOT,STANDARD_SERIES_TIME_RANGE_ALL"
opt_sentiment_l1_smart_money_interpretation|聪明钱解读|Smart Money Interpretation,security,metric_lookup,series,market_code,opt_sentiment_l1_smart_money_interpretation,opt_sentiment_l1_smart_money_interpretation,{},"{""type"":""end_count"",""end_time"":0,""count"":30,""time_period"":""day_1"",""supported_types"":[""begin_end"",""end_count""]}",series-etf-30d.json,snapshot;day_1,聪明钱解读,Smart Money Interpretation,AInvest期权评分系统指标,,false,[],UUS,"STANDARD_SNAPSHOT,STANDARD_SERIES_TIME_RANGE_ALL"
opt_sentiment_chk_total_count|情绪检查总数|Sentiment Checks Total Count,security,metric_lookup,series,market_code,opt_sentiment_chk_total_count,opt_sentiment_chk_total_count,{},"{""type"":""end_count"",""end_time"":0,""count"":30,""time_period"":""day_1"",""supported_types"":[""begin_end"",""end_count""]}",series-etf-30d.json,snapshot;day_1,情绪检查总数,Sentiment Checks Total Count,Sentiment维度的子检查总数,,false,[],UUS,"STANDARD_SNAPSHOT,STANDARD_SERIES_TIME_RANGE_ALL"
opt_sentiment_chk_volume_oi_alignment|成交量OI一致检查|Volume-OI Alignment Check,security,metric_lookup,series,market_code,opt_sentiment_chk_volume_oi_alignment,opt_sentiment_chk_volume_oi_alignment,{},"{""type"":""end_count"",""end_time"":0,""count"":30,""time_period"":""day_1"",""supported_types"":[""begin_end"",""end_count""]}",series-etf-30d.json,snapshot;day_1,成交量OI一致检查,Volume-OI Alignment Check,方向一致且|vol skew| ≥10%,,false,[],UUS,"STANDARD_SNAPSHOT,STANDARD_SERIES_TIME_RANGE_ALL"
opt_sentiment_chk_smart_money_flow|聪明资金流检查|Smart Money Flow Check,security,metric_lookup,series,market_code,opt_sentiment_chk_smart_money_flow,opt_sentiment_chk_smart_money_flow,{},"{""type"":""end_count"",""end_time"":0,""count"":30,""time_period"":""day_1"",""supported_types"":[""begin_end"",""end_count""]}",series-etf-30d.json,snapshot;day_1,聪明资金流检查,Smart Money Flow Check,|加权流向| ≥20%,,false,[],UUS,"STANDARD_SNAPSHOT,STANDARD_SERIES_TIME_RANGE_ALL"
opt_sentiment_l1_oi_skew_score|情绪OI偏度子评分|Sentiment OI Skew Sub-score,security,metric_lookup,series,market_code,opt_sentiment_l1_oi_skew_score,opt_sentiment_l1_oi_skew_score,{},"{""type"":""end_count"",""end_time"":0,""count"":30,""time_period"":""day_1"",""supported_types"":[""begin_end"",""end_count""]}",series-etf-30d.json,snapshot;day_1,情绪OI偏度子评分,Sentiment OI Skew Sub-score,OI Skew的子评分（0-10）,,false,[],UUS,"STANDARD_SNAPSHOT,STANDARD_SERIES_TIME_RANGE_ALL"
opt_sentiment_l1_smart_money_score|情绪聪明资金子评分|Sentiment Smart Money Sub-score,security,metric_lookup,series,market_code,opt_sentiment_l1_smart_money_score,opt_sentiment_l1_smart_money_score,{},"{""type"":""end_count"",""end_time"":0,""count"":30,""time_period"":""day_1"",""supported_types"":[""begin_end"",""end_count""]}",series-etf-30d.json,snapshot;day_1,情绪聪明资金子评分,Sentiment Smart Money Sub-score,Smart Money Indicator的子评分（0-10）,,false,[],UUS,"STANDARD_SNAPSHOT,STANDARD_SERIES_TIME_RANGE_ALL"
opt_sentiment_directional_score|方向性评分|Directional Score,security,metric_lookup,series,market_code,opt_sentiment_directional_score,opt_sentiment_directional_score,{},"{""type"":""end_count"",""end_time"":0,""count"":30,""time_period"":""day_1"",""supported_types"":[""begin_end"",""end_count""]}",series-etf-30d.json,snapshot;day_1,方向性评分,Directional Score,"情绪方向性得分（0=极端看跌, 5=中性, 10=极端看涨）",,false,[],UUS,"STANDARD_SNAPSHOT,STANDARD_SERIES_TIME_RANGE_ALL"
opt_sentiment_has_opra_flow|是否有OPRA流向|Has OPRA Flow,security,metric_lookup,series,market_code,opt_sentiment_has_opra_flow,opt_sentiment_has_opra_flow,{},"{""type"":""end_count"",""end_time"":0,""count"":30,""time_period"":""day_1"",""supported_types"":[""begin_end"",""end_count""]}",series-etf-30d.json,snapshot;day_1,是否有OPRA流向,Has OPRA Flow,该标的是否有OPRA逐笔成交流向数据,,false,[],UUS,"STANDARD_SNAPSHOT,STANDARD_SERIES_TIME_RANGE_ALL"
opt_sentiment_l1_smart_money|聪明资金指标|Smart Money Indicator,security,metric_lookup,series,market_code,opt_sentiment_l1_smart_money,opt_sentiment_l1_smart_money,{},"{""type"":""end_count"",""end_time"":0,""count"":30,""time_period"":""day_1"",""supported_types"":[""begin_end"",""end_count""]}",series-etf-30d.json,snapshot;day_1,聪明资金指标,Smart Money Indicator,基于大单交易、ITM活跃度和sweep检测的机构资金流向指标,,false,[],UUS,"STANDARD_SNAPSHOT,STANDARD_SERIES_TIME_RANGE_ALL"
opt_sentiment_l1_oi_skew|持仓量偏度|OI Skew,security,metric_lookup,series,market_code,opt_sentiment_l1_oi_skew,opt_sentiment_l1_oi_skew,{},"{""type"":""end_count"",""end_time"":0,""count"":30,""time_period"":""day_1"",""supported_types"":[""begin_end"",""end_count""]}",series-etf-30d.json,snapshot;day_1,持仓量偏度,OI Skew,看涨和看跌期权持仓量的偏度。正值=看涨偏向,,false,[],UUS,"STANDARD_SNAPSHOT,STANDARD_SERIES_TIME_RANGE_ALL"
opt_sentiment_detail|情绪柱详情|Sentiment Pillar Detail,security,metric_lookup,series,market_code,opt_sentiment_detail,opt_sentiment_detail,{},"{""type"":""end_count"",""end_time"":0,""count"":30,""time_period"":""day_1"",""supported_types"":[""begin_end"",""end_count""]}",series-etf-30d.json,snapshot;day_1,情绪柱详情,Sentiment Pillar Detail,Sentiment维度的详细描述文本,,false,[],UUS,"STANDARD_SNAPSHOT,STANDARD_SERIES_TIME_RANGE_ALL"
opt_liquidity_l2_oi_distribution|持仓分布|OI Distribution,security,metric_lookup,series,market_code,opt_liquidity_l2_oi_distribution,opt_liquidity_l2_oi_distribution,{},"{""type"":""end_count"",""end_time"":0,""count"":30,""time_period"":""day_1"",""supported_types"":[""begin_end"",""end_count""]}",series-etf-30d.json,snapshot;day_1,持仓分布,OI Distribution,按行权价范围的OI分布,,false,[],UUS,"STANDARD_SNAPSHOT,STANDARD_SERIES_TIME_RANGE_ALL"
opt_liquidity_l3_slippage_estimates|滑点估算|Slippage Estimates,security,metric_lookup,series,market_code,opt_liquidity_l3_slippage_estimates,opt_liquidity_l3_slippage_estimates,{},"{""type"":""end_count"",""end_time"":0,""count"":30,""time_period"":""day_1"",""supported_types"":[""begin_end"",""end_count""]}",series-etf-30d.json,snapshot;day_1,滑点估算,Slippage Estimates,不同下单规模的预估滑点,,false,[],UUS,"STANDARD_SNAPSHOT,STANDARD_SERIES_TIME_RANGE_ALL"
opt_liquidity_l2_spreads_by_dte|按到期价差|Spreads by DTE,security,metric_lookup,series,market_code,opt_liquidity_l2_spreads_by_dte,opt_liquidity_l2_spreads_by_dte,{},"{""type"":""end_count"",""end_time"":0,""count"":30,""time_period"":""day_1"",""supported_types"":[""begin_end"",""end_count""]}",series-etf-30d.json,snapshot;day_1,按到期价差,Spreads by DTE,不同到期日的买卖价差分布,,false,[],UUS,"STANDARD_SNAPSHOT,STANDARD_SERIES_TIME_RANGE_ALL"
opt_liquidity_l2_execution_quality|执行质量分析|Execution Quality,security,metric_lookup,series,market_code,opt_liquidity_l2_execution_quality,opt_liquidity_l2_execution_quality,{},"{""type"":""end_count"",""end_time"":0,""count"":30,""time_period"":""day_1"",""supported_types"":[""begin_end"",""end_count""]}",series-etf-30d.json,snapshot;day_1,执行质量分析,Execution Quality,预估的执行质量指标,,false,[],UUS,"STANDARD_SNAPSHOT,STANDARD_SERIES_TIME_RANGE_ALL"
opt_liquidity_l2_spreads_by_delta|按Delta价差|Spreads by Delta,security,metric_lookup,series,market_code,opt_liquidity_l2_spreads_by_delta,opt_liquidity_l2_spreads_by_delta,{},"{""type"":""end_count"",""end_time"":0,""count"":30,""time_period"":""day_1"",""supported_types"":[""begin_end"",""end_count""]}",series-etf-30d.json,snapshot;day_1,按Delta价差,Spreads by Delta,不同delta水平的买卖价差分布,,false,[],UUS,"STANDARD_SNAPSHOT,STANDARD_SERIES_TIME_RANGE_ALL"
opt_sentiment_chk_pass_count|情绪检查通过数|Sentiment Checks Passed Count,security,metric_lookup,series,market_code,opt_sentiment_chk_pass_count,opt_sentiment_chk_pass_count,{},"{""type"":""end_count"",""end_time"":0,""count"":30,""time_period"":""day_1"",""supported_types"":[""begin_end"",""end_count""]}",series-etf-30d.json,snapshot;day_1,情绪检查通过数,Sentiment Checks Passed Count,Sentiment维度通过的子检查数量,,false,[],UUS,"STANDARD_SNAPSHOT,STANDARD_SERIES_TIME_RANGE_ALL"
opt_sentiment_chk_direction|情绪检查方向|Sentiment Checks Direction,security,metric_lookup,series,market_code,opt_sentiment_chk_direction,opt_sentiment_chk_direction,{},"{""type"":""end_count"",""end_time"":0,""count"":30,""time_period"":""day_1"",""supported_types"":[""begin_end"",""end_count""]}",series-etf-30d.json,snapshot;day_1,情绪检查方向,Sentiment Checks Direction,情绪检查得出的方向判断,,false,[],UUS,"STANDARD_SNAPSHOT,STANDARD_SERIES_TIME_RANGE_ALL"
opt_sentiment_chk_sector_relative|行业相对情绪检查|Sector Relative Sentiment Check,security,metric_lookup,series,market_code,opt_sentiment_chk_sector_relative,opt_sentiment_chk_sector_relative,{},"{""type"":""end_count"",""end_time"":0,""count"":30,""time_period"":""day_1"",""supported_types"":[""begin_end"",""end_count""]}",series-etf-30d.json,snapshot;day_1,行业相对情绪检查,Sector Relative Sentiment Check,≤40%或≥60%分位,,false,[],UUS,"STANDARD_SNAPSHOT,STANDARD_SERIES_TIME_RANGE_ALL"
opt_sentiment_chk_flow_direction|流向清晰度检查|Flow Direction Check,security,metric_lookup,series,market_code,opt_sentiment_chk_flow_direction,opt_sentiment_chk_flow_direction,{},"{""type"":""end_count"",""end_time"":0,""count"":30,""time_period"":""day_1"",""supported_types"":[""begin_end"",""end_count""]}",series-etf-30d.json,snapshot;day_1,流向清晰度检查,Flow Direction Check,|净情绪| ≥25%,,false,[],UUS,"STANDARD_SNAPSHOT,STANDARD_SERIES_TIME_RANGE_ALL"
opt_sentiment_chk_oi_momentum|OI动量检查|OI Momentum Check,security,metric_lookup,series,market_code,opt_sentiment_chk_oi_momentum,opt_sentiment_chk_oi_momentum,{},"{""type"":""end_count"",""end_time"":0,""count"":30,""time_period"":""day_1"",""supported_types"":[""begin_end"",""end_count""]}",series-etf-30d.json,snapshot;day_1,OI动量检查,OI Momentum Check,|5日OI变化| ≥3%,,false,[],UUS,"STANDARD_SNAPSHOT,STANDARD_SERIES_TIME_RANGE_ALL"
opt_sentiment_chk_conviction_quality|信念质量检查|Conviction Quality Check,security,metric_lookup,series,market_code,opt_sentiment_chk_conviction_quality,opt_sentiment_chk_conviction_quality,{},"{""type"":""end_count"",""end_time"":0,""count"":30,""time_period"":""day_1"",""supported_types"":[""begin_end"",""end_count""]}",series-etf-30d.json,snapshot;day_1,信念质量检查,Conviction Quality Check,≥2/3条件满足,,false,[],UUS,"STANDARD_SNAPSHOT,STANDARD_SERIES_TIME_RANGE_ALL"
opt_sentiment_chk_oi_skew_magnitude|OI偏度显著检查|OI Skew Magnitude Check,security,metric_lookup,series,market_code,opt_sentiment_chk_oi_skew_magnitude,opt_sentiment_chk_oi_skew_magnitude,{},"{""type"":""end_count"",""end_time"":0,""count"":30,""time_period"":""day_1"",""supported_types"":[""begin_end"",""end_count""]}",series-etf-30d.json,snapshot;day_1,OI偏度显著检查,OI Skew Magnitude Check,|OI skew| ≥15%,,false,[],UUS,"STANDARD_SNAPSHOT,STANDARD_SERIES_TIME_RANGE_ALL"
opt_liquidity_status|流动性柱状态|Liquidity Pillar Status,security,metric_lookup,series,market_code,opt_liquidity_status,opt_liquidity_status,{},"{""type"":""end_count"",""end_time"":0,""count"":30,""time_period"":""day_1"",""supported_types"":[""begin_end"",""end_count""]}",series-etf-30d.json,snapshot;day_1,流动性柱状态,Liquidity Pillar Status,Liquidity维度的状态判断结果,,false,[],UUS,"STANDARD_SNAPSHOT,STANDARD_SERIES_TIME_RANGE_ALL"
opt_liquidity_summary|流动性柱摘要|Liquidity Pillar Summary,security,metric_lookup,series,market_code,opt_liquidity_summary,opt_liquidity_summary,{},"{""type"":""end_count"",""end_time"":0,""count"":30,""time_period"":""day_1"",""supported_types"":[""begin_end"",""end_count""]}",series-etf-30d.json,snapshot;day_1,流动性柱摘要,Liquidity Pillar Summary,Liquidity维度的一句话摘要,,false,[],UUS,"STANDARD_SNAPSHOT,STANDARD_SERIES_TIME_RANGE_ALL"
opt_liquidity_l1_total_oi_interpretation|总持仓量解读|Total OI Interpretation,security,metric_lookup,series,market_code,opt_liquidity_l1_total_oi_interpretation,opt_liquidity_l1_total_oi_interpretation,{},"{""type"":""end_count"",""end_time"":0,""count"":30,""time_period"":""day_1"",""supported_types"":[""begin_end"",""end_count""]}",series-etf-30d.json,snapshot;day_1,总持仓量解读,Total OI Interpretation,AInvest期权评分系统指标,,false,[],UUS,"STANDARD_SNAPSHOT,STANDARD_SERIES_TIME_RANGE_ALL"
opt_liquidity_l1_daily_volume_interpretation|日成交量解读|Daily Volume Interpretation,security,metric_lookup,series,market_code,opt_liquidity_l1_daily_volume_interpretation,opt_liquidity_l1_daily_volume_interpretation,{},"{""type"":""end_count"",""end_time"":0,""count"":30,""time_period"":""day_1"",""supported_types"":[""begin_end"",""end_count""]}",series-etf-30d.json,snapshot;day_1,日成交量解读,Daily Volume Interpretation,AInvest期权评分系统指标,,false,[],UUS,"STANDARD_SNAPSHOT,STANDARD_SERIES_TIME_RANGE_ALL"
opt_liquidity_l2_depth_analysis|深度分析|Depth Analysis,security,metric_lookup,series,market_code,opt_liquidity_l2_depth_analysis,opt_liquidity_l2_depth_analysis,{},"{""type"":""end_count"",""end_time"":0,""count"":30,""time_period"":""day_1"",""supported_types"":[""begin_end"",""end_count""]}",series-etf-30d.json,snapshot;day_1,深度分析,Depth Analysis,ATM级别的市场深度分析,,false,[],UUS,"STANDARD_SNAPSHOT,STANDARD_SERIES_TIME_RANGE_ALL"
opt_liquidity_chk_total_count|流动性检查总数|Liquidity Checks Total Count,security,metric_lookup,series,market_code,opt_liquidity_chk_total_count,opt_liquidity_chk_total_count,{},"{""type"":""end_count"",""end_time"":0,""count"":30,""time_period"":""day_1"",""supported_types"":[""begin_end"",""end_count""]}",series-etf-30d.json,snapshot;day_1,流动性检查总数,Liquidity Checks Total Count,Liquidity维度的子检查总数,,false,[],UUS,"STANDARD_SNAPSHOT,STANDARD_SERIES_TIME_RANGE_ALL"
opt_liquidity_chk_sector_relative|行业相对流动检查|Sector Relative Liquidity Check,security,metric_lookup,series,market_code,opt_liquidity_chk_sector_relative,opt_liquidity_chk_sector_relative,{},"{""type"":""end_count"",""end_time"":0,""count"":30,""time_period"":""day_1"",""supported_types"":[""begin_end"",""end_count""]}",series-etf-30d.json,snapshot;day_1,行业相对流动检查,Sector Relative Liquidity Check,≤40%分位(更紧),,false,[],UUS,"STANDARD_SNAPSHOT,STANDARD_SERIES_TIME_RANGE_ALL"
opt_liquidity_chk_tradeable_spread|可交易价差检查|Tradeable Spread Check,security,metric_lookup,series,market_code,opt_liquidity_chk_tradeable_spread,opt_liquidity_chk_tradeable_spread,{},"{""type"":""end_count"",""end_time"":0,""count"":30,""time_period"":""day_1"",""supported_types"":[""begin_end"",""end_count""]}",series-etf-30d.json,snapshot;day_1,可交易价差检查,Tradeable Spread Check,价差 ≤5.0%,,false,[],UUS,"STANDARD_SNAPSHOT,STANDARD_SERIES_TIME_RANGE_ALL"
opt_liquidity_chk_strike_coverage|行权价覆盖检查|Strike Coverage Check,security,metric_lookup,series,market_code,opt_liquidity_chk_strike_coverage,opt_liquidity_chk_strike_coverage,{},"{""type"":""end_count"",""end_time"":0,""count"":30,""time_period"":""day_1"",""supported_types"":[""begin_end"",""end_count""]}",series-etf-30d.json,snapshot;day_1,行权价覆盖检查,Strike Coverage Check,≥5个活跃行权价,,false,[],UUS,"STANDARD_SNAPSHOT,STANDARD_SERIES_TIME_RANGE_ALL"
opt_liquidity_l1_total_oi_score|流动性总持仓量子评分|Liquidity Total OI Sub-score,security,metric_lookup,series,market_code,opt_liquidity_l1_total_oi_score,opt_liquidity_l1_total_oi_score,{},"{""type"":""end_count"",""end_time"":0,""count"":30,""time_period"":""day_1"",""supported_types"":[""begin_end"",""end_count""]}",series-etf-30d.json,snapshot;day_1,流动性总持仓量子评分,Liquidity Total OI Sub-score,Total OI的子评分（0-10）,,false,[],UUS,"STANDARD_SNAPSHOT,STANDARD_SERIES_TIME_RANGE_ALL"
opt_liquidity_l1_atm_spread_score|流动性ATM价差子评分|Liquidity ATM Spread Sub-score,security,metric_lookup,series,market_code,opt_liquidity_l1_atm_spread_score,opt_liquidity_l1_atm_spread_score,{},"{""type"":""end_count"",""end_time"":0,""count"":30,""time_period"":""day_1"",""supported_types"":[""begin_end"",""end_count""]}",series-etf-30d.json,snapshot;day_1,流动性ATM价差子评分,Liquidity ATM Spread Sub-score,ATM Spread的子评分（0-10）,,false,[],UUS,"STANDARD_SNAPSHOT,STANDARD_SERIES_TIME_RANGE_ALL"
opt_liquidity_detail|流动性柱详情|Liquidity Pillar Detail,security,metric_lookup,series,market_code,opt_liquidity_detail,opt_liquidity_detail,{},"{""type"":""end_count"",""end_time"":0,""count"":30,""time_period"":""day_1"",""supported_types"":[""begin_end"",""end_count""]}",series-etf-30d.json,snapshot;day_1,流动性柱详情,Liquidity Pillar Detail,Liquidity维度的详细描述文本,,false,[],UUS,"STANDARD_SNAPSHOT,STANDARD_SERIES_TIME_RANGE_ALL"
opt_liquidity_l1_daily_volume_score|流动性日成交量子评分|Liquidity Daily Volume Sub-score,security,metric_lookup,series,market_code,opt_liquidity_l1_daily_volume_score,opt_liquidity_l1_daily_volume_score,{},"{""type"":""end_count"",""end_time"":0,""count"":30,""time_period"":""day_1"",""supported_types"":[""begin_end"",""end_count""]}",series-etf-30d.json,snapshot;day_1,流动性日成交量子评分,Liquidity Daily Volume Sub-score,Daily Volume的子评分（0-10）,,false,[],UUS,"STANDARD_SNAPSHOT,STANDARD_SERIES_TIME_RANGE_ALL"
opt_activity_l3_volume_percentile|成交量百分位|Volume Percentile,security,metric_lookup,series,market_code,opt_activity_l3_volume_percentile,opt_activity_l3_volume_percentile,{},"{""type"":""end_count"",""end_time"":0,""count"":30,""time_period"":""day_1"",""supported_types"":[""begin_end"",""end_count""]}",series-etf-30d.json,snapshot;day_1,成交量百分位,Volume Percentile,今日成交量在252个交易日中的百分位排名,,false,[],UUS,"STANDARD_SNAPSHOT,STANDARD_SERIES_TIME_RANGE_ALL"
opt_activity_l3_unusual_flags|异常标记|Unusual Flags,security,metric_lookup,series,market_code,opt_activity_l3_unusual_flags,opt_activity_l3_unusual_flags,{},"{""type"":""end_count"",""end_time"":0,""count"":30,""time_period"":""day_1"",""supported_types"":[""begin_end"",""end_count""]}",series-etf-30d.json,snapshot;day_1,异常标记,Unusual Flags,各类异常活动的布尔标记,,false,[],UUS,"STANDARD_SNAPSHOT,STANDARD_SERIES_TIME_RANGE_ALL"
opt_activity_l3_unusual_trades|异常交易列表|Unusual Trades,security,metric_lookup,series,market_code,opt_activity_l3_unusual_trades,opt_activity_l3_unusual_trades,{},"{""type"":""end_count"",""end_time"":0,""count"":30,""time_period"":""day_1"",""supported_types"":[""begin_end"",""end_count""]}",series-etf-30d.json,snapshot;day_1,异常交易列表,Unusual Trades,检测到的异常期权交易列表,,false,[],UUS,"STANDARD_SNAPSHOT,STANDARD_SERIES_TIME_RANGE_ALL"
opt_insights_warnings|风险警告|Warnings,security,metric_lookup,series,market_code,opt_insights_warnings,opt_insights_warnings,{},"{""type"":""end_count"",""end_time"":0,""count"":30,""time_period"":""day_1"",""supported_types"":[""begin_end"",""end_count""]}",series-etf-30d.json,snapshot;day_1,风险警告,Warnings,当前期权交易的风险警告,,false,[],UUS,"STANDARD_SNAPSHOT,STANDARD_SERIES_TIME_RANGE_ALL"
opt_liquidity_chk_pass_count|流动性检查通过数|Liquidity Checks Passed Count,security,metric_lookup,series,market_code,opt_liquidity_chk_pass_count,opt_liquidity_chk_pass_count,{},"{""type"":""end_count"",""end_time"":0,""count"":30,""time_period"":""day_1"",""supported_types"":[""begin_end"",""end_count""]}",series-etf-30d.json,snapshot;day_1,流动性检查通过数,Liquidity Checks Passed Count,Liquidity维度通过的子检查数量,,false,[],UUS,"STANDARD_SNAPSHOT,STANDARD_SERIES_TIME_RANGE_ALL"
opt_insights_opportunities|机会提示|Opportunities,security,metric_lookup,series,market_code,opt_insights_opportunities,opt_insights_opportunities,{},"{""type"":""end_count"",""end_time"":0,""count"":30,""time_period"":""day_1"",""supported_types"":[""begin_end"",""end_count""]}",series-etf-30d.json,snapshot;day_1,机会提示,Opportunities,当前期权交易的机会提示,,false,[],UUS,"STANDARD_SNAPSHOT,STANDARD_SERIES_TIME_RANGE_ALL"
opt_insights_key_signals|关键信号|Key Signals,security,metric_lookup,series,market_code,opt_insights_key_signals,opt_insights_key_signals,{},"{""type"":""end_count"",""end_time"":0,""count"":30,""time_period"":""day_1"",""supported_types"":[""begin_end"",""end_count""]}",series-etf-30d.json,snapshot;day_1,关键信号,Key Signals,当前期权数据中的关键信号摘要,,false,[],UUS,"STANDARD_SNAPSHOT,STANDARD_SERIES_TIME_RANGE_ALL"
opt_liquidity_chk_adequate_oi|持仓充足检查|Adequate OI Check,security,metric_lookup,series,market_code,opt_liquidity_chk_adequate_oi,opt_liquidity_chk_adequate_oi,{},"{""type"":""end_count"",""end_time"":0,""count"":30,""time_period"":""day_1"",""supported_types"":[""begin_end"",""end_count""]}",series-etf-30d.json,snapshot;day_1,持仓充足检查,Adequate OI Check,"OI ≥10,000",,false,[],UUS,"STANDARD_SNAPSHOT,STANDARD_SERIES_TIME_RANGE_ALL"
opt_liquidity_chk_execution_quality|执行质量检查|Execution Quality Check,security,metric_lookup,series,market_code,opt_liquidity_chk_execution_quality,opt_liquidity_chk_execution_quality,{},"{""type"":""end_count"",""end_time"":0,""count"":30,""time_period"":""day_1"",""supported_types"":[""begin_end"",""end_count""]}",series-etf-30d.json,snapshot;day_1,执行质量检查,Execution Quality Check,滑点 <1.0%,,false,[],UUS,"STANDARD_SNAPSHOT,STANDARD_SERIES_TIME_RANGE_ALL"
opt_liquidity_chk_reasonable_cost|合理成本检查|Reasonable Cost Check,security,metric_lookup,series,market_code,opt_liquidity_chk_reasonable_cost,opt_liquidity_chk_reasonable_cost,{},"{""type"":""end_count"",""end_time"":0,""count"":30,""time_period"":""day_1"",""supported_types"":[""begin_end"",""end_count""]}",series-etf-30d.json,snapshot;day_1,合理成本检查,Reasonable Cost Check,美元价差 ≤$0.50,,false,[],UUS,"STANDARD_SNAPSHOT,STANDARD_SERIES_TIME_RANGE_ALL"
opt_liquidity_chk_order_book_depth|订单簿深度检查|Order Book Depth Check,security,metric_lookup,series,market_code,opt_liquidity_chk_order_book_depth,opt_liquidity_chk_order_book_depth,{},"{""type"":""end_count"",""end_time"":0,""count"":30,""time_period"":""day_1"",""supported_types"":[""begin_end"",""end_count""]}",series-etf-30d.json,snapshot;day_1,订单簿深度检查,Order Book Depth Check,ATM ≥100张,,false,[],UUS,"STANDARD_SNAPSHOT,STANDARD_SERIES_TIME_RANGE_ALL"
opt_liquidity_chk_active_volume|活跃成交检查|Active Volume Check,security,metric_lookup,series,market_code,opt_liquidity_chk_active_volume,opt_liquidity_chk_active_volume,{},"{""type"":""end_count"",""end_time"":0,""count"":30,""time_period"":""day_1"",""supported_types"":[""begin_end"",""end_count""]}",series-etf-30d.json,snapshot;day_1,活跃成交检查,Active Volume Check,日成交 ≥500,,false,[],UUS,"STANDARD_SNAPSHOT,STANDARD_SERIES_TIME_RANGE_ALL"
opt_activity_summary|活跃度柱摘要|Activity Pillar Summary,security,metric_lookup,series,market_code,opt_activity_summary,opt_activity_summary,{},"{""type"":""end_count"",""end_time"":0,""count"":30,""time_period"":""day_1"",""supported_types"":[""begin_end"",""end_count""]}",series-etf-30d.json,snapshot;day_1,活跃度柱摘要,Activity Pillar Summary,Activity维度的一句话摘要,,false,[],UUS,"STANDARD_SNAPSHOT,STANDARD_SERIES_TIME_RANGE_ALL"
opt_activity_l2_trade_analysis|交易分析|Trade Analysis,security,metric_lookup,series,market_code,opt_activity_l2_trade_analysis,opt_activity_l2_trade_analysis,{},"{""type"":""end_count"",""end_time"":0,""count"":30,""time_period"":""day_1"",""supported_types"":[""begin_end"",""end_count""]}",series-etf-30d.json,snapshot;day_1,交易分析,Trade Analysis,交易规模和类型的统计分析,,false,[],UUS,"STANDARD_SNAPSHOT,STANDARD_SERIES_TIME_RANGE_ALL"
opt_activity_l2_volume_by_dte|按到期成交量|Volume by DTE,security,metric_lookup,series,market_code,opt_activity_l2_volume_by_dte,opt_activity_l2_volume_by_dte,{},"{""type"":""end_count"",""end_time"":0,""count"":30,""time_period"":""day_1"",""supported_types"":[""begin_end"",""end_count""]}",series-etf-30d.json,snapshot;day_1,按到期成交量,Volume by DTE,按DTE分桶的成交量分布,,false,[],UUS,"STANDARD_SNAPSHOT,STANDARD_SERIES_TIME_RANGE_ALL"
opt_activity_l2_volume_by_type|按类型成交量|Volume by Type,security,metric_lookup,series,market_code,opt_activity_l2_volume_by_type,opt_activity_l2_volume_by_type,{},"{""type"":""end_count"",""end_time"":0,""count"":30,""time_period"":""day_1"",""supported_types"":[""begin_end"",""end_count""]}",series-etf-30d.json,snapshot;day_1,按类型成交量,Volume by Type,按call/put分类的成交量，含与20日均量对比,,false,[],UUS,"STANDARD_SNAPSHOT,STANDARD_SERIES_TIME_RANGE_ALL"
opt_activity_l3_classification|活跃度分类|Activity Classification,security,metric_lookup,series,market_code,opt_activity_l3_classification,opt_activity_l3_classification,{},"{""type"":""end_count"",""end_time"":0,""count"":30,""time_period"":""day_1"",""supported_types"":[""begin_end"",""end_count""]}",series-etf-30d.json,snapshot;day_1,活跃度分类,Activity Classification,基于成交量水平的活跃度分类,,false,[],UUS,"STANDARD_SNAPSHOT,STANDARD_SERIES_TIME_RANGE_ALL"
opt_activity_l2_volume_by_moneyness|按价值状态成交量|Volume by Moneyness,security,metric_lookup,series,market_code,opt_activity_l2_volume_by_moneyness,opt_activity_l2_volume_by_moneyness,{},"{""type"":""end_count"",""end_time"":0,""count"":30,""time_period"":""day_1"",""supported_types"":[""begin_end"",""end_count""]}",series-etf-30d.json,snapshot;day_1,按价值状态成交量,Volume by Moneyness,按ITM/ATM/OTM分类的成交量分布,,false,[],UUS,"STANDARD_SNAPSHOT,STANDARD_SERIES_TIME_RANGE_ALL"
opt_activity_l2_oi_changes|持仓变化|OI Changes,security,metric_lookup,series,market_code,opt_activity_l2_oi_changes,opt_activity_l2_oi_changes,{},"{""type"":""end_count"",""end_time"":0,""count"":30,""time_period"":""day_1"",""supported_types"":[""begin_end"",""end_count""]}",series-etf-30d.json,snapshot;day_1,持仓变化,OI Changes,5日OI变化的gainers和losers,,false,[],UUS,"STANDARD_SNAPSHOT,STANDARD_SERIES_TIME_RANGE_ALL"
opt_activity_l1_volume_surge_score|活跃度成交量激增子评分|Activity Volume Surge Sub-score,security,metric_lookup,series,market_code,opt_activity_l1_volume_surge_score,opt_activity_l1_volume_surge_score,{},"{""type"":""end_count"",""end_time"":0,""count"":30,""time_period"":""day_1"",""supported_types"":[""begin_end"",""end_count""]}",series-etf-30d.json,snapshot;day_1,活跃度成交量激增子评分,Activity Volume Surge Sub-score,Volume Surge的子评分（0-10）,,false,[],UUS,"STANDARD_SNAPSHOT,STANDARD_SERIES_TIME_RANGE_ALL"
opt_activity_l1_volume_to_oi|成交量/持仓比|Volume to OI Ratio,security,metric_lookup,series,market_code,opt_activity_l1_volume_to_oi,opt_activity_l1_volume_to_oi,{},"{""type"":""end_count"",""end_time"":0,""count"":30,""time_period"":""day_1"",""supported_types"":[""begin_end"",""end_count""]}",series-etf-30d.json,snapshot;day_1,成交量/持仓比,Volume to OI Ratio,日成交量与总持仓量的比值，反映换手率,,false,[],UUS,"STANDARD_SNAPSHOT,STANDARD_SERIES_TIME_RANGE_ALL"
opt_activity_l1_volume_to_oi_score|活跃度成交量/持仓子评分|Activity Volume to OI Sub-score,security,metric_lookup,series,market_code,opt_activity_l1_volume_to_oi_score,opt_activity_l1_volume_to_oi_score,{},"{""type"":""end_count"",""end_time"":0,""count"":30,""time_period"":""day_1"",""supported_types"":[""begin_end"",""end_count""]}",series-etf-30d.json,snapshot;day_1,活跃度成交量/持仓子评分,Activity Volume to OI Sub-score,Volume to OI的子评分（0-10）,,false,[],UUS,"STANDARD_SNAPSHOT,STANDARD_SERIES_TIME_RANGE_ALL"
opt_activity_l1_oi_change_nd_score|活跃度OI变化子评分|Activity OI Change Sub-score,security,metric_lookup,series,market_code,opt_activity_l1_oi_change_nd_score,opt_activity_l1_oi_change_nd_score,{},"{""type"":""end_count"",""end_time"":0,""count"":30,""time_period"":""day_1"",""supported_types"":[""begin_end"",""end_count""]}",series-etf-30d.json,snapshot;day_1,活跃度OI变化子评分,Activity OI Change Sub-score,OI Change的子评分（0-10）,,false,[],UUS,"STANDARD_SNAPSHOT,STANDARD_SERIES_TIME_RANGE_ALL"
opt_activity_chk_total_count|活跃度检查总数|Activity Checks Total Count,security,metric_lookup,series,market_code,opt_activity_chk_total_count,opt_activity_chk_total_count,{},"{""type"":""end_count"",""end_time"":0,""count"":30,""time_period"":""day_1"",""supported_types"":[""begin_end"",""end_count""]}",series-etf-30d.json,snapshot;day_1,活跃度检查总数,Activity Checks Total Count,Activity维度的子检查总数,,false,[],UUS,"STANDARD_SNAPSHOT,STANDARD_SERIES_TIME_RANGE_ALL"
opt_activity_chk_pass_count|活跃度检查通过数|Activity Checks Passed Count,security,metric_lookup,series,market_code,opt_activity_chk_pass_count,opt_activity_chk_pass_count,{},"{""type"":""end_count"",""end_time"":0,""count"":30,""time_period"":""day_1"",""supported_types"":[""begin_end"",""end_count""]}",series-etf-30d.json,snapshot;day_1,活跃度检查通过数,Activity Checks Passed Count,Activity维度通过的子检查数量,,false,[],UUS,"STANDARD_SNAPSHOT,STANDARD_SERIES_TIME_RANGE_ALL"
opt_activity_chk_sector_relative|行业相对活跃检查|Sector Relative Activity Check,security,metric_lookup,series,market_code,opt_activity_chk_sector_relative,opt_activity_chk_sector_relative,{},"{""type"":""end_count"",""end_time"":0,""count"":30,""time_period"":""day_1"",""supported_types"":[""begin_end"",""end_count""]}",series-etf-30d.json,snapshot;day_1,行业相对活跃检查,Sector Relative Activity Check,≥60%分位,,false,[],UUS,"STANDARD_SNAPSHOT,STANDARD_SERIES_TIME_RANGE_ALL"
opt_activity_chk_strike_concentration|行权价集中检查|Strike Concentration Check,security,metric_lookup,series,market_code,opt_activity_chk_strike_concentration,opt_activity_chk_strike_concentration,{},"{""type"":""end_count"",""end_time"":0,""count"":30,""time_period"":""day_1"",""supported_types"":[""begin_end"",""end_count""]}",series-etf-30d.json,snapshot;day_1,行权价集中检查,Strike Concentration Check,Top 3行权价 ≥60%,,false,[],UUS,"STANDARD_SNAPSHOT,STANDARD_SERIES_TIME_RANGE_ALL"
opt_activity_chk_multi_day_persistence|多日持续检查|Multi-Day Persistence Check,security,metric_lookup,series,market_code,opt_activity_chk_multi_day_persistence,opt_activity_chk_multi_day_persistence,{},"{""type"":""end_count"",""end_time"":0,""count"":30,""time_period"":""day_1"",""supported_types"":[""begin_end"",""end_count""]}",series-etf-30d.json,snapshot;day_1,多日持续检查,Multi-Day Persistence Check,≥2天持续放量,,false,[],UUS,"STANDARD_SNAPSHOT,STANDARD_SERIES_TIME_RANGE_ALL"
opt_activity_chk_trade_quality|交易质量检查|Trade Quality Check,security,metric_lookup,series,market_code,opt_activity_chk_trade_quality,opt_activity_chk_trade_quality,{},"{""type"":""end_count"",""end_time"":0,""count"":30,""time_period"":""day_1"",""supported_types"":[""begin_end"",""end_count""]}",series-etf-30d.json,snapshot;day_1,交易质量检查,Trade Quality Check,质量评分 ≥30%,,false,[],UUS,"STANDARD_SNAPSHOT,STANDARD_SERIES_TIME_RANGE_ALL"
opt_activity_chk_volume_surge|成交量激增检查|Volume Surge Check,security,metric_lookup,series,market_code,opt_activity_chk_volume_surge,opt_activity_chk_volume_surge,{},"{""type"":""end_count"",""end_time"":0,""count"":30,""time_period"":""day_1"",""supported_types"":[""begin_end"",""end_count""]}",series-etf-30d.json,snapshot;day_1,成交量激增检查,Volume Surge Check,成交量 ≥1.5x 20日均量,,false,[],UUS,"STANDARD_SNAPSHOT,STANDARD_SERIES_TIME_RANGE_ALL"
opt_activity_chk_turnover_rate|换手率检查|Turnover Rate Check,security,metric_lookup,series,market_code,opt_activity_chk_turnover_rate,opt_activity_chk_turnover_rate,{},"{""type"":""end_count"",""end_time"":0,""count"":30,""time_period"":""day_1"",""supported_types"":[""begin_end"",""end_count""]}",series-etf-30d.json,snapshot;day_1,换手率检查,Turnover Rate Check,Vol/OI ≥15%,,false,[],UUS,"STANDARD_SNAPSHOT,STANDARD_SERIES_TIME_RANGE_ALL"
opt_activity_chk_oi_build|OI增长检查|OI Build Check,security,metric_lookup,series,market_code,opt_activity_chk_oi_build,opt_activity_chk_oi_build,{},"{""type"":""end_count"",""end_time"":0,""count"":30,""time_period"":""day_1"",""supported_types"":[""begin_end"",""end_count""]}",series-etf-30d.json,snapshot;day_1,OI增长检查,OI Build Check,5日OI变化 ≥5%,,false,[],UUS,"STANDARD_SNAPSHOT,STANDARD_SERIES_TIME_RANGE_ALL"
opt_activity_l1_oi_change_nd|区间持仓变化率|N-Day OI Change %,security,metric_lookup,series,market_code,opt_activity_l1_oi_change_nd,opt_activity_l1_oi_change_nd,{},"{""type"":""end_count"",""end_time"":0,""count"":30,""time_period"":""day_1"",""supported_types"":[""begin_end"",""end_count""]}",series-etf-30d.json,snapshot;day_1,区间持仓变化率,N-Day OI Change %,过去n个交易日的持仓量变化百分比。正值=持仓增加（新建仓）,,false,[],UUS,"STANDARD_SNAPSHOT,STANDARD_SERIES_TIME_RANGE_ALL"
opt_activity_flow_quality_score|流向质量评分(柱级)|Flow Quality Score (Pillar),security,metric_lookup,series,market_code,opt_activity_flow_quality_score,opt_activity_flow_quality_score,{},"{""type"":""end_count"",""end_time"":0,""count"":30,""time_period"":""day_1"",""supported_types"":[""begin_end"",""end_count""]}",series-etf-30d.json,snapshot;day_1,流向质量评分(柱级),Flow Quality Score (Pillar),activity柱根级别的交易流向质量评分,,false,[],UUS,"STANDARD_SNAPSHOT,STANDARD_SERIES_TIME_RANGE_ALL"
opt_activity_days_elevated|连续放量天数|Days with Elevated Volume,security,metric_lookup,series,market_code,opt_activity_days_elevated,opt_activity_days_elevated,{},"{""type"":""end_count"",""end_time"":0,""count"":30,""time_period"":""day_1"",""supported_types"":[""begin_end"",""end_count""]}",series-etf-30d.json,snapshot;day_1,连续放量天数,Days with Elevated Volume,最近连续出现放量(>1.2x均量)的交易天数,,false,[],UUS,"STANDARD_SNAPSHOT,STANDARD_SERIES_TIME_RANGE_ALL"
opt_activity_detail|活跃度柱详情|Activity Pillar Detail,security,metric_lookup,series,market_code,opt_activity_detail,opt_activity_detail,{},"{""type"":""end_count"",""end_time"":0,""count"":30,""time_period"":""day_1"",""supported_types"":[""begin_end"",""end_count""]}",series-etf-30d.json,snapshot;day_1,活跃度柱详情,Activity Pillar Detail,Activity维度的详细描述文本,,false,[],UUS,"STANDARD_SNAPSHOT,STANDARD_SERIES_TIME_RANGE_ALL"
opt_activity_chk_flow_conviction|流向信念检查|Flow Conviction Check,security,metric_lookup,series,market_code,opt_activity_chk_flow_conviction,opt_activity_chk_flow_conviction,{},"{""type"":""end_count"",""end_time"":0,""count"":30,""time_period"":""day_1"",""supported_types"":[""begin_end"",""end_count""]}",series-etf-30d.json,snapshot;day_1,流向信念检查,Flow Conviction Check,信念度 ≥30,,false,[],UUS,"STANDARD_SNAPSHOT,STANDARD_SERIES_TIME_RANGE_ALL"
opt_activity_chk_execution_urgency|执行紧迫检查|Execution Urgency Check,security,metric_lookup,series,market_code,opt_activity_chk_execution_urgency,opt_activity_chk_execution_urgency,{},"{""type"":""end_count"",""end_time"":0,""count"":30,""time_period"":""day_1"",""supported_types"":[""begin_end"",""end_count""]}",series-etf-30d.json,snapshot;day_1,执行紧迫检查,Execution Urgency Check,紧迫度 ≥60%,,false,[],UUS,"STANDARD_SNAPSHOT,STANDARD_SERIES_TIME_RANGE_ALL"
4294967262|伍迪枢轴点|Woodie Pivot Points,security,metric_lookup,snapshot,market_code,4294967262,4294967262,"{""tech_param"":{""children"":[{""children"":null,""default_value"":""P"",""desc"":""输出指标"",""enum_options"":[{""label"":""P"",""value"":""P""},{""label"":""R1"",""value"":""R1""},{""label"":""S1"",""value"":""S1""},{""label"":""R2"",""value"":""R2""},{""label"":""S2"",""value"":""S2""},{""label"":""R3"",""value"":""R3""},{""label"":""S3"",""value"":""S3""}],""example"":""P"",""name"":""indicator_component"",""query_type"":""enum"",""required"":""1""}],""default"":null,""enum_options"":null,""example"":null,""name"":""tech_param"",""query_type"":""array"",""required"":""1"",""source"":""legacy""},""time_period"":{""children"":null,""default"":""day_1"",""enum_options"":[{""label"":""day_1"",""value"":""day_1""},{""label"":""week_1"",""value"":""week_1""},{""label"":""month_1"",""value"":""month_1""}],""example"":""day_1"",""name"":""time_period"",""query_type"":""enum"",""required"":""1"",""source"":""legacy""},""trade_class"":{""children"":null,""default"":""intraday"",""enum_options"":[{""label"":""盘前"",""value"":""pre_market""},{""label"":""盘中"",""value"":""intraday""},{""label"":""盘后"",""value"":""post_market""}],""example"":""intraday"",""name"":""trade_class"",""query_type"":""enum"",""required"":""1"",""source"":""legacy""}}",{},stock-detail.json,day_1;week_1;month_1,伍迪枢轴点,Woodie Pivot Points,**伍迪枢轴点 (Woodie‘s Pivots)**对经典枢轴点的变体。其主要区别在于：1）计算中心枢轴点（PP）时，给予前一日收盘价两倍的权重；2）计算出的支撑阻力位也用来预测当前交易日可能的开盘价区域。更关注价格的即时平衡点。,,false,"[""day_1"",""week_1"",""month_1""]","UUS,UBAX,UBAF",STANDARD_SNAPSHOT
4294967262|伍迪枢轴点|Woodie Pivot Points,security,metric_lookup,snapshot,market_code,4294967262,4294967262,"{""tech_param"":{""children"":[{""children"":null,""default_value"":""P"",""desc"":""输出指标"",""enum_options"":[{""label"":""P"",""value"":""P""},{""label"":""R1"",""value"":""R1""},{""label"":""S1"",""value"":""S1""},{""label"":""R2"",""value"":""R2""},{""label"":""S2"",""value"":""S2""},{""label"":""R3"",""value"":""R3""},{""label"":""S3"",""value"":""S3""}],""example"":""P"",""name"":""indicator_component"",""query_type"":""enum"",""required"":""1""}],""default"":null,""enum_options"":null,""example"":null,""name"":""tech_param"",""query_type"":""array"",""required"":""1"",""source"":""legacy""},""time_period"":{""children"":null,""default"":""day_1"",""enum_options"":[{""label"":""day_1"",""value"":""day_1""},{""label"":""week_1"",""value"":""week_1""},{""label"":""month_1"",""value"":""month_1""}],""example"":""day_1"",""name"":""time_period"",""query_type"":""enum"",""required"":""1"",""source"":""legacy""},""trade_class"":{""children"":null,""default"":""intraday"",""enum_options"":[{""label"":""盘前"",""value"":""pre_market""},{""label"":""盘中"",""value"":""intraday""},{""label"":""盘后"",""value"":""post_market""}],""example"":""intraday"",""name"":""trade_class"",""query_type"":""enum"",""required"":""1"",""source"":""legacy""}}",{},stock-detail.json,day_1;week_1;month_1,伍迪枢轴点,Woodie Pivot Points,**伍迪枢轴点 (Woodie‘s Pivots)**对经典枢轴点的变体。其主要区别在于：1）计算中心枢轴点（PP）时，给予前一日收盘价两倍的权重；2）计算出的支撑阻力位也用来预测当前交易日可能的开盘价区域。更关注价格的即时平衡点。,,false,"[""day_1"",""week_1"",""month_1""]","UUS,UBAX,UBAF",STANDARD_SNAPSHOT
4294967262|伍迪枢轴点|Woodie Pivot Points,security,metric_lookup,snapshot,market_code,4294967262,4294967262,"{""tech_param"":{""children"":[{""children"":null,""default_value"":""P"",""desc"":""输出指标"",""enum_options"":[{""label"":""P"",""value"":""P""},{""label"":""R1"",""value"":""R1""},{""label"":""S1"",""value"":""S1""},{""label"":""R2"",""value"":""R2""},{""label"":""S2"",""value"":""S2""},{""label"":""R3"",""value"":""R3""},{""label"":""S3"",""value"":""S3""}],""example"":""P"",""name"":""indicator_component"",""query_type"":""enum"",""required"":""1""}],""default"":null,""enum_options"":null,""example"":null,""name"":""tech_param"",""query_type"":""array"",""required"":""1"",""source"":""legacy""},""time_period"":{""children"":null,""default"":""day_1"",""enum_options"":[{""label"":""day_1"",""value"":""day_1""},{""label"":""week_1"",""value"":""week_1""},{""label"":""month_1"",""value"":""month_1""}],""example"":""day_1"",""name"":""time_period"",""query_type"":""enum"",""required"":""1"",""source"":""legacy""},""trade_class"":{""children"":null,""default"":""intraday"",""enum_options"":[{""label"":""盘前"",""value"":""pre_market""},{""label"":""盘中"",""value"":""intraday""},{""label"":""盘后"",""value"":""post_market""}],""example"":""intraday"",""name"":""trade_class"",""query_type"":""enum"",""required"":""1"",""source"":""legacy""}}",{},stock-detail.json,day_1;week_1;month_1,伍迪枢轴点,Woodie Pivot Points,**伍迪枢轴点 (Woodie‘s Pivots)**对经典枢轴点的变体。其主要区别在于：1）计算中心枢轴点（PP）时，给予前一日收盘价两倍的权重；2）计算出的支撑阻力位也用来预测当前交易日可能的开盘价区域。更关注价格的即时平衡点。,,false,"[""day_1"",""week_1"",""month_1""]","UUS,UBAX,UBAF",STANDARD_SNAPSHOT
4294967265|经典枢轴点|Classic Pivot,security,metric_lookup,snapshot,market_code,4294967265,4294967265,"{""tech_param"":{""children"":[{""children"":null,""default_value"":""P"",""desc"":""输出指标"",""enum_options"":[{""label"":""P"",""value"":""P""},{""label"":""R1"",""value"":""R1""},{""label"":""S1"",""value"":""S1""},{""label"":""R2"",""value"":""R2""},{""label"":""S2"",""value"":""S2""},{""label"":""R3"",""value"":""R3""},{""label"":""S3"",""value"":""S3""}],""example"":""P"",""name"":""indicator_component"",""query_type"":""enum"",""required"":""1""}],""default"":null,""enum_options"":null,""example"":null,""name"":""tech_param"",""query_type"":""array"",""required"":""1"",""source"":""legacy""},""time_period"":{""children"":null,""default"":""day_1"",""enum_options"":[{""label"":""day_1"",""value"":""day_1""},{""label"":""week_1"",""value"":""week_1""},{""label"":""month_1"",""value"":""month_1""}],""example"":""day_1"",""name"":""time_period"",""query_type"":""enum"",""required"":""1"",""source"":""legacy""},""trade_class"":{""children"":null,""default"":""intraday"",""enum_options"":[{""label"":""盘前"",""value"":""pre_market""},{""label"":""盘中"",""value"":""intraday""},{""label"":""盘后"",""value"":""post_market""}],""example"":""intraday"",""name"":""trade_class"",""query_type"":""enum"",""required"":""1"",""source"":""legacy""}}",{},stock-detail.json,day_1;week_1;month_1,经典枢轴点,Classic Pivot,"**经典枢轴点 (Classic Pivots)**最传统和广泛使用的枢轴点系统。首先计算出一个**中心枢轴点 (PP)**，然后以此为基础，通过前一交易日的价格范围（R=高-低）推算出多个支撑位（S1, S2...）和阻力位（R1, R2...）。",,false,"[""day_1"",""week_1"",""month_1""]","UUS,UBAX,UBAF",STANDARD_SNAPSHOT
4294967265|经典枢轴点|Classic Pivot,security,metric_lookup,snapshot,market_code,4294967265,4294967265,"{""tech_param"":{""children"":[{""children"":null,""default_value"":""P"",""desc"":""输出指标"",""enum_options"":[{""label"":""P"",""value"":""P""},{""label"":""R1"",""value"":""R1""},{""label"":""S1"",""value"":""S1""},{""label"":""R2"",""value"":""R2""},{""label"":""S2"",""value"":""S2""},{""label"":""R3"",""value"":""R3""},{""label"":""S3"",""value"":""S3""}],""example"":""P"",""name"":""indicator_component"",""query_type"":""enum"",""required"":""1""}],""default"":null,""enum_options"":null,""example"":null,""name"":""tech_param"",""query_type"":""array"",""required"":""1"",""source"":""legacy""},""time_period"":{""children"":null,""default"":""day_1"",""enum_options"":[{""label"":""day_1"",""value"":""day_1""},{""label"":""week_1"",""value"":""week_1""},{""label"":""month_1"",""value"":""month_1""}],""example"":""day_1"",""name"":""time_period"",""query_type"":""enum"",""required"":""1"",""source"":""legacy""},""trade_class"":{""children"":null,""default"":""intraday"",""enum_options"":[{""label"":""盘前"",""value"":""pre_market""},{""label"":""盘中"",""value"":""intraday""},{""label"":""盘后"",""value"":""post_market""}],""example"":""intraday"",""name"":""trade_class"",""query_type"":""enum"",""required"":""1"",""source"":""legacy""}}",{},stock-detail.json,day_1;week_1;month_1,经典枢轴点,Classic Pivot,"**经典枢轴点 (Classic Pivots)**最传统和广泛使用的枢轴点系统。首先计算出一个**中心枢轴点 (PP)**，然后以此为基础，通过前一交易日的价格范围（R=高-低）推算出多个支撑位（S1, S2...）和阻力位（R1, R2...）。",,false,"[""day_1"",""week_1"",""month_1""]","UUS,UBAX,UBAF",STANDARD_SNAPSHOT
4294967265|经典枢轴点|Classic Pivot,security,metric_lookup,snapshot,market_code,4294967265,4294967265,"{""tech_param"":{""children"":[{""children"":null,""default_value"":""P"",""desc"":""输出指标"",""enum_options"":[{""label"":""P"",""value"":""P""},{""label"":""R1"",""value"":""R1""},{""label"":""S1"",""value"":""S1""},{""label"":""R2"",""value"":""R2""},{""label"":""S2"",""value"":""S2""},{""label"":""R3"",""value"":""R3""},{""label"":""S3"",""value"":""S3""}],""example"":""P"",""name"":""indicator_component"",""query_type"":""enum"",""required"":""1""}],""default"":null,""enum_options"":null,""example"":null,""name"":""tech_param"",""query_type"":""array"",""required"":""1"",""source"":""legacy""},""time_period"":{""children"":null,""default"":""day_1"",""enum_options"":[{""label"":""day_1"",""value"":""day_1""},{""label"":""week_1"",""value"":""week_1""},{""label"":""month_1"",""value"":""month_1""}],""example"":""day_1"",""name"":""time_period"",""query_type"":""enum"",""required"":""1"",""source"":""legacy""},""trade_class"":{""children"":null,""default"":""intraday"",""enum_options"":[{""label"":""盘前"",""value"":""pre_market""},{""label"":""盘中"",""value"":""intraday""},{""label"":""盘后"",""value"":""post_market""}],""example"":""intraday"",""name"":""trade_class"",""query_type"":""enum"",""required"":""1"",""source"":""legacy""}}",{},stock-detail.json,day_1;week_1;month_1,经典枢轴点,Classic Pivot,"**经典枢轴点 (Classic Pivots)**最传统和广泛使用的枢轴点系统。首先计算出一个**中心枢轴点 (PP)**，然后以此为基础，通过前一交易日的价格范围（R=高-低）推算出多个支撑位（S1, S2...）和阻力位（R1, R2...）。",,false,"[""day_1"",""week_1"",""month_1""]","UUS,UBAX,UBAF",STANDARD_SNAPSHOT
4294967292|成交量加权平均价|Average Price Weighted by Volume,security,metric_lookup,snapshot,market_code,4294967292,4294967292,"{""tech_param"":{""children"":[{""children"":null,""default_value"":""VWAP"",""desc"":""输出指标"",""enum_options"":[{""label"":""VWAP"",""value"":""VWAP""},{""label"":""UpperBand"",""value"":""UpperBand""},{""label"":""LowerBand"",""value"":""LowerBand""}],""example"":""VWAP"",""name"":""indicator_component"",""query_type"":""enum"",""required"":""1""},{""children"":null,""default_value"":""1"",""desc"":"""",""enum_options"":[{""label"":""1"",""value"":""1""}],""example"":""1"",""name"":""Bands Multiplier"",""query_type"":""enum"",""required"":""0""}],""default"":null,""enum_options"":null,""example"":null,""name"":""tech_param"",""query_type"":""array"",""required"":""1"",""source"":""legacy""},""time_period"":{""children"":null,""default"":""day_1"",""enum_options"":[{""label"":""day_1"",""value"":""day_1""},{""label"":""week_1"",""value"":""week_1""},{""label"":""month_1"",""value"":""month_1""}],""example"":""day_1"",""name"":""time_period"",""query_type"":""enum"",""required"":""1"",""source"":""legacy""},""trade_class"":{""children"":null,""default"":""intraday"",""enum_options"":[{""label"":""盘前"",""value"":""pre_market""},{""label"":""盘中"",""value"":""intraday""},{""label"":""盘后"",""value"":""post_market""}],""example"":""intraday"",""name"":""trade_class"",""query_type"":""enum"",""required"":""1"",""source"":""legacy""}}",{},stock-detail.json,day_1;week_1;month_1,成交量加权平均价,Average Price Weighted by Volume,"**成交量加权平均价 (Volume Weighted Average Price, VWAP)**将交易量纳入计算的平均价格，计算公式为（每笔交易的价格 * 成交量）之和 / 总成交量。常用于日内交易，作为判断当前价格相对于全天平均交易成本是偏高还是偏低的基准。",,false,"[""day_1"",""week_1"",""month_1""]","UUS,UBAX,UBAF",STANDARD_SNAPSHOT
4294967292|成交量加权平均价|Average Price Weighted by Volume,security,metric_lookup,snapshot,market_code,4294967292,4294967292,"{""tech_param"":{""children"":[{""children"":null,""default_value"":""VWAP"",""desc"":""输出指标"",""enum_options"":[{""label"":""VWAP"",""value"":""VWAP""},{""label"":""UpperBand"",""value"":""UpperBand""},{""label"":""LowerBand"",""value"":""LowerBand""}],""example"":""VWAP"",""name"":""indicator_component"",""query_type"":""enum"",""required"":""1""},{""children"":null,""default_value"":""1"",""desc"":"""",""enum_options"":[{""label"":""1"",""value"":""1""}],""example"":""1"",""name"":""Bands Multiplier"",""query_type"":""enum"",""required"":""0""}],""default"":null,""enum_options"":null,""example"":null,""name"":""tech_param"",""query_type"":""array"",""required"":""1"",""source"":""legacy""},""time_period"":{""children"":null,""default"":""day_1"",""enum_options"":[{""label"":""day_1"",""value"":""day_1""},{""label"":""week_1"",""value"":""week_1""},{""label"":""month_1"",""value"":""month_1""}],""example"":""day_1"",""name"":""time_period"",""query_type"":""enum"",""required"":""1"",""source"":""legacy""},""trade_class"":{""children"":null,""default"":""intraday"",""enum_options"":[{""label"":""盘前"",""value"":""pre_market""},{""label"":""盘中"",""value"":""intraday""},{""label"":""盘后"",""value"":""post_market""}],""example"":""intraday"",""name"":""trade_class"",""query_type"":""enum"",""required"":""1"",""source"":""legacy""}}",{},stock-detail.json,day_1;week_1;month_1,成交量加权平均价,Average Price Weighted by Volume,"**成交量加权平均价 (Volume Weighted Average Price, VWAP)**将交易量纳入计算的平均价格，计算公式为（每笔交易的价格 * 成交量）之和 / 总成交量。常用于日内交易，作为判断当前价格相对于全天平均交易成本是偏高还是偏低的基准。",,false,"[""day_1"",""week_1"",""month_1""]","UUS,UBAX,UBAF",STANDARD_SNAPSHOT
4294967292|成交量加权平均价|Average Price Weighted by Volume,security,metric_lookup,snapshot,market_code,4294967292,4294967292,"{""tech_param"":{""children"":[{""children"":null,""default_value"":""VWAP"",""desc"":""输出指标"",""enum_options"":[{""label"":""VWAP"",""value"":""VWAP""},{""label"":""UpperBand"",""value"":""UpperBand""},{""label"":""LowerBand"",""value"":""LowerBand""}],""example"":""VWAP"",""name"":""indicator_component"",""query_type"":""enum"",""required"":""1""},{""children"":null,""default_value"":""1"",""desc"":"""",""enum_options"":[{""label"":""1"",""value"":""1""}],""example"":""1"",""name"":""Bands Multiplier"",""query_type"":""enum"",""required"":""0""}],""default"":null,""enum_options"":null,""example"":null,""name"":""tech_param"",""query_type"":""array"",""required"":""1"",""source"":""legacy""},""time_period"":{""children"":null,""default"":""day_1"",""enum_options"":[{""label"":""day_1"",""value"":""day_1""},{""label"":""week_1"",""value"":""week_1""},{""label"":""month_1"",""value"":""month_1""}],""example"":""day_1"",""name"":""time_period"",""query_type"":""enum"",""required"":""1"",""source"":""legacy""},""trade_class"":{""children"":null,""default"":""intraday"",""enum_options"":[{""label"":""盘前"",""value"":""pre_market""},{""label"":""盘中"",""value"":""intraday""},{""label"":""盘后"",""value"":""post_market""}],""example"":""intraday"",""name"":""trade_class"",""query_type"":""enum"",""required"":""1"",""source"":""legacy""}}",{},stock-detail.json,day_1;week_1;month_1,成交量加权平均价,Average Price Weighted by Volume,"**成交量加权平均价 (Volume Weighted Average Price, VWAP)**将交易量纳入计算的平均价格，计算公式为（每笔交易的价格 * 成交量）之和 / 总成交量。常用于日内交易，作为判断当前价格相对于全天平均交易成本是偏高还是偏低的基准。",,false,"[""day_1"",""week_1"",""month_1""]","UUS,UBAX,UBAF",STANDARD_SNAPSHOT
4294967264|德马克枢轴点|DeMark Pivots,security,metric_lookup,snapshot,market_code,4294967264,4294967264,"{""tech_param"":{""children"":[{""children"":null,""default_value"":""P"",""desc"":""输出指标"",""enum_options"":[{""label"":""P"",""value"":""P""},{""label"":""R1"",""value"":""R1""},{""label"":""S1"",""value"":""S1""}],""example"":""P"",""name"":""indicator_component"",""query_type"":""enum"",""required"":""1""}],""default"":null,""enum_options"":null,""example"":null,""name"":""tech_param"",""query_type"":""array"",""required"":""1"",""source"":""legacy""},""time_period"":{""children"":null,""default"":""day_1"",""enum_options"":[{""label"":""day_1"",""value"":""day_1""},{""label"":""week_1"",""value"":""week_1""},{""label"":""month_1"",""value"":""month_1""}],""example"":""day_1"",""name"":""time_period"",""query_type"":""enum"",""required"":""1"",""source"":""legacy""},""trade_class"":{""children"":null,""default"":""intraday"",""enum_options"":[{""label"":""盘前"",""value"":""pre_market""},{""label"":""盘中"",""value"":""intraday""},{""label"":""盘后"",""value"":""post_market""}],""example"":""intraday"",""name"":""trade_class"",""query_type"":""enum"",""required"":""1"",""source"":""legacy""}}",{},stock-detail.json,day_1;week_1;month_1,德马克枢轴点,DeMark Pivots,**德马克枢轴点 (DeMark Pivots)**由汤姆·德马克创建。其计算方法与前几种不同，**不直接计算中心PP点**，而是基于特定规则（比较开盘价与收盘价的关系）计算出一个“X”值，然后推导出**一个**关键的支撑位和一个阻力位。更侧重于寻找潜在的突破点或反转点。,,false,"[""day_1"",""week_1"",""month_1""]","UUS,UBAX,UBAF",STANDARD_SNAPSHOT
4294967264|德马克枢轴点|DeMark Pivots,security,metric_lookup,snapshot,market_code,4294967264,4294967264,"{""tech_param"":{""children"":[{""children"":null,""default_value"":""P"",""desc"":""输出指标"",""enum_options"":[{""label"":""P"",""value"":""P""},{""label"":""R1"",""value"":""R1""},{""label"":""S1"",""value"":""S1""}],""example"":""P"",""name"":""indicator_component"",""query_type"":""enum"",""required"":""1""}],""default"":null,""enum_options"":null,""example"":null,""name"":""tech_param"",""query_type"":""array"",""required"":""1"",""source"":""legacy""},""time_period"":{""children"":null,""default"":""day_1"",""enum_options"":[{""label"":""day_1"",""value"":""day_1""},{""label"":""week_1"",""value"":""week_1""},{""label"":""month_1"",""value"":""month_1""}],""example"":""day_1"",""name"":""time_period"",""query_type"":""enum"",""required"":""1"",""source"":""legacy""},""trade_class"":{""children"":null,""default"":""intraday"",""enum_options"":[{""label"":""盘前"",""value"":""pre_market""},{""label"":""盘中"",""value"":""intraday""},{""label"":""盘后"",""value"":""post_market""}],""example"":""intraday"",""name"":""trade_class"",""query_type"":""enum"",""required"":""1"",""source"":""legacy""}}",{},stock-detail.json,day_1;week_1;month_1,德马克枢轴点,DeMark Pivots,**德马克枢轴点 (DeMark Pivots)**由汤姆·德马克创建。其计算方法与前几种不同，**不直接计算中心PP点**，而是基于特定规则（比较开盘价与收盘价的关系）计算出一个“X”值，然后推导出**一个**关键的支撑位和一个阻力位。更侧重于寻找潜在的突破点或反转点。,,false,"[""day_1"",""week_1"",""month_1""]","UUS,UBAX,UBAF",STANDARD_SNAPSHOT
4294967264|德马克枢轴点|DeMark Pivots,security,metric_lookup,snapshot,market_code,4294967264,4294967264,"{""tech_param"":{""children"":[{""children"":null,""default_value"":""P"",""desc"":""输出指标"",""enum_options"":[{""label"":""P"",""value"":""P""},{""label"":""R1"",""value"":""R1""},{""label"":""S1"",""value"":""S1""}],""example"":""P"",""name"":""indicator_component"",""query_type"":""enum"",""required"":""1""}],""default"":null,""enum_options"":null,""example"":null,""name"":""tech_param"",""query_type"":""array"",""required"":""1"",""source"":""legacy""},""time_period"":{""children"":null,""default"":""day_1"",""enum_options"":[{""label"":""day_1"",""value"":""day_1""},{""label"":""week_1"",""value"":""week_1""},{""label"":""month_1"",""value"":""month_1""}],""example"":""day_1"",""name"":""time_period"",""query_type"":""enum"",""required"":""1"",""source"":""legacy""},""trade_class"":{""children"":null,""default"":""intraday"",""enum_options"":[{""label"":""盘前"",""value"":""pre_market""},{""label"":""盘中"",""value"":""intraday""},{""label"":""盘后"",""value"":""post_market""}],""example"":""intraday"",""name"":""trade_class"",""query_type"":""enum"",""required"":""1"",""source"":""legacy""}}",{},stock-detail.json,day_1;week_1;month_1,德马克枢轴点,DeMark Pivots,**德马克枢轴点 (DeMark Pivots)**由汤姆·德马克创建。其计算方法与前几种不同，**不直接计算中心PP点**，而是基于特定规则（比较开盘价与收盘价的关系）计算出一个“X”值，然后推导出**一个**关键的支撑位和一个阻力位。更侧重于寻找潜在的突破点或反转点。,,false,"[""day_1"",""week_1"",""month_1""]","UUS,UBAX,UBAF",STANDARD_SNAPSHOT
4294967266|卡玛利拉枢轴点|Cam Pivots,security,metric_lookup,snapshot,market_code,4294967266,4294967266,"{""tech_param"":{""children"":[{""children"":null,""default_value"":""P"",""desc"":""输出指标"",""enum_options"":[{""label"":""P"",""value"":""P""},{""label"":""R1"",""value"":""R1""},{""label"":""S1"",""value"":""S1""},{""label"":""R2"",""value"":""R2""},{""label"":""S2"",""value"":""S2""},{""label"":""R3"",""value"":""R3""},{""label"":""S3"",""value"":""S3""}],""example"":""P"",""name"":""indicator_component"",""query_type"":""enum"",""required"":""1""}],""default"":null,""enum_options"":null,""example"":null,""name"":""tech_param"",""query_type"":""array"",""required"":""1"",""source"":""legacy""},""time_period"":{""children"":null,""default"":""day_1"",""enum_options"":[{""label"":""day_1"",""value"":""day_1""},{""label"":""week_1"",""value"":""week_1""},{""label"":""month_1"",""value"":""month_1""}],""example"":""day_1"",""name"":""time_period"",""query_type"":""enum"",""required"":""1"",""source"":""legacy""},""trade_class"":{""children"":null,""default"":""intraday"",""enum_options"":[{""label"":""盘前"",""value"":""pre_market""},{""label"":""盘中"",""value"":""intraday""},{""label"":""盘后"",""value"":""post_market""}],""example"":""intraday"",""name"":""trade_class"",""query_type"":""enum"",""required"":""1"",""source"":""legacy""}}",{},stock-detail.json,day_1;week_1;month_1,卡玛利拉枢轴点,Cam Pivots,**卡玛利拉枢轴点 (Camarilla Pivots)**基于前一交易日价格范围（高低点）和收盘价计算出一套密集的支撑阻力位（通常有4组）。其核心理念是价格有强烈的均值回归倾向，常在第一个支撑/阻力位（H3/L3）发生反转，是日内短线交易者常用的系统。,,false,"[""day_1"",""week_1"",""month_1""]","UUS,UBAX,UBAF",STANDARD_SNAPSHOT
4294967266|卡玛利拉枢轴点|Cam Pivots,security,metric_lookup,snapshot,market_code,4294967266,4294967266,"{""tech_param"":{""children"":[{""children"":null,""default_value"":""P"",""desc"":""输出指标"",""enum_options"":[{""label"":""P"",""value"":""P""},{""label"":""R1"",""value"":""R1""},{""label"":""S1"",""value"":""S1""},{""label"":""R2"",""value"":""R2""},{""label"":""S2"",""value"":""S2""},{""label"":""R3"",""value"":""R3""},{""label"":""S3"",""value"":""S3""}],""example"":""P"",""name"":""indicator_component"",""query_type"":""enum"",""required"":""1""}],""default"":null,""enum_options"":null,""example"":null,""name"":""tech_param"",""query_type"":""array"",""required"":""1"",""source"":""legacy""},""time_period"":{""children"":null,""default"":""day_1"",""enum_options"":[{""label"":""day_1"",""value"":""day_1""},{""label"":""week_1"",""value"":""week_1""},{""label"":""month_1"",""value"":""month_1""}],""example"":""day_1"",""name"":""time_period"",""query_type"":""enum"",""required"":""1"",""source"":""legacy""},""trade_class"":{""children"":null,""default"":""intraday"",""enum_options"":[{""label"":""盘前"",""value"":""pre_market""},{""label"":""盘中"",""value"":""intraday""},{""label"":""盘后"",""value"":""post_market""}],""example"":""intraday"",""name"":""trade_class"",""query_type"":""enum"",""required"":""1"",""source"":""legacy""}}",{},stock-detail.json,day_1;week_1;month_1,卡玛利拉枢轴点,Cam Pivots,**卡玛利拉枢轴点 (Camarilla Pivots)**基于前一交易日价格范围（高低点）和收盘价计算出一套密集的支撑阻力位（通常有4组）。其核心理念是价格有强烈的均值回归倾向，常在第一个支撑/阻力位（H3/L3）发生反转，是日内短线交易者常用的系统。,,false,"[""day_1"",""week_1"",""month_1""]","UUS,UBAX,UBAF",STANDARD_SNAPSHOT
4294967266|卡玛利拉枢轴点|Cam Pivots,security,metric_lookup,snapshot,market_code,4294967266,4294967266,"{""tech_param"":{""children"":[{""children"":null,""default_value"":""P"",""desc"":""输出指标"",""enum_options"":[{""label"":""P"",""value"":""P""},{""label"":""R1"",""value"":""R1""},{""label"":""S1"",""value"":""S1""},{""label"":""R2"",""value"":""R2""},{""label"":""S2"",""value"":""S2""},{""label"":""R3"",""value"":""R3""},{""label"":""S3"",""value"":""S3""}],""example"":""P"",""name"":""indicator_component"",""query_type"":""enum"",""required"":""1""}],""default"":null,""enum_options"":null,""example"":null,""name"":""tech_param"",""query_type"":""array"",""required"":""1"",""source"":""legacy""},""time_period"":{""children"":null,""default"":""day_1"",""enum_options"":[{""label"":""day_1"",""value"":""day_1""},{""label"":""week_1"",""value"":""week_1""},{""label"":""month_1"",""value"":""month_1""}],""example"":""day_1"",""name"":""time_period"",""query_type"":""enum"",""required"":""1"",""source"":""legacy""},""trade_class"":{""children"":null,""default"":""intraday"",""enum_options"":[{""label"":""盘前"",""value"":""pre_market""},{""label"":""盘中"",""value"":""intraday""},{""label"":""盘后"",""value"":""post_market""}],""example"":""intraday"",""name"":""trade_class"",""query_type"":""enum"",""required"":""1"",""source"":""legacy""}}",{},stock-detail.json,day_1;week_1;month_1,卡玛利拉枢轴点,Cam Pivots,**卡玛利拉枢轴点 (Camarilla Pivots)**基于前一交易日价格范围（高低点）和收盘价计算出一套密集的支撑阻力位（通常有4组）。其核心理念是价格有强烈的均值回归倾向，常在第一个支撑/阻力位（H3/L3）发生反转，是日内短线交易者常用的系统。,,false,"[""day_1"",""week_1"",""month_1""]","UUS,UBAX,UBAF",STANDARD_SNAPSHOT
4294967263|斐波那契枢轴点|Fib Pivot,security,metric_lookup,snapshot,market_code,4294967263,4294967263,"{""tech_param"":{""children"":[{""children"":null,""default_value"":""P"",""desc"":""输出指标"",""enum_options"":[{""label"":""P"",""value"":""P""},{""label"":""R1"",""value"":""R1""},{""label"":""S1"",""value"":""S1""},{""label"":""R2"",""value"":""R2""},{""label"":""S2"",""value"":""S2""},{""label"":""R3"",""value"":""R3""},{""label"":""S3"",""value"":""S3""}],""example"":""P"",""name"":""indicator_component"",""query_type"":""enum"",""required"":""1""}],""default"":null,""enum_options"":null,""example"":null,""name"":""tech_param"",""query_type"":""array"",""required"":""1"",""source"":""legacy""},""time_period"":{""children"":null,""default"":""day_1"",""enum_options"":[{""label"":""day_1"",""value"":""day_1""},{""label"":""week_1"",""value"":""week_1""},{""label"":""month_1"",""value"":""month_1""}],""example"":""day_1"",""name"":""time_period"",""query_type"":""enum"",""required"":""1"",""source"":""legacy""},""trade_class"":{""children"":null,""default"":""intraday"",""enum_options"":[{""label"":""盘前"",""value"":""pre_market""},{""label"":""盘中"",""value"":""intraday""},{""label"":""盘后"",""value"":""post_market""}],""example"":""intraday"",""name"":""trade_class"",""query_type"":""enum"",""required"":""1"",""source"":""legacy""}}",{},stock-detail.json,day_1;week_1;month_1,斐波那契枢轴点,Fib Pivot,"**斐波那契枢轴点 (Fibonacci Pivots)**计算方法与经典枢轴点相同，先计算出中心枢轴点（PP）和前一交易日价格范围（R）。但推导支撑阻力位时，不是使用固定比例，而是将价格范围（R）乘以关键的斐波那契比率（如38.2%, 61.8%），然后与PP进行加减。融合了斐波那契回撤理论。",,false,"[""day_1"",""week_1"",""month_1""]","UUS,UBAX,UBAF",STANDARD_SNAPSHOT
4294967263|斐波那契枢轴点|Fib Pivot,security,metric_lookup,snapshot,market_code,4294967263,4294967263,"{""tech_param"":{""children"":[{""children"":null,""default_value"":""P"",""desc"":""输出指标"",""enum_options"":[{""label"":""P"",""value"":""P""},{""label"":""R1"",""value"":""R1""},{""label"":""S1"",""value"":""S1""},{""label"":""R2"",""value"":""R2""},{""label"":""S2"",""value"":""S2""},{""label"":""R3"",""value"":""R3""},{""label"":""S3"",""value"":""S3""}],""example"":""P"",""name"":""indicator_component"",""query_type"":""enum"",""required"":""1""}],""default"":null,""enum_options"":null,""example"":null,""name"":""tech_param"",""query_type"":""array"",""required"":""1"",""source"":""legacy""},""time_period"":{""children"":null,""default"":""day_1"",""enum_options"":[{""label"":""day_1"",""value"":""day_1""},{""label"":""week_1"",""value"":""week_1""},{""label"":""month_1"",""value"":""month_1""}],""example"":""day_1"",""name"":""time_period"",""query_type"":""enum"",""required"":""1"",""source"":""legacy""},""trade_class"":{""children"":null,""default"":""intraday"",""enum_options"":[{""label"":""盘前"",""value"":""pre_market""},{""label"":""盘中"",""value"":""intraday""},{""label"":""盘后"",""value"":""post_market""}],""example"":""intraday"",""name"":""trade_class"",""query_type"":""enum"",""required"":""1"",""source"":""legacy""}}",{},stock-detail.json,day_1;week_1;month_1,斐波那契枢轴点,Fib Pivot,"**斐波那契枢轴点 (Fibonacci Pivots)**计算方法与经典枢轴点相同，先计算出中心枢轴点（PP）和前一交易日价格范围（R）。但推导支撑阻力位时，不是使用固定比例，而是将价格范围（R）乘以关键的斐波那契比率（如38.2%, 61.8%），然后与PP进行加减。融合了斐波那契回撤理论。",,false,"[""day_1"",""week_1"",""month_1""]","UUS,UBAX,UBAF",STANDARD_SNAPSHOT
4294967263|斐波那契枢轴点|Fib Pivot,security,metric_lookup,snapshot,market_code,4294967263,4294967263,"{""tech_param"":{""children"":[{""children"":null,""default_value"":""P"",""desc"":""输出指标"",""enum_options"":[{""label"":""P"",""value"":""P""},{""label"":""R1"",""value"":""R1""},{""label"":""S1"",""value"":""S1""},{""label"":""R2"",""value"":""R2""},{""label"":""S2"",""value"":""S2""},{""label"":""R3"",""value"":""R3""},{""label"":""S3"",""value"":""S3""}],""example"":""P"",""name"":""indicator_component"",""query_type"":""enum"",""required"":""1""}],""default"":null,""enum_options"":null,""example"":null,""name"":""tech_param"",""query_type"":""array"",""required"":""1"",""source"":""legacy""},""time_period"":{""children"":null,""default"":""day_1"",""enum_options"":[{""label"":""day_1"",""value"":""day_1""},{""label"":""week_1"",""value"":""week_1""},{""label"":""month_1"",""value"":""month_1""}],""example"":""day_1"",""name"":""time_period"",""query_type"":""enum"",""required"":""1"",""source"":""legacy""},""trade_class"":{""children"":null,""default"":""intraday"",""enum_options"":[{""label"":""盘前"",""value"":""pre_market""},{""label"":""盘中"",""value"":""intraday""},{""label"":""盘后"",""value"":""post_market""}],""example"":""intraday"",""name"":""trade_class"",""query_type"":""enum"",""required"":""1"",""source"":""legacy""}}",{},stock-detail.json,day_1;week_1;month_1,斐波那契枢轴点,Fib Pivot,"**斐波那契枢轴点 (Fibonacci Pivots)**计算方法与经典枢轴点相同，先计算出中心枢轴点（PP）和前一交易日价格范围（R）。但推导支撑阻力位时，不是使用固定比例，而是将价格范围（R）乘以关键的斐波那契比率（如38.2%, 61.8%），然后与PP进行加减。融合了斐波那契回撤理论。",,false,"[""day_1"",""week_1"",""month_1""]","UUS,UBAX,UBAF",STANDARD_SNAPSHOT
4294967290|随机指标|Fast Stochastic,security,metric_lookup,snapshot,market_code,4294967290,4294967290,"{""tech_param"":{""children"":[{""children"":null,""default_value"":""%K"",""desc"":""输出指标"",""enum_options"":[{""label"":""%K"",""value"":""%K""},{""label"":""%D"",""value"":""%D""}],""example"":""%K"",""name"":""indicator_component"",""query_type"":""enum"",""required"":""1""},{""children"":null,""default_value"":""5"",""desc"":"""",""enum_options"":[{""label"":""5"",""value"":""5""},{""label"":""6"",""value"":""6""},{""label"":""8"",""value"":""8""},{""label"":""14"",""value"":""14""}],""example"":""5"",""name"":""%K Length"",""query_type"":""enum"",""required"":""0""},{""children"":null,""default_value"":""3"",""desc"":"""",""enum_options"":[{""label"":""3"",""value"":""3""},{""label"":""1"",""value"":""1""}],""example"":""3"",""name"":""%K Smoothing"",""query_type"":""enum"",""required"":""0""},{""children"":null,""default_value"":""3"",""desc"":"""",""enum_options"":[{""label"":""3"",""value"":""3""}],""example"":""3"",""name"":""%D Smoothing"",""query_type"":""enum"",""required"":""0""}],""default"":null,""enum_options"":null,""example"":null,""name"":""tech_param"",""query_type"":""array"",""required"":""1"",""source"":""legacy""},""time_period"":{""children"":null,""default"":""day_1"",""enum_options"":[{""label"":""day_1"",""value"":""day_1""},{""label"":""week_1"",""value"":""week_1""},{""label"":""month_1"",""value"":""month_1""}],""example"":""day_1"",""name"":""time_period"",""query_type"":""enum"",""required"":""1"",""source"":""legacy""},""trade_class"":{""children"":null,""default"":""intraday"",""enum_options"":[{""label"":""盘前"",""value"":""pre_market""},{""label"":""盘中"",""value"":""intraday""},{""label"":""盘后"",""value"":""post_market""}],""example"":""intraday"",""name"":""trade_class"",""query_type"":""enum"",""required"":""1"",""source"":""legacy""}}",{},stock-detail.json,day_1;week_1;month_1,随机指标,Fast Stochastic,**随机指标 (Stochastic Oscillator)**由乔治·莱恩推广，通过比较特定时期的收盘价与其价格区间（最高价到最低价）的关系，来判断资产是否处于超买或超卖状态。由%K线和%D线（%K的移动平均）组成。读数在80以上为超买，20以下为超卖。,,false,"[""day_1"",""week_1"",""month_1""]","UUS,UBAX,UBAF",STANDARD_SNAPSHOT
4294967290|随机指标|Fast Stochastic,security,metric_lookup,snapshot,market_code,4294967290,4294967290,"{""tech_param"":{""children"":[{""children"":null,""default_value"":""%K"",""desc"":""输出指标"",""enum_options"":[{""label"":""%K"",""value"":""%K""},{""label"":""%D"",""value"":""%D""}],""example"":""%K"",""name"":""indicator_component"",""query_type"":""enum"",""required"":""1""},{""children"":null,""default_value"":""5"",""desc"":"""",""enum_options"":[{""label"":""5"",""value"":""5""},{""label"":""6"",""value"":""6""},{""label"":""8"",""value"":""8""},{""label"":""14"",""value"":""14""}],""example"":""5"",""name"":""%K Length"",""query_type"":""enum"",""required"":""0""},{""children"":null,""default_value"":""3"",""desc"":"""",""enum_options"":[{""label"":""3"",""value"":""3""},{""label"":""1"",""value"":""1""}],""example"":""3"",""name"":""%K Smoothing"",""query_type"":""enum"",""required"":""0""},{""children"":null,""default_value"":""3"",""desc"":"""",""enum_options"":[{""label"":""3"",""value"":""3""}],""example"":""3"",""name"":""%D Smoothing"",""query_type"":""enum"",""required"":""0""}],""default"":null,""enum_options"":null,""example"":null,""name"":""tech_param"",""query_type"":""array"",""required"":""1"",""source"":""legacy""},""time_period"":{""children"":null,""default"":""day_1"",""enum_options"":[{""label"":""day_1"",""value"":""day_1""},{""label"":""week_1"",""value"":""week_1""},{""label"":""month_1"",""value"":""month_1""}],""example"":""day_1"",""name"":""time_period"",""query_type"":""enum"",""required"":""1"",""source"":""legacy""},""trade_class"":{""children"":null,""default"":""intraday"",""enum_options"":[{""label"":""盘前"",""value"":""pre_market""},{""label"":""盘中"",""value"":""intraday""},{""label"":""盘后"",""value"":""post_market""}],""example"":""intraday"",""name"":""trade_class"",""query_type"":""enum"",""required"":""1"",""source"":""legacy""}}",{},stock-detail.json,day_1;week_1;month_1,随机指标,Fast Stochastic,**随机指标 (Stochastic Oscillator)**由乔治·莱恩推广，通过比较特定时期的收盘价与其价格区间（最高价到最低价）的关系，来判断资产是否处于超买或超卖状态。由%K线和%D线（%K的移动平均）组成。读数在80以上为超买，20以下为超卖。,,false,"[""day_1"",""week_1"",""month_1""]","UUS,UBAX,UBAF",STANDARD_SNAPSHOT
4294967290|随机指标|Fast Stochastic,security,metric_lookup,snapshot,market_code,4294967290,4294967290,"{""tech_param"":{""children"":[{""children"":null,""default_value"":""%K"",""desc"":""输出指标"",""enum_options"":[{""label"":""%K"",""value"":""%K""},{""label"":""%D"",""value"":""%D""}],""example"":""%K"",""name"":""indicator_component"",""query_type"":""enum"",""required"":""1""},{""children"":null,""default_value"":""5"",""desc"":"""",""enum_options"":[{""label"":""5"",""value"":""5""},{""label"":""6"",""value"":""6""},{""label"":""8"",""value"":""8""},{""label"":""14"",""value"":""14""}],""example"":""5"",""name"":""%K Length"",""query_type"":""enum"",""required"":""0""},{""children"":null,""default_value"":""3"",""desc"":"""",""enum_options"":[{""label"":""3"",""value"":""3""},{""label"":""1"",""value"":""1""}],""example"":""3"",""name"":""%K Smoothing"",""query_type"":""enum"",""required"":""0""},{""children"":null,""default_value"":""3"",""desc"":"""",""enum_options"":[{""label"":""3"",""value"":""3""}],""example"":""3"",""name"":""%D Smoothing"",""query_type"":""enum"",""required"":""0""}],""default"":null,""enum_options"":null,""example"":null,""name"":""tech_param"",""query_type"":""array"",""required"":""1"",""source"":""legacy""},""time_period"":{""children"":null,""default"":""day_1"",""enum_options"":[{""label"":""day_1"",""value"":""day_1""},{""label"":""week_1"",""value"":""week_1""},{""label"":""month_1"",""value"":""month_1""}],""example"":""day_1"",""name"":""time_period"",""query_type"":""enum"",""required"":""1"",""source"":""legacy""},""trade_class"":{""children"":null,""default"":""intraday"",""enum_options"":[{""label"":""盘前"",""value"":""pre_market""},{""label"":""盘中"",""value"":""intraday""},{""label"":""盘后"",""value"":""post_market""}],""example"":""intraday"",""name"":""trade_class"",""query_type"":""enum"",""required"":""1"",""source"":""legacy""}}",{},stock-detail.json,day_1;week_1;month_1,随机指标,Fast Stochastic,**随机指标 (Stochastic Oscillator)**由乔治·莱恩推广，通过比较特定时期的收盘价与其价格区间（最高价到最低价）的关系，来判断资产是否处于超买或超卖状态。由%K线和%D线（%K的移动平均）组成。读数在80以上为超买，20以下为超卖。,,false,"[""day_1"",""week_1"",""month_1""]","UUS,UBAX,UBAF",STANDARD_SNAPSHOT
4294967267|成交量加权移动平均线|Moving Average Volume Weighted,security,metric_lookup,snapshot,market_code,4294967267,4294967267,"{""tech_param"":{""children"":[{""children"":null,""default_value"":""VWMA"",""desc"":""输出指标"",""enum_options"":[{""label"":""VWMA"",""value"":""VWMA""}],""example"":""VWMA"",""name"":""indicator_component"",""query_type"":""enum"",""required"":""1""},{""children"":null,""default_value"":""20"",""desc"":"""",""enum_options"":[{""label"":""20"",""value"":""20""}],""example"":""20"",""name"":""Length"",""query_type"":""enum"",""required"":""0""}],""default"":null,""enum_options"":null,""example"":null,""name"":""tech_param"",""query_type"":""array"",""required"":""1"",""source"":""legacy""},""time_period"":{""children"":null,""default"":""day_1"",""enum_options"":[{""label"":""day_1"",""value"":""day_1""},{""label"":""week_1"",""value"":""week_1""},{""label"":""month_1"",""value"":""month_1""}],""example"":""day_1"",""name"":""time_period"",""query_type"":""enum"",""required"":""1"",""source"":""legacy""},""trade_class"":{""children"":null,""default"":""intraday"",""enum_options"":[{""label"":""盘前"",""value"":""pre_market""},{""label"":""盘中"",""value"":""intraday""},{""label"":""盘后"",""value"":""post_market""}],""example"":""intraday"",""name"":""trade_class"",""query_type"":""enum"",""required"":""1"",""source"":""legacy""}}",{},stock-detail.json,day_1;week_1;month_1,成交量加权移动平均线,Moving Average Volume Weighted,"**成交量加权移动平均线 (Volume Weighted Moving Average, VWMA)**一种移动平均线，在计算平均值时，给成交量大时期的价格赋予更高的权重。其目的是识别“聪明钱”可能更活跃的价格区域。",,false,"[""day_1"",""week_1"",""month_1""]","UUS,UBAX,UBAF",STANDARD_SNAPSHOT
4294967267|成交量加权移动平均线|Moving Average Volume Weighted,security,metric_lookup,snapshot,market_code,4294967267,4294967267,"{""tech_param"":{""children"":[{""children"":null,""default_value"":""VWMA"",""desc"":""输出指标"",""enum_options"":[{""label"":""VWMA"",""value"":""VWMA""}],""example"":""VWMA"",""name"":""indicator_component"",""query_type"":""enum"",""required"":""1""},{""children"":null,""default_value"":""20"",""desc"":"""",""enum_options"":[{""label"":""20"",""value"":""20""}],""example"":""20"",""name"":""Length"",""query_type"":""enum"",""required"":""0""}],""default"":null,""enum_options"":null,""example"":null,""name"":""tech_param"",""query_type"":""array"",""required"":""1"",""source"":""legacy""},""time_period"":{""children"":null,""default"":""day_1"",""enum_options"":[{""label"":""day_1"",""value"":""day_1""},{""label"":""week_1"",""value"":""week_1""},{""label"":""month_1"",""value"":""month_1""}],""example"":""day_1"",""name"":""time_period"",""query_type"":""enum"",""required"":""1"",""source"":""legacy""},""trade_class"":{""children"":null,""default"":""intraday"",""enum_options"":[{""label"":""盘前"",""value"":""pre_market""},{""label"":""盘中"",""value"":""intraday""},{""label"":""盘后"",""value"":""post_market""}],""example"":""intraday"",""name"":""trade_class"",""query_type"":""enum"",""required"":""1"",""source"":""legacy""}}",{},stock-detail.json,day_1;week_1;month_1,成交量加权移动平均线,Moving Average Volume Weighted,"**成交量加权移动平均线 (Volume Weighted Moving Average, VWMA)**一种移动平均线，在计算平均值时，给成交量大时期的价格赋予更高的权重。其目的是识别“聪明钱”可能更活跃的价格区域。",,false,"[""day_1"",""week_1"",""month_1""]","UUS,UBAX,UBAF",STANDARD_SNAPSHOT
4294967267|成交量加权移动平均线|Moving Average Volume Weighted,security,metric_lookup,snapshot,market_code,4294967267,4294967267,"{""tech_param"":{""children"":[{""children"":null,""default_value"":""VWMA"",""desc"":""输出指标"",""enum_options"":[{""label"":""VWMA"",""value"":""VWMA""}],""example"":""VWMA"",""name"":""indicator_component"",""query_type"":""enum"",""required"":""1""},{""children"":null,""default_value"":""20"",""desc"":"""",""enum_options"":[{""label"":""20"",""value"":""20""}],""example"":""20"",""name"":""Length"",""query_type"":""enum"",""required"":""0""}],""default"":null,""enum_options"":null,""example"":null,""name"":""tech_param"",""query_type"":""array"",""required"":""1"",""source"":""legacy""},""time_period"":{""children"":null,""default"":""day_1"",""enum_options"":[{""label"":""day_1"",""value"":""day_1""},{""label"":""week_1"",""value"":""week_1""},{""label"":""month_1"",""value"":""month_1""}],""example"":""day_1"",""name"":""time_period"",""query_type"":""enum"",""required"":""1"",""source"":""legacy""},""trade_class"":{""children"":null,""default"":""intraday"",""enum_options"":[{""label"":""盘前"",""value"":""pre_market""},{""label"":""盘中"",""value"":""intraday""},{""label"":""盘后"",""value"":""post_market""}],""example"":""intraday"",""name"":""trade_class"",""query_type"":""enum"",""required"":""1"",""source"":""legacy""}}",{},stock-detail.json,day_1;week_1;month_1,成交量加权移动平均线,Moving Average Volume Weighted,"**成交量加权移动平均线 (Volume Weighted Moving Average, VWMA)**一种移动平均线，在计算平均值时，给成交量大时期的价格赋予更高的权重。其目的是识别“聪明钱”可能更活跃的价格区域。",,false,"[""day_1"",""week_1"",""month_1""]","UUS,UBAX,UBAF",STANDARD_SNAPSHOT
4294967271|资金流量指数|Money Flow Index,security,metric_lookup,snapshot,market_code,4294967271,4294967271,"{""tech_param"":{""children"":[{""children"":null,""default_value"":""MFI"",""desc"":""输出指标"",""enum_options"":[{""label"":""MFI"",""value"":""MFI""}],""example"":""MFI"",""name"":""indicator_component"",""query_type"":""enum"",""required"":""1""},{""children"":null,""default_value"":""14"",""desc"":"""",""enum_options"":[{""label"":""14"",""value"":""14""}],""example"":""14"",""name"":""Length"",""query_type"":""enum"",""required"":""0""}],""default"":null,""enum_options"":null,""example"":null,""name"":""tech_param"",""query_type"":""array"",""required"":""1"",""source"":""legacy""},""time_period"":{""children"":null,""default"":""day_1"",""enum_options"":[{""label"":""day_1"",""value"":""day_1""},{""label"":""week_1"",""value"":""week_1""},{""label"":""month_1"",""value"":""month_1""}],""example"":""day_1"",""name"":""time_period"",""query_type"":""enum"",""required"":""1"",""source"":""legacy""},""trade_class"":{""children"":null,""default"":""intraday"",""enum_options"":[{""label"":""盘前"",""value"":""pre_market""},{""label"":""盘中"",""value"":""intraday""},{""label"":""盘后"",""value"":""post_market""}],""example"":""intraday"",""name"":""trade_class"",""query_type"":""enum"",""required"":""1"",""source"":""legacy""}}",{},stock-detail.json,day_1;week_1;month_1,资金流量指数,Money Flow Index,"**资金流量指数 (Money Flow Index, MFI)**结合价格和成交量，类似于考虑成交量的相对强弱指数（RSI）。用于衡量资金流入和流出特定资产的强度。读数在80以上为超买，20以下为超卖。",,false,"[""day_1"",""week_1"",""month_1""]","UUS,UBAX,UBAF",STANDARD_SNAPSHOT
4294967271|资金流量指数|Money Flow Index,security,metric_lookup,snapshot,market_code,4294967271,4294967271,"{""tech_param"":{""children"":[{""children"":null,""default_value"":""MFI"",""desc"":""输出指标"",""enum_options"":[{""label"":""MFI"",""value"":""MFI""}],""example"":""MFI"",""name"":""indicator_component"",""query_type"":""enum"",""required"":""1""},{""children"":null,""default_value"":""14"",""desc"":"""",""enum_options"":[{""label"":""14"",""value"":""14""}],""example"":""14"",""name"":""Length"",""query_type"":""enum"",""required"":""0""}],""default"":null,""enum_options"":null,""example"":null,""name"":""tech_param"",""query_type"":""array"",""required"":""1"",""source"":""legacy""},""time_period"":{""children"":null,""default"":""day_1"",""enum_options"":[{""label"":""day_1"",""value"":""day_1""},{""label"":""week_1"",""value"":""week_1""},{""label"":""month_1"",""value"":""month_1""}],""example"":""day_1"",""name"":""time_period"",""query_type"":""enum"",""required"":""1"",""source"":""legacy""},""trade_class"":{""children"":null,""default"":""intraday"",""enum_options"":[{""label"":""盘前"",""value"":""pre_market""},{""label"":""盘中"",""value"":""intraday""},{""label"":""盘后"",""value"":""post_market""}],""example"":""intraday"",""name"":""trade_class"",""query_type"":""enum"",""required"":""1"",""source"":""legacy""}}",{},stock-detail.json,day_1;week_1;month_1,资金流量指数,Money Flow Index,"**资金流量指数 (Money Flow Index, MFI)**结合价格和成交量，类似于考虑成交量的相对强弱指数（RSI）。用于衡量资金流入和流出特定资产的强度。读数在80以上为超买，20以下为超卖。",,false,"[""day_1"",""week_1"",""month_1""]","UUS,UBAX,UBAF",STANDARD_SNAPSHOT
4294967271|资金流量指数|Money Flow Index,security,metric_lookup,snapshot,market_code,4294967271,4294967271,"{""tech_param"":{""children"":[{""children"":null,""default_value"":""MFI"",""desc"":""输出指标"",""enum_options"":[{""label"":""MFI"",""value"":""MFI""}],""example"":""MFI"",""name"":""indicator_component"",""query_type"":""enum"",""required"":""1""},{""children"":null,""default_value"":""14"",""desc"":"""",""enum_options"":[{""label"":""14"",""value"":""14""}],""example"":""14"",""name"":""Length"",""query_type"":""enum"",""required"":""0""}],""default"":null,""enum_options"":null,""example"":null,""name"":""tech_param"",""query_type"":""array"",""required"":""1"",""source"":""legacy""},""time_period"":{""children"":null,""default"":""day_1"",""enum_options"":[{""label"":""day_1"",""value"":""day_1""},{""label"":""week_1"",""value"":""week_1""},{""label"":""month_1"",""value"":""month_1""}],""example"":""day_1"",""name"":""time_period"",""query_type"":""enum"",""required"":""1"",""source"":""legacy""},""trade_class"":{""children"":null,""default"":""intraday"",""enum_options"":[{""label"":""盘前"",""value"":""pre_market""},{""label"":""盘中"",""value"":""intraday""},{""label"":""盘后"",""value"":""post_market""}],""example"":""intraday"",""name"":""trade_class"",""query_type"":""enum"",""required"":""1"",""source"":""legacy""}}",{},stock-detail.json,day_1;week_1;month_1,资金流量指数,Money Flow Index,"**资金流量指数 (Money Flow Index, MFI)**结合价格和成交量，类似于考虑成交量的相对强弱指数（RSI）。用于衡量资金流入和流出特定资产的强度。读数在80以上为超买，20以下为超卖。",,false,"[""day_1"",""week_1"",""month_1""]","UUS,UBAX,UBAF",STANDARD_SNAPSHOT
4294967270|抛物线转向指标|Parabolic SAR,security,metric_lookup,snapshot,market_code,4294967270,4294967270,"{""tech_param"":{""children"":[{""children"":null,""default_value"":""ParabolicSAR"",""desc"":""输出指标"",""enum_options"":[{""label"":""ParabolicSAR"",""value"":""ParabolicSAR""}],""example"":""ParabolicSAR"",""name"":""indicator_component"",""query_type"":""enum"",""required"":""1""}],""default"":null,""enum_options"":null,""example"":null,""name"":""tech_param"",""query_type"":""array"",""required"":""1"",""source"":""legacy""},""time_period"":{""children"":null,""default"":""day_1"",""enum_options"":[{""label"":""day_1"",""value"":""day_1""},{""label"":""week_1"",""value"":""week_1""},{""label"":""month_1"",""value"":""month_1""}],""example"":""day_1"",""name"":""time_period"",""query_type"":""enum"",""required"":""1"",""source"":""legacy""},""trade_class"":{""children"":null,""default"":""intraday"",""enum_options"":[{""label"":""盘前"",""value"":""pre_market""},{""label"":""盘中"",""value"":""intraday""},{""label"":""盘后"",""value"":""post_market""}],""example"":""intraday"",""name"":""trade_class"",""query_type"":""enum"",""required"":""1"",""source"":""legacy""}}",{},stock-detail.json,day_1;week_1;month_1,抛物线转向指标,Parabolic SAR,**抛物线转向指标 (Parabolic SAR)**由威尔斯·怀尔德开发，旨在识别潜在的趋势反转点。在图表上以一系列点状标记出现在K线的上方或下方。点在价格下方时，为上升趋势和买入信号；点在价格上方时，为下降趋势和卖出信号。该指标会加速移动，故称“抛物线”。,,false,"[""day_1"",""week_1"",""month_1""]","UUS,UBAX,UBAF",STANDARD_SNAPSHOT
4294967270|抛物线转向指标|Parabolic SAR,security,metric_lookup,snapshot,market_code,4294967270,4294967270,"{""tech_param"":{""children"":[{""children"":null,""default_value"":""ParabolicSAR"",""desc"":""输出指标"",""enum_options"":[{""label"":""ParabolicSAR"",""value"":""ParabolicSAR""}],""example"":""ParabolicSAR"",""name"":""indicator_component"",""query_type"":""enum"",""required"":""1""}],""default"":null,""enum_options"":null,""example"":null,""name"":""tech_param"",""query_type"":""array"",""required"":""1"",""source"":""legacy""},""time_period"":{""children"":null,""default"":""day_1"",""enum_options"":[{""label"":""day_1"",""value"":""day_1""},{""label"":""week_1"",""value"":""week_1""},{""label"":""month_1"",""value"":""month_1""}],""example"":""day_1"",""name"":""time_period"",""query_type"":""enum"",""required"":""1"",""source"":""legacy""},""trade_class"":{""children"":null,""default"":""intraday"",""enum_options"":[{""label"":""盘前"",""value"":""pre_market""},{""label"":""盘中"",""value"":""intraday""},{""label"":""盘后"",""value"":""post_market""}],""example"":""intraday"",""name"":""trade_class"",""query_type"":""enum"",""required"":""1"",""source"":""legacy""}}",{},stock-detail.json,day_1;week_1;month_1,抛物线转向指标,Parabolic SAR,**抛物线转向指标 (Parabolic SAR)**由威尔斯·怀尔德开发，旨在识别潜在的趋势反转点。在图表上以一系列点状标记出现在K线的上方或下方。点在价格下方时，为上升趋势和买入信号；点在价格上方时，为下降趋势和卖出信号。该指标会加速移动，故称“抛物线”。,,false,"[""day_1"",""week_1"",""month_1""]","UUS,UBAX,UBAF",STANDARD_SNAPSHOT
4294967270|抛物线转向指标|Parabolic SAR,security,metric_lookup,snapshot,market_code,4294967270,4294967270,"{""tech_param"":{""children"":[{""children"":null,""default_value"":""ParabolicSAR"",""desc"":""输出指标"",""enum_options"":[{""label"":""ParabolicSAR"",""value"":""ParabolicSAR""}],""example"":""ParabolicSAR"",""name"":""indicator_component"",""query_type"":""enum"",""required"":""1""}],""default"":null,""enum_options"":null,""example"":null,""name"":""tech_param"",""query_type"":""array"",""required"":""1"",""source"":""legacy""},""time_period"":{""children"":null,""default"":""day_1"",""enum_options"":[{""label"":""day_1"",""value"":""day_1""},{""label"":""week_1"",""value"":""week_1""},{""label"":""month_1"",""value"":""month_1""}],""example"":""day_1"",""name"":""time_period"",""query_type"":""enum"",""required"":""1"",""source"":""legacy""},""trade_class"":{""children"":null,""default"":""intraday"",""enum_options"":[{""label"":""盘前"",""value"":""pre_market""},{""label"":""盘中"",""value"":""intraday""},{""label"":""盘后"",""value"":""post_market""}],""example"":""intraday"",""name"":""trade_class"",""query_type"":""enum"",""required"":""1"",""source"":""legacy""}}",{},stock-detail.json,day_1;week_1;month_1,抛物线转向指标,Parabolic SAR,**抛物线转向指标 (Parabolic SAR)**由威尔斯·怀尔德开发，旨在识别潜在的趋势反转点。在图表上以一系列点状标记出现在K线的上方或下方。点在价格下方时，为上升趋势和买入信号；点在价格上方时，为下降趋势和卖出信号。该指标会加速移动，故称“抛物线”。,,false,"[""day_1"",""week_1"",""month_1""]","UUS,UBAX,UBAF",STANDARD_SNAPSHOT
265372|简单移动平均线|Simple Moving Average,security,metric_lookup,snapshot,market_code,265372,265372,"{""tech_param"":{""children"":[{""children"":null,""default_value"":""MA"",""desc"":""输出指标"",""enum_options"":[{""label"":""MA"",""value"":""MA""}],""example"":""MA"",""name"":""indicator_component"",""query_type"":""enum"",""required"":""1""},{""children"":null,""default_value"":""10"",""desc"":"""",""enum_options"":[{""label"":""10"",""value"":""10""},{""label"":""20"",""value"":""20""},{""label"":""30"",""value"":""30""},{""label"":""50"",""value"":""50""},{""label"":""100"",""value"":""100""},{""label"":""200"",""value"":""200""}],""example"":""10"",""name"":""N1"",""query_type"":""enum"",""required"":""0""}],""default"":null,""enum_options"":null,""example"":null,""name"":""tech_param"",""query_type"":""array"",""required"":""1"",""source"":""legacy""},""time_period"":{""children"":null,""default"":""day_1"",""enum_options"":[{""label"":""day_1"",""value"":""day_1""},{""label"":""week_1"",""value"":""week_1""},{""label"":""month_1"",""value"":""month_1""}],""example"":""day_1"",""name"":""time_period"",""query_type"":""enum"",""required"":""1"",""source"":""legacy""},""trade_class"":{""children"":null,""default"":""intraday"",""enum_options"":[{""label"":""盘前"",""value"":""pre_market""},{""label"":""盘中"",""value"":""intraday""},{""label"":""盘后"",""value"":""post_market""}],""example"":""intraday"",""name"":""trade_class"",""query_type"":""enum"",""required"":""1"",""source"":""legacy""}}",{},stock-detail.json,day_1;week_1;month_1,简单移动平均线,Simple Moving Average,"**简单移动平均线 (Simple Moving Average, SMA)**最基本的技术分析工具，计算特定周期内收盘价的算术平均值。用于平滑价格数据，识别趋势方向，并作为动态的支撑或阻力位。",,false,"[""day_1"",""week_1"",""month_1""]","UUS,UBAX,UBAF",STANDARD_SNAPSHOT
265372|简单移动平均线|Simple Moving Average,security,metric_lookup,snapshot,market_code,265372,265372,"{""tech_param"":{""children"":[{""children"":null,""default_value"":""MA"",""desc"":""输出指标"",""enum_options"":[{""label"":""MA"",""value"":""MA""}],""example"":""MA"",""name"":""indicator_component"",""query_type"":""enum"",""required"":""1""},{""children"":null,""default_value"":""10"",""desc"":"""",""enum_options"":[{""label"":""10"",""value"":""10""},{""label"":""20"",""value"":""20""},{""label"":""30"",""value"":""30""},{""label"":""50"",""value"":""50""},{""label"":""100"",""value"":""100""},{""label"":""200"",""value"":""200""}],""example"":""10"",""name"":""N1"",""query_type"":""enum"",""required"":""0""}],""default"":null,""enum_options"":null,""example"":null,""name"":""tech_param"",""query_type"":""array"",""required"":""1"",""source"":""legacy""},""time_period"":{""children"":null,""default"":""day_1"",""enum_options"":[{""label"":""day_1"",""value"":""day_1""},{""label"":""week_1"",""value"":""week_1""},{""label"":""month_1"",""value"":""month_1""}],""example"":""day_1"",""name"":""time_period"",""query_type"":""enum"",""required"":""1"",""source"":""legacy""},""trade_class"":{""children"":null,""default"":""intraday"",""enum_options"":[{""label"":""盘前"",""value"":""pre_market""},{""label"":""盘中"",""value"":""intraday""},{""label"":""盘后"",""value"":""post_market""}],""example"":""intraday"",""name"":""trade_class"",""query_type"":""enum"",""required"":""1"",""source"":""legacy""}}",{},stock-detail.json,day_1;week_1;month_1,简单移动平均线,Simple Moving Average,"**简单移动平均线 (Simple Moving Average, SMA)**最基本的技术分析工具，计算特定周期内收盘价的算术平均值。用于平滑价格数据，识别趋势方向，并作为动态的支撑或阻力位。",,false,"[""day_1"",""week_1"",""month_1""]","UUS,UBAX,UBAF",STANDARD_SNAPSHOT
265372|简单移动平均线|Simple Moving Average,security,metric_lookup,snapshot,market_code,265372,265372,"{""tech_param"":{""children"":[{""children"":null,""default_value"":""MA"",""desc"":""输出指标"",""enum_options"":[{""label"":""MA"",""value"":""MA""}],""example"":""MA"",""name"":""indicator_component"",""query_type"":""enum"",""required"":""1""},{""children"":null,""default_value"":""10"",""desc"":"""",""enum_options"":[{""label"":""10"",""value"":""10""},{""label"":""20"",""value"":""20""},{""label"":""30"",""value"":""30""},{""label"":""50"",""value"":""50""},{""label"":""100"",""value"":""100""},{""label"":""200"",""value"":""200""}],""example"":""10"",""name"":""N1"",""query_type"":""enum"",""required"":""0""}],""default"":null,""enum_options"":null,""example"":null,""name"":""tech_param"",""query_type"":""array"",""required"":""1"",""source"":""legacy""},""time_period"":{""children"":null,""default"":""day_1"",""enum_options"":[{""label"":""day_1"",""value"":""day_1""},{""label"":""week_1"",""value"":""week_1""},{""label"":""month_1"",""value"":""month_1""}],""example"":""day_1"",""name"":""time_period"",""query_type"":""enum"",""required"":""1"",""source"":""legacy""},""trade_class"":{""children"":null,""default"":""intraday"",""enum_options"":[{""label"":""盘前"",""value"":""pre_market""},{""label"":""盘中"",""value"":""intraday""},{""label"":""盘后"",""value"":""post_market""}],""example"":""intraday"",""name"":""trade_class"",""query_type"":""enum"",""required"":""1"",""source"":""legacy""}}",{},stock-detail.json,day_1;week_1;month_1,简单移动平均线,Simple Moving Average,"**简单移动平均线 (Simple Moving Average, SMA)**最基本的技术分析工具，计算特定周期内收盘价的算术平均值。用于平滑价格数据，识别趋势方向，并作为动态的支撑或阻力位。",,false,"[""day_1"",""week_1"",""month_1""]","UUS,UBAX,UBAF",STANDARD_SNAPSHOT
4294967293|平均真实波幅|Average True Range,security,metric_lookup,snapshot,market_code,4294967293,4294967293,"{""tech_param"":{""children"":[{""children"":null,""default_value"":""ATR"",""desc"":""输出指标"",""enum_options"":[{""label"":""ATR"",""value"":""ATR""}],""example"":""ATR"",""name"":""indicator_component"",""query_type"":""enum"",""required"":""1""},{""children"":null,""default_value"":""14"",""desc"":"""",""enum_options"":[{""label"":""14"",""value"":""14""}],""example"":""14"",""name"":""Length"",""query_type"":""enum"",""required"":""0""}],""default"":null,""enum_options"":null,""example"":null,""name"":""tech_param"",""query_type"":""array"",""required"":""1"",""source"":""legacy""},""time_period"":{""children"":null,""default"":""day_1"",""enum_options"":[{""label"":""day_1"",""value"":""day_1""},{""label"":""week_1"",""value"":""week_1""},{""label"":""month_1"",""value"":""month_1""}],""example"":""day_1"",""name"":""time_period"",""query_type"":""enum"",""required"":""1"",""source"":""legacy""},""trade_class"":{""children"":null,""default"":""intraday"",""enum_options"":[{""label"":""盘前"",""value"":""pre_market""},{""label"":""盘中"",""value"":""intraday""},{""label"":""盘后"",""value"":""post_market""}],""example"":""intraday"",""name"":""trade_class"",""query_type"":""enum"",""required"":""1"",""source"":""legacy""}}",{},stock-detail.json,day_1;week_1;month_1,平均真实波幅,Average True Range,"**平均真实波幅 (Average True Range, ATR)**由威尔斯·怀尔德开发，用于衡量**市场波动的绝对值**。它考虑了当日的价格范围以及前一日收盘价可能产生的跳空缺口，能更真实地反映价格波动的剧烈程度。数值越大，波动性越高。",,false,"[""day_1"",""week_1"",""month_1""]","UUS,UBAX,UBAF",STANDARD_SNAPSHOT
4294967293|平均真实波幅|Average True Range,security,metric_lookup,snapshot,market_code,4294967293,4294967293,"{""tech_param"":{""children"":[{""children"":null,""default_value"":""ATR"",""desc"":""输出指标"",""enum_options"":[{""label"":""ATR"",""value"":""ATR""}],""example"":""ATR"",""name"":""indicator_component"",""query_type"":""enum"",""required"":""1""},{""children"":null,""default_value"":""14"",""desc"":"""",""enum_options"":[{""label"":""14"",""value"":""14""}],""example"":""14"",""name"":""Length"",""query_type"":""enum"",""required"":""0""}],""default"":null,""enum_options"":null,""example"":null,""name"":""tech_param"",""query_type"":""array"",""required"":""1"",""source"":""legacy""},""time_period"":{""children"":null,""default"":""day_1"",""enum_options"":[{""label"":""day_1"",""value"":""day_1""},{""label"":""week_1"",""value"":""week_1""},{""label"":""month_1"",""value"":""month_1""}],""example"":""day_1"",""name"":""time_period"",""query_type"":""enum"",""required"":""1"",""source"":""legacy""},""trade_class"":{""children"":null,""default"":""intraday"",""enum_options"":[{""label"":""盘前"",""value"":""pre_market""},{""label"":""盘中"",""value"":""intraday""},{""label"":""盘后"",""value"":""post_market""}],""example"":""intraday"",""name"":""trade_class"",""query_type"":""enum"",""required"":""1"",""source"":""legacy""}}",{},stock-detail.json,day_1;week_1;month_1,平均真实波幅,Average True Range,"**平均真实波幅 (Average True Range, ATR)**由威尔斯·怀尔德开发，用于衡量**市场波动的绝对值**。它考虑了当日的价格范围以及前一日收盘价可能产生的跳空缺口，能更真实地反映价格波动的剧烈程度。数值越大，波动性越高。",,false,"[""day_1"",""week_1"",""month_1""]","UUS,UBAX,UBAF",STANDARD_SNAPSHOT
4294967293|平均真实波幅|Average True Range,security,metric_lookup,snapshot,market_code,4294967293,4294967293,"{""tech_param"":{""children"":[{""children"":null,""default_value"":""ATR"",""desc"":""输出指标"",""enum_options"":[{""label"":""ATR"",""value"":""ATR""}],""example"":""ATR"",""name"":""indicator_component"",""query_type"":""enum"",""required"":""1""},{""children"":null,""default_value"":""14"",""desc"":"""",""enum_options"":[{""label"":""14"",""value"":""14""}],""example"":""14"",""name"":""Length"",""query_type"":""enum"",""required"":""0""}],""default"":null,""enum_options"":null,""example"":null,""name"":""tech_param"",""query_type"":""array"",""required"":""1"",""source"":""legacy""},""time_period"":{""children"":null,""default"":""day_1"",""enum_options"":[{""label"":""day_1"",""value"":""day_1""},{""label"":""week_1"",""value"":""week_1""},{""label"":""month_1"",""value"":""month_1""}],""example"":""day_1"",""name"":""time_period"",""query_type"":""enum"",""required"":""1"",""source"":""legacy""},""trade_class"":{""children"":null,""default"":""intraday"",""enum_options"":[{""label"":""盘前"",""value"":""pre_market""},{""label"":""盘中"",""value"":""intraday""},{""label"":""盘后"",""value"":""post_market""}],""example"":""intraday"",""name"":""trade_class"",""query_type"":""enum"",""required"":""1"",""source"":""legacy""}}",{},stock-detail.json,day_1;week_1;month_1,平均真实波幅,Average True Range,"**平均真实波幅 (Average True Range, ATR)**由威尔斯·怀尔德开发，用于衡量**市场波动的绝对值**。它考虑了当日的价格范围以及前一日收盘价可能产生的跳空缺口，能更真实地反映价格波动的剧烈程度。数值越大，波动性越高。",,false,"[""day_1"",""week_1"",""month_1""]","UUS,UBAX,UBAF",STANDARD_SNAPSHOT
265381|指数移动平均线|Exponential Moving Average,security,metric_lookup,snapshot,market_code,265381,265381,"{""tech_param"":{""children"":[{""children"":null,""default_value"":""EMA"",""desc"":""输出指标"",""enum_options"":[{""label"":""EMA"",""value"":""EMA""}],""example"":""EMA"",""name"":""indicator_component"",""query_type"":""enum"",""required"":""1""},{""children"":null,""default_value"":""10"",""desc"":"""",""enum_options"":[{""label"":""10"",""value"":""10""},{""label"":""20"",""value"":""20""},{""label"":""30"",""value"":""30""},{""label"":""50"",""value"":""50""},{""label"":""100"",""value"":""100""},{""label"":""200"",""value"":""200""}],""example"":""10"",""name"":""N1"",""query_type"":""enum"",""required"":""0""}],""default"":null,""enum_options"":null,""example"":null,""name"":""tech_param"",""query_type"":""array"",""required"":""1"",""source"":""legacy""},""time_period"":{""children"":null,""default"":""day_1"",""enum_options"":[{""label"":""day_1"",""value"":""day_1""},{""label"":""week_1"",""value"":""week_1""},{""label"":""month_1"",""value"":""month_1""}],""example"":""day_1"",""name"":""time_period"",""query_type"":""enum"",""required"":""1"",""source"":""legacy""},""trade_class"":{""children"":null,""default"":""intraday"",""enum_options"":[{""label"":""盘前"",""value"":""pre_market""},{""label"":""盘中"",""value"":""intraday""},{""label"":""盘后"",""value"":""post_market""}],""example"":""intraday"",""name"":""trade_class"",""query_type"":""enum"",""required"":""1"",""source"":""legacy""}}",{},stock-detail.json,day_1;week_1;month_1,指数移动平均线,Exponential Moving Average,"**指数移动平均线 (Exponential Moving Average, EMA)**一种移动平均线，对近期价格赋予更高的权重，使其对价格新变化的反应比简单移动平均线（SMA）更灵敏。常用于捕捉趋势方向。",,false,"[""day_1"",""week_1"",""month_1""]","UUS,UBAX,UBAF",STANDARD_SNAPSHOT
265381|指数移动平均线|Exponential Moving Average,security,metric_lookup,snapshot,market_code,265381,265381,"{""tech_param"":{""children"":[{""children"":null,""default_value"":""EMA"",""desc"":""输出指标"",""enum_options"":[{""label"":""EMA"",""value"":""EMA""}],""example"":""EMA"",""name"":""indicator_component"",""query_type"":""enum"",""required"":""1""},{""children"":null,""default_value"":""10"",""desc"":"""",""enum_options"":[{""label"":""10"",""value"":""10""},{""label"":""20"",""value"":""20""},{""label"":""30"",""value"":""30""},{""label"":""50"",""value"":""50""},{""label"":""100"",""value"":""100""},{""label"":""200"",""value"":""200""}],""example"":""10"",""name"":""N1"",""query_type"":""enum"",""required"":""0""}],""default"":null,""enum_options"":null,""example"":null,""name"":""tech_param"",""query_type"":""array"",""required"":""1"",""source"":""legacy""},""time_period"":{""children"":null,""default"":""day_1"",""enum_options"":[{""label"":""day_1"",""value"":""day_1""},{""label"":""week_1"",""value"":""week_1""},{""label"":""month_1"",""value"":""month_1""}],""example"":""day_1"",""name"":""time_period"",""query_type"":""enum"",""required"":""1"",""source"":""legacy""},""trade_class"":{""children"":null,""default"":""intraday"",""enum_options"":[{""label"":""盘前"",""value"":""pre_market""},{""label"":""盘中"",""value"":""intraday""},{""label"":""盘后"",""value"":""post_market""}],""example"":""intraday"",""name"":""trade_class"",""query_type"":""enum"",""required"":""1"",""source"":""legacy""}}",{},stock-detail.json,day_1;week_1;month_1,指数移动平均线,Exponential Moving Average,"**指数移动平均线 (Exponential Moving Average, EMA)**一种移动平均线，对近期价格赋予更高的权重，使其对价格新变化的反应比简单移动平均线（SMA）更灵敏。常用于捕捉趋势方向。",,false,"[""day_1"",""week_1"",""month_1""]","UUS,UBAX,UBAF",STANDARD_SNAPSHOT
265381|指数移动平均线|Exponential Moving Average,security,metric_lookup,snapshot,market_code,265381,265381,"{""tech_param"":{""children"":[{""children"":null,""default_value"":""EMA"",""desc"":""输出指标"",""enum_options"":[{""label"":""EMA"",""value"":""EMA""}],""example"":""EMA"",""name"":""indicator_component"",""query_type"":""enum"",""required"":""1""},{""children"":null,""default_value"":""10"",""desc"":"""",""enum_options"":[{""label"":""10"",""value"":""10""},{""label"":""20"",""value"":""20""},{""label"":""30"",""value"":""30""},{""label"":""50"",""value"":""50""},{""label"":""100"",""value"":""100""},{""label"":""200"",""value"":""200""}],""example"":""10"",""name"":""N1"",""query_type"":""enum"",""required"":""0""}],""default"":null,""enum_options"":null,""example"":null,""name"":""tech_param"",""query_type"":""array"",""required"":""1"",""source"":""legacy""},""time_period"":{""children"":null,""default"":""day_1"",""enum_options"":[{""label"":""day_1"",""value"":""day_1""},{""label"":""week_1"",""value"":""week_1""},{""label"":""month_1"",""value"":""month_1""}],""example"":""day_1"",""name"":""time_period"",""query_type"":""enum"",""required"":""1"",""source"":""legacy""},""trade_class"":{""children"":null,""default"":""intraday"",""enum_options"":[{""label"":""盘前"",""value"":""pre_market""},{""label"":""盘中"",""value"":""intraday""},{""label"":""盘后"",""value"":""post_market""}],""example"":""intraday"",""name"":""trade_class"",""query_type"":""enum"",""required"":""1"",""source"":""legacy""}}",{},stock-detail.json,day_1;week_1;month_1,指数移动平均线,Exponential Moving Average,"**指数移动平均线 (Exponential Moving Average, EMA)**一种移动平均线，对近期价格赋予更高的权重，使其对价格新变化的反应比简单移动平均线（SMA）更灵敏。常用于捕捉趋势方向。",,false,"[""day_1"",""week_1"",""month_1""]","UUS,UBAX,UBAF",STANDARD_SNAPSHOT
4294967268|相对强弱指数|Relative Strength,security,metric_lookup,snapshot,market_code,4294967268,4294967268,"{""tech_param"":{""children"":[{""children"":null,""default_value"":""RSI"",""desc"":""输出指标"",""enum_options"":[{""label"":""RSI"",""value"":""RSI""},{""label"":""RSI-based MA"",""value"":""RSI-based MA""}],""example"":""RSI"",""name"":""indicator_component"",""query_type"":""enum"",""required"":""1""},{""children"":null,""default_value"":""14"",""desc"":"""",""enum_options"":[{""label"":""14"",""value"":""14""}],""example"":""14"",""name"":""Length"",""query_type"":""enum"",""required"":""0""}],""default"":null,""enum_options"":null,""example"":null,""name"":""tech_param"",""query_type"":""array"",""required"":""1"",""source"":""legacy""},""time_period"":{""children"":null,""default"":""day_1"",""enum_options"":[{""label"":""day_1"",""value"":""day_1""},{""label"":""week_1"",""value"":""week_1""},{""label"":""month_1"",""value"":""month_1""}],""example"":""day_1"",""name"":""time_period"",""query_type"":""enum"",""required"":""1"",""source"":""legacy""},""trade_class"":{""children"":null,""default"":""intraday"",""enum_options"":[{""label"":""盘前"",""value"":""pre_market""},{""label"":""盘中"",""value"":""intraday""},{""label"":""盘后"",""value"":""post_market""}],""example"":""intraday"",""name"":""trade_class"",""query_type"":""enum"",""required"":""1"",""source"":""legacy""}}",{},stock-detail.json,day_1;week_1;month_1,相对强弱指数,Relative Strength,"**相对强弱指数 (Relative Strength Index, RSI)**由威尔斯·怀尔德开发，通过比较近期上涨和下跌的平均幅度，来衡量价格动量的速度和变化。读数在0到100之间，通常70以上视为超买，30以下视为超卖。",,false,"[""day_1"",""week_1"",""month_1""]","UUS,UBAX,UBAF",STANDARD_SNAPSHOT
4294967268|相对强弱指数|Relative Strength,security,metric_lookup,snapshot,market_code,4294967268,4294967268,"{""tech_param"":{""children"":[{""children"":null,""default_value"":""RSI"",""desc"":""输出指标"",""enum_options"":[{""label"":""RSI"",""value"":""RSI""},{""label"":""RSI-based MA"",""value"":""RSI-based MA""}],""example"":""RSI"",""name"":""indicator_component"",""query_type"":""enum"",""required"":""1""},{""children"":null,""default_value"":""14"",""desc"":"""",""enum_options"":[{""label"":""14"",""value"":""14""}],""example"":""14"",""name"":""Length"",""query_type"":""enum"",""required"":""0""}],""default"":null,""enum_options"":null,""example"":null,""name"":""tech_param"",""query_type"":""array"",""required"":""1"",""source"":""legacy""},""time_period"":{""children"":null,""default"":""day_1"",""enum_options"":[{""label"":""day_1"",""value"":""day_1""},{""label"":""week_1"",""value"":""week_1""},{""label"":""month_1"",""value"":""month_1""}],""example"":""day_1"",""name"":""time_period"",""query_type"":""enum"",""required"":""1"",""source"":""legacy""},""trade_class"":{""children"":null,""default"":""intraday"",""enum_options"":[{""label"":""盘前"",""value"":""pre_market""},{""label"":""盘中"",""value"":""intraday""},{""label"":""盘后"",""value"":""post_market""}],""example"":""intraday"",""name"":""trade_class"",""query_type"":""enum"",""required"":""1"",""source"":""legacy""}}",{},stock-detail.json,day_1;week_1;month_1,相对强弱指数,Relative Strength,"**相对强弱指数 (Relative Strength Index, RSI)**由威尔斯·怀尔德开发，通过比较近期上涨和下跌的平均幅度，来衡量价格动量的速度和变化。读数在0到100之间，通常70以上视为超买，30以下视为超卖。",,false,"[""day_1"",""week_1"",""month_1""]","UUS,UBAX,UBAF",STANDARD_SNAPSHOT
4294967268|相对强弱指数|Relative Strength,security,metric_lookup,snapshot,market_code,4294967268,4294967268,"{""tech_param"":{""children"":[{""children"":null,""default_value"":""RSI"",""desc"":""输出指标"",""enum_options"":[{""label"":""RSI"",""value"":""RSI""},{""label"":""RSI-based MA"",""value"":""RSI-based MA""}],""example"":""RSI"",""name"":""indicator_component"",""query_type"":""enum"",""required"":""1""},{""children"":null,""default_value"":""14"",""desc"":"""",""enum_options"":[{""label"":""14"",""value"":""14""}],""example"":""14"",""name"":""Length"",""query_type"":""enum"",""required"":""0""}],""default"":null,""enum_options"":null,""example"":null,""name"":""tech_param"",""query_type"":""array"",""required"":""1"",""source"":""legacy""},""time_period"":{""children"":null,""default"":""day_1"",""enum_options"":[{""label"":""day_1"",""value"":""day_1""},{""label"":""week_1"",""value"":""week_1""},{""label"":""month_1"",""value"":""month_1""}],""example"":""day_1"",""name"":""time_period"",""query_type"":""enum"",""required"":""1"",""source"":""legacy""},""trade_class"":{""children"":null,""default"":""intraday"",""enum_options"":[{""label"":""盘前"",""value"":""pre_market""},{""label"":""盘中"",""value"":""intraday""},{""label"":""盘后"",""value"":""post_market""}],""example"":""intraday"",""name"":""trade_class"",""query_type"":""enum"",""required"":""1"",""source"":""legacy""}}",{},stock-detail.json,day_1;week_1;month_1,相对强弱指数,Relative Strength,"**相对强弱指数 (Relative Strength Index, RSI)**由威尔斯·怀尔德开发，通过比较近期上涨和下跌的平均幅度，来衡量价格动量的速度和变化。读数在0到100之间，通常70以上视为超买，30以下视为超卖。",,false,"[""day_1"",""week_1"",""month_1""]","UUS,UBAX,UBAF",STANDARD_SNAPSHOT
4294967275|商品通道指数|Commodity Channel Index,security,metric_lookup,snapshot,market_code,4294967275,4294967275,"{""tech_param"":{""children"":[{""children"":null,""default_value"":""CCI"",""desc"":""输出指标"",""enum_options"":[{""label"":""CCI"",""value"":""CCI""},{""label"":""CCI MA"",""value"":""CCI MA""}],""example"":""CCI"",""name"":""indicator_component"",""query_type"":""enum"",""required"":""1""},{""children"":null,""default_value"":""20"",""desc"":"""",""enum_options"":[{""label"":""20"",""value"":""20""}],""example"":""20"",""name"":""Length"",""query_type"":""enum"",""required"":""0""}],""default"":null,""enum_options"":null,""example"":null,""name"":""tech_param"",""query_type"":""array"",""required"":""1"",""source"":""legacy""},""time_period"":{""children"":null,""default"":""day_1"",""enum_options"":[{""label"":""day_1"",""value"":""day_1""},{""label"":""week_1"",""value"":""week_1""},{""label"":""month_1"",""value"":""month_1""}],""example"":""day_1"",""name"":""time_period"",""query_type"":""enum"",""required"":""1"",""source"":""legacy""},""trade_class"":{""children"":null,""default"":""intraday"",""enum_options"":[{""label"":""盘前"",""value"":""pre_market""},{""label"":""盘中"",""value"":""intraday""},{""label"":""盘后"",""value"":""post_market""}],""example"":""intraday"",""name"":""trade_class"",""query_type"":""enum"",""required"":""1"",""source"":""legacy""}}",{},stock-detail.json,day_1;week_1;month_1,商品通道指数,Commodity Channel Index,"**商品通道指数 (Commodity Channel Index, CCI)**衡量当前价格相对于其统计平均价格的偏差。通常用于识别资产是否处于超买或超卖状态，以及发现趋势的开始和结束。数值在+100以上常被视为超买，-100以下为超卖。",,false,"[""day_1"",""week_1"",""month_1""]","UUS,UBAX,UBAF",STANDARD_SNAPSHOT
4294967275|商品通道指数|Commodity Channel Index,security,metric_lookup,snapshot,market_code,4294967275,4294967275,"{""tech_param"":{""children"":[{""children"":null,""default_value"":""CCI"",""desc"":""输出指标"",""enum_options"":[{""label"":""CCI"",""value"":""CCI""},{""label"":""CCI MA"",""value"":""CCI MA""}],""example"":""CCI"",""name"":""indicator_component"",""query_type"":""enum"",""required"":""1""},{""children"":null,""default_value"":""20"",""desc"":"""",""enum_options"":[{""label"":""20"",""value"":""20""}],""example"":""20"",""name"":""Length"",""query_type"":""enum"",""required"":""0""}],""default"":null,""enum_options"":null,""example"":null,""name"":""tech_param"",""query_type"":""array"",""required"":""1"",""source"":""legacy""},""time_period"":{""children"":null,""default"":""day_1"",""enum_options"":[{""label"":""day_1"",""value"":""day_1""},{""label"":""week_1"",""value"":""week_1""},{""label"":""month_1"",""value"":""month_1""}],""example"":""day_1"",""name"":""time_period"",""query_type"":""enum"",""required"":""1"",""source"":""legacy""},""trade_class"":{""children"":null,""default"":""intraday"",""enum_options"":[{""label"":""盘前"",""value"":""pre_market""},{""label"":""盘中"",""value"":""intraday""},{""label"":""盘后"",""value"":""post_market""}],""example"":""intraday"",""name"":""trade_class"",""query_type"":""enum"",""required"":""1"",""source"":""legacy""}}",{},stock-detail.json,day_1;week_1;month_1,商品通道指数,Commodity Channel Index,"**商品通道指数 (Commodity Channel Index, CCI)**衡量当前价格相对于其统计平均价格的偏差。通常用于识别资产是否处于超买或超卖状态，以及发现趋势的开始和结束。数值在+100以上常被视为超买，-100以下为超卖。",,false,"[""day_1"",""week_1"",""month_1""]","UUS,UBAX,UBAF",STANDARD_SNAPSHOT
4294967275|商品通道指数|Commodity Channel Index,security,metric_lookup,snapshot,market_code,4294967275,4294967275,"{""tech_param"":{""children"":[{""children"":null,""default_value"":""CCI"",""desc"":""输出指标"",""enum_options"":[{""label"":""CCI"",""value"":""CCI""},{""label"":""CCI MA"",""value"":""CCI MA""}],""example"":""CCI"",""name"":""indicator_component"",""query_type"":""enum"",""required"":""1""},{""children"":null,""default_value"":""20"",""desc"":"""",""enum_options"":[{""label"":""20"",""value"":""20""}],""example"":""20"",""name"":""Length"",""query_type"":""enum"",""required"":""0""}],""default"":null,""enum_options"":null,""example"":null,""name"":""tech_param"",""query_type"":""array"",""required"":""1"",""source"":""legacy""},""time_period"":{""children"":null,""default"":""day_1"",""enum_options"":[{""label"":""day_1"",""value"":""day_1""},{""label"":""week_1"",""value"":""week_1""},{""label"":""month_1"",""value"":""month_1""}],""example"":""day_1"",""name"":""time_period"",""query_type"":""enum"",""required"":""1"",""source"":""legacy""},""trade_class"":{""children"":null,""default"":""intraday"",""enum_options"":[{""label"":""盘前"",""value"":""pre_market""},{""label"":""盘中"",""value"":""intraday""},{""label"":""盘后"",""value"":""post_market""}],""example"":""intraday"",""name"":""trade_class"",""query_type"":""enum"",""required"":""1"",""source"":""legacy""}}",{},stock-detail.json,day_1;week_1;month_1,商品通道指数,Commodity Channel Index,"**商品通道指数 (Commodity Channel Index, CCI)**衡量当前价格相对于其统计平均价格的偏差。通常用于识别资产是否处于超买或超卖状态，以及发现趋势的开始和结束。数值在+100以上常被视为超买，-100以下为超卖。",,false,"[""day_1"",""week_1"",""month_1""]","UUS,UBAX,UBAF",STANDARD_SNAPSHOT
4294967269|变动率指标|Rate of Change,security,metric_lookup,snapshot,market_code,4294967269,4294967269,"{""tech_param"":{""children"":[{""children"":null,""default_value"":""ROC"",""desc"":""输出指标"",""enum_options"":[{""label"":""ROC"",""value"":""ROC""}],""example"":""ROC"",""name"":""indicator_component"",""query_type"":""enum"",""required"":""1""},{""children"":null,""default_value"":""9"",""desc"":"""",""enum_options"":[{""label"":""9"",""value"":""9""}],""example"":""9"",""name"":""Length"",""query_type"":""enum"",""required"":""0""}],""default"":null,""enum_options"":null,""example"":null,""name"":""tech_param"",""query_type"":""array"",""required"":""1"",""source"":""legacy""},""time_period"":{""children"":null,""default"":""day_1"",""enum_options"":[{""label"":""day_1"",""value"":""day_1""},{""label"":""week_1"",""value"":""week_1""},{""label"":""month_1"",""value"":""month_1""}],""example"":""day_1"",""name"":""time_period"",""query_type"":""enum"",""required"":""1"",""source"":""legacy""},""trade_class"":{""children"":null,""default"":""intraday"",""enum_options"":[{""label"":""盘前"",""value"":""pre_market""},{""label"":""盘中"",""value"":""intraday""},{""label"":""盘后"",""value"":""post_market""}],""example"":""intraday"",""name"":""trade_class"",""query_type"":""enum"",""required"":""1"",""source"":""legacy""}}",{},stock-detail.json,day_1;week_1;month_1,变动率指标,Rate of Change,"**变动率指标 (Rate of Change, ROC)**衡量价格在一定时期内的百分比变化率。计算公式为：（当前收盘价 - N期前收盘价）/ N期前收盘价 * 100%。用于识别动量的加速或减速。",,false,"[""day_1"",""week_1"",""month_1""]","UUS,UBAX,UBAF",STANDARD_SNAPSHOT
4294967269|变动率指标|Rate of Change,security,metric_lookup,snapshot,market_code,4294967269,4294967269,"{""tech_param"":{""children"":[{""children"":null,""default_value"":""ROC"",""desc"":""输出指标"",""enum_options"":[{""label"":""ROC"",""value"":""ROC""}],""example"":""ROC"",""name"":""indicator_component"",""query_type"":""enum"",""required"":""1""},{""children"":null,""default_value"":""9"",""desc"":"""",""enum_options"":[{""label"":""9"",""value"":""9""}],""example"":""9"",""name"":""Length"",""query_type"":""enum"",""required"":""0""}],""default"":null,""enum_options"":null,""example"":null,""name"":""tech_param"",""query_type"":""array"",""required"":""1"",""source"":""legacy""},""time_period"":{""children"":null,""default"":""day_1"",""enum_options"":[{""label"":""day_1"",""value"":""day_1""},{""label"":""week_1"",""value"":""week_1""},{""label"":""month_1"",""value"":""month_1""}],""example"":""day_1"",""name"":""time_period"",""query_type"":""enum"",""required"":""1"",""source"":""legacy""},""trade_class"":{""children"":null,""default"":""intraday"",""enum_options"":[{""label"":""盘前"",""value"":""pre_market""},{""label"":""盘中"",""value"":""intraday""},{""label"":""盘后"",""value"":""post_market""}],""example"":""intraday"",""name"":""trade_class"",""query_type"":""enum"",""required"":""1"",""source"":""legacy""}}",{},stock-detail.json,day_1;week_1;month_1,变动率指标,Rate of Change,"**变动率指标 (Rate of Change, ROC)**衡量价格在一定时期内的百分比变化率。计算公式为：（当前收盘价 - N期前收盘价）/ N期前收盘价 * 100%。用于识别动量的加速或减速。",,false,"[""day_1"",""week_1"",""month_1""]","UUS,UBAX,UBAF",STANDARD_SNAPSHOT
4294967269|变动率指标|Rate of Change,security,metric_lookup,snapshot,market_code,4294967269,4294967269,"{""tech_param"":{""children"":[{""children"":null,""default_value"":""ROC"",""desc"":""输出指标"",""enum_options"":[{""label"":""ROC"",""value"":""ROC""}],""example"":""ROC"",""name"":""indicator_component"",""query_type"":""enum"",""required"":""1""},{""children"":null,""default_value"":""9"",""desc"":"""",""enum_options"":[{""label"":""9"",""value"":""9""}],""example"":""9"",""name"":""Length"",""query_type"":""enum"",""required"":""0""}],""default"":null,""enum_options"":null,""example"":null,""name"":""tech_param"",""query_type"":""array"",""required"":""1"",""source"":""legacy""},""time_period"":{""children"":null,""default"":""day_1"",""enum_options"":[{""label"":""day_1"",""value"":""day_1""},{""label"":""week_1"",""value"":""week_1""},{""label"":""month_1"",""value"":""month_1""}],""example"":""day_1"",""name"":""time_period"",""query_type"":""enum"",""required"":""1"",""source"":""legacy""},""trade_class"":{""children"":null,""default"":""intraday"",""enum_options"":[{""label"":""盘前"",""value"":""pre_market""},{""label"":""盘中"",""value"":""intraday""},{""label"":""盘后"",""value"":""post_market""}],""example"":""intraday"",""name"":""trade_class"",""query_type"":""enum"",""required"":""1"",""source"":""legacy""}}",{},stock-detail.json,day_1;week_1;month_1,变动率指标,Rate of Change,"**变动率指标 (Rate of Change, ROC)**衡量价格在一定时期内的百分比变化率。计算公式为：（当前收盘价 - N期前收盘价）/ N期前收盘价 * 100%。用于识别动量的加速或减速。",,false,"[""day_1"",""week_1"",""month_1""]","UUS,UBAX,UBAF",STANDARD_SNAPSHOT
4294967278|平均真实波幅百分比|Average True Range,security,metric_lookup,snapshot,market_code,4294967278,4294967278,"{""tech_param"":{""children"":[{""children"":null,""default_value"":""ATR%"",""desc"":""输出指标"",""enum_options"":[{""label"":""ATR%"",""value"":""ATR%""}],""example"":""ATR%"",""name"":""indicator_component"",""query_type"":""enum"",""required"":""1""},{""children"":null,""default_value"":""14"",""desc"":"""",""enum_options"":[{""label"":""14"",""value"":""14""}],""example"":""14"",""name"":""Length"",""query_type"":""enum"",""required"":""0""}],""default"":null,""enum_options"":null,""example"":null,""name"":""tech_param"",""query_type"":""array"",""required"":""1"",""source"":""legacy""},""time_period"":{""children"":null,""default"":""day_1"",""enum_options"":[{""label"":""day_1"",""value"":""day_1""},{""label"":""week_1"",""value"":""week_1""},{""label"":""month_1"",""value"":""month_1""}],""example"":""day_1"",""name"":""time_period"",""query_type"":""enum"",""required"":""1"",""source"":""legacy""},""trade_class"":{""children"":null,""default"":""intraday"",""enum_options"":[{""label"":""盘前"",""value"":""pre_market""},{""label"":""盘中"",""value"":""intraday""},{""label"":""盘后"",""value"":""post_market""}],""example"":""intraday"",""name"":""trade_class"",""query_type"":""enum"",""required"":""1"",""source"":""legacy""}}",{},stock-detail.json,day_1;week_1;month_1,平均真实波幅百分比,Average True Range,**平均真实波幅百分比 (ATR %)**将ATR标准化为百分比形式，计算公式为：（ATR / 当前价格）* 100%。便于跨不同资产比较相对波动率，不受绝对价格高低影响。,,false,"[""day_1"",""week_1"",""month_1""]","UUS,UBAX,UBAF",STANDARD_SNAPSHOT
4294967278|平均真实波幅百分比|Average True Range,security,metric_lookup,snapshot,market_code,4294967278,4294967278,"{""tech_param"":{""children"":[{""children"":null,""default_value"":""ATR%"",""desc"":""输出指标"",""enum_options"":[{""label"":""ATR%"",""value"":""ATR%""}],""example"":""ATR%"",""name"":""indicator_component"",""query_type"":""enum"",""required"":""1""},{""children"":null,""default_value"":""14"",""desc"":"""",""enum_options"":[{""label"":""14"",""value"":""14""}],""example"":""14"",""name"":""Length"",""query_type"":""enum"",""required"":""0""}],""default"":null,""enum_options"":null,""example"":null,""name"":""tech_param"",""query_type"":""array"",""required"":""1"",""source"":""legacy""},""time_period"":{""children"":null,""default"":""day_1"",""enum_options"":[{""label"":""day_1"",""value"":""day_1""},{""label"":""week_1"",""value"":""week_1""},{""label"":""month_1"",""value"":""month_1""}],""example"":""day_1"",""name"":""time_period"",""query_type"":""enum"",""required"":""1"",""source"":""legacy""},""trade_class"":{""children"":null,""default"":""intraday"",""enum_options"":[{""label"":""盘前"",""value"":""pre_market""},{""label"":""盘中"",""value"":""intraday""},{""label"":""盘后"",""value"":""post_market""}],""example"":""intraday"",""name"":""trade_class"",""query_type"":""enum"",""required"":""1"",""source"":""legacy""}}",{},stock-detail.json,day_1;week_1;month_1,平均真实波幅百分比,Average True Range,**平均真实波幅百分比 (ATR %)**将ATR标准化为百分比形式，计算公式为：（ATR / 当前价格）* 100%。便于跨不同资产比较相对波动率，不受绝对价格高低影响。,,false,"[""day_1"",""week_1"",""month_1""]","UUS,UBAX,UBAF",STANDARD_SNAPSHOT
4294967278|平均真实波幅百分比|Average True Range,security,metric_lookup,snapshot,market_code,4294967278,4294967278,"{""tech_param"":{""children"":[{""children"":null,""default_value"":""ATR%"",""desc"":""输出指标"",""enum_options"":[{""label"":""ATR%"",""value"":""ATR%""}],""example"":""ATR%"",""name"":""indicator_component"",""query_type"":""enum"",""required"":""1""},{""children"":null,""default_value"":""14"",""desc"":"""",""enum_options"":[{""label"":""14"",""value"":""14""}],""example"":""14"",""name"":""Length"",""query_type"":""enum"",""required"":""0""}],""default"":null,""enum_options"":null,""example"":null,""name"":""tech_param"",""query_type"":""array"",""required"":""1"",""source"":""legacy""},""time_period"":{""children"":null,""default"":""day_1"",""enum_options"":[{""label"":""day_1"",""value"":""day_1""},{""label"":""week_1"",""value"":""week_1""},{""label"":""month_1"",""value"":""month_1""}],""example"":""day_1"",""name"":""time_period"",""query_type"":""enum"",""required"":""1"",""source"":""legacy""},""trade_class"":{""children"":null,""default"":""intraday"",""enum_options"":[{""label"":""盘前"",""value"":""pre_market""},{""label"":""盘中"",""value"":""intraday""},{""label"":""盘后"",""value"":""post_market""}],""example"":""intraday"",""name"":""trade_class"",""query_type"":""enum"",""required"":""1"",""source"":""legacy""}}",{},stock-detail.json,day_1;week_1;month_1,平均真实波幅百分比,Average True Range,**平均真实波幅百分比 (ATR %)**将ATR标准化为百分比形式，计算公式为：（ATR / 当前价格）* 100%。便于跨不同资产比较相对波动率，不受绝对价格高低影响。,,false,"[""day_1"",""week_1"",""month_1""]","UUS,UBAX,UBAF",STANDARD_SNAPSHOT
4294967277|多空力量指标|Bull Bear Power,security,metric_lookup,snapshot,market_code,4294967277,4294967277,"{""tech_param"":{""children"":[{""children"":null,""default_value"":""BBPower"",""desc"":""输出指标"",""enum_options"":[{""label"":""BBPower"",""value"":""BBPower""}],""example"":""BBPower"",""name"":""indicator_component"",""query_type"":""enum"",""required"":""1""},{""children"":null,""default_value"":""13"",""desc"":"""",""enum_options"":[{""label"":""13"",""value"":""13""}],""example"":""13"",""name"":""Length"",""query_type"":""enum"",""required"":""0""}],""default"":null,""enum_options"":null,""example"":null,""name"":""tech_param"",""query_type"":""array"",""required"":""1"",""source"":""legacy""},""time_period"":{""children"":null,""default"":""day_1"",""enum_options"":[{""label"":""day_1"",""value"":""day_1""},{""label"":""week_1"",""value"":""week_1""},{""label"":""month_1"",""value"":""month_1""}],""example"":""day_1"",""name"":""time_period"",""query_type"":""enum"",""required"":""1"",""source"":""legacy""},""trade_class"":{""children"":null,""default"":""intraday"",""enum_options"":[{""label"":""盘前"",""value"":""pre_market""},{""label"":""盘中"",""value"":""intraday""},{""label"":""盘后"",""value"":""post_market""}],""example"":""intraday"",""name"":""trade_class"",""query_type"":""enum"",""required"":""1"",""source"":""legacy""}}",{},stock-detail.json,day_1;week_1;month_1,多空力量指标,Bull Bear Power,**多空力量指标 (Bull Bear Power)**通过计算价格的指数移动平均线（EMA）与最高价/最低价的关系，来评估多头和空头的瞬时力量。由两条线组成：**多头力量**（最高价 - EMA），**空头力量**（最低价 - EMA）。正值越大表示买方力量越强，负值越大表示卖方力量越强。,,false,"[""day_1"",""week_1"",""month_1""]","UUS,UBAX,UBAF",STANDARD_SNAPSHOT
4294967277|多空力量指标|Bull Bear Power,security,metric_lookup,snapshot,market_code,4294967277,4294967277,"{""tech_param"":{""children"":[{""children"":null,""default_value"":""BBPower"",""desc"":""输出指标"",""enum_options"":[{""label"":""BBPower"",""value"":""BBPower""}],""example"":""BBPower"",""name"":""indicator_component"",""query_type"":""enum"",""required"":""1""},{""children"":null,""default_value"":""13"",""desc"":"""",""enum_options"":[{""label"":""13"",""value"":""13""}],""example"":""13"",""name"":""Length"",""query_type"":""enum"",""required"":""0""}],""default"":null,""enum_options"":null,""example"":null,""name"":""tech_param"",""query_type"":""array"",""required"":""1"",""source"":""legacy""},""time_period"":{""children"":null,""default"":""day_1"",""enum_options"":[{""label"":""day_1"",""value"":""day_1""},{""label"":""week_1"",""value"":""week_1""},{""label"":""month_1"",""value"":""month_1""}],""example"":""day_1"",""name"":""time_period"",""query_type"":""enum"",""required"":""1"",""source"":""legacy""},""trade_class"":{""children"":null,""default"":""intraday"",""enum_options"":[{""label"":""盘前"",""value"":""pre_market""},{""label"":""盘中"",""value"":""intraday""},{""label"":""盘后"",""value"":""post_market""}],""example"":""intraday"",""name"":""trade_class"",""query_type"":""enum"",""required"":""1"",""source"":""legacy""}}",{},stock-detail.json,day_1;week_1;month_1,多空力量指标,Bull Bear Power,**多空力量指标 (Bull Bear Power)**通过计算价格的指数移动平均线（EMA）与最高价/最低价的关系，来评估多头和空头的瞬时力量。由两条线组成：**多头力量**（最高价 - EMA），**空头力量**（最低价 - EMA）。正值越大表示买方力量越强，负值越大表示卖方力量越强。,,false,"[""day_1"",""week_1"",""month_1""]","UUS,UBAX,UBAF",STANDARD_SNAPSHOT
4294967277|多空力量指标|Bull Bear Power,security,metric_lookup,snapshot,market_code,4294967277,4294967277,"{""tech_param"":{""children"":[{""children"":null,""default_value"":""BBPower"",""desc"":""输出指标"",""enum_options"":[{""label"":""BBPower"",""value"":""BBPower""}],""example"":""BBPower"",""name"":""indicator_component"",""query_type"":""enum"",""required"":""1""},{""children"":null,""default_value"":""13"",""desc"":"""",""enum_options"":[{""label"":""13"",""value"":""13""}],""example"":""13"",""name"":""Length"",""query_type"":""enum"",""required"":""0""}],""default"":null,""enum_options"":null,""example"":null,""name"":""tech_param"",""query_type"":""array"",""required"":""1"",""source"":""legacy""},""time_period"":{""children"":null,""default"":""day_1"",""enum_options"":[{""label"":""day_1"",""value"":""day_1""},{""label"":""week_1"",""value"":""week_1""},{""label"":""month_1"",""value"":""month_1""}],""example"":""day_1"",""name"":""time_period"",""query_type"":""enum"",""required"":""1"",""source"":""legacy""},""trade_class"":{""children"":null,""default"":""intraday"",""enum_options"":[{""label"":""盘前"",""value"":""pre_market""},{""label"":""盘中"",""value"":""intraday""},{""label"":""盘后"",""value"":""post_market""}],""example"":""intraday"",""name"":""trade_class"",""query_type"":""enum"",""required"":""1"",""source"":""legacy""}}",{},stock-detail.json,day_1;week_1;month_1,多空力量指标,Bull Bear Power,**多空力量指标 (Bull Bear Power)**通过计算价格的指数移动平均线（EMA）与最高价/最低价的关系，来评估多头和空头的瞬时力量。由两条线组成：**多头力量**（最高价 - EMA），**空头力量**（最低价 - EMA）。正值越大表示买方力量越强，负值越大表示卖方力量越强。,,false,"[""day_1"",""week_1"",""month_1""]","UUS,UBAX,UBAF",STANDARD_SNAPSHOT
4294967273|凯尔特纳通道|Keltner Channel,security,metric_lookup,snapshot,market_code,4294967273,4294967273,"{""tech_param"":{""children"":[{""children"":null,""default_value"":""Upper"",""desc"":""输出指标"",""enum_options"":[{""label"":""Upper"",""value"":""Upper""},{""label"":""Basis"",""value"":""Basis""},{""label"":""Lower"",""value"":""Lower""}],""example"":""Upper"",""name"":""indicator_component"",""query_type"":""enum"",""required"":""1""},{""children"":null,""default_value"":""20"",""desc"":"""",""enum_options"":[{""label"":""20"",""value"":""20""}],""example"":""20"",""name"":""Length"",""query_type"":""enum"",""required"":""0""},{""children"":null,""default_value"":""2"",""desc"":"""",""enum_options"":[{""label"":""2"",""value"":""2""}],""example"":""2"",""name"":""Multiplier"",""query_type"":""enum"",""required"":""0""},{""children"":null,""default_value"":""10"",""desc"":"""",""enum_options"":[{""label"":""10"",""value"":""10""}],""example"":""10"",""name"":""ATR Length"",""query_type"":""enum"",""required"":""0""}],""default"":null,""enum_options"":null,""example"":null,""name"":""tech_param"",""query_type"":""array"",""required"":""1"",""source"":""legacy""},""time_period"":{""children"":null,""default"":""day_1"",""enum_options"":[{""label"":""day_1"",""value"":""day_1""},{""label"":""week_1"",""value"":""week_1""},{""label"":""month_1"",""value"":""month_1""}],""example"":""day_1"",""name"":""time_period"",""query_type"":""enum"",""required"":""1"",""source"":""legacy""},""trade_class"":{""children"":null,""default"":""intraday"",""enum_options"":[{""label"":""盘前"",""value"":""pre_market""},{""label"":""盘中"",""value"":""intraday""},{""label"":""盘后"",""value"":""post_market""}],""example"":""intraday"",""name"":""trade_class"",""query_type"":""enum"",""required"":""1"",""source"":""legacy""}}",{},stock-detail.json,day_1;week_1;month_1,凯尔特纳通道,Keltner Channel,**凯尔特纳通道 (Keltner Channel)**一种波动性通道指标，通常由三条线组成：中轨为指数移动平均线（EMA），上下轨为中轨加减平均真实波幅（ATR）的倍数。与布林带类似，但使用ATR而非标准差，通道更平滑，常用于识别趋势和突破。,,false,"[""day_1"",""week_1"",""month_1""]","UUS,UBAX,UBAF",STANDARD_SNAPSHOT
4294967273|凯尔特纳通道|Keltner Channel,security,metric_lookup,snapshot,market_code,4294967273,4294967273,"{""tech_param"":{""children"":[{""children"":null,""default_value"":""Upper"",""desc"":""输出指标"",""enum_options"":[{""label"":""Upper"",""value"":""Upper""},{""label"":""Basis"",""value"":""Basis""},{""label"":""Lower"",""value"":""Lower""}],""example"":""Upper"",""name"":""indicator_component"",""query_type"":""enum"",""required"":""1""},{""children"":null,""default_value"":""20"",""desc"":"""",""enum_options"":[{""label"":""20"",""value"":""20""}],""example"":""20"",""name"":""Length"",""query_type"":""enum"",""required"":""0""},{""children"":null,""default_value"":""2"",""desc"":"""",""enum_options"":[{""label"":""2"",""value"":""2""}],""example"":""2"",""name"":""Multiplier"",""query_type"":""enum"",""required"":""0""},{""children"":null,""default_value"":""10"",""desc"":"""",""enum_options"":[{""label"":""10"",""value"":""10""}],""example"":""10"",""name"":""ATR Length"",""query_type"":""enum"",""required"":""0""}],""default"":null,""enum_options"":null,""example"":null,""name"":""tech_param"",""query_type"":""array"",""required"":""1"",""source"":""legacy""},""time_period"":{""children"":null,""default"":""day_1"",""enum_options"":[{""label"":""day_1"",""value"":""day_1""},{""label"":""week_1"",""value"":""week_1""},{""label"":""month_1"",""value"":""month_1""}],""example"":""day_1"",""name"":""time_period"",""query_type"":""enum"",""required"":""1"",""source"":""legacy""},""trade_class"":{""children"":null,""default"":""intraday"",""enum_options"":[{""label"":""盘前"",""value"":""pre_market""},{""label"":""盘中"",""value"":""intraday""},{""label"":""盘后"",""value"":""post_market""}],""example"":""intraday"",""name"":""trade_class"",""query_type"":""enum"",""required"":""1"",""source"":""legacy""}}",{},stock-detail.json,day_1;week_1;month_1,凯尔特纳通道,Keltner Channel,**凯尔特纳通道 (Keltner Channel)**一种波动性通道指标，通常由三条线组成：中轨为指数移动平均线（EMA），上下轨为中轨加减平均真实波幅（ATR）的倍数。与布林带类似，但使用ATR而非标准差，通道更平滑，常用于识别趋势和突破。,,false,"[""day_1"",""week_1"",""month_1""]","UUS,UBAX,UBAF",STANDARD_SNAPSHOT
4294967273|凯尔特纳通道|Keltner Channel,security,metric_lookup,snapshot,market_code,4294967273,4294967273,"{""tech_param"":{""children"":[{""children"":null,""default_value"":""Upper"",""desc"":""输出指标"",""enum_options"":[{""label"":""Upper"",""value"":""Upper""},{""label"":""Basis"",""value"":""Basis""},{""label"":""Lower"",""value"":""Lower""}],""example"":""Upper"",""name"":""indicator_component"",""query_type"":""enum"",""required"":""1""},{""children"":null,""default_value"":""20"",""desc"":"""",""enum_options"":[{""label"":""20"",""value"":""20""}],""example"":""20"",""name"":""Length"",""query_type"":""enum"",""required"":""0""},{""children"":null,""default_value"":""2"",""desc"":"""",""enum_options"":[{""label"":""2"",""value"":""2""}],""example"":""2"",""name"":""Multiplier"",""query_type"":""enum"",""required"":""0""},{""children"":null,""default_value"":""10"",""desc"":"""",""enum_options"":[{""label"":""10"",""value"":""10""}],""example"":""10"",""name"":""ATR Length"",""query_type"":""enum"",""required"":""0""}],""default"":null,""enum_options"":null,""example"":null,""name"":""tech_param"",""query_type"":""array"",""required"":""1"",""source"":""legacy""},""time_period"":{""children"":null,""default"":""day_1"",""enum_options"":[{""label"":""day_1"",""value"":""day_1""},{""label"":""week_1"",""value"":""week_1""},{""label"":""month_1"",""value"":""month_1""}],""example"":""day_1"",""name"":""time_period"",""query_type"":""enum"",""required"":""1"",""source"":""legacy""},""trade_class"":{""children"":null,""default"":""intraday"",""enum_options"":[{""label"":""盘前"",""value"":""pre_market""},{""label"":""盘中"",""value"":""intraday""},{""label"":""盘后"",""value"":""post_market""}],""example"":""intraday"",""name"":""trade_class"",""query_type"":""enum"",""required"":""1"",""source"":""legacy""}}",{},stock-detail.json,day_1;week_1;month_1,凯尔特纳通道,Keltner Channel,**凯尔特纳通道 (Keltner Channel)**一种波动性通道指标，通常由三条线组成：中轨为指数移动平均线（EMA），上下轨为中轨加减平均真实波幅（ATR）的倍数。与布林带类似，但使用ATR而非标准差，通道更平滑，常用于识别趋势和突破。,,false,"[""day_1"",""week_1"",""month_1""]","UUS,UBAX,UBAF",STANDARD_SNAPSHOT
4294967274|趋向指标|Directional Movement Index,security,metric_lookup,snapshot,market_code,4294967274,4294967274,"{""tech_param"":{""children"":[{""children"":null,""default_value"":""ADX"",""desc"":""输出指标"",""enum_options"":[{""label"":""ADX"",""value"":""ADX""},{""label"":""+DI"",""value"":""+DI""},{""label"":""-DI"",""value"":""-DI""}],""example"":""ADX"",""name"":""indicator_component"",""query_type"":""enum"",""required"":""1""},{""children"":null,""default_value"":""14"",""desc"":"""",""enum_options"":[{""label"":""14"",""value"":""14""}],""example"":""14"",""name"":""DI Length"",""query_type"":""enum"",""required"":""0""},{""children"":null,""default_value"":""14"",""desc"":"""",""enum_options"":[{""label"":""14"",""value"":""14""}],""example"":""14"",""name"":""ADX Smoothing"",""query_type"":""enum"",""required"":""0""}],""default"":null,""enum_options"":null,""example"":null,""name"":""tech_param"",""query_type"":""array"",""required"":""1"",""source"":""legacy""},""time_period"":{""children"":null,""default"":""day_1"",""enum_options"":[{""label"":""day_1"",""value"":""day_1""},{""label"":""week_1"",""value"":""week_1""},{""label"":""month_1"",""value"":""month_1""}],""example"":""day_1"",""name"":""time_period"",""query_type"":""enum"",""required"":""1"",""source"":""legacy""},""trade_class"":{""children"":null,""default"":""intraday"",""enum_options"":[{""label"":""盘前"",""value"":""pre_market""},{""label"":""盘中"",""value"":""intraday""},{""label"":""盘后"",""value"":""post_market""}],""example"":""intraday"",""name"":""trade_class"",""query_type"":""enum"",""required"":""1"",""source"":""legacy""}}",{},stock-detail.json,day_1;week_1;month_1,趋向指标,Directional Movement Index,"**趋向指标 (Directional Movement Index, DMI)**是**平均趋向指数（ADX）系统**的一部分。包含三条线：**+DI（正向指标）**、**-DI（负向指标）** 和**ADX**。+DI和-DI用于判断趋势方向（+DI上穿-DI为上升趋势信号），ADX用于衡量趋势强度（ADX值高表示趋势强）。",,false,"[""day_1"",""week_1"",""month_1""]","UUS,UBAX,UBAF",STANDARD_SNAPSHOT
4294967274|趋向指标|Directional Movement Index,security,metric_lookup,snapshot,market_code,4294967274,4294967274,"{""tech_param"":{""children"":[{""children"":null,""default_value"":""ADX"",""desc"":""输出指标"",""enum_options"":[{""label"":""ADX"",""value"":""ADX""},{""label"":""+DI"",""value"":""+DI""},{""label"":""-DI"",""value"":""-DI""}],""example"":""ADX"",""name"":""indicator_component"",""query_type"":""enum"",""required"":""1""},{""children"":null,""default_value"":""14"",""desc"":"""",""enum_options"":[{""label"":""14"",""value"":""14""}],""example"":""14"",""name"":""DI Length"",""query_type"":""enum"",""required"":""0""},{""children"":null,""default_value"":""14"",""desc"":"""",""enum_options"":[{""label"":""14"",""value"":""14""}],""example"":""14"",""name"":""ADX Smoothing"",""query_type"":""enum"",""required"":""0""}],""default"":null,""enum_options"":null,""example"":null,""name"":""tech_param"",""query_type"":""array"",""required"":""1"",""source"":""legacy""},""time_period"":{""children"":null,""default"":""day_1"",""enum_options"":[{""label"":""day_1"",""value"":""day_1""},{""label"":""week_1"",""value"":""week_1""},{""label"":""month_1"",""value"":""month_1""}],""example"":""day_1"",""name"":""time_period"",""query_type"":""enum"",""required"":""1"",""source"":""legacy""},""trade_class"":{""children"":null,""default"":""intraday"",""enum_options"":[{""label"":""盘前"",""value"":""pre_market""},{""label"":""盘中"",""value"":""intraday""},{""label"":""盘后"",""value"":""post_market""}],""example"":""intraday"",""name"":""trade_class"",""query_type"":""enum"",""required"":""1"",""source"":""legacy""}}",{},stock-detail.json,day_1;week_1;month_1,趋向指标,Directional Movement Index,"**趋向指标 (Directional Movement Index, DMI)**是**平均趋向指数（ADX）系统**的一部分。包含三条线：**+DI（正向指标）**、**-DI（负向指标）** 和**ADX**。+DI和-DI用于判断趋势方向（+DI上穿-DI为上升趋势信号），ADX用于衡量趋势强度（ADX值高表示趋势强）。",,false,"[""day_1"",""week_1"",""month_1""]","UUS,UBAX,UBAF",STANDARD_SNAPSHOT
4294967274|趋向指标|Directional Movement Index,security,metric_lookup,snapshot,market_code,4294967274,4294967274,"{""tech_param"":{""children"":[{""children"":null,""default_value"":""ADX"",""desc"":""输出指标"",""enum_options"":[{""label"":""ADX"",""value"":""ADX""},{""label"":""+DI"",""value"":""+DI""},{""label"":""-DI"",""value"":""-DI""}],""example"":""ADX"",""name"":""indicator_component"",""query_type"":""enum"",""required"":""1""},{""children"":null,""default_value"":""14"",""desc"":"""",""enum_options"":[{""label"":""14"",""value"":""14""}],""example"":""14"",""name"":""DI Length"",""query_type"":""enum"",""required"":""0""},{""children"":null,""default_value"":""14"",""desc"":"""",""enum_options"":[{""label"":""14"",""value"":""14""}],""example"":""14"",""name"":""ADX Smoothing"",""query_type"":""enum"",""required"":""0""}],""default"":null,""enum_options"":null,""example"":null,""name"":""tech_param"",""query_type"":""array"",""required"":""1"",""source"":""legacy""},""time_period"":{""children"":null,""default"":""day_1"",""enum_options"":[{""label"":""day_1"",""value"":""day_1""},{""label"":""week_1"",""value"":""week_1""},{""label"":""month_1"",""value"":""month_1""}],""example"":""day_1"",""name"":""time_period"",""query_type"":""enum"",""required"":""1"",""source"":""legacy""},""trade_class"":{""children"":null,""default"":""intraday"",""enum_options"":[{""label"":""盘前"",""value"":""pre_market""},{""label"":""盘中"",""value"":""intraday""},{""label"":""盘后"",""value"":""post_market""}],""example"":""intraday"",""name"":""trade_class"",""query_type"":""enum"",""required"":""1"",""source"":""legacy""}}",{},stock-detail.json,day_1;week_1;month_1,趋向指标,Directional Movement Index,"**趋向指标 (Directional Movement Index, DMI)**是**平均趋向指数（ADX）系统**的一部分。包含三条线：**+DI（正向指标）**、**-DI（负向指标）** 和**ADX**。+DI和-DI用于判断趋势方向（+DI上穿-DI为上升趋势信号），ADX用于衡量趋势强度（ADX值高表示趋势强）。",,false,"[""day_1"",""week_1"",""month_1""]","UUS,UBAX,UBAF",STANDARD_SNAPSHOT
4294967276|蔡金资金流量指标|Chaikin Money Flow,security,metric_lookup,snapshot,market_code,4294967276,4294967276,"{""tech_param"":{""children"":[{""children"":null,""default_value"":""CMF"",""desc"":""输出指标"",""enum_options"":[{""label"":""CMF"",""value"":""CMF""}],""example"":""CMF"",""name"":""indicator_component"",""query_type"":""enum"",""required"":""1""},{""children"":null,""default_value"":""20"",""desc"":"""",""enum_options"":[{""label"":""20"",""value"":""20""}],""example"":""20"",""name"":""Length"",""query_type"":""enum"",""required"":""0""}],""default"":null,""enum_options"":null,""example"":null,""name"":""tech_param"",""query_type"":""array"",""required"":""1"",""source"":""legacy""},""time_period"":{""children"":null,""default"":""day_1"",""enum_options"":[{""label"":""day_1"",""value"":""day_1""},{""label"":""week_1"",""value"":""week_1""},{""label"":""month_1"",""value"":""month_1""}],""example"":""day_1"",""name"":""time_period"",""query_type"":""enum"",""required"":""1"",""source"":""legacy""},""trade_class"":{""children"":null,""default"":""intraday"",""enum_options"":[{""label"":""盘前"",""value"":""pre_market""},{""label"":""盘中"",""value"":""intraday""},{""label"":""盘后"",""value"":""post_market""}],""example"":""intraday"",""name"":""trade_class"",""query_type"":""enum"",""required"":""1"",""source"":""legacy""}}",{},stock-detail.json,day_1;week_1;month_1,蔡金资金流量指标,Chaikin Money Flow,"**蔡金资金流量指标 (Chaikin Money Flow, CMF)**由马克·蔡金开发，将价格变动与成交量结合，衡量一段时间内资金流入或流出的强度。指标在零轴上方表示资金净流入（看涨），下方表示净流出（看跌）。",,false,"[""day_1"",""week_1"",""month_1""]","UUS,UBAX,UBAF",STANDARD_SNAPSHOT
4294967276|蔡金资金流量指标|Chaikin Money Flow,security,metric_lookup,snapshot,market_code,4294967276,4294967276,"{""tech_param"":{""children"":[{""children"":null,""default_value"":""CMF"",""desc"":""输出指标"",""enum_options"":[{""label"":""CMF"",""value"":""CMF""}],""example"":""CMF"",""name"":""indicator_component"",""query_type"":""enum"",""required"":""1""},{""children"":null,""default_value"":""20"",""desc"":"""",""enum_options"":[{""label"":""20"",""value"":""20""}],""example"":""20"",""name"":""Length"",""query_type"":""enum"",""required"":""0""}],""default"":null,""enum_options"":null,""example"":null,""name"":""tech_param"",""query_type"":""array"",""required"":""1"",""source"":""legacy""},""time_period"":{""children"":null,""default"":""day_1"",""enum_options"":[{""label"":""day_1"",""value"":""day_1""},{""label"":""week_1"",""value"":""week_1""},{""label"":""month_1"",""value"":""month_1""}],""example"":""day_1"",""name"":""time_period"",""query_type"":""enum"",""required"":""1"",""source"":""legacy""},""trade_class"":{""children"":null,""default"":""intraday"",""enum_options"":[{""label"":""盘前"",""value"":""pre_market""},{""label"":""盘中"",""value"":""intraday""},{""label"":""盘后"",""value"":""post_market""}],""example"":""intraday"",""name"":""trade_class"",""query_type"":""enum"",""required"":""1"",""source"":""legacy""}}",{},stock-detail.json,day_1;week_1;month_1,蔡金资金流量指标,Chaikin Money Flow,"**蔡金资金流量指标 (Chaikin Money Flow, CMF)**由马克·蔡金开发，将价格变动与成交量结合，衡量一段时间内资金流入或流出的强度。指标在零轴上方表示资金净流入（看涨），下方表示净流出（看跌）。",,false,"[""day_1"",""week_1"",""month_1""]","UUS,UBAX,UBAF",STANDARD_SNAPSHOT
4294967276|蔡金资金流量指标|Chaikin Money Flow,security,metric_lookup,snapshot,market_code,4294967276,4294967276,"{""tech_param"":{""children"":[{""children"":null,""default_value"":""CMF"",""desc"":""输出指标"",""enum_options"":[{""label"":""CMF"",""value"":""CMF""}],""example"":""CMF"",""name"":""indicator_component"",""query_type"":""enum"",""required"":""1""},{""children"":null,""default_value"":""20"",""desc"":"""",""enum_options"":[{""label"":""20"",""value"":""20""}],""example"":""20"",""name"":""Length"",""query_type"":""enum"",""required"":""0""}],""default"":null,""enum_options"":null,""example"":null,""name"":""tech_param"",""query_type"":""array"",""required"":""1"",""source"":""legacy""},""time_period"":{""children"":null,""default"":""day_1"",""enum_options"":[{""label"":""day_1"",""value"":""day_1""},{""label"":""week_1"",""value"":""week_1""},{""label"":""month_1"",""value"":""month_1""}],""example"":""day_1"",""name"":""time_period"",""query_type"":""enum"",""required"":""1"",""source"":""legacy""},""trade_class"":{""children"":null,""default"":""intraday"",""enum_options"":[{""label"":""盘前"",""value"":""pre_market""},{""label"":""盘中"",""value"":""intraday""},{""label"":""盘后"",""value"":""post_market""}],""example"":""intraday"",""name"":""trade_class"",""query_type"":""enum"",""required"":""1"",""source"":""legacy""}}",{},stock-detail.json,day_1;week_1;month_1,蔡金资金流量指标,Chaikin Money Flow,"**蔡金资金流量指标 (Chaikin Money Flow, CMF)**由马克·蔡金开发，将价格变动与成交量结合，衡量一段时间内资金流入或流出的强度。指标在零轴上方表示资金净流入（看涨），下方表示净流出（看跌）。",,false,"[""day_1"",""week_1"",""month_1""]","UUS,UBAX,UBAF",STANDARD_SNAPSHOT
265380|唐奇安通道|Donchian Channel,security,metric_lookup,snapshot,market_code,265380,265380,"{""tech_param"":{""children"":[{""children"":null,""default_value"":""UPPER"",""desc"":""输出指标"",""enum_options"":[{""label"":""UPPER"",""value"":""UPPER""},{""label"":""LOWER"",""value"":""LOWER""},{""label"":""MID"",""value"":""MID""}],""example"":""UPPER"",""name"":""indicator_component"",""query_type"":""enum"",""required"":""1""},{""children"":null,""default_value"":""20"",""desc"":"""",""enum_options"":[{""label"":""20"",""value"":""20""}],""example"":""20"",""name"":""N"",""query_type"":""enum"",""required"":""0""}],""default"":null,""enum_options"":null,""example"":null,""name"":""tech_param"",""query_type"":""array"",""required"":""1"",""source"":""legacy""},""time_period"":{""children"":null,""default"":""day_1"",""enum_options"":[{""label"":""day_1"",""value"":""day_1""},{""label"":""week_1"",""value"":""week_1""},{""label"":""month_1"",""value"":""month_1""}],""example"":""day_1"",""name"":""time_period"",""query_type"":""enum"",""required"":""1"",""source"":""legacy""},""trade_class"":{""children"":null,""default"":""intraday"",""enum_options"":[{""label"":""盘前"",""value"":""pre_market""},{""label"":""盘中"",""value"":""intraday""},{""label"":""盘后"",""value"":""post_market""}],""example"":""intraday"",""name"":""trade_class"",""query_type"":""enum"",""required"":""1"",""source"":""legacy""}}",{},stock-detail.json,day_1;week_1;month_1,唐奇安通道,Donchian Channel,**唐奇安通道 (Donchian Channel)**由理查德·唐奇安创建。由三条线组成：**上轨**为过去N期的最高价，**下轨**为过去N期的最低价，**中轨**为上下轨的均值。通道的突破常被视为趋势开始的信号，也是海龟交易法则的核心工具。,,false,"[""day_1"",""week_1"",""month_1""]","UUS,UBAX,UBAF",STANDARD_SNAPSHOT
265380|唐奇安通道|Donchian Channel,security,metric_lookup,snapshot,market_code,265380,265380,"{""tech_param"":{""children"":[{""children"":null,""default_value"":""UPPER"",""desc"":""输出指标"",""enum_options"":[{""label"":""UPPER"",""value"":""UPPER""},{""label"":""LOWER"",""value"":""LOWER""},{""label"":""MID"",""value"":""MID""}],""example"":""UPPER"",""name"":""indicator_component"",""query_type"":""enum"",""required"":""1""},{""children"":null,""default_value"":""20"",""desc"":"""",""enum_options"":[{""label"":""20"",""value"":""20""}],""example"":""20"",""name"":""N"",""query_type"":""enum"",""required"":""0""}],""default"":null,""enum_options"":null,""example"":null,""name"":""tech_param"",""query_type"":""array"",""required"":""1"",""source"":""legacy""},""time_period"":{""children"":null,""default"":""day_1"",""enum_options"":[{""label"":""day_1"",""value"":""day_1""},{""label"":""week_1"",""value"":""week_1""},{""label"":""month_1"",""value"":""month_1""}],""example"":""day_1"",""name"":""time_period"",""query_type"":""enum"",""required"":""1"",""source"":""legacy""},""trade_class"":{""children"":null,""default"":""intraday"",""enum_options"":[{""label"":""盘前"",""value"":""pre_market""},{""label"":""盘中"",""value"":""intraday""},{""label"":""盘后"",""value"":""post_market""}],""example"":""intraday"",""name"":""trade_class"",""query_type"":""enum"",""required"":""1"",""source"":""legacy""}}",{},stock-detail.json,day_1;week_1;month_1,唐奇安通道,Donchian Channel,**唐奇安通道 (Donchian Channel)**由理查德·唐奇安创建。由三条线组成：**上轨**为过去N期的最高价，**下轨**为过去N期的最低价，**中轨**为上下轨的均值。通道的突破常被视为趋势开始的信号，也是海龟交易法则的核心工具。,,false,"[""day_1"",""week_1"",""month_1""]","UUS,UBAX,UBAF",STANDARD_SNAPSHOT
265380|唐奇安通道|Donchian Channel,security,metric_lookup,snapshot,market_code,265380,265380,"{""tech_param"":{""children"":[{""children"":null,""default_value"":""UPPER"",""desc"":""输出指标"",""enum_options"":[{""label"":""UPPER"",""value"":""UPPER""},{""label"":""LOWER"",""value"":""LOWER""},{""label"":""MID"",""value"":""MID""}],""example"":""UPPER"",""name"":""indicator_component"",""query_type"":""enum"",""required"":""1""},{""children"":null,""default_value"":""20"",""desc"":"""",""enum_options"":[{""label"":""20"",""value"":""20""}],""example"":""20"",""name"":""N"",""query_type"":""enum"",""required"":""0""}],""default"":null,""enum_options"":null,""example"":null,""name"":""tech_param"",""query_type"":""array"",""required"":""1"",""source"":""legacy""},""time_period"":{""children"":null,""default"":""day_1"",""enum_options"":[{""label"":""day_1"",""value"":""day_1""},{""label"":""week_1"",""value"":""week_1""},{""label"":""month_1"",""value"":""month_1""}],""example"":""day_1"",""name"":""time_period"",""query_type"":""enum"",""required"":""1"",""source"":""legacy""},""trade_class"":{""children"":null,""default"":""intraday"",""enum_options"":[{""label"":""盘前"",""value"":""pre_market""},{""label"":""盘中"",""value"":""intraday""},{""label"":""盘后"",""value"":""post_market""}],""example"":""intraday"",""name"":""trade_class"",""query_type"":""enum"",""required"":""1"",""source"":""legacy""}}",{},stock-detail.json,day_1;week_1;month_1,唐奇安通道,Donchian Channel,**唐奇安通道 (Donchian Channel)**由理查德·唐奇安创建。由三条线组成：**上轨**为过去N期的最高价，**下轨**为过去N期的最低价，**中轨**为上下轨的均值。通道的突破常被视为趋势开始的信号，也是海龟交易法则的核心工具。,,false,"[""day_1"",""week_1"",""month_1""]","UUS,UBAX,UBAF",STANDARD_SNAPSHOT
4294967283|随机相对强弱指数|Relative Strength Index,security,metric_lookup,snapshot,market_code,4294967283,4294967283,"{""tech_param"":{""children"":[{""children"":null,""default_value"":""K"",""desc"":""输出指标"",""enum_options"":[{""label"":""K"",""value"":""K""},{""label"":""D"",""value"":""D""}],""example"":""K"",""name"":""indicator_component"",""query_type"":""enum"",""required"":""1""},{""children"":null,""default_value"":""3"",""desc"":"""",""enum_options"":[{""label"":""3"",""value"":""3""}],""example"":""3"",""name"":""K"",""query_type"":""enum"",""required"":""0""},{""children"":null,""default_value"":""3"",""desc"":"""",""enum_options"":[{""label"":""3"",""value"":""3""}],""example"":""3"",""name"":""D"",""query_type"":""enum"",""required"":""0""},{""children"":null,""default_value"":""14"",""desc"":"""",""enum_options"":[{""label"":""14"",""value"":""14""}],""example"":""14"",""name"":""RSI Length"",""query_type"":""enum"",""required"":""0""},{""children"":null,""default_value"":""14"",""desc"":"""",""enum_options"":[{""label"":""14"",""value"":""14""}],""example"":""14"",""name"":""Stochastic Length"",""query_type"":""enum"",""required"":""0""}],""default"":null,""enum_options"":null,""example"":null,""name"":""tech_param"",""query_type"":""array"",""required"":""1"",""source"":""legacy""},""time_period"":{""children"":null,""default"":""day_1"",""enum_options"":[{""label"":""day_1"",""value"":""day_1""},{""label"":""week_1"",""value"":""week_1""},{""label"":""month_1"",""value"":""month_1""}],""example"":""day_1"",""name"":""time_period"",""query_type"":""enum"",""required"":""1"",""source"":""legacy""},""trade_class"":{""children"":null,""default"":""intraday"",""enum_options"":[{""label"":""盘前"",""value"":""pre_market""},{""label"":""盘中"",""value"":""intraday""},{""label"":""盘后"",""value"":""post_market""}],""example"":""intraday"",""name"":""trade_class"",""query_type"":""enum"",""required"":""1"",""source"":""legacy""}}",{},stock-detail.json,day_1;week_1;month_1,随机相对强弱指数,Relative Strength Index,RSI（相对强弱指数）：这是一个衡量价格变动速度和幅度的动量指标，用于评估资产是否处于“超买”（价格上涨过快，可能回调）或“超卖”（价格下跌过快，可能反弹）状态。标准RSI值在0到100之间，通常以70以上为超买，30以下为超卖。,,false,"[""day_1"",""week_1"",""month_1""]","UUS,UBAX,UBAF",STANDARD_SNAPSHOT
4294967283|随机相对强弱指数|Relative Strength Index,security,metric_lookup,snapshot,market_code,4294967283,4294967283,"{""tech_param"":{""children"":[{""children"":null,""default_value"":""K"",""desc"":""输出指标"",""enum_options"":[{""label"":""K"",""value"":""K""},{""label"":""D"",""value"":""D""}],""example"":""K"",""name"":""indicator_component"",""query_type"":""enum"",""required"":""1""},{""children"":null,""default_value"":""3"",""desc"":"""",""enum_options"":[{""label"":""3"",""value"":""3""}],""example"":""3"",""name"":""K"",""query_type"":""enum"",""required"":""0""},{""children"":null,""default_value"":""3"",""desc"":"""",""enum_options"":[{""label"":""3"",""value"":""3""}],""example"":""3"",""name"":""D"",""query_type"":""enum"",""required"":""0""},{""children"":null,""default_value"":""14"",""desc"":"""",""enum_options"":[{""label"":""14"",""value"":""14""}],""example"":""14"",""name"":""RSI Length"",""query_type"":""enum"",""required"":""0""},{""children"":null,""default_value"":""14"",""desc"":"""",""enum_options"":[{""label"":""14"",""value"":""14""}],""example"":""14"",""name"":""Stochastic Length"",""query_type"":""enum"",""required"":""0""}],""default"":null,""enum_options"":null,""example"":null,""name"":""tech_param"",""query_type"":""array"",""required"":""1"",""source"":""legacy""},""time_period"":{""children"":null,""default"":""day_1"",""enum_options"":[{""label"":""day_1"",""value"":""day_1""},{""label"":""week_1"",""value"":""week_1""},{""label"":""month_1"",""value"":""month_1""}],""example"":""day_1"",""name"":""time_period"",""query_type"":""enum"",""required"":""1"",""source"":""legacy""},""trade_class"":{""children"":null,""default"":""intraday"",""enum_options"":[{""label"":""盘前"",""value"":""pre_market""},{""label"":""盘中"",""value"":""intraday""},{""label"":""盘后"",""value"":""post_market""}],""example"":""intraday"",""name"":""trade_class"",""query_type"":""enum"",""required"":""1"",""source"":""legacy""}}",{},stock-detail.json,day_1;week_1;month_1,随机相对强弱指数,Relative Strength Index,RSI（相对强弱指数）：这是一个衡量价格变动速度和幅度的动量指标，用于评估资产是否处于“超买”（价格上涨过快，可能回调）或“超卖”（价格下跌过快，可能反弹）状态。标准RSI值在0到100之间，通常以70以上为超买，30以下为超卖。,,false,"[""day_1"",""week_1"",""month_1""]","UUS,UBAX,UBAF",STANDARD_SNAPSHOT
4294967283|随机相对强弱指数|Relative Strength Index,security,metric_lookup,snapshot,market_code,4294967283,4294967283,"{""tech_param"":{""children"":[{""children"":null,""default_value"":""K"",""desc"":""输出指标"",""enum_options"":[{""label"":""K"",""value"":""K""},{""label"":""D"",""value"":""D""}],""example"":""K"",""name"":""indicator_component"",""query_type"":""enum"",""required"":""1""},{""children"":null,""default_value"":""3"",""desc"":"""",""enum_options"":[{""label"":""3"",""value"":""3""}],""example"":""3"",""name"":""K"",""query_type"":""enum"",""required"":""0""},{""children"":null,""default_value"":""3"",""desc"":"""",""enum_options"":[{""label"":""3"",""value"":""3""}],""example"":""3"",""name"":""D"",""query_type"":""enum"",""required"":""0""},{""children"":null,""default_value"":""14"",""desc"":"""",""enum_options"":[{""label"":""14"",""value"":""14""}],""example"":""14"",""name"":""RSI Length"",""query_type"":""enum"",""required"":""0""},{""children"":null,""default_value"":""14"",""desc"":"""",""enum_options"":[{""label"":""14"",""value"":""14""}],""example"":""14"",""name"":""Stochastic Length"",""query_type"":""enum"",""required"":""0""}],""default"":null,""enum_options"":null,""example"":null,""name"":""tech_param"",""query_type"":""array"",""required"":""1"",""source"":""legacy""},""time_period"":{""children"":null,""default"":""day_1"",""enum_options"":[{""label"":""day_1"",""value"":""day_1""},{""label"":""week_1"",""value"":""week_1""},{""label"":""month_1"",""value"":""month_1""}],""example"":""day_1"",""name"":""time_period"",""query_type"":""enum"",""required"":""1"",""source"":""legacy""},""trade_class"":{""children"":null,""default"":""intraday"",""enum_options"":[{""label"":""盘前"",""value"":""pre_market""},{""label"":""盘中"",""value"":""intraday""},{""label"":""盘后"",""value"":""post_market""}],""example"":""intraday"",""name"":""trade_class"",""query_type"":""enum"",""required"":""1"",""source"":""legacy""}}",{},stock-detail.json,day_1;week_1;month_1,随机相对强弱指数,Relative Strength Index,RSI（相对强弱指数）：这是一个衡量价格变动速度和幅度的动量指标，用于评估资产是否处于“超买”（价格上涨过快，可能回调）或“超卖”（价格下跌过快，可能反弹）状态。标准RSI值在0到100之间，通常以70以上为超买，30以下为超卖。,,false,"[""day_1"",""week_1"",""month_1""]","UUS,UBAX,UBAF",STANDARD_SNAPSHOT
68321|威廉百分比范围|Williams %R,security,metric_lookup,snapshot,market_code,68321,68321,"{""tech_param"":{""children"":[{""children"":null,""default_value"":""WR"",""desc"":""输出指标"",""enum_options"":[{""label"":""WR"",""value"":""WR""}],""example"":""WR"",""name"":""indicator_component"",""query_type"":""enum"",""required"":""1""},{""children"":null,""default_value"":""14"",""desc"":"""",""enum_options"":[{""label"":""14"",""value"":""14""}],""example"":""14"",""name"":""N"",""query_type"":""enum"",""required"":""0""}],""default"":null,""enum_options"":null,""example"":null,""name"":""tech_param"",""query_type"":""array"",""required"":""1"",""source"":""legacy""},""time_period"":{""children"":null,""default"":""day_1"",""enum_options"":[{""label"":""day_1"",""value"":""day_1""},{""label"":""week_1"",""value"":""week_1""},{""label"":""month_1"",""value"":""month_1""}],""example"":""day_1"",""name"":""time_period"",""query_type"":""enum"",""required"":""1"",""source"":""legacy""},""trade_class"":{""children"":null,""default"":""intraday"",""enum_options"":[{""label"":""盘前"",""value"":""pre_market""},{""label"":""盘中"",""value"":""intraday""},{""label"":""盘后"",""value"":""post_market""}],""example"":""intraday"",""name"":""trade_class"",""query_type"":""enum"",""required"":""1"",""source"":""legacy""}}",{},stock-detail.json,day_1;week_1;month_1,威廉百分比范围,Williams %R,**威廉百分比范围 (Williams %R)**由拉里·威廉姆斯创建，是一种动量摆动指标，衡量收盘价相对于给定周期内最高价-最低价区间的位置。读数在0到-100之间，通常高于-20为超买，低于-80为超卖。,,false,"[""day_1"",""week_1"",""month_1""]","UUS,UBAX,UBAF",STANDARD_SNAPSHOT
68321|威廉百分比范围|Williams %R,security,metric_lookup,snapshot,market_code,68321,68321,"{""tech_param"":{""children"":[{""children"":null,""default_value"":""WR"",""desc"":""输出指标"",""enum_options"":[{""label"":""WR"",""value"":""WR""}],""example"":""WR"",""name"":""indicator_component"",""query_type"":""enum"",""required"":""1""},{""children"":null,""default_value"":""14"",""desc"":"""",""enum_options"":[{""label"":""14"",""value"":""14""}],""example"":""14"",""name"":""N"",""query_type"":""enum"",""required"":""0""}],""default"":null,""enum_options"":null,""example"":null,""name"":""tech_param"",""query_type"":""array"",""required"":""1"",""source"":""legacy""},""time_period"":{""children"":null,""default"":""day_1"",""enum_options"":[{""label"":""day_1"",""value"":""day_1""},{""label"":""week_1"",""value"":""week_1""},{""label"":""month_1"",""value"":""month_1""}],""example"":""day_1"",""name"":""time_period"",""query_type"":""enum"",""required"":""1"",""source"":""legacy""},""trade_class"":{""children"":null,""default"":""intraday"",""enum_options"":[{""label"":""盘前"",""value"":""pre_market""},{""label"":""盘中"",""value"":""intraday""},{""label"":""盘后"",""value"":""post_market""}],""example"":""intraday"",""name"":""trade_class"",""query_type"":""enum"",""required"":""1"",""source"":""legacy""}}",{},stock-detail.json,day_1;week_1;month_1,威廉百分比范围,Williams %R,**威廉百分比范围 (Williams %R)**由拉里·威廉姆斯创建，是一种动量摆动指标，衡量收盘价相对于给定周期内最高价-最低价区间的位置。读数在0到-100之间，通常高于-20为超买，低于-80为超卖。,,false,"[""day_1"",""week_1"",""month_1""]","UUS,UBAX,UBAF",STANDARD_SNAPSHOT
68321|威廉百分比范围|Williams %R,security,metric_lookup,snapshot,market_code,68321,68321,"{""tech_param"":{""children"":[{""children"":null,""default_value"":""WR"",""desc"":""输出指标"",""enum_options"":[{""label"":""WR"",""value"":""WR""}],""example"":""WR"",""name"":""indicator_component"",""query_type"":""enum"",""required"":""1""},{""children"":null,""default_value"":""14"",""desc"":"""",""enum_options"":[{""label"":""14"",""value"":""14""}],""example"":""14"",""name"":""N"",""query_type"":""enum"",""required"":""0""}],""default"":null,""enum_options"":null,""example"":null,""name"":""tech_param"",""query_type"":""array"",""required"":""1"",""source"":""legacy""},""time_period"":{""children"":null,""default"":""day_1"",""enum_options"":[{""label"":""day_1"",""value"":""day_1""},{""label"":""week_1"",""value"":""week_1""},{""label"":""month_1"",""value"":""month_1""}],""example"":""day_1"",""name"":""time_period"",""query_type"":""enum"",""required"":""1"",""source"":""legacy""},""trade_class"":{""children"":null,""default"":""intraday"",""enum_options"":[{""label"":""盘前"",""value"":""pre_market""},{""label"":""盘中"",""value"":""intraday""},{""label"":""盘后"",""value"":""post_market""}],""example"":""intraday"",""name"":""trade_class"",""query_type"":""enum"",""required"":""1"",""source"":""legacy""}}",{},stock-detail.json,day_1;week_1;month_1,威廉百分比范围,Williams %R,**威廉百分比范围 (Williams %R)**由拉里·威廉姆斯创建，是一种动量摆动指标，衡量收盘价相对于给定周期内最高价-最低价区间的位置。读数在0到-100之间，通常高于-20为超买，低于-80为超卖。,,false,"[""day_1"",""week_1"",""month_1""]","UUS,UBAX,UBAF",STANDARD_SNAPSHOT
68320|布林带|Bollinger Bands,security,metric_lookup,snapshot,market_code,68320,68320,"{""tech_param"":{""children"":[{""children"":null,""default_value"":""MID"",""desc"":""输出指标"",""enum_options"":[{""label"":""MID"",""value"":""MID""},{""label"":""UPPER"",""value"":""UPPER""},{""label"":""LOWER"",""value"":""LOWER""}],""example"":""MID"",""name"":""indicator_component"",""query_type"":""enum"",""required"":""1""},{""children"":null,""default_value"":""20"",""desc"":"""",""enum_options"":[{""label"":""20"",""value"":""20""},{""label"":""50"",""value"":""50""}],""example"":""20"",""name"":""Standard Deviation"",""query_type"":""enum"",""required"":""0""},{""children"":null,""default_value"":""2"",""desc"":"""",""enum_options"":[{""label"":""2"",""value"":""2""}],""example"":""2"",""name"":""Width"",""query_type"":""enum"",""required"":""0""}],""default"":null,""enum_options"":null,""example"":null,""name"":""tech_param"",""query_type"":""array"",""required"":""1"",""source"":""legacy""},""time_period"":{""children"":null,""default"":""day_1"",""enum_options"":[{""label"":""day_1"",""value"":""day_1""},{""label"":""week_1"",""value"":""week_1""},{""label"":""month_1"",""value"":""month_1""}],""example"":""day_1"",""name"":""time_period"",""query_type"":""enum"",""required"":""1"",""source"":""legacy""},""trade_class"":{""children"":null,""default"":""intraday"",""enum_options"":[{""label"":""盘前"",""value"":""pre_market""},{""label"":""盘中"",""value"":""intraday""},{""label"":""盘后"",""value"":""post_market""}],""example"":""intraday"",""name"":""trade_class"",""query_type"":""enum"",""required"":""1"",""source"":""legacy""}}",{},stock-detail.json,day_1;week_1;month_1,布林带,Bollinger Bands,**布林带 (Bollinger Bands)**由约翰·布林格创建。由三条线组成：中间是简单移动平均线（SMA），上下两条带是SMA加减特定倍数的标准差。通道宽度随市场波动性变化（标准差变化）。价格触及或突破上下带常被视为超买或超卖信号。,,false,"[""day_1"",""week_1"",""month_1""]","UUS,UBAX,UBAF",STANDARD_SNAPSHOT
68320|布林带|Bollinger Bands,security,metric_lookup,snapshot,market_code,68320,68320,"{""tech_param"":{""children"":[{""children"":null,""default_value"":""MID"",""desc"":""输出指标"",""enum_options"":[{""label"":""MID"",""value"":""MID""},{""label"":""UPPER"",""value"":""UPPER""},{""label"":""LOWER"",""value"":""LOWER""}],""example"":""MID"",""name"":""indicator_component"",""query_type"":""enum"",""required"":""1""},{""children"":null,""default_value"":""20"",""desc"":"""",""enum_options"":[{""label"":""20"",""value"":""20""},{""label"":""50"",""value"":""50""}],""example"":""20"",""name"":""Standard Deviation"",""query_type"":""enum"",""required"":""0""},{""children"":null,""default_value"":""2"",""desc"":"""",""enum_options"":[{""label"":""2"",""value"":""2""}],""example"":""2"",""name"":""Width"",""query_type"":""enum"",""required"":""0""}],""default"":null,""enum_options"":null,""example"":null,""name"":""tech_param"",""query_type"":""array"",""required"":""1"",""source"":""legacy""},""time_period"":{""children"":null,""default"":""day_1"",""enum_options"":[{""label"":""day_1"",""value"":""day_1""},{""label"":""week_1"",""value"":""week_1""},{""label"":""month_1"",""value"":""month_1""}],""example"":""day_1"",""name"":""time_period"",""query_type"":""enum"",""required"":""1"",""source"":""legacy""},""trade_class"":{""children"":null,""default"":""intraday"",""enum_options"":[{""label"":""盘前"",""value"":""pre_market""},{""label"":""盘中"",""value"":""intraday""},{""label"":""盘后"",""value"":""post_market""}],""example"":""intraday"",""name"":""trade_class"",""query_type"":""enum"",""required"":""1"",""source"":""legacy""}}",{},stock-detail.json,day_1;week_1;month_1,布林带,Bollinger Bands,**布林带 (Bollinger Bands)**由约翰·布林格创建。由三条线组成：中间是简单移动平均线（SMA），上下两条带是SMA加减特定倍数的标准差。通道宽度随市场波动性变化（标准差变化）。价格触及或突破上下带常被视为超买或超卖信号。,,false,"[""day_1"",""week_1"",""month_1""]","UUS,UBAX,UBAF",STANDARD_SNAPSHOT
68320|布林带|Bollinger Bands,security,metric_lookup,snapshot,market_code,68320,68320,"{""tech_param"":{""children"":[{""children"":null,""default_value"":""MID"",""desc"":""输出指标"",""enum_options"":[{""label"":""MID"",""value"":""MID""},{""label"":""UPPER"",""value"":""UPPER""},{""label"":""LOWER"",""value"":""LOWER""}],""example"":""MID"",""name"":""indicator_component"",""query_type"":""enum"",""required"":""1""},{""children"":null,""default_value"":""20"",""desc"":"""",""enum_options"":[{""label"":""20"",""value"":""20""},{""label"":""50"",""value"":""50""}],""example"":""20"",""name"":""Standard Deviation"",""query_type"":""enum"",""required"":""0""},{""children"":null,""default_value"":""2"",""desc"":"""",""enum_options"":[{""label"":""2"",""value"":""2""}],""example"":""2"",""name"":""Width"",""query_type"":""enum"",""required"":""0""}],""default"":null,""enum_options"":null,""example"":null,""name"":""tech_param"",""query_type"":""array"",""required"":""1"",""source"":""legacy""},""time_period"":{""children"":null,""default"":""day_1"",""enum_options"":[{""label"":""day_1"",""value"":""day_1""},{""label"":""week_1"",""value"":""week_1""},{""label"":""month_1"",""value"":""month_1""}],""example"":""day_1"",""name"":""time_period"",""query_type"":""enum"",""required"":""1"",""source"":""legacy""},""trade_class"":{""children"":null,""default"":""intraday"",""enum_options"":[{""label"":""盘前"",""value"":""pre_market""},{""label"":""盘中"",""value"":""intraday""},{""label"":""盘后"",""value"":""post_market""}],""example"":""intraday"",""name"":""trade_class"",""query_type"":""enum"",""required"":""1"",""source"":""legacy""}}",{},stock-detail.json,day_1;week_1;month_1,布林带,Bollinger Bands,**布林带 (Bollinger Bands)**由约翰·布林格创建。由三条线组成：中间是简单移动平均线（SMA），上下两条带是SMA加减特定倍数的标准差。通道宽度随市场波动性变化（标准差变化）。价格触及或突破上下带常被视为超买或超卖信号。,,false,"[""day_1"",""week_1"",""month_1""]","UUS,UBAX,UBAF",STANDARD_SNAPSHOT
4294967279|平均日间波幅百分比|Average Daily Range,security,metric_lookup,snapshot,market_code,4294967279,4294967279,"{""tech_param"":{""children"":[{""children"":null,""default_value"":""ADR%"",""desc"":""输出指标"",""enum_options"":[{""label"":""ADR%"",""value"":""ADR%""}],""example"":""ADR%"",""name"":""indicator_component"",""query_type"":""enum"",""required"":""1""},{""children"":null,""default_value"":""14"",""desc"":"""",""enum_options"":[{""label"":""14"",""value"":""14""}],""example"":""14"",""name"":""Length"",""query_type"":""enum"",""required"":""0""}],""default"":null,""enum_options"":null,""example"":null,""name"":""tech_param"",""query_type"":""array"",""required"":""1"",""source"":""legacy""},""time_period"":{""children"":null,""default"":""day_1"",""enum_options"":[{""label"":""day_1"",""value"":""day_1""}],""example"":""day_1"",""name"":""time_period"",""query_type"":""enum"",""required"":""1"",""source"":""legacy""},""trade_class"":{""children"":null,""default"":""intraday"",""enum_options"":[{""label"":""盘前"",""value"":""pre_market""},{""label"":""盘中"",""value"":""intraday""},{""label"":""盘后"",""value"":""post_market""}],""example"":""intraday"",""name"":""trade_class"",""query_type"":""enum"",""required"":""1"",""source"":""legacy""}}",{},stock-detail.json,day_1,平均日间波幅百分比,Average Daily Range,**平均日间波幅百分比 (Average Daily Range %)**将平均日间波幅（ADR）以百分比形式表示。计算公式为：（ADR / 当前价格）* 100%。便于在不同价格水平的资产间比较波动性。,,false,"[""day_1""]","UUS,UBAX,UBAF",STANDARD_SNAPSHOT
4294967279|平均日间波幅百分比|Average Daily Range,security,metric_lookup,snapshot,market_code,4294967279,4294967279,"{""tech_param"":{""children"":[{""children"":null,""default_value"":""ADR%"",""desc"":""输出指标"",""enum_options"":[{""label"":""ADR%"",""value"":""ADR%""}],""example"":""ADR%"",""name"":""indicator_component"",""query_type"":""enum"",""required"":""1""},{""children"":null,""default_value"":""14"",""desc"":"""",""enum_options"":[{""label"":""14"",""value"":""14""}],""example"":""14"",""name"":""Length"",""query_type"":""enum"",""required"":""0""}],""default"":null,""enum_options"":null,""example"":null,""name"":""tech_param"",""query_type"":""array"",""required"":""1"",""source"":""legacy""},""time_period"":{""children"":null,""default"":""day_1"",""enum_options"":[{""label"":""day_1"",""value"":""day_1""}],""example"":""day_1"",""name"":""time_period"",""query_type"":""enum"",""required"":""1"",""source"":""legacy""},""trade_class"":{""children"":null,""default"":""intraday"",""enum_options"":[{""label"":""盘前"",""value"":""pre_market""},{""label"":""盘中"",""value"":""intraday""},{""label"":""盘后"",""value"":""post_market""}],""example"":""intraday"",""name"":""trade_class"",""query_type"":""enum"",""required"":""1"",""source"":""legacy""}}",{},stock-detail.json,day_1,平均日间波幅百分比,Average Daily Range,**平均日间波幅百分比 (Average Daily Range %)**将平均日间波幅（ADR）以百分比形式表示。计算公式为：（ADR / 当前价格）* 100%。便于在不同价格水平的资产间比较波动性。,,false,"[""day_1""]","UUS,UBAX,UBAF",STANDARD_SNAPSHOT
4294967279|平均日间波幅百分比|Average Daily Range,security,metric_lookup,snapshot,market_code,4294967279,4294967279,"{""tech_param"":{""children"":[{""children"":null,""default_value"":""ADR%"",""desc"":""输出指标"",""enum_options"":[{""label"":""ADR%"",""value"":""ADR%""}],""example"":""ADR%"",""name"":""indicator_component"",""query_type"":""enum"",""required"":""1""},{""children"":null,""default_value"":""14"",""desc"":"""",""enum_options"":[{""label"":""14"",""value"":""14""}],""example"":""14"",""name"":""Length"",""query_type"":""enum"",""required"":""0""}],""default"":null,""enum_options"":null,""example"":null,""name"":""tech_param"",""query_type"":""array"",""required"":""1"",""source"":""legacy""},""time_period"":{""children"":null,""default"":""day_1"",""enum_options"":[{""label"":""day_1"",""value"":""day_1""}],""example"":""day_1"",""name"":""time_period"",""query_type"":""enum"",""required"":""1"",""source"":""legacy""},""trade_class"":{""children"":null,""default"":""intraday"",""enum_options"":[{""label"":""盘前"",""value"":""pre_market""},{""label"":""盘中"",""value"":""intraday""},{""label"":""盘后"",""value"":""post_market""}],""example"":""intraday"",""name"":""trade_class"",""query_type"":""enum"",""required"":""1"",""source"":""legacy""}}",{},stock-detail.json,day_1,平均日间波幅百分比,Average Daily Range,**平均日间波幅百分比 (Average Daily Range %)**将平均日间波幅（ADR）以百分比形式表示。计算公式为：（ADR / 当前价格）* 100%。便于在不同价格水平的资产间比较波动性。,,false,"[""day_1""]","UUS,UBAX,UBAF",STANDARD_SNAPSHOT
4294967280|平均日间波幅|Average Daily Range,security,metric_lookup,snapshot,market_code,4294967280,4294967280,"{""tech_param"":{""children"":[{""children"":null,""default_value"":""ADR"",""desc"":""输出指标"",""enum_options"":[{""label"":""ADR"",""value"":""ADR""}],""example"":""ADR"",""name"":""indicator_component"",""query_type"":""enum"",""required"":""1""},{""children"":null,""default_value"":""14"",""desc"":"""",""enum_options"":[{""label"":""14"",""value"":""14""}],""example"":""14"",""name"":""Length"",""query_type"":""enum"",""required"":""0""}],""default"":null,""enum_options"":null,""example"":null,""name"":""tech_param"",""query_type"":""array"",""required"":""1"",""source"":""legacy""},""time_period"":{""children"":null,""default"":""day_1"",""enum_options"":[{""label"":""day_1"",""value"":""day_1""}],""example"":""day_1"",""name"":""time_period"",""query_type"":""enum"",""required"":""1"",""source"":""legacy""},""trade_class"":{""children"":null,""default"":""intraday"",""enum_options"":[{""label"":""盘前"",""value"":""pre_market""},{""label"":""盘中"",""value"":""intraday""},{""label"":""盘后"",""value"":""post_market""}],""example"":""intraday"",""name"":""trade_class"",""query_type"":""enum"",""required"":""1"",""source"":""legacy""}}",{},stock-detail.json,day_1,平均日间波幅,Average Daily Range,"**平均日间波幅 (Average Daily Range, ADR)**衡量某个金融产品在**特定时间段内**（通常为交易日）**开盘价与收盘价之间**的平均价格波动幅度。计算方式是统计一段时间内每日波幅（收盘价-开盘价）的绝对值平均值。",,false,"[""day_1""]","UUS,UBAX,UBAF",STANDARD_SNAPSHOT
4294967280|平均日间波幅|Average Daily Range,security,metric_lookup,snapshot,market_code,4294967280,4294967280,"{""tech_param"":{""children"":[{""children"":null,""default_value"":""ADR"",""desc"":""输出指标"",""enum_options"":[{""label"":""ADR"",""value"":""ADR""}],""example"":""ADR"",""name"":""indicator_component"",""query_type"":""enum"",""required"":""1""},{""children"":null,""default_value"":""14"",""desc"":"""",""enum_options"":[{""label"":""14"",""value"":""14""}],""example"":""14"",""name"":""Length"",""query_type"":""enum"",""required"":""0""}],""default"":null,""enum_options"":null,""example"":null,""name"":""tech_param"",""query_type"":""array"",""required"":""1"",""source"":""legacy""},""time_period"":{""children"":null,""default"":""day_1"",""enum_options"":[{""label"":""day_1"",""value"":""day_1""}],""example"":""day_1"",""name"":""time_period"",""query_type"":""enum"",""required"":""1"",""source"":""legacy""},""trade_class"":{""children"":null,""default"":""intraday"",""enum_options"":[{""label"":""盘前"",""value"":""pre_market""},{""label"":""盘中"",""value"":""intraday""},{""label"":""盘后"",""value"":""post_market""}],""example"":""intraday"",""name"":""trade_class"",""query_type"":""enum"",""required"":""1"",""source"":""legacy""}}",{},stock-detail.json,day_1,平均日间波幅,Average Daily Range,"**平均日间波幅 (Average Daily Range, ADR)**衡量某个金融产品在**特定时间段内**（通常为交易日）**开盘价与收盘价之间**的平均价格波动幅度。计算方式是统计一段时间内每日波幅（收盘价-开盘价）的绝对值平均值。",,false,"[""day_1""]","UUS,UBAX,UBAF",STANDARD_SNAPSHOT
4294967280|平均日间波幅|Average Daily Range,security,metric_lookup,snapshot,market_code,4294967280,4294967280,"{""tech_param"":{""children"":[{""children"":null,""default_value"":""ADR"",""desc"":""输出指标"",""enum_options"":[{""label"":""ADR"",""value"":""ADR""}],""example"":""ADR"",""name"":""indicator_component"",""query_type"":""enum"",""required"":""1""},{""children"":null,""default_value"":""14"",""desc"":"""",""enum_options"":[{""label"":""14"",""value"":""14""}],""example"":""14"",""name"":""Length"",""query_type"":""enum"",""required"":""0""}],""default"":null,""enum_options"":null,""example"":null,""name"":""tech_param"",""query_type"":""array"",""required"":""1"",""source"":""legacy""},""time_period"":{""children"":null,""default"":""day_1"",""enum_options"":[{""label"":""day_1"",""value"":""day_1""}],""example"":""day_1"",""name"":""time_period"",""query_type"":""enum"",""required"":""1"",""source"":""legacy""},""trade_class"":{""children"":null,""default"":""intraday"",""enum_options"":[{""label"":""盘前"",""value"":""pre_market""},{""label"":""盘中"",""value"":""intraday""},{""label"":""盘后"",""value"":""post_market""}],""example"":""intraday"",""name"":""trade_class"",""query_type"":""enum"",""required"":""1"",""source"":""legacy""}}",{},stock-detail.json,day_1,平均日间波幅,Average Daily Range,"**平均日间波幅 (Average Daily Range, ADR)**衡量某个金融产品在**特定时间段内**（通常为交易日）**开盘价与收盘价之间**的平均价格波动幅度。计算方式是统计一段时间内每日波幅（收盘价-开盘价）的绝对值平均值。",,false,"[""day_1""]","UUS,UBAX,UBAF",STANDARD_SNAPSHOT
4294967281|阿隆指标|Aroon Indicator,security,metric_lookup,snapshot,market_code,4294967281,4294967281,"{""tech_param"":{""children"":[{""children"":null,""default_value"":""Aroon Up"",""desc"":""输出指标"",""enum_options"":[{""label"":""Aroon Up"",""value"":""Aroon Up""},{""label"":""Aroon Down"",""value"":""Aroon Down""}],""example"":""Aroon Up"",""name"":""indicator_component"",""query_type"":""enum"",""required"":""1""},{""children"":null,""default_value"":""14"",""desc"":"""",""enum_options"":[{""label"":""14"",""value"":""14""}],""example"":""14"",""name"":""Length"",""query_type"":""enum"",""required"":""0""}],""default"":null,""enum_options"":null,""example"":null,""name"":""tech_param"",""query_type"":""array"",""required"":""1"",""source"":""legacy""},""time_period"":{""children"":null,""default"":""day_1"",""enum_options"":[{""label"":""day_1"",""value"":""day_1""},{""label"":""week_1"",""value"":""week_1""},{""label"":""month_1"",""value"":""month_1""}],""example"":""day_1"",""name"":""time_period"",""query_type"":""enum"",""required"":""1"",""source"":""legacy""},""trade_class"":{""children"":null,""default"":""intraday"",""enum_options"":[{""label"":""盘前"",""value"":""pre_market""},{""label"":""盘中"",""value"":""intraday""},{""label"":""盘后"",""value"":""post_market""}],""example"":""intraday"",""name"":""trade_class"",""query_type"":""enum"",""required"":""1"",""source"":""legacy""}}",{},stock-detail.json,day_1;week_1;month_1,阿隆指标,Aroon Indicator,**阿隆指标 (Aroon Indicator)**用于识别趋势开始、强度和方向。由**阿隆上行线**（衡量价格创近期新高所需时间）和**阿隆下行线**（衡量价格创近期新低所需时间）组成。两线交叉或接近极值时产生信号。,,false,"[""day_1"",""week_1"",""month_1""]","UUS,UBAX,UBAF",STANDARD_SNAPSHOT
4294967281|阿隆指标|Aroon Indicator,security,metric_lookup,snapshot,market_code,4294967281,4294967281,"{""tech_param"":{""children"":[{""children"":null,""default_value"":""Aroon Up"",""desc"":""输出指标"",""enum_options"":[{""label"":""Aroon Up"",""value"":""Aroon Up""},{""label"":""Aroon Down"",""value"":""Aroon Down""}],""example"":""Aroon Up"",""name"":""indicator_component"",""query_type"":""enum"",""required"":""1""},{""children"":null,""default_value"":""14"",""desc"":"""",""enum_options"":[{""label"":""14"",""value"":""14""}],""example"":""14"",""name"":""Length"",""query_type"":""enum"",""required"":""0""}],""default"":null,""enum_options"":null,""example"":null,""name"":""tech_param"",""query_type"":""array"",""required"":""1"",""source"":""legacy""},""time_period"":{""children"":null,""default"":""day_1"",""enum_options"":[{""label"":""day_1"",""value"":""day_1""},{""label"":""week_1"",""value"":""week_1""},{""label"":""month_1"",""value"":""month_1""}],""example"":""day_1"",""name"":""time_period"",""query_type"":""enum"",""required"":""1"",""source"":""legacy""},""trade_class"":{""children"":null,""default"":""intraday"",""enum_options"":[{""label"":""盘前"",""value"":""pre_market""},{""label"":""盘中"",""value"":""intraday""},{""label"":""盘后"",""value"":""post_market""}],""example"":""intraday"",""name"":""trade_class"",""query_type"":""enum"",""required"":""1"",""source"":""legacy""}}",{},stock-detail.json,day_1;week_1;month_1,阿隆指标,Aroon Indicator,**阿隆指标 (Aroon Indicator)**用于识别趋势开始、强度和方向。由**阿隆上行线**（衡量价格创近期新高所需时间）和**阿隆下行线**（衡量价格创近期新低所需时间）组成。两线交叉或接近极值时产生信号。,,false,"[""day_1"",""week_1"",""month_1""]","UUS,UBAX,UBAF",STANDARD_SNAPSHOT
4294967281|阿隆指标|Aroon Indicator,security,metric_lookup,snapshot,market_code,4294967281,4294967281,"{""tech_param"":{""children"":[{""children"":null,""default_value"":""Aroon Up"",""desc"":""输出指标"",""enum_options"":[{""label"":""Aroon Up"",""value"":""Aroon Up""},{""label"":""Aroon Down"",""value"":""Aroon Down""}],""example"":""Aroon Up"",""name"":""indicator_component"",""query_type"":""enum"",""required"":""1""},{""children"":null,""default_value"":""14"",""desc"":"""",""enum_options"":[{""label"":""14"",""value"":""14""}],""example"":""14"",""name"":""Length"",""query_type"":""enum"",""required"":""0""}],""default"":null,""enum_options"":null,""example"":null,""name"":""tech_param"",""query_type"":""array"",""required"":""1"",""source"":""legacy""},""time_period"":{""children"":null,""default"":""day_1"",""enum_options"":[{""label"":""day_1"",""value"":""day_1""},{""label"":""week_1"",""value"":""week_1""},{""label"":""month_1"",""value"":""month_1""}],""example"":""day_1"",""name"":""time_period"",""query_type"":""enum"",""required"":""1"",""source"":""legacy""},""trade_class"":{""children"":null,""default"":""intraday"",""enum_options"":[{""label"":""盘前"",""value"":""pre_market""},{""label"":""盘中"",""value"":""intraday""},{""label"":""盘后"",""value"":""post_market""}],""example"":""intraday"",""name"":""trade_class"",""query_type"":""enum"",""required"":""1"",""source"":""legacy""}}",{},stock-detail.json,day_1;week_1;month_1,阿隆指标,Aroon Indicator,**阿隆指标 (Aroon Indicator)**用于识别趋势开始、强度和方向。由**阿隆上行线**（衡量价格创近期新高所需时间）和**阿隆下行线**（衡量价格创近期新低所需时间）组成。两线交叉或接近极值时产生信号。,,false,"[""day_1"",""week_1"",""month_1""]","UUS,UBAX,UBAF",STANDARD_SNAPSHOT
4294967284|终极振荡器|Ultimate Oscillator,security,metric_lookup,snapshot,market_code,4294967284,4294967284,"{""tech_param"":{""children"":[{""children"":null,""default_value"":""HMA"",""desc"":""输出指标"",""enum_options"":[{""label"":""HMA"",""value"":""HMA""}],""example"":""HMA"",""name"":""indicator_component"",""query_type"":""enum"",""required"":""1""},{""children"":null,""default_value"":""7"",""desc"":"""",""enum_options"":[{""label"":""7"",""value"":""7""}],""example"":""7"",""name"":""Fast Length"",""query_type"":""enum"",""required"":""0""},{""children"":null,""default_value"":""14"",""desc"":"""",""enum_options"":[{""label"":""14"",""value"":""14""}],""example"":""14"",""name"":""Middle Length"",""query_type"":""enum"",""required"":""0""},{""children"":null,""default_value"":""28"",""desc"":"""",""enum_options"":[{""label"":""28"",""value"":""28""}],""example"":""28"",""name"":""Slow Length"",""query_type"":""enum"",""required"":""0""}],""default"":null,""enum_options"":null,""example"":null,""name"":""tech_param"",""query_type"":""array"",""required"":""1"",""source"":""legacy""},""time_period"":{""children"":null,""default"":""day_1"",""enum_options"":[{""label"":""day_1"",""value"":""day_1""},{""label"":""week_1"",""value"":""week_1""},{""label"":""month_1"",""value"":""month_1""}],""example"":""day_1"",""name"":""time_period"",""query_type"":""enum"",""required"":""1"",""source"":""legacy""},""trade_class"":{""children"":null,""default"":""intraday"",""enum_options"":[{""label"":""盘前"",""value"":""pre_market""},{""label"":""盘中"",""value"":""intraday""},{""label"":""盘后"",""value"":""post_market""}],""example"":""intraday"",""name"":""trade_class"",""query_type"":""enum"",""required"":""1"",""source"":""legacy""}}",{},stock-detail.json,day_1;week_1;month_1,终极振荡器,Ultimate Oscillator,结合短中长三个时间周期的动量指标，减少虚假信号,,false,"[""day_1"",""week_1"",""month_1""]","UUS,UBAX,UBAF",STANDARD_SNAPSHOT
4294967284|终极振荡器|Ultimate Oscillator,security,metric_lookup,snapshot,market_code,4294967284,4294967284,"{""tech_param"":{""children"":[{""children"":null,""default_value"":""HMA"",""desc"":""输出指标"",""enum_options"":[{""label"":""HMA"",""value"":""HMA""}],""example"":""HMA"",""name"":""indicator_component"",""query_type"":""enum"",""required"":""1""},{""children"":null,""default_value"":""7"",""desc"":"""",""enum_options"":[{""label"":""7"",""value"":""7""}],""example"":""7"",""name"":""Fast Length"",""query_type"":""enum"",""required"":""0""},{""children"":null,""default_value"":""14"",""desc"":"""",""enum_options"":[{""label"":""14"",""value"":""14""}],""example"":""14"",""name"":""Middle Length"",""query_type"":""enum"",""required"":""0""},{""children"":null,""default_value"":""28"",""desc"":"""",""enum_options"":[{""label"":""28"",""value"":""28""}],""example"":""28"",""name"":""Slow Length"",""query_type"":""enum"",""required"":""0""}],""default"":null,""enum_options"":null,""example"":null,""name"":""tech_param"",""query_type"":""array"",""required"":""1"",""source"":""legacy""},""time_period"":{""children"":null,""default"":""day_1"",""enum_options"":[{""label"":""day_1"",""value"":""day_1""},{""label"":""week_1"",""value"":""week_1""},{""label"":""month_1"",""value"":""month_1""}],""example"":""day_1"",""name"":""time_period"",""query_type"":""enum"",""required"":""1"",""source"":""legacy""},""trade_class"":{""children"":null,""default"":""intraday"",""enum_options"":[{""label"":""盘前"",""value"":""pre_market""},{""label"":""盘中"",""value"":""intraday""},{""label"":""盘后"",""value"":""post_market""}],""example"":""intraday"",""name"":""trade_class"",""query_type"":""enum"",""required"":""1"",""source"":""legacy""}}",{},stock-detail.json,day_1;week_1;month_1,终极振荡器,Ultimate Oscillator,结合短中长三个时间周期的动量指标，减少虚假信号,,false,"[""day_1"",""week_1"",""month_1""]","UUS,UBAX,UBAF",STANDARD_SNAPSHOT
4294967284|终极振荡器|Ultimate Oscillator,security,metric_lookup,snapshot,market_code,4294967284,4294967284,"{""tech_param"":{""children"":[{""children"":null,""default_value"":""HMA"",""desc"":""输出指标"",""enum_options"":[{""label"":""HMA"",""value"":""HMA""}],""example"":""HMA"",""name"":""indicator_component"",""query_type"":""enum"",""required"":""1""},{""children"":null,""default_value"":""7"",""desc"":"""",""enum_options"":[{""label"":""7"",""value"":""7""}],""example"":""7"",""name"":""Fast Length"",""query_type"":""enum"",""required"":""0""},{""children"":null,""default_value"":""14"",""desc"":"""",""enum_options"":[{""label"":""14"",""value"":""14""}],""example"":""14"",""name"":""Middle Length"",""query_type"":""enum"",""required"":""0""},{""children"":null,""default_value"":""28"",""desc"":"""",""enum_options"":[{""label"":""28"",""value"":""28""}],""example"":""28"",""name"":""Slow Length"",""query_type"":""enum"",""required"":""0""}],""default"":null,""enum_options"":null,""example"":null,""name"":""tech_param"",""query_type"":""array"",""required"":""1"",""source"":""legacy""},""time_period"":{""children"":null,""default"":""day_1"",""enum_options"":[{""label"":""day_1"",""value"":""day_1""},{""label"":""week_1"",""value"":""week_1""},{""label"":""month_1"",""value"":""month_1""}],""example"":""day_1"",""name"":""time_period"",""query_type"":""enum"",""required"":""1"",""source"":""legacy""},""trade_class"":{""children"":null,""default"":""intraday"",""enum_options"":[{""label"":""盘前"",""value"":""pre_market""},{""label"":""盘中"",""value"":""intraday""},{""label"":""盘后"",""value"":""post_market""}],""example"":""intraday"",""name"":""trade_class"",""query_type"":""enum"",""required"":""1"",""source"":""legacy""}}",{},stock-detail.json,day_1;week_1;month_1,终极振荡器,Ultimate Oscillator,结合短中长三个时间周期的动量指标，减少虚假信号,,false,"[""day_1"",""week_1"",""month_1""]","UUS,UBAX,UBAF",STANDARD_SNAPSHOT
4294967272|动量指标|Momentum,security,metric_lookup,snapshot,market_code,4294967272,4294967272,"{""tech_param"":{""children"":[{""children"":null,""default_value"":""MOM"",""desc"":""输出指标"",""enum_options"":[{""label"":""MOM"",""value"":""MOM""}],""example"":""MOM"",""name"":""indicator_component"",""query_type"":""enum"",""required"":""1""},{""children"":null,""default_value"":""10"",""desc"":"""",""enum_options"":[{""label"":""10"",""value"":""10""}],""example"":""10"",""name"":""Length"",""query_type"":""enum"",""required"":""0""}],""default"":null,""enum_options"":null,""example"":null,""name"":""tech_param"",""query_type"":""array"",""required"":""1"",""source"":""legacy""},""time_period"":{""children"":null,""default"":""day_1"",""enum_options"":[{""label"":""day_1"",""value"":""day_1""},{""label"":""week_1"",""value"":""week_1""},{""label"":""month_1"",""value"":""month_1""}],""example"":""day_1"",""name"":""time_period"",""query_type"":""enum"",""required"":""1"",""source"":""legacy""},""trade_class"":{""children"":null,""default"":""intraday"",""enum_options"":[{""label"":""盘前"",""value"":""pre_market""},{""label"":""盘中"",""value"":""intraday""},{""label"":""盘后"",""value"":""post_market""}],""example"":""intraday"",""name"":""trade_class"",""query_type"":""enum"",""required"":""1"",""source"":""legacy""}}",{},stock-detail.json,day_1;week_1;month_1,动量指标,Momentum,**动量指标 (Momentum)**衡量价格在特定时间段内的变化速度。计算当前价格与N期前价格的差值或比率。当指标上穿零线（或100线，若用比率）时，表示上升动量在增加；下穿则表示下降动量在增加。,,false,"[""day_1"",""week_1"",""month_1""]","UUS,UBAX,UBAF",STANDARD_SNAPSHOT
4294967272|动量指标|Momentum,security,metric_lookup,snapshot,market_code,4294967272,4294967272,"{""tech_param"":{""children"":[{""children"":null,""default_value"":""MOM"",""desc"":""输出指标"",""enum_options"":[{""label"":""MOM"",""value"":""MOM""}],""example"":""MOM"",""name"":""indicator_component"",""query_type"":""enum"",""required"":""1""},{""children"":null,""default_value"":""10"",""desc"":"""",""enum_options"":[{""label"":""10"",""value"":""10""}],""example"":""10"",""name"":""Length"",""query_type"":""enum"",""required"":""0""}],""default"":null,""enum_options"":null,""example"":null,""name"":""tech_param"",""query_type"":""array"",""required"":""1"",""source"":""legacy""},""time_period"":{""children"":null,""default"":""day_1"",""enum_options"":[{""label"":""day_1"",""value"":""day_1""},{""label"":""week_1"",""value"":""week_1""},{""label"":""month_1"",""value"":""month_1""}],""example"":""day_1"",""name"":""time_period"",""query_type"":""enum"",""required"":""1"",""source"":""legacy""},""trade_class"":{""children"":null,""default"":""intraday"",""enum_options"":[{""label"":""盘前"",""value"":""pre_market""},{""label"":""盘中"",""value"":""intraday""},{""label"":""盘后"",""value"":""post_market""}],""example"":""intraday"",""name"":""trade_class"",""query_type"":""enum"",""required"":""1"",""source"":""legacy""}}",{},stock-detail.json,day_1;week_1;month_1,动量指标,Momentum,**动量指标 (Momentum)**衡量价格在特定时间段内的变化速度。计算当前价格与N期前价格的差值或比率。当指标上穿零线（或100线，若用比率）时，表示上升动量在增加；下穿则表示下降动量在增加。,,false,"[""day_1"",""week_1"",""month_1""]","UUS,UBAX,UBAF",STANDARD_SNAPSHOT
4294967272|动量指标|Momentum,security,metric_lookup,snapshot,market_code,4294967272,4294967272,"{""tech_param"":{""children"":[{""children"":null,""default_value"":""MOM"",""desc"":""输出指标"",""enum_options"":[{""label"":""MOM"",""value"":""MOM""}],""example"":""MOM"",""name"":""indicator_component"",""query_type"":""enum"",""required"":""1""},{""children"":null,""default_value"":""10"",""desc"":"""",""enum_options"":[{""label"":""10"",""value"":""10""}],""example"":""10"",""name"":""Length"",""query_type"":""enum"",""required"":""0""}],""default"":null,""enum_options"":null,""example"":null,""name"":""tech_param"",""query_type"":""array"",""required"":""1"",""source"":""legacy""},""time_period"":{""children"":null,""default"":""day_1"",""enum_options"":[{""label"":""day_1"",""value"":""day_1""},{""label"":""week_1"",""value"":""week_1""},{""label"":""month_1"",""value"":""month_1""}],""example"":""day_1"",""name"":""time_period"",""query_type"":""enum"",""required"":""1"",""source"":""legacy""},""trade_class"":{""children"":null,""default"":""intraday"",""enum_options"":[{""label"":""盘前"",""value"":""pre_market""},{""label"":""盘中"",""value"":""intraday""},{""label"":""盘后"",""value"":""post_market""}],""example"":""intraday"",""name"":""trade_class"",""query_type"":""enum"",""required"":""1"",""source"":""legacy""}}",{},stock-detail.json,day_1;week_1;month_1,动量指标,Momentum,**动量指标 (Momentum)**衡量价格在特定时间段内的变化速度。计算当前价格与N期前价格的差值或比率。当指标上穿零线（或100线，若用比率）时，表示上升动量在增加；下穿则表示下降动量在增加。,,false,"[""day_1"",""week_1"",""month_1""]","UUS,UBAX,UBAF",STANDARD_SNAPSHOT
4294967282|一目均衡表|Ichimoku Cloud,security,metric_lookup,snapshot,market_code,4294967282,4294967282,"{""tech_param"":{""children"":[{""children"":null,""default_value"":""Conversion Line"",""desc"":""输出指标"",""enum_options"":[{""label"":""Conversion Line"",""value"":""Conversion Line""},{""label"":""Base Line"",""value"":""Base Line""},{""label"":""Leading Span A"",""value"":""Leading Span A""},{""label"":""Leading Span B"",""value"":""Leading Span B""},{""label"":""Lagging Span"",""value"":""Lagging Span""}],""example"":""Conversion Line"",""name"":""indicator_component"",""query_type"":""enum"",""required"":""1""},{""children"":null,""default_value"":""9"",""desc"":"""",""enum_options"":[{""label"":""9"",""value"":""9""},{""label"":""20"",""value"":""20""}],""example"":""9"",""name"":""Conversion Line Length"",""query_type"":""enum"",""required"":""0""},{""children"":null,""default_value"":""26"",""desc"":"""",""enum_options"":[{""label"":""26"",""value"":""26""},{""label"":""60"",""value"":""60""}],""example"":""26"",""name"":""Base Line Length"",""query_type"":""enum"",""required"":""0""},{""children"":null,""default_value"":""52"",""desc"":"""",""enum_options"":[{""label"":""52"",""value"":""52""},{""label"":""120"",""value"":""120""}],""example"":""52"",""name"":""Leading Span B Length"",""query_type"":""enum"",""required"":""0""},{""children"":null,""default_value"":""26"",""desc"":"""",""enum_options"":[{""label"":""26"",""value"":""26""},{""label"":""30"",""value"":""30""}],""example"":""26"",""name"":""Lagging Span"",""query_type"":""enum"",""required"":""0""}],""default"":null,""enum_options"":null,""example"":null,""name"":""tech_param"",""query_type"":""array"",""required"":""1"",""source"":""legacy""},""time_period"":{""children"":null,""default"":""day_1"",""enum_options"":[{""label"":""day_1"",""value"":""day_1""},{""label"":""week_1"",""value"":""week_1""},{""label"":""month_1"",""value"":""month_1""}],""example"":""day_1"",""name"":""time_period"",""query_type"":""enum"",""required"":""1"",""source"":""legacy""},""trade_class"":{""children"":null,""default"":""intraday"",""enum_options"":[{""label"":""盘前"",""value"":""pre_market""},{""label"":""盘中"",""value"":""intraday""},{""label"":""盘后"",""value"":""post_market""}],""example"":""intraday"",""name"":""trade_class"",""query_type"":""enum"",""required"":""1"",""source"":""legacy""}}",{},stock-detail.json,day_1;week_1;month_1,一目均衡表,Ichimoku Cloud,**一目均衡表（Ichimoku Cloud）**一种多功能的日本技术分析系统，通过五条线和一块“云带”来综合判断趋势、支撑阻力及交易时机。**核心五线：**1.  **转换线（快线）**：过去9日高低点的均值，看短期趋势。2.  **基准线（慢线）**：过去26日高低点的均值，看中期趋势和关键支撑阻力。3.  **先行跨度A**：（转换线+基准线）/2，向前平移26日，构成云带上沿。4.  **先行跨度B**：过去52日高低点的均值，向前平移26日，构成云带下沿。5.  **延迟线**：当前收盘价向后平移26日，用于确认趋势。**核心云带（Kumo）：***   由**先行跨度A和B之间的区域**构成。*   **价格在云之上** = 上升趋势；**在云之下** = 下降趋势；**在云之中** = 盘整。*   云带厚度代表支撑/阻力的强度。**基本用法：***   **趋势判断**：主要看价格与云带的关系。*   **交易信号**：转换线上穿基准线（金叉）为买入信号，下穿（死叉）为卖出信号，并结合价格是否突破云带进行确认。,,false,"[""day_1"",""week_1"",""month_1""]","UUS,UBAX,UBAF",STANDARD_SNAPSHOT
4294967282|一目均衡表|Ichimoku Cloud,security,metric_lookup,snapshot,market_code,4294967282,4294967282,"{""tech_param"":{""children"":[{""children"":null,""default_value"":""Conversion Line"",""desc"":""输出指标"",""enum_options"":[{""label"":""Conversion Line"",""value"":""Conversion Line""},{""label"":""Base Line"",""value"":""Base Line""},{""label"":""Leading Span A"",""value"":""Leading Span A""},{""label"":""Leading Span B"",""value"":""Leading Span B""},{""label"":""Lagging Span"",""value"":""Lagging Span""}],""example"":""Conversion Line"",""name"":""indicator_component"",""query_type"":""enum"",""required"":""1""},{""children"":null,""default_value"":""9"",""desc"":"""",""enum_options"":[{""label"":""9"",""value"":""9""},{""label"":""20"",""value"":""20""}],""example"":""9"",""name"":""Conversion Line Length"",""query_type"":""enum"",""required"":""0""},{""children"":null,""default_value"":""26"",""desc"":"""",""enum_options"":[{""label"":""26"",""value"":""26""},{""label"":""60"",""value"":""60""}],""example"":""26"",""name"":""Base Line Length"",""query_type"":""enum"",""required"":""0""},{""children"":null,""default_value"":""52"",""desc"":"""",""enum_options"":[{""label"":""52"",""value"":""52""},{""label"":""120"",""value"":""120""}],""example"":""52"",""name"":""Leading Span B Length"",""query_type"":""enum"",""required"":""0""},{""children"":null,""default_value"":""26"",""desc"":"""",""enum_options"":[{""label"":""26"",""value"":""26""},{""label"":""30"",""value"":""30""}],""example"":""26"",""name"":""Lagging Span"",""query_type"":""enum"",""required"":""0""}],""default"":null,""enum_options"":null,""example"":null,""name"":""tech_param"",""query_type"":""array"",""required"":""1"",""source"":""legacy""},""time_period"":{""children"":null,""default"":""day_1"",""enum_options"":[{""label"":""day_1"",""value"":""day_1""},{""label"":""week_1"",""value"":""week_1""},{""label"":""month_1"",""value"":""month_1""}],""example"":""day_1"",""name"":""time_period"",""query_type"":""enum"",""required"":""1"",""source"":""legacy""},""trade_class"":{""children"":null,""default"":""intraday"",""enum_options"":[{""label"":""盘前"",""value"":""pre_market""},{""label"":""盘中"",""value"":""intraday""},{""label"":""盘后"",""value"":""post_market""}],""example"":""intraday"",""name"":""trade_class"",""query_type"":""enum"",""required"":""1"",""source"":""legacy""}}",{},stock-detail.json,day_1;week_1;month_1,一目均衡表,Ichimoku Cloud,**一目均衡表（Ichimoku Cloud）**一种多功能的日本技术分析系统，通过五条线和一块“云带”来综合判断趋势、支撑阻力及交易时机。**核心五线：**1.  **转换线（快线）**：过去9日高低点的均值，看短期趋势。2.  **基准线（慢线）**：过去26日高低点的均值，看中期趋势和关键支撑阻力。3.  **先行跨度A**：（转换线+基准线）/2，向前平移26日，构成云带上沿。4.  **先行跨度B**：过去52日高低点的均值，向前平移26日，构成云带下沿。5.  **延迟线**：当前收盘价向后平移26日，用于确认趋势。**核心云带（Kumo）：***   由**先行跨度A和B之间的区域**构成。*   **价格在云之上** = 上升趋势；**在云之下** = 下降趋势；**在云之中** = 盘整。*   云带厚度代表支撑/阻力的强度。**基本用法：***   **趋势判断**：主要看价格与云带的关系。*   **交易信号**：转换线上穿基准线（金叉）为买入信号，下穿（死叉）为卖出信号，并结合价格是否突破云带进行确认。,,false,"[""day_1"",""week_1"",""month_1""]","UUS,UBAX,UBAF",STANDARD_SNAPSHOT
4294967282|一目均衡表|Ichimoku Cloud,security,metric_lookup,snapshot,market_code,4294967282,4294967282,"{""tech_param"":{""children"":[{""children"":null,""default_value"":""Conversion Line"",""desc"":""输出指标"",""enum_options"":[{""label"":""Conversion Line"",""value"":""Conversion Line""},{""label"":""Base Line"",""value"":""Base Line""},{""label"":""Leading Span A"",""value"":""Leading Span A""},{""label"":""Leading Span B"",""value"":""Leading Span B""},{""label"":""Lagging Span"",""value"":""Lagging Span""}],""example"":""Conversion Line"",""name"":""indicator_component"",""query_type"":""enum"",""required"":""1""},{""children"":null,""default_value"":""9"",""desc"":"""",""enum_options"":[{""label"":""9"",""value"":""9""},{""label"":""20"",""value"":""20""}],""example"":""9"",""name"":""Conversion Line Length"",""query_type"":""enum"",""required"":""0""},{""children"":null,""default_value"":""26"",""desc"":"""",""enum_options"":[{""label"":""26"",""value"":""26""},{""label"":""60"",""value"":""60""}],""example"":""26"",""name"":""Base Line Length"",""query_type"":""enum"",""required"":""0""},{""children"":null,""default_value"":""52"",""desc"":"""",""enum_options"":[{""label"":""52"",""value"":""52""},{""label"":""120"",""value"":""120""}],""example"":""52"",""name"":""Leading Span B Length"",""query_type"":""enum"",""required"":""0""},{""children"":null,""default_value"":""26"",""desc"":"""",""enum_options"":[{""label"":""26"",""value"":""26""},{""label"":""30"",""value"":""30""}],""example"":""26"",""name"":""Lagging Span"",""query_type"":""enum"",""required"":""0""}],""default"":null,""enum_options"":null,""example"":null,""name"":""tech_param"",""query_type"":""array"",""required"":""1"",""source"":""legacy""},""time_period"":{""children"":null,""default"":""day_1"",""enum_options"":[{""label"":""day_1"",""value"":""day_1""},{""label"":""week_1"",""value"":""week_1""},{""label"":""month_1"",""value"":""month_1""}],""example"":""day_1"",""name"":""time_period"",""query_type"":""enum"",""required"":""1"",""source"":""legacy""},""trade_class"":{""children"":null,""default"":""intraday"",""enum_options"":[{""label"":""盘前"",""value"":""pre_market""},{""label"":""盘中"",""value"":""intraday""},{""label"":""盘后"",""value"":""post_market""}],""example"":""intraday"",""name"":""trade_class"",""query_type"":""enum"",""required"":""1"",""source"":""legacy""}}",{},stock-detail.json,day_1;week_1;month_1,一目均衡表,Ichimoku Cloud,**一目均衡表（Ichimoku Cloud）**一种多功能的日本技术分析系统，通过五条线和一块“云带”来综合判断趋势、支撑阻力及交易时机。**核心五线：**1.  **转换线（快线）**：过去9日高低点的均值，看短期趋势。2.  **基准线（慢线）**：过去26日高低点的均值，看中期趋势和关键支撑阻力。3.  **先行跨度A**：（转换线+基准线）/2，向前平移26日，构成云带上沿。4.  **先行跨度B**：过去52日高低点的均值，向前平移26日，构成云带下沿。5.  **延迟线**：当前收盘价向后平移26日，用于确认趋势。**核心云带（Kumo）：***   由**先行跨度A和B之间的区域**构成。*   **价格在云之上** = 上升趋势；**在云之下** = 下降趋势；**在云之中** = 盘整。*   云带厚度代表支撑/阻力的强度。**基本用法：***   **趋势判断**：主要看价格与云带的关系。*   **交易信号**：转换线上穿基准线（金叉）为买入信号，下穿（死叉）为卖出信号，并结合价格是否突破云带进行确认。,,false,"[""day_1"",""week_1"",""month_1""]","UUS,UBAX,UBAF",STANDARD_SNAPSHOT
4294967287|船体移动平均线|Hull Moving Average,security,metric_lookup,snapshot,market_code,4294967287,4294967287,"{""tech_param"":{""children"":[{""children"":null,""default_value"":""HMA"",""desc"":""输出指标"",""enum_options"":[{""label"":""HMA"",""value"":""HMA""}],""example"":""HMA"",""name"":""indicator_component"",""query_type"":""enum"",""required"":""1""},{""children"":null,""default_value"":""9"",""desc"":"""",""enum_options"":[{""label"":""9"",""value"":""9""},{""label"":""20"",""value"":""20""},{""label"":""200"",""value"":""200""}],""example"":""9"",""name"":""Length"",""query_type"":""enum"",""required"":""0""}],""default"":null,""enum_options"":null,""example"":null,""name"":""tech_param"",""query_type"":""array"",""required"":""1"",""source"":""legacy""},""time_period"":{""children"":null,""default"":""day_1"",""enum_options"":[{""label"":""day_1"",""value"":""day_1""},{""label"":""week_1"",""value"":""week_1""},{""label"":""month_1"",""value"":""month_1""}],""example"":""day_1"",""name"":""time_period"",""query_type"":""enum"",""required"":""1"",""source"":""legacy""},""trade_class"":{""children"":null,""default"":""intraday"",""enum_options"":[{""label"":""盘前"",""value"":""pre_market""},{""label"":""盘中"",""value"":""intraday""},{""label"":""盘后"",""value"":""post_market""}],""example"":""intraday"",""name"":""trade_class"",""query_type"":""enum"",""required"":""1"",""source"":""legacy""}}",{},stock-detail.json,day_1;week_1;month_1,船体移动平均线,Hull Moving Average,由Alan Hull开发的移动平均线，旨在减少滞后性并提高平滑度,,false,"[""day_1"",""week_1"",""month_1""]","UUS,UBAX,UBAF",STANDARD_SNAPSHOT
4294967287|船体移动平均线|Hull Moving Average,security,metric_lookup,snapshot,market_code,4294967287,4294967287,"{""tech_param"":{""children"":[{""children"":null,""default_value"":""HMA"",""desc"":""输出指标"",""enum_options"":[{""label"":""HMA"",""value"":""HMA""}],""example"":""HMA"",""name"":""indicator_component"",""query_type"":""enum"",""required"":""1""},{""children"":null,""default_value"":""9"",""desc"":"""",""enum_options"":[{""label"":""9"",""value"":""9""},{""label"":""20"",""value"":""20""},{""label"":""200"",""value"":""200""}],""example"":""9"",""name"":""Length"",""query_type"":""enum"",""required"":""0""}],""default"":null,""enum_options"":null,""example"":null,""name"":""tech_param"",""query_type"":""array"",""required"":""1"",""source"":""legacy""},""time_period"":{""children"":null,""default"":""day_1"",""enum_options"":[{""label"":""day_1"",""value"":""day_1""},{""label"":""week_1"",""value"":""week_1""},{""label"":""month_1"",""value"":""month_1""}],""example"":""day_1"",""name"":""time_period"",""query_type"":""enum"",""required"":""1"",""source"":""legacy""},""trade_class"":{""children"":null,""default"":""intraday"",""enum_options"":[{""label"":""盘前"",""value"":""pre_market""},{""label"":""盘中"",""value"":""intraday""},{""label"":""盘后"",""value"":""post_market""}],""example"":""intraday"",""name"":""trade_class"",""query_type"":""enum"",""required"":""1"",""source"":""legacy""}}",{},stock-detail.json,day_1;week_1;month_1,船体移动平均线,Hull Moving Average,由Alan Hull开发的移动平均线，旨在减少滞后性并提高平滑度,,false,"[""day_1"",""week_1"",""month_1""]","UUS,UBAX,UBAF",STANDARD_SNAPSHOT
4294967287|船体移动平均线|Hull Moving Average,security,metric_lookup,snapshot,market_code,4294967287,4294967287,"{""tech_param"":{""children"":[{""children"":null,""default_value"":""HMA"",""desc"":""输出指标"",""enum_options"":[{""label"":""HMA"",""value"":""HMA""}],""example"":""HMA"",""name"":""indicator_component"",""query_type"":""enum"",""required"":""1""},{""children"":null,""default_value"":""9"",""desc"":"""",""enum_options"":[{""label"":""9"",""value"":""9""},{""label"":""20"",""value"":""20""},{""label"":""200"",""value"":""200""}],""example"":""9"",""name"":""Length"",""query_type"":""enum"",""required"":""0""}],""default"":null,""enum_options"":null,""example"":null,""name"":""tech_param"",""query_type"":""array"",""required"":""1"",""source"":""legacy""},""time_period"":{""children"":null,""default"":""day_1"",""enum_options"":[{""label"":""day_1"",""value"":""day_1""},{""label"":""week_1"",""value"":""week_1""},{""label"":""month_1"",""value"":""month_1""}],""example"":""day_1"",""name"":""time_period"",""query_type"":""enum"",""required"":""1"",""source"":""legacy""},""trade_class"":{""children"":null,""default"":""intraday"",""enum_options"":[{""label"":""盘前"",""value"":""pre_market""},{""label"":""盘中"",""value"":""intraday""},{""label"":""盘后"",""value"":""post_market""}],""example"":""intraday"",""name"":""trade_class"",""query_type"":""enum"",""required"":""1"",""source"":""legacy""}}",{},stock-detail.json,day_1;week_1;month_1,船体移动平均线,Hull Moving Average,由Alan Hull开发的移动平均线，旨在减少滞后性并提高平滑度,,false,"[""day_1"",""week_1"",""month_1""]","UUS,UBAX,UBAF",STANDARD_SNAPSHOT
4294967288|动量震荡指标|Awesome Oscillator,security,metric_lookup,snapshot,market_code,4294967288,4294967288,"{""tech_param"":{""children"":[{""children"":null,""default_value"":""AO"",""desc"":""输出指标"",""enum_options"":[{""label"":""AO"",""value"":""AO""}],""example"":""AO"",""name"":""indicator_component"",""query_type"":""enum"",""required"":""1""}],""default"":null,""enum_options"":null,""example"":null,""name"":""tech_param"",""query_type"":""array"",""required"":""1"",""source"":""legacy""},""time_period"":{""children"":null,""default"":""day_1"",""enum_options"":[{""label"":""day_1"",""value"":""day_1""},{""label"":""week_1"",""value"":""week_1""},{""label"":""month_1"",""value"":""month_1""}],""example"":""day_1"",""name"":""time_period"",""query_type"":""enum"",""required"":""1"",""source"":""legacy""},""trade_class"":{""children"":null,""default"":""intraday"",""enum_options"":[{""label"":""盘前"",""value"":""pre_market""},{""label"":""盘中"",""value"":""intraday""},{""label"":""盘后"",""value"":""post_market""}],""example"":""intraday"",""name"":""trade_class"",""query_type"":""enum"",""required"":""1"",""source"":""legacy""}}",{},stock-detail.json,day_1;week_1;month_1,动量震荡指标,Awesome Oscillator,动量震荡指标,,false,"[""day_1"",""week_1"",""month_1""]","UUS,UBAX,UBAF",STANDARD_SNAPSHOT
4294967288|动量震荡指标|Awesome Oscillator,security,metric_lookup,snapshot,market_code,4294967288,4294967288,"{""tech_param"":{""children"":[{""children"":null,""default_value"":""AO"",""desc"":""输出指标"",""enum_options"":[{""label"":""AO"",""value"":""AO""}],""example"":""AO"",""name"":""indicator_component"",""query_type"":""enum"",""required"":""1""}],""default"":null,""enum_options"":null,""example"":null,""name"":""tech_param"",""query_type"":""array"",""required"":""1"",""source"":""legacy""},""time_period"":{""children"":null,""default"":""day_1"",""enum_options"":[{""label"":""day_1"",""value"":""day_1""},{""label"":""week_1"",""value"":""week_1""},{""label"":""month_1"",""value"":""month_1""}],""example"":""day_1"",""name"":""time_period"",""query_type"":""enum"",""required"":""1"",""source"":""legacy""},""trade_class"":{""children"":null,""default"":""intraday"",""enum_options"":[{""label"":""盘前"",""value"":""pre_market""},{""label"":""盘中"",""value"":""intraday""},{""label"":""盘后"",""value"":""post_market""}],""example"":""intraday"",""name"":""trade_class"",""query_type"":""enum"",""required"":""1"",""source"":""legacy""}}",{},stock-detail.json,day_1;week_1;month_1,动量震荡指标,Awesome Oscillator,动量震荡指标,,false,"[""day_1"",""week_1"",""month_1""]","UUS,UBAX,UBAF",STANDARD_SNAPSHOT
4294967288|动量震荡指标|Awesome Oscillator,security,metric_lookup,snapshot,market_code,4294967288,4294967288,"{""tech_param"":{""children"":[{""children"":null,""default_value"":""AO"",""desc"":""输出指标"",""enum_options"":[{""label"":""AO"",""value"":""AO""}],""example"":""AO"",""name"":""indicator_component"",""query_type"":""enum"",""required"":""1""}],""default"":null,""enum_options"":null,""example"":null,""name"":""tech_param"",""query_type"":""array"",""required"":""1"",""source"":""legacy""},""time_period"":{""children"":null,""default"":""day_1"",""enum_options"":[{""label"":""day_1"",""value"":""day_1""},{""label"":""week_1"",""value"":""week_1""},{""label"":""month_1"",""value"":""month_1""}],""example"":""day_1"",""name"":""time_period"",""query_type"":""enum"",""required"":""1"",""source"":""legacy""},""trade_class"":{""children"":null,""default"":""intraday"",""enum_options"":[{""label"":""盘前"",""value"":""pre_market""},{""label"":""盘中"",""value"":""intraday""},{""label"":""盘后"",""value"":""post_market""}],""example"":""intraday"",""name"":""trade_class"",""query_type"":""enum"",""required"":""1"",""source"":""legacy""}}",{},stock-detail.json,day_1;week_1;month_1,动量震荡指标,Awesome Oscillator,动量震荡指标,,false,"[""day_1"",""week_1"",""month_1""]","UUS,UBAX,UBAF",STANDARD_SNAPSHOT
ext_metric_magic_signal|神奇电波|Magic Signal,security,metric_lookup,snapshot,market_code,ext_metric_magic_signal,ext_metric_magic_signal,{},{},stock-detail.json,snapshot,神奇电波,Magic Signal,神奇电波,,false,[],"UUS,89,UAOS,UDC,UBAX,UBAF,U31X,U31F,U32X,U32F",STANDARD_SNAPSHOT
ext_metric_magic_signal|神奇电波|Magic Signal,security,metric_lookup,snapshot,market_code,ext_metric_magic_signal,ext_metric_magic_signal,{},{},stock-detail.json,snapshot,神奇电波,Magic Signal,神奇电波,,false,[],"UUS,89,UAOS,UDC,UBAX,UBAF,U31X,U31F,U32X,U32F",STANDARD_SNAPSHOT
ext_metric_magic_signal|神奇电波|Magic Signal,security,metric_lookup,snapshot,market_code,ext_metric_magic_signal,ext_metric_magic_signal,{},{},stock-detail.json,snapshot,神奇电波,Magic Signal,神奇电波,,false,[],"UUS,89,UAOS,UDC,UBAX,UBAF,U31X,U31F,U32X,U32F",STANDARD_SNAPSHOT
68317|指数平滑移动平均线（MACD）|Convergence Divergence of Moving Averages,security,metric_lookup,snapshot,market_code,68317,68317,"{""tech_param"":{""children"":[{""children"":null,""default_value"":""DIFF"",""desc"":""输出指标"",""enum_options"":[{""label"":""DIFF"",""value"":""DIFF""},{""label"":""DEA"",""value"":""DEA""},{""label"":""MACD"",""value"":""MACD""}],""example"":""DIFF"",""name"":""indicator_component"",""query_type"":""enum"",""required"":""1""},{""children"":null,""default_value"":""12"",""desc"":"""",""enum_options"":[{""label"":""12"",""value"":""12""}],""example"":""12"",""name"":""Short-term"",""query_type"":""enum"",""required"":""0""},{""children"":null,""default_value"":""26"",""desc"":"""",""enum_options"":[{""label"":""26"",""value"":""26""}],""example"":""26"",""name"":""Long-term"",""query_type"":""enum"",""required"":""0""},{""children"":null,""default_value"":""9"",""desc"":"""",""enum_options"":[{""label"":""9"",""value"":""9""}],""example"":""9"",""name"":""M"",""query_type"":""enum"",""required"":""0""}],""default"":null,""enum_options"":null,""example"":null,""name"":""tech_param"",""query_type"":""array"",""required"":""1"",""source"":""legacy""},""time_period"":{""children"":null,""default"":""day_1"",""enum_options"":[{""label"":""day_1"",""value"":""day_1""},{""label"":""week_1"",""value"":""week_1""},{""label"":""month_1"",""value"":""month_1""}],""example"":""day_1"",""name"":""time_period"",""query_type"":""enum"",""required"":""1"",""source"":""legacy""},""trade_class"":{""children"":null,""default"":""intraday"",""enum_options"":[{""label"":""盘前"",""value"":""pre_market""},{""label"":""盘中"",""value"":""intraday""},{""label"":""盘后"",""value"":""post_market""}],""example"":""intraday"",""name"":""trade_class"",""query_type"":""enum"",""required"":""1"",""source"":""legacy""}}",{},stock-detail.json,day_1;week_1;month_1,指数平滑移动平均线（MACD）,Convergence Divergence of Moving Averages,**指数平滑移动平均线（MACD） (Moving Average Convergence Divergence)**由杰拉尔德·阿佩尔创建。由三部分组成：**MACD线**（短期EMA与长期EMA的差值）、**信号线**（MACD线的EMA）以及**柱状图**（MACD线与信号线的差值）。用于识别趋势方向、动量和买卖信号（如金叉、死叉）。,,false,"[""day_1"",""week_1"",""month_1""]","UUS,UBAX,UBAF",STANDARD_SNAPSHOT
68317|指数平滑移动平均线（MACD）|Convergence Divergence of Moving Averages,security,metric_lookup,snapshot,market_code,68317,68317,"{""tech_param"":{""children"":[{""children"":null,""default_value"":""DIFF"",""desc"":""输出指标"",""enum_options"":[{""label"":""DIFF"",""value"":""DIFF""},{""label"":""DEA"",""value"":""DEA""},{""label"":""MACD"",""value"":""MACD""}],""example"":""DIFF"",""name"":""indicator_component"",""query_type"":""enum"",""required"":""1""},{""children"":null,""default_value"":""12"",""desc"":"""",""enum_options"":[{""label"":""12"",""value"":""12""}],""example"":""12"",""name"":""Short-term"",""query_type"":""enum"",""required"":""0""},{""children"":null,""default_value"":""26"",""desc"":"""",""enum_options"":[{""label"":""26"",""value"":""26""}],""example"":""26"",""name"":""Long-term"",""query_type"":""enum"",""required"":""0""},{""children"":null,""default_value"":""9"",""desc"":"""",""enum_options"":[{""label"":""9"",""value"":""9""}],""example"":""9"",""name"":""M"",""query_type"":""enum"",""required"":""0""}],""default"":null,""enum_options"":null,""example"":null,""name"":""tech_param"",""query_type"":""array"",""required"":""1"",""source"":""legacy""},""time_period"":{""children"":null,""default"":""day_1"",""enum_options"":[{""label"":""day_1"",""value"":""day_1""},{""label"":""week_1"",""value"":""week_1""},{""label"":""month_1"",""value"":""month_1""}],""example"":""day_1"",""name"":""time_period"",""query_type"":""enum"",""required"":""1"",""source"":""legacy""},""trade_class"":{""children"":null,""default"":""intraday"",""enum_options"":[{""label"":""盘前"",""value"":""pre_market""},{""label"":""盘中"",""value"":""intraday""},{""label"":""盘后"",""value"":""post_market""}],""example"":""intraday"",""name"":""trade_class"",""query_type"":""enum"",""required"":""1"",""source"":""legacy""}}",{},stock-detail.json,day_1;week_1;month_1,指数平滑移动平均线（MACD）,Convergence Divergence of Moving Averages,**指数平滑移动平均线（MACD） (Moving Average Convergence Divergence)**由杰拉尔德·阿佩尔创建。由三部分组成：**MACD线**（短期EMA与长期EMA的差值）、**信号线**（MACD线的EMA）以及**柱状图**（MACD线与信号线的差值）。用于识别趋势方向、动量和买卖信号（如金叉、死叉）。,,false,"[""day_1"",""week_1"",""month_1""]","UUS,UBAX,UBAF",STANDARD_SNAPSHOT
68317|指数平滑移动平均线（MACD）|Convergence Divergence of Moving Averages,security,metric_lookup,snapshot,market_code,68317,68317,"{""tech_param"":{""children"":[{""children"":null,""default_value"":""DIFF"",""desc"":""输出指标"",""enum_options"":[{""label"":""DIFF"",""value"":""DIFF""},{""label"":""DEA"",""value"":""DEA""},{""label"":""MACD"",""value"":""MACD""}],""example"":""DIFF"",""name"":""indicator_component"",""query_type"":""enum"",""required"":""1""},{""children"":null,""default_value"":""12"",""desc"":"""",""enum_options"":[{""label"":""12"",""value"":""12""}],""example"":""12"",""name"":""Short-term"",""query_type"":""enum"",""required"":""0""},{""children"":null,""default_value"":""26"",""desc"":"""",""enum_options"":[{""label"":""26"",""value"":""26""}],""example"":""26"",""name"":""Long-term"",""query_type"":""enum"",""required"":""0""},{""children"":null,""default_value"":""9"",""desc"":"""",""enum_options"":[{""label"":""9"",""value"":""9""}],""example"":""9"",""name"":""M"",""query_type"":""enum"",""required"":""0""}],""default"":null,""enum_options"":null,""example"":null,""name"":""tech_param"",""query_type"":""array"",""required"":""1"",""source"":""legacy""},""time_period"":{""children"":null,""default"":""day_1"",""enum_options"":[{""label"":""day_1"",""value"":""day_1""},{""label"":""week_1"",""value"":""week_1""},{""label"":""month_1"",""value"":""month_1""}],""example"":""day_1"",""name"":""time_period"",""query_type"":""enum"",""required"":""1"",""source"":""legacy""},""trade_class"":{""children"":null,""default"":""intraday"",""enum_options"":[{""label"":""盘前"",""value"":""pre_market""},{""label"":""盘中"",""value"":""intraday""},{""label"":""盘后"",""value"":""post_market""}],""example"":""intraday"",""name"":""trade_class"",""query_type"":""enum"",""required"":""1"",""source"":""legacy""}}",{},stock-detail.json,day_1;week_1;month_1,指数平滑移动平均线（MACD）,Convergence Divergence of Moving Averages,**指数平滑移动平均线（MACD） (Moving Average Convergence Divergence)**由杰拉尔德·阿佩尔创建。由三部分组成：**MACD线**（短期EMA与长期EMA的差值）、**信号线**（MACD线的EMA）以及**柱状图**（MACD线与信号线的差值）。用于识别趋势方向、动量和买卖信号（如金叉、死叉）。,,false,"[""day_1"",""week_1"",""month_1""]","UUS,UBAX,UBAF",STANDARD_SNAPSHOT
ext_metric_liquidity_rating|流动性评分|Liquidity Rating,security,metric_lookup,snapshot,market_code,ext_metric_liquidity_rating,ext_metric_liquidity_rating,{},{},stock-detail.json,snapshot,流动性评分,Liquidity Rating,基于交易量、买卖价差、流通市值等流动性指标的评分,,false,[],"UUS,89,UAOS,UDC,UBAX,UBAF,U31X,U31F,U32X,U32F",STANDARD_SNAPSHOT
ext_metric_liquidity_rating|流动性评分|Liquidity Rating,security,metric_lookup,snapshot,market_code,ext_metric_liquidity_rating,ext_metric_liquidity_rating,{},{},stock-detail.json,snapshot,流动性评分,Liquidity Rating,基于交易量、买卖价差、流通市值等流动性指标的评分,,false,[],"UUS,89,UAOS,UDC,UBAX,UBAF,U31X,U31F,U32X,U32F",STANDARD_SNAPSHOT
ext_metric_liquidity_rating|流动性评分|Liquidity Rating,security,metric_lookup,snapshot,market_code,ext_metric_liquidity_rating,ext_metric_liquidity_rating,{},{},stock-detail.json,snapshot,流动性评分,Liquidity Rating,基于交易量、买卖价差、流通市值等流动性指标的评分,,false,[],"UUS,89,UAOS,UDC,UBAX,UBAF,U31X,U31F,U32X,U32F",STANDARD_SNAPSHOT
ext_metric_liquidity_rating|流动性评分|Liquidity Rating,security,metric_lookup,snapshot,market_code,ext_metric_liquidity_rating,ext_metric_liquidity_rating,{},{},stock-detail.json,snapshot,流动性评分,Liquidity Rating,基于交易量、买卖价差、流通市值等流动性指标的评分,,false,[],"UUS,89,UAOS,UDC,UBAX,UBAF,U31X,U31F,U32X,U32F",STANDARD_SNAPSHOT
volatility|波动率 1日|1-day Volatility,security,metric_lookup,snapshot,market_code,volatility,volatility,{},{},stock-detail.json,snapshot,波动率 1日,1-day Volatility,"第一步：计算真实波动幅度 = Max[(最高价 - 最低价), |最高价 - 前一根收盘价|, |最低价 - 前一根收盘价|]
第二步：计算日波动率 = (真实波动幅度 x 100) / |最低价| %
如果股票只有1根K线，没有昨收，真实波动幅度 = (最高价 - 最低价)",,false,[],"UUS,89,UDC,UBAX,UBAF,U31X,U31F,U32X,U32F",STANDARD_SNAPSHOT
volatility|波动率 1日|1-day Volatility,security,metric_lookup,snapshot,market_code,volatility,volatility,{},{},stock-detail.json,snapshot,波动率 1日,1-day Volatility,"第一步：计算真实波动幅度 = Max[(最高价 - 最低价), |最高价 - 前一根收盘价|, |最低价 - 前一根收盘价|]
第二步：计算日波动率 = (真实波动幅度 x 100) / |最低价| %
如果股票只有1根K线，没有昨收，真实波动幅度 = (最高价 - 最低价)",,false,[],"UUS,89,UDC,UBAX,UBAF,U31X,U31F,U32X,U32F",STANDARD_SNAPSHOT
volatility|波动率 1日|1-day Volatility,security,metric_lookup,snapshot,market_code,volatility,volatility,{},{},stock-detail.json,snapshot,波动率 1日,1-day Volatility,"第一步：计算真实波动幅度 = Max[(最高价 - 最低价), |最高价 - 前一根收盘价|, |最低价 - 前一根收盘价|]
第二步：计算日波动率 = (真实波动幅度 x 100) / |最低价| %
如果股票只有1根K线，没有昨收，真实波动幅度 = (最高价 - 最低价)",,false,[],"UUS,89,UDC,UBAX,UBAF,U31X,U31F,U32X,U32F",STANDARD_SNAPSHOT
price_gap_ratio_pct|跳空幅度（基于昨日收盘价）|Gap Percent,security,metric_lookup,snapshot,market_code,price_gap_ratio_pct,price_gap_ratio_pct,"{""time_period"":{""children"":null,""default"":""day_1"",""enum_options"":[{""label"":""限制 day_x"",""value"":""day_1""}],""example"":""day_1"",""name"":""time_period"",""query_type"":""enum"",""required"":""1"",""source"":""legacy""},""trade_class"":{""children"":null,""default"":""intraday"",""enum_options"":[{""label"":""盘前"",""value"":""pre_market""},{""label"":""盘中"",""value"":""intraday""},{""label"":""盘后"",""value"":""post_market""}],""example"":""intraday"",""name"":""trade_class"",""query_type"":""enum"",""required"":""1"",""source"":""legacy""}}",{},stock-detail.json,day_1,跳空幅度（基于昨日收盘价）,Gap Percent,"Gap %
跳空幅度
计算公式
跳空幅度 = (开盘价 - 昨收价) / 昨收价 * 100
### 核心业务含义与价值
跳空幅度不仅仅是价格变化，其背后蕴含着丰富的市场信息，是洞察市场情绪和力量对比的关键窗口。
1、衡量市场情绪的强烈程度
含义：跳空幅度是市场情绪最直观、最剧烈的量化体现。幅度越大，表明市场对某一消息（如财报、并购、政策变动）的反应越强烈，共识越一致。
解读：
大幅向上跳空：通常源于极度的乐观情绪（如业绩超预期、重大利好政策）。买方愿意以远高于昨日收盘的价格抢筹，生怕买不到。
大幅向下跳空：通常源于极度的悲观恐慌（如业绩暴雷、行业黑天鹅）。卖方不计成本地抛售，生怕卖不掉。
2、识别关键支撑与阻力位
含义：跳空产生的缺口区域（即前一日收盘价与今日开盘价之间的价格真空区），本身就会成为未来重要的支撑或阻力位。幅度越大，该区域的技术意义就越强。
解读：
向上跳空缺口：在后续价格回调时，该缺口区域会形成强力支撑。如果价格未能回补缺口就反弹，说明上涨动能强劲。
向下跳空缺口：在后续价格反弹时，该缺口区域会形成强力阻力。如果价格未能回补缺口就回落，说明下跌趋势可能持续。
交易策略：许多交易者会利用这一点，在价格回测缺口支撑时买入，或在反抽缺口阻力时卖出。
3、判断趋势的启动与加速
含义：不同位置的跳空，其业务含义不同，而幅度强化了这种信号。
突破性跳空（Breakaway Gap）：发生在价格整理末期（如箱体、三角形），伴随巨大幅度和成交量，通常标志着新趋势的启动。幅度越大，突破的有效性越高。
中途跳空（Runaway/Measuring Gap）：发生在趋势的中途，幅度较大，表明趋势正在加速发展，市场情绪高度一致。
衰竭性跳空（Exhaustion Gap）：发生在趋势的末端，幅度可能也很大，但通常是趋势的“最后一搏”，预示着趋势可能即将反转。（需结合成交量等其他指标确认）
4、预示波动性的急剧放大
含义：大幅跳空开盘意味着市场在非交易时段积累了巨大的信息差和订单不平衡，这直接导致了波动性（Volatility）的骤然升高。
解读：对于风险管理和交易者来说，大幅跳空是一个重要警报。它意味着：
止损订单可能被触发：价格 gaps through stop-loss levels，导致滑点（Slippage）增大，实际成交价可能远差于预期。
日内波动可能加剧：开盘后，市场可能需要更多时间来消化信息和寻找新的平衡点，导致当日股价巨震。
5、反映流动性与市场效率
含义：跳空幅度的大小也反映了资产的流动性和市场效率。
解读：
高流动性资产（如大盘蓝筹股）：通常跳空幅度较小，因为庞大的交易量可以平滑价格变化，消息能被迅速消化。
低流动性资产（如小盘股、仙股）：极易出现大幅跳空，因为少量订单就能推动价格大幅变动，市场效率较低。",,false,"[""day_1""]","UUS,89,UDC,UBAX,UBAF,U31X,U31F,U32X,U32F",STANDARD_SNAPSHOT
price_gap_ratio_pct|跳空幅度（基于昨日收盘价）|Gap Percent,security,metric_lookup,snapshot,market_code,price_gap_ratio_pct,price_gap_ratio_pct,"{""time_period"":{""children"":null,""default"":""day_1"",""enum_options"":[{""label"":""限制 day_x"",""value"":""day_1""}],""example"":""day_1"",""name"":""time_period"",""query_type"":""enum"",""required"":""1"",""source"":""legacy""},""trade_class"":{""children"":null,""default"":""intraday"",""enum_options"":[{""label"":""盘前"",""value"":""pre_market""},{""label"":""盘中"",""value"":""intraday""},{""label"":""盘后"",""value"":""post_market""}],""example"":""intraday"",""name"":""trade_class"",""query_type"":""enum"",""required"":""1"",""source"":""legacy""}}",{},stock-detail.json,day_1,跳空幅度（基于昨日收盘价）,Gap Percent,"Gap %
跳空幅度
计算公式
跳空幅度 = (开盘价 - 昨收价) / 昨收价 * 100
### 核心业务含义与价值
跳空幅度不仅仅是价格变化，其背后蕴含着丰富的市场信息，是洞察市场情绪和力量对比的关键窗口。
1、衡量市场情绪的强烈程度
含义：跳空幅度是市场情绪最直观、最剧烈的量化体现。幅度越大，表明市场对某一消息（如财报、并购、政策变动）的反应越强烈，共识越一致。
解读：
大幅向上跳空：通常源于极度的乐观情绪（如业绩超预期、重大利好政策）。买方愿意以远高于昨日收盘的价格抢筹，生怕买不到。
大幅向下跳空：通常源于极度的悲观恐慌（如业绩暴雷、行业黑天鹅）。卖方不计成本地抛售，生怕卖不掉。
2、识别关键支撑与阻力位
含义：跳空产生的缺口区域（即前一日收盘价与今日开盘价之间的价格真空区），本身就会成为未来重要的支撑或阻力位。幅度越大，该区域的技术意义就越强。
解读：
向上跳空缺口：在后续价格回调时，该缺口区域会形成强力支撑。如果价格未能回补缺口就反弹，说明上涨动能强劲。
向下跳空缺口：在后续价格反弹时，该缺口区域会形成强力阻力。如果价格未能回补缺口就回落，说明下跌趋势可能持续。
交易策略：许多交易者会利用这一点，在价格回测缺口支撑时买入，或在反抽缺口阻力时卖出。
3、判断趋势的启动与加速
含义：不同位置的跳空，其业务含义不同，而幅度强化了这种信号。
突破性跳空（Breakaway Gap）：发生在价格整理末期（如箱体、三角形），伴随巨大幅度和成交量，通常标志着新趋势的启动。幅度越大，突破的有效性越高。
中途跳空（Runaway/Measuring Gap）：发生在趋势的中途，幅度较大，表明趋势正在加速发展，市场情绪高度一致。
衰竭性跳空（Exhaustion Gap）：发生在趋势的末端，幅度可能也很大，但通常是趋势的“最后一搏”，预示着趋势可能即将反转。（需结合成交量等其他指标确认）
4、预示波动性的急剧放大
含义：大幅跳空开盘意味着市场在非交易时段积累了巨大的信息差和订单不平衡，这直接导致了波动性（Volatility）的骤然升高。
解读：对于风险管理和交易者来说，大幅跳空是一个重要警报。它意味着：
止损订单可能被触发：价格 gaps through stop-loss levels，导致滑点（Slippage）增大，实际成交价可能远差于预期。
日内波动可能加剧：开盘后，市场可能需要更多时间来消化信息和寻找新的平衡点，导致当日股价巨震。
5、反映流动性与市场效率
含义：跳空幅度的大小也反映了资产的流动性和市场效率。
解读：
高流动性资产（如大盘蓝筹股）：通常跳空幅度较小，因为庞大的交易量可以平滑价格变化，消息能被迅速消化。
低流动性资产（如小盘股、仙股）：极易出现大幅跳空，因为少量订单就能推动价格大幅变动，市场效率较低。",,false,"[""day_1""]","UUS,89,UDC,UBAX,UBAF,U31X,U31F,U32X,U32F",STANDARD_SNAPSHOT
price_gap_ratio_pct|跳空幅度（基于昨日收盘价）|Gap Percent,security,metric_lookup,snapshot,market_code,price_gap_ratio_pct,price_gap_ratio_pct,"{""time_period"":{""children"":null,""default"":""day_1"",""enum_options"":[{""label"":""限制 day_x"",""value"":""day_1""}],""example"":""day_1"",""name"":""time_period"",""query_type"":""enum"",""required"":""1"",""source"":""legacy""},""trade_class"":{""children"":null,""default"":""intraday"",""enum_options"":[{""label"":""盘前"",""value"":""pre_market""},{""label"":""盘中"",""value"":""intraday""},{""label"":""盘后"",""value"":""post_market""}],""example"":""intraday"",""name"":""trade_class"",""query_type"":""enum"",""required"":""1"",""source"":""legacy""}}",{},stock-detail.json,day_1,跳空幅度（基于昨日收盘价）,Gap Percent,"Gap %
跳空幅度
计算公式
跳空幅度 = (开盘价 - 昨收价) / 昨收价 * 100
### 核心业务含义与价值
跳空幅度不仅仅是价格变化，其背后蕴含着丰富的市场信息，是洞察市场情绪和力量对比的关键窗口。
1、衡量市场情绪的强烈程度
含义：跳空幅度是市场情绪最直观、最剧烈的量化体现。幅度越大，表明市场对某一消息（如财报、并购、政策变动）的反应越强烈，共识越一致。
解读：
大幅向上跳空：通常源于极度的乐观情绪（如业绩超预期、重大利好政策）。买方愿意以远高于昨日收盘的价格抢筹，生怕买不到。
大幅向下跳空：通常源于极度的悲观恐慌（如业绩暴雷、行业黑天鹅）。卖方不计成本地抛售，生怕卖不掉。
2、识别关键支撑与阻力位
含义：跳空产生的缺口区域（即前一日收盘价与今日开盘价之间的价格真空区），本身就会成为未来重要的支撑或阻力位。幅度越大，该区域的技术意义就越强。
解读：
向上跳空缺口：在后续价格回调时，该缺口区域会形成强力支撑。如果价格未能回补缺口就反弹，说明上涨动能强劲。
向下跳空缺口：在后续价格反弹时，该缺口区域会形成强力阻力。如果价格未能回补缺口就回落，说明下跌趋势可能持续。
交易策略：许多交易者会利用这一点，在价格回测缺口支撑时买入，或在反抽缺口阻力时卖出。
3、判断趋势的启动与加速
含义：不同位置的跳空，其业务含义不同，而幅度强化了这种信号。
突破性跳空（Breakaway Gap）：发生在价格整理末期（如箱体、三角形），伴随巨大幅度和成交量，通常标志着新趋势的启动。幅度越大，突破的有效性越高。
中途跳空（Runaway/Measuring Gap）：发生在趋势的中途，幅度较大，表明趋势正在加速发展，市场情绪高度一致。
衰竭性跳空（Exhaustion Gap）：发生在趋势的末端，幅度可能也很大，但通常是趋势的“最后一搏”，预示着趋势可能即将反转。（需结合成交量等其他指标确认）
4、预示波动性的急剧放大
含义：大幅跳空开盘意味着市场在非交易时段积累了巨大的信息差和订单不平衡，这直接导致了波动性（Volatility）的骤然升高。
解读：对于风险管理和交易者来说，大幅跳空是一个重要警报。它意味着：
止损订单可能被触发：价格 gaps through stop-loss levels，导致滑点（Slippage）增大，实际成交价可能远差于预期。
日内波动可能加剧：开盘后，市场可能需要更多时间来消化信息和寻找新的平衡点，导致当日股价巨震。
5、反映流动性与市场效率
含义：跳空幅度的大小也反映了资产的流动性和市场效率。
解读：
高流动性资产（如大盘蓝筹股）：通常跳空幅度较小，因为庞大的交易量可以平滑价格变化，消息能被迅速消化。
低流动性资产（如小盘股、仙股）：极易出现大幅跳空，因为少量订单就能推动价格大幅变动，市场效率较低。",,false,"[""day_1""]","UUS,89,UDC,UBAX,UBAF,U31X,U31F,U32X,U32F",STANDARD_SNAPSHOT
price_gap_ratio_pct|跳空幅度（基于昨日收盘价）|Gap Percent,security,metric_lookup,snapshot,market_code,price_gap_ratio_pct,price_gap_ratio_pct,"{""time_period"":{""children"":null,""default"":""day_1"",""enum_options"":[{""label"":""限制 day_x"",""value"":""day_1""}],""example"":""day_1"",""name"":""time_period"",""query_type"":""enum"",""required"":""1"",""source"":""legacy""},""trade_class"":{""children"":null,""default"":""intraday"",""enum_options"":[{""label"":""盘前"",""value"":""pre_market""},{""label"":""盘中"",""value"":""intraday""},{""label"":""盘后"",""value"":""post_market""}],""example"":""intraday"",""name"":""trade_class"",""query_type"":""enum"",""required"":""1"",""source"":""legacy""}}",{},stock-detail.json,day_1,跳空幅度（基于昨日收盘价）,Gap Percent,"Gap %
跳空幅度
计算公式
跳空幅度 = (开盘价 - 昨收价) / 昨收价 * 100
### 核心业务含义与价值
跳空幅度不仅仅是价格变化，其背后蕴含着丰富的市场信息，是洞察市场情绪和力量对比的关键窗口。
1、衡量市场情绪的强烈程度
含义：跳空幅度是市场情绪最直观、最剧烈的量化体现。幅度越大，表明市场对某一消息（如财报、并购、政策变动）的反应越强烈，共识越一致。
解读：
大幅向上跳空：通常源于极度的乐观情绪（如业绩超预期、重大利好政策）。买方愿意以远高于昨日收盘的价格抢筹，生怕买不到。
大幅向下跳空：通常源于极度的悲观恐慌（如业绩暴雷、行业黑天鹅）。卖方不计成本地抛售，生怕卖不掉。
2、识别关键支撑与阻力位
含义：跳空产生的缺口区域（即前一日收盘价与今日开盘价之间的价格真空区），本身就会成为未来重要的支撑或阻力位。幅度越大，该区域的技术意义就越强。
解读：
向上跳空缺口：在后续价格回调时，该缺口区域会形成强力支撑。如果价格未能回补缺口就反弹，说明上涨动能强劲。
向下跳空缺口：在后续价格反弹时，该缺口区域会形成强力阻力。如果价格未能回补缺口就回落，说明下跌趋势可能持续。
交易策略：许多交易者会利用这一点，在价格回测缺口支撑时买入，或在反抽缺口阻力时卖出。
3、判断趋势的启动与加速
含义：不同位置的跳空，其业务含义不同，而幅度强化了这种信号。
突破性跳空（Breakaway Gap）：发生在价格整理末期（如箱体、三角形），伴随巨大幅度和成交量，通常标志着新趋势的启动。幅度越大，突破的有效性越高。
中途跳空（Runaway/Measuring Gap）：发生在趋势的中途，幅度较大，表明趋势正在加速发展，市场情绪高度一致。
衰竭性跳空（Exhaustion Gap）：发生在趋势的末端，幅度可能也很大，但通常是趋势的“最后一搏”，预示着趋势可能即将反转。（需结合成交量等其他指标确认）
4、预示波动性的急剧放大
含义：大幅跳空开盘意味着市场在非交易时段积累了巨大的信息差和订单不平衡，这直接导致了波动性（Volatility）的骤然升高。
解读：对于风险管理和交易者来说，大幅跳空是一个重要警报。它意味着：
止损订单可能被触发：价格 gaps through stop-loss levels，导致滑点（Slippage）增大，实际成交价可能远差于预期。
日内波动可能加剧：开盘后，市场可能需要更多时间来消化信息和寻找新的平衡点，导致当日股价巨震。
5、反映流动性与市场效率
含义：跳空幅度的大小也反映了资产的流动性和市场效率。
解读：
高流动性资产（如大盘蓝筹股）：通常跳空幅度较小，因为庞大的交易量可以平滑价格变化，消息能被迅速消化。
低流动性资产（如小盘股、仙股）：极易出现大幅跳空，因为少量订单就能推动价格大幅变动，市场效率较低。",,false,"[""day_1""]","UUS,89,UDC,UBAX,UBAF,U31X,U31F,U32X,U32F",STANDARD_SNAPSHOT
relative_volume_ratio|时段相对成交量|Relative Volume at Time,security,metric_lookup,series,market_code,relative_volume_ratio,relative_volume_ratio,{},"{""type"":""begin_end"",""begin_time"":1783296000000,""end_time"":0,""time_period"":""day_1""}",series-etf-30d.json,snapshot;day_1,时段相对成交量,Relative Volume at Time,时段相对成交量，将当前时段的成交量与历史同一时段的平均成交量相比，大于1表示当前时段成交量高于历史均值，用于日内交易量分析。,,false,[],"UUS,89,UBAX,UBAF,U31X,U31F,U32X,U32F","STANDARD_SNAPSHOT,STANDARD_SERIES_TIME_RANGE_BEGIN_END"
relative_volume_ratio|时段相对成交量|Relative Volume at Time,security,metric_lookup,series,market_code,relative_volume_ratio,relative_volume_ratio,{},"{""type"":""begin_end"",""begin_time"":1783296000000,""end_time"":0,""time_period"":""day_1""}",series-etf-30d.json,snapshot;day_1,时段相对成交量,Relative Volume at Time,时段相对成交量，将当前时段的成交量与历史同一时段的平均成交量相比，大于1表示当前时段成交量高于历史均值，用于日内交易量分析。,,false,[],"UUS,89,UBAX,UBAF,U31X,U31F,U32X,U32F","STANDARD_SNAPSHOT,STANDARD_SERIES_TIME_RANGE_BEGIN_END"
relative_volume_ratio|时段相对成交量|Relative Volume at Time,security,metric_lookup,series,market_code,relative_volume_ratio,relative_volume_ratio,{},"{""type"":""begin_end"",""begin_time"":1783296000000,""end_time"":0,""time_period"":""day_1""}",series-etf-30d.json,snapshot;day_1,时段相对成交量,Relative Volume at Time,时段相对成交量，将当前时段的成交量与历史同一时段的平均成交量相比，大于1表示当前时段成交量高于历史均值，用于日内交易量分析。,,false,[],"UUS,89,UBAX,UBAF,U31X,U31F,U32X,U32F","STANDARD_SNAPSHOT,STANDARD_SERIES_TIME_RANGE_BEGIN_END"
flow_market_value|流通市值|Flow Market Value,security,metric_lookup,series,market_code,flow_market_value,flow_market_value,{},"{""type"":""end_count"",""end_time"":0,""count"":30,""time_period"":""day_1"",""supported_types"":[""begin_end"",""end_count""]}",series-etf-30d.json,snapshot;day_1,流通市值,Flow Market Value,"流通市值（也称为流通股本市值或自由流通市值）是指上市公司中可供公众投资者交易的股票部分的市值。它是通过将公司的股票价格乘以在公开市场上可自由交易的股票数量来计算得出的。

目前支持品种，A股，A股指数;

目前支持周期情况:

A股: 快照

A股指数: 支持近30日历史日线（day_1）&快照",,false,[],"UUS,89,UDC,UBAX,UBAF,U31X,U31F,U32X,U32F","STANDARD_SNAPSHOT,STANDARD_SERIES_TIME_RANGE_ALL"
turnover_ratio_pct|换手率|Trading Turnover,security,metric_lookup,series,market_code,turnover_ratio_pct,turnover_ratio_pct,{},"{""type"":""end_count"",""end_time"":0,""count"":30,""time_period"":""day_1"",""supported_types"":[""begin_end"",""end_count""]}",series-etf-30d.json,snapshot;day_1,换手率,Trading Turnover,"换手率，是衡量一定时期内股票市场中股票交易活跃程度的重要指标。它表示在特定统计周期内，市场上股票实际交易量与流通股本总量之间的比率关系。
---
计算公式
当为股票时：
换手率 = 成交量 / 流通股本 * 100
当为ETF 时：（ETF 仅支持快照周期）
换手率 = 成交额 / 总资产AUM * 100",,false,[],"UUS,89,UDC,UBAX,UBAF,U31X,U31F,U32X,U32F","STANDARD_SNAPSHOT,STANDARD_SERIES_TIME_RANGE_ALL"
turnover_ratio_pct|换手率|Trading Turnover,security,metric_lookup,series,market_code,turnover_ratio_pct,turnover_ratio_pct,{},"{""type"":""end_count"",""end_time"":0,""count"":30,""time_period"":""day_1"",""supported_types"":[""begin_end"",""end_count""]}",series-etf-30d.json,snapshot;day_1,换手率,Trading Turnover,"换手率，是衡量一定时期内股票市场中股票交易活跃程度的重要指标。它表示在特定统计周期内，市场上股票实际交易量与流通股本总量之间的比率关系。
---
计算公式
当为股票时：
换手率 = 成交量 / 流通股本 * 100
当为ETF 时：（ETF 仅支持快照周期）
换手率 = 成交额 / 总资产AUM * 100",,false,[],"UUS,89,UDC,UBAX,UBAF,U31X,U31F,U32X,U32F","STANDARD_SNAPSHOT,STANDARD_SERIES_TIME_RANGE_ALL"
navTotalReturnTenyear|NAV十年回报率|NAV Total Return (10Y),security,metric_lookup,snapshot,market_code,navTotalReturnTenyear,navTotalReturnTenyear,{},{},stock-detail.json,snapshot,NAV十年回报率,NAV Total Return (10Y),含分红再投资后的总收益涨幅,,false,[],UUS,STANDARD_SNAPSHOT
navTotalReturnSinceIpo|NAV成立以来回报率|NAV Total Return (Since IPO),security,metric_lookup,snapshot,market_code,navTotalReturnSinceIpo,navTotalReturnSinceIpo,{},{},stock-detail.json,snapshot,NAV成立以来回报率,NAV Total Return (Since IPO),含分红再投资后的总收益涨幅,,false,[],UUS,STANDARD_SNAPSHOT
pb_roe_ratio_pct|市净率/净资产收益率|PB/ROE,security,metric_lookup,series,market_code,pb_roe_ratio_pct,pb_roe_ratio_pct,{},"{""type"":""end_count"",""end_time"":0,""count"":30,""time_period"":""day_1"",""supported_types"":[""begin_end"",""end_count""]}",series-etf-30d.json,day_1,市净率/净资产收益率,PB/ROE,该指标是市净率（PB）与净资产收益率（ROE）的比值，结合了公司估值水平与盈利能力，用于评估股东投资回报潜力，反映企业资产质量与财务杠杆对估值的影响。,,false,[],"UUS,89,UBAX,UBAF,U31X,U31F,U32X,U32F",STANDARD_SERIES_TIME_RANGE_ALL
return_since_inception|成立以来涨幅|Return Since Inception,security,metric_lookup,snapshot,market_code,return_since_inception,return_since_inception,{},{},stock-detail.json,snapshot,成立以来涨幅,Return Since Inception,股票、ETF 自成立之日起至当前的累计收益率,,false,[],"UUS,89,UDC,UBAX,UBAF,U31X,U31F,U32X,U32F",STANDARD_SNAPSHOT
return_since_inception|成立以来涨幅|Return Since Inception,security,metric_lookup,snapshot,market_code,return_since_inception,return_since_inception,{},{},stock-detail.json,snapshot,成立以来涨幅,Return Since Inception,股票、ETF 自成立之日起至当前的累计收益率,,false,[],"UUS,89,UDC,UBAX,UBAF,U31X,U31F,U32X,U32F",STANDARD_SNAPSHOT
navPerformanceSinceIpo|NAV成立以来表现|NAV Performance % (Since IPO),security,metric_lookup,snapshot,market_code,navPerformanceSinceIpo,navPerformanceSinceIpo,{},{},stock-detail.json,snapshot,NAV成立以来表现,NAV Performance % (Since IPO),NAV成立以来表现,,false,[],UUS,STANDARD_SNAPSHOT
navPerformanceTenyear|NAV十年表现|NAV Performance % (10Y),security,metric_lookup,snapshot,market_code,navPerformanceTenyear,navPerformanceTenyear,{},{},stock-detail.json,snapshot,NAV十年表现,NAV Performance % (10Y),NAV十年表现,,false,[],UUS,STANDARD_SNAPSHOT
ev_fcf_ratio_ttm|企业价值/滚动12个月自由现金流|EV/FCF TTM,security,metric_lookup,series,market_code,ev_fcf_ratio_ttm,ev_fcf_ratio_ttm,{},"{""type"":""end_count"",""end_time"":0,""count"":30,""time_period"":""day_1"",""supported_types"":[""begin_end"",""end_count""]}",series-etf-30d.json,day_1,企业价值/滚动12个月自由现金流,EV/FCF TTM,"Enterprise value to free cash flow
企业价值与自由现金流之比

计算公式
企业价值与自由现金流之比 = 企业价值 / 自由现金流

核心业务含义与价值
EV/FCF比率提供了多层深刻的业务洞察：

1、更精确的估值评估
含义：EV/FCF的核心作用是评估公司相对于其现金流生成能力的估值是“贵”还是“便宜”。

解读：

较低的EV/FCF比率：可能表明公司被低估（相对于其强大的现金流，收购它很划算），或者市场预期其未来现金流会下降。

较高的EV/FCF比率：通常意味着市场对公司的未来增长有很高的预期，愿意为其未来的现金流支付溢价。也可能表明公司当前被高估。

必须进行横向比较：与同行业其他公司的EV/FCF进行比较至关重要。一家EV/FCF为15的公司通常比同行业EV/FCF为25的公司更“便宜”（假设增长前景相似）。

2、进行并购估值分析的基石
含义：EV代表“收购总成本”，FCF代表“收购后能获得的现金回报”。因此，EV/FCF是私募股权基金、 corporate raiders（企业狙击手）和战略收购方在评估收购目标时最常用的指标。

解读：它直接回答了“多少年能回本？”这个问题。例如，如果EV/FCF = 10，意味着在不考虑增长的情况下，收购方理论上需要10年时间用公司产生的自由现金流来回收购房成本。

3、消除了资本结构和现金水平的影响，便于跨公司比较
含义：这是EV/FCF相对于P/E和P/FCF（Price/FCF）的巨大优势。

例子：公司A和公司B业务完全相同，产生相同的FCF。

公司A：有大量现金，低负债。它的市值会很高（因为现金多），但EV较低（现金从EV中扣除了）。

公司B：没有现金，高负债。它的市值会较低，但EV较高（债务加上了）。

结果：计算P/FCF，两家公司会差异巨大。但计算EV/FCF，两家公司的比率会非常接近，真实反映了它们核心业务价值的可比性。这使得EV/FCF成为比较不同财务杠杆（负债水平）公司的理想工具。

4、洞察财务健康状况和回报潜力
含义：持续产生强劲自由现金流的公司是财务健康的标志。EV/FCF比率低意味着公司可能有巨大潜力通过增加股息、大规模股票回购或进行增值型并购来提升股东价值。",,false,[],"UUS,89,UBAX,UBAF,U31X,U31F,U32X,U32F",STANDARD_SERIES_TIME_RANGE_ALL
market_cap_ncav|市值/净流动资产价值|Market Cap/NCAV,security,metric_lookup,series,market_code,market_cap_ncav,market_cap_ncav,{},"{""type"":""end_count"",""end_time"":0,""count"":30,""time_period"":""day_1"",""supported_types"":[""begin_end"",""end_count""]}",series-etf-30d.json,day_1,市值/净流动资产价值,Market Cap/NCAV,该指标是公司当前总市值与净流动资产价值（NCAV）的比率，是价值投资的经典估值指标，净流动资产价值为流动资产减去总负债，该指标用于判断公司股价是否低于其清算价值，是识别深度价值标的的核心参考。,,false,[],"UUS,89,UBAX,UBAF,U31X,U31F,U32X,U32F",STANDARD_SERIES_TIME_RANGE_ALL
market_cap_forward_revenue|市值/预期营业收入|Market Cap/Forward Revenue,security,metric_lookup,series,market_code,market_cap_forward_revenue,market_cap_forward_revenue,{},"{""type"":""end_count"",""end_time"":0,""count"":30,""time_period"":""day_1"",""supported_types"":[""begin_end"",""end_count""]}",series-etf-30d.json,day_1,市值/预期营业收入,Market Cap/Forward Revenue,该指标是公司当前总市值与分析师一致预期的未来12个月营业收入的比率，是前瞻性的估值指标，反映市场对公司未来营收增长的预期与估值定价，常用于高成长、尚未盈利的企业估值。,,false,[],"UUS,89,UBAX,UBAF,U31X,U31F,U32X,U32F",STANDARD_SERIES_TIME_RANGE_ALL
market_cap_net_working_capital|市值/净营运资本|Market Cap/Net Working Capital,security,metric_lookup,series,market_code,market_cap_net_working_capital,market_cap_net_working_capital,{},"{""type"":""end_count"",""end_time"":0,""count"":30,""time_period"":""day_1"",""supported_types"":[""begin_end"",""end_count""]}",series-etf-30d.json,day_1,市值/净营运资本,Market Cap/Net Working Capital,该指标是公司当前总市值与净营运资本的比率，用于评估公司估值水平，净营运资本为流动资产减去流动负债，反映公司短期财务健康状况与流动性，该指标越低通常表明公司估值越具安全边际。,,false,[],"UUS,89,UBAX,UBAF,U31X,U31F,U32X,U32F",STANDARD_SERIES_TIME_RANGE_ALL
ev_revenue_ratio_ttm|EV收入比(TTM)|Enterprise Value to Revenue (TTM),security,metric_lookup,series,market_code,ev_revenue_ratio_ttm,ev_revenue_ratio_ttm,{},"{""type"":""end_count"",""end_time"":0,""count"":30,""time_period"":""day_1"",""supported_types"":[""begin_end"",""end_count""]}",series-etf-30d.json,snapshot;day_1,EV收入比(TTM),Enterprise Value to Revenue (TTM),"是指一家公司的企业价值（EV）与其年度营业收入之间的比值，用于评估市场给予公司每单位收入的整体估值水平。
---
计算公式：
```
企业价值（ev） = 总市值（total_market_value） + 总负债（debt）- 现金及短期投资（cash_equivalents_short_term_investments）
EV收入比(TTM) =  ev / 营业总收入（operating_income_total_ttm）
```
--- 
指标意义
1、衡量公司收入的“市场估值”
它表示投资者愿意为公司每 1 元收入支付多少整体价值。
2、适用于盈利不稳定或尚未盈利的公司
很多初创公司、高成长公司（如互联网、AI、生物科技等）尚未盈利，传统的市盈率（PE）或 EV/EBITDA 失效，此时 EV/收入仍然可用。
3、在横向估值比较中非常实用
可以用来比较同行业不同公司的估值水平，判断哪家公司被高估或低估。",,false,[],"UUS,89,UDC,UBAX,UBAF,U31X,U31F,U32X,U32F","STANDARD_SNAPSHOT,STANDARD_SERIES_TIME_RANGE_ALL"
"per_share_dividend_factor_ttm|每股分红(复权,TTM)|Adjusted Divident per Share (TTM)",security,metric_lookup,series,market_code,per_share_dividend_factor_ttm,per_share_dividend_factor_ttm,{},"{""type"":""begin_end"",""begin_time"":1783296000000,""end_time"":0,""time_period"":""quarter_1""}",series-etf-30d.json,snapshot;quarter_1,"每股分红(复权,TTM)",Adjusted Divident per Share (TTM),是指在最近十二个月的时间范围内，对股票的每股分红进行复权处理后的数据之和。,,false,[],"UUS,UDC,UBAX,UBAF,U31X,U31F,U32X,U32F","STANDARD_SNAPSHOT,STANDARD_SERIES_TIME_RANGE_BEGIN_END"
invest_cash_flow_net_ttm|投资活动现金流(TTM)|Cash Flow From Investing Activities (TTM),security,metric_lookup,series,market_code,invest_cash_flow_net_ttm,invest_cash_flow_net_ttm,{},"{""type"":""begin_end"",""begin_time"":1783296000000,""end_time"":0,""time_period"":""quarter_1""}",series-etf-30d.json,snapshot;quarter_1,投资活动现金流(TTM),Cash Flow From Investing Activities (TTM),投资活动现金流（Investing Cash Flow）是指企业投资活动所产生的现金净流量，包括购置和处置长期资产及投资等。后缀TTM意为“滚动十二个月”（Trailing Twelve Months），代表该指标基于过去十二个月的数据计算，对于确保数据在不同期间的可比性及消除季节影响非常重要。,,false,[],"UUS,UDC,UBAX,UBAF,U31X,U31F,U32X,U32F","STANDARD_SNAPSHOT,STANDARD_SERIES_TIME_RANGE_BEGIN_END"
financing_cash_flow_net_ttm|筹资活动现金流(TTM)|Cash Flow From Financing Activities (TTM),security,metric_lookup,series,market_code,financing_cash_flow_net_ttm,financing_cash_flow_net_ttm,{},"{""type"":""begin_end"",""begin_time"":1783296000000,""end_time"":0,""time_period"":""quarter_1""}",series-etf-30d.json,snapshot;quarter_1,筹资活动现金流(TTM),Cash Flow From Financing Activities (TTM),筹资活动现金流(TTM)是指企业在最近十二个月内筹资活动产生的净现金流量，包括债务和股权融资的现金流入以及偿还债务、支付股息等的现金流出。TTM 后缀代表滚动十二个月，明确了指标的统计口径，对于确保不同报告期间数据的可比性至关重要，因此在所有别名中都将保留。,,false,[],"UUS,UDC,UBAX,UBAF,U31X,U31F,U32X,U32F","STANDARD_SNAPSHOT,STANDARD_SERIES_TIME_RANGE_BEGIN_END"
capital_expenditure_ttm|资本支出(TTM)|Payments for Property and Equipment (TTM),security,metric_lookup,series,market_code,capital_expenditure_ttm,capital_expenditure_ttm,{},"{""type"":""begin_end"",""begin_time"":1783296000000,""end_time"":0,""time_period"":""quarter_1""}",series-etf-30d.json,snapshot;quarter_1,资本支出(TTM),Payments for Property and Equipment (TTM),"CAPEX (Capital Expenditures) refers to the funds used by a company to acquire, upgrade, or maintain physical assets. The TTM suffix stands for 'Trailing Twelve Months', indicating the cumulative amount over the past four quarters. This suffix is essential for standardizing the time period and enabling consistent comparisons across different reporting dates.",,false,[],"UUS,UDC,UBAX,UBAF,U31X,U31F,U32X,U32F","STANDARD_SNAPSHOT,STANDARD_SERIES_TIME_RANGE_BEGIN_END"
act_cash_flow_net_ttm|经营活动现金流量净额(TTM)|Net Cash Flows From Operating Activities (TTM),security,metric_lookup,series,market_code,act_cash_flow_net_ttm,act_cash_flow_net_ttm,{},"{""type"":""begin_end"",""begin_time"":1783296000000,""end_time"":0,""time_period"":""quarter_1""}",series-etf-30d.json,snapshot;quarter_1,经营活动现金流量净额(TTM),Net Cash Flows From Operating Activities (TTM),经营活动现金流量净额是指企业通过正常经营活动产生的现金流入减去现金流出后的净额，反映企业经营活动创造现金的能力。后缀 TTM 表示滚动十二个月（Trailing Twelve Months），用于平滑季节性，提供最近12个月的年度化数据，对于确保数据可比性至关重要，因此在所有别名中都将予以保留。,,false,[],"UUS,UDC,UBAX,UBAF,U31X,U31F,U32X,U32F","STANDARD_SNAPSHOT,STANDARD_SERIES_TIME_RANGE_BEGIN_END"
free_cash_flow_ttm|企业自由现金流量(TTM)|Free Cash Flow to the Firm (TTM),security,metric_lookup,series,market_code,free_cash_flow_ttm,free_cash_flow_ttm,{},"{""type"":""begin_end"",""begin_time"":1783296000000,""end_time"":0,""time_period"":""quarter_1""}",series-etf-30d.json,snapshot;quarter_1,企业自由现金流量(TTM),Free Cash Flow to the Firm (TTM),自由现金流（Free Cash Flow）是指公司经营活动产生的现金流量减去资本支出后的剩余现金流，反映了公司可用于偿还债务、支付股息或进行再投资的现金。后缀 'TTM' 代表 'Trailing Twelve Months'（滚动十二个月），表明该指标是基于过去十二个月的数据计算得出，对于评估公司近期现金流表现和可比性至关重要。在所有别名中均保留了此后缀以确保统计口径的一致性。,,false,[],"UUS,UDC,UBAX,UBAF,U31X,U31F,U32X,U32F","STANDARD_SNAPSHOT,STANDARD_SERIES_TIME_RANGE_BEGIN_END"
ebit_ttm|息税前利润TTM|Earnings Before Interest and Taxes (TTM),security,metric_lookup,series,market_code,ebit_ttm,ebit_ttm,{},"{""type"":""begin_end"",""begin_time"":1783296000000,""end_time"":0,""time_period"":""quarter_1""}",series-etf-30d.json,snapshot;quarter_1,息税前利润TTM,Earnings Before Interest and Taxes (TTM),息税前利润TTM（EBIT TTM，Earnings Before Interest and Taxes Trailing Twelve Months）是企业最近12个月的息税前利润总和，是衡量企业经营绩效的核心财务指标之一。,,false,[],"UUS,UDC,UBAX,UBAF,U31X,U31F,U32X,U32F","STANDARD_SNAPSHOT,STANDARD_SERIES_TIME_RANGE_BEGIN_END"
net_profit_ttm|净利润(TTM)|Net Income (TTM),security,metric_lookup,series,market_code,net_profit_ttm,net_profit_ttm,{},"{""type"":""begin_end"",""begin_time"":1783296000000,""end_time"":0,""time_period"":""quarter_1""}",series-etf-30d.json,snapshot;quarter_1,净利润(TTM),Net Income (TTM),"指标定义： 最近十二个月的净利润总额，用于衡量公司在一年周期内的盈利能力。
    指标描述： 通过汇总最近四个季度的净利润，提供一个连续的、时间序列上的盈利表现，不受财务年度的影响。
    适用场景： 财务分析，盈利能力评估，投资决策。",,false,[],"UUS,UDC,UBAX,UBAF,U31X,U31F,U32X,U32F","STANDARD_SNAPSHOT,STANDARD_SERIES_TIME_RANGE_BEGIN_END"
operating_profit_ttm|营业利润TTM|operating profit ttm,security,metric_lookup,series,market_code,operating_profit_ttm,operating_profit_ttm,{},"{""type"":""begin_end"",""begin_time"":1783296000000,""end_time"":0,""time_period"":""quarter_1""}",series-etf-30d.json,snapshot;quarter_1,营业利润TTM,operating profit ttm,"TTM=本期+去年年报-去年同期。
营业利润TTM=净利息费用TTM F011N_USK128+经营利润TTM F014N_USK128",,false,[],"UUS,UDC,UBAX,UBAF,U31X,U31F,U32X,U32F","STANDARD_SNAPSHOT,STANDARD_SERIES_TIME_RANGE_BEGIN_END"
fixed_assets_turnover_ratio_ttm|固定资产周转率(TTM)|Fixed Assets Turnover Ratio (TTM),security,metric_lookup,series,market_code,fixed_assets_turnover_ratio_ttm,fixed_assets_turnover_ratio_ttm,{},"{""type"":""begin_end"",""begin_time"":1783296000000,""end_time"":0,""time_period"":""quarter_1""}",series-etf-30d.json,snapshot;quarter_1,固定资产周转率(TTM),Fixed Assets Turnover Ratio (TTM),过去12个月固定资产周转速度,,false,[],"UUS,UDC,UBAX,UBAF,U31X,U31F,U32X,U32F","STANDARD_SNAPSHOT,STANDARD_SERIES_TIME_RANGE_BEGIN_END"
"balanced_eps_ttm|基本每股收益(复权)TTM|Basic EPS (Adjusted, TTM)",security,metric_lookup,series,market_code,balanced_eps_ttm,balanced_eps_ttm,{},"{""type"":""begin_end"",""begin_time"":1783296000000,""end_time"":0,""time_period"":""quarter_1""}",series-etf-30d.json,snapshot;quarter_1,基本每股收益(复权)TTM,"Basic EPS (Adjusted, TTM)",复权处理后的过去12个月基本每股收益,,false,[],UUS,"STANDARD_SNAPSHOT,STANDARD_SERIES_TIME_RANGE_BEGIN_END"
"balanced_free_cash_flow_ttm|每股自由现金流(前复权)TTM|Free Cash Flow Per Share (Adjusted, TTM)",security,metric_lookup,series,market_code,balanced_free_cash_flow_ttm,balanced_free_cash_flow_ttm,{},"{""type"":""begin_end"",""begin_time"":1783296000000,""end_time"":0,""time_period"":""quarter_1""}",series-etf-30d.json,snapshot;quarter_1,每股自由现金流(前复权)TTM,"Free Cash Flow Per Share (Adjusted, TTM)",前复权处理后的过去12个月每股自由现金流,,false,[],UUS,"STANDARD_SNAPSHOT,STANDARD_SERIES_TIME_RANGE_BEGIN_END"
income_tax_expense_ttm|所得税费用TTM|Income Tax Expense (TTM),security,metric_lookup,series,market_code,income_tax_expense_ttm,income_tax_expense_ttm,{},"{""type"":""begin_end"",""begin_time"":1783296000000,""end_time"":0,""time_period"":""quarter_1""}",series-etf-30d.json,snapshot;quarter_1,所得税费用TTM,Income Tax Expense (TTM),过去12个月的所得税费用总额,,false,[],UUS,"STANDARD_SNAPSHOT,STANDARD_SERIES_TIME_RANGE_BEGIN_END"
balanced_diluted_eps_ttm|稀释每股收益(TTM)|Diluted EPS (TTM),security,metric_lookup,series,market_code,balanced_diluted_eps_ttm,balanced_diluted_eps_ttm,{},"{""type"":""begin_end"",""begin_time"":1783296000000,""end_time"":0,""time_period"":""quarter_1""}",series-etf-30d.json,snapshot;quarter_1,稀释每股收益(TTM),Diluted EPS (TTM),稀释每股收益（Diluted Earnings Per Share）是指公司在假设所有潜在稀释性证券（如股票期权、可转换债券等）转换为普通股后的每股收益，反映了最坏情况下每股盈利水平。TTM（Trailing Twelve Months）表示过去十二个月的滚动数据，用于消除季节性波动，提供连续时间窗口下的业绩表现。后缀TTM是指标统计口径的重要组成部分，确保数据的时间可比性，因此在所有相关别名中均予以保留。,,false,[],"UUS,UDC,UBAX,UBAF,U31X,U31F,U32X,U32F","STANDARD_SNAPSHOT,STANDARD_SERIES_TIME_RANGE_BEGIN_END"
research_and_development_expenses_ratio_ttm|研发费用比率(TTM)|Research and Development Expenses Ratio (TTM),security,metric_lookup,series,market_code,research_and_development_expenses_ratio_ttm,research_and_development_expenses_ratio_ttm,{},"{""type"":""begin_end"",""begin_time"":1783296000000,""end_time"":0,""time_period"":""quarter_1""}",series-etf-30d.json,snapshot;quarter_1,研发费用比率(TTM),Research and Development Expenses Ratio (TTM),R&D Ratio (TTM) 衡量公司在过去十二个月（Trailing Twelve Months）内研发费用占营业收入的百分比，反映公司的研发投入强度。后缀 (TTM) 表示滚动十二个月，是此项指标的统计口径，对于确保数据可比性至关重要，因此在所有别名中都将予以保留。,,false,[],"UUS,UDC,UBAX,UBAF,U31X,U31F,U32X,U32F","STANDARD_SNAPSHOT,STANDARD_SERIES_TIME_RANGE_BEGIN_END"
ebit_margin_ttm|EBIT利润率(TTM)|EBIT Profit Margin (TTM),security,metric_lookup,series,market_code,ebit_margin_ttm,ebit_margin_ttm,{},"{""type"":""begin_end"",""begin_time"":1783296000000,""end_time"":0,""time_period"":""quarter_1""}",series-etf-30d.json,snapshot;quarter_1,EBIT利润率(TTM),EBIT Profit Margin (TTM),EBIT Margin (滚动十二个月) 是一项盈利能力比率，计算公式为过去十二个月的息税前利润（Earnings Before Interest and Taxes，EBIT）除以同期总收入，结果以百分比表示。后缀 TTM（Trailing Twelve Months）表明该指标基于滚动十二个月的数据计算，这一口径能平滑季节性波动，确保时间覆盖的一致性，对于跨期比较至关重要，因此所有别名中均保留此后缀。,,false,[],"UUS,UDC,UBAX,UBAF,U31X,U31F,U32X,U32F","STANDARD_SNAPSHOT,STANDARD_SERIES_TIME_RANGE_BEGIN_END"
inventory_turnover_ratio_ttm|存货周转率(TTM)|Inventory Turnover Ratio (TTM),security,metric_lookup,series,market_code,inventory_turnover_ratio_ttm,inventory_turnover_ratio_ttm,{},"{""type"":""begin_end"",""begin_time"":1783296000000,""end_time"":0,""time_period"":""quarter_1""}",series-etf-30d.json,snapshot;quarter_1,存货周转率(TTM),Inventory Turnover Ratio (TTM),过去12个月存货周转速度,,false,[],"UUS,UDC,UBAX,UBAF,U31X,U31F,U32X,U32F","STANDARD_SNAPSHOT,STANDARD_SERIES_TIME_RANGE_BEGIN_END"
receive_account_turnover_ratio_ttm|应收账款周转率(TTM)|Accounts Receivable Turnover Ratio (TTM),security,metric_lookup,series,market_code,receive_account_turnover_ratio_ttm,receive_account_turnover_ratio_ttm,{},"{""type"":""begin_end"",""begin_time"":1783296000000,""end_time"":0,""time_period"":""quarter_1""}",series-etf-30d.json,snapshot;quarter_1,应收账款周转率(TTM),Accounts Receivable Turnover Ratio (TTM),过去12个月应收账款周转速度,,false,[],"UUS,UDC,UBAX,UBAF,U31X,U31F,U32X,U32F","STANDARD_SNAPSHOT,STANDARD_SERIES_TIME_RANGE_BEGIN_END"
total_assets_turnover_ratio_ttm|资产周转率(TTM)|Asset Turnover Ratio (TTM),security,metric_lookup,series,market_code,total_assets_turnover_ratio_ttm,total_assets_turnover_ratio_ttm,{},"{""type"":""begin_end"",""begin_time"":1783296000000,""end_time"":0,""time_period"":""quarter_1""}",series-etf-30d.json,snapshot;quarter_1,资产周转率(TTM),Asset Turnover Ratio (TTM),资产周转率（Asset Turnover）衡量公司利用其总资产产生销售收入的效率，计算公式为：销售收入除以平均总资产。后缀TTM表示“滚动十二个月”（Trailing Twelve Months），即过去12个月的累计数据，确保指标反映最近一年的运营情况，增强了跨时期和跨公司的可比性。后缀是统计口径的重要组成部分，因此在所有别名中都应保留。,,false,[],"UUS,UDC,UBAX,UBAF,U31X,U31F,U32X,U32F","STANDARD_SNAPSHOT,STANDARD_SERIES_TIME_RANGE_BEGIN_END"
index_weighted_avg_roe_ttm|净资产收益率(TTM)|Return on Equity (TTM),security,metric_lookup,series,market_code,index_weighted_avg_roe_ttm,index_weighted_avg_roe_ttm,{},"{""type"":""begin_end"",""begin_time"":1783296000000,""end_time"":0,""time_period"":""quarter_1""}",series-etf-30d.json,snapshot;quarter_1,净资产收益率(TTM),Return on Equity (TTM),"Return on Equity (ROE) is a profitability ratio that measures a company's ability to generate net income from its shareholders' equity, calculated as Net Income divided by Average Shareholders' Equity. The TTM suffix stands for 'Trailing Twelve Months', indicating the ratio is computed using the most recent 12 months of financial data. This period specification is essential for ensuring comparability across different reporting intervals; therefore, it is consistently retained in all aliases.",,false,[],"UUS,UDC,UBAX,UBAF,U31X,U31F,U32X,U32F","STANDARD_SNAPSHOT,STANDARD_SERIES_TIME_RANGE_BEGIN_END"
ebitda_margin_ttm|EBITDA利润率(TTM)|EBITDA Profit Margin (TTM),security,metric_lookup,series,market_code,ebitda_margin_ttm,ebitda_margin_ttm,{},"{""type"":""begin_end"",""begin_time"":1783296000000,""end_time"":0,""time_period"":""quarter_1""}",series-etf-30d.json,snapshot;quarter_1,EBITDA利润率(TTM),EBITDA Profit Margin (TTM),EBITDA Margin TTM 是指过去十二个月（Trailing Twelve Months）的 EBITDA（息税折旧摊销前利润）占同期营收的百分比，反映公司在剔除非现金支出和财务结构影响后的经营效率。后缀 'TTM' 明确了统计口径为滚动十二个月，对于确保不同时期数据的可比性至关重要，因此在所有相关别名中都将保留该口径标识。,,false,[],"UUS,UDC,UBAX,UBAF,U31X,U31F,U32X,U32F","STANDARD_SNAPSHOT,STANDARD_SERIES_TIME_RANGE_BEGIN_END"
property_improvements_v2|物业改善(新体系)|Property Improvements,security,metric_lookup,series,market_code,property_improvements_v2,property_improvements_v2,{},"{""type"":""begin_end"",""begin_time"":1783296000000,""end_time"":0,""time_period"":""quarter_1""}",series-etf-30d.json,snapshot;quarter_1,物业改善(新体系),Property Improvements,本科目包括对现有物业的改善、提升、改造和维护，资本改良等,,false,[],"UUS,UDC,UBAX,UBAF,U31X,U31F,U32X,U32F","STANDARD_SNAPSHOT,STANDARD_SERIES_TIME_RANGE_BEGIN_END"
newly_added_unsecured_debt_v2|新增无担保债务(新体系)|Issuance of Unsecured Debt,security,metric_lookup,series,market_code,newly_added_unsecured_debt_v2,newly_added_unsecured_debt_v2,{},"{""type"":""begin_end"",""begin_time"":1783296000000,""end_time"":0,""time_period"":""quarter_1""}",series-etf-30d.json,snapshot;quarter_1,新增无担保债务(新体系),Issuance of Unsecured Debt,新增无担保债务,,false,[],"UUS,UDC,UBAX,UBAF,U31X,U31F,U32X,U32F","STANDARD_SNAPSHOT,STANDARD_SERIES_TIME_RANGE_BEGIN_END"
newly_added_secured_debt_v2|新增担保债务(新体系)|Issuance of Secured Debt,security,metric_lookup,series,market_code,newly_added_secured_debt_v2,newly_added_secured_debt_v2,{},"{""type"":""begin_end"",""begin_time"":1783296000000,""end_time"":0,""time_period"":""quarter_1""}",series-etf-30d.json,snapshot;quarter_1,新增担保债务(新体系),Issuance of Secured Debt,新增担保债务,,false,[],"UUS,UDC,UBAX,UBAF,U31X,U31F,U32X,U32F","STANDARD_SNAPSHOT,STANDARD_SERIES_TIME_RANGE_BEGIN_END"
repay_unsecured_debt_v2|偿还无担保债务(新体系)|Repayment of Unsecured Debt,security,metric_lookup,series,market_code,repay_unsecured_debt_v2,repay_unsecured_debt_v2,{},"{""type"":""begin_end"",""begin_time"":1783296000000,""end_time"":0,""time_period"":""quarter_1""}",series-etf-30d.json,snapshot;quarter_1,偿还无担保债务(新体系),Repayment of Unsecured Debt,偿还无担保债务,,false,[],"UUS,UDC,UBAX,UBAF,U31X,U31F,U32X,U32F","STANDARD_SNAPSHOT,STANDARD_SERIES_TIME_RANGE_BEGIN_END"
repay_secured_debt_v2|偿还担保债务(新体系)|Repayment of Secured Debt,security,metric_lookup,series,market_code,repay_secured_debt_v2,repay_secured_debt_v2,{},"{""type"":""begin_end"",""begin_time"":1783296000000,""end_time"":0,""time_period"":""quarter_1""}",series-etf-30d.json,snapshot;quarter_1,偿还担保债务(新体系),Repayment of Secured Debt,偿还担保债务,,false,[],"UUS,UDC,UBAX,UBAF,U31X,U31F,U32X,U32F","STANDARD_SNAPSHOT,STANDARD_SERIES_TIME_RANGE_BEGIN_END"
dividend_payment_ratio_ttm|股息支付率(TTM)|Div Payout Ratio (TTM),security,metric_lookup,series,market_code,dividend_payment_ratio_ttm,dividend_payment_ratio_ttm,{},"{""type"":""begin_end"",""begin_time"":1783296000000,""end_time"":0,""time_period"":""quarter_1""}",series-etf-30d.json,snapshot;quarter_1,股息支付率(TTM),Div Payout Ratio (TTM),Div payout ratio % (TTM) 是股息支付率，表示公司在过去12个月期间支付的股息占同期净利润的百分比。后缀 (TTM) 代表滚动十二个月（Trailing Twelve Months），用于确保数据基于统一的时间范围，提高可比性。在所有别名中都将保留此后缀以明确统计口径。,,false,[],"UUS,UDC,UBAX,UBAF,U31X,U31F,U32X,U32F","STANDARD_SNAPSHOT,STANDARD_SERIES_TIME_RANGE_BEGIN_END"
dividend_ratio_pct_ttm|股息率(TTM)|Dividend Ratio Percent,security,metric_lookup,series,market_code,dividend_ratio_pct_ttm,dividend_ratio_pct_ttm,{},"{""type"":""end_count"",""end_time"":0,""count"":30,""time_period"":""day_1"",""supported_types"":[""begin_end"",""end_count""]}",series-etf-30d.json,snapshot;day_1,股息率(TTM),Dividend Ratio Percent,"股息率是股息与股票价格之间的比率。在投入实践中，股息率是衡量企业是否具备投入价值的重要标尺之一。
股息率是挑选收益型股票的重要参考标准，如果连续多年年度股息率超过1年期银行存款利率，则这支股票基本可以视为收益型股票，股息率越高越吸引人。
股息率也是挑选其他类型股票的参考标准之一。决定股息率高低的不仅是股利和股利发放率的高低，还要视股价来定。例如两支股票，A股价为10元，B股价为20元，两家企业同样发放每股0.5元股利，则A企业5%的股息率显然要比B企业2.5%诱人。
计算公式：
股息率TTM = 每股分红TTM / 现价 * 100
其中：每股分红TTM 来源于 F10，指标 Id：per_share_dividend_ttm",,false,[],"UUS,89,UDC,UBAX,UBAF,U31X,U31F,U32X,U32F","STANDARD_SNAPSHOT,STANDARD_SERIES_TIME_RANGE_ALL"
reinsurance_contract_net_assets_change_v2|再保险合同净资产(增)减(新体系)|Change in Net Reinsurance Contract Assets,security,metric_lookup,series,market_code,reinsurance_contract_net_assets_change_v2,reinsurance_contract_net_assets_change_v2,{},"{""type"":""begin_end"",""begin_time"":1783296000000,""end_time"":0,""time_period"":""quarter_1""}",series-etf-30d.json,snapshot;quarter_1,再保险合同净资产(增)减(新体系),Change in Net Reinsurance Contract Assets,反映再保险合同资产（应收再保险分出款、摊回准备金等）本期净增加或减少。,,false,[],"UUS,UDC,UBAX,UBAF,U31X,U31F,U32X,U32F","STANDARD_SNAPSHOT,STANDARD_SERIES_TIME_RANGE_BEGIN_END"
invest_contract_net_assets_change_v2|投资合同净资产(增)减(新体系)|Change in Net Investment Contract Assets,security,metric_lookup,series,market_code,invest_contract_net_assets_change_v2,invest_contract_net_assets_change_v2,{},"{""type"":""begin_end"",""begin_time"":1783296000000,""end_time"":0,""time_period"":""quarter_1""}",series-etf-30d.json,snapshot;quarter_1,投资合同净资产(增)减(新体系),Change in Net Investment Contract Assets,反映投资合同（某些具有投资成分的保险合同）产生的净资产变动。处理类似保险合同，视具体性质调节经营活动现金流。,,false,[],"UUS,UDC,UBAX,UBAF,U31X,U31F,U32X,U32F","STANDARD_SNAPSHOT,STANDARD_SERIES_TIME_RANGE_BEGIN_END"
sale_repurchase_financial_assets_change_v2|卖出回购金融资产变动(新体系)|Change in Financial Assets Sold Under Repurchase Agreements,security,metric_lookup,series,market_code,sale_repurchase_financial_assets_change_v2,sale_repurchase_financial_assets_change_v2,{},"{""type"":""begin_end"",""begin_time"":1783296000000,""end_time"":0,""time_period"":""quarter_1""}",series-etf-30d.json,snapshot;quarter_1,卖出回购金融资产变动(新体系),Change in Financial Assets Sold Under Repurchase Agreements,反映卖出回购金融资产（正回购）本期的净增加或净减少。,,false,[],"UUS,UDC,UBAX,UBAF,U31X,U31F,U32X,U32F","STANDARD_SNAPSHOT,STANDARD_SERIES_TIME_RANGE_BEGIN_END"
absorb_deposits_operating_change_v2|吸收存款(增)减(新体系)|Change in Customer Deposits (Operating Activities),security,metric_lookup,series,market_code,absorb_deposits_operating_change_v2,absorb_deposits_operating_change_v2,{},"{""type"":""begin_end"",""begin_time"":1783296000000,""end_time"":0,""time_period"":""quarter_1""}",series-etf-30d.json,snapshot;quarter_1,吸收存款(增)减(新体系),Change in Customer Deposits (Operating Activities),包括吸收客户存款、发行存款证等,,false,[],"UUS,UDC,UBAX,UBAF,U31X,U31F,U32X,U32F","STANDARD_SNAPSHOT,STANDARD_SERIES_TIME_RANGE_BEGIN_END"
accrued_payable_interest_change_v2|应计应付利息(增)减(新体系)|Change in Accrued Interest Payable,security,metric_lookup,series,market_code,accrued_payable_interest_change_v2,accrued_payable_interest_change_v2,{},"{""type"":""begin_end"",""begin_time"":1783296000000,""end_time"":0,""time_period"":""quarter_1""}",series-etf-30d.json,snapshot;quarter_1,应计应付利息(增)减(新体系),Change in Accrued Interest Payable,反映应付利息（通常为借款、债券等应付未付利息）本期增加额或减少额。,,false,[],"UUS,UDC,UBAX,UBAF,U31X,U31F,U32X,U32F","STANDARD_SNAPSHOT,STANDARD_SERIES_TIME_RANGE_BEGIN_END"
financial_institutions_debt_change_v2|金融机构间负债(增)减(新体系)|Change in Inter-Financial Institution Liabilities,security,metric_lookup,series,market_code,financial_institutions_debt_change_v2,financial_institutions_debt_change_v2,{},"{""type"":""begin_end"",""begin_time"":1783296000000,""end_time"":0,""time_period"":""quarter_1""}",series-etf-30d.json,snapshot;quarter_1,金融机构间负债(增)减(新体系),Change in Inter-Financial Institution Liabilities,包括向央行借款、同业存放、同业拆入、同业借款、卖出回购金融负债的增减,,false,[],"UUS,UDC,UBAX,UBAF,U31X,U31F,U32X,U32F","STANDARD_SNAPSHOT,STANDARD_SERIES_TIME_RANGE_BEGIN_END"
deferred_policy_costs_change_v2|递延保单成本(增)减(新体系)|Change in Deferred Policy Acquisition Costs,security,metric_lookup,series,market_code,deferred_policy_costs_change_v2,deferred_policy_costs_change_v2,{},"{""type"":""begin_end"",""begin_time"":1783296000000,""end_time"":0,""time_period"":""quarter_1""}",series-etf-30d.json,snapshot;quarter_1,递延保单成本(增)减(新体系),Change in Deferred Policy Acquisition Costs,反映递延保单成本（保险公司为获取保单发生的可递延成本，如佣金等）本期增加额或减少额。,,false,[],"UUS,UDC,UBAX,UBAF,U31X,U31F,U32X,U32F","STANDARD_SNAPSHOT,STANDARD_SERIES_TIME_RANGE_BEGIN_END"
investment_assets_change_v2|投资资产(增)减(新体系)|Change in Investment Assets,security,metric_lookup,series,market_code,investment_assets_change_v2,investment_assets_change_v2,{},"{""type"":""begin_end"",""begin_time"":1783296000000,""end_time"":0,""time_period"":""quarter_1""}",series-etf-30d.json,snapshot;quarter_1,投资资产(增)减(新体系),Change in Investment Assets,"包括交易性、可供出售、持有至到期、衍生等金融资产,注意：
1.不包含买入返售金融资产、投资性房地产
2.不包含金融负债类的科目",,false,[],"UUS,UDC,UBAX,UBAF,U31X,U31F,U32X,U32F","STANDARD_SNAPSHOT,STANDARD_SERIES_TIME_RANGE_BEGIN_END"
accrued_receivable_interest_change_v2|应计应收利息(增)减(新体系)|Change in Accrued Interest Receivable,security,metric_lookup,series,market_code,accrued_receivable_interest_change_v2,accrued_receivable_interest_change_v2,{},"{""type"":""begin_end"",""begin_time"":1783296000000,""end_time"":0,""time_period"":""quarter_1""}",series-etf-30d.json,snapshot;quarter_1,应计应收利息(增)减(新体系),Change in Accrued Interest Receivable,反映应收利息（债权投资、拆出资金等应收未收利息）本期增加额或减少额。,,false,[],"UUS,UDC,UBAX,UBAF,U31X,U31F,U32X,U32F","STANDARD_SNAPSHOT,STANDARD_SERIES_TIME_RANGE_BEGIN_END"
customer_loans_change_v2|客户贷款(增)减(新体系)|Change in Customer Loans,security,metric_lookup,series,market_code,customer_loans_change_v2,customer_loans_change_v2,{},"{""type"":""begin_end"",""begin_time"":1783296000000,""end_time"":0,""time_period"":""quarter_1""}",series-etf-30d.json,snapshot;quarter_1,客户贷款(增)减(新体系),Change in Customer Loans,包含客户贷款及垫款、融出资金、持有待售贷款等,,false,[],"UUS,UDC,UBAX,UBAF,U31X,U31F,U32X,U32F","STANDARD_SNAPSHOT,STANDARD_SERIES_TIME_RANGE_BEGIN_END"
financial_institutions_assets_change_v2|金融机构间资产(增)减(新体系)|Change in Inter-Financial Institution Assets,security,metric_lookup,series,market_code,financial_institutions_assets_change_v2,financial_institutions_assets_change_v2,{},"{""type"":""begin_end"",""begin_time"":1783296000000,""end_time"":0,""time_period"":""quarter_1""}",series-etf-30d.json,snapshot;quarter_1,金融机构间资产(增)减(新体系),Change in Inter-Financial Institution Assets,包括存放央行、存放同业、拆放同业、同业贷款、买入返售金融资产的增减,,false,[],"UUS,UDC,UBAX,UBAF,U31X,U31F,U32X,U32F","STANDARD_SNAPSHOT,STANDARD_SERIES_TIME_RANGE_BEGIN_END"
repay_long_term_debt_v2|偿还长期债务(新体系)|Repayment of Long-Term Debt,security,metric_lookup,series,market_code,repay_long_term_debt_v2,repay_long_term_debt_v2,{},"{""type"":""begin_end"",""begin_time"":1783296000000,""end_time"":0,""time_period"":""quarter_1""}",series-etf-30d.json,snapshot;quarter_1,偿还长期债务(新体系),Repayment of Long-Term Debt,"长期借款、长期贷款、长期债务、公司债、长期票券、租赁本金、中期票据、证券化债务的减少
注：债券从名称上没有强调“短期”性质时，默认债券为长期债务",,false,[],"UUS,UDC,UBAX,UBAF,U31X,U31F,U32X,U32F","STANDARD_SNAPSHOT,STANDARD_SERIES_TIME_RANGE_BEGIN_END"
newly_added_short_term_debt_v2|新增短期债务(新体系)|Issuance of Short-Term Debt,security,metric_lookup,series,market_code,newly_added_short_term_debt_v2,newly_added_short_term_debt_v2,{},"{""type"":""begin_end"",""begin_time"":1783296000000,""end_time"":0,""time_period"":""quarter_1""}",series-etf-30d.json,snapshot;quarter_1,新增短期债务(新体系),Issuance of Short-Term Debt,短期借款、短期贷款、短期票券、短期债务、商业票据的增加,,false,[],"UUS,UDC,UBAX,UBAF,U31X,U31F,U32X,U32F","STANDARD_SNAPSHOT,STANDARD_SERIES_TIME_RANGE_BEGIN_END"
repay_short_term_debt_v2|偿还短期债务(新体系)|Repayment of Short-Term Debt,security,metric_lookup,series,market_code,repay_short_term_debt_v2,repay_short_term_debt_v2,{},"{""type"":""begin_end"",""begin_time"":1783296000000,""end_time"":0,""time_period"":""quarter_1""}",series-etf-30d.json,snapshot;quarter_1,偿还短期债务(新体系),Repayment of Short-Term Debt,短期借款、短期贷款、短期票券、短期债务、商业票据的减少,,false,[],"UUS,UDC,UBAX,UBAF,U31X,U31F,U32X,U32F","STANDARD_SNAPSHOT,STANDARD_SERIES_TIME_RANGE_BEGIN_END"
capital_decrease_v2|股本减少(新体系)|Decrease in Capital Stock,security,metric_lookup,series,market_code,capital_decrease_v2,capital_decrease_v2,{},"{""type"":""begin_end"",""begin_time"":1783296000000,""end_time"":0,""time_period"":""quarter_1""}",series-etf-30d.json,snapshot;quarter_1,股本减少(新体系),Decrease in Capital Stock,包括回购股份（普通股、优先股、永续债、库存股）等造成股本减少的现金流出(-)科目,,false,[],"UUS,UDC,UBAX,UBAF,U31X,U31F,U32X,U32F","STANDARD_SNAPSHOT,STANDARD_SERIES_TIME_RANGE_BEGIN_END"
associated_joint_companies_change_v2|联营及合营企业变动(新体系)|Change in Associates and Joint Ventures,security,metric_lookup,series,market_code,associated_joint_companies_change_v2,associated_joint_companies_change_v2,{},"{""type"":""begin_end"",""begin_time"":1783296000000,""end_time"":0,""time_period"":""quarter_1""}",series-etf-30d.json,snapshot;quarter_1,联营及合营企业变动(新体系),Change in Associates and Joint Ventures,对联营公司、合营公司的投资变动,,false,[],"UUS,UDC,UBAX,UBAF,U31X,U31F,U32X,U32F","STANDARD_SNAPSHOT,STANDARD_SERIES_TIME_RANGE_BEGIN_END"
purchase_fixed_intangible_assets_v2|购买固定及无形资产(新体系)|Purchase of PPE and Intangible Assets,security,metric_lookup,series,market_code,purchase_fixed_intangible_assets_v2,purchase_fixed_intangible_assets_v2,{},"{""type"":""begin_end"",""begin_time"":1783296000000,""end_time"":0,""time_period"":""quarter_1""}",series-etf-30d.json,snapshot;quarter_1,购买固定及无形资产(新体系),Purchase of PPE and Intangible Assets,购买固定及无形资产,,false,[],"UUS,UDC,UBAX,UBAF,U31X,U31F,U32X,U32F","STANDARD_SNAPSHOT,STANDARD_SERIES_TIME_RANGE_BEGIN_END"
capital_increase_v2|股本增加(新体系)|Increase in Capital Stock,security,metric_lookup,series,market_code,capital_increase_v2,capital_increase_v2,{},"{""type"":""begin_end"",""begin_time"":1783296000000,""end_time"":0,""time_period"":""quarter_1""}",series-etf-30d.json,snapshot;quarter_1,股本增加(新体系),Increase in Capital Stock,"包括发行/出售优先股、普通股、库存股、永续债，行使普通股认股权证的变动
注：不包含子公司和非控股权益的变动，不包含股票发行成本",,false,[],"UUS,UDC,UBAX,UBAF,U31X,U31F,U32X,U32F","STANDARD_SNAPSHOT,STANDARD_SERIES_TIME_RANGE_BEGIN_END"
affiliated_company_change_v2|附属公司变动(新体系)|Change in Subsidiaries,security,metric_lookup,series,market_code,affiliated_company_change_v2,affiliated_company_change_v2,{},"{""type"":""begin_end"",""begin_time"":1783296000000,""end_time"":0,""time_period"":""quarter_1""}",series-etf-30d.json,snapshot;quarter_1,附属公司变动(新体系),Change in Subsidiaries,对附属公司、子公司的投资变动及业务合并等,,false,[],"UUS,UDC,UBAX,UBAF,U31X,U31F,U32X,U32F","STANDARD_SNAPSHOT,STANDARD_SERIES_TIME_RANGE_BEGIN_END"
investment_decrease_v2|投资减少(新体系)|Decrease in Investments,security,metric_lookup,series,market_code,investment_decrease_v2,investment_decrease_v2,{},"{""type"":""begin_end"",""begin_time"":1783296000000,""end_time"":0,""time_period"":""quarter_1""}",series-etf-30d.json,snapshot;quarter_1,投资减少(新体系),Decrease in Investments,除权益性、子公司外其他投资的处置、出售、到期结算、减少等,,false,[],"UUS,UDC,UBAX,UBAF,U31X,U31F,U32X,U32F","STANDARD_SNAPSHOT,STANDARD_SERIES_TIME_RANGE_BEGIN_END"
newly_added_long_term_debt_v2|新增长期债务(新体系)|Issuance of Long-Term Debt,security,metric_lookup,series,market_code,newly_added_long_term_debt_v2,newly_added_long_term_debt_v2,{},"{""type"":""begin_end"",""begin_time"":1783296000000,""end_time"":0,""time_period"":""quarter_1""}",series-etf-30d.json,snapshot;quarter_1,新增长期债务(新体系),Issuance of Long-Term Debt,"长期借款、长期贷款、长期债务、公司债、长期票券、中期票据、证券化债务的增加
注：债券从名称上没有强调“短期”性质时，默认债券为长期债务",,false,[],"UUS,UDC,UBAX,UBAF,U31X,U31F,U32X,U32F","STANDARD_SNAPSHOT,STANDARD_SERIES_TIME_RANGE_BEGIN_END"
investment_increase_v2|投资增加(新体系)|Increase in Investments,security,metric_lookup,series,market_code,investment_increase_v2,investment_increase_v2,{},"{""type"":""begin_end"",""begin_time"":1783296000000,""end_time"":0,""time_period"":""quarter_1""}",series-etf-30d.json,snapshot;quarter_1,投资增加(新体系),Increase in Investments,除权益性、子公司外其他投资的购置、购买、增加等,,false,[],"UUS,UDC,UBAX,UBAF,U31X,U31F,U32X,U32F","STANDARD_SNAPSHOT,STANDARD_SERIES_TIME_RANGE_BEGIN_END"
notes_receivable_change_v2|票据变动(新体系)|Change in Notes Receivable,security,metric_lookup,series,market_code,notes_receivable_change_v2,notes_receivable_change_v2,{},"{""type"":""begin_end"",""begin_time"":1783296000000,""end_time"":0,""time_period"":""quarter_1""}",series-etf-30d.json,snapshot;quarter_1,票据变动(新体系),Change in Notes Receivable,反映应收票据和应付票据本期净增加或净减少。,,false,[],"UUS,UDC,UBAX,UBAF,U31X,U31F,U32X,U32F","STANDARD_SNAPSHOT,STANDARD_SERIES_TIME_RANGE_BEGIN_END"
real_estate_disposal_gain_loss_v2|房地产处置损益(新体系)|Gain (Loss) on Real Estate Disposals,security,metric_lookup,series,market_code,real_estate_disposal_gain_loss_v2,real_estate_disposal_gain_loss_v2,{},"{""type"":""begin_end"",""begin_time"":1783296000000,""end_time"":0,""time_period"":""quarter_1""}",series-etf-30d.json,snapshot;quarter_1,房地产处置损益(新体系),Gain (Loss) on Real Estate Disposals,本科目包括所有的房地产、投资性房地产、物业、固定资产等处置损益，如经营性、非经营性,,false,[],"UUS,UDC,UBAX,UBAF,U31X,U31F,U32X,U32F","STANDARD_SNAPSHOT,STANDARD_SERIES_TIME_RANGE_BEGIN_END"
investment_change_operating_v2|投资变动(经营活动)(新体系)|Change in Investments (Operating Activities),security,metric_lookup,series,market_code,investment_change_operating_v2,investment_change_operating_v2,{},"{""type"":""begin_end"",""begin_time"":1783296000000,""end_time"":0,""time_period"":""quarter_1""}",series-etf-30d.json,snapshot;quarter_1,投资变动(经营活动)(新体系),Change in Investments (Operating Activities),该科目包括出售和购买投资的现金流，来源于经营活动,,false,[],"UUS,UDC,UBAX,UBAF,U31X,U31F,U32X,U32F","STANDARD_SNAPSHOT,STANDARD_SERIES_TIME_RANGE_BEGIN_END"
dispose_fixed_intangible_assets_v2|处置固定及无形资产(新体系)|Disposal of PPE and Intangible Assets,security,metric_lookup,series,market_code,dispose_fixed_intangible_assets_v2,dispose_fixed_intangible_assets_v2,{},"{""type"":""begin_end"",""begin_time"":1783296000000,""end_time"":0,""time_period"":""quarter_1""}",series-etf-30d.json,snapshot;quarter_1,处置固定及无形资产(新体系),Disposal of PPE and Intangible Assets,处置固定及无形资产,,false,[],"UUS,UDC,UBAX,UBAF,U31X,U31F,U32X,U32F","STANDARD_SNAPSHOT,STANDARD_SERIES_TIME_RANGE_BEGIN_END"
deferred_income_change_v2|递延收入(增)减(新体系)|Change in Deferred Revenue,security,metric_lookup,series,market_code,deferred_income_change_v2,deferred_income_change_v2,{},"{""type"":""begin_end"",""begin_time"":1783296000000,""end_time"":0,""time_period"":""quarter_1""}",series-etf-30d.json,snapshot;quarter_1,递延收入(增)减(新体系),Change in Deferred Revenue,加工范围包含递延收入、政府补贴，不包含：合同负债、预收款项,,false,[],"UUS,UDC,UBAX,UBAF,U31X,U31F,U32X,U32F","STANDARD_SNAPSHOT,STANDARD_SERIES_TIME_RANGE_BEGIN_END"
accounts_payable_change_v2|应付账款(增)减(新体系)|Change in Accounts Payable,security,metric_lookup,series,market_code,accounts_payable_change_v2,accounts_payable_change_v2,{},"{""type"":""begin_end"",""begin_time"":1783296000000,""end_time"":0,""time_period"":""quarter_1""}",series-etf-30d.json,snapshot;quarter_1,应付账款(增)减(新体系),Change in Accounts Payable,"加工范围包含：应付账款、贸易应付款、应付票据；
不包含：其他应付款、含义更广的应付款项，不加工关联方应付款项",,false,[],"UUS,UDC,UBAX,UBAF,U31X,U31F,U32X,U32F","STANDARD_SNAPSHOT,STANDARD_SERIES_TIME_RANGE_BEGIN_END"
payment_money_change_v2|预付款项(增)减(新体系)|Change in Prepaid Expenses,security,metric_lookup,series,market_code,payment_money_change_v2,payment_money_change_v2,{},"{""type"":""begin_end"",""begin_time"":1783296000000,""end_time"":0,""time_period"":""quarter_1""}",series-etf-30d.json,snapshot;quarter_1,预付款项(增)减(新体系),Change in Prepaid Expenses,"本科目包括所有预付类科目，如预付款项、预付费用，但不包含预付+非标准科目（如""预付+其他""）",,false,[],"UUS,UDC,UBAX,UBAF,U31X,U31F,U32X,U32F","STANDARD_SNAPSHOT,STANDARD_SERIES_TIME_RANGE_BEGIN_END"
other_change_v2|其他(增)减(新体系)|Change in Other Working Capital,security,metric_lookup,series,market_code,other_change_v2,other_change_v2,{},"{""type"":""begin_end"",""begin_time"":1783296000000,""end_time"":0,""time_period"":""quarter_1""}",series-etf-30d.json,snapshot;quarter_1,其他(增)减(新体系),Change in Other Working Capital,本科目为营运资本变动科目的兜底科目，用于归集无法计入营运资本变动标准科目的项目。,,false,[],"UUS,UDC,UBAX,UBAF,U31X,U31F,U32X,U32F","STANDARD_SNAPSHOT,STANDARD_SERIES_TIME_RANGE_BEGIN_END"
payment_interest_v2|支付利息(新体系)|Interest Paid,security,metric_lookup,series,market_code,payment_interest_v2,payment_interest_v2,{},"{""type"":""begin_end"",""begin_time"":1783296000000,""end_time"":0,""time_period"":""quarter_1""}",series-etf-30d.json,snapshot;quarter_1,支付利息(新体系),Interest Paid,包含借款、租赁负债、债券等利息以及未单独披露利息时的财务费用,,false,[],"UUS,UDC,UBAX,UBAF,U31X,U31F,U32X,U32F","STANDARD_SNAPSHOT,STANDARD_SERIES_TIME_RANGE_BEGIN_END"
buy_repurchase_financial_assets_change_v2|买入返售金融资产变动(新体系)|Change in Financial Assets Held Under Resale Agreements,security,metric_lookup,series,market_code,buy_repurchase_financial_assets_change_v2,buy_repurchase_financial_assets_change_v2,{},"{""type"":""begin_end"",""begin_time"":1783296000000,""end_time"":0,""time_period"":""quarter_1""}",series-etf-30d.json,snapshot;quarter_1,买入返售金融资产变动(新体系),Change in Financial Assets Held Under Resale Agreements,反映买入返售金融资产（逆回购）本期的净增加或净减少。,,false,[],"UUS,UDC,UBAX,UBAF,U31X,U31F,U32X,U32F","STANDARD_SNAPSHOT,STANDARD_SERIES_TIME_RANGE_BEGIN_END"
absorb_deposits_financing_change_v2|吸收存款变动(新体系)|Change in Customer Deposits (Financing Activities),security,metric_lookup,series,market_code,absorb_deposits_financing_change_v2,absorb_deposits_financing_change_v2,{},"{""type"":""begin_end"",""begin_time"":1783296000000,""end_time"":0,""time_period"":""quarter_1""}",series-etf-30d.json,snapshot;quarter_1,吸收存款变动(新体系),Change in Customer Deposits (Financing Activities),包括客户存款、存款证变动等--不区分主体,,false,[],"UUS,UDC,UBAX,UBAF,U31X,U31F,U32X,U32F","STANDARD_SNAPSHOT,STANDARD_SERIES_TIME_RANGE_BEGIN_END"
insurance_reserve_change_v2|保险储备变动(新体系)|Change in Insurance Reserves,security,metric_lookup,series,market_code,insurance_reserve_change_v2,insurance_reserve_change_v2,{},"{""type"":""begin_end"",""begin_time"":1783296000000,""end_time"":0,""time_period"":""quarter_1""}",series-etf-30d.json,snapshot;quarter_1,保险储备变动(新体系),Change in Insurance Reserves,反映保险责任准备金（未到期责任准备金、未决赔款准备金、寿险责任准备金等）本期净增加或净减少。,,false,[],"UUS,UDC,UBAX,UBAF,U31X,U31F,U32X,U32F","STANDARD_SNAPSHOT,STANDARD_SERIES_TIME_RANGE_BEGIN_END"
hold_sale_loans_change_v2|持有待售贷款变动(新体系)|Change in Loans Held for Sale,security,metric_lookup,series,market_code,hold_sale_loans_change_v2,hold_sale_loans_change_v2,{},"{""type"":""begin_end"",""begin_time"":1783296000000,""end_time"":0,""time_period"":""quarter_1""}",series-etf-30d.json,snapshot;quarter_1,持有待售贷款变动(新体系),Change in Loans Held for Sale,包括持有待售贷款的发放和出售,,false,[],"UUS,UDC,UBAX,UBAF,U31X,U31F,U32X,U32F","STANDARD_SNAPSHOT,STANDARD_SERIES_TIME_RANGE_BEGIN_END"
discontinued_financing_net_cash_v2|终止筹资所得净现金(新体系)|Net Cash From Discontinued Financing Activities,security,metric_lookup,series,market_code,discontinued_financing_net_cash_v2,discontinued_financing_net_cash_v2,{},"{""type"":""begin_end"",""begin_time"":1783296000000,""end_time"":0,""time_period"":""quarter_1""}",series-etf-30d.json,snapshot;quarter_1,终止筹资所得净现金(新体系),Net Cash From Discontinued Financing Activities,筹资活动公布为终止…、非持续…现金流,,false,[],"UUS,UDC,UBAX,UBAF,U31X,U31F,U32X,U32F","STANDARD_SNAPSHOT,STANDARD_SERIES_TIME_RANGE_BEGIN_END"
loan_change_v2|贷款变动(新体系)|Change in Loans,security,metric_lookup,series,market_code,loan_change_v2,loan_change_v2,{},"{""type"":""begin_end"",""begin_time"":1783296000000,""end_time"":0,""time_period"":""quarter_1""}",series-etf-30d.json,snapshot;quarter_1,贷款变动(新体系),Change in Loans,包括持作投资贷款(held for investment)、应收贷款等贷款净变动，购买/出售贷款、发放/收回贷款等变动--不区分主体,,false,[],"UUS,UDC,UBAX,UBAF,U31X,U31F,U32X,U32F","STANDARD_SNAPSHOT,STANDARD_SERIES_TIME_RANGE_BEGIN_END"
security_investment_profit_loss_v2|证券投资损益(新体系)|Gain (Loss) on Investment Securities,security,metric_lookup,series,market_code,security_investment_profit_loss_v2,security_investment_profit_loss_v2,{},"{""type"":""begin_end"",""begin_time"":1783296000000,""end_time"":0,""time_period"":""quarter_1""}",series-etf-30d.json,snapshot;quarter_1,证券投资损益(新体系),Gain (Loss) on Investment Securities,本科目指投资的已实现损益及未实现损益，包括处置或出售投资的净收益、出售贷款损益、公允价值变动损益等,,false,[],"UUS,UDC,UBAX,UBAF,U31X,U31F,U32X,U32F","STANDARD_SNAPSHOT,STANDARD_SERIES_TIME_RANGE_BEGIN_END"
debt_change_v2|债务变动(新体系)|Change in Debt,security,metric_lookup,series,market_code,debt_change_v2,debt_change_v2,{},"{""type"":""begin_end"",""begin_time"":1783296000000,""end_time"":0,""time_period"":""quarter_1""}",series-etf-30d.json,snapshot;quarter_1,债务变动(新体系),Change in Debt,包括银行借款、贷款、债券、票据、债务等，债务不区分主体，且不包括单独披露的债务发行成本,,false,[],"UUS,UDC,UBAX,UBAF,U31X,U31F,U32X,U32F","STANDARD_SNAPSHOT,STANDARD_SERIES_TIME_RANGE_BEGIN_END"
capital_change_v2|股本变动(新体系)|Change in Capital Stock,security,metric_lookup,series,market_code,capital_change_v2,capital_change_v2,{},"{""type"":""begin_end"",""begin_time"":1783296000000,""end_time"":0,""time_period"":""quarter_1""}",series-etf-30d.json,snapshot;quarter_1,股本变动(新体系),Change in Capital Stock,"包括优先股、普通股、普通股认股权证、库存股、永续债的变动。
注：不包含子公司和非控股权益的变动，不包含股票发行成本",,false,[],"UUS,UDC,UBAX,UBAF,U31X,U31F,U32X,U32F","STANDARD_SNAPSHOT,STANDARD_SERIES_TIME_RANGE_BEGIN_END"
collect_interest_v2|收取利息(新体系)|Interest Received,security,metric_lookup,series,market_code,collect_interest_v2,collect_interest_v2,{},"{""type"":""begin_end"",""begin_time"":1783296000000,""end_time"":0,""time_period"":""quarter_1""}",series-etf-30d.json,snapshot;quarter_1,收取利息(新体系),Interest Received,包含收取利息，以及收取利息、股利合并披露无法拆分的情况,,false,[],"UUS,UDC,UBAX,UBAF,U31X,U31F,U32X,U32F","STANDARD_SNAPSHOT,STANDARD_SERIES_TIME_RANGE_BEGIN_END"
payment_dividends_v2|支付股利(新体系)|Dividends Paid,security,metric_lookup,series,market_code,payment_dividends_v2,payment_dividends_v2,{},"{""type"":""begin_end"",""begin_time"":1783296000000,""end_time"":0,""time_period"":""quarter_1""}",series-etf-30d.json,snapshot;quarter_1,支付股利(新体系),Dividends Paid,包含优先股股利、普通股股利及永续债的分配，不包含向非控制权益派发股息,,false,[],"UUS,UDC,UBAX,UBAF,U31X,U31F,U32X,U32F","STANDARD_SNAPSHOT,STANDARD_SERIES_TIME_RANGE_BEGIN_END"
discontinued_investment_net_cash_v2|终止投资所得净现金(新体系)|Net Cash From Discontinued Investing Activities,security,metric_lookup,series,market_code,discontinued_investment_net_cash_v2,discontinued_investment_net_cash_v2,{},"{""type"":""begin_end"",""begin_time"":1783296000000,""end_time"":0,""time_period"":""quarter_1""}",series-etf-30d.json,snapshot;quarter_1,终止投资所得净现金(新体系),Net Cash From Discontinued Investing Activities,投资活动公布为终止…、非持续…现金流,,false,[],"UUS,UDC,UBAX,UBAF,U31X,U31F,U32X,U32F","STANDARD_SNAPSHOT,STANDARD_SERIES_TIME_RANGE_BEGIN_END"
long_term_equity_investment_change_v2|长期股权投资变动(新体系)|Change in Long-Term Equity Investments,security,metric_lookup,series,market_code,long_term_equity_investment_change_v2,long_term_equity_investment_change_v2,{},"{""type"":""begin_end"",""begin_time"":1783296000000,""end_time"":0,""time_period"":""quarter_1""}",series-etf-30d.json,snapshot;quarter_1,长期股权投资变动(新体系),Change in Long-Term Equity Investments,长期股权投资变动,,false,[],"UUS,UDC,UBAX,UBAF,U31X,U31F,U32X,U32F","STANDARD_SNAPSHOT,STANDARD_SERIES_TIME_RANGE_BEGIN_END"
other_invest_cash_flow_net_v2|其他投资活动现金流量净额(新体系)|Other Investing Activities,security,metric_lookup,series,market_code,other_invest_cash_flow_net_v2,other_invest_cash_flow_net_v2,{},"{""type"":""begin_end"",""begin_time"":1783296000000,""end_time"":0,""time_period"":""quarter_1""}",series-etf-30d.json,snapshot;quarter_1,其他投资活动现金流量净额(新体系),Other Investing Activities,现金流量表-投资活动部分的兜底科目,,false,[],"UUS,UDC,UBAX,UBAF,U31X,U31F,U32X,U32F","STANDARD_SNAPSHOT,STANDARD_SERIES_TIME_RANGE_BEGIN_END"
collect_dividends_v2|收取股利(新体系)|Dividends Received,security,metric_lookup,series,market_code,collect_dividends_v2,collect_dividends_v2,{},"{""type"":""begin_end"",""begin_time"":1783296000000,""end_time"":0,""time_period"":""quarter_1""}",series-etf-30d.json,snapshot;quarter_1,收取股利(新体系),Dividends Received,包含收取股利/股息,,false,[],"UUS,UDC,UBAX,UBAF,U31X,U31F,U32X,U32F","STANDARD_SNAPSHOT,STANDARD_SERIES_TIME_RANGE_BEGIN_END"
discontinued_operating_net_cash_v2|终止经营所得净现金(新体系)|Net Cash From Discontinued Operating Activities,security,metric_lookup,series,market_code,discontinued_operating_net_cash_v2,discontinued_operating_net_cash_v2,{},"{""type"":""begin_end"",""begin_time"":1783296000000,""end_time"":0,""time_period"":""quarter_1""}",series-etf-30d.json,snapshot;quarter_1,终止经营所得净现金(新体系),Net Cash From Discontinued Operating Activities,现金流量表-经营活动公布为终止…、非持续…现金流,,false,[],"UUS,UDC,UBAX,UBAF,U31X,U31F,U32X,U32F","STANDARD_SNAPSHOT,STANDARD_SERIES_TIME_RANGE_BEGIN_END"
changes_in_working_capital_v2|营运资本变动(新体系)|Change in Working Capital,security,metric_lookup,series,market_code,changes_in_working_capital_v2,changes_in_working_capital_v2,{},"{""type"":""begin_end"",""begin_time"":1783296000000,""end_time"":0,""time_period"":""quarter_1""}",series-etf-30d.json,snapshot;quarter_1,营运资本变动(新体系),Change in Working Capital,营运资本 = 流动资产 - 流动负债，营运资本变动反映流动资产与流动负债科目的变化情况，通常体现为各科目的增减变动。,,false,[],"UUS,UDC,UBAX,UBAF,U31X,U31F,U32X,U32F","STANDARD_SNAPSHOT,STANDARD_SERIES_TIME_RANGE_BEGIN_END"
other_non_cash_adjustments_v2|其他非现金调整(新体系)|Other Non-Cash Adjustments,security,metric_lookup,series,market_code,other_non_cash_adjustments_v2,other_non_cash_adjustments_v2,{},"{""type"":""begin_end"",""begin_time"":1783296000000,""end_time"":0,""time_period"":""quarter_1""}",series-etf-30d.json,snapshot;quarter_1,其他非现金调整(新体系),Other Non-Cash Adjustments,本科目为经营活动现金流量部分的兜底科目，用于归集无法计入标准经营活动科目的调整项目。,,false,[],"UUS,UDC,UBAX,UBAF,U31X,U31F,U32X,U32F","STANDARD_SNAPSHOT,STANDARD_SERIES_TIME_RANGE_BEGIN_END"
financing_cash_flow_net_v2|筹资活动现金流量净额(新体系)|Net Cash Flows From Financing Activities,security,metric_lookup,series,market_code,financing_cash_flow_net_v2,financing_cash_flow_net_v2,{},"{""type"":""begin_end"",""begin_time"":1783296000000,""end_time"":0,""time_period"":""quarter_1""}",series-etf-30d.json,snapshot;quarter_1,筹资活动现金流量净额(新体系),Net Cash Flows From Financing Activities,企业吸收投资、取得借款、发行债券、偿还债务、分配股利等筹资行为产生的现金净额。通常反映企业外部融资情况。,,false,[],"UUS,UDC,UBAX,UBAF,U31X,U31F,U32X,U32F","STANDARD_SNAPSHOT,STANDARD_SERIES_TIME_RANGE_BEGIN_END"
period_cash_and_equivalents_overage_v2|期末现金及现金等价物余额(新体系)|Cash and Cash Equivalents at End of Period,security,metric_lookup,series,market_code,period_cash_and_equivalents_overage_v2,period_cash_and_equivalents_overage_v2,{},"{""type"":""begin_end"",""begin_time"":1783296000000,""end_time"":0,""time_period"":""quarter_1""}",series-etf-30d.json,snapshot;quarter_1,期末现金及现金等价物余额(新体系),Cash and Cash Equivalents at End of Period,现金及现金等价物期末余额,,false,[],"UUS,UDC,UBAX,UBAF,U31X,U31F,U32X,U32F","STANDARD_SNAPSHOT,STANDARD_SERIES_TIME_RANGE_BEGIN_END"
cash_equivalents_net_addition_v2|现金及现金等价物净增加额(新体系)|Net Increase in Cash and Cash Equivalents,security,metric_lookup,series,market_code,cash_equivalents_net_addition_v2,cash_equivalents_net_addition_v2,{},"{""type"":""begin_end"",""begin_time"":1783296000000,""end_time"":0,""time_period"":""quarter_1""}",series-etf-30d.json,snapshot;quarter_1,现金及现金等价物净增加额(新体系),Net Increase in Cash and Cash Equivalents,经营活动、投资活动、筹资活动现金流量净额之和，加上“汇率变动对现金及现金等价物的影响”后的总额。,,false,[],"UUS,UDC,UBAX,UBAF,U31X,U31F,U32X,U32F","STANDARD_SNAPSHOT,STANDARD_SERIES_TIME_RANGE_BEGIN_END"
other_cash_flow_adjustment_v2|其他现金流量调整(新体系)|Other Accounts Affecting Net Increase in Cash and Cash Equivalents,security,metric_lookup,series,market_code,other_cash_flow_adjustment_v2,other_cash_flow_adjustment_v2,{},"{""type"":""begin_end"",""begin_time"":1783296000000,""end_time"":0,""time_period"":""quarter_1""}",series-etf-30d.json,snapshot;quarter_1,其他现金流量调整(新体系),Other Accounts Affecting Net Increase in Cash and Cash Equivalents,在“现金及现金等价物期初余额”之前出现的除汇率变动影响外的其他科目,,false,[],"UUS,UDC,UBAX,UBAF,U31X,U31F,U32X,U32F","STANDARD_SNAPSHOT,STANDARD_SERIES_TIME_RANGE_BEGIN_END"
other_influence_ending_cash_equivalents_overage_v2|其他影响现金及现金等价物期末余额的科目(新体系)|Other Accounts That Affect the Ending Balance of Cash and Cash Equivalents,security,metric_lookup,series,market_code,other_influence_ending_cash_equivalents_overage_v2,other_influence_ending_cash_equivalents_overage_v2,{},"{""type"":""begin_end"",""begin_time"":1783296000000,""end_time"":0,""time_period"":""quarter_1""}",series-etf-30d.json,snapshot;quarter_1,其他影响现金及现金等价物期末余额的科目(新体系),Other Accounts That Affect the Ending Balance of Cash and Cash Equivalents,在“现金及现金等价物期初余额”之后，“现金及现金等价物期末余额”之前出现的除汇率变动影响之外的其他科目,,false,[],"UUS,UDC,UBAX,UBAF,U31X,U31F,U32X,U32F","STANDARD_SNAPSHOT,STANDARD_SERIES_TIME_RANGE_BEGIN_END"
add_period_cash_and_equivalents_overage_v2|现金及现金等价物期初余额(新体系)|Cash and Cash Equivalents at Beginning of Period,security,metric_lookup,series,market_code,add_period_cash_and_equivalents_overage_v2,add_period_cash_and_equivalents_overage_v2,{},"{""type"":""begin_end"",""begin_time"":1783296000000,""end_time"":0,""time_period"":""quarter_1""}",series-etf-30d.json,snapshot;quarter_1,现金及现金等价物期初余额(新体系),Cash and Cash Equivalents at Beginning of Period,现金及现金等价物期初余额,,false,[],"UUS,UDC,UBAX,UBAF,U31X,U31F,U32X,U32F","STANDARD_SNAPSHOT,STANDARD_SERIES_TIME_RANGE_BEGIN_END"
cash_deferred_tax_v2|递延所得税(现金表，新体系)|Deferred Taxes,security,metric_lookup,series,market_code,cash_deferred_tax_v2,cash_deferred_tax_v2,{},"{""type"":""begin_end"",""begin_time"":1783296000000,""end_time"":0,""time_period"":""quarter_1""}",series-etf-30d.json,snapshot;quarter_1,递延所得税(现金表，新体系),Deferred Taxes,包含所有的递延税项,,false,[],"UUS,UDC,UBAX,UBAF,U31X,U31F,U32X,U32F","STANDARD_SNAPSHOT,STANDARD_SERIES_TIME_RANGE_BEGIN_END"
share_based_compensation_v2|股票薪酬(新体系)|Stock-Based Compensation,security,metric_lookup,series,market_code,share_based_compensation_v2,share_based_compensation_v2,{},"{""type"":""begin_end"",""begin_time"":1783296000000,""end_time"":0,""time_period"":""quarter_1""}",series-etf-30d.json,snapshot;quarter_1,股票薪酬(新体系),Stock-Based Compensation,本科目包含以下内容：股权激励费用、股票期权相关费用、股份支付费用,,false,[],"UUS,UDC,UBAX,UBAF,U31X,U31F,U32X,U32F","STANDARD_SNAPSHOT,STANDARD_SERIES_TIME_RANGE_BEGIN_END"
assets_impairment_v2|资产减值(新体系)|Impairment of Assets,security,metric_lookup,series,market_code,assets_impairment_v2,assets_impairment_v2,{},"{""type"":""begin_end"",""begin_time"":1783296000000,""end_time"":0,""time_period"":""quarter_1""}",series-etf-30d.json,snapshot;quarter_1,资产减值(新体系),Impairment of Assets,"本科目的加工范围：
1.需为资产类科目，包括但不限于应收账款、存货、固定资产、无形资产、投资性房地产、金融资产（如债券、股权等）、长期股权投资；
2.需为减值类科目，如坏账准备、备抵损失、资产减值、信用损失、拨备、准备金等，也包括减值转回、坏账核销等调整项",,false,[],"UUS,UDC,UBAX,UBAF,U31X,U31F,U32X,U32F","STANDARD_SNAPSHOT,STANDARD_SERIES_TIME_RANGE_BEGIN_END"
free_cash_flow|自由现金流|free cash flow,security,metric_lookup,series,market_code,free_cash_flow,free_cash_flow,{},"{""type"":""begin_end"",""begin_time"":1783296000000,""end_time"":0,""time_period"":""quarter_1""}",series-etf-30d.json,snapshot;quarter_1,自由现金流,free cash flow,"自由现金流是指企业在满足必要的资本支出（如设备更新、厂房维护等）后，可以自由分配给股东和债权人的现金。它代表了企业真正可以""自由""使用的现金，而不影响其正常运营和发展。",,false,[],"UUS,UDC,UBAX,UBAF,U31X,U31F,U32X,U32F","STANDARD_SNAPSHOT,STANDARD_SERIES_TIME_RANGE_BEGIN_END"
invest_cash_flow_net_v2|投资活动现金流量净额(新体系)|Net Cash Flows From Investing Activities,security,metric_lookup,series,market_code,invest_cash_flow_net_v2,invest_cash_flow_net_v2,{},"{""type"":""begin_end"",""begin_time"":1783296000000,""end_time"":0,""time_period"":""quarter_1""}",series-etf-30d.json,snapshot;quarter_1,投资活动现金流量净额(新体系),Net Cash Flows From Investing Activities,企业购建固定资产、无形资产、对外投资、处置长期资产等投资行为产生的现金净额。,,false,[],"UUS,UDC,UBAX,UBAF,U31X,U31F,U32X,U32F","STANDARD_SNAPSHOT,STANDARD_SERIES_TIME_RANGE_BEGIN_END"
fixed_intangible_assets_change_v2|固定及无形资产变动(新体系)|Change in PPE and Intangible Assets,security,metric_lookup,series,market_code,fixed_intangible_assets_change_v2,fixed_intangible_assets_change_v2,{},"{""type"":""begin_end"",""begin_time"":1783296000000,""end_time"":0,""time_period"":""quarter_1""}",series-etf-30d.json,snapshot;quarter_1,固定及无形资产变动(新体系),Change in PPE and Intangible Assets,固定及无形资产变动,,false,[],"UUS,UDC,UBAX,UBAF,U31X,U31F,U32X,U32F","STANDARD_SNAPSHOT,STANDARD_SERIES_TIME_RANGE_BEGIN_END"
act_cash_flow_net_v2|经营活动现金流量净额(新体系)|Net Cash Flows From Operating Activities,security,metric_lookup,series,market_code,act_cash_flow_net_v2,act_cash_flow_net_v2,{},"{""type"":""begin_end"",""begin_time"":1783296000000,""end_time"":0,""time_period"":""quarter_1""}",series-etf-30d.json,snapshot;quarter_1,经营活动现金流量净额(新体系),Net Cash Flows From Operating Activities,企业日常经营活动（如销售商品、提供劳务、购买商品、支付职工薪酬、缴纳税费等）产生的现金流入减去现金流出的净额。,,false,[],"UUS,UDC,UBAX,UBAF,U31X,U31F,U32X,U32F","STANDARD_SNAPSHOT,STANDARD_SERIES_TIME_RANGE_BEGIN_END"
operating_lease_deb_v2|经营租赁负债(新体系)|Operating Lease Liabilities,security,metric_lookup,series,market_code,operating_lease_deb_v2,operating_lease_deb_v2,{},"{""type"":""begin_end"",""begin_time"":1783296000000,""end_time"":0,""time_period"":""quarter_1""}",series-etf-30d.json,snapshot;quarter_1,经营租赁负债(新体系),Operating Lease Liabilities,承租人因经营租赁而承担的未来租赁付款额的现值。,,false,[],"UUS,UDC,UBAX,UBAF,U31X,U31F,U32X,U32F","STANDARD_SNAPSHOT,STANDARD_SERIES_TIME_RANGE_BEGIN_END"
unsecured_debt_v2|无担保债务(新体系)|Unsecured Debt,security,metric_lookup,series,market_code,unsecured_debt_v2,unsecured_debt_v2,{},"{""type"":""begin_end"",""begin_time"":1783296000000,""end_time"":0,""time_period"":""quarter_1""}",series-etf-30d.json,snapshot;quarter_1,无担保债务(新体系),Unsecured Debt,包含无担保债务以及无法确认是否有担保的债务,,false,[],"UUS,UDC,UBAX,UBAF,U31X,U31F,U32X,U32F","STANDARD_SNAPSHOT,STANDARD_SERIES_TIME_RANGE_BEGIN_END"
secured_debt_v2|有担保债务(新体系)|Secured Debt,security,metric_lookup,series,market_code,secured_debt_v2,secured_debt_v2,{},"{""type"":""begin_end"",""begin_time"":1783296000000,""end_time"":0,""time_period"":""quarter_1""}",series-etf-30d.json,snapshot;quarter_1,有担保债务(新体系),Secured Debt,有担保债务,,false,[],"UUS,UDC,UBAX,UBAF,U31X,U31F,U32X,U32F","STANDARD_SNAPSHOT,STANDARD_SERIES_TIME_RANGE_BEGIN_END"
"real_estate_gross_v2|房地产物业总额(新体系)|Real Estate, Gross",security,metric_lookup,series,market_code,real_estate_gross_v2,real_estate_gross_v2,{},"{""type"":""begin_end"",""begin_time"":1783296000000,""end_time"":0,""time_period"":""quarter_1""}",series-etf-30d.json,snapshot;quarter_1,房地产物业总额(新体系),"Real Estate, Gross",包含投资物业、物业厂房及设备、使用权资产、在建工程、物业改善等,,false,[],"UUS,UDC,UBAX,UBAF,U31X,U31F,U32X,U32F","STANDARD_SNAPSHOT,STANDARD_SERIES_TIME_RANGE_BEGIN_END"
financial_lease_debt_v2|融资租赁负债(新体系)|Financial Leasing Liabilities,security,metric_lookup,series,market_code,financial_lease_debt_v2,financial_lease_debt_v2,{},"{""type"":""begin_end"",""begin_time"":1783296000000,""end_time"":0,""time_period"":""quarter_1""}",series-etf-30d.json,snapshot;quarter_1,融资租赁负债(新体系),Financial Leasing Liabilities,承租人因融资租赁（实质上转移了与租赁资产所有权有关的几乎全部风险和报酬）而承担的未来应付租金义务的现值。属于租赁负债的一种，在资产负债表中确认为租赁负债（流动/非流动部分），并相应确认使用权资产。,,false,[],"UUS,UDC,UBAX,UBAF,U31X,U31F,U32X,U32F","STANDARD_SNAPSHOT,STANDARD_SERIES_TIME_RANGE_BEGIN_END"
time_saving_deposits_v2|定期及储蓄存款(新体系)|Time and Saving Deposits,security,metric_lookup,series,market_code,time_saving_deposits_v2,time_saving_deposits_v2,{},"{""type"":""begin_end"",""begin_time"":1783296000000,""end_time"":0,""time_period"":""quarter_1""}",series-etf-30d.json,snapshot;quarter_1,定期及储蓄存款(新体系),Time and Saving Deposits,包含定期存款和储蓄存款，以及无法区分期限的有息存款,,false,[],"UUS,UDC,UBAX,UBAF,U31X,U31F,U32X,U32F","STANDARD_SNAPSHOT,STANDARD_SERIES_TIME_RANGE_BEGIN_END"
other_deposits_v2|其他存款(新体系)|Other Deposits,security,metric_lookup,series,market_code,other_deposits_v2,other_deposits_v2,{},"{""type"":""begin_end"",""begin_time"":1783296000000,""end_time"":0,""time_period"":""quarter_1""}",series-etf-30d.json,snapshot;quarter_1,其他存款(新体系),Other Deposits,包含不属于活期存款、定期存款、储蓄存款及无法判断是否计息的存款,,false,[],"UUS,UDC,UBAX,UBAF,U31X,U31F,U32X,U32F","STANDARD_SNAPSHOT,STANDARD_SERIES_TIME_RANGE_BEGIN_END"
"accounts_receivable_v2|应收账款(新体系)|Accounts Receivable, Net",security,metric_lookup,series,market_code,accounts_receivable_v2,accounts_receivable_v2,{},"{""type"":""begin_end"",""begin_time"":1783296000000,""end_time"":0,""time_period"":""quarter_1""}",series-etf-30d.json,snapshot;quarter_1,应收账款(新体系),"Accounts Receivable, Net",包含第三方的应收账款/贸易应收款的净额,,false,[],"UUS,UDC,UBAX,UBAF,U31X,U31F,U32X,U32F","STANDARD_SNAPSHOT,STANDARD_SERIES_TIME_RANGE_BEGIN_END"
other_financial_investments_v2|其他金融投资(新体系)|Other Financial Investments,security,metric_lookup,series,market_code,other_financial_investments_v2,other_financial_investments_v2,{},"{""type"":""begin_end"",""begin_time"":1783296000000,""end_time"":0,""time_period"":""quarter_1""}",series-etf-30d.json,snapshot;quarter_1,其他金融投资(新体系),Other Financial Investments,金融投资的兜底科目,,false,[],"UUS,UDC,UBAX,UBAF,U31X,U31F,U32X,U32F","STANDARD_SNAPSHOT,STANDARD_SERIES_TIME_RANGE_BEGIN_END"
receivable_interest_dividends_v2|应收利息与股利(新体系)|Interest and Dividends Receivable,security,metric_lookup,series,market_code,receivable_interest_dividends_v2,receivable_interest_dividends_v2,{},"{""type"":""begin_end"",""begin_time"":1783296000000,""end_time"":0,""time_period"":""quarter_1""}",series-etf-30d.json,snapshot;quarter_1,应收利息与股利(新体系),Interest and Dividends Receivable,包含应收利息、应收股利，以及应收利息和股利合并披露无法拆分的情况,,false,[],"UUS,UDC,UBAX,UBAF,U31X,U31F,U32X,U32F","STANDARD_SNAPSHOT,STANDARD_SERIES_TIME_RANGE_BEGIN_END"
held_to_maturity_investment_v2|持有至到期投资(新体系)|Held-to-Maturity Investments,security,metric_lookup,series,market_code,held_to_maturity_investment_v2,held_to_maturity_investment_v2,{},"{""type"":""begin_end"",""begin_time"":1783296000000,""end_time"":0,""time_period"":""quarter_1""}",series-etf-30d.json,snapshot;quarter_1,持有至到期投资(新体系),Held-to-Maturity Investments,包含持有至到期投资、以摊余成本计量的非衍生金融资产,,false,[],"UUS,UDC,UBAX,UBAF,U31X,U31F,U32X,U32F","STANDARD_SNAPSHOT,STANDARD_SERIES_TIME_RANGE_BEGIN_END"
available_financial_assets_v2|可供出售金融资产(新体系)|Available-for-Sale Financial Assets,security,metric_lookup,series,market_code,available_financial_assets_v2,available_financial_assets_v2,{},"{""type"":""begin_end"",""begin_time"":1783296000000,""end_time"":0,""time_period"":""quarter_1""}",series-etf-30d.json,snapshot;quarter_1,可供出售金融资产(新体系),Available-for-Sale Financial Assets,包含可供出售投资、以公允价值计量且其变动计入其他综合收益的非衍生金融资产,,false,[],"UUS,UDC,UBAX,UBAF,U31X,U31F,U32X,U32F","STANDARD_SNAPSHOT,STANDARD_SERIES_TIME_RANGE_BEGIN_END"
trade_financial_assets_v2|交易性金融资产(新体系)|Financial Assets Held for Trading,security,metric_lookup,series,market_code,trade_financial_assets_v2,trade_financial_assets_v2,{},"{""type"":""begin_end"",""begin_time"":1783296000000,""end_time"":0,""time_period"":""quarter_1""}",series-etf-30d.json,snapshot;quarter_1,交易性金融资产(新体系),Financial Assets Held for Trading,持有期限在一年以内的以交易为目的的金融资产，包含交易性金融资产、以公允价值计量且其变动计入损益的非衍生金融资产,,false,[],"UUS,UDC,UBAX,UBAF,U31X,U31F,U32X,U32F","STANDARD_SNAPSHOT,STANDARD_SERIES_TIME_RANGE_BEGIN_END"
other_common_shareholders_equity_v2|其他普通股股东权益(新体系)|Other Equity of Common Stockholders,security,metric_lookup,series,market_code,other_common_shareholders_equity_v2,other_common_shareholders_equity_v2,{},"{""type"":""begin_end"",""begin_time"":1783296000000,""end_time"":0,""time_period"":""quarter_1""}",series-etf-30d.json,snapshot;quarter_1,其他普通股股东权益(新体系),Other Equity of Common Stockholders,兜底科目,,false,[],"UUS,UDC,UBAX,UBAF,U31X,U31F,U32X,U32F","STANDARD_SNAPSHOT,STANDARD_SERIES_TIME_RANGE_BEGIN_END"
demand_deposit_v2|活期存款(新体系)|Demand Deposits,security,metric_lookup,series,market_code,demand_deposit_v2,demand_deposit_v2,{},"{""type"":""begin_end"",""begin_time"":1783296000000,""end_time"":0,""time_period"":""quarter_1""}",series-etf-30d.json,snapshot;quarter_1,活期存款(新体系),Demand Deposits,包括公司活期存款和个人活期存款,,false,[],"UUS,UDC,UBAX,UBAF,U31X,U31F,U32X,U32F","STANDARD_SNAPSHOT,STANDARD_SERIES_TIME_RANGE_BEGIN_END"
load_loss_allowance_v2|贷款损失准备(新体系)|Allowance for Credit Losses on Loans,security,metric_lookup,series,market_code,load_loss_allowance_v2,load_loss_allowance_v2,{},"{""type"":""begin_end"",""begin_time"":1783296000000,""end_time"":0,""time_period"":""quarter_1""}",series-etf-30d.json,snapshot;quarter_1,贷款损失准备(新体系),Allowance for Credit Losses on Loans,包括以摊余成本计量的贷款及垫款损失准备和以摊余成本计量的贷款及垫款应收利息损失准备（不包括以公允价值计量的贷款及垫款的损失准备）,,false,[],"UUS,UDC,UBAX,UBAF,U31X,U31F,U32X,U32F","STANDARD_SNAPSHOT,STANDARD_SERIES_TIME_RANGE_BEGIN_END"
payable_associated_accounts_v2|应付关联方款项(新体系)|Amounts Due to Related Parties,security,metric_lookup,series,market_code,payable_associated_accounts_v2,payable_associated_accounts_v2,{},"{""type"":""begin_end"",""begin_time"":1783296000000,""end_time"":0,""time_period"":""quarter_1""}",series-etf-30d.json,snapshot;quarter_1,应付关联方款项(新体系),Amounts Due to Related Parties,本科目包含应付联营、合营、子公司、母公司等具有直接股权关系的企业或者对公司有重要影响的管理层人员的款项，不包括应付给非控制权益股东的款项,,false,[],"UUS,UDC,UBAX,UBAF,U31X,U31F,U32X,U32F","STANDARD_SNAPSHOT,STANDARD_SERIES_TIME_RANGE_BEGIN_END"
old_age_pension_v2|养老金(新体系)|Pensions,security,metric_lookup,series,market_code,old_age_pension_v2,old_age_pension_v2,{},"{""type"":""begin_end"",""begin_time"":1783296000000,""end_time"":0,""time_period"":""quarter_1""}",series-etf-30d.json,snapshot;quarter_1,养老金(新体系),Pensions,该科目包含养老金、退休金、设定收益计划等,,false,[],"UUS,UDC,UBAX,UBAF,U31X,U31F,U32X,U32F","STANDARD_SNAPSHOT,STANDARD_SERIES_TIME_RANGE_BEGIN_END"
long_term_lease_debt_v2|长期租赁负债(新体系)|Long-Term Lease Liabilities,security,metric_lookup,series,market_code,long_term_lease_debt_v2,long_term_lease_debt_v2,{},"{""type"":""begin_end"",""begin_time"":1783296000000,""end_time"":0,""time_period"":""quarter_1""}",series-etf-30d.json,snapshot;quarter_1,长期租赁负债(新体系),Long-Term Lease Liabilities,该科目包含租赁负债,,false,[],"UUS,UDC,UBAX,UBAF,U31X,U31F,U32X,U32F","STANDARD_SNAPSHOT,STANDARD_SERIES_TIME_RANGE_BEGIN_END"
other_payable_accrued_accounts_v2|其他应付与应计账款(新体系)|Other Payables and Accruals,security,metric_lookup,series,market_code,other_payable_accrued_accounts_v2,other_payable_accrued_accounts_v2,{},"{""type"":""begin_end"",""begin_time"":1783296000000,""end_time"":0,""time_period"":""quarter_1""}",series-etf-30d.json,snapshot;quarter_1,其他应付与应计账款(新体系),Other Payables and Accruals,本科目为应付类的兜底科目,,false,[],"UUS,UDC,UBAX,UBAF,U31X,U31F,U32X,U32F","STANDARD_SNAPSHOT,STANDARD_SERIES_TIME_RANGE_BEGIN_END"
treasury_stock_v2|库存股(新体系)|Treasury Stock,security,metric_lookup,series,market_code,treasury_stock_v2,treasury_stock_v2,{},"{""type"":""begin_end"",""begin_time"":1783296000000,""end_time"":0,""time_period"":""quarter_1""}",series-etf-30d.json,snapshot;quarter_1,库存股(新体系),Treasury Stock,该科目包含库存股，库份股储备等,,false,[],"UUS,UDC,UBAX,UBAF,U31X,U31F,U32X,U32F","STANDARD_SNAPSHOT,STANDARD_SERIES_TIME_RANGE_BEGIN_END"
common_stock_v2|普通股(新体系)|Common Stock,security,metric_lookup,series,market_code,common_stock_v2,common_stock_v2,{},"{""type"":""begin_end"",""begin_time"":1783296000000,""end_time"":0,""time_period"":""quarter_1""}",series-etf-30d.json,snapshot;quarter_1,普通股(新体系),Common Stock,本科目包含已发行普通股股本和将发行普通股股本,,false,[],"UUS,UDC,UBAX,UBAF,U31X,U31F,U32X,U32F","STANDARD_SNAPSHOT,STANDARD_SERIES_TIME_RANGE_BEGIN_END"
retained_earnings_v2|留存收益(新体系)|Retained Earnings,security,metric_lookup,series,market_code,retained_earnings_v2,retained_earnings_v2,{},"{""type"":""begin_end"",""begin_time"":1783296000000,""end_time"":0,""time_period"":""quarter_1""}",series-etf-30d.json,snapshot;quarter_1,留存收益(新体系),Retained Earnings,本科目包括未分配利润及盈余公积（不包括任意盈余公积，韩国市场除外）,,false,[],"UUS,UDC,UBAX,UBAF,U31X,U31F,U32X,U32F","STANDARD_SNAPSHOT,STANDARD_SERIES_TIME_RANGE_BEGIN_END"
long_term_loan_v2|长期借款(新体系)|Long-Term Borrowings,security,metric_lookup,series,market_code,long_term_loan_v2,long_term_loan_v2,{},"{""type"":""begin_end"",""begin_time"":1783296000000,""end_time"":0,""time_period"":""quarter_1""}",series-etf-30d.json,snapshot;quarter_1,长期借款(新体系),Long-Term Borrowings,本科目加工范围包括借款类、债券、票据（期限通常在一年以上）,,false,[],"UUS,UDC,UBAX,UBAF,U31X,U31F,U32X,U32F","STANDARD_SNAPSHOT,STANDARD_SERIES_TIME_RANGE_BEGIN_END"
other_retire_benefits_v2|其他退休后福利(新体系)|Other Post-Ret Benefits,security,metric_lookup,series,market_code,other_retire_benefits_v2,other_retire_benefits_v2,{},"{""type"":""begin_end"",""begin_time"":1783296000000,""end_time"":0,""time_period"":""quarter_1""}",series-etf-30d.json,snapshot;quarter_1,其他退休后福利(新体系),Other Post-Ret Benefits,该科目包含养老金以外的退休后福利，如退休医疗福利,,false,[],"UUS,UDC,UBAX,UBAF,U31X,U31F,U32X,U32F","STANDARD_SNAPSHOT,STANDARD_SERIES_TIME_RANGE_BEGIN_END"
long_term_debt_current_v2|长期债务的流动部分(新体系)|Current Portion of Long-Term Debt,security,metric_lookup,series,market_code,long_term_debt_current_v2,long_term_debt_current_v2,{},"{""type"":""begin_end"",""begin_time"":1783296000000,""end_time"":0,""time_period"":""quarter_1""}",series-etf-30d.json,snapshot;quarter_1,长期债务的流动部分(新体系),Current Portion of Long-Term Debt,该科目加工长期债务的一年内到期的部分,,false,[],"UUS,UDC,UBAX,UBAF,U31X,U31F,U32X,U32F","STANDARD_SNAPSHOT,STANDARD_SERIES_TIME_RANGE_BEGIN_END"
short_term_lease_debt_v2|短期租赁负债(新体系)|Short-Term Lease Liabilities,security,metric_lookup,series,market_code,short_term_lease_debt_v2,short_term_lease_debt_v2,{},"{""type"":""begin_end"",""begin_time"":1783296000000,""end_time"":0,""time_period"":""quarter_1""}",series-etf-30d.json,snapshot;quarter_1,短期租赁负债(新体系),Short-Term Lease Liabilities,租赁负债,,false,[],"UUS,UDC,UBAX,UBAF,U31X,U31F,U32X,U32F","STANDARD_SNAPSHOT,STANDARD_SERIES_TIME_RANGE_BEGIN_END"
short_term_loans_v2|短期借款(新体系)|Short-Term Borrowings,security,metric_lookup,series,market_code,short_term_loans_v2,short_term_loans_v2,{},"{""type"":""begin_end"",""begin_time"":1783296000000,""end_time"":0,""time_period"":""quarter_1""}",series-etf-30d.json,snapshot;quarter_1,短期借款(新体系),Short-Term Borrowings,包含短期借款（不区分计不计息）、短期债券、短期票据以及其他特殊形式的借款（例如黄金借贷）,,false,[],"UUS,UDC,UBAX,UBAF,U31X,U31F,U32X,U32F","STANDARD_SNAPSHOT,STANDARD_SERIES_TIME_RANGE_BEGIN_END"
payable_interest_dividends_v2|应付利息与股利(新体系)|Interest and Dividends Payable,security,metric_lookup,series,market_code,payable_interest_dividends_v2,payable_interest_dividends_v2,{},"{""type"":""begin_end"",""begin_time"":1783296000000,""end_time"":0,""time_period"":""quarter_1""}",series-etf-30d.json,snapshot;quarter_1,应付利息与股利(新体系),Interest and Dividends Payable,本科目包含应付利息，应付股利，应付股息等,,false,[],"UUS,UDC,UBAX,UBAF,U31X,U31F,U32X,U32F","STANDARD_SNAPSHOT,STANDARD_SERIES_TIME_RANGE_BEGIN_END"
payable_notes_and_accounts_v2|应付账款及票据(新体系)|Accounts and Notes Payable,security,metric_lookup,series,market_code,payable_notes_and_accounts_v2,payable_notes_and_accounts_v2,{},"{""type"":""begin_end"",""begin_time"":1783296000000,""end_time"":0,""time_period"":""quarter_1""}",series-etf-30d.json,snapshot;quarter_1,应付账款及票据(新体系),Accounts and Notes Payable,该科目为应付账款和应付票据的小计项,,false,[],"UUS,UDC,UBAX,UBAF,U31X,U31F,U32X,U32F","STANDARD_SNAPSHOT,STANDARD_SERIES_TIME_RANGE_BEGIN_END"
long_term_receivables_v2|长期应收款(新体系)|Long-Term Receivables,security,metric_lookup,series,market_code,long_term_receivables_v2,long_term_receivables_v2,{},"{""type"":""begin_end"",""begin_time"":1783296000000,""end_time"":0,""time_period"":""quarter_1""}",series-etf-30d.json,snapshot;quarter_1,长期应收款(新体系),Long-Term Receivables,包含长期应收账款、长期应收票据、长期应收融资租赁款及长期应收贷款,,false,[],"UUS,UDC,UBAX,UBAF,U31X,U31F,U32X,U32F","STANDARD_SNAPSHOT,STANDARD_SERIES_TIME_RANGE_BEGIN_END"
associated_companies_rights_v2|联营公司权益(新体系)|Investments in Associates,security,metric_lookup,series,market_code,associated_companies_rights_v2,associated_companies_rights_v2,{},"{""type"":""begin_end"",""begin_time"":1783296000000,""end_time"":0,""time_period"":""quarter_1""}",series-etf-30d.json,snapshot;quarter_1,联营公司权益(新体系),Investments in Associates,为获得联营企业的权益所进行的投资,,false,[],"UUS,UDC,UBAX,UBAF,U31X,U31F,U32X,U32F","STANDARD_SNAPSHOT,STANDARD_SERIES_TIME_RANGE_BEGIN_END"
intangible_assets_v2|无形资产(新体系)|Intangible Assets,security,metric_lookup,series,market_code,intangible_assets_v2,intangible_assets_v2,{},"{""type"":""begin_end"",""begin_time"":1783296000000,""end_time"":0,""time_period"":""quarter_1""}",series-etf-30d.json,snapshot;quarter_1,无形资产(新体系),Intangible Assets,包含专利权、商标权、版权、客户关系等,,false,[],"UUS,UDC,UBAX,UBAF,U31X,U31F,U32X,U32F","STANDARD_SNAPSHOT,STANDARD_SERIES_TIME_RANGE_BEGIN_END"
joint_companies_rights_v2|合营公司权益(新体系)|Investments in Joint Ventures,security,metric_lookup,series,market_code,joint_companies_rights_v2,joint_companies_rights_v2,{},"{""type"":""begin_end"",""begin_time"":1783296000000,""end_time"":0,""time_period"":""quarter_1""}",series-etf-30d.json,snapshot;quarter_1,合营公司权益(新体系),Investments in Joint Ventures,为获得合营企业的权益所进行的投资,,false,[],"UUS,UDC,UBAX,UBAF,U31X,U31F,U32X,U32F","STANDARD_SNAPSHOT,STANDARD_SERIES_TIME_RANGE_BEGIN_END"
taxes_dues_v2|应付税费(新体系)|Income Taxes Payable,security,metric_lookup,series,market_code,taxes_dues_v2,taxes_dues_v2,{},"{""type"":""begin_end"",""begin_time"":1783296000000,""end_time"":0,""time_period"":""quarter_1""}",series-etf-30d.json,snapshot;quarter_1,应付税费(新体系),Income Taxes Payable,本科目包括应付税项、税收准备金、当期所得税负债/与预收货款相关的税等，不包括递延所得税,,false,[],"UUS,UDC,UBAX,UBAF,U31X,U31F,U32X,U32F","STANDARD_SNAPSHOT,STANDARD_SERIES_TIME_RANGE_BEGIN_END"
goodwill_v2|商誉(新体系)|Goodwill,security,metric_lookup,series,market_code,goodwill_v2,goodwill_v2,{},"{""type"":""begin_end"",""begin_time"":1783296000000,""end_time"":0,""time_period"":""quarter_1""}",series-etf-30d.json,snapshot;quarter_1,商誉(新体系),Goodwill,商誉,,false,[],"UUS,UDC,UBAX,UBAF,U31X,U31F,U32X,U32F","STANDARD_SNAPSHOT,STANDARD_SERIES_TIME_RANGE_BEGIN_END"
other_inventory_v2|其他存货(新体系)|Other Inventory,security,metric_lookup,series,market_code,other_inventory_v2,other_inventory_v2,{},"{""type"":""begin_end"",""begin_time"":1783296000000,""end_time"":0,""time_period"":""quarter_1""}",series-etf-30d.json,snapshot;quarter_1,其他存货(新体系),Other Inventory,不属于原材料、半成品、成品的其他存货明细科目,,false,[],"UUS,UDC,UBAX,UBAF,U31X,U31F,U32X,U32F","STANDARD_SNAPSHOT,STANDARD_SERIES_TIME_RANGE_BEGIN_END"
semi_finished_products_v2|半成品(新体系)|Work in Process,security,metric_lookup,series,market_code,semi_finished_products_v2,semi_finished_products_v2,{},"{""type"":""begin_end"",""begin_time"":1783296000000,""end_time"":0,""time_period"":""quarter_1""}",series-etf-30d.json,snapshot;quarter_1,半成品(新体系),Work in Process,已经过一定生产过程，并已检验合格，但尚未最终制造成为产成品的中间产品，包括半成品、在产品、开发中物业等,,false,[],"UUS,UDC,UBAX,UBAF,U31X,U31F,U32X,U32F","STANDARD_SNAPSHOT,STANDARD_SERIES_TIME_RANGE_BEGIN_END"
finished_products_v2|成品(新体系)|Finished Goods,security,metric_lookup,series,market_code,finished_products_v2,finished_products_v2,{},"{""type"":""begin_end"",""begin_time"":1783296000000,""end_time"":0,""time_period"":""quarter_1""}",series-etf-30d.json,snapshot;quarter_1,成品(新体系),Finished Goods,已经完成了所有生产过程并等待销售或发货的产品，包含产成品、待售商品、成熟商品、交易商品等,,false,[],"UUS,UDC,UBAX,UBAF,U31X,U31F,U32X,U32F","STANDARD_SNAPSHOT,STANDARD_SERIES_TIME_RANGE_BEGIN_END"
fixed_assets_depreciation_v2|累计折旧(新体系)|Accumulated Depreciation,security,metric_lookup,series,market_code,fixed_assets_depreciation_v2,fixed_assets_depreciation_v2,{},"{""type"":""begin_end"",""begin_time"":1783296000000,""end_time"":0,""time_period"":""quarter_1""}",series-etf-30d.json,snapshot;quarter_1,累计折旧(新体系),Accumulated Depreciation,固定资产累计折旧,,false,[],"UUS,UDC,UBAX,UBAF,U31X,U31F,U32X,U32F","STANDARD_SNAPSHOT,STANDARD_SERIES_TIME_RANGE_BEGIN_END"
"fixed_assets_total_v2|固定资产总额(新体系)|Gross Property, Plant and Equipment",security,metric_lookup,series,market_code,fixed_assets_total_v2,fixed_assets_total_v2,{},"{""type"":""begin_end"",""begin_time"":1783296000000,""end_time"":0,""time_period"":""quarter_1""}",series-etf-30d.json,snapshot;quarter_1,固定资产总额(新体系),"Gross Property, Plant and Equipment",包含物业厂房及设备、使用权资产、在建工程及部分行业的特定资产（如探矿权、勘探和评估资产、递延剥离成本等）的总值,,false,[],"UUS,UDC,UBAX,UBAF,U31X,U31F,U32X,U32F","STANDARD_SNAPSHOT,STANDARD_SERIES_TIME_RANGE_BEGIN_END"
other_receivable_v2|其他应收款(新体系)|Other Receivables,security,metric_lookup,series,market_code,other_receivable_v2,other_receivable_v2,{},"{""type"":""begin_end"",""begin_time"":1783296000000,""end_time"":0,""time_period"":""quarter_1""}",series-etf-30d.json,snapshot;quarter_1,其他应收款(新体系),Other Receivables,除应收账款、应收票据、应收所得税、应收关联方款项以外的其他应收款；,,false,[],"UUS,UDC,UBAX,UBAF,U31X,U31F,U32X,U32F","STANDARD_SNAPSHOT,STANDARD_SERIES_TIME_RANGE_BEGIN_END"
raw_materials_v2|原材料(新体系)|Raw Materials,security,metric_lookup,series,market_code,raw_materials_v2,raw_materials_v2,{},"{""type"":""begin_end"",""begin_time"":1783296000000,""end_time"":0,""time_period"":""quarter_1""}",series-etf-30d.json,snapshot;quarter_1,原材料(新体系),Raw Materials,包括原料及主要材料、耗材、燃料、维修材料、备件等,,false,[],"UUS,UDC,UBAX,UBAF,U31X,U31F,U32X,U32F","STANDARD_SNAPSHOT,STANDARD_SERIES_TIME_RANGE_BEGIN_END"
receivable_related_accounts_v2|应收关联方款项(新体系)|Amounts Due From Related Parties,security,metric_lookup,series,market_code,receivable_related_accounts_v2,receivable_related_accounts_v2,{},"{""type"":""begin_end"",""begin_time"":1783296000000,""end_time"":0,""time_period"":""quarter_1""}",series-etf-30d.json,snapshot;quarter_1,应收关联方款项(新体系),Amounts Due From Related Parties,所有关联方的应收款项，关联方包括联营企业、合营企业、子公司、关联公司、母公司等，但不包括非控股股东公司,,false,[],"UUS,UDC,UBAX,UBAF,U31X,U31F,U32X,U32F","STANDARD_SNAPSHOT,STANDARD_SERIES_TIME_RANGE_BEGIN_END"
held_for_sale_real_estate_v2|待售房地产(新体系)|Real Estate Held for Sale,security,metric_lookup,series,market_code,held_for_sale_real_estate_v2,held_for_sale_real_estate_v2,{},"{""type"":""begin_end"",""begin_time"":1783296000000,""end_time"":0,""time_period"":""quarter_1""}",series-etf-30d.json,snapshot;quarter_1,待售房地产(新体系),Real Estate Held for Sale,包含持有待售的土地及其改良、建筑物及其改良、在建工程等,,false,[],"UUS,UDC,UBAX,UBAF,U31X,U31F,U32X,U32F","STANDARD_SNAPSHOT,STANDARD_SERIES_TIME_RANGE_BEGIN_END"
secured_unsecured_debt_v2|有担保与无担保债务(新体系)|Secured and Unsecured Debt,security,metric_lookup,series,market_code,secured_unsecured_debt_v2,secured_unsecured_debt_v2,{},"{""type"":""begin_end"",""begin_time"":1783296000000,""end_time"":0,""time_period"":""quarter_1""}",series-etf-30d.json,snapshot;quarter_1,有担保与无担保债务(新体系),Secured and Unsecured Debt,有担保债务和无担保债务的合计项,,false,[],"UUS,UDC,UBAX,UBAF,U31X,U31F,U32X,U32F","STANDARD_SNAPSHOT,STANDARD_SERIES_TIME_RANGE_BEGIN_END"
"real_estate_net_v2|房地产物业净额(新体系)|Real Estate, Net",security,metric_lookup,series,market_code,real_estate_net_v2,real_estate_net_v2,{},"{""type"":""begin_end"",""begin_time"":1783296000000,""end_time"":0,""time_period"":""quarter_1""}",series-etf-30d.json,snapshot;quarter_1,房地产物业净额(新体系),"Real Estate, Net",包含投资性房地产及全部的使用权资产,,false,[],"UUS,UDC,UBAX,UBAF,U31X,U31F,U32X,U32F","STANDARD_SNAPSHOT,STANDARD_SERIES_TIME_RANGE_BEGIN_END"
security_deposits_v2|保证金(新体系)|Security Deposits,security,metric_lookup,series,market_code,security_deposits_v2,security_deposits_v2,{},"{""type"":""begin_end"",""begin_time"":1783296000000,""end_time"":0,""time_period"":""quarter_1""}",series-etf-30d.json,snapshot;quarter_1,保证金(新体系),Security Deposits,包含按金、保证金等,,false,[],"UUS,UDC,UBAX,UBAF,U31X,U31F,U32X,U32F","STANDARD_SNAPSHOT,STANDARD_SERIES_TIME_RANGE_BEGIN_END"
advance_from_customers_v2|预收款项(新体系)|Advances From Customers,security,metric_lookup,series,market_code,advance_from_customers_v2,advance_from_customers_v2,{},"{""type"":""begin_end"",""begin_time"":1783296000000,""end_time"":0,""time_period"":""quarter_1""}",series-etf-30d.json,snapshot;quarter_1,预收款项(新体系),Advances From Customers,包括预收款项及具有预收性质的款项,,false,[],"UUS,UDC,UBAX,UBAF,U31X,U31F,U32X,U32F","STANDARD_SNAPSHOT,STANDARD_SERIES_TIME_RANGE_BEGIN_END"
borrowed_secruities_v2|借入证券(新体系)|Securities Loaned,security,metric_lookup,series,market_code,borrowed_secruities_v2,borrowed_secruities_v2,{},"{""type"":""begin_end"",""begin_time"":1783296000000,""end_time"":0,""time_period"":""quarter_1""}",series-etf-30d.json,snapshot;quarter_1,借入证券(新体系),Securities Loaned,借入证券,,false,[],"UUS,UDC,UBAX,UBAF,U31X,U31F,U32X,U32F","STANDARD_SNAPSHOT,STANDARD_SERIES_TIME_RANGE_BEGIN_END"
receivable_income_taxes_v2|应收所得税(新体系)|Income Taxes Receivable,security,metric_lookup,series,market_code,receivable_income_taxes_v2,receivable_income_taxes_v2,{},"{""type"":""begin_end"",""begin_time"":1783296000000,""end_time"":0,""time_period"":""quarter_1""}",series-etf-30d.json,snapshot;quarter_1,应收所得税(新体系),Income Taxes Receivable,包含应收税项、可收回/退还税项、当期所得税资产等，但不包含预付与递延类的税项科目,,false,[],"UUS,UDC,UBAX,UBAF,U31X,U31F,U32X,U32F","STANDARD_SNAPSHOT,STANDARD_SERIES_TIME_RANGE_BEGIN_END"
receivable_notes_and_accounts_v2|应收票据及账款(新体系)|Accounts and Notes Receivable,security,metric_lookup,series,market_code,receivable_notes_and_accounts_v2,receivable_notes_and_accounts_v2,{},"{""type"":""begin_end"",""begin_time"":1783296000000,""end_time"":0,""time_period"":""quarter_1""}",series-etf-30d.json,snapshot;quarter_1,应收票据及账款(新体系),Accounts and Notes Receivable,应收账款和应收票据小计项,,false,[],"UUS,UDC,UBAX,UBAF,U31X,U31F,U32X,U32F","STANDARD_SNAPSHOT,STANDARD_SERIES_TIME_RANGE_BEGIN_END"
cash_and_cash_equivalents_v2|现金及现金等价物(新体系)|Cash and Cash Equivalents,security,metric_lookup,series,market_code,cash_and_cash_equivalents_v2,cash_and_cash_equivalents_v2,{},"{""type"":""begin_end"",""begin_time"":1783296000000,""end_time"":0,""time_period"":""quarter_1""}",series-etf-30d.json,snapshot;quarter_1,现金及现金等价物(新体系),Cash and Cash Equivalents,"包括库存现金、活期存款、到期日在三个月以内的短期存款,以及期限短流动性强、易于转换为已知金额现金、价值变动风险很小的投资。不包括受限制现金。",,false,[],"UUS,UDC,UBAX,UBAF,U31X,U31F,U32X,U32F","STANDARD_SNAPSHOT,STANDARD_SERIES_TIME_RANGE_BEGIN_END"
other_debt_v2|其他负债(新体系)|Other Liabilities,security,metric_lookup,series,market_code,other_debt_v2,other_debt_v2,{},"{""type"":""begin_end"",""begin_time"":1783296000000,""end_time"":0,""time_period"":""quarter_1""}",series-etf-30d.json,snapshot;quarter_1,其他负债(新体系),Other Liabilities,负债兜底科目，主要包含负债部分披露的无法归属到标准科目的余下科目,,false,[],"UUS,UDC,UBAX,UBAF,U31X,U31F,U32X,U32F","STANDARD_SNAPSHOT,STANDARD_SERIES_TIME_RANGE_BEGIN_END"
lending_secruities_v2|借出证券(新体系)|Securities Borrowed,security,metric_lookup,series,market_code,lending_secruities_v2,lending_secruities_v2,{},"{""type"":""begin_end"",""begin_time"":1783296000000,""end_time"":0,""time_period"":""quarter_1""}",series-etf-30d.json,snapshot;quarter_1,借出证券(新体系),Securities Borrowed,借出证券,,false,[],"UUS,UDC,UBAX,UBAF,U31X,U31F,U32X,U32F","STANDARD_SNAPSHOT,STANDARD_SERIES_TIME_RANGE_BEGIN_END"
borrowing_funds_v2|拆入资金(新体系)|Placement From Banks and Other Financial Institutions,security,metric_lookup,series,market_code,borrowing_funds_v2,borrowing_funds_v2,{},"{""type"":""begin_end"",""begin_time"":1783296000000,""end_time"":0,""time_period"":""quarter_1""}",series-etf-30d.json,snapshot;quarter_1,拆入资金(新体系),Placement From Banks and Other Financial Institutions,包含拆入资金和购买联邦基金,,false,[],"UUS,UDC,UBAX,UBAF,U31X,U31F,U32X,U32F","STANDARD_SNAPSHOT,STANDARD_SERIES_TIME_RANGE_BEGIN_END"
trade_finance_debt_v2|交易性金融负债(新体系)|Financial Liabilities Held for Trading,security,metric_lookup,series,market_code,trade_finance_debt_v2,trade_finance_debt_v2,{},"{""type"":""begin_end"",""begin_time"":1783296000000,""end_time"":0,""time_period"":""quarter_1""}",series-etf-30d.json,snapshot;quarter_1,交易性金融负债(新体系),Financial Liabilities Held for Trading,包含交易性金融负债、以公允价值计量且其变动计入当期损益的非衍生金融负债,,false,[],"UUS,UDC,UBAX,UBAF,U31X,U31F,U32X,U32F","STANDARD_SNAPSHOT,STANDARD_SERIES_TIME_RANGE_BEGIN_END"
payment_money_v2|预付款项(新体系)|Prepaid Expenses,security,metric_lookup,series,market_code,payment_money_v2,payment_money_v2,{},"{""type"":""begin_end"",""begin_time"":1783296000000,""end_time"":0,""time_period"":""quarter_1""}",series-etf-30d.json,snapshot;quarter_1,预付款项(新体系),Prepaid Expenses,所有预付类科目,,false,[],"UUS,UDC,UBAX,UBAF,U31X,U31F,U32X,U32F","STANDARD_SNAPSHOT,STANDARD_SERIES_TIME_RANGE_BEGIN_END"
store_interbank_deposit_etc_v2|存放同业及其他金融机构款项(新体系)|Deposits With Banks and Other Financial Institutions,security,metric_lookup,series,market_code,store_interbank_deposit_etc_v2,store_interbank_deposit_etc_v2,{},"{""type"":""begin_end"",""begin_time"":1783296000000,""end_time"":0,""time_period"":""quarter_1""}",series-etf-30d.json,snapshot;quarter_1,存放同业及其他金融机构款项(新体系),Deposits With Banks and Other Financial Institutions,包括存放同业及其他金融机构结余及款项（不限制期限与受限性）、同业及其他金融机构贷款等,,false,[],"UUS,UDC,UBAX,UBAF,U31X,U31F,U32X,U32F","STANDARD_SNAPSHOT,STANDARD_SERIES_TIME_RANGE_BEGIN_END"
derivative_financial_debt_v2|衍生金融负债(新体系)|Derivative Financial Liabilities,security,metric_lookup,series,market_code,derivative_financial_debt_v2,derivative_financial_debt_v2,{},"{""type"":""begin_end"",""begin_time"":1783296000000,""end_time"":0,""time_period"":""quarter_1""}",series-etf-30d.json,snapshot;quarter_1,衍生金融负债(新体系),Derivative Financial Liabilities,包含远期、期货、掉期（互换）、期权、外汇等合约,,false,[],"UUS,UDC,UBAX,UBAF,U31X,U31F,U32X,U32F","STANDARD_SNAPSHOT,STANDARD_SERIES_TIME_RANGE_BEGIN_END"
cash_deposit_center_bank_v2|现金及存放中央银行款项(新体系)|Cash and Balances With Central Banks,security,metric_lookup,series,market_code,cash_deposit_center_bank_v2,cash_deposit_center_bank_v2,{},"{""type"":""begin_end"",""begin_time"":1783296000000,""end_time"":0,""time_period"":""quarter_1""}",series-etf-30d.json,snapshot;quarter_1,现金及存放中央银行款项(新体系),Cash and Balances With Central Banks,包括现金及现金等价物、存放央行款项（后者不限制期限与受限性）,,false,[],"UUS,UDC,UBAX,UBAF,U31X,U31F,U32X,U32F","STANDARD_SNAPSHOT,STANDARD_SERIES_TIME_RANGE_BEGIN_END"
interbank_deposit_etc_v2|同业及其他金融机构存放款项(新体系)|Deposits From Banks and Other Financial Institutions,security,metric_lookup,series,market_code,interbank_deposit_etc_v2,interbank_deposit_etc_v2,{},"{""type"":""begin_end"",""begin_time"":1783296000000,""end_time"":0,""time_period"":""quarter_1""}",series-etf-30d.json,snapshot;quarter_1,同业及其他金融机构存放款项(新体系),Deposits From Banks and Other Financial Institutions,包括同业及其他金融机构存放款项（不限制期限）、同业及其他金融机构借款等,,false,[],"UUS,UDC,UBAX,UBAF,U31X,U31F,U32X,U32F","STANDARD_SNAPSHOT,STANDARD_SERIES_TIME_RANGE_BEGIN_END"
distribute_insurance_contract_assets_v2|分出再保险合同资产(新体系)|Reinsurance Contract Assets,security,metric_lookup,series,market_code,distribute_insurance_contract_assets_v2,distribute_insurance_contract_assets_v2,{},"{""type"":""begin_end"",""begin_time"":1783296000000,""end_time"":0,""time_period"":""quarter_1""}",series-etf-30d.json,snapshot;quarter_1,分出再保险合同资产(新体系),Reinsurance Contract Assets,包含分出再保险合同资产、应收再保、再保险资产、应收分保合同准备金等,,false,[],"UUS,UDC,UBAX,UBAF,U31X,U31F,U32X,U32F","STANDARD_SNAPSHOT,STANDARD_SERIES_TIME_RANGE_BEGIN_END"
insurance_contract_debt_v2|保险合同负债(新体系)|Insurance Contract Liabilities,security,metric_lookup,series,market_code,insurance_contract_debt_v2,insurance_contract_debt_v2,{},"{""type"":""begin_end"",""begin_time"":1783296000000,""end_time"":0,""time_period"":""quarter_1""}",series-etf-30d.json,snapshot;quarter_1,保险合同负债(新体系),Insurance Contract Liabilities,包含保险合同负债、应付保单红利、应付保险给付和赔付、未到期责任准备金、未决赔偿准备金等,,false,[],"UUS,UDC,UBAX,UBAF,U31X,U31F,U32X,U32F","STANDARD_SNAPSHOT,STANDARD_SERIES_TIME_RANGE_BEGIN_END"
distribute_insurance_contract_debt_v2|分出再保险合同负债(新体系)|Reinsurance Contract Liabilities,security,metric_lookup,series,market_code,distribute_insurance_contract_debt_v2,distribute_insurance_contract_debt_v2,{},"{""type"":""begin_end"",""begin_time"":1783296000000,""end_time"":0,""time_period"":""quarter_1""}",series-etf-30d.json,snapshot;quarter_1,分出再保险合同负债(新体系),Reinsurance Contract Liabilities,包含分出再保险合同负债、应付再保,,false,[],"UUS,UDC,UBAX,UBAF,U31X,U31F,U32X,U32F","STANDARD_SNAPSHOT,STANDARD_SERIES_TIME_RANGE_BEGIN_END"
invest_contract_debt_v2|投资合同负债(新体系)|Investment Contract Liabilities,security,metric_lookup,series,market_code,invest_contract_debt_v2,invest_contract_debt_v2,{},"{""type"":""begin_end"",""begin_time"":1783296000000,""end_time"":0,""time_period"":""quarter_1""}",series-etf-30d.json,snapshot;quarter_1,投资合同负债(新体系),Investment Contract Liabilities,包含投资合同、投资合同负债,,false,[],"UUS,UDC,UBAX,UBAF,U31X,U31F,U32X,U32F","STANDARD_SNAPSHOT,STANDARD_SERIES_TIME_RANGE_BEGIN_END"
insurance_contract_assets_v2|保险合同资产(新体系)|Insurance Contract Assets,security,metric_lookup,series,market_code,insurance_contract_assets_v2,insurance_contract_assets_v2,{},"{""type"":""begin_end"",""begin_time"":1783296000000,""end_time"":0,""time_period"":""quarter_1""}",series-etf-30d.json,snapshot;quarter_1,保险合同资产(新体系),Insurance Contract Assets,包含保险合同资产和应收保费等,,false,[],"UUS,UDC,UBAX,UBAF,U31X,U31F,U32X,U32F","STANDARD_SNAPSHOT,STANDARD_SERIES_TIME_RANGE_BEGIN_END"
lease_debt_v2|租赁负债(新体系)|Lease Liabilities,security,metric_lookup,series,market_code,lease_debt_v2,lease_debt_v2,{},"{""type"":""begin_end"",""begin_time"":1783296000000,""end_time"":0,""time_period"":""quarter_1""}",series-etf-30d.json,snapshot;quarter_1,租赁负债(新体系),Lease Liabilities,租赁负债,,false,[],"UUS,UDC,UBAX,UBAF,U31X,U31F,U32X,U32F","STANDARD_SNAPSHOT,STANDARD_SERIES_TIME_RANGE_BEGIN_END"
sale_repurchase_financial_assets_v2|卖出回购金融资产款(新体系)|Financial Assets Sold Under Repurchase Agreements,security,metric_lookup,series,market_code,sale_repurchase_financial_assets_v2,sale_repurchase_financial_assets_v2,{},"{""type"":""begin_end"",""begin_time"":1783296000000,""end_time"":0,""time_period"":""quarter_1""}",series-etf-30d.json,snapshot;quarter_1,卖出回购金融资产款(新体系),Financial Assets Sold Under Repurchase Agreements,包含卖出回购金融资产款、根据转售协议售出的证券,,false,[],"UUS,UDC,UBAX,UBAF,U31X,U31F,U32X,U32F","STANDARD_SNAPSHOT,STANDARD_SERIES_TIME_RANGE_BEGIN_END"
financial_investments_v2|金融投资(新体系)|Financial Investments,security,metric_lookup,series,market_code,financial_investments_v2,financial_investments_v2,{},"{""type"":""begin_end"",""begin_time"":1783296000000,""end_time"":0,""time_period"":""quarter_1""}",series-etf-30d.json,snapshot;quarter_1,金融投资(新体系),Financial Investments,包括交易性金融资产、可供出售金融资产、持有至到期投资等金融投资,,false,[],"UUS,UDC,UBAX,UBAF,U31X,U31F,U32X,U32F","STANDARD_SNAPSHOT,STANDARD_SERIES_TIME_RANGE_BEGIN_END"
repurchase_financial_assets_v2|买入返售金融资产(新体系)|Financial Assets Held Under Resale Agreements,security,metric_lookup,series,market_code,repurchase_financial_assets_v2,repurchase_financial_assets_v2,{},"{""type"":""begin_end"",""begin_time"":1783296000000,""end_time"":0,""time_period"":""quarter_1""}",series-etf-30d.json,snapshot;quarter_1,买入返售金融资产(新体系),Financial Assets Held Under Resale Agreements,包含买入返售金融资产、根据转售协议购买的证券,,false,[],"UUS,UDC,UBAX,UBAF,U31X,U31F,U32X,U32F","STANDARD_SNAPSHOT,STANDARD_SERIES_TIME_RANGE_BEGIN_END"
loan_net_v2|贷款净额(新体系)|Net Loans,security,metric_lookup,series,market_code,loan_net_v2,loan_net_v2,{},"{""type"":""begin_end"",""begin_time"":1783296000000,""end_time"":0,""time_period"":""quarter_1""}",series-etf-30d.json,snapshot;quarter_1,贷款净额(新体系),Net Loans,包括客户贷款，不包含同业及其他金融机构贷款,,false,[],"UUS,UDC,UBAX,UBAF,U31X,U31F,U32X,U32F","STANDARD_SNAPSHOT,STANDARD_SERIES_TIME_RANGE_BEGIN_END"
contract_debt_non_current_v2|合同负债(非流动)(新体系)|Contract Liabilities (Non-Current),security,metric_lookup,series,market_code,contract_debt_non_current_v2,contract_debt_non_current_v2,{},"{""type"":""begin_end"",""begin_time"":1783296000000,""end_time"":0,""time_period"":""quarter_1""}",series-etf-30d.json,snapshot;quarter_1,合同负债(非流动)(新体系),Contract Liabilities (Non-Current),该科目包含所有口径下由于合同而产生的负债，部分行业可能有特定的科目，如航空业的Air traffic liability空中交通负债,,false,[],"UUS,UDC,UBAX,UBAF,U31X,U31F,U32X,U32F","STANDARD_SNAPSHOT,STANDARD_SERIES_TIME_RANGE_BEGIN_END"
derivative_financial_assets_v2|衍生金融资产(新体系)|Derivative Financial Assets,security,metric_lookup,series,market_code,derivative_financial_assets_v2,derivative_financial_assets_v2,{},"{""type"":""begin_end"",""begin_time"":1783296000000,""end_time"":0,""time_period"":""quarter_1""}",series-etf-30d.json,snapshot;quarter_1,衍生金融资产(新体系),Derivative Financial Assets,包含远期、期货、掉期（互换）、期权、外汇等合约,,false,[],"UUS,UDC,UBAX,UBAF,U31X,U31F,U32X,U32F","STANDARD_SNAPSHOT,STANDARD_SERIES_TIME_RANGE_BEGIN_END"
other_non_current_debt_v2|其他非流动负债(新体系)|Other Non-Current Liabilities,security,metric_lookup,series,market_code,other_non_current_debt_v2,other_non_current_debt_v2,{},"{""type"":""begin_end"",""begin_time"":1783296000000,""end_time"":0,""time_period"":""quarter_1""}",series-etf-30d.json,snapshot;quarter_1,其他非流动负债(新体系),Other Non-Current Liabilities,本科目为兜底科目,,false,[],"UUS,UDC,UBAX,UBAF,U31X,U31F,U32X,U32F","STANDARD_SNAPSHOT,STANDARD_SERIES_TIME_RANGE_BEGIN_END"
common_shareholders_equity_v2|普通股股东权益(新体系)|Equity Attributable to Common Stockholders,security,metric_lookup,series,market_code,common_shareholders_equity_v2,common_shareholders_equity_v2,{},"{""type"":""begin_end"",""begin_time"":1783296000000,""end_time"":0,""time_period"":""quarter_1""}",series-etf-30d.json,snapshot;quarter_1,普通股股东权益(新体系),Equity Attributable to Common Stockholders,普通股股东对企业净资产的所有权,,false,[],"UUS,UDC,UBAX,UBAF,U31X,U31F,U32X,U32F","STANDARD_SNAPSHOT,STANDARD_SERIES_TIME_RANGE_BEGIN_END"
preferred_stock_v2|优先股(新体系)|Preferred Equity,security,metric_lookup,series,market_code,preferred_stock_v2,preferred_stock_v2,{},"{""type"":""begin_end"",""begin_time"":1783296000000,""end_time"":0,""time_period"":""quarter_1""}",series-etf-30d.json,snapshot;quarter_1,优先股(新体系),Preferred Equity,本科目包含已发行优先股股本和将发行优先股股本,,false,[],"UUS,UDC,UBAX,UBAF,U31X,U31F,U32X,U32F","STANDARD_SNAPSHOT,STANDARD_SERIES_TIME_RANGE_BEGIN_END"
hybrid_capital_v2|混合资本(新体系)|Hybrid Capital,security,metric_lookup,series,market_code,hybrid_capital_v2,hybrid_capital_v2,{},"{""type"":""begin_end"",""begin_time"":1783296000000,""end_time"":0,""time_period"":""quarter_1""}",series-etf-30d.json,snapshot;quarter_1,混合资本(新体系),Hybrid Capital,本科目是指兼有债务和股权两者属性的权益工具，通常附有特殊的期权条款。如永续债、强制性可转换债券等,,false,[],"UUS,UDC,UBAX,UBAF,U31X,U31F,U32X,U32F","STANDARD_SNAPSHOT,STANDARD_SERIES_TIME_RANGE_BEGIN_END"
minority_equity_v2|少数股东权益(新体系)|Equity Attributable to Minority Interests,security,metric_lookup,series,market_code,minority_equity_v2,minority_equity_v2,{},"{""type"":""begin_end"",""begin_time"":1783296000000,""end_time"":0,""time_period"":""quarter_1""}",series-etf-30d.json,snapshot;quarter_1,少数股东权益(新体系),Equity Attributable to Minority Interests,子公司中少数股东对企业集团净资产的所有权,,false,[],"UUS,UDC,UBAX,UBAF,U31X,U31F,U32X,U32F","STANDARD_SNAPSHOT,STANDARD_SERIES_TIME_RANGE_BEGIN_END"
collect_money_non_current_v2|预收款项(非流动)(新体系)|Advances From Customers (Non-Current),security,metric_lookup,series,market_code,collect_money_non_current_v2,collect_money_non_current_v2,{},"{""type"":""begin_end"",""begin_time"":1783296000000,""end_time"":0,""time_period"":""quarter_1""}",series-etf-30d.json,snapshot;quarter_1,预收款项(非流动)(新体系),Advances From Customers (Non-Current),包括预收款项及具有预收性质的款项如客户的预付款、垫款，和部分行业可能有特定的科目（如航空业的Sales in advance of carriage运输前销售额），不包括保证金、押金等,,false,[],"UUS,UDC,UBAX,UBAF,U31X,U31F,U32X,U32F","STANDARD_SNAPSHOT,STANDARD_SERIES_TIME_RANGE_BEGIN_END"
other_current_debt_v2|其他流动负债(新体系)|Other Current Liabilities,security,metric_lookup,series,market_code,other_current_debt_v2,other_current_debt_v2,{},"{""type"":""begin_end"",""begin_time"":1783296000000,""end_time"":0,""time_period"":""quarter_1""}",series-etf-30d.json,snapshot;quarter_1,其他流动负债(新体系),Other Current Liabilities,本科目为兜底科目,,false,[],"UUS,UDC,UBAX,UBAF,U31X,U31F,U32X,U32F","STANDARD_SNAPSHOT,STANDARD_SERIES_TIME_RANGE_BEGIN_END"
contract_debt_current_v2|合同负债(流动)(新体系)|Contract Liabilities (Current),security,metric_lookup,series,market_code,contract_debt_current_v2,contract_debt_current_v2,{},"{""type"":""begin_end"",""begin_time"":1783296000000,""end_time"":0,""time_period"":""quarter_1""}",series-etf-30d.json,snapshot;quarter_1,合同负债(流动)(新体系),Contract Liabilities (Current),该科目包含所有口径下由于合同而产生的负债，部分行业可能有特定的科目，如航空业的Air traffic liability空中交通负债,,false,[],"UUS,UDC,UBAX,UBAF,U31X,U31F,U32X,U32F","STANDARD_SNAPSHOT,STANDARD_SERIES_TIME_RANGE_BEGIN_END"
deferred_salary_v2|递延薪酬(新体系)|Deferred Compensation,security,metric_lookup,series,market_code,deferred_salary_v2,deferred_salary_v2,{},"{""type"":""begin_end"",""begin_time"":1783296000000,""end_time"":0,""time_period"":""quarter_1""}",series-etf-30d.json,snapshot;quarter_1,递延薪酬(新体系),Deferred Compensation,该科目包含除去退休后福利以外的所有员工薪酬和福利,,false,[],"UUS,UDC,UBAX,UBAF,U31X,U31F,U32X,U32F","STANDARD_SNAPSHOT,STANDARD_SERIES_TIME_RANGE_BEGIN_END"
collect_money_current_v2|预收款项(流动)(新体系)|Advances From Customers (Current),security,metric_lookup,series,market_code,collect_money_current_v2,collect_money_current_v2,{},"{""type"":""begin_end"",""begin_time"":1783296000000,""end_time"":0,""time_period"":""quarter_1""}",series-etf-30d.json,snapshot;quarter_1,预收款项(流动)(新体系),Advances From Customers (Current),包括预收款项及具有预收性质的款项如客户的预付款、垫款，和部分行业可能有特定的科目（如航空业的Sales in advance of carriage运输前销售额），不包括保证金、押金等,,false,[],"UUS,UDC,UBAX,UBAF,U31X,U31F,U32X,U32F","STANDARD_SNAPSHOT,STANDARD_SERIES_TIME_RANGE_BEGIN_END"
old_age_pension_debt_v2|养老金负债(新体系)|Pension Liabilities,security,metric_lookup,series,market_code,old_age_pension_debt_v2,old_age_pension_debt_v2,{},"{""type"":""begin_end"",""begin_time"":1783296000000,""end_time"":0,""time_period"":""quarter_1""}",series-etf-30d.json,snapshot;quarter_1,养老金负债(新体系),Pension Liabilities,养老金、其他退休后福利的小计项,,false,[],"UUS,UDC,UBAX,UBAF,U31X,U31F,U32X,U32F","STANDARD_SNAPSHOT,STANDARD_SERIES_TIME_RANGE_BEGIN_END"
accrued_debt_v2|应计负债(新体系)|Accrued Liabilities,security,metric_lookup,series,market_code,accrued_debt_v2,accrued_debt_v2,{},"{""type"":""begin_end"",""begin_time"":1783296000000,""end_time"":0,""time_period"":""quarter_1""}",series-etf-30d.json,snapshot;quarter_1,应计负债(新体系),Accrued Liabilities,本科目加工名称包含应计的科目，如应计费用,,false,[],"UUS,UDC,UBAX,UBAF,U31X,U31F,U32X,U32F","STANDARD_SNAPSHOT,STANDARD_SERIES_TIME_RANGE_BEGIN_END"
deferred_income_non_current_v2|递延收入(非流动)(新体系)|Deferred Revenue (Non-Current),security,metric_lookup,series,market_code,deferred_income_non_current_v2,deferred_income_non_current_v2,{},"{""type"":""begin_end"",""begin_time"":1783296000000,""end_time"":0,""time_period"":""quarter_1""}",series-etf-30d.json,snapshot;quarter_1,递延收入(非流动)(新体系),Deferred Revenue (Non-Current),该科目包括递延收益和递延收入,,false,[],"UUS,UDC,UBAX,UBAF,U31X,U31F,U32X,U32F","STANDARD_SNAPSHOT,STANDARD_SERIES_TIME_RANGE_BEGIN_END"
deferred_tax_debt_v2|递延所得税负债(新体系)|Deferred Tax Liabilities,security,metric_lookup,series,market_code,deferred_tax_debt_v2,deferred_tax_debt_v2,{},"{""type"":""begin_end"",""begin_time"":1783296000000,""end_time"":0,""time_period"":""quarter_1""}",series-etf-30d.json,snapshot;quarter_1,递延所得税负债(新体系),Deferred Tax Liabilities,该科目包含递延所得税负债,,false,[],"UUS,UDC,UBAX,UBAF,U31X,U31F,U32X,U32F","STANDARD_SNAPSHOT,STANDARD_SERIES_TIME_RANGE_BEGIN_END"
derivative_financial_debt_non_current_v2|衍生金融负债(非流动)(新体系)|Derivative Financial Liabilities (Non-Current),security,metric_lookup,series,market_code,derivative_financial_debt_non_current_v2,derivative_financial_debt_non_current_v2,{},"{""type"":""begin_end"",""begin_time"":1783296000000,""end_time"":0,""time_period"":""quarter_1""}",series-etf-30d.json,snapshot;quarter_1,衍生金融负债(非流动)(新体系),Derivative Financial Liabilities (Non-Current),本科目加工范围：包括期货、期权、掉期、互换、外汇等各种合约,,false,[],"UUS,UDC,UBAX,UBAF,U31X,U31F,U32X,U32F","STANDARD_SNAPSHOT,STANDARD_SERIES_TIME_RANGE_BEGIN_END"
deferred_income_current_v2|递延收入(流动)(新体系)|Deferred Revenue (Current),security,metric_lookup,series,market_code,deferred_income_current_v2,deferred_income_current_v2,{},"{""type"":""begin_end"",""begin_time"":1783296000000,""end_time"":0,""time_period"":""quarter_1""}",series-etf-30d.json,snapshot;quarter_1,递延收入(流动)(新体系),Deferred Revenue (Current),本科目包含递延收入,,false,[],"UUS,UDC,UBAX,UBAF,U31X,U31F,U32X,U32F","STANDARD_SNAPSHOT,STANDARD_SERIES_TIME_RANGE_BEGIN_END"
hold_sale_debt_v2|持有待售负债(新体系)|Liabilities Held for Sale,security,metric_lookup,series,market_code,hold_sale_debt_v2,hold_sale_debt_v2,{},"{""type"":""begin_end"",""begin_time"":1783296000000,""end_time"":0,""time_period"":""quarter_1""}",series-etf-30d.json,snapshot;quarter_1,持有待售负债(新体系),Liabilities Held for Sale,本科目包含持有代售的负债，终止经营的流动负债,,false,[],"UUS,UDC,UBAX,UBAF,U31X,U31F,U32X,U32F","STANDARD_SNAPSHOT,STANDARD_SERIES_TIME_RANGE_BEGIN_END"
other_non_current_nets_v2|其他非流动资产(新体系)|Other Non-Current Assets,security,metric_lookup,series,market_code,other_non_current_nets_v2,other_non_current_nets_v2,{},"{""type"":""begin_end"",""begin_time"":1783296000000,""end_time"":0,""time_period"":""quarter_1""}",series-etf-30d.json,snapshot;quarter_1,其他非流动资产(新体系),Other Non-Current Assets,非流动资产部分兜底科目,,false,[],"UUS,UDC,UBAX,UBAF,U31X,U31F,U32X,U32F","STANDARD_SNAPSHOT,STANDARD_SERIES_TIME_RANGE_BEGIN_END"
payable_accrued_accounts_v2|应付与应计账款(新体系)|Payables and Accruals,security,metric_lookup,series,market_code,payable_accrued_accounts_v2,payable_accrued_accounts_v2,{},"{""type"":""begin_end"",""begin_time"":1783296000000,""end_time"":0,""time_period"":""quarter_1""}",series-etf-30d.json,snapshot;quarter_1,应付与应计账款(新体系),Payables and Accruals,该科目为应付类和应计类的小计项,,false,[],"UUS,UDC,UBAX,UBAF,U31X,U31F,U32X,U32F","STANDARD_SNAPSHOT,STANDARD_SERIES_TIME_RANGE_BEGIN_END"
contract_assets_non_current_v2|合同资产(非流动)(新体系)|Contract Assets (Non-Current),security,metric_lookup,series,market_code,contract_assets_non_current_v2,contract_assets_non_current_v2,{},"{""type"":""begin_end"",""begin_time"":1783296000000,""end_time"":0,""time_period"":""quarter_1""}",series-etf-30d.json,snapshot;quarter_1,合同资产(非流动)(新体系),Contract Assets (Non-Current),企业已向客户转让商品而有权收取对价的权利,,false,[],"UUS,UDC,UBAX,UBAF,U31X,U31F,U32X,U32F","STANDARD_SNAPSHOT,STANDARD_SERIES_TIME_RANGE_BEGIN_END"
deferred_tax_assets_v2|递延所得税资产(新体系)|Deferred Tax Assets,security,metric_lookup,series,market_code,deferred_tax_assets_v2,deferred_tax_assets_v2,{},"{""type"":""begin_end"",""begin_time"":1783296000000,""end_time"":0,""time_period"":""quarter_1""}",series-etf-30d.json,snapshot;quarter_1,递延所得税资产(新体系),Deferred Tax Assets,企业由于暂时性差异或可抵扣亏损等原因，预计在未来期间影响应纳税所得额，从而影响未来所得税支付的资产,,false,[],"UUS,UDC,UBAX,UBAF,U31X,U31F,U32X,U32F","STANDARD_SNAPSHOT,STANDARD_SERIES_TIME_RANGE_BEGIN_END"
prepaid_old_age_pension_v2|预付养老金(新体系)|Prepaid Pension Costs,security,metric_lookup,series,market_code,prepaid_old_age_pension_v2,prepaid_old_age_pension_v2,{},"{""type"":""begin_end"",""begin_time"":1783296000000,""end_time"":0,""time_period"":""quarter_1""}",series-etf-30d.json,snapshot;quarter_1,预付养老金(新体系),Prepaid Pension Costs,非流动资产部分所有的离职后福利相关科目,,false,[],"UUS,UDC,UBAX,UBAF,U31X,U31F,U32X,U32F","STANDARD_SNAPSHOT,STANDARD_SERIES_TIME_RANGE_BEGIN_END"
derivative_financial_assets_non_current_v2|衍生金融资产(非流动)(新体系)|Derivative Financial Assets (Non-Current),security,metric_lookup,series,market_code,derivative_financial_assets_non_current_v2,derivative_financial_assets_non_current_v2,{},"{""type"":""begin_end"",""begin_time"":1783296000000,""end_time"":0,""time_period"":""quarter_1""}",series-etf-30d.json,snapshot;quarter_1,衍生金融资产(非流动)(新体系),Derivative Financial Assets (Non-Current),包含远期、期货、期权、掉期、互换等各种衍生工具,,false,[],"UUS,UDC,UBAX,UBAF,U31X,U31F,U32X,U32F","STANDARD_SNAPSHOT,STANDARD_SERIES_TIME_RANGE_BEGIN_END"
payment_money_non_current_v2|预付款项(非流动)(新体系)|Prepaid Expenses (Non-Current),security,metric_lookup,series,market_code,payment_money_non_current_v2,payment_money_non_current_v2,{},"{""type"":""begin_end"",""begin_time"":1783296000000,""end_time"":0,""time_period"":""quarter_1""}",series-etf-30d.json,snapshot;quarter_1,预付款项(非流动)(新体系),Prepaid Expenses (Non-Current),除预付养老金外所有的预付款项,,false,[],"UUS,UDC,UBAX,UBAF,U31X,U31F,U32X,U32F","STANDARD_SNAPSHOT,STANDARD_SERIES_TIME_RANGE_BEGIN_END"
derivative_financial_debt_current_v2|衍生金融负债(流动)(新体系)|Derivative Financial Liabilities (Current),security,metric_lookup,series,market_code,derivative_financial_debt_current_v2,derivative_financial_debt_current_v2,{},"{""type"":""begin_end"",""begin_time"":1783296000000,""end_time"":0,""time_period"":""quarter_1""}",series-etf-30d.json,snapshot;quarter_1,衍生金融负债(流动)(新体系),Derivative Financial Liabilities (Current),包括期货、期权、掉期、互换、外汇等各种合约,,false,[],"UUS,UDC,UBAX,UBAF,U31X,U31F,U32X,U32F","STANDARD_SNAPSHOT,STANDARD_SERIES_TIME_RANGE_BEGIN_END"
"fixed_assets_net_v2|固定资产净额(新体系)|Property, Plant and Equipment, Net",security,metric_lookup,series,market_code,fixed_assets_net_v2,fixed_assets_net_v2,{},"{""type"":""begin_end"",""begin_time"":1783296000000,""end_time"":0,""time_period"":""quarter_1""}",series-etf-30d.json,snapshot;quarter_1,固定资产净额(新体系),"Property, Plant and Equipment, Net",包含物业厂房及设备、使用权资产、在建工程及部分行业的特定资产（如探矿权、勘探和评估资产、递延剥离成本等）的净额,,false,[],"UUS,UDC,UBAX,UBAF,U31X,U31F,U32X,U32F","STANDARD_SNAPSHOT,STANDARD_SERIES_TIME_RANGE_BEGIN_END"
derivative_financial_assets_current_v2|衍生金融资产(流动)(新体系)|Derivative Financial Assets (Current),security,metric_lookup,series,market_code,derivative_financial_assets_current_v2,derivative_financial_assets_current_v2,{},"{""type"":""begin_end"",""begin_time"":1783296000000,""end_time"":0,""time_period"":""quarter_1""}",series-etf-30d.json,snapshot;quarter_1,衍生金融资产(流动)(新体系),Derivative Financial Assets (Current),包含远期、期货、期权、掉期、互换等各种衍生工具,,false,[],"UUS,UDC,UBAX,UBAF,U31X,U31F,U32X,U32F","STANDARD_SNAPSHOT,STANDARD_SERIES_TIME_RANGE_BEGIN_END"
payment_money_current_v2|预付款项(流动)(新体系)|Prepaid Expenses (Current),security,metric_lookup,series,market_code,payment_money_current_v2,payment_money_current_v2,{},"{""type"":""begin_end"",""begin_time"":1783296000000,""end_time"":0,""time_period"":""quarter_1""}",series-etf-30d.json,snapshot;quarter_1,预付款项(流动)(新体系),Prepaid Expenses (Current),包含所有的预付款项（含预付税费）,,false,[],"UUS,UDC,UBAX,UBAF,U31X,U31F,U32X,U32F","STANDARD_SNAPSHOT,STANDARD_SERIES_TIME_RANGE_BEGIN_END"
long_term_investments_receivables_v2|长期投资与长期应收款(新体系)|Long-Term Investments and Receivables,security,metric_lookup,series,market_code,long_term_investments_receivables_v2,long_term_investments_receivables_v2,{},"{""type"":""begin_end"",""begin_time"":1783296000000,""end_time"":0,""time_period"":""quarter_1""}",series-etf-30d.json,snapshot;quarter_1,长期投资与长期应收款(新体系),Long-Term Investments and Receivables,长期投资、长期应收款小计项,,false,[],"UUS,UDC,UBAX,UBAF,U31X,U31F,U32X,U32F","STANDARD_SNAPSHOT,STANDARD_SERIES_TIME_RANGE_BEGIN_END"
goodwill_intangible_assets_v2|商誉及无形资产(新体系)|Goodwill and Intangible Assets,security,metric_lookup,series,market_code,goodwill_intangible_assets_v2,goodwill_intangible_assets_v2,{},"{""type"":""begin_end"",""begin_time"":1783296000000,""end_time"":0,""time_period"":""quarter_1""}",series-etf-30d.json,snapshot;quarter_1,商誉及无形资产(新体系),Goodwill and Intangible Assets,商誉、无形资产小计项,,false,[],"UUS,UDC,UBAX,UBAF,U31X,U31F,U32X,U32F","STANDARD_SNAPSHOT,STANDARD_SERIES_TIME_RANGE_BEGIN_END"
contract_assets_current_v2|合同资产(流动)(新体系)|Contract Assets (Current),security,metric_lookup,series,market_code,contract_assets_current_v2,contract_assets_current_v2,{},"{""type"":""begin_end"",""begin_time"":1783296000000,""end_time"":0,""time_period"":""quarter_1""}",series-etf-30d.json,snapshot;quarter_1,合同资产(流动)(新体系),Contract Assets (Current),企业已向客户转让商品而有权收取对价的权利,,false,[],"UUS,UDC,UBAX,UBAF,U31X,U31F,U32X,U32F","STANDARD_SNAPSHOT,STANDARD_SERIES_TIME_RANGE_BEGIN_END"
other_current_assets_v2|其他流动资产(新体系)|Other Current Assets,security,metric_lookup,series,market_code,other_current_assets_v2,other_current_assets_v2,{},"{""type"":""begin_end"",""begin_time"":1783296000000,""end_time"":0,""time_period"":""quarter_1""}",series-etf-30d.json,snapshot;quarter_1,其他流动资产(新体系),Other Current Assets,非其他标准科目的流动资产,,false,[],"UUS,UDC,UBAX,UBAF,U31X,U31F,U32X,U32F","STANDARD_SNAPSHOT,STANDARD_SERIES_TIME_RANGE_BEGIN_END"
hold_sale_assets_v2|持有待售资产(新体系)|Assets Held for Sale,security,metric_lookup,series,market_code,hold_sale_assets_v2,hold_sale_assets_v2,{},"{""type"":""begin_end"",""begin_time"":1783296000000,""end_time"":0,""time_period"":""quarter_1""}",series-etf-30d.json,snapshot;quarter_1,持有待售资产(新体系),Assets Held for Sale,包含持有待售资产和终止经营资产,,false,[],"UUS,UDC,UBAX,UBAF,U31X,U31F,U32X,U32F","STANDARD_SNAPSHOT,STANDARD_SERIES_TIME_RANGE_BEGIN_END"
inventory_v2|存货(新体系)|Inventories,security,metric_lookup,series,market_code,inventory_v2,inventory_v2,{},"{""type"":""begin_end"",""begin_time"":1783296000000,""end_time"":0,""time_period"":""quarter_1""}",series-etf-30d.json,snapshot;quarter_1,存货(新体系),Inventories,企业在日常活动中持有以备出售的产品或商品、处在生产过程中的在产品以及在生产过程中耗用的材料等，包括原材料、半成品、成品及其他存货,,false,[],"UUS,UDC,UBAX,UBAF,U31X,U31F,U32X,U32F","STANDARD_SNAPSHOT,STANDARD_SERIES_TIME_RANGE_BEGIN_END"
non_current_debt_total_v2|非流动负债合计(新体系)|Total Non-Current Liabilities,security,metric_lookup,series,market_code,non_current_debt_total_v2,non_current_debt_total_v2,{},"{""type"":""begin_end"",""begin_time"":1783296000000,""end_time"":0,""time_period"":""quarter_1""}",series-etf-30d.json,snapshot;quarter_1,非流动负债合计(新体系),Total Non-Current Liabilities,非流动负债部分的合计值,,false,[],"UUS,UDC,UBAX,UBAF,U31X,U31F,U32X,U32F","STANDARD_SNAPSHOT,STANDARD_SERIES_TIME_RANGE_BEGIN_END"
debt_and_equity_total_v2|负债与股东权益合计(新体系)|Total Liabilities and Equity,security,metric_lookup,series,market_code,debt_and_equity_total_v2,debt_and_equity_total_v2,{},"{""type"":""begin_end"",""begin_time"":1783296000000,""end_time"":0,""time_period"":""quarter_1""}",series-etf-30d.json,snapshot;quarter_1,负债与股东权益合计(新体系),Total Liabilities and Equity,负债与股东权益合计值,,false,[],"UUS,UDC,UBAX,UBAF,U31X,U31F,U32X,U32F","STANDARD_SNAPSHOT,STANDARD_SERIES_TIME_RANGE_BEGIN_END"
current_total_debt_v2|流动负债合计(新体系)|Total Current Liabilities,security,metric_lookup,series,market_code,current_total_debt_v2,current_total_debt_v2,{},"{""type"":""begin_end"",""begin_time"":1783296000000,""end_time"":0,""time_period"":""quarter_1""}",series-etf-30d.json,snapshot;quarter_1,流动负债合计(新体系),Total Current Liabilities,流动负债部分的合计值,,false,[],"UUS,UDC,UBAX,UBAF,U31X,U31F,U32X,U32F","STANDARD_SNAPSHOT,STANDARD_SERIES_TIME_RANGE_BEGIN_END"
non_total_current_assets_v2|非流动资产合计(新体系)|Total Non-Current Assets,security,metric_lookup,series,market_code,non_total_current_assets_v2,non_total_current_assets_v2,{},"{""type"":""begin_end"",""begin_time"":1783296000000,""end_time"":0,""time_period"":""quarter_1""}",series-etf-30d.json,snapshot;quarter_1,非流动资产合计(新体系),Total Non-Current Assets,非流动资产合计值,,false,[],"UUS,UDC,UBAX,UBAF,U31X,U31F,U32X,U32F","STANDARD_SNAPSHOT,STANDARD_SERIES_TIME_RANGE_BEGIN_END"
restricted_deposit_and_cash_v2|受限存款及现金(新体系)|Restricted Deposits and Cash,security,metric_lookup,series,market_code,restricted_deposit_and_cash_v2,restricted_deposit_and_cash_v2,{},"{""type"":""begin_end"",""begin_time"":1783296000000,""end_time"":0,""time_period"":""quarter_1""}",series-etf-30d.json,snapshot;quarter_1,受限存款及现金(新体系),Restricted Deposits and Cash,以抵押、质押或者以其他方式受限制的存款或货币资金,,false,[],"UUS,UDC,UBAX,UBAF,U31X,U31F,U32X,U32F","STANDARD_SNAPSHOT,STANDARD_SERIES_TIME_RANGE_BEGIN_END"
receivable_accounts_v2|应收款项(新体系)|Receivables,security,metric_lookup,series,market_code,receivable_accounts_v2,receivable_accounts_v2,{},"{""type"":""begin_end"",""begin_time"":1783296000000,""end_time"":0,""time_period"":""quarter_1""}",series-etf-30d.json,snapshot;quarter_1,应收款项(新体系),Receivables,企业在日常生产经营过程中发生的各种债权，包含销售商品或服务产生的应收账款、应收票据，以及其他应收项目如应收利息、应收所得税等,,false,[],"UUS,UDC,UBAX,UBAF,U31X,U31F,U32X,U32F","STANDARD_SNAPSHOT,STANDARD_SERIES_TIME_RANGE_BEGIN_END"
"cash_equivalents_short_term_investments_v2|现金及现金等价物及短期投资(新体系)|Cash, Cash Equivalents and Short-Term Investments",security,metric_lookup,series,market_code,cash_equivalents_short_term_investments_v2,cash_equivalents_short_term_investments_v2,{},"{""type"":""begin_end"",""begin_time"":1783296000000,""end_time"":0,""time_period"":""quarter_1""}",series-etf-30d.json,snapshot;quarter_1,现金及现金等价物及短期投资(新体系),"Cash, Cash Equivalents and Short-Term Investments","包括库存现金、活期存款、到期日在三个月以内的短期存款,以及期限短流动性强、易于转换为已知金额现金、价值变动风险很小的投资。不包括受限制现金。",,false,[],"UUS,UDC,UBAX,UBAF,U31X,U31F,U32X,U32F","STANDARD_SNAPSHOT,STANDARD_SERIES_TIME_RANGE_BEGIN_END"
holder_equity_total_v2|权益合计(MRQ)|Total Equity (MRQ),security,metric_lookup,series,market_code,holder_equity_total_v2,holder_equity_total_v2,{},"{""type"":""begin_end"",""begin_time"":1783296000000,""end_time"":0,""time_period"":""quarter_1""}",series-etf-30d.json,snapshot;quarter_1,权益合计(MRQ),Total Equity (MRQ),最新报告期末股东权益总额,,false,[],"UUS,UDC,UBAX,UBAF,U31X,U31F,U32X,U32F","STANDARD_SNAPSHOT,STANDARD_SERIES_TIME_RANGE_BEGIN_END"
parent_holder_equity_total_v2|归属于母公司的股东权益(MRQ)|Parent Equity (MRQ),security,metric_lookup,series,market_code,parent_holder_equity_total_v2,parent_holder_equity_total_v2,{},"{""type"":""begin_end"",""begin_time"":1783296000000,""end_time"":0,""time_period"":""quarter_1""}",series-etf-30d.json,snapshot;quarter_1,归属于母公司的股东权益(MRQ),Parent Equity (MRQ),最新报告期末归属于母公司股东的权益,,false,[],"UUS,UDC,UBAX,UBAF,U31X,U31F,U32X,U32F","STANDARD_SNAPSHOT,STANDARD_SERIES_TIME_RANGE_BEGIN_END"
total_current_assets_v2|流动资产合计(新体系)|Total Current Assets,security,metric_lookup,series,market_code,total_current_assets_v2,total_current_assets_v2,{},"{""type"":""begin_end"",""begin_time"":1783296000000,""end_time"":0,""time_period"":""quarter_1""}",series-etf-30d.json,snapshot;quarter_1,流动资产合计(新体系),Total Current Assets,流动资产合计值,,false,[],"UUS,UDC,UBAX,UBAF,U31X,U31F,U32X,U32F","STANDARD_SNAPSHOT,STANDARD_SERIES_TIME_RANGE_BEGIN_END"
debt|总债务|Debt (FQ),security,metric_lookup,series,market_code,debt,debt,{},"{""type"":""begin_end"",""begin_time"":1783296000000,""end_time"":0,""time_period"":""quarter_1""}",series-etf-30d.json,snapshot;quarter_1,总债务,Debt (FQ),长期债务(F054N_USK127) + 短期债务(F047N_USK127),,false,[],"UUS,UDC,UBAX,UBAF,U31X,U31F,U32X,U32F","STANDARD_SNAPSHOT,STANDARD_SERIES_TIME_RANGE_BEGIN_END"
repair_maintenance_cost_v2|维修及养护费用(新体系)|Repair and Maintenance Costs,security,metric_lookup,series,market_code,repair_maintenance_cost_v2,repair_maintenance_cost_v2,{},"{""type"":""begin_end"",""begin_time"":1783296000000,""end_time"":0,""time_period"":""quarter_1""}",series-etf-30d.json,snapshot;quarter_1,维修及养护费用(新体系),Repair and Maintenance Costs,本科目通常包括物业维修等科目,,false,[],"UUS,UDC,UBAX,UBAF,U31X,U31F,U32X,U32F","STANDARD_SNAPSHOT,STANDARD_SERIES_TIME_RANGE_BEGIN_END"
other_non_interest_income_v2|其他非利息收入(新体系)|Other Non-Interest Income,security,metric_lookup,series,market_code,other_non_interest_income_v2,other_non_interest_income_v2,{},"{""type"":""begin_end"",""begin_time"":1783296000000,""end_time"":0,""time_period"":""quarter_1""}",series-etf-30d.json,snapshot;quarter_1,其他非利息收入(新体系),Other Non-Interest Income,营业收入部分的兜底科目,,false,[],"UUS,UDC,UBAX,UBAF,U31X,U31F,U32X,U32F","STANDARD_SNAPSHOT,STANDARD_SERIES_TIME_RANGE_BEGIN_END"
other_property_expense_v2|其他物业支出(新体系)|Other Property Operating Expenses,security,metric_lookup,series,market_code,other_property_expense_v2,other_property_expense_v2,{},"{""type"":""begin_end"",""begin_time"":1783296000000,""end_time"":0,""time_period"":""quarter_1""}",series-etf-30d.json,snapshot;quarter_1,其他物业支出(新体系),Other Property Operating Expenses,除物业管理费用、房地产税费、维修及养护费用之外的物业经营开支，是物业经营开支的兜底科目,,false,[],"UUS,UDC,UBAX,UBAF,U31X,U31F,U32X,U32F","STANDARD_SNAPSHOT,STANDARD_SERIES_TIME_RANGE_BEGIN_END"
property_management_fees_v2|物业管理费用(新体系)|Property Management Fees,security,metric_lookup,series,market_code,property_management_fees_v2,property_management_fees_v2,{},"{""type"":""begin_end"",""begin_time"":1783296000000,""end_time"":0,""time_period"":""quarter_1""}",series-etf-30d.json,snapshot;quarter_1,物业管理费用(新体系),Property Management Fees,本科目通常包括物业管理费用等与物业相关的管理费用,,false,[],"UUS,UDC,UBAX,UBAF,U31X,U31F,U32X,U32F","STANDARD_SNAPSHOT,STANDARD_SERIES_TIME_RANGE_BEGIN_END"
real_estate_tax_v2|房地产税费(新体系)|Real Estate Taxes,security,metric_lookup,series,market_code,real_estate_tax_v2,real_estate_tax_v2,{},"{""type"":""begin_end"",""begin_time"":1783296000000,""end_time"":0,""time_period"":""quarter_1""}",series-etf-30d.json,snapshot;quarter_1,房地产税费(新体系),Real Estate Taxes,本科目通常包括房地产税费等科目,,false,[],"UUS,UDC,UBAX,UBAF,U31X,U31F,U32X,U32F","STANDARD_SNAPSHOT,STANDARD_SERIES_TIME_RANGE_BEGIN_END"
trade_securities_profit_loss_v2|交易证券损益(新体系)|Gain (Loss) on Trading Securities,security,metric_lookup,series,market_code,trade_securities_profit_loss_v2,trade_securities_profit_loss_v2,{},"{""type"":""begin_end"",""begin_time"":1783296000000,""end_time"":0,""time_period"":""quarter_1""}",series-etf-30d.json,snapshot;quarter_1,交易证券损益(新体系),Gain (Loss) on Trading Securities,主要包括已实现的投资损益，如处置投资损益、已实现的公允价值变动损益、以及投资/交易净损益（无明细项）等,,false,[],"UUS,UDC,UBAX,UBAF,U31X,U31F,U32X,U32F","STANDARD_SNAPSHOT,STANDARD_SERIES_TIME_RANGE_BEGIN_END"
charges_commissions_income_v2|手续费及佣金收入(新体系)|Fee and Commission Income,security,metric_lookup,series,market_code,charges_commissions_income_v2,charges_commissions_income_v2,{},"{""type"":""begin_end"",""begin_time"":1783296000000,""end_time"":0,""time_period"":""quarter_1""}",series-etf-30d.json,snapshot;quarter_1,手续费及佣金收入(新体系),Fee and Commission Income,主要加工的是商业银行的银行卡手续费相关收入,,false,[],"UUS,UDC,UBAX,UBAF,U31X,U31F,U32X,U32F","STANDARD_SNAPSHOT,STANDARD_SERIES_TIME_RANGE_BEGIN_END"
assets_total_v2|资产总计(MRQ)|Total Assets (MRQ),security,metric_lookup,series,market_code,assets_total_v2,assets_total_v2,{},"{""type"":""begin_end"",""begin_time"":1783296000000,""end_time"":0,""time_period"":""quarter_1""}",series-etf-30d.json,snapshot;quarter_1,资产总计(MRQ),Total Assets (MRQ),最新报告期末资产总额,,false,[],"UUS,UDC,UBAX,UBAF,U31X,U31F,U32X,U32F","STANDARD_SNAPSHOT,STANDARD_SERIES_TIME_RANGE_BEGIN_END"
property_operating_expenses_v2|物业经营开支(新体系)|Property Operating Expenses,security,metric_lookup,series,market_code,property_operating_expenses_v2,property_operating_expenses_v2,{},"{""type"":""begin_end"",""begin_time"":1783296000000,""end_time"":0,""time_period"":""quarter_1""}",series-etf-30d.json,snapshot;quarter_1,物业经营开支(新体系),Property Operating Expenses,本科目通常包括物业经营费用,,false,[],"UUS,UDC,UBAX,UBAF,U31X,U31F,U32X,U32F","STANDARD_SNAPSHOT,STANDARD_SERIES_TIME_RANGE_BEGIN_END"
property_management_income_v2|物业管理收入(新体系)|Property Management Fee Income,security,metric_lookup,series,market_code,property_management_income_v2,property_management_income_v2,{},"{""type"":""begin_end"",""begin_time"":1783296000000,""end_time"":0,""time_period"":""quarter_1""}",series-etf-30d.json,snapshot;quarter_1,物业管理收入(新体系),Property Management Fee Income,本科目通常包含从租户处收取的运营收入、管理费用、维护费用等,,false,[],"UUS,UDC,UBAX,UBAF,U31X,U31F,U32X,U32F","STANDARD_SNAPSHOT,STANDARD_SERIES_TIME_RANGE_BEGIN_END"
common_shareholders_net_profit_v2|归属于普通股股东的净利润(新体系)|Net Income Attributable to Common Stockholders,security,metric_lookup,series,market_code,common_shareholders_net_profit_v2,common_shareholders_net_profit_v2,{},"{""type"":""begin_end"",""begin_time"":1783296000000,""end_time"":0,""time_period"":""quarter_1""}",series-etf-30d.json,snapshot;quarter_1,归属于普通股股东的净利润(新体系),Net Income Attributable to Common Stockholders,归属于母公司普通股股东的净利润。,,false,[],"UUS,UDC,UBAX,UBAF,U31X,U31F,U32X,U32F","STANDARD_SNAPSHOT,STANDARD_SERIES_TIME_RANGE_BEGIN_END"
other_adjustments_v2|其他调整(新体系)|Other Adjustments,security,metric_lookup,series,market_code,other_adjustments_v2,other_adjustments_v2,{},"{""type"":""begin_end"",""begin_time"":1783296000000,""end_time"":0,""time_period"":""quarter_1""}",series-etf-30d.json,snapshot;quarter_1,其他调整(新体系),Other Adjustments,本科目为归属于母公司普通股股东的净利润的兜底科目，包括归属于永续债持有人、除优先股股东之外的其他权益工具持有人的净利润，以及其他调整项,,false,[],"UUS,UDC,UBAX,UBAF,U31X,U31F,U32X,U32F","STANDARD_SNAPSHOT,STANDARD_SERIES_TIME_RANGE_BEGIN_END"
preferred_stock_dividends_v2|优先股股利(新体系)|Preferred Stock Dividends,security,metric_lookup,series,market_code,preferred_stock_dividends_v2,preferred_stock_dividends_v2,{},"{""type"":""begin_end"",""begin_time"":1783296000000,""end_time"":0,""time_period"":""quarter_1""}",series-etf-30d.json,snapshot;quarter_1,优先股股利(新体系),Preferred Stock Dividends,本科目包括优先股股利、归属于优先股股东的净利润,,false,[],"UUS,UDC,UBAX,UBAF,U31X,U31F,U32X,U32F","STANDARD_SNAPSHOT,STANDARD_SERIES_TIME_RANGE_BEGIN_END"
associated_companies_profit_loss_v2|联营公司损益(新体系)|Income (Loss) From Associates,security,metric_lookup,series,market_code,associated_companies_profit_loss_v2,associated_companies_profit_loss_v2,{},"{""type"":""begin_end"",""begin_time"":1783296000000,""end_time"":0,""time_period"":""quarter_1""}",series-etf-30d.json,snapshot;quarter_1,联营公司损益(新体系),Income (Loss) From Associates,主要包括联营公司损益相关科目,,false,[],"UUS,UDC,UBAX,UBAF,U31X,U31F,U32X,U32F","STANDARD_SNAPSHOT,STANDARD_SERIES_TIME_RANGE_BEGIN_END"
administrative_expenses_v2|一般及管理费用(新体系)|General and Administrative Expenses,security,metric_lookup,series,market_code,administrative_expenses_v2,administrative_expenses_v2,{},"{""type"":""begin_end"",""begin_time"":1783296000000,""end_time"":0,""time_period"":""quarter_1""}",series-etf-30d.json,snapshot;quarter_1,一般及管理费用(新体系),General and Administrative Expenses,本科目主要包括一般行政管理费用等,,false,[],"UUS,UDC,UBAX,UBAF,U31X,U31F,U32X,U32F","STANDARD_SNAPSHOT,STANDARD_SERIES_TIME_RANGE_BEGIN_END"
joint_companies_profit_loss_v2|合营公司损益(新体系)|Income (Loss) From Joint Ventures,security,metric_lookup,series,market_code,joint_companies_profit_loss_v2,joint_companies_profit_loss_v2,{},"{""type"":""begin_end"",""begin_time"":1783296000000,""end_time"":0,""time_period"":""quarter_1""}",series-etf-30d.json,snapshot;quarter_1,合营公司损益(新体系),Income (Loss) From Joint Ventures,主要包括合营公司损益相关科目,,false,[],"UUS,UDC,UBAX,UBAF,U31X,U31F,U32X,U32F","STANDARD_SNAPSHOT,STANDARD_SERIES_TIME_RANGE_BEGIN_END"
interest_expenses_v2|利息支出(新体系)|Interest Expense,security,metric_lookup,series,market_code,interest_expenses_v2,interest_expenses_v2,{},"{""type"":""begin_end"",""begin_time"":1783296000000,""end_time"":0,""time_period"":""quarter_1""}",series-etf-30d.json,snapshot;quarter_1,利息支出(新体系),Interest Expense,本科目加工利息支出（扣除资本化利息支出），如果未单独披露，可能包含财务费用（不来源于营业收入部分）,,false,[],"UUS,UDC,UBAX,UBAF,U31X,U31F,U32X,U32F","STANDARD_SNAPSHOT,STANDARD_SERIES_TIME_RANGE_BEGIN_END"
rental_income_v2|租金收入(新体系)|Rental Income,security,metric_lookup,series,market_code,rental_income_v2,rental_income_v2,{},"{""type"":""begin_end"",""begin_time"":1783296000000,""end_time"":0,""time_period"":""quarter_1""}",series-etf-30d.json,snapshot;quarter_1,租金收入(新体系),Rental Income,本科目通常包含租金收入等科目,,false,[],"UUS,UDC,UBAX,UBAF,U31X,U31F,U32X,U32F","STANDARD_SNAPSHOT,STANDARD_SERIES_TIME_RANGE_BEGIN_END"
distribute_insurance_finance_income_v2|分出再保险财务收益(新体系)|Reinsurance Financial Gains,security,metric_lookup,series,market_code,distribute_insurance_finance_income_v2,distribute_insurance_finance_income_v2,{},"{""type"":""begin_end"",""begin_time"":1783296000000,""end_time"":0,""time_period"":""quarter_1""}",series-etf-30d.json,snapshot;quarter_1,分出再保险财务收益(新体系),Reinsurance Financial Gains,本科目记录的是再保险合同相关的财务损益，一般披露为分出再保险财务收益、持有再保险合同的净财务收入(支出),,false,[],"UUS,UDC,UBAX,UBAF,U31X,U31F,U32X,U32F","STANDARD_SNAPSHOT,STANDARD_SERIES_TIME_RANGE_BEGIN_END"
credit_impairment_loss_v2|信用减值损失(新体系)|Credit Impairment Loss,security,metric_lookup,series,market_code,credit_impairment_loss_v2,credit_impairment_loss_v2,{},"{""type"":""begin_end"",""begin_time"":1783296000000,""end_time"":0,""time_period"":""quarter_1""}",series-etf-30d.json,snapshot;quarter_1,信用减值损失(新体系),Credit Impairment Loss,本科目加工金融资产减值损失、信用减值损失等,,false,[],"UUS,UDC,UBAX,UBAF,U31X,U31F,U32X,U32F","STANDARD_SNAPSHOT,STANDARD_SERIES_TIME_RANGE_BEGIN_END"
distribute_insurance_contract_net_v2|分出再保险合同费用净额(新体系)|Net Expenses From Reinsurance Contracts,security,metric_lookup,series,market_code,distribute_insurance_contract_net_v2,distribute_insurance_contract_net_v2,{},"{""type"":""begin_end"",""begin_time"":1783296000000,""end_time"":0,""time_period"":""quarter_1""}",series-etf-30d.json,snapshot;quarter_1,分出再保险合同费用净额(新体系),Net Expenses From Reinsurance Contracts,本科目记录的是再保险合同的费用，一般披露为分出再保险合同费用净额、分保费用、分出给付及赔付等,,false,[],"UUS,UDC,UBAX,UBAF,U31X,U31F,U32X,U32F","STANDARD_SNAPSHOT,STANDARD_SERIES_TIME_RANGE_BEGIN_END"
insurance_service_income_v2|保险服务收入(新体系)|Insurance Service Revenue,security,metric_lookup,series,market_code,insurance_service_income_v2,insurance_service_income_v2,{},"{""type"":""begin_end"",""begin_time"":1783296000000,""end_time"":0,""time_period"":""quarter_1""}",series-etf-30d.json,snapshot;quarter_1,保险服务收入(新体系),Insurance Service Revenue,主要包含保险服务收入、净已赚保费、保险费,,false,[],"UUS,UDC,UBAX,UBAF,U31X,U31F,U32X,U32F","STANDARD_SNAPSHOT,STANDARD_SERIES_TIME_RANGE_BEGIN_END"
insurance_service_fee_v2|保险服务费用(新体系)|Insurance Service Expenses,security,metric_lookup,series,market_code,insurance_service_fee_v2,insurance_service_fee_v2,{},"{""type"":""begin_end"",""begin_time"":1783296000000,""end_time"":0,""time_period"":""quarter_1""}",series-etf-30d.json,snapshot;quarter_1,保险服务费用(新体系),Insurance Service Expenses,本科目记录的是保险合同的费用，一般披露为保险服务费用、索赔和福利、保险损失和合同持有人福利等,,false,[],"UUS,UDC,UBAX,UBAF,U31X,U31F,U32X,U32F","STANDARD_SNAPSHOT,STANDARD_SERIES_TIME_RANGE_BEGIN_END"
underwriting_finance_loss_v2|承保财务损失(新体系)|Underwriting Financial Losses,security,metric_lookup,series,market_code,underwriting_finance_loss_v2,underwriting_finance_loss_v2,{},"{""type"":""begin_end"",""begin_time"":1783296000000,""end_time"":0,""time_period"":""quarter_1""}",series-etf-30d.json,snapshot;quarter_1,承保财务损失(新体系),Underwriting Financial Losses,本科目记录的是保险合同相关的财务损益，一般披露为承保财务损失、保险合同净财务收入(支出),,false,[],"UUS,UDC,UBAX,UBAF,U31X,U31F,U32X,U32F","STANDARD_SNAPSHOT,STANDARD_SERIES_TIME_RANGE_BEGIN_END"
interest_net_income_v2|利息净收入(新体系)|Net Interest Income,security,metric_lookup,series,market_code,interest_net_income_v2,interest_net_income_v2,{},"{""type"":""begin_end"",""begin_time"":1783296000000,""end_time"":0,""time_period"":""quarter_1""}",series-etf-30d.json,snapshot;quarter_1,利息净收入(新体系),Net Interest Income,利息净收入,,false,[],"UUS,UDC,UBAX,UBAF,U31X,U31F,U32X,U32F","STANDARD_SNAPSHOT,STANDARD_SERIES_TIME_RANGE_BEGIN_END"
charges_commissions_expenses_v2|手续费及佣金支出(新体系)|Fee and Commission Expenses,security,metric_lookup,series,market_code,charges_commissions_expenses_v2,charges_commissions_expenses_v2,{},"{""type"":""begin_end"",""begin_time"":1783296000000,""end_time"":0,""time_period"":""quarter_1""}",series-etf-30d.json,snapshot;quarter_1,手续费及佣金支出(新体系),Fee and Commission Expenses,主要包括手续费及佣金支出,,false,[],"UUS,UDC,UBAX,UBAF,U31X,U31F,U32X,U32F","STANDARD_SNAPSHOT,STANDARD_SERIES_TIME_RANGE_BEGIN_END"
diluted_eps_terminated_v2|稀释每股收益-终止经营(新体系)|Diluted EPS From Discontinued Operations,security,metric_lookup,series,market_code,diluted_eps_terminated_v2,diluted_eps_terminated_v2,{},"{""type"":""begin_end"",""begin_time"":1783296000000,""end_time"":0,""time_period"":""quarter_1""}",series-etf-30d.json,snapshot;quarter_1,稀释每股收益-终止经营(新体系),Diluted EPS From Discontinued Operations,来自已终止业务的稀释后每股收益,,false,[],"UUS,UDC,UBAX,UBAF,U31X,U31F,U32X,U32F","STANDARD_SNAPSHOT,STANDARD_SERIES_TIME_RANGE_BEGIN_END"
diluted_eps_continuing_v2|稀释每股收益-持续经营(新体系)|Diluted EPS From Continuing Operations,security,metric_lookup,series,market_code,diluted_eps_continuing_v2,diluted_eps_continuing_v2,{},"{""type"":""begin_end"",""begin_time"":1783296000000,""end_time"":0,""time_period"":""quarter_1""}",series-etf-30d.json,snapshot;quarter_1,稀释每股收益-持续经营(新体系),Diluted EPS From Continuing Operations,来自持续经营业务的稀释后每股收益,,false,[],"UUS,UDC,UBAX,UBAF,U31X,U31F,U32X,U32F","STANDARD_SNAPSHOT,STANDARD_SERIES_TIME_RANGE_BEGIN_END"
non_interest_income_v2|非利息收入(新体系)|Non-Interest Income,security,metric_lookup,series,market_code,non_interest_income_v2,non_interest_income_v2,{},"{""type"":""begin_end"",""begin_time"":1783296000000,""end_time"":0,""time_period"":""quarter_1""}",series-etf-30d.json,snapshot;quarter_1,非利息收入(新体系),Non-Interest Income,非利息收入,,false,[],"UUS,UDC,UBAX,UBAF,U31X,U31F,U32X,U32F","STANDARD_SNAPSHOT,STANDARD_SERIES_TIME_RANGE_BEGIN_END"
minority_net_profit_v2|归属于少数股东的净利润(新体系)|Net Income Attributable to Minority Interests,security,metric_lookup,series,market_code,minority_net_profit_v2,minority_net_profit_v2,{},"{""type"":""begin_end"",""begin_time"":1783296000000,""end_time"":0,""time_period"":""quarter_1""}",series-etf-30d.json,snapshot;quarter_1,归属于少数股东的净利润(新体系),Net Income Attributable to Minority Interests,本科目包括归属于少数股东或非控制股东的净利润,,false,[],"UUS,UDC,UBAX,UBAF,U31X,U31F,U32X,U32F","STANDARD_SNAPSHOT,STANDARD_SERIES_TIME_RANGE_BEGIN_END"
parent_common_profit_total_v2|归属于母公司所有者的综合收益总额(新体系)|Total Comprehensive Income Attributable to Owners of the Company,security,metric_lookup,series,market_code,parent_common_profit_total_v2,parent_common_profit_total_v2,{},"{""type"":""begin_end"",""begin_time"":1783296000000,""end_time"":0,""time_period"":""quarter_1""}",series-etf-30d.json,snapshot;quarter_1,归属于母公司所有者的综合收益总额(新体系),Total Comprehensive Income Attributable to Owners of the Company,本科目加工属于母公司的综合收益,,false,[],"UUS,UDC,UBAX,UBAF,U31X,U31F,U32X,U32F","STANDARD_SNAPSHOT,STANDARD_SERIES_TIME_RANGE_BEGIN_END"
minority_common_profit_total_v2|归属于少数股东的综合收益总额(新体系)|Total Comprehensive Income Attributable to Minority Interests,security,metric_lookup,series,market_code,minority_common_profit_total_v2,minority_common_profit_total_v2,{},"{""type"":""begin_end"",""begin_time"":1783296000000,""end_time"":0,""time_period"":""quarter_1""}",series-etf-30d.json,snapshot;quarter_1,归属于少数股东的综合收益总额(新体系),Total Comprehensive Income Attributable to Minority Interests,本科目加工属于少数股东或非控制股东的综合收益,,false,[],"UUS,UDC,UBAX,UBAF,U31X,U31F,U32X,U32F","STANDARD_SNAPSHOT,STANDARD_SERIES_TIME_RANGE_BEGIN_END"
parent_holder_net_profit_v2|归属于母公司所有者的净利润(新体系)|Net Income Attributable to Owners of the Company,security,metric_lookup,series,market_code,parent_holder_net_profit_v2,parent_holder_net_profit_v2,{},"{""type"":""begin_end"",""begin_time"":1783296000000,""end_time"":0,""time_period"":""quarter_1""}",series-etf-30d.json,snapshot;quarter_1,归属于母公司所有者的净利润(新体系),Net Income Attributable to Owners of the Company,在合并报表中，从净利润中扣除少数股东损益后，归属于母公司股东的那部分净利润。,,false,[],"UUS,UDC,UBAX,UBAF,U31X,U31F,U32X,U32F","STANDARD_SNAPSHOT,STANDARD_SERIES_TIME_RANGE_BEGIN_END"
deferred_tax_v2|递延所得税(新体系)|Deferred Income Tax,security,metric_lookup,series,market_code,deferred_tax_v2,deferred_tax_v2,{},"{""type"":""begin_end"",""begin_time"":1783296000000,""end_time"":0,""time_period"":""quarter_1""}",series-etf-30d.json,snapshot;quarter_1,递延所得税(新体系),Deferred Income Tax,递延所得税,,false,[],"UUS,UDC,UBAX,UBAF,U31X,U31F,U32X,U32F","STANDARD_SNAPSHOT,STANDARD_SERIES_TIME_RANGE_BEGIN_END"
tax_adjustment_v2|税项调整(新体系)|Income Tax Adjustments,security,metric_lookup,series,market_code,tax_adjustment_v2,tax_adjustment_v2,{},"{""type"":""begin_end"",""begin_time"":1783296000000,""end_time"":0,""time_period"":""quarter_1""}",series-etf-30d.json,snapshot;quarter_1,税项调整(新体系),Income Tax Adjustments,所得税附注里除本期和递延以外的其他调整项,,false,[],"UUS,UDC,UBAX,UBAF,U31X,U31F,U32X,U32F","STANDARD_SNAPSHOT,STANDARD_SERIES_TIME_RANGE_BEGIN_END"
current_income_tax_v2|本期所得税(新体系)|Current Income Tax,security,metric_lookup,series,market_code,current_income_tax_v2,current_income_tax_v2,{},"{""type"":""begin_end"",""begin_time"":1783296000000,""end_time"":0,""time_period"":""quarter_1""}",series-etf-30d.json,snapshot;quarter_1,本期所得税(新体系),Current Income Tax,本期、当期所得税,,false,[],"UUS,UDC,UBAX,UBAF,U31X,U31F,U32X,U32F","STANDARD_SNAPSHOT,STANDARD_SERIES_TIME_RANGE_BEGIN_END"
basic_eps_terminated_v2|基本每股收益-终止经营(新体系)|Basic EPS From Discontinued Operations,security,metric_lookup,series,market_code,basic_eps_terminated_v2,basic_eps_terminated_v2,{},"{""type"":""begin_end"",""begin_time"":1783296000000,""end_time"":0,""time_period"":""quarter_1""}",series-etf-30d.json,snapshot;quarter_1,基本每股收益-终止经营(新体系),Basic EPS From Discontinued Operations,来自已终止或处置业务的普通股股东平均每股净利润,,false,[],"UUS,UDC,UBAX,UBAF,U31X,U31F,U32X,U32F","STANDARD_SNAPSHOT,STANDARD_SERIES_TIME_RANGE_BEGIN_END"
basic_eps_continuing_v2|基本每股收益-持续经营(新体系)|Basic EPS From Continuing Operations,security,metric_lookup,series,market_code,basic_eps_continuing_v2,basic_eps_continuing_v2,{},"{""type"":""begin_end"",""begin_time"":1783296000000,""end_time"":0,""time_period"":""quarter_1""}",series-etf-30d.json,snapshot;quarter_1,基本每股收益-持续经营(新体系),Basic EPS From Continuing Operations,来自持续经营业务的普通股股东平均每股净利润,,false,[],"UUS,UDC,UBAX,UBAF,U31X,U31F,U32X,U32F","STANDARD_SNAPSHOT,STANDARD_SERIES_TIME_RANGE_BEGIN_END"
other_non_operating_income_v2|其他营业外收入(亏损)(新体系)|Other Non-Operating Income (Loss),security,metric_lookup,series,market_code,other_non_operating_income_v2,other_non_operating_income_v2,{},"{""type"":""begin_end"",""begin_time"":1783296000000,""end_time"":0,""time_period"":""quarter_1""}",series-etf-30d.json,snapshot;quarter_1,其他营业外收入(亏损)(新体系),Other Non-Operating Income (Loss),营业外收入/亏损的兜底科目，主要加工营业利润之后税前利润之前的除权益性投资损益、汇兑损益、公允价值变动损益等之外的其他科目，以及未披露营业利润时名称包含“营业外”的科目,,false,[],"UUS,UDC,UBAX,UBAF,U31X,U31F,U32X,U32F","STANDARD_SNAPSHOT,STANDARD_SERIES_TIME_RANGE_BEGIN_END"
equity_investment_profit_loss_v2|权益性投资损益(新体系)|Income (Loss) From Affiliates,security,metric_lookup,series,market_code,equity_investment_profit_loss_v2,equity_investment_profit_loss_v2,{},"{""type"":""begin_end"",""begin_time"":1783296000000,""end_time"":0,""time_period"":""quarter_1""}",series-etf-30d.json,snapshot;quarter_1,权益性投资损益(新体系),Income (Loss) From Affiliates,通常指对联营公司/合营企业的投资收益,,false,[],"UUS,UDC,UBAX,UBAF,U31X,U31F,U32X,U32F","STANDARD_SNAPSHOT,STANDARD_SERIES_TIME_RANGE_BEGIN_END"
fair_changes_profit_loss_v2|公允价值变动损益(新体系)|Gain (Loss) on Change in Fair Value,security,metric_lookup,series,market_code,fair_changes_profit_loss_v2,fair_changes_profit_loss_v2,{},"{""type"":""begin_end"",""begin_time"":1783296000000,""end_time"":0,""time_period"":""quarter_1""}",series-etf-30d.json,snapshot;quarter_1,公允价值变动损益(新体系),Gain (Loss) on Change in Fair Value,主要包括公允价值变动损益、未实现的投资收益以及其他以公允价值计量的资产的公允值变动损益（但不包括已实现的公允价值变动损益）,,false,[],"UUS,UDC,UBAX,UBAF,U31X,U31F,U32X,U32F","STANDARD_SNAPSHOT,STANDARD_SERIES_TIME_RANGE_BEGIN_END"
"market_sell_administrative_expenses_v2|销售、一般及管理费用(新体系)|Selling, General and Administrative Expenses",security,metric_lookup,series,market_code,market_sell_administrative_expenses_v2,market_sell_administrative_expenses_v2,{},"{""type"":""begin_end"",""begin_time"":1783296000000,""end_time"":0,""time_period"":""quarter_1""}",series-etf-30d.json,snapshot;quarter_1,销售、一般及管理费用(新体系),"Selling, General and Administrative Expenses",本科目主要包括销售费用，一般行政管理费用，员工薪酬，股份激励，折旧与摊销，审计费用,,false,[],"UUS,UDC,UBAX,UBAF,U31X,U31F,U32X,U32F","STANDARD_SNAPSHOT,STANDARD_SERIES_TIME_RANGE_BEGIN_END"
bad_debt_loss_v2|坏账损失(新体系)|Loss on Bad Debts,security,metric_lookup,series,market_code,bad_debt_loss_v2,bad_debt_loss_v2,{},"{""type"":""begin_end"",""begin_time"":1783296000000,""end_time"":0,""time_period"":""quarter_1""}",series-etf-30d.json,snapshot;quarter_1,坏账损失(新体系),Loss on Bad Debts,本科目主要维护的是应收账款、应收票据、其他应收款、预付账款、长期应收款、应收款项融资、合同资产的坏账损失。,,false,[],"UUS,UDC,UBAX,UBAF,U31X,U31F,U32X,U32F","STANDARD_SNAPSHOT,STANDARD_SERIES_TIME_RANGE_BEGIN_END"
exchange_profit_loss_v2|汇兑损益(新体系)|Gain (Loss) on Foreign Currency Exchange,security,metric_lookup,series,market_code,exchange_profit_loss_v2,exchange_profit_loss_v2,{},"{""type"":""begin_end"",""begin_time"":1783296000000,""end_time"":0,""time_period"":""quarter_1""}",series-etf-30d.json,snapshot;quarter_1,汇兑损益(新体系),Gain (Loss) on Foreign Currency Exchange,本科目加工兑换外汇的损益，不包括外汇衍生品,,false,[],"UUS,UDC,UBAX,UBAF,U31X,U31F,U32X,U32F","STANDARD_SNAPSHOT,STANDARD_SERIES_TIME_RANGE_BEGIN_END"
other_investment_profit_loss_v2|其他投资损益(新体系)|Gain (Loss) on Other Investment,security,metric_lookup,series,market_code,other_investment_profit_loss_v2,other_investment_profit_loss_v2,{},"{""type"":""begin_end"",""begin_time"":1783296000000,""end_time"":0,""time_period"":""quarter_1""}",series-etf-30d.json,snapshot;quarter_1,其他投资损益(新体系),Gain (Loss) on Other Investment,本科目包含分红收益、投资转让收益、收购-持有-处置附属公司的收益（处置包含出售、转让、注销；收购包含折价收购、议价收购）等，不包含权益法投资,,false,[],"UUS,UDC,UBAX,UBAF,U31X,U31F,U32X,U32F","STANDARD_SNAPSHOT,STANDARD_SERIES_TIME_RANGE_BEGIN_END"
other_operating_expenditures_v2|其他营业支出(新体系)|Other Operating Expenses,security,metric_lookup,series,market_code,other_operating_expenditures_v2,other_operating_expenditures_v2,{},"{""type"":""begin_end"",""begin_time"":1783296000000,""end_time"":0,""time_period"":""quarter_1""}",series-etf-30d.json,snapshot;quarter_1,其他营业支出(新体系),Other Operating Expenses,本科目加工与主营业务活动不相关的所有其他经营活动的支出,,false,[],"UUS,UDC,UBAX,UBAF,U31X,U31F,U32X,U32F","STANDARD_SNAPSHOT,STANDARD_SERIES_TIME_RANGE_BEGIN_END"
other_costs_v2|其他成本(新体系)|Other Cost,security,metric_lookup,series,market_code,other_costs_v2,other_costs_v2,{},"{""type"":""begin_end"",""begin_time"":1783296000000,""end_time"":0,""time_period"":""quarter_1""}",series-etf-30d.json,snapshot;quarter_1,其他成本(新体系),Other Cost,本科目加工直接披露为“其他”的支出。,,false,[],"UUS,UDC,UBAX,UBAF,U31X,U31F,U32X,U32F","STANDARD_SNAPSHOT,STANDARD_SERIES_TIME_RANGE_BEGIN_END"
research_and_development_expenses_v2|研发费用(新体系)|Research and Development Expenses,security,metric_lookup,series,market_code,research_and_development_expenses_v2,research_and_development_expenses_v2,{},"{""type"":""begin_end"",""begin_time"":1783296000000,""end_time"":0,""time_period"":""quarter_1""}",series-etf-30d.json,snapshot;quarter_1,研发费用(新体系),Research and Development Expenses,本科目主要包括研发、信息与技术、产品开发等费用（研发费用加工的是扣减资本化后的研发费用，即费用化的研发成本）,,false,[],"UUS,UDC,UBAX,UBAF,U31X,U31F,U32X,U32F","STANDARD_SNAPSHOT,STANDARD_SERIES_TIME_RANGE_BEGIN_END"
deduct_loan_impairment_loss_income_v2|扣除贷款减值损失后收入(新体系)|Net Revenue After Loan Losses Provision,security,metric_lookup,series,market_code,deduct_loan_impairment_loss_income_v2,deduct_loan_impairment_loss_income_v2,{},"{""type"":""begin_end"",""begin_time"":1783296000000,""end_time"":0,""time_period"":""quarter_1""}",series-etf-30d.json,snapshot;quarter_1,扣除贷款减值损失后收入(新体系),Net Revenue After Loan Losses Provision,扣除贷款减值损失后收入,,false,[],"UUS,UDC,UBAX,UBAF,U31X,U31F,U32X,U32F","STANDARD_SNAPSHOT,STANDARD_SERIES_TIME_RANGE_BEGIN_END"
sales_service_income_v2|销售与服务收入(新体系)|Sales and Services Revenue,security,metric_lookup,series,market_code,sales_service_income_v2,sales_service_income_v2,{},"{""type"":""begin_end"",""begin_time"":1783296000000,""end_time"":0,""time_period"":""quarter_1""}",series-etf-30d.json,snapshot;quarter_1,销售与服务收入(新体系),Sales and Services Revenue,通常包含贸易收入、服务收入、合同收入、经营租赁收入、劳务收入等非金融收入。,,false,[],"UUS,UDC,UBAX,UBAF,U31X,U31F,U32X,U32F","STANDARD_SNAPSHOT,STANDARD_SERIES_TIME_RANGE_BEGIN_END"
other_income_v2|其他收入(新体系)|Other Revenue,security,metric_lookup,series,market_code,other_income_v2,other_income_v2,{},"{""type"":""begin_end"",""begin_time"":1783296000000,""end_time"":0,""time_period"":""quarter_1""}",series-etf-30d.json,snapshot;quarter_1,其他收入(新体系),Other Revenue,本科目加工直接披露为“其他”的收入,,false,[],"UUS,UDC,UBAX,UBAF,U31X,U31F,U32X,U32F","STANDARD_SNAPSHOT,STANDARD_SERIES_TIME_RANGE_BEGIN_END"
financing_costs_v2|融资成本(新体系)|Cost of Financing Services,security,metric_lookup,series,market_code,financing_costs_v2,financing_costs_v2,{},"{""type"":""begin_end"",""begin_time"":1783296000000,""end_time"":0,""time_period"":""quarter_1""}",series-etf-30d.json,snapshot;quarter_1,融资成本(新体系),Cost of Financing Services,本科目通常包含与金融业务有关的支出，例如利息支出，财务支出，手续费及佣金支出等（来源于营业成本）,,false,[],"UUS,UDC,UBAX,UBAF,U31X,U31F,U32X,U32F","STANDARD_SNAPSHOT,STANDARD_SERIES_TIME_RANGE_BEGIN_END"
sales_service_costs_v2|销售与服务成本(新体系)|Cost of Goods and Services,security,metric_lookup,series,market_code,sales_service_costs_v2,sales_service_costs_v2,{},"{""type"":""begin_end"",""begin_time"":1783296000000,""end_time"":0,""time_period"":""quarter_1""}",series-etf-30d.json,snapshot;quarter_1,销售与服务成本(新体系),Cost of Goods and Services,本科目通常包含销售成本、服务成本、直接成本、原材料消耗等非金融成本。,,false,[],"UUS,UDC,UBAX,UBAF,U31X,U31F,U32X,U32F","STANDARD_SNAPSHOT,STANDARD_SERIES_TIME_RANGE_BEGIN_END"
financing_income_v2|融资收入(新体系)|Financing Services Revenue,security,metric_lookup,series,market_code,financing_income_v2,financing_income_v2,{},"{""type"":""begin_end"",""begin_time"":1783296000000,""end_time"":0,""time_period"":""quarter_1""}",series-etf-30d.json,snapshot;quarter_1,融资收入(新体系),Financing Services Revenue,本科目通常包含利息收入、股息收入、金融服务收入、金融科技服务收入、与金融业务有关的收入等（来源于营业收入）,,false,[],"UUS,UDC,UBAX,UBAF,U31X,U31F,U32X,U32F","STANDARD_SNAPSHOT,STANDARD_SERIES_TIME_RANGE_BEGIN_END"
diluted_eps_v2|稀释每股收益(新体系)|Diluted EPS,security,metric_lookup,series,market_code,diluted_eps_v2,diluted_eps_v2,{},"{""type"":""begin_end"",""begin_time"":1783296000000,""end_time"":0,""time_period"":""quarter_1""}",series-etf-30d.json,snapshot;quarter_1,稀释每股收益(新体系),Diluted EPS,报告期内考虑所有潜在稀释影响后的每股净利润,,false,[],"UUS,UDC,UBAX,UBAF,U31X,U31F,U32X,U32F","STANDARD_SNAPSHOT,STANDARD_SERIES_TIME_RANGE_BEGIN_END"
other_affect_net_profit_loss_v2|其他影响净利润的损益(新体系)|Other Items Before Net Income,security,metric_lookup,series,market_code,other_affect_net_profit_loss_v2,other_affect_net_profit_loss_v2,{},"{""type"":""begin_end"",""begin_time"":1783296000000,""end_time"":0,""time_period"":""quarter_1""}",series-etf-30d.json,snapshot;quarter_1,其他影响净利润的损益(新体系),Other Items Before Net Income,本科目为净利润的兜底科目,,false,[],"UUS,UDC,UBAX,UBAF,U31X,U31F,U32X,U32F","STANDARD_SNAPSHOT,STANDARD_SERIES_TIME_RANGE_BEGIN_END"
net_profit_v2|净利润(新体系)|Net Income,security,metric_lookup,series,market_code,net_profit_v2,net_profit_v2,{},"{""type"":""begin_end"",""begin_time"":1783296000000,""end_time"":0,""time_period"":""quarter_1""}",series-etf-30d.json,snapshot;quarter_1,净利润(新体系),Net Income,企业当期实现的税后利润总额。,,false,[],"UUS,UDC,UBAX,UBAF,U31X,U31F,U32X,U32F","STANDARD_SNAPSHOT,STANDARD_SERIES_TIME_RANGE_BEGIN_END"
continuing_operating_business_profit_v2|持续经营业务的税前利润(新体系)|Pretax Income From Continuing Operations,security,metric_lookup,series,market_code,continuing_operating_business_profit_v2,continuing_operating_business_profit_v2,{},"{""type"":""begin_end"",""begin_time"":1783296000000,""end_time"":0,""time_period"":""quarter_1""}",series-etf-30d.json,snapshot;quarter_1,持续经营业务的税前利润(新体系),Pretax Income From Continuing Operations,企业持续经营业务在扣除所有成本、费用和营业外收支后的税前利润。,,false,[],"UUS,UDC,UBAX,UBAF,U31X,U31F,U32X,U32F","STANDARD_SNAPSHOT,STANDARD_SERIES_TIME_RANGE_BEGIN_END"
discontinued_operating_net_profit_v2|终止经营业务利润(新体系)|Income From Discontinued Operations,security,metric_lookup,series,market_code,discontinued_operating_net_profit_v2,discontinued_operating_net_profit_v2,{},"{""type"":""begin_end"",""begin_time"":1783296000000,""end_time"":0,""time_period"":""quarter_1""}",series-etf-30d.json,snapshot;quarter_1,终止经营业务利润(新体系),Income From Discontinued Operations,本科目通常为非持续经营、终止经营净利润,,false,[],"UUS,UDC,UBAX,UBAF,U31X,U31F,U32X,U32F","STANDARD_SNAPSHOT,STANDARD_SERIES_TIME_RANGE_BEGIN_END"
non_operating_income_v2|营业外收入(亏损)(新体系)|Non-Operating Income (Loss),security,metric_lookup,series,market_code,non_operating_income_v2,non_operating_income_v2,{},"{""type"":""begin_end"",""begin_time"":1783296000000,""end_time"":0,""time_period"":""quarter_1""}",series-etf-30d.json,snapshot;quarter_1,营业外收入(亏损)(新体系),Non-Operating Income (Loss),企业发生的与其日常活动无直接关系的各项利得和损失。,,false,[],"UUS,UDC,UBAX,UBAF,U31X,U31F,U32X,U32F","STANDARD_SNAPSHOT,STANDARD_SERIES_TIME_RANGE_BEGIN_END"
operating_profit_v2|营业利润(新体系)|Operating Income,security,metric_lookup,series,market_code,operating_profit_v2,operating_profit_v2,{},"{""type"":""begin_end"",""begin_time"":1783296000000,""end_time"":0,""time_period"":""quarter_1""}",series-etf-30d.json,snapshot;quarter_1,营业利润(新体系),Operating Income,企业主营业务和日常经营活动实现的利润。,,false,[],"UUS,UDC,UBAX,UBAF,U31X,U31F,U32X,U32F","STANDARD_SNAPSHOT,STANDARD_SERIES_TIME_RANGE_BEGIN_END"
continuing_net_profit_v2|持续经营业务净利润(新体系)|Net Income From Continuing Operations,security,metric_lookup,series,market_code,continuing_net_profit_v2,continuing_net_profit_v2,{},"{""type"":""begin_end"",""begin_time"":1783296000000,""end_time"":0,""time_period"":""quarter_1""}",series-etf-30d.json,snapshot;quarter_1,持续经营业务净利润(新体系),Net Income From Continuing Operations,持续经营业务的税前利润减去所得税费用后的金额。,,false,[],"UUS,UDC,UBAX,UBAF,U31X,U31F,U32X,U32F","STANDARD_SNAPSHOT,STANDARD_SERIES_TIME_RANGE_BEGIN_END"
basic_eps_v2|基本每股收益(新体系)|Basic EPS,security,metric_lookup,series,market_code,basic_eps_v2,basic_eps_v2,{},"{""type"":""begin_end"",""begin_time"":1783296000000,""end_time"":0,""time_period"":""quarter_1""}",series-etf-30d.json,snapshot;quarter_1,基本每股收益(新体系),Basic EPS,报告期内普通股股东享有的平均每股净利润（未考虑潜在稀释）,,false,[],"UUS,UDC,UBAX,UBAF,U31X,U31F,U32X,U32F","STANDARD_SNAPSHOT,STANDARD_SERIES_TIME_RANGE_BEGIN_END"
income_tax_expense_v2|所得税费用(新体系)|Income Tax Expense,security,metric_lookup,series,market_code,income_tax_expense_v2,income_tax_expense_v2,{},"{""type"":""begin_end"",""begin_time"":1783296000000,""end_time"":0,""time_period"":""quarter_1""}",series-etf-30d.json,snapshot;quarter_1,所得税费用(新体系),Income Tax Expense,主要指所得税费用,,false,[],"UUS,UDC,UBAX,UBAF,U31X,U31F,U32X,U32F","STANDARD_SNAPSHOT,STANDARD_SERIES_TIME_RANGE_BEGIN_END"
operating_expenses_v2|营业开支(新体系)|Operating Expenses,security,metric_lookup,series,market_code,operating_expenses_v2,operating_expenses_v2,{},"{""type"":""begin_end"",""begin_time"":1783296000000,""end_time"":0,""time_period"":""quarter_1""}",series-etf-30d.json,snapshot;quarter_1,营业开支(新体系),Operating Expenses,"也常称为期间费用或营业费用，包括销售费用、管理费用、研发费用、财务费用等。
这些费用与企业日常经营活动相关，但不直接计入产品/服务成本，而是作为期间费用直接影响营业利润。不同企业可能细分为销售费用、管理费用等。",,false,[],"UUS,UDC,UBAX,UBAF,U31X,U31F,U32X,U32F","STANDARD_SNAPSHOT,STANDARD_SERIES_TIME_RANGE_BEGIN_END"
other_comprehensive_income_v2|其他综合收益-利润表(新体系)|Other Comprehensive Income,security,metric_lookup,series,market_code,other_comprehensive_income_v2,other_comprehensive_income_v2,{},"{""type"":""begin_end"",""begin_time"":1783296000000,""end_time"":0,""time_period"":""quarter_1""}",series-etf-30d.json,snapshot;quarter_1,其他综合收益-利润表(新体系),Other Comprehensive Income,本科目加工其他综合收益,,false,[],"UUS,UDC,UBAX,UBAF,U31X,U31F,U32X,U32F","STANDARD_SNAPSHOT,STANDARD_SERIES_TIME_RANGE_BEGIN_END"
balanced_free_cash_flow|每股自由现金流(前复权)|Free Cash Flow per Share (Adjusted),security,metric_lookup,series,market_code,balanced_free_cash_flow,balanced_free_cash_flow,{},"{""type"":""begin_end"",""begin_time"":1783296000000,""end_time"":0,""time_period"":""quarter_1""}",series-etf-30d.json,snapshot;quarter_1,每股自由现金流(前复权),Free Cash Flow per Share (Adjusted),每股自由现金流（前复权） 是指公司在经营活动中产生的自由现金流（经营现金流减去资本支出）除以总股本后得到的每股价值，并经过前复权调整以消除分红、送股或拆股等股本变动的影响，确保历史数据的连续性和可比性。该指标反映了公司每股实际可支配的现金流，能够更真实地衡量企业的盈利质量、财务稳健性以及回报股东（如分红、回购）的潜在能力。前复权处理使不同时期的每股自由现金流具备纵向可比性，帮助投资者判断公司长期现金流生成能力的趋势变化。若该指标持续增长，通常意味着公司具备较强的内生盈利能力和可持续增长潜力。,,false,[],"UUS,UDC,UBAX,UBAF,U31X,U31F,U32X,U32F","STANDARD_SNAPSHOT,STANDARD_SERIES_TIME_RANGE_BEGIN_END"
balanced_diluted_eps|摊薄每股收益(前复权)|Diluted Earnings per Share (Adjusted),security,metric_lookup,series,market_code,balanced_diluted_eps,balanced_diluted_eps,{},"{""type"":""begin_end"",""begin_time"":1783296000000,""end_time"":0,""time_period"":""quarter_1""}",series-etf-30d.json,snapshot;quarter_1,摊薄每股收益(前复权),Diluted Earnings per Share (Adjusted),摊薄每股收益（前复权） 是指在考虑潜在稀释性证券（如可转债、期权等）转换为普通股的影响后，计算出的每股收益，并对历史数据进行前复权调整，以确保不同时期的每股收益具有可比性。,,false,[],"UUS,UDC,UBAX,UBAF,U31X,U31F,U32X,U32F","STANDARD_SNAPSHOT,STANDARD_SERIES_TIME_RANGE_BEGIN_END"
balanced_cash_equivalents|每股现金及等价物(前复权)|Cash and Cash Equivalents per Share (Adjusted),security,metric_lookup,series,market_code,balanced_cash_equivalents,balanced_cash_equivalents,{},"{""type"":""begin_end"",""begin_time"":1783296000000,""end_time"":0,""time_period"":""quarter_1""}",series-etf-30d.json,snapshot;quarter_1,每股现金及等价物(前复权),Cash and Cash Equivalents per Share (Adjusted),每股现金及等价物（前复权） 是指公司在特定时点的现金及现金等价物总额除以总股本后得到的每股价值，并经过前复权调整以保持历史数据的可比性。该指标反映了公司每股对应的即时流动性资产，可用于衡量企业的短期偿债能力、财务健康度以及潜在分红或回购能力。前复权处理确保了因分红、送股或拆股等股本变动导致的历史数据失真被修正，使不同时期的每股现金价值具有连贯性，便于投资者进行长期趋势分析。若该指标较高，通常说明公司拥有较强的资金储备和财务弹性。,,false,[],"UUS,UDC,UBAX,UBAF,U31X,U31F,U32X,U32F","STANDARD_SNAPSHOT,STANDARD_SERIES_TIME_RANGE_BEGIN_END"
other_operating_income_v2|其他营业收入(新体系)|Other Operating Income,security,metric_lookup,series,market_code,other_operating_income_v2,other_operating_income_v2,{},"{""type"":""begin_end"",""begin_time"":1783296000000,""end_time"":0,""time_period"":""quarter_1""}",series-etf-30d.json,snapshot;quarter_1,其他营业收入(新体系),Other Operating Income,本科目加工与主营业务活动不相关的所有其他经营活动的收入,,false,[],"UUS,UDC,UBAX,UBAF,U31X,U31F,U32X,U32F","STANDARD_SNAPSHOT,STANDARD_SERIES_TIME_RANGE_BEGIN_END"
operating_costs_v2|营业成本(新体系)|Cost of Revenue,security,metric_lookup,series,market_code,operating_costs_v2,operating_costs_v2,{},"{""type"":""begin_end"",""begin_time"":1783296000000,""end_time"":0,""time_period"":""quarter_1""}",series-etf-30d.json,snapshot;quarter_1,营业成本(新体系),Cost of Revenue,企业为取得营业收入而发生的、与营业收入直接对应的成本。主要包括主营业务成本（如销售商品的采购成本、生产成本）和其它业务成本（如出租固定资产的折旧等）。,,false,[],"UUS,UDC,UBAX,UBAF,U31X,U31F,U32X,U32F","STANDARD_SNAPSHOT,STANDARD_SERIES_TIME_RANGE_BEGIN_END"
gross_profit_v2|毛利(新体系)|Gross Profit,security,metric_lookup,series,market_code,gross_profit_v2,gross_profit_v2,{},"{""type"":""begin_end"",""begin_time"":1783296000000,""end_time"":0,""time_period"":""quarter_1""}",series-etf-30d.json,snapshot;quarter_1,毛利(新体系),Gross Profit,营业收入减去营业成本后的余额。,,false,[],"UUS,UDC,UBAX,UBAF,U31X,U31F,U32X,U32F","STANDARD_SNAPSHOT,STANDARD_SERIES_TIME_RANGE_BEGIN_END"
cash_debt_ratio|现金债务比率|Cash to Debt Ratio,security,metric_lookup,series,market_code,cash_debt_ratio,cash_debt_ratio,{},"{""type"":""begin_end"",""begin_time"":1783296000000,""end_time"":0,""time_period"":""quarter_1""}",series-etf-30d.json,snapshot;quarter_1,现金债务比率,Cash to Debt Ratio,现金债务比率（Cash to Debt Ratio）衡量企业可用现金及等价物覆盖短期债务的能力，反映短期流动性风险。比率>1说明现金足以偿付短期负债，流动性强；<1则可能面临偿债压力。该指标常用于评估企业短期财务安全，尤其适用于高负债或现金流波动大的行业分析。,,false,[],"UUS,UDC,UBAX,UBAF,U31X,U31F,U32X,U32F","STANDARD_SNAPSHOT,STANDARD_SERIES_TIME_RANGE_BEGIN_END"
debt_capital_ratio|总债务资本比|Total Debt to Capital,security,metric_lookup,series,market_code,debt_capital_ratio,debt_capital_ratio,{},"{""type"":""begin_end"",""begin_time"":1783296000000,""end_time"":0,""time_period"":""quarter_1""}",series-etf-30d.json,snapshot;quarter_1,总债务资本比,Total Debt to Capital,总债务资本比（Total Debt to Capitalization Ratio）是衡量企业资本结构中债务占比的核心指标。该比率反映企业长期资金来源中债务融资的比例，通常以百分比呈现,,false,[],"UUS,UDC,UBAX,UBAF,U31X,U31F,U32X,U32F","STANDARD_SNAPSHOT,STANDARD_SERIES_TIME_RANGE_BEGIN_END"
cash_ratio|现金比率|Cash Ratio,security,metric_lookup,series,market_code,cash_ratio,cash_ratio,{},"{""type"":""begin_end"",""begin_time"":1783296000000,""end_time"":0,""time_period"":""quarter_1""}",series-etf-30d.json,snapshot;quarter_1,现金比率,Cash Ratio,现金比率（Cash Ratio）是衡量企业短期偿债能力的严格指标，该比率反映企业仅靠即时可变现资金偿还短期债务的能力，标准值通常≥0.2。比率越高说明短期流动性越强（但过高可能反映资金闲置），低于0.1则警示偿债风险。适用于需要严控流动性风险的行业（如金融、重资产领域），常与流动比率、速动比率结合分析。,,false,[],"UUS,UDC,UBAX,UBAF,U31X,U31F,U32X,U32F","STANDARD_SNAPSHOT,STANDARD_SERIES_TIME_RANGE_BEGIN_END"
long_debt_equity_ratio|长期负债占股东权益比率|Long-Term Debt to Total Equity Ratio,security,metric_lookup,series,market_code,long_debt_equity_ratio,long_debt_equity_ratio,{},"{""type"":""begin_end"",""begin_time"":1783296000000,""end_time"":0,""time_period"":""quarter_1""}",series-etf-30d.json,snapshot;quarter_1,长期负债占股东权益比率,Long-Term Debt to Total Equity Ratio,长期负债占股东权益比率（Long-term Debt to Equity Ratio）是衡量企业长期财务杠杆的重要指标，该比率反映公司长期债务与自有资本的比例关系，用于评估企业的长期偿债能力和财务风险。,,false,[],"UUS,UDC,UBAX,UBAF,U31X,U31F,U32X,U32F","STANDARD_SNAPSHOT,STANDARD_SERIES_TIME_RANGE_BEGIN_END"
long_debt_assets_ratio|长期负债占总资产比率|Long-Term Debt to Total Assets Ratio,security,metric_lookup,series,market_code,long_debt_assets_ratio,long_debt_assets_ratio,{},"{""type"":""begin_end"",""begin_time"":1783296000000,""end_time"":0,""time_period"":""quarter_1""}",series-etf-30d.json,snapshot;quarter_1,长期负债占总资产比率,Long-Term Debt to Total Assets Ratio,长期负债占总资产比率衡量公司长期债务在总资产中的占比，反映长期财务杠杆水平。比率高说明依赖长期债务融资，可能增加财务风险但也能放大收益；比率低则财务结构更保守。该指标用于评估企业资本结构稳定性、偿债能力及行业对比，帮助投资者和债权人判断长期财务风险。不同行业合理区间差异较大（如公用事业通常较高，科技企业较低）。,,false,[],"UUS,UDC,UBAX,UBAF,U31X,U31F,U32X,U32F","STANDARD_SNAPSHOT,STANDARD_SERIES_TIME_RANGE_BEGIN_END"
debt_equity_ratio|总债务/股东权益|Debt to Equity Ratio,security,metric_lookup,series,market_code,debt_equity_ratio,debt_equity_ratio,{},"{""type"":""begin_end"",""begin_time"":1783296000000,""end_time"":0,""time_period"":""quarter_1""}",series-etf-30d.json,snapshot;quarter_1,总债务/股东权益,Debt to Equity Ratio,总债务权益比,,false,[],"UUS,UDC,UBAX,UBAF,U31X,U31F,U32X,U32F","STANDARD_SNAPSHOT,STANDARD_SERIES_TIME_RANGE_BEGIN_END"
free_cash_flow_margin|自由现金流利润率|Free Cash Flow Profit Margin,security,metric_lookup,series,market_code,free_cash_flow_margin,free_cash_flow_margin,{},"{""type"":""begin_end"",""begin_time"":1783296000000,""end_time"":0,""time_period"":""quarter_1""}",series-etf-30d.json,snapshot;quarter_1,自由现金流利润率,Free Cash Flow Profit Margin,自由现金流利润率衡量企业自由现金流（FCF）占营业收入的百分比，反映企业将收入转化为可自由支配现金流的能力。,,false,[],"UUS,UDC,UBAX,UBAF,U31X,U31F,U32X,U32F","STANDARD_SNAPSHOT,STANDARD_SERIES_TIME_RANGE_BEGIN_END"
"market_sell_administrative_expenses_ratio|营销，销售和一般管理费用率|Selling, General and Administrative Expenses Ratio",security,metric_lookup,series,market_code,market_sell_administrative_expenses_ratio,market_sell_administrative_expenses_ratio,{},"{""type"":""begin_end"",""begin_time"":1783296000000,""end_time"":0,""time_period"":""quarter_1""}",series-etf-30d.json,snapshot;quarter_1,营销，销售和一般管理费用率,"Selling, General and Administrative Expenses Ratio","营销、销售和一般管理费用率（SG&A Rate，Selling, General & Administrative Expense Ratio）表示企业在营销、销售及日常行政管理方面的费用占营业收入的百分比，反映企业在非生产性运营活动中的成本控制效率。",,false,[],"UUS,UDC,UBAX,UBAF,U31X,U31F,U32X,U32F","STANDARD_SNAPSHOT,STANDARD_SERIES_TIME_RANGE_BEGIN_END"
profit_before_tax_margin|税前利润率|Pretax Profit Margin,security,metric_lookup,series,market_code,profit_before_tax_margin,profit_before_tax_margin,{},"{""type"":""begin_end"",""begin_time"":1783296000000,""end_time"":0,""time_period"":""quarter_1""}",series-etf-30d.json,snapshot;quarter_1,税前利润率,Pretax Profit Margin,税前利润率（又称利润总额率）表示企业税前利润（利润总额）占营业收入的百分比，反映企业在扣除所有经营成本、利息支出后，但尚未缴纳所得税前的盈利能力。,,false,[],"UUS,UDC,UBAX,UBAF,U31X,U31F,U32X,U32F","STANDARD_SNAPSHOT,STANDARD_SERIES_TIME_RANGE_BEGIN_END"
ebitda_margin|EBITDA利润率|EBITDA Profit Margin,security,metric_lookup,series,market_code,ebitda_margin,ebitda_margin,{},"{""type"":""begin_end"",""begin_time"":1783296000000,""end_time"":0,""time_period"":""quarter_1""}",series-etf-30d.json,snapshot;quarter_1,EBITDA利润率,EBITDA Profit Margin,EBITDA利润率是企业息税折旧摊销前利润（EBITDA）占营业收入的百分比，用于衡量企业在扣除利息、税项、折旧及摊销前的核心盈利能力。,,false,[],"UUS,UDC,UBAX,UBAF,U31X,U31F,U32X,U32F","STANDARD_SNAPSHOT,STANDARD_SERIES_TIME_RANGE_BEGIN_END"
ebit_margin|息税前利润/营业总收入|EBIT Margin,security,metric_lookup,series,market_code,ebit_margin,ebit_margin,{},"{""type"":""begin_end"",""begin_time"":1783296000000,""end_time"":0,""time_period"":""quarter_1""}",series-etf-30d.json,snapshot;quarter_1,息税前利润/营业总收入,EBIT Margin,息税前利润占营业收入的比例，反映核心经营盈利能力,,false,[],"UUS,UDC,UBAX,UBAF,U31X,U31F,U32X,U32F","STANDARD_SNAPSHOT,STANDARD_SERIES_TIME_RANGE_BEGIN_END"
assets_debt_ratio|总负债/总资产|Total Liabilities to Total Assets,security,metric_lookup,series,market_code,assets_debt_ratio,assets_debt_ratio,{},"{""type"":""begin_end"",""begin_time"":1783296000000,""end_time"":0,""time_period"":""quarter_1""}",series-etf-30d.json,snapshot;quarter_1,总负债/总资产,Total Liabilities to Total Assets,资产负债率,,false,[],"UUS,UDC,UBAX,UBAF,U31X,U31F,U32X,U32F","STANDARD_SNAPSHOT,STANDARD_SERIES_TIME_RANGE_BEGIN_END"
sale_gross_margin|毛利率|Gross Profit Margin,security,metric_lookup,series,market_code,sale_gross_margin,sale_gross_margin,{},"{""type"":""begin_end"",""begin_time"":1783296000000,""end_time"":0,""time_period"":""quarter_1""}",series-etf-30d.json,snapshot;quarter_1,毛利率,Gross Profit Margin,毛利率（Gross Margin）是公司销售收入减去销售成本后的利润占销售收入的比例，反映公司核心业务的盈利能力。,,false,[],"UUS,UDC,UBAX,UBAF,U31X,U31F,U32X,U32F","STANDARD_SNAPSHOT,STANDARD_SERIES_TIME_RANGE_BEGIN_END"
operating_profit_divide_income_total|营业利润率|Operating Profit Margin,security,metric_lookup,series,market_code,operating_profit_divide_income_total,operating_profit_divide_income_total,{},"{""type"":""begin_end"",""begin_time"":1783296000000,""end_time"":0,""time_period"":""quarter_1""}",series-etf-30d.json,snapshot;quarter_1,营业利润率,Operating Profit Margin,营业利润率是公司营业利润与营业收入的比率，反映核心业务的盈利能力。,,false,[],"UUS,UDC,UBAX,UBAF,U31X,U31F,U32X,U32F","STANDARD_SNAPSHOT,STANDARD_SERIES_TIME_RANGE_BEGIN_END"
pb_mrq|市净率(MRQ)|Price to Book Ratio (MRQ),security,metric_lookup,series,market_code,pb_mrq,pb_mrq,{},"{""type"":""end_count"",""end_time"":0,""count"":30,""time_period"":""day_1"",""supported_types"":[""begin_end"",""end_count""]}",series-etf-30d.json,snapshot;day_1,市净率(MRQ),Price to Book Ratio (MRQ),"市净率（Price-to-Book Ratio，简称P/B Ratio）是金融领域中用来评估一家上市公司股票价值的财务指标。它通过将公司的股票总市值与其账面价值进行比较来计算得出。具体来说，市净率是公司股票价格与其每股净资产价值（Book Value Per Share）之间的比率。
计算公式：
市净率MRQ pb_mrq = 总市值total_market_value / (归母权益合计parent_holder_equity_total - 其他权益工具other_equity_tools)
---
<span style=""color:red"">注意：大盘类指数成分股非指数公布成分股</span>
以下指数成分股特殊处理，使用板块下成分股替换指数原有成分股：  
""16:1A0001"" -> ""BACA""  
""16:1A0002"" -> ""15""  
""16:1A0003"" -> ""16""  
""16:1B0688"" -> ""C902""  
""32:399001"" -> ""BAC9""  
""32:399002"" -> ""1B""  
""32:399003"" -> ""1C""
""32:399006"" -> ""CFE4""  
""144:899050"" -> ""CA8B""
示例：
指数代码为大盘类指数，需要使用市场级别代码表；示例：如1B0688，使用全部 68* 开头的代码作为指数成分股；",,false,[],"UUS,89,UDC,UBAX,UBAF,U31X,U31F,U32X,U32F","STANDARD_SNAPSHOT,STANDARD_SERIES_TIME_RANGE_ALL"
ev_ebitda_ratio_ttm|EV息税前折旧摊销前利润比(TTM)|Enterprise Multiple (TTM),security,metric_lookup,series,market_code,ev_ebitda_ratio_ttm,ev_ebitda_ratio_ttm,{},"{""type"":""end_count"",""end_time"":0,""count"":30,""time_period"":""day_1"",""supported_types"":[""begin_end"",""end_count""]}",series-etf-30d.json,snapshot;day_1,EV息税前折旧摊销前利润比(TTM),Enterprise Multiple (TTM),"是一种常用的估值指标，用来衡量公司每 1 元息税前利润对应多少企业价值（EV）。这个比率在投资分析、并购评估和公司比较中有重要意义。
---
指标意义
1、衡量企业估值水平
EV/EBITDA 表示企业整体价值是其核心经营利润的多少倍。这个倍数越高，代表市场给企业的估值越高，可能意味着企业成长性强，也可能估值偏高。越低可能意味着被低估。
例如：
	•	某公司 EV/EBITDA 为 8 倍，行业平均为 12 倍，可能存在估值低的机会。
	•	某公司为 15 倍，可能存在溢价或未来增长预期强烈。
2、跨公司或行业对比更公平
由于该指标不受利息、税率、折旧等影响，它比 PE（市盈率）更适用于不同资本结构或不同国家的公司之间的比较，尤其适合重资产行业（如制造、能源、基建等）。
3、企业并购估值常用指标
EV/EBITDA 常用于判断收购是否划算。收购方愿意为 EBITDA 付出多少倍的价格，直接决定了交易估值。例如 EBITDA 是 1 亿，交易估值 8 亿，意味着 EV/EBITDA 是 8 倍。。",,false,[],"UUS,89,UDC,UBAX,UBAF,U31X,U31F,U32X,U32F","STANDARD_SNAPSHOT,STANDARD_SERIES_TIME_RANGE_ALL"
ps_ttm|市销率(TTM)|Price to Sales Ratio (TTM),security,metric_lookup,series,market_code,ps_ttm,ps_ttm,{},"{""type"":""end_count"",""end_time"":0,""count"":30,""time_period"":""day_1"",""supported_types"":[""begin_end"",""end_count""]}",series-etf-30d.json,snapshot;day_1,市销率(TTM),Price to Sales Ratio (TTM),"市销率 是衡量一家企业估值的常用指标之一，它反映的是投资者为每一元营业收入愿意支付的股价。相比市盈率（P/E）更适用于尚未盈利或盈利波动大的公司。
•P/S 越低：表示用较低的价格买到较高的收入，可能存在低估机会。
•P/S 越高：可能意味着估值偏高，或者市场对其未来增长有较高预期。
**计算公式**
市销率TTM =  总市值 /  营业总收入TTM
**指数计算公式**
市销率TTM =  ∑成分股总市值 /  ∑营业总收入TTM
---
<span style=""color:red"">注意：大盘类指数成分股非指数公布成分股</span>
以下指数成分股特殊处理，使用板块下成分股替换指数原有成分股：  
""16:1A0001"" -> ""BACA""  
""16:1A0002"" -> ""15""  
""16:1A0003"" -> ""16""  
""16:1B0680"" -> ""C902""  
""32:399001"" -> ""BAC9""  
""32:399002"" -> ""1B""  
""32:399003"" -> ""1C""
""32:399006"" -> ""CFE4""  
""144:899050"" -> ""CA8B""
示例：
指数代码为大盘类指数，需要使用市场级别代码表；示例：如1B0680，使用全部 68* 开头的代码作为指数成分股； 
---
<span style=""color:red"">注意：指数成分股存在多交易币种</span>
**汇率转换** 使用指数所属市场的默认汇率作为目标汇率，成分股币种转换到指数默认币种
示例：上证指数中存在 A、B 股，B 股需要将 USD 转换为 CNY 后进行求和",,false,[],"UUS,89,UDC,UBAX,UBAF,U31X,U31F,U32X,U32F","STANDARD_SNAPSHOT,STANDARD_SERIES_TIME_RANGE_ALL"
pcf_ttm|市现率(TTM)|Price to Cash Ratio (TTM),security,metric_lookup,series,market_code,pcf_ttm,pcf_ttm,{},"{""type"":""end_count"",""end_time"":0,""count"":30,""time_period"":""day_1"",""supported_types"":[""begin_end"",""end_count""]}",series-etf-30d.json,snapshot;day_1,市现率(TTM),Price to Cash Ratio (TTM),"P/CF
市现率 TTM
计算公式
市现率 = 收盘价 * 流通普通股数 / 经营活动现金
### 核心业务含义与价值
市现率（TTM）是一个比市盈率（P/E）更稳健的估值工具，其业务价值主要体现在以下几个方面：
1. 评估估值：公司是“贵”还是“便宜”？
含义：这是其最直接的用途。与同行业其他公司或公司自身的历史水平进行比较，可以判断其当前估值水平。
解读：
较低的市现率：可能表明公司相对于其产生的现金流而言被低估（更便宜），或者市场认为其未来现金流会下降。
较高的市现率：通常意味着市场对公司的增长前景非常乐观，愿意为其未来的现金流增长支付溢价，也可能表明公司当前被高估。
2. 洞察盈利质量和财务健康度
含义：现金流比净利润更难被操纵。净利润可以通过折旧摊销、一次性损益、会计政策变更等方法来“美化”，但现金流是实实在在的“真金白银”。
解读：
如果一家公司净利润很高但经营现金流很差，这可能是一个危险信号（例如，大量收入是应收账款，没有实际收到钱）。此时市盈率（P/E）可能看起来很低，但市现率（P/CF）会很高，揭示出其盈利质量不佳。
反之，一家公司经营现金流持续、稳定地高于净利润，通常意味着其业务模式健康，盈利质量高，财务风险低。市现率能很好地反映出这一点。
3. 衡量短期偿债能力和风险
含义：强大的经营现金流是公司偿还到期债务、支付利息的最根本保障。
解读：一家市现率较低的公司（意味着现金流相对市值很充足），通常其短期偿债能力更强，财务风险更低，在经济下行周期中更具韧性。
4. 尤其适用于资本密集型或高折旧行业
含义：在这些行业中，巨大的折旧费用会大幅拉低报表利润（净利润），使得市盈率（P/E）失真地偏高。
解读：因为经营现金流 = 净利润 + 非现金支出（如折旧摊销），所以市现率消除了折旧的影响，能更准确地反映这类公司的真实盈利能力和估值水平。对于房地产、制造业、电信、能源等行业，市现率通常比市盈率更有参考价值。",,false,[],"UUS,89,UDC,UBAX,UBAF,U31X,U31F,U32X,U32F","STANDARD_SNAPSHOT,STANDARD_SERIES_TIME_RANGE_ALL"
pe_ttm|市盈率(TTM)|Price to Earnings Ratio (TTM),security,metric_lookup,series,market_code,pe_ttm,pe_ttm,{},"{""type"":""end_count"",""end_time"":0,""count"":30,""time_period"":""day_1"",""supported_types"":[""begin_end"",""end_count""]}",series-etf-30d.json,snapshot;day_1,市盈率(TTM),Price to Earnings Ratio (TTM),"定义：表示总市值与过去连续十二个月（四个财季）每股收益（EPS）的比率，也被称作滚动市盈率。
特点‌：数据更新及时，平衡历史与当前表现。
公式：
    个股 =总市值 / 净利润TTM
    指数 = ∑成分股总市值 / ∑成分股净利润TTM
    注意：用的是最近四个季度|最近连续12个月的净利润，更多详见计算公式
数据标准参考：
1、个股数据基准可参考交易所披露信息
[上交所](https://www.sse.com.cn/assortment/stock/list/info/company/index.shtml?COMPANY_CODE=600000)
[深交所](http://www.szse.cn/market/stock/active/index.html)
2、指数数据基准可参考[中证指数官网](https://www.csindex.com.cn/#/dataService/indexDashboard)",,false,[],"UUS,89,UDC,UBAX,UBAF,U31X,U31F,U32X,U32F","STANDARD_SNAPSHOT,STANDARD_SERIES_TIME_RANGE_ALL"
ev|企业价值|Enterprise Value,security,metric_lookup,series,market_code,ev,ev,{},"{""type"":""end_count"",""end_time"":0,""count"":30,""time_period"":""day_1"",""supported_types"":[""begin_end"",""end_count""]}",series-etf-30d.json,snapshot;day_1,企业价值,Enterprise Value,"EV（Enterprise Value，企业价值），是衡量一家公司的整体价值的一种指标，代表理论上收购这家公司所需要支付的全部价格。
相比市值（只看股东部分），EV 同时考虑了：
	•	股东价值（市值）
	•	债权人价值（负债）
	•	公司自身持有的现金（可抵减收购成本）
---
EV 的实际用途和意义
1、评估收购成本
EV 代表“假如你要买下整家公司”，你需要花的“净总价”
更贴近并购市场的真实支付金额
2、相对估值的重要基准
EV 通常与 EBITDA（税息折旧及摊销前利润）等指标配对，构建估值比率：",,false,[],"UUS,89,UDC,UBAX,UBAF,U31X,U31F,U32X,U32F","STANDARD_SNAPSHOT,STANDARD_SERIES_TIME_RANGE_ALL"
total_market_value|总市值|Equity Market Capitalization,security,metric_lookup,series,market_code,total_market_value,total_market_value,{},"{""type"":""end_count"",""end_time"":0,""count"":30,""time_period"":""day_1"",""supported_types"":[""begin_end"",""end_count""]}",series-etf-30d.json,snapshot;day_1,总市值,Equity Market Capitalization,"在金融领域中，总市值（Market Capitalization），也常被称为市值，是指一家上市公司在股票市场上的价值总和。它通过将公司的股票价格乘以已发行股票的总数来计算得出。总市值是衡量公司规模和市场对公司价值评估的一个重要指标。
目前支持品种，A股，A股指数;
目前支持周期情况:
A股: 快照
A股指数: 支持近30日历史日线（day_1）&快照
---
<span style=""color:red"">注意：大盘类指数成分股非指数公布成分股</span>
以下指数成分股特殊处理，使用板块下成分股替换指数原有成分股：  
""16:1A0001"" -> ""BACA""  
""16:1A0002"" -> ""15""  
""16:1A0003"" -> ""16""  
""16:1B0688"" -> ""C902""  
""32:399001"" -> ""BAC9""  
""32:399002"" -> ""1B""  
""32:399003"" -> ""1C""
""32:399006"" -> ""CFE4""  
""144:899050"" -> ""CA8B""
示例：
指数代码为大盘类指数，需要使用市场级别代码表；示例：如1B0688，使用全部 68* 开头的代码作为指数成分股； 
---
<span style=""color:red"">注意：指数成分股存在多交易币种</span>
**汇率转换** 使用指数所属市场的默认汇率作为目标汇率，成分股币种转换到指数默认币种
示例：上证指数中存在 A、B 股，B 股需要将 USD 转换为 CNY 后进行求和",,false,[],"UUS,89,UDC,UBAX,UBAF,U31X,U31F,U32X,U32F","STANDARD_SNAPSHOT,STANDARD_SERIES_TIME_RANGE_ALL"
ext_crypto_total_volume_24h|数字币全市场24小时成交量|Crypto 24H Trading Volume,market_env,metric_lookup,snapshot,,ext_crypto_total_volume_24h,ext_crypto_total_volume_24h,{},{},market-env-snapshot.json,snapshot,数字币全市场24小时成交量,Crypto 24H Trading Volume,数字币24小时成交量,,false,[],"UUS,89,UAOS,UDC,UBAX,UBAF,U31X,U31F,U32X,U32F",STANDARD_SNAPSHOT_MARKET_ENV
ext_metric_highlight|亮点描述|Core Highlights,security,metric_lookup,snapshot,market_code,ext_metric_highlight,ext_metric_highlight,{},{},stock-detail.json,snapshot,亮点描述,Core Highlights,指企业的优势、特色和优秀表现的亮点，是指企业在市场竞争中具有一定优势的方面。这些亮点可能包括企业具有独特的技术、产品、服务、市场份额或财务表现等。企业的亮点通常是在市场营销和企业宣传中被强调和突出的。企业的亮点可以为公司树立品牌形象、提高企业知名度、吸引更多的投资和客户等方面提供重要的帮助。在投资分析中，了解一个企业的亮点和优势是十分重要的，投资者可以基于这些亮点来判断一家公司的企业价值和发展前景，并为投资决策提供参考。,,false,[],"UUS,89,UAOS,UDC,UBAX,UBAF,U31X,U31F,U32X,U32F",STANDARD_SNAPSHOT
inr-price_change_ratio_pct-sum|区间涨幅|Price Change % (Period),security,metric_lookup,snapshot,market_code,inr-price_change_ratio_pct-sum,inr-price_change_ratio_pct-sum,"{""period_type"":{""children"":null,""default"":null,""enum_options"":[{""label"":""null"",""value"":null},{""label"":""rolling"",""value"":""rolling""},{""label"":""rolling2"",""value"":""rolling2""}],""example"":null,""name"":""period_type"",""query_type"":""enum"",""required"":""1"",""source"":""legacy""},""time_period"":{""children"":null,""default"":""min_*"",""enum_options"":[{""label"":""不限trade_class且*>1"",""value"":""min_*""},{""label"":""限制intraday"",""value"":""day_*""},{""label"":""限制intraday"",""value"":""week_*""},{""label"":""限制intraday"",""value"":""month_*""},{""label"":""限制intraday"",""value"":""year_*""}],""example"":""min_*"",""name"":""time_period"",""query_type"":""enum"",""required"":""1"",""source"":""legacy""},""trade_class"":{""children"":null,""default"":""intraday"",""enum_options"":[{""label"":""盘前"",""value"":""pre_market""},{""label"":""盘中"",""value"":""intraday""},{""label"":""盘后"",""value"":""post_market""}],""example"":""intraday"",""name"":""trade_class"",""query_type"":""enum"",""required"":""1"",""source"":""legacy""}}",{},stock-detail.json,min_*;day_*;week_*;month_*;year_*,区间涨幅,Price Change % (Period),"区间涨幅用于统计个股、基金或投资组合在某一时间段内的价格涨跌幅度，反映资产在该期间的表现。
例如，某股票在10天内从10元涨至12元，区间涨幅为20%‌
计算公式：
区间涨幅 = ((区间结束收盘价格 / 区间起始昨收价格) - 1 ) * 100",区间收盘价涨幅|区间涨幅,true,"[""min_*"",""day_*"",""week_*"",""month_*"",""year_*""]","UUS,89,UDC,UBAX,UBAF,U31X,U31F,U32X,U32F",STANDARD_SNAPSHOT
inr-price_change_ratio_pct-sum|区间涨幅|Price Change % (Period),security,metric_lookup,snapshot,market_code,inr-price_change_ratio_pct-sum,inr-price_change_ratio_pct-sum,"{""period_type"":{""children"":null,""default"":null,""enum_options"":[{""label"":""null"",""value"":null},{""label"":""rolling"",""value"":""rolling""},{""label"":""rolling2"",""value"":""rolling2""}],""example"":null,""name"":""period_type"",""query_type"":""enum"",""required"":""1"",""source"":""legacy""},""time_period"":{""children"":null,""default"":""min_*"",""enum_options"":[{""label"":""不限trade_class且*>1"",""value"":""min_*""},{""label"":""限制intraday"",""value"":""day_*""},{""label"":""限制intraday"",""value"":""week_*""},{""label"":""限制intraday"",""value"":""month_*""},{""label"":""限制intraday"",""value"":""year_*""}],""example"":""min_*"",""name"":""time_period"",""query_type"":""enum"",""required"":""1"",""source"":""legacy""},""trade_class"":{""children"":null,""default"":""intraday"",""enum_options"":[{""label"":""盘前"",""value"":""pre_market""},{""label"":""盘中"",""value"":""intraday""},{""label"":""盘后"",""value"":""post_market""}],""example"":""intraday"",""name"":""trade_class"",""query_type"":""enum"",""required"":""1"",""source"":""legacy""}}",{},stock-detail.json,min_*;day_*;week_*;month_*;year_*,区间涨幅,Price Change % (Period),"区间涨幅用于统计个股、基金或投资组合在某一时间段内的价格涨跌幅度，反映资产在该期间的表现。
例如，某股票在10天内从10元涨至12元，区间涨幅为20%‌
计算公式：
区间涨幅 = ((区间结束收盘价格 / 区间起始昨收价格) - 1 ) * 100",区间收盘价涨幅|区间涨幅,true,"[""min_*"",""day_*"",""week_*"",""month_*"",""year_*""]","UUS,89,UDC,UBAX,UBAF,U31X,U31F,U32X,U32F",STANDARD_SNAPSHOT
inr-price_change_ratio_pct-sum|区间涨幅|Price Change % (Period),security,metric_lookup,snapshot,market_code,inr-price_change_ratio_pct-sum,inr-price_change_ratio_pct-sum,"{""period_type"":{""children"":null,""default"":null,""enum_options"":[{""label"":""null"",""value"":null},{""label"":""rolling"",""value"":""rolling""},{""label"":""rolling2"",""value"":""rolling2""}],""example"":null,""name"":""period_type"",""query_type"":""enum"",""required"":""1"",""source"":""legacy""},""time_period"":{""children"":null,""default"":""min_*"",""enum_options"":[{""label"":""不限trade_class且*>1"",""value"":""min_*""},{""label"":""限制intraday"",""value"":""day_*""},{""label"":""限制intraday"",""value"":""week_*""},{""label"":""限制intraday"",""value"":""month_*""},{""label"":""限制intraday"",""value"":""year_*""}],""example"":""min_*"",""name"":""time_period"",""query_type"":""enum"",""required"":""1"",""source"":""legacy""},""trade_class"":{""children"":null,""default"":""intraday"",""enum_options"":[{""label"":""盘前"",""value"":""pre_market""},{""label"":""盘中"",""value"":""intraday""},{""label"":""盘后"",""value"":""post_market""}],""example"":""intraday"",""name"":""trade_class"",""query_type"":""enum"",""required"":""1"",""source"":""legacy""}}",{},stock-detail.json,min_*;day_*;week_*;month_*;year_*,区间涨幅,Price Change % (Period),"区间涨幅用于统计个股、基金或投资组合在某一时间段内的价格涨跌幅度，反映资产在该期间的表现。
例如，某股票在10天内从10元涨至12元，区间涨幅为20%‌
计算公式：
区间涨幅 = ((区间结束收盘价格 / 区间起始昨收价格) - 1 ) * 100",区间收盘价涨幅|区间涨幅,true,"[""min_*"",""day_*"",""week_*"",""month_*"",""year_*""]","UUS,89,UDC,UBAX,UBAF,U31X,U31F,U32X,U32F",STANDARD_SNAPSHOT
65555|交易状态|Exchange Status,security,metric_lookup,snapshot,market_code,65555,65555,{},{},stock-detail.json,snapshot,交易状态,Exchange Status,交易状态（Trade Status）是指证券在交易所的当前交易状况，如正常交易、停牌、涨跌停等。该指标不涉及时间统计口径，因此所有别名中无需添加后缀。,,false,[],"UUS,89,UDC,UBAX,UBAF,U31X,U31F,U32X,U32F,UAOS",STANDARD_SNAPSHOT
65555|交易状态|Exchange Status,security,metric_lookup,snapshot,market_code,65555,65555,{},{},stock-detail.json,snapshot,交易状态,Exchange Status,交易状态（Trade Status）是指证券在交易所的当前交易状况，如正常交易、停牌、涨跌停等。该指标不涉及时间统计口径，因此所有别名中无需添加后缀。,,false,[],"UUS,89,UDC,UBAX,UBAF,U31X,U31F,U32X,U32F,UAOS",STANDARD_SNAPSHOT
65555|交易状态|Exchange Status,security,metric_lookup,snapshot,market_code,65555,65555,{},{},stock-detail.json,snapshot,交易状态,Exchange Status,交易状态（Trade Status）是指证券在交易所的当前交易状况，如正常交易、停牌、涨跌停等。该指标不涉及时间统计口径，因此所有别名中无需添加后缀。,,false,[],"UUS,89,UDC,UBAX,UBAF,U31X,U31F,U32X,U32F,UAOS",STANDARD_SNAPSHOT
65555|交易状态|Exchange Status,security,metric_lookup,snapshot,market_code,65555,65555,{},{},stock-detail.json,snapshot,交易状态,Exchange Status,交易状态（Trade Status）是指证券在交易所的当前交易状况，如正常交易、停牌、涨跌停等。该指标不涉及时间统计口径，因此所有别名中无需添加后缀。,,false,[],"UUS,89,UDC,UBAX,UBAF,U31X,U31F,U32X,U32F,UAOS",STANDARD_SNAPSHOT
inr-volatility-avg|区间振幅（基于最低价）|Volatility,security,metric_lookup,snapshot,market_code,inr-volatility-avg,inr-volatility-avg,"{""period_type"":{""children"":null,""default"":null,""enum_options"":[{""label"":""null"",""value"":null},{""label"":""rolling"",""value"":""rolling""},{""label"":""rolling2"",""value"":""rolling2""}],""example"":null,""name"":""period_type"",""query_type"":""enum"",""required"":""1"",""source"":""legacy""},""time_period"":{""children"":null,""default"":""min_*"",""enum_options"":[{""label"":""不限trade_class且*>1"",""value"":""min_*""},{""label"":""限制intraday"",""value"":""day_*""},{""label"":""限制intraday"",""value"":""week_*""},{""label"":""限制intraday"",""value"":""month_*""},{""label"":""限制intraday"",""value"":""year_*""}],""example"":""min_*"",""name"":""time_period"",""query_type"":""enum"",""required"":""1"",""source"":""legacy""},""trade_class"":{""children"":null,""default"":""intraday"",""enum_options"":[{""label"":""盘前"",""value"":""pre_market""},{""label"":""盘中"",""value"":""intraday""},{""label"":""盘后"",""value"":""post_market""}],""example"":""intraday"",""name"":""trade_class"",""query_type"":""enum"",""required"":""1"",""source"":""legacy""}}",{},stock-detail.json,min_*;day_*;week_*;month_*;year_*,区间振幅（基于最低价）,Volatility,"周波动率=过去7天内每根k线的日波动率的平均数，取自然日
但是日波动率 = (最高价 - 最低价) x 100 / |最低价| %  （不考虑前一根K线的收盘价）
月波动率=过去30天内每根k线的日波动率的平均数 ，取自然日
但是日波动率 = (最高价 - 最低价) x 100 / |最低价| %  （不考虑前一根K线的收盘价）",区间振幅（基于最低价）,true,"[""min_*"",""day_*"",""week_*"",""month_*"",""year_*""]","UUS,89,UDC,UBAX,UBAF,U31X,U31F,U32X,U32F",STANDARD_SNAPSHOT
inr-volatility-avg|区间振幅（基于最低价）|Volatility,security,metric_lookup,snapshot,market_code,inr-volatility-avg,inr-volatility-avg,"{""period_type"":{""children"":null,""default"":null,""enum_options"":[{""label"":""null"",""value"":null},{""label"":""rolling"",""value"":""rolling""},{""label"":""rolling2"",""value"":""rolling2""}],""example"":null,""name"":""period_type"",""query_type"":""enum"",""required"":""1"",""source"":""legacy""},""time_period"":{""children"":null,""default"":""min_*"",""enum_options"":[{""label"":""不限trade_class且*>1"",""value"":""min_*""},{""label"":""限制intraday"",""value"":""day_*""},{""label"":""限制intraday"",""value"":""week_*""},{""label"":""限制intraday"",""value"":""month_*""},{""label"":""限制intraday"",""value"":""year_*""}],""example"":""min_*"",""name"":""time_period"",""query_type"":""enum"",""required"":""1"",""source"":""legacy""},""trade_class"":{""children"":null,""default"":""intraday"",""enum_options"":[{""label"":""盘前"",""value"":""pre_market""},{""label"":""盘中"",""value"":""intraday""},{""label"":""盘后"",""value"":""post_market""}],""example"":""intraday"",""name"":""trade_class"",""query_type"":""enum"",""required"":""1"",""source"":""legacy""}}",{},stock-detail.json,min_*;day_*;week_*;month_*;year_*,区间振幅（基于最低价）,Volatility,"周波动率=过去7天内每根k线的日波动率的平均数，取自然日
但是日波动率 = (最高价 - 最低价) x 100 / |最低价| %  （不考虑前一根K线的收盘价）
月波动率=过去30天内每根k线的日波动率的平均数 ，取自然日
但是日波动率 = (最高价 - 最低价) x 100 / |最低价| %  （不考虑前一根K线的收盘价）",区间振幅（基于最低价）,true,"[""min_*"",""day_*"",""week_*"",""month_*"",""year_*""]","UUS,89,UDC,UBAX,UBAF,U31X,U31F,U32X,U32F",STANDARD_SNAPSHOT
inr-volatility-avg|区间振幅（基于最低价）|Volatility,security,metric_lookup,snapshot,market_code,inr-volatility-avg,inr-volatility-avg,"{""period_type"":{""children"":null,""default"":null,""enum_options"":[{""label"":""null"",""value"":null},{""label"":""rolling"",""value"":""rolling""},{""label"":""rolling2"",""value"":""rolling2""}],""example"":null,""name"":""period_type"",""query_type"":""enum"",""required"":""1"",""source"":""legacy""},""time_period"":{""children"":null,""default"":""min_*"",""enum_options"":[{""label"":""不限trade_class且*>1"",""value"":""min_*""},{""label"":""限制intraday"",""value"":""day_*""},{""label"":""限制intraday"",""value"":""week_*""},{""label"":""限制intraday"",""value"":""month_*""},{""label"":""限制intraday"",""value"":""year_*""}],""example"":""min_*"",""name"":""time_period"",""query_type"":""enum"",""required"":""1"",""source"":""legacy""},""trade_class"":{""children"":null,""default"":""intraday"",""enum_options"":[{""label"":""盘前"",""value"":""pre_market""},{""label"":""盘中"",""value"":""intraday""},{""label"":""盘后"",""value"":""post_market""}],""example"":""intraday"",""name"":""trade_class"",""query_type"":""enum"",""required"":""1"",""source"":""legacy""}}",{},stock-detail.json,min_*;day_*;week_*;month_*;year_*,区间振幅（基于最低价）,Volatility,"周波动率=过去7天内每根k线的日波动率的平均数，取自然日
但是日波动率 = (最高价 - 最低价) x 100 / |最低价| %  （不考虑前一根K线的收盘价）
月波动率=过去30天内每根k线的日波动率的平均数 ，取自然日
但是日波动率 = (最高价 - 最低价) x 100 / |最低价| %  （不考虑前一根K线的收盘价）",区间振幅（基于最低价）,true,"[""min_*"",""day_*"",""week_*"",""month_*"",""year_*""]","UUS,89,UDC,UBAX,UBAF,U31X,U31F,U32X,U32F",STANDARD_SNAPSHOT
etf_wallstreet_rating|ETF 华尔街评级|ETF Wallstreet Rating,security,metric_lookup,snapshot,market_code,etf_wallstreet_rating,etf_wallstreet_rating,{},{},stock-detail.json,snapshot,ETF 华尔街评级,ETF Wallstreet Rating,"取ETF成分股五个评级（strong buy, buy,hold, sell, strong sell）中数量最多的（做完了现有指标）作为ETF的华尔街评级",,false,[],UUS,STANDARD_SNAPSHOT
avg_spent_age|平均已花费输出寿命|Average Spent Output Lifespan,chain_id,metric_lookup,series,chain_id,avg_spent_age,avg_spent_age,"{""time_period"":{""children"":null,""default"":""day_1"",""enum_options"":[{""label"":""day_1"",""value"":""day_1""}],""example"":""day_1"",""name"":""time_period"",""query_type"":""enum"",""required"":""1"",""source"":""table""}}","{""type"":""begin_end"",""begin_time"":1783296000000,""end_time"":0,""time_period"":""day_1""}",series-etf-30d.json,day_1,平均已花费输出寿命,Average Spent Output Lifespan,所有在当日被花费的未花费交易输出（UTXO）自创建以来的平均持有时间（以天为单位）。反映市场整体持仓周期。,,false,"[""day_1""]",INNER2,STANDARD_SERIES_TIME_RANGE_BEGIN_END
fundAssetType|资产类型分布|Asset Type Allocation,security,metric_lookup,snapshot,market_code,fundAssetType,fundAssetType,{},{},stock-detail.json,snapshot,资产类型分布,Asset Type Allocation,持仓类别分布,,false,[],UUS,STANDARD_SNAPSHOT
fundAnalyEn|基金分析(英文)|Fund Analysis,security,metric_lookup,snapshot,market_code,fundAnalyEn,fundAnalyEn,{},{},stock-detail.json,snapshot,基金分析(英文),Fund Analysis,介绍,,false,[],UUS,STANDARD_SNAPSHOT
ext_etf_holding_ratio|持仓比例|Position Weight %,security,metric_lookup,snapshot,market_code,ext_etf_holding_ratio,ext_etf_holding_ratio,"{""match_code"":{""children"":null,""default"":null,""enum_options"":null,""example"":null,""name"":""match_code"",""query_type"":""string"",""required"":""1"",""source"":""legacy""}}",{},stock-detail.json,snapshot,持仓比例,Position Weight %,持仓比例,,false,[],UUS,STANDARD_SNAPSHOT
opt_root_atm_iv|ATM隐含波动率|ATM Implied Volatility,security,metric_lookup,series,market_code,opt_root_atm_iv,opt_root_atm_iv,{},"{""type"":""end_count"",""end_time"":0,""count"":30,""time_period"":""day_1"",""supported_types"":[""begin_end"",""end_count""]}",series-etf-30d.json,snapshot;day_1,ATM隐含波动率,ATM Implied Volatility,ATM 隐含波动率。原值是 0-1 小数，展示时需乘以 100。,,false,[],UUS,"STANDARD_SNAPSHOT,STANDARD_SERIES_TIME_RANGE_ALL"
ext_eth_dominance_min_60|ETH占比1小时历史数据|ETH Dominance 1H Historical Data %,market_env,metric_lookup,series,,ext_eth_dominance_min_60,ext_eth_dominance_min_60,"{""time_period"":{""children"":null,""default"":""min_60"",""enum_options"":[{""label"":""min_60"",""value"":""min_60""}],""example"":""min_60"",""name"":""time_period"",""query_type"":""enum"",""required"":""1"",""source"":""table""}}","{""type"":""end_count"",""end_time"":0,""count"":30,""time_period"":""min_60""}",,min_60,ETH占比1小时历史数据,ETH Dominance 1H Historical Data %,ETH占比1小时历史数据,,false,"[""min_60""]","UUS,89,UAOS,UDC,UBAX,UBAF,U31X,U31F,U32X,U32F",STANDARD_SERIES_MARKET_ENV
ext_usdt_dominance_min_60|USDT占比1小时历史数据|USDT Dominance 1H Historical Data %,market_env,metric_lookup,series,,ext_usdt_dominance_min_60,ext_usdt_dominance_min_60,"{""time_period"":{""children"":null,""default"":""min_60"",""enum_options"":[{""label"":""min_60"",""value"":""min_60""}],""example"":""min_60"",""name"":""time_period"",""query_type"":""enum"",""required"":""1"",""source"":""table""}}","{""type"":""end_count"",""end_time"":0,""count"":30,""time_period"":""min_60""}",,min_60,USDT占比1小时历史数据,USDT Dominance 1H Historical Data %,USDT占比1小时历史数据,,false,"[""min_60""]","UUS,89,UAOS,UDC,UBAX,UBAF,U31X,U31F,U32X,U32F",STANDARD_SERIES_MARKET_ENV
ext_crypto_total_market_cap_min_60|全市场数字币总市值1小时历史数据|Global Crypto Market Cap 1H Historical Data,market_env,metric_lookup,series,,ext_crypto_total_market_cap_min_60,ext_crypto_total_market_cap_min_60,"{""time_period"":{""children"":null,""default"":""min_60"",""enum_options"":[{""label"":""min_60"",""value"":""min_60""}],""example"":""min_60"",""name"":""time_period"",""query_type"":""enum"",""required"":""1"",""source"":""table""}}","{""type"":""end_count"",""end_time"":0,""count"":30,""time_period"":""min_60""}",,min_60,全市场数字币总市值1小时历史数据,Global Crypto Market Cap 1H Historical Data,数字货币总市值1小时历史数据,,false,"[""min_60""]","UUS,89,UAOS,UDC,UBAX,UBAF,U31X,U31F,U32X,U32F",STANDARD_SERIES_MARKET_ENV
ext_btc_dominance_min_60|BTC占比1小时历史数据|BTC Dominance 1H Historical Data %,market_env,metric_lookup,series,,ext_btc_dominance_min_60,ext_btc_dominance_min_60,"{""time_period"":{""children"":null,""default"":""min_60"",""enum_options"":[{""label"":""min_60"",""value"":""min_60""}],""example"":""min_60"",""name"":""time_period"",""query_type"":""enum"",""required"":""1"",""source"":""table""}}","{""type"":""end_count"",""end_time"":0,""count"":30,""time_period"":""min_60""}",,min_60,BTC占比1小时历史数据,BTC Dominance 1H Historical Data %,BTC占比 1小时历史数据,,false,"[""min_60""]","UUS,89,UAOS,UDC,UBAX,UBAF,U31X,U31F,U32X,U32F",STANDARD_SERIES_MARKET_ENV
ext_other_dominance_pct_chg_24h|其他币（除了BTC和ETH）市值占比24小时变化%|Other Coins Ex-BTC and ETH Market Cap Dominance 24H Change %,market_env,metric_lookup,snapshot,,ext_other_dominance_pct_chg_24h,ext_other_dominance_pct_chg_24h,{},{},market-env-snapshot.json,snapshot,其他币（除了BTC和ETH）市值占比24小时变化%,Other Coins Ex-BTC and ETH Market Cap Dominance 24H Change %,其他币（除了BTC和ETH）市值占比24小时变化%,,false,[],"UUS,89,UAOS,UDC,UBAX,UBAF,U31X,U31F,U32X,U32F",STANDARD_SNAPSHOT_MARKET_ENV
ext_other_dominance|其他币（除了BTC和ETH）市值占比|Other Coins Ex-BTC and ETH Market Cap Dominance %,market_env,metric_lookup,snapshot,,ext_other_dominance,ext_other_dominance,{},{},market-env-snapshot.json,snapshot,其他币（除了BTC和ETH）市值占比,Other Coins Ex-BTC and ETH Market Cap Dominance %,其他币（除了BTC和ETH）市值占比,,false,[],"UUS,89,UAOS,UDC,UBAX,UBAF,U31X,U31F,U32X,U32F",STANDARD_SNAPSHOT_MARKET_ENV
ext_eth_dominance|ETH市值占比|ETH Market Cap Dominance %,market_env,metric_lookup,snapshot,,ext_eth_dominance,ext_eth_dominance,{},{},market-env-snapshot.json,snapshot,ETH市值占比,ETH Market Cap Dominance %,ETH市值占比,,false,[],"UUS,89,UAOS,UDC,UBAX,UBAF,U31X,U31F,U32X,U32F",STANDARD_SNAPSHOT_MARKET_ENV
ext_crypto_total_market_cap|全市场数字币总市值|Total Crypto Market Cap,market_env,metric_lookup,snapshot,,ext_crypto_total_market_cap,ext_crypto_total_market_cap,{},{},market-env-snapshot.json,snapshot,全市场数字币总市值,Total Crypto Market Cap,数字币总市值,,false,[],"UUS,89,UAOS,UDC,UBAX,UBAF,U31X,U31F,U32X,U32F",STANDARD_SNAPSHOT_MARKET_ENV
ext_bnb_dominance_min_60|BNB占比1小时历史数据|BNB Dominance 1H Historical Data %,market_env,metric_lookup,series,,ext_bnb_dominance_min_60,ext_bnb_dominance_min_60,"{""time_period"":{""children"":null,""default"":""min_60"",""enum_options"":[{""label"":""min_60"",""value"":""min_60""}],""example"":""min_60"",""name"":""time_period"",""query_type"":""enum"",""required"":""1"",""source"":""table""}}","{""type"":""end_count"",""end_time"":0,""count"":30,""time_period"":""min_60""}",,min_60,BNB占比1小时历史数据,BNB Dominance 1H Historical Data %,BNB占比1小时历史数据,,false,"[""min_60""]","UUS,89,UAOS,UDC,UBAX,UBAF,U31X,U31F,U32X,U32F",STANDARD_SERIES_MARKET_ENV
ext_other_dominance_min_60|其他占比1小时历史数据|Other Coin Dominance 1H Historical Data %,market_env,metric_lookup,series,,ext_other_dominance_min_60,ext_other_dominance_min_60,"{""time_period"":{""children"":null,""default"":""min_60"",""enum_options"":[{""label"":""min_60"",""value"":""min_60""}],""example"":""min_60"",""name"":""time_period"",""query_type"":""enum"",""required"":""1"",""source"":""table""}}","{""type"":""end_count"",""end_time"":0,""count"":30,""time_period"":""min_60""}",,min_60,其他占比1小时历史数据,Other Coin Dominance 1H Historical Data %,其他占比1小时历史数据,,false,"[""min_60""]","UUS,89,UAOS,UDC,UBAX,UBAF,U31X,U31F,U32X,U32F",STANDARD_SERIES_MARKET_ENV
ext_eth_dominance_pct_chg_24h|ETH市值占比24小时变化%|ETH Market Cap Dominance 24H Change %,market_env,metric_lookup,snapshot,,ext_eth_dominance_pct_chg_24h,ext_eth_dominance_pct_chg_24h,{},{},market-env-snapshot.json,snapshot,ETH市值占比24小时变化%,ETH Market Cap Dominance 24H Change %,ETH市值占比24小时变化%,,false,[],"UUS,89,UAOS,UDC,UBAX,UBAF,U31X,U31F,U32X,U32F",STANDARD_SNAPSHOT_MARKET_ENV
ext_usdt_dominance|USDT市值占比|USDT Market Cap Dominance %,market_env,metric_lookup,snapshot,,ext_usdt_dominance,ext_usdt_dominance,{},{},market-env-snapshot.json,snapshot,USDT市值占比,USDT Market Cap Dominance %,USDT市值占比,,false,[],"UUS,89,UAOS,UDC,UBAX,UBAF,U31X,U31F,U32X,U32F",STANDARD_SNAPSHOT_MARKET_ENV
ext_btc_dominance_pct_chg_24h|BTC市值占比24小时变化%|BTC Market Cap Dominance 24H Change %,market_env,metric_lookup,snapshot,,ext_btc_dominance_pct_chg_24h,ext_btc_dominance_pct_chg_24h,{},{},market-env-snapshot.json,snapshot,BTC市值占比24小时变化%,BTC Market Cap Dominance 24H Change %,BTC市值占比24小时变化%,,false,[],"UUS,89,UAOS,UDC,UBAX,UBAF,U31X,U31F,U32X,U32F",STANDARD_SNAPSHOT_MARKET_ENV
ext_bnb_dominance|BNB市值占比|BNB Market Cap Dominance %,market_env,metric_lookup,snapshot,,ext_bnb_dominance,ext_bnb_dominance,{},{},market-env-snapshot.json,snapshot,BNB市值占比,BNB Market Cap Dominance %,BNB市值占比,,false,[],"UUS,89,UAOS,UDC,UBAX,UBAF,U31X,U31F,U32X,U32F",STANDARD_SNAPSHOT_MARKET_ENV
ext_metric_altcoin_season_index|山寨币指数|Altcoin Index,market_env,metric_lookup,snapshot,,ext_metric_altcoin_season_index,ext_metric_altcoin_season_index,{},{},market-env-snapshot.json,snapshot,山寨币指数,Altcoin Index,山寨币指数,,false,[],"UUS,89,UAOS,UDC,UBAX,UBAF,U31X,U31F,U32X,U32F",STANDARD_SNAPSHOT_MARKET_ENV
ext_crypto_total_market_cap_pct_chg_24h|数字币总市值24小时涨跌幅|Crypto Market Cap 24H Change %,market_env,metric_lookup,snapshot,,ext_crypto_total_market_cap_pct_chg_24h,ext_crypto_total_market_cap_pct_chg_24h,{},{},market-env-snapshot.json,snapshot,数字币总市值24小时涨跌幅,Crypto Market Cap 24H Change %,数字币总市值24小时涨跌幅,,false,[],"UUS,89,UAOS,UDC,UBAX,UBAF,U31X,U31F,U32X,U32F",STANDARD_SNAPSHOT_MARKET_ENV
ext_concept_inclusion_reason|成分股入选概念理由|Constituent Inclusion Reason,security,metric_lookup,snapshot,market_code,ext_concept_inclusion_reason,ext_concept_inclusion_reason,"{""match_code"":{""children"":null,""default"":null,""enum_options"":null,""example"":null,""name"":""match_code"",""query_type"":""string"",""required"":""1"",""source"":""legacy""}}",{},stock-detail.json,snapshot,成分股入选概念理由,Constituent Inclusion Reason,成分股入选概念理由是指某只股票被纳入特定概念板块的原因说明，通常用于解释该股票与概念主题的相关性。该指标不涉及统计周期后缀，因此所有别名均无需附加时间口径。,,false,[],"89,UUS",STANDARD_SNAPSHOT
ext_concept_update_time|概念更新时间|Concept Updated Time,security,metric_lookup,snapshot,market_code,ext_concept_update_time,ext_concept_update_time,{},{},stock-detail.json,snapshot,概念更新时间,Concept Updated Time,概念更新时间是指股票所属概念（如行业概念、主题概念）的最后更新时间，用于标识概念信息的时效性。该指标没有统计口径后缀，因此所有别名均直接指向同一指标，无需附加后缀。,,false,[],"89,UUS",STANDARD_SNAPSHOT
ext_concept_create_time|概念创建时间|Concept Created Time,security,metric_lookup,snapshot,market_code,ext_concept_create_time,ext_concept_create_time,{},{},stock-detail.json,snapshot,概念创建时间,Concept Created Time,概念创建时间是指某个金融概念（如行业概念、主题概念）被创建或定义的时间点，通常用于记录概念的起始时间。该指标是一个时点数据，不涉及统计口径后缀（如 TTM、FY 等），因此别名中不添加后缀。,,false,[],"89,UUS",STANDARD_SNAPSHOT
ext_concept_member_count|概念成分股个数|Number of Constituent Stocks,security,metric_lookup,snapshot,market_code,ext_concept_member_count,ext_concept_member_count,{},{},stock-detail.json,snapshot,概念成分股个数,Number of Constituent Stocks,概念成分股个数是指某一概念板块中包含的成分股数量，用于衡量该概念涵盖的股票范围。该指标不涉及特定统计口径后缀（如TTM、FY等），因此在所有别名中均不附加后缀。,,false,[],"89,UUS",STANDARD_SNAPSHOT
ext_concept_desc|概念描述|Concept Description,security,metric_lookup,snapshot,market_code,ext_concept_desc,ext_concept_desc,{},{},stock-detail.json,snapshot,概念描述,Concept Description,概念描述（Concept Description）是对金融概念或术语的详细解释，用于辅助理解相关指标。该指标名称不包含统计口径后缀（如TTM、FY等），因此在所有别名中均无需附加此类后缀，确保数据可比性。,,false,[],"89,UUS",STANDARD_SNAPSHOT
ext_metric_crypto_fear_greed_index|数字币恐慌指数|Crypto Fear Index,market_env,metric_lookup,series,,ext_metric_crypto_fear_greed_index,ext_metric_crypto_fear_greed_index,"{""time_period"":{""children"":null,""default"":""day_1"",""enum_options"":[{""label"":""day_1"",""value"":""day_1""}],""example"":""day_1"",""name"":""time_period"",""query_type"":""enum"",""required"":""1"",""source"":""table""}}","{""type"":""end_count"",""end_time"":0,""count"":30,""time_period"":""day_1""}",,day_1,数字币恐慌指数,Crypto Fear Index,数字币恐慌指数,,false,"[""day_1""]","UUS,89,UAOS,UDC,UBAX,UBAF,U31X,U31F,U32X,U32F","STANDARD_SNAPSHOT_MARKET_ENV,STANDARD_SERIES_MARKET_ENV"
farDivYld|远期年化分红|Forward Annualized Dividend,security,metric_lookup,snapshot,market_code,farDivYld,farDivYld,{},{},stock-detail.json,snapshot,远期年化分红,Forward Annualized Dividend,即年化了最新一期的分红，把最新一期的分红数字乘以每年分红次数,,false,[],UUS,STANDARD_SNAPSHOT
国际数字货币@Market Cap|分币种数字币总市值|Crypto Market Cap by Coin,security,metric_lookup,snapshot,market_code,国际数字货币@Market Cap,国际数字货币@Market Cap,{},{},stock-detail.json,snapshot,分币种数字币总市值,Crypto Market Cap by Coin,数字币的总市值,,false,[],"UUS,89,UAOS,UDC,UBAX,UBAF,U31X,U31F,U32X,U32F",STANDARD_SNAPSHOT
国际数字货币@Latest Trading Volume|数字币成交量|Crypto Trading Volume,security,metric_lookup,snapshot,market_code,国际数字货币@Latest Trading Volume,国际数字货币@Latest Trading Volume,{},{},stock-detail.json,snapshot,数字币成交量,Crypto Trading Volume,数字币的成交量,,false,[],"UUS,89,UAOS,UDC,UBAX,UBAF,U31X,U31F,U32X,U32F",STANDARD_SNAPSHOT
price_amplitude_ratio_pct_24h|24H振幅|24H Range %,security,metric_lookup,snapshot,market_code,price_amplitude_ratio_pct_24h,price_amplitude_ratio_pct_24h,{},{},stock-detail.json,snapshot,24H振幅,24H Range %,"振幅用于衡量数字币价格在一定周期内的波动幅度，通常以百分比形式表示。该指标通过最高价与最低价的差值相对于昨收价的比例来评估价格波动范围。

计算公式：24H振幅 = (24H最高价-24H最低价)/24H昨收价 *100",,false,[],"UUS,89,UDC,UBAX,UBAF,U31X,U31F,U32X,U32F",STANDARD_SNAPSHOT
bond_face_value|面值|Face Value,security,metric_lookup,snapshot,market_code,bond_face_value,bond_face_value,{},{},stock-detail.json,snapshot,面值,Face Value,"hat is the Face value?
The face value of a bond, also known as par value or principal, is the amount of money that the issuer of the bond promises to repay to the bondholder at maturity. This value is typically set when the bond is issued and does not change over the life of the bond.
Why is the Face value important?
For investors, the face value represents the amount of money they will receive from the issuer when the bond reaches maturity. It is the amount on which the periodic interest payments, known as coupons, are calculated. The face value is also used to determine the yield to maturity of the bond, which is the total return an investor can expect to receive if the bond is held until maturity.
Understanding the face value of a bond is essential to assess the potential returns and risks associated with investing in bonds.",,false,[],"UUS,UDC,UBAX,UBAF,U31X,U31F,U32X,U32F",STANDARD_SNAPSHOT
ext_btc_dominance|BTC市值占比|BTC Market Cap Dominance %,market_env,metric_lookup,snapshot,,ext_btc_dominance,ext_btc_dominance,{},{},market-env-snapshot.json,snapshot,BTC市值占比,BTC Market Cap Dominance %,BTC市值占比,,false,[],"UUS,89,UAOS,UDC,UBAX,UBAF,U31X,U31F,U32X,U32F",STANDARD_SNAPSHOT_MARKET_ENV
max_supply|最大供应|Max Supply,security,metric_lookup,snapshot,market_code,max_supply,max_supply,{},{},stock-detail.json,snapshot,最大供应,Max Supply,最大供应量是加密货币生命周期中最大代币数量的最佳近似值。,,false,[],"UUS,UDC,UBAX,UBAF,U31X,U31F,U32X,U32F",STANDARD_SNAPSHOT
open_over_high_ratio_pct|跳空幅度（基于昨日最高价）|Gap Up Over Yesterday's High,security,metric_lookup,snapshot,market_code,open_over_high_ratio_pct,open_over_high_ratio_pct,{},{},stock-detail.json,snapshot,跳空幅度（基于昨日最高价）,Gap Up Over Yesterday's High,"该指标反映了多头（买方）的极端强势程度。
突破压力： 昨天的最高价（High）通常被视为短期的阻力位。如果今天的开盘价直接跳过了昨天的最高价，说明多头力量极其强悍，直接跳过了空头最顽强的防线。
情绪驱动： 这种跳空通常由重大利好消息（如财报超预期、政策利好、行业突发新闻）驱动，导致投资者不计成本地在开盘时抢筹。
动能信号： 这是一种典型的“强势跳空”。在技术分析中，如果跳空幅度较大且伴随成交量放大，通常预示着新一轮上升趋势的开始。",,false,[],"UUS,89,UDC,UBAX,UBAF,U31X,U31F,U32X,U32F",STANDARD_SNAPSHOT
open_over_high_ratio_pct|跳空幅度（基于昨日最高价）|Gap Up Over Yesterday's High,security,metric_lookup,snapshot,market_code,open_over_high_ratio_pct,open_over_high_ratio_pct,{},{},stock-detail.json,snapshot,跳空幅度（基于昨日最高价）,Gap Up Over Yesterday's High,"该指标反映了多头（买方）的极端强势程度。
突破压力： 昨天的最高价（High）通常被视为短期的阻力位。如果今天的开盘价直接跳过了昨天的最高价，说明多头力量极其强悍，直接跳过了空头最顽强的防线。
情绪驱动： 这种跳空通常由重大利好消息（如财报超预期、政策利好、行业突发新闻）驱动，导致投资者不计成本地在开盘时抢筹。
动能信号： 这是一种典型的“强势跳空”。在技术分析中，如果跳空幅度较大且伴随成交量放大，通常预示着新一轮上升趋势的开始。",,false,[],"UUS,89,UDC,UBAX,UBAF,U31X,U31F,U32X,U32F",STANDARD_SNAPSHOT
high_price_all_time|历史最高价|All-Time High,security,metric_lookup,snapshot,market_code,high_price_all_time,high_price_all_time,"{""trade_class"":{""children"":null,""default"":""intraday"",""enum_options"":[{""label"":""盘前"",""value"":""pre_market""},{""label"":""盘中"",""value"":""intraday""},{""label"":""盘后"",""value"":""post_market""}],""example"":""intraday"",""name"":""trade_class"",""query_type"":""enum"",""required"":""1"",""source"":""table""}}",{},stock-detail.json,snapshot,历史最高价,All-Time High,上市以来历史最高价格,,false,[],"UUS,89,UDC,UBAX,UBAF,U31X,U31F,U32X,U32F",STANDARD_SNAPSHOT
high_price_all_time|历史最高价|All-Time High,security,metric_lookup,snapshot,market_code,high_price_all_time,high_price_all_time,"{""trade_class"":{""children"":null,""default"":""intraday"",""enum_options"":[{""label"":""盘前"",""value"":""pre_market""},{""label"":""盘中"",""value"":""intraday""},{""label"":""盘后"",""value"":""post_market""}],""example"":""intraday"",""name"":""trade_class"",""query_type"":""enum"",""required"":""1"",""source"":""table""}}",{},stock-detail.json,snapshot,历史最高价,All-Time High,上市以来历史最高价格,,false,[],"UUS,89,UDC,UBAX,UBAF,U31X,U31F,U32X,U32F",STANDARD_SNAPSHOT
high_price_all_time|历史最高价|All-Time High,security,metric_lookup,snapshot,market_code,high_price_all_time,high_price_all_time,"{""trade_class"":{""children"":null,""default"":""intraday"",""enum_options"":[{""label"":""盘前"",""value"":""pre_market""},{""label"":""盘中"",""value"":""intraday""},{""label"":""盘后"",""value"":""post_market""}],""example"":""intraday"",""name"":""trade_class"",""query_type"":""enum"",""required"":""1"",""source"":""table""}}",{},stock-detail.json,snapshot,历史最高价,All-Time High,上市以来历史最高价格,,false,[],"UUS,89,UDC,UBAX,UBAF,U31X,U31F,U32X,U32F",STANDARD_SNAPSHOT
high_price_all_time|历史最高价|All-Time High,security,metric_lookup,snapshot,market_code,high_price_all_time,high_price_all_time,"{""trade_class"":{""children"":null,""default"":""intraday"",""enum_options"":[{""label"":""盘前"",""value"":""pre_market""},{""label"":""盘中"",""value"":""intraday""},{""label"":""盘后"",""value"":""post_market""}],""example"":""intraday"",""name"":""trade_class"",""query_type"":""enum"",""required"":""1"",""source"":""table""}}",{},stock-detail.json,snapshot,历史最高价,All-Time High,上市以来历史最高价格,,false,[],"UUS,89,UDC,UBAX,UBAF,U31X,U31F,U32X,U32F",STANDARD_SNAPSHOT
high_price_all_time|历史最高价|All-Time High,security,metric_lookup,snapshot,market_code,high_price_all_time,high_price_all_time,"{""trade_class"":{""children"":null,""default"":""intraday"",""enum_options"":[{""label"":""盘前"",""value"":""pre_market""},{""label"":""盘中"",""value"":""intraday""},{""label"":""盘后"",""value"":""post_market""}],""example"":""intraday"",""name"":""trade_class"",""query_type"":""enum"",""required"":""1"",""source"":""table""}}",{},stock-detail.json,snapshot,历史最高价,All-Time High,上市以来历史最高价格,,false,[],"UUS,89,UDC,UBAX,UBAF,U31X,U31F,U32X,U32F",STANDARD_SNAPSHOT
ebit_margin|EBIT利润率|EBIT Profit Margin,security,metric_lookup,snapshot,market_code,ebit_margin,ebit_margin,{},{},stock-detail.json,quarter,EBIT利润率,EBIT Profit Margin,EBIT利润率（又称营业利润率）表示企业息税前利润（EBIT）占营业收入的百分比，反映企业在扣除利息和所得税前的盈利能力。,,false,[],"UUS,UBAX,UBAF,U31X,U31F,U32X,U32F",STANDARD_SNAPSHOT
interest_net_income|利息净收入|Net Interest Income,security,metric_lookup,series,market_code,interest_net_income,interest_net_income,{},"{""type"":""begin_end"",""begin_time"":1783296000000,""end_time"":0,""time_period"":""quarter""}",series-etf-30d.json,snapshot;quarter,利息净收入,Net Interest Income,净利息收入(银行),,false,[],"UUS,UDC,UBAX,UBAF,U31X,U31F,U32X,U32F","STANDARD_SNAPSHOT,STANDARD_SERIES_TIME_RANGE_BEGIN_END"
long_term_loan|长期债务|Long-Term Debt,security,metric_lookup,series,market_code,long_term_loan,long_term_loan,{},"{""type"":""begin_end"",""begin_time"":1783296000000,""end_time"":0,""time_period"":""quarter""}",series-etf-30d.json,snapshot;quarter,长期债务,Long-Term Debt,资产负债表科目,,false,[],"UUS,UDC,UBAX,UBAF,U31X,U31F,U32X,U32F","STANDARD_SNAPSHOT,STANDARD_SERIES_TIME_RANGE_BEGIN_END"
isin|ISIN|International Securities Identification Number,security,metric_lookup,snapshot,market_code,isin,isin,{},{},stock-detail.json,snapshot,ISIN,International Securities Identification Number,国际证券识别码 (ISIN) 是一个 12 位字母数字代码，用于唯一标识特定证券。 目前，ISIN 可以分配给大多数形式的证券，包括股票、债券、期权和期货、衍生品、商品和货币。,,false,[],"UUS,UDC,UBAX,UBAF,U31X,U31F,U32X,U32F",STANDARD_SNAPSHOT
isin|ISIN|International Securities Identification Number,security,metric_lookup,snapshot,market_code,isin,isin,{},{},stock-detail.json,snapshot,ISIN,International Securities Identification Number,国际证券识别码 (ISIN) 是一个 12 位字母数字代码，用于唯一标识特定证券。 目前，ISIN 可以分配给大多数形式的证券，包括股票、债券、期权和期货、衍生品、商品和货币。,,false,[],"UUS,UDC,UBAX,UBAF,U31X,U31F,U32X,U32F",STANDARD_SNAPSHOT
isin|ISIN|International Securities Identification Number,security,metric_lookup,snapshot,market_code,isin,isin,{},{},stock-detail.json,snapshot,ISIN,International Securities Identification Number,国际证券识别码 (ISIN) 是一个 12 位字母数字代码，用于唯一标识特定证券。 目前，ISIN 可以分配给大多数形式的证券，包括股票、债券、期权和期货、衍生品、商品和货币。,,false,[],"UUS,UDC,UBAX,UBAF,U31X,U31F,U32X,U32F",STANDARD_SNAPSHOT
interest_payment_date_list|付息日|Interest Payment Date,security,metric_lookup,snapshot,market_code,interest_payment_date_list,interest_payment_date_list,{},{},stock-detail.json,snapshot,付息日,Interest Payment Date,付息日,,false,[],"UUS,UDC,UBAX,UBAF,U31X,U31F,U32X,U32F",STANDARD_SNAPSHOT
deferred_tax_debt|递延所得税负债|Deferred Taxes Liabilities,security,metric_lookup,series,market_code,deferred_tax_debt,deferred_tax_debt,{},"{""type"":""begin_end"",""begin_time"":1783296000000,""end_time"":0,""time_period"":""quarter""}",series-etf-30d.json,snapshot;quarter,递延所得税负债,Deferred Taxes Liabilities,企业因暂时性差异（会计处理与税法处理时间不同导致的差异）而确认的、未来应纳税的金额。,,false,[],"UUS,UDC,UBAX,UBAF,U31X,U31F,U32X,U32F","STANDARD_SNAPSHOT,STANDARD_SERIES_TIME_RANGE_BEGIN_END"
assets_total_yoy|资产合计(同比增长率)|Total Assets YoY Growth,security,metric_lookup,series,market_code,assets_total_yoy,assets_total_yoy,{},"{""type"":""begin_end"",""begin_time"":1783296000000,""end_time"":0,""time_period"":""quarter""}",series-etf-30d.json,snapshot;quarter,资产合计(同比增长率),Total Assets YoY Growth,资产合计(同比增长率),,false,[],"UUS,UDC,UBAX,UBAF,U31X,U31F,U32X,U32F","STANDARD_SNAPSHOT,STANDARD_SERIES_TIME_RANGE_BEGIN_END"
balanced_diluted_eps_yoy|稀释每股收益(同比增长率)|Diluted EPS YoY Growth,security,metric_lookup,series,market_code,balanced_diluted_eps_yoy,balanced_diluted_eps_yoy,{},"{""type"":""begin_end"",""begin_time"":1783296000000,""end_time"":0,""time_period"":""quarter""}",series-etf-30d.json,snapshot;quarter,稀释每股收益(同比增长率),Diluted EPS YoY Growth,稀释每股收益当期与上年同期相比较的增长率,,false,[],"UUS,UDC,UBAX,UBAF,U31X,U31F,U32X,U32F","STANDARD_SNAPSHOT,STANDARD_SERIES_TIME_RANGE_BEGIN_END"
turnover|销售收入|Revenues,security,metric_lookup,series,market_code,turnover,turnover,{},"{""type"":""begin_end"",""begin_time"":1783296000000,""end_time"":0,""time_period"":""quarter""}",series-etf-30d.json,snapshot;quarter,销售收入,Revenues,"也常称为主营业务收入或营业收入的主要组成部分。
指企业在日常经营活动中销售商品或提供劳务所取得的收入（不含税）。",,false,[],"UUS,UDC,UBAX,UBAF,U31X,U31F,U32X,U32F","STANDARD_SNAPSHOT,STANDARD_SERIES_TIME_RANGE_BEGIN_END"
payout_ratio_fy|财年分红支付率|Payout Ratio (Fiscal Year),security,metric_lookup,snapshot,market_code,payout_ratio_fy,payout_ratio_fy,{},{},stock-detail.json,snapshot;quarter,财年分红支付率,Payout Ratio (Fiscal Year),分红 ÷ 净利润,,false,[],"UUS,UDC,UBAX,UBAF,U31X,U31F,U32X,U32F",STANDARD_SNAPSHOT
dividend_per_share_growth_rate|每股股息增长率|Dividend Per Share Growth Rate,security,metric_lookup,snapshot,market_code,dividend_per_share_growth_rate,dividend_per_share_growth_rate,{},{},stock-detail.json,snapshot;quarter,每股股息增长率,Dividend Per Share Growth Rate,每股股息增长率,,false,[],"UUS,UDC,UBAX,UBAF,U31X,U31F,U32X,U32F",STANDARD_SNAPSHOT
cash_dividend_coverage_ratio|现金分红覆盖率|Cash Dividend Coverage Ratio,security,metric_lookup,snapshot,market_code,cash_dividend_coverage_ratio,cash_dividend_coverage_ratio,{},{},stock-detail.json,snapshot;quarter,现金分红覆盖率,Cash Dividend Coverage Ratio,现金分红覆盖率=经营活动产生的现金流量/已支付的普通股股息,,false,[],"UUS,UDC,UBAX,UBAF,U31X,U31F,U32X,U32F",STANDARD_SNAPSHOT
company_free_cash_flow|企业自由现金流量|Company Free Cash Flow,security,metric_lookup,snapshot,market_code,company_free_cash_flow,company_free_cash_flow,{},{},stock-detail.json,snapshot;quarter,企业自由现金流量,Company Free Cash Flow,企业真正可自由支配的现金，估值核心指标,,false,[],"UUS,UDC,UBAX,UBAF,U31X,U31F,U32X,U32F",STANDARD_SNAPSHOT
payout_ratio_ttm|派息率 % TTM|Payout Ratio (TTM),security,metric_lookup,snapshot,market_code,payout_ratio_ttm,payout_ratio_ttm,{},{},stock-detail.json,snapshot;quarter,派息率 % TTM,Payout Ratio (TTM),派息率 % TTM,,false,[],"UUS,UDC,UBAX,UBAF,U31X,U31F,U32X,U32F",STANDARD_SNAPSHOT
total_debt_to_ebitda_ttm|债务与EBITDA比率TTM|Total Debt to EBITDA (TTM),security,metric_lookup,snapshot,market_code,total_debt_to_ebitda_ttm,total_debt_to_ebitda_ttm,{},{},stock-detail.json,snapshot;quarter,债务与EBITDA比率TTM,Total Debt to EBITDA (TTM),衡量债务负担,,false,[],"UUS,UDC,UBAX,UBAF,U31X,U31F,U32X,U32F",STANDARD_SNAPSHOT
float_shares_ratio|流通股比例|Float Shares Ratio,security,metric_lookup,snapshot,market_code,float_shares_ratio,float_shares_ratio,{},{},stock-detail.json,snapshot;quarter,流通股比例,Float Shares Ratio,流通股比例=( 总已发行在外股数 / 流通股数量 )×100%,,false,[],"UUS,UDC,UBAX,UBAF,U31X,U31F,U32X,U32F",STANDARD_SNAPSHOT
total_supply|总供应|Crypto Total Supply,security,metric_lookup,snapshot,market_code,total_supply,total_supply,{},{},stock-detail.json,snapshot,总供应,Crypto Total Supply,"已创建的代币数量减去已销毁（从流通中移除）的任何代币。 
总供应量指标显示区块链上存在的代币总数，包括未公开流通的代币。",,false,[],"UUS,UDC,UBAX,UBAF,U31X,U31F,U32X,U32F",STANDARD_SNAPSHOT
cypto_top_position_long_short_ratio|大户持仓多空比|Long Short Ratio (topPositions),security,metric_lookup,series,market_code,cypto_top_position_long_short_ratio,cypto_top_position_long_short_ratio,"{""time_period"":{""children"":null,""default"":""min_15"",""enum_options"":[{""label"":""min_15"",""value"":""min_15""},{""label"":""min_30"",""value"":""min_30""},{""label"":""min_60"",""value"":""min_60""},{""label"":""min_120"",""value"":""min_120""},{""label"":""min_240"",""value"":""min_240""},{""label"":""min_360"",""value"":""min_360""},{""label"":""min_720"",""value"":""min_720""},{""label"":""day_1"",""value"":""day_1""}],""example"":""min_15"",""name"":""time_period"",""query_type"":""enum"",""required"":""1"",""source"":""table""}}","{""type"":""end_count"",""end_time"":0,""count"":30,""time_period"":""min_15"",""supported_types"":[""begin_end"",""end_count""]}",series-etf-30d.json,min_15;min_30;min_60;min_120;min_240;min_360;min_720;day_1,大户持仓多空比,Long Short Ratio (topPositions),聪明钱方向，大户持仓多空比,,false,"[""min_15"",""min_30"",""min_60"",""min_120"",""min_240"",""min_360"",""min_720"",""day_1""]",UBAF,STANDARD_SERIES_TIME_RANGE_ALL
cypto_account_long_short_ratio|多空账户数比|Long Short Ratio (Accounts),security,metric_lookup,series,market_code,cypto_account_long_short_ratio,cypto_account_long_short_ratio,"{""time_period"":{""children"":null,""default"":""min_15"",""enum_options"":[{""label"":""min_15"",""value"":""min_15""},{""label"":""min_30"",""value"":""min_30""},{""label"":""min_60"",""value"":""min_60""},{""label"":""min_120"",""value"":""min_120""},{""label"":""min_240"",""value"":""min_240""},{""label"":""min_360"",""value"":""min_360""},{""label"":""min_720"",""value"":""min_720""},{""label"":""day_1"",""value"":""day_1""}],""example"":""min_15"",""name"":""time_period"",""query_type"":""enum"",""required"":""1"",""source"":""table""}}","{""type"":""end_count"",""end_time"":0,""count"":30,""time_period"":""min_15"",""supported_types"":[""begin_end"",""end_count""]}",series-etf-30d.json,min_15;min_30;min_60;min_120;min_240;min_360;min_720;day_1,多空账户数比,Long Short Ratio (Accounts),散户情绪指标,,false,"[""min_15"",""min_30"",""min_60"",""min_120"",""min_240"",""min_360"",""min_720"",""day_1""]",UBAF,STANDARD_SERIES_TIME_RANGE_ALL
cypto_top_account_long_short_ratio|大户账户数多空比|Long Short Ratio (topAccounts),security,metric_lookup,series,market_code,cypto_top_account_long_short_ratio,cypto_top_account_long_short_ratio,"{""time_period"":{""children"":null,""default"":""min_15"",""enum_options"":[{""label"":""min_15"",""value"":""min_15""},{""label"":""min_30"",""value"":""min_30""},{""label"":""min_60"",""value"":""min_60""},{""label"":""min_120"",""value"":""min_120""},{""label"":""min_240"",""value"":""min_240""},{""label"":""min_360"",""value"":""min_360""},{""label"":""min_720"",""value"":""min_720""},{""label"":""day_1"",""value"":""day_1""}],""example"":""min_15"",""name"":""time_period"",""query_type"":""enum"",""required"":""1"",""source"":""table""}}","{""type"":""end_count"",""end_time"":0,""count"":30,""time_period"":""min_15"",""supported_types"":[""begin_end"",""end_count""]}",series-etf-30d.json,min_15;min_30;min_60;min_120;min_240;min_360;min_720;day_1,大户账户数多空比,Long Short Ratio (topAccounts),大户账户数多空比,,false,"[""min_15"",""min_30"",""min_60"",""min_120"",""min_240"",""min_360"",""min_720"",""day_1""]",UBAF,STANDARD_SERIES_TIME_RANGE_ALL
circulation_supply|流通供应量|Crypto Circulating Supply,security,metric_lookup,snapshot,market_code,circulation_supply,circulation_supply,{},{},stock-detail.json,snapshot,流通供应量,Crypto Circulating Supply,加密货币的流通供应量,,false,[],"UUS,UDC,UBAX,UBAF,U31X,U31F,U32X,U32F",STANDARD_SNAPSHOT
circulation_rate|流通率|Circulation Rate,security,metric_lookup,snapshot,market_code,circulation_rate,circulation_rate,{},{},stock-detail.json,snapshot,流通率,Circulation Rate,流通供应量占总供应量的比例（百分比）,,false,[],"UUS,UDC,UBAX,UBAF,U31X,U31F,U32X,U32F",STANDARD_SNAPSHOT
eps_past_5y_cagr|EPS 过去 5 年增速|EPS Past 5-Year CAGR,security,metric_lookup,snapshot,market_code,eps_past_5y_cagr,eps_past_5y_cagr,{},{},stock-detail.json,snapshot;quarter,EPS 过去 5 年增速,EPS Past 5-Year CAGR,EPS past 5Y CAGR = [(当前 EPS ÷ 5 年前 EPS)^(1/5) – 1] × 100%。,,false,[],"UUS,UDC,UBAX,UBAF,U31X,U31F,U32X,U32F",STANDARD_SNAPSHOT
roa_ttm_ex_minority|总资产净利率ROA(TTM不含少数股东)|ROA Excluding Minority Interest (TTM),security,metric_lookup,snapshot,market_code,roa_ttm_ex_minority,roa_ttm_ex_minority,{},{},stock-detail.json,snapshot;quarter,总资产净利率ROA(TTM不含少数股东),ROA Excluding Minority Interest (TTM),总资产净利率ROA(TTM不含少数股东),,false,[],"UUS,UDC,UBAX,UBAF,U31X,U31F,U32X,U32F",STANDARD_SNAPSHOT
capital_expenditure_yoy|资本支出(同比增长率)|Capital Expenditure YoY Growth,security,metric_lookup,snapshot,market_code,capital_expenditure_yoy,capital_expenditure_yoy,{},{},stock-detail.json,snapshot;quarter,资本支出(同比增长率),Capital Expenditure YoY Growth,资本支出当期与上年同期相比较的增长率,,false,[],"UUS,UDC,UBAX,UBAF,U31X,U31F,U32X,U32F",STANDARD_SNAPSHOT
holder_equity_total_yoy_growth_ratio|股东权益合计(同比增长率)|Total Equity YoY Growth,security,metric_lookup,snapshot,market_code,holder_equity_total_yoy_growth_ratio,holder_equity_total_yoy_growth_ratio,{},{},stock-detail.json,snapshot;quarter,股东权益合计(同比增长率),Total Equity YoY Growth,股东权益合计(同比增长率),,false,[],"UUS,UDC,UBAX,UBAF,U31X,U31F,U32X,U32F",STANDARD_SNAPSHOT
total_debt_yoy_growth_ratio|总负债(同比增长率)|Total Debt YoY Growth,security,metric_lookup,snapshot,market_code,total_debt_yoy_growth_ratio,total_debt_yoy_growth_ratio,{},{},stock-detail.json,snapshot;quarter,总负债(同比增长率),Total Debt YoY Growth,总负债当期与上年同期相比较的增长率,,false,[],"UUS,UDC,UBAX,UBAF,U31X,U31F,U32X,U32F",STANDARD_SNAPSHOT
gross_profit_yoy|毛利(同比增长率)|Gross Profit (YoY Growth Rate),security,metric_lookup,series,market_code,gross_profit_yoy,gross_profit_yoy,{},"{""type"":""begin_end"",""begin_time"":1783296000000,""end_time"":0,""time_period"":""quarter""}",series-etf-30d.json,snapshot;quarter,毛利(同比增长率),Gross Profit (YoY Growth Rate),毛利当期与上年同期相比较的增长率,,false,[],"UUS,UDC,UBAX,UBAF,U31X,U31F,U32X,U32F","STANDARD_SNAPSHOT,STANDARD_SERIES_TIME_RANGE_BEGIN_END"
free_cash_flow_yoy|自由现金流量(同比增长率)|Free Cash Flow (YoY Growth Rate),security,metric_lookup,series,market_code,free_cash_flow_yoy,free_cash_flow_yoy,{},"{""type"":""begin_end"",""begin_time"":1783296000000,""end_time"":0,""time_period"":""quarter""}",series-etf-30d.json,snapshot;quarter,自由现金流量(同比增长率),Free Cash Flow (YoY Growth Rate),自由现金流量当期与上年同期相比较的增长率,,false,[],"UUS,UDC,UBAX,UBAF,U31X,U31F,U32X,U32F","STANDARD_SNAPSHOT,STANDARD_SERIES_TIME_RANGE_BEGIN_END"
stock_price_of_50_day_moving_avg|股价相对50日移动平均线百分比|Price % of 50 Day Moving Avg,security,metric_lookup,snapshot,market_code,stock_price_of_50_day_moving_avg,stock_price_of_50_day_moving_avg,"{""time_period"":{""children"":null,""default"":""0"",""enum_options"":[{""label"":""0"",""value"":""0""}],""example"":""0"",""name"":""time_period"",""query_type"":""enum"",""required"":""1"",""source"":""table""},""trade_class"":{""children"":null,""default"":""intraday"",""enum_options"":[{""label"":""盘前"",""value"":""pre_market""},{""label"":""盘中"",""value"":""intraday""},{""label"":""盘后"",""value"":""post_market""}],""example"":""intraday"",""name"":""trade_class"",""query_type"":""enum"",""required"":""1"",""source"":""table""}}",{},stock-detail.json,0,股价相对50日移动平均线百分比,Price % of 50 Day Moving Avg,当前股价占50日移动平均线的百分比,,false,"[""0""]",UUS,STANDARD_SNAPSHOT
stock_price_of_50_day_moving_avg|股价相对50日移动平均线百分比|Price % of 50 Day Moving Avg,security,metric_lookup,snapshot,market_code,stock_price_of_50_day_moving_avg,stock_price_of_50_day_moving_avg,"{""time_period"":{""children"":null,""default"":""0"",""enum_options"":[{""label"":""0"",""value"":""0""}],""example"":""0"",""name"":""time_period"",""query_type"":""enum"",""required"":""1"",""source"":""table""},""trade_class"":{""children"":null,""default"":""intraday"",""enum_options"":[{""label"":""盘前"",""value"":""pre_market""},{""label"":""盘中"",""value"":""intraday""},{""label"":""盘后"",""value"":""post_market""}],""example"":""intraday"",""name"":""trade_class"",""query_type"":""enum"",""required"":""1"",""source"":""table""}}",{},stock-detail.json,0,股价相对50日移动平均线百分比,Price % of 50 Day Moving Avg,当前股价占50日移动平均线的百分比,,false,"[""0""]",UUS,STANDARD_SNAPSHOT
stock_price_of_200_day_moving_avg|股价相对200日移动平均线百分比|Price % of 200 Day Moving Avg,security,metric_lookup,snapshot,market_code,stock_price_of_200_day_moving_avg,stock_price_of_200_day_moving_avg,"{""time_period"":{""children"":null,""default"":""0"",""enum_options"":[{""label"":""0"",""value"":""0""}],""example"":""0"",""name"":""time_period"",""query_type"":""enum"",""required"":""1"",""source"":""table""},""trade_class"":{""children"":null,""default"":""intraday"",""enum_options"":[{""label"":""盘前"",""value"":""pre_market""},{""label"":""盘中"",""value"":""intraday""},{""label"":""盘后"",""value"":""post_market""}],""example"":""intraday"",""name"":""trade_class"",""query_type"":""enum"",""required"":""1"",""source"":""table""}}",{},stock-detail.json,0,股价相对200日移动平均线百分比,Price % of 200 Day Moving Avg,当前股价占200日移动平均线的百分比,,false,"[""0""]",UUS,STANDARD_SNAPSHOT
stock_price_of_200_day_moving_avg|股价相对200日移动平均线百分比|Price % of 200 Day Moving Avg,security,metric_lookup,snapshot,market_code,stock_price_of_200_day_moving_avg,stock_price_of_200_day_moving_avg,"{""time_period"":{""children"":null,""default"":""0"",""enum_options"":[{""label"":""0"",""value"":""0""}],""example"":""0"",""name"":""time_period"",""query_type"":""enum"",""required"":""1"",""source"":""table""},""trade_class"":{""children"":null,""default"":""intraday"",""enum_options"":[{""label"":""盘前"",""value"":""pre_market""},{""label"":""盘中"",""value"":""intraday""},{""label"":""盘后"",""value"":""post_market""}],""example"":""intraday"",""name"":""trade_class"",""query_type"":""enum"",""required"":""1"",""source"":""table""}}",{},stock-detail.json,0,股价相对200日移动平均线百分比,Price % of 200 Day Moving Avg,当前股价占200日移动平均线的百分比,,false,"[""0""]",UUS,STANDARD_SNAPSHOT
stdDev|标准差|Standard Deviation,security,metric_lookup,snapshot,market_code,stdDev,stdDev,{},{},stock-detail.json,snapshot,标准差,Standard Deviation,ETF回报率的标准差，支持周期为上市至今、1年、3年、5年、10年，滚动计算,,false,[],UUS,STANDARD_SNAPSHOT
cypto_active_buy_vol|数字币主动买入量|Cypto Active Buy Vol,security,metric_lookup,series,market_code,cypto_active_buy_vol,cypto_active_buy_vol,"{""time_period"":{""children"":null,""default"":""min_15"",""enum_options"":[{""label"":""min_15"",""value"":""min_15""},{""label"":""min_30"",""value"":""min_30""},{""label"":""min_60"",""value"":""min_60""},{""label"":""min_120"",""value"":""min_120""},{""label"":""min_240"",""value"":""min_240""},{""label"":""min_360"",""value"":""min_360""},{""label"":""min_720"",""value"":""min_720""},{""label"":""day_1"",""value"":""day_1""}],""example"":""min_15"",""name"":""time_period"",""query_type"":""enum"",""required"":""1"",""source"":""table""}}","{""type"":""end_count"",""end_time"":0,""count"":30,""time_period"":""min_15"",""supported_types"":[""begin_end"",""end_count""]}",series-etf-30d.json,min_15;min_30;min_60;min_120;min_240;min_360;min_720;day_1,数字币主动买入量,Cypto Active Buy Vol,数字币主动买入量,,false,"[""min_15"",""min_30"",""min_60"",""min_120"",""min_240"",""min_360"",""min_720"",""day_1""]",UBAF,STANDARD_SERIES_TIME_RANGE_ALL
cypto_active_sell_vol|数字币主动卖出量|Cypto Active Sell Vol,security,metric_lookup,series,market_code,cypto_active_sell_vol,cypto_active_sell_vol,"{""time_period"":{""children"":null,""default"":""min_15"",""enum_options"":[{""label"":""min_15"",""value"":""min_15""},{""label"":""min_30"",""value"":""min_30""},{""label"":""min_60"",""value"":""min_60""},{""label"":""min_120"",""value"":""min_120""},{""label"":""min_240"",""value"":""min_240""},{""label"":""min_360"",""value"":""min_360""},{""label"":""min_720"",""value"":""min_720""},{""label"":""day_1"",""value"":""day_1""}],""example"":""min_15"",""name"":""time_period"",""query_type"":""enum"",""required"":""1"",""source"":""table""}}","{""type"":""end_count"",""end_time"":0,""count"":30,""time_period"":""min_15"",""supported_types"":[""begin_end"",""end_count""]}",series-etf-30d.json,min_15;min_30;min_60;min_120;min_240;min_360;min_720;day_1,数字币主动卖出量,Cypto Active Sell Vol,数字币主动卖出量,,false,"[""min_15"",""min_30"",""min_60"",""min_120"",""min_240"",""min_360"",""min_720"",""day_1""]",UBAF,STANDARD_SERIES_TIME_RANGE_ALL
ext_metric_strike_price|行权价|Strike Price,security,metric_lookup,snapshot,market_code,ext_metric_strike_price,ext_metric_strike_price,{},{},stock-detail.json,snapshot,行权价,Strike Price,期权的执行价格是期权持有人可以买入（看涨期权）或卖出（看跌期权）标的资产的预定价格。此价格在期权合约创建时固定，是一个固定参数。,,false,[],UAOS,STANDARD_SNAPSHOT
indexAdvisor|指数提供商|Index Provider,security,metric_lookup,snapshot,market_code,indexAdvisor,indexAdvisor,{},{},stock-detail.json,snapshot,指数提供商,Index Provider,该ETF是否是指数提供商发行的,,false,[],UUS,STANDARD_SNAPSHOT
fully_diluted_market_value|完全稀释市值|Fully Diluted Market Cap,security,metric_lookup,snapshot,market_code,fully_diluted_market_value,fully_diluted_market_value,{},{},stock-detail.json,snapshot,完全稀释市值,Fully Diluted Market Cap,"#### 完全稀释市值
> **一、基本定义**
**完全稀释市值**（又称为**完全摊薄市值**），是指假设所有可转换证券（如可转换债券、可转换优先股、员工股票期权等）全部转换为普通股后，公司发行在外普通股的总市值。这一指标旨在反映公司在所有潜在股份全部转化为普通股后，市场对整个公司价值的评估。
> **二、统计属性**
（一）基本频度：SNAPSHOT（实时或特定时间点数据）
（二）基本计量单位：货币单位（如人民币元、美元等）
（三）常用维度：
1. 股份类型（普通股）
2. 行业分类
3. 公司规模（小型、中型、大型）
4. 上市板块（主板、中小企业板、创业板、科创板）
5. 地区或国家
> **三、指标说明**
完全稀释市值的计算方法通常涉及以下步骤：
1. **确定基础市值**：计算公司当前已发行普通股的市值，即当前股价乘以已发行普通股总数。
2. **考虑潜在股份**：对于所有可转换为普通股的证券，按照其转换比例和当前市场价格（或约定的转换价格），计算其转换为普通股后的市值。
   - 可转换债券：以债券面值乘以转换比率，再乘以当前普通股股价。
   - 可转换优先股：以优先股面值乘以转换比率，再乘以当前普通股股价。
   - 员工股票期权：以行权价与当前普通股股价之差乘以未行权期权数量。
3. **合并计算**：将上述所有潜在股份转换后的市值累加到基础市值上，得到完全稀释后的市值。
> **四、相关制度规则**
完全稀释市值的计算应遵循各证券交易所、会计准则以及公司披露的相关规定，例如：
- 《企业会计准则第22号——金融工具确认和计量》（中国）
- 《国际财务报告准则第13号——公允价值计量》（IFRS 13）
- 各地证券交易所上市规则中关于信息披露要求的部分
> **五、应用与意义**
完全稀释市值有助于投资者了解公司在最极端的股权稀释情况下可能达到的市值水平，从而更全面地评估公司价值、股权结构的潜在变化以及未来融资活动对公司股权价值的影响。此外，该指标也是衡量公司潜在股权稀释风险的重要工具，对于投资决策、并购估值、股权激励计划设计等方面具有重要意义。
#### 指标别名
- 完全摊薄市值
- 全部转换后市值
- 最大可能市值",,false,[],"UUS,89,UDC,UBAX,UBAF,U31X,U31F,U32X,U32F",STANDARD_SNAPSHOT
fully_diluted_market_value|完全稀释市值|Fully Diluted Market Cap,security,metric_lookup,snapshot,market_code,fully_diluted_market_value,fully_diluted_market_value,{},{},stock-detail.json,snapshot,完全稀释市值,Fully Diluted Market Cap,"#### 完全稀释市值
> **一、基本定义**
**完全稀释市值**（又称为**完全摊薄市值**），是指假设所有可转换证券（如可转换债券、可转换优先股、员工股票期权等）全部转换为普通股后，公司发行在外普通股的总市值。这一指标旨在反映公司在所有潜在股份全部转化为普通股后，市场对整个公司价值的评估。
> **二、统计属性**
（一）基本频度：SNAPSHOT（实时或特定时间点数据）
（二）基本计量单位：货币单位（如人民币元、美元等）
（三）常用维度：
1. 股份类型（普通股）
2. 行业分类
3. 公司规模（小型、中型、大型）
4. 上市板块（主板、中小企业板、创业板、科创板）
5. 地区或国家
> **三、指标说明**
完全稀释市值的计算方法通常涉及以下步骤：
1. **确定基础市值**：计算公司当前已发行普通股的市值，即当前股价乘以已发行普通股总数。
2. **考虑潜在股份**：对于所有可转换为普通股的证券，按照其转换比例和当前市场价格（或约定的转换价格），计算其转换为普通股后的市值。
   - 可转换债券：以债券面值乘以转换比率，再乘以当前普通股股价。
   - 可转换优先股：以优先股面值乘以转换比率，再乘以当前普通股股价。
   - 员工股票期权：以行权价与当前普通股股价之差乘以未行权期权数量。
3. **合并计算**：将上述所有潜在股份转换后的市值累加到基础市值上，得到完全稀释后的市值。
> **四、相关制度规则**
完全稀释市值的计算应遵循各证券交易所、会计准则以及公司披露的相关规定，例如：
- 《企业会计准则第22号——金融工具确认和计量》（中国）
- 《国际财务报告准则第13号——公允价值计量》（IFRS 13）
- 各地证券交易所上市规则中关于信息披露要求的部分
> **五、应用与意义**
完全稀释市值有助于投资者了解公司在最极端的股权稀释情况下可能达到的市值水平，从而更全面地评估公司价值、股权结构的潜在变化以及未来融资活动对公司股权价值的影响。此外，该指标也是衡量公司潜在股权稀释风险的重要工具，对于投资决策、并购估值、股权激励计划设计等方面具有重要意义。
#### 指标别名
- 完全摊薄市值
- 全部转换后市值
- 最大可能市值",,false,[],"UUS,89,UDC,UBAX,UBAF,U31X,U31F,U32X,U32F",STANDARD_SNAPSHOT
per_person_net_profit|每股净利润|Basic Earnings Per Share,security,metric_lookup,snapshot,market_code,per_person_net_profit,per_person_net_profit,{},{},stock-detail.json,snapshot,每股净利润,Basic Earnings Per Share,每股收益（Earnings Per Share，EPS）是公司净利润除以发行在外普通股股数，反映每股普通股的盈利水平。后缀（如TTM、FY）表示统计周期，对确保数据可比性至关重要。本指标未附加后缀，因此别名列表中不包含特定周期后缀；若需添加，应在所有别名中统一附加。,,false,[],"UUS,UDC,UBAX,UBAF,U31X,U31F,U32X,U32F",STANDARD_SNAPSHOT
etf_cfi_code|CFI 编码|CFI Code,security,metric_lookup,snapshot,market_code,etf_cfi_code,etf_cfi_code,{},{},stock-detail.json,snapshot,CFI 编码,CFI Code,国际证券识别编码体系中的金融工具分类编码,,false,[],UUS,STANDARD_SNAPSHOT
fund_beta_5y|近5年beta (月度滚动)|beta (5Y),security,metric_lookup,snapshot,market_code,fund_beta_5y,fund_beta_5y,{},{},stock-detail.json,snapshot,近5年beta (月度滚动),beta (5Y),近5年beta（月度滚动）,,false,[],UUS,STANDARD_SNAPSHOT
fund_beta_3y|近3年beta (月度滚动)|beta (3Y),security,metric_lookup,snapshot,market_code,fund_beta_3y,fund_beta_3y,{},{},stock-detail.json,snapshot,近3年beta (月度滚动),beta (3Y),近3年beta （月度滚动）,,false,[],UUS,STANDARD_SNAPSHOT
fund_replication_strategy|复制策略|Replication Strategy,security,metric_lookup,snapshot,market_code,fund_replication_strategy,fund_replication_strategy,{},{},stock-detail.json,snapshot,复制策略,Replication Strategy,ETF跟踪指数的方法，如完全复制、抽样复制或合成复制,,false,[],UUS,STANDARD_SNAPSHOT
19|成交金额|Turnover,security,metric_lookup,snapshot,market_code,19,19,"{""trade_class"":{""children"":null,""default"":""intraday"",""enum_options"":[{""label"":""盘前"",""value"":""pre_market""},{""label"":""盘中"",""value"":""intraday""},{""label"":""盘后"",""value"":""post_market""}],""example"":""intraday"",""name"":""trade_class"",""query_type"":""enum"",""required"":""1"",""source"":""legacy""}}",{},stock-detail.json,snapshot;quarter,成交金额,Turnover,"#### 1、定义：
成交金额是指在一定时间内，通过证券交易所完成的股票交易的总金额。它反映了市场交易的活跃程度和资金流向。

#### 2、别名：
- 交易金额

#### 3、特征：
- 反映市场活跃度：成交金额越高，说明市场交易活跃，资金流入较多。
- 反映资金流向：成交金额的变化可以反映资金的流入和流出情况，对市场趋势有一定的指示作用。
- 受多种因素影响：成交金额受市场情绪、宏观经济、政策因素等多种因素影响，需要综合分析。

#### 4、在投资过程中发挥的作用：
- 判断市场热度：成交金额可以反映市场的热度，帮助投资者判断市场情绪。
- 分析资金流向：通过观察成交金额的变化，投资者可以分析资金的流入和流出情况，从而做出相应的投资决策。
- 辅助技术分析：成交金额可以作为技术分析的辅助指标，帮助投资者判断市场趋势。

#### 5、使用该指标需要注意的事项：
- 不能单独使用：成交金额只是反映市场活跃度的一个指标，不能单独使用，需要结合其他指标和市场信息进行综合分析。
- 注意市场波动：市场波动可能导致成交金额的短期异常，投资者应关注长期趋势，避免被短期波动干扰。
- 区分市场阶段：在不同的市场阶段，成交金额的意义可能不同，投资者应根据市场环境灵活运用。",,false,[],"UUS,89,UDC,UBAX,UBAF,U31X,U31F,U32X,U32F,UAOS",STANDARD_SNAPSHOT
19|成交金额|Turnover,security,metric_lookup,snapshot,market_code,19,19,"{""trade_class"":{""children"":null,""default"":""intraday"",""enum_options"":[{""label"":""盘前"",""value"":""pre_market""},{""label"":""盘中"",""value"":""intraday""},{""label"":""盘后"",""value"":""post_market""}],""example"":""intraday"",""name"":""trade_class"",""query_type"":""enum"",""required"":""1"",""source"":""legacy""}}",{},stock-detail.json,snapshot;quarter,成交金额,Turnover,"#### 1、定义：
成交金额是指在一定时间内，通过证券交易所完成的股票交易的总金额。它反映了市场交易的活跃程度和资金流向。

#### 2、别名：
- 交易金额

#### 3、特征：
- 反映市场活跃度：成交金额越高，说明市场交易活跃，资金流入较多。
- 反映资金流向：成交金额的变化可以反映资金的流入和流出情况，对市场趋势有一定的指示作用。
- 受多种因素影响：成交金额受市场情绪、宏观经济、政策因素等多种因素影响，需要综合分析。

#### 4、在投资过程中发挥的作用：
- 判断市场热度：成交金额可以反映市场的热度，帮助投资者判断市场情绪。
- 分析资金流向：通过观察成交金额的变化，投资者可以分析资金的流入和流出情况，从而做出相应的投资决策。
- 辅助技术分析：成交金额可以作为技术分析的辅助指标，帮助投资者判断市场趋势。

#### 5、使用该指标需要注意的事项：
- 不能单独使用：成交金额只是反映市场活跃度的一个指标，不能单独使用，需要结合其他指标和市场信息进行综合分析。
- 注意市场波动：市场波动可能导致成交金额的短期异常，投资者应关注长期趋势，避免被短期波动干扰。
- 区分市场阶段：在不同的市场阶段，成交金额的意义可能不同，投资者应根据市场环境灵活运用。",,false,[],"UUS,89,UDC,UBAX,UBAF,U31X,U31F,U32X,U32F,UAOS",STANDARD_SNAPSHOT
19|成交金额|Turnover,security,metric_lookup,snapshot,market_code,19,19,"{""trade_class"":{""children"":null,""default"":""intraday"",""enum_options"":[{""label"":""盘前"",""value"":""pre_market""},{""label"":""盘中"",""value"":""intraday""},{""label"":""盘后"",""value"":""post_market""}],""example"":""intraday"",""name"":""trade_class"",""query_type"":""enum"",""required"":""1"",""source"":""legacy""}}",{},stock-detail.json,snapshot;quarter,成交金额,Turnover,"#### 1、定义：
成交金额是指在一定时间内，通过证券交易所完成的股票交易的总金额。它反映了市场交易的活跃程度和资金流向。

#### 2、别名：
- 交易金额

#### 3、特征：
- 反映市场活跃度：成交金额越高，说明市场交易活跃，资金流入较多。
- 反映资金流向：成交金额的变化可以反映资金的流入和流出情况，对市场趋势有一定的指示作用。
- 受多种因素影响：成交金额受市场情绪、宏观经济、政策因素等多种因素影响，需要综合分析。

#### 4、在投资过程中发挥的作用：
- 判断市场热度：成交金额可以反映市场的热度，帮助投资者判断市场情绪。
- 分析资金流向：通过观察成交金额的变化，投资者可以分析资金的流入和流出情况，从而做出相应的投资决策。
- 辅助技术分析：成交金额可以作为技术分析的辅助指标，帮助投资者判断市场趋势。

#### 5、使用该指标需要注意的事项：
- 不能单独使用：成交金额只是反映市场活跃度的一个指标，不能单独使用，需要结合其他指标和市场信息进行综合分析。
- 注意市场波动：市场波动可能导致成交金额的短期异常，投资者应关注长期趋势，避免被短期波动干扰。
- 区分市场阶段：在不同的市场阶段，成交金额的意义可能不同，投资者应根据市场环境灵活运用。",,false,[],"UUS,89,UDC,UBAX,UBAF,U31X,U31F,U32X,U32F,UAOS",STANDARD_SNAPSHOT
19|成交金额|Turnover,security,metric_lookup,snapshot,market_code,19,19,"{""trade_class"":{""children"":null,""default"":""intraday"",""enum_options"":[{""label"":""盘前"",""value"":""pre_market""},{""label"":""盘中"",""value"":""intraday""},{""label"":""盘后"",""value"":""post_market""}],""example"":""intraday"",""name"":""trade_class"",""query_type"":""enum"",""required"":""1"",""source"":""legacy""}}",{},stock-detail.json,snapshot;quarter,成交金额,Turnover,"#### 1、定义：
成交金额是指在一定时间内，通过证券交易所完成的股票交易的总金额。它反映了市场交易的活跃程度和资金流向。

#### 2、别名：
- 交易金额

#### 3、特征：
- 反映市场活跃度：成交金额越高，说明市场交易活跃，资金流入较多。
- 反映资金流向：成交金额的变化可以反映资金的流入和流出情况，对市场趋势有一定的指示作用。
- 受多种因素影响：成交金额受市场情绪、宏观经济、政策因素等多种因素影响，需要综合分析。

#### 4、在投资过程中发挥的作用：
- 判断市场热度：成交金额可以反映市场的热度，帮助投资者判断市场情绪。
- 分析资金流向：通过观察成交金额的变化，投资者可以分析资金的流入和流出情况，从而做出相应的投资决策。
- 辅助技术分析：成交金额可以作为技术分析的辅助指标，帮助投资者判断市场趋势。

#### 5、使用该指标需要注意的事项：
- 不能单独使用：成交金额只是反映市场活跃度的一个指标，不能单独使用，需要结合其他指标和市场信息进行综合分析。
- 注意市场波动：市场波动可能导致成交金额的短期异常，投资者应关注长期趋势，避免被短期波动干扰。
- 区分市场阶段：在不同的市场阶段，成交金额的意义可能不同，投资者应根据市场环境灵活运用。",,false,[],"UUS,89,UDC,UBAX,UBAF,U31X,U31F,U32X,U32F,UAOS",STANDARD_SNAPSHOT
ext_metric_premium|期权溢价|Premium,security,metric_lookup,snapshot,market_code,ext_metric_premium,ext_metric_premium,{},{},stock-detail.json,snapshot,期权溢价,Premium,溢价 Premium,,false,[],UAOS,STANDARD_SNAPSHOT
ext_stat_opt_max_pain|最大痛苦点|Max Pain,security,metric_lookup,snapshot,market_code,ext_stat_opt_max_pain,ext_stat_opt_max_pain,{},{},stock-detail.json,snapshot,最大痛苦点,Max Pain,最大痛苦点,,false,[],UUS,STANDARD_SNAPSHOT
ext_stat_opt_iv_avg|标的所属期权的IV平均值|Average Implied Volatility of Underlying Options,security,metric_lookup,snapshot,market_code,ext_stat_opt_iv_avg,ext_stat_opt_iv_avg,{},{},stock-detail.json,snapshot,标的所属期权的IV平均值,Average Implied Volatility of Underlying Options,"正股对应期权的IV平均值，
每个期权链中行权价在正股附近的4个
（上下各2个）期权的IV的平均值",,false,[],UUS,STANDARD_SNAPSHOT
ext_stat_opt_volume_sum|标的所属期权成交量之和|Aggregate Option Volume,security,metric_lookup,series,market_code,ext_stat_opt_volume_sum,ext_stat_opt_volume_sum,{},"{""type"":""end_count"",""end_time"":0,""count"":30,""time_period"":""day_1"",""supported_types"":[""begin_end"",""end_count""]}",series-etf-30d.json,snapshot;day_1,标的所属期权成交量之和,Aggregate Option Volume,正股对应期权的成交量之和,,false,[],UUS,"STANDARD_SNAPSHOT,STANDARD_SERIES_TIME_RANGE_ALL"
ext_stat_opt_volume_put_call_ratio|标的所属期权的put/call成交量比率|C Ratio,security,metric_lookup,snapshot,market_code,ext_stat_opt_volume_put_call_ratio,ext_stat_opt_volume_put_call_ratio,{},{},stock-detail.json,snapshot,标的所属期权的put/call成交量比率,C Ratio,正股对应期权的 put成交量/call成交量,,false,[],UUS,STANDARD_SNAPSHOT
ext_stat_opt_open_interest_sum|标的所属期权的持仓量之和|Aggregate Option Open Interest,security,metric_lookup,series,market_code,ext_stat_opt_open_interest_sum,ext_stat_opt_open_interest_sum,{},"{""type"":""end_count"",""end_time"":0,""count"":30,""time_period"":""day_1"",""supported_types"":[""begin_end"",""end_count""]}",series-etf-30d.json,snapshot;day_1,标的所属期权的持仓量之和,Aggregate Option Open Interest,正股对应期权的持仓量之和,,false,[],UUS,"STANDARD_SNAPSHOT,STANDARD_SERIES_TIME_RANGE_ALL"
ext_stat_opt_open_interest_put_call_ratio|标的所属期权的put/call持仓量比率|Call Open Interest Ratio,security,metric_lookup,snapshot,market_code,ext_stat_opt_open_interest_put_call_ratio,ext_stat_opt_open_interest_put_call_ratio,{},{},stock-detail.json,snapshot,标的所属期权的put/call持仓量比率,Call Open Interest Ratio,正股对应期权的 put持仓量/call持仓量,,false,[],UUS,STANDARD_SNAPSHOT
underlying_symbol|期权的标的代码|Underlying Symbol,security,metric_lookup,snapshot,market_code,underlying_symbol,underlying_symbol,{},{},stock-detail.json,snapshot,期权的标的代码,Underlying Symbol,"期权等对应的标的代码（正股代码信息），
格式为 market:code，比如 185:TSLA",,false,[],UAOS,STANDARD_SNAPSHOT
ext_metric_theta|Theta|Theta,security,metric_lookup,snapshot,market_code,ext_metric_theta,ext_metric_theta,{},{},stock-detail.json,snapshot,Theta,Theta,Theta,,false,[],UAOS,STANDARD_SNAPSHOT
ext_metric_moneyness_type|价内价外类型|ITM / OTM,security,metric_lookup,snapshot,market_code,ext_metric_moneyness_type,ext_metric_moneyness_type,{},{},stock-detail.json,snapshot,价内价外类型,ITM / OTM,"价内价外类型
opt_moneyness_itm – 价内
opt_moneyness_otm – 价外",,false,[],UAOS,STANDARD_SNAPSHOT
ext_metric_leverage_ratio|期权杠杆倍数|Option Leverage Ratio,security,metric_lookup,snapshot,market_code,ext_metric_leverage_ratio,ext_metric_leverage_ratio,{},{},stock-detail.json,snapshot,期权杠杆倍数,Option Leverage Ratio,正股价 / 期权价,,false,[],UAOS,STANDARD_SNAPSHOT
ext_metric_spread_ratio|期权价差比率|Spread Ratio,security,metric_lookup,snapshot,market_code,ext_metric_spread_ratio,ext_metric_spread_ratio,{},{},stock-detail.json,snapshot,期权价差比率,Spread Ratio,期权价差百分比,,false,[],UAOS,STANDARD_SNAPSHOT
ext_metric_vol_oi_ratio|成交量/持仓量|Volume / Open Interest,security,metric_lookup,snapshot,market_code,ext_metric_vol_oi_ratio,ext_metric_vol_oi_ratio,{},{},stock-detail.json,snapshot,成交量/持仓量,Volume / Open Interest,volume/open_interest,,false,[],UAOS,STANDARD_SNAPSHOT
ext_metric_vega|Vega|Vega,security,metric_lookup,snapshot,market_code,ext_metric_vega,ext_metric_vega,{},{},stock-detail.json,snapshot,Vega,Vega,Vega,,false,[],UAOS,STANDARD_SNAPSHOT
ext_metric_rho|Rho|Rho,security,metric_lookup,snapshot,market_code,ext_metric_rho,ext_metric_rho,{},{},stock-detail.json,snapshot,Rho,Rho,Rho,,false,[],UAOS,STANDARD_SNAPSHOT
ext_metric_valid_leverage|期权有效杠杆|Omega,security,metric_lookup,snapshot,market_code,ext_metric_valid_leverage,ext_metric_valid_leverage,{},{},stock-detail.json,snapshot,期权有效杠杆,Omega,杠杆倍数 * Delta,,false,[],UAOS,STANDARD_SNAPSHOT
ext_metric_theoretical_price|期权理论价格|Theoretical Price,security,metric_lookup,snapshot,market_code,ext_metric_theoretical_price,ext_metric_theoretical_price,{},{},stock-detail.json,snapshot,期权理论价格,Theoretical Price,期权理论价格,,false,[],UAOS,STANDARD_SNAPSHOT
call_put_flag|看涨看跌类型|Call / Put Flag,security,metric_lookup,snapshot,market_code,call_put_flag,call_put_flag,{},{},stock-detail.json,snapshot,看涨看跌类型,Call / Put Flag,"期权的类型
call – call期权
put – put期权",,false,[],UAOS,STANDARD_SNAPSHOT
ext_metric_contract_multiplier|合约乘数|Contract Multiplier,security,metric_lookup,snapshot,market_code,ext_metric_contract_multiplier,ext_metric_contract_multiplier,{},{},stock-detail.json,snapshot,合约乘数,Contract Multiplier,期权合约乘数,,false,[],UAOS,STANDARD_SNAPSHOT
ext_metric_gamma|Gamma|Gamma,security,metric_lookup,snapshot,market_code,ext_metric_gamma,ext_metric_gamma,{},{},stock-detail.json,snapshot,Gamma,Gamma,Gamma,,false,[],UAOS,STANDARD_SNAPSHOT
ext_metric_contract_size|期权合约规模|Contract Size,security,metric_lookup,snapshot,market_code,ext_metric_contract_size,ext_metric_contract_size,{},{},stock-detail.json,snapshot,期权合约规模,Contract Size,期权合约规模,,false,[],UAOS,STANDARD_SNAPSHOT
ext_metric_delta|Delta|Delta,security,metric_lookup,snapshot,market_code,ext_metric_delta,ext_metric_delta,{},{},stock-detail.json,snapshot,Delta,Delta,Delta,,false,[],UAOS,STANDARD_SNAPSHOT
ext_metric_iv|IV|Implied Volatility,security,metric_lookup,snapshot,market_code,ext_metric_iv,ext_metric_iv,{},{},stock-detail.json,snapshot,IV,Implied Volatility,隐含波动率 IV,,false,[],UAOS,STANDARD_SNAPSHOT
ext_metric_exp_date|期权到期日|Expiration Date,security,metric_lookup,snapshot,market_code,ext_metric_exp_date,ext_metric_exp_date,{},{},stock-detail.json,snapshot,期权到期日,Expiration Date,期权到期日，也叫行权日,,false,[],UAOS,STANDARD_SNAPSHOT
ext_metric_iv_ratio|期权隐含波动率|IV Ratio,security,metric_lookup,snapshot,market_code,ext_metric_iv_ratio,ext_metric_iv_ratio,{},{},stock-detail.json,snapshot,期权隐含波动率,IV Ratio,"=HYPERLINK(""http://cf.myhexin.com/pages/viewpage.action?pageId=1187348657#id-%E6%89%A9%E5%B1%95%E8%A1%8C%E6%83%85%E6%8E%A5%E5%8F%A3%E6%9C%9F%E6%9D%83%E6%8C%87%E6%A0%87-%E6%9C%9F%E6%9D%83%E8%AE%A1%E7%AE%97%E6%95%B0%E6%8D%AE%E9%A1%B9"";""期权隐含波动率
本指标的值已经*100，区",,false,[],UAOS,STANDARD_SNAPSHOT
ext_metric_extrinsic_value|时间价值|Extrinsic Value,security,metric_lookup,snapshot,market_code,ext_metric_extrinsic_value,ext_metric_extrinsic_value,{},{},stock-detail.json,snapshot,时间价值,Extrinsic Value,时间价值 ExtrinsicValue,,false,[],UAOS,STANDARD_SNAPSHOT
ext_metric_intrinsic_value|内在价值|Intrinsic Value,security,metric_lookup,snapshot,market_code,ext_metric_intrinsic_value,ext_metric_intrinsic_value,{},{},stock-detail.json,snapshot,内在价值,Intrinsic Value,内在价值 IntrinsicValue,,false,[],UAOS,STANDARD_SNAPSHOT
ext_metric_days_to_exp|期权剩余天数|Days to Expiration,security,metric_lookup,snapshot,market_code,ext_metric_days_to_exp,ext_metric_days_to_exp,{},{},stock-detail.json,snapshot,期权剩余天数,Days to Expiration,期权剩余天数,,false,[],UAOS,STANDARD_SNAPSHOT
65|未平仓合约|Open Interest,security,metric_lookup,snapshot,market_code,65,65,{},{},stock-detail.json,snapshot,未平仓合约,Open Interest,"#### 1、定义：持仓量
在金融领域，持仓量（Open Interest）指的是在特定时间点上，尚未通过交易结算的合约总数。它代表市场上多头和空头双方持有的未平仓合约数量，是期货和期权市场中的一个重要指标。


#### 2、别名：
- 持仓量

#### 3、特征：
- 未平仓合约：持仓量不包括已经完成买卖双方交易并结算的合约，而是指那些仍然开放的、尚未交割或平仓的合约数量。

- 多头和空头的平衡：持仓量是多头和空头头寸的总和。每个多头头寸都有一个对应的空头头寸，因此持仓量反映了市场对某个金融工具的总体兴趣。

- 市场情绪的反映：持仓量的变化可以提供市场情绪的线索。例如，如果持仓量在价格上涨时增加，可能表明新的买入头寸（多头）正在开立，市场情绪看涨。相反，如果持仓量在价格下跌时增加，可能表明新的卖出头寸（空头）正在开立，市场情绪看跌。

- 不等同于成交量：持仓量与成交量（Volume）不同，成交量是指在一定时间内交易的合约数量，而持仓量是指在特定时间点上未平仓的合约总数。

- 期权和期货市场的关键指标：在期权和期货市场中，持仓量是一个关键的技术分析工具，可以帮助交易者判断市场趋势和潜在的价格变动。

- 持仓量的变化：持仓量可以通过以下几种方式变化：

增加：当新的买入或卖出头寸开立，且没有相应的平仓交易时，持仓量增加。

减少：当现有头寸被平仓，且没有新的开仓交易与之相对应时，持仓量减少。


#### 4、在投资过程中发挥的作用：
- 持仓量是市场分析中的一个重要概念，它有助于交易者了解市场中未平仓合约的总体规模，从而评估市场的流动性和潜在的价格波动。

#### 5、使用该指标需要注意的事项：
- 持仓量与市场情绪：持仓量的增加可能表明市场对某个资产的兴趣增加，但需要分析其背后的原因，可能是基于深入分析的信心表现，也可能是投机行为的体现。

- 持仓量与价格波动：持仓量的增加可能预示着价格波动的增加，因为大量未平仓合约可能在市场情绪变化时导致价格快速移动。

- 持仓量与市场风险：持仓量过高可能表明市场风险的增加，特别是当持仓集中在少数投资者手中时，可能会增加市场的系统性风险。

- 持仓量与交易策略：投资者应将持仓量变化作为交易策略的一部分，结合其他市场分析工具和指标来制定交易决策。

- 持仓量与监管政策：监管机构和交易所可能通过监控持仓量的变化来识别和管理市场风险，投资者应关注这些政策变化。

- 持仓量与市场流动性：持仓量的变化也会影响市场的流动性。持仓量增加可能增加流动性，而持仓量减少可能导致流动性减少。

- 持仓量与交易成本：持仓量的变化可能会影响交易成本，如保证金要求的变化，这将直接影响投资者的交易成本和潜在风险。

- 持仓量与市场操纵：需要警惕持仓量是否可能被操纵，以及是否存在过度投机的风险。

- 持仓量与风险管理：投资者应使用持仓量作为风险管理工具，监控持仓量的变化以评估和调整其持仓的风险敞口。

- 持仓量与市场趋势：持仓量的变化可以提供市场趋势的线索，但应结合其他市场信息和技术分析工具来解读这些信号。

- 持仓量与交割风险：在期货市场中，持仓量的变化与交割风险密切相关，特别是在交割月份，持仓量的变化可能会影响交割价格和流程。

- 持仓量与信息披露：持仓量的信息披露应保持透明，以便所有市场参与者都能基于相同的信息做出决策。

- 持仓量与市场教育：对于新入市的投资者，了解持仓量的概念和它如何影响市场是非常重要的。

- 持仓量与市场监管：持仓量的变化可能会触发市场监管措施，如强行平仓或限制开仓等，投资者需要对此有所了解和准备。

通过综合考虑上述事项，投资者可以更有效地利用持仓量信息，做出更为明智的投资决策。同时，监管机构可以利用持仓量信息来维护市场秩序，防范和控制金融风险。",,false,[],UAOS,STANDARD_SNAPSHOT
volume_call|期权统计--看涨成交量|Call Volume,security,metric_lookup,series,market_code,volume_call,volume_call,"{""time_period"":{""children"":null,""default"":""min_1"",""enum_options"":[{""label"":""min_1"",""value"":""min_1""}],""example"":""min_1"",""name"":""time_period"",""query_type"":""enum"",""required"":""1"",""source"":""table""}}","{""type"":""end_count"",""end_time"":0,""count"":30,""time_period"":""min_1""}",series-etf-30d.json,min_1,期权统计--看涨成交量,Call Volume,期权统计--看涨成交量,,false,"[""min_1""]",UUS,STANDARD_SERIES_TIME_RANGE_END_COUNT
volume_put|期权统计--看跌成交量|Put Volume,security,metric_lookup,series,market_code,volume_put,volume_put,"{""time_period"":{""children"":null,""default"":""min_1"",""enum_options"":[{""label"":""min_1"",""value"":""min_1""}],""example"":""min_1"",""name"":""time_period"",""query_type"":""enum"",""required"":""1"",""source"":""table""}}","{""type"":""end_count"",""end_time"":0,""count"":30,""time_period"":""min_1""}",series-etf-30d.json,min_1,期权统计--看跌成交量,Put Volume,期权统计--看跌成交量,,false,"[""min_1""]",UUS,STANDARD_SERIES_TIME_RANGE_END_COUNT
7|开盘价|Open Price,security,metric_lookup,snapshot,market_code,7,7,"{""trade_class"":{""children"":null,""default"":""intraday"",""enum_options"":[{""label"":""盘前"",""value"":""pre_market""},{""label"":""盘中"",""value"":""intraday""},{""label"":""盘后"",""value"":""post_market""}],""example"":""intraday"",""name"":""trade_class"",""query_type"":""enum"",""required"":""1"",""source"":""legacy""}}",{},stock-detail.json,snapshot,开盘价,Open Price,"#### 1、定义：
开盘价是指股票在交易日的开盘时刻，通过集合竞价形成的第一笔成交价格。它是股票交易日的起始价格，对投资者的交易决策具有重要的参考价值。

#### 2、别名：
- 开盘价
- 开市价

#### 3、特征：
- 开盘价是交易日的第一笔成交价格，具有起始性和指导性。
- 开盘价的形成是通过集合竞价机制，反映了市场在开盘前的供需关系。
- 开盘价与前一交易日的收盘价相比，可以反映出市场情绪的变化，对投资者的交易决策具有指导意义。
- 开盘价的波动性较大，容易受到市场消息、投资者情绪等因素的影响。

#### 4、在投资过程中发挥的作用：
  - 开盘价可以作为投资者判断市场情绪和趋势的参考，帮助投资者做出交易决策。
  - 开盘价的变动可以反映出市场对某只股票的关注度和预期，对投资者的买卖决策具有指导意义。
  - 开盘价与前一交易日的收盘价相比，可以形成跳空缺口，对技术分析具有重要意义。跳空缺口可能预示着市场趋势的转变，对投资者的交易策略产生影响。

#### 5、使用该指标需要注意的事项：
  - 开盘价容易受到市场消息、投资者情绪等因素的影响，投资者在使用开盘价作为交易参考时，应结合其他技术指标和市场信息进行综合分析。
  - 开盘价的波动性较大，投资者应保持谨慎，避免盲目跟风。
  - 开盘价仅是交易日的起始价格，投资者在进行交易决策时，还需关注股票的全天交易情况，以及市场的整体走势。
  - 开盘价的形成受到集合竞价机制的影响，投资者应了解集合竞价的规则和原理，以便更好地利用开盘价进行投资决策。

#### 6、特殊注意事项：
<font color =""red"">开盘价在开线周期存在除权复权的问题，在获取K线的开盘价时，需要根据实际需求，来取对应的开盘价（除权、前复权、后复权）。
具体除复权取数参数请参考取数协议</font>",,false,[],"UUS,89,UDC,UBAX,UBAF,U31X,U31F,U32X,U32F,UAOS",STANDARD_SNAPSHOT
7|开盘价|Open Price,security,metric_lookup,snapshot,market_code,7,7,"{""trade_class"":{""children"":null,""default"":""intraday"",""enum_options"":[{""label"":""盘前"",""value"":""pre_market""},{""label"":""盘中"",""value"":""intraday""},{""label"":""盘后"",""value"":""post_market""}],""example"":""intraday"",""name"":""trade_class"",""query_type"":""enum"",""required"":""1"",""source"":""legacy""}}",{},stock-detail.json,snapshot,开盘价,Open Price,"#### 1、定义：
开盘价是指股票在交易日的开盘时刻，通过集合竞价形成的第一笔成交价格。它是股票交易日的起始价格，对投资者的交易决策具有重要的参考价值。

#### 2、别名：
- 开盘价
- 开市价

#### 3、特征：
- 开盘价是交易日的第一笔成交价格，具有起始性和指导性。
- 开盘价的形成是通过集合竞价机制，反映了市场在开盘前的供需关系。
- 开盘价与前一交易日的收盘价相比，可以反映出市场情绪的变化，对投资者的交易决策具有指导意义。
- 开盘价的波动性较大，容易受到市场消息、投资者情绪等因素的影响。

#### 4、在投资过程中发挥的作用：
  - 开盘价可以作为投资者判断市场情绪和趋势的参考，帮助投资者做出交易决策。
  - 开盘价的变动可以反映出市场对某只股票的关注度和预期，对投资者的买卖决策具有指导意义。
  - 开盘价与前一交易日的收盘价相比，可以形成跳空缺口，对技术分析具有重要意义。跳空缺口可能预示着市场趋势的转变，对投资者的交易策略产生影响。

#### 5、使用该指标需要注意的事项：
  - 开盘价容易受到市场消息、投资者情绪等因素的影响，投资者在使用开盘价作为交易参考时，应结合其他技术指标和市场信息进行综合分析。
  - 开盘价的波动性较大，投资者应保持谨慎，避免盲目跟风。
  - 开盘价仅是交易日的起始价格，投资者在进行交易决策时，还需关注股票的全天交易情况，以及市场的整体走势。
  - 开盘价的形成受到集合竞价机制的影响，投资者应了解集合竞价的规则和原理，以便更好地利用开盘价进行投资决策。

#### 6、特殊注意事项：
<font color =""red"">开盘价在开线周期存在除权复权的问题，在获取K线的开盘价时，需要根据实际需求，来取对应的开盘价（除权、前复权、后复权）。
具体除复权取数参数请参考取数协议</font>",,false,[],"UUS,89,UDC,UBAX,UBAF,U31X,U31F,U32X,U32F,UAOS",STANDARD_SNAPSHOT
7|开盘价|Open Price,security,metric_lookup,snapshot,market_code,7,7,"{""trade_class"":{""children"":null,""default"":""intraday"",""enum_options"":[{""label"":""盘前"",""value"":""pre_market""},{""label"":""盘中"",""value"":""intraday""},{""label"":""盘后"",""value"":""post_market""}],""example"":""intraday"",""name"":""trade_class"",""query_type"":""enum"",""required"":""1"",""source"":""legacy""}}",{},stock-detail.json,snapshot,开盘价,Open Price,"#### 1、定义：
开盘价是指股票在交易日的开盘时刻，通过集合竞价形成的第一笔成交价格。它是股票交易日的起始价格，对投资者的交易决策具有重要的参考价值。

#### 2、别名：
- 开盘价
- 开市价

#### 3、特征：
- 开盘价是交易日的第一笔成交价格，具有起始性和指导性。
- 开盘价的形成是通过集合竞价机制，反映了市场在开盘前的供需关系。
- 开盘价与前一交易日的收盘价相比，可以反映出市场情绪的变化，对投资者的交易决策具有指导意义。
- 开盘价的波动性较大，容易受到市场消息、投资者情绪等因素的影响。

#### 4、在投资过程中发挥的作用：
  - 开盘价可以作为投资者判断市场情绪和趋势的参考，帮助投资者做出交易决策。
  - 开盘价的变动可以反映出市场对某只股票的关注度和预期，对投资者的买卖决策具有指导意义。
  - 开盘价与前一交易日的收盘价相比，可以形成跳空缺口，对技术分析具有重要意义。跳空缺口可能预示着市场趋势的转变，对投资者的交易策略产生影响。

#### 5、使用该指标需要注意的事项：
  - 开盘价容易受到市场消息、投资者情绪等因素的影响，投资者在使用开盘价作为交易参考时，应结合其他技术指标和市场信息进行综合分析。
  - 开盘价的波动性较大，投资者应保持谨慎，避免盲目跟风。
  - 开盘价仅是交易日的起始价格，投资者在进行交易决策时，还需关注股票的全天交易情况，以及市场的整体走势。
  - 开盘价的形成受到集合竞价机制的影响，投资者应了解集合竞价的规则和原理，以便更好地利用开盘价进行投资决策。

#### 6、特殊注意事项：
<font color =""red"">开盘价在开线周期存在除权复权的问题，在获取K线的开盘价时，需要根据实际需求，来取对应的开盘价（除权、前复权、后复权）。
具体除复权取数参数请参考取数协议</font>",,false,[],"UUS,89,UDC,UBAX,UBAF,U31X,U31F,U32X,U32F,UAOS",STANDARD_SNAPSHOT
7|开盘价|Open Price,security,metric_lookup,snapshot,market_code,7,7,"{""trade_class"":{""children"":null,""default"":""intraday"",""enum_options"":[{""label"":""盘前"",""value"":""pre_market""},{""label"":""盘中"",""value"":""intraday""},{""label"":""盘后"",""value"":""post_market""}],""example"":""intraday"",""name"":""trade_class"",""query_type"":""enum"",""required"":""1"",""source"":""legacy""}}",{},stock-detail.json,snapshot,开盘价,Open Price,"#### 1、定义：
开盘价是指股票在交易日的开盘时刻，通过集合竞价形成的第一笔成交价格。它是股票交易日的起始价格，对投资者的交易决策具有重要的参考价值。

#### 2、别名：
- 开盘价
- 开市价

#### 3、特征：
- 开盘价是交易日的第一笔成交价格，具有起始性和指导性。
- 开盘价的形成是通过集合竞价机制，反映了市场在开盘前的供需关系。
- 开盘价与前一交易日的收盘价相比，可以反映出市场情绪的变化，对投资者的交易决策具有指导意义。
- 开盘价的波动性较大，容易受到市场消息、投资者情绪等因素的影响。

#### 4、在投资过程中发挥的作用：
  - 开盘价可以作为投资者判断市场情绪和趋势的参考，帮助投资者做出交易决策。
  - 开盘价的变动可以反映出市场对某只股票的关注度和预期，对投资者的买卖决策具有指导意义。
  - 开盘价与前一交易日的收盘价相比，可以形成跳空缺口，对技术分析具有重要意义。跳空缺口可能预示着市场趋势的转变，对投资者的交易策略产生影响。

#### 5、使用该指标需要注意的事项：
  - 开盘价容易受到市场消息、投资者情绪等因素的影响，投资者在使用开盘价作为交易参考时，应结合其他技术指标和市场信息进行综合分析。
  - 开盘价的波动性较大，投资者应保持谨慎，避免盲目跟风。
  - 开盘价仅是交易日的起始价格，投资者在进行交易决策时，还需关注股票的全天交易情况，以及市场的整体走势。
  - 开盘价的形成受到集合竞价机制的影响，投资者应了解集合竞价的规则和原理，以便更好地利用开盘价进行投资决策。

#### 6、特殊注意事项：
<font color =""red"">开盘价在开线周期存在除权复权的问题，在获取K线的开盘价时，需要根据实际需求，来取对应的开盘价（除权、前复权、后复权）。
具体除复权取数参数请参考取数协议</font>",,false,[],"UUS,89,UDC,UBAX,UBAF,U31X,U31F,U32X,U32F,UAOS",STANDARD_SNAPSHOT
7|开盘价|Open Price,security,metric_lookup,snapshot,market_code,7,7,"{""trade_class"":{""children"":null,""default"":""intraday"",""enum_options"":[{""label"":""盘前"",""value"":""pre_market""},{""label"":""盘中"",""value"":""intraday""},{""label"":""盘后"",""value"":""post_market""}],""example"":""intraday"",""name"":""trade_class"",""query_type"":""enum"",""required"":""1"",""source"":""legacy""}}",{},stock-detail.json,snapshot,开盘价,Open Price,"#### 1、定义：
开盘价是指股票在交易日的开盘时刻，通过集合竞价形成的第一笔成交价格。它是股票交易日的起始价格，对投资者的交易决策具有重要的参考价值。

#### 2、别名：
- 开盘价
- 开市价

#### 3、特征：
- 开盘价是交易日的第一笔成交价格，具有起始性和指导性。
- 开盘价的形成是通过集合竞价机制，反映了市场在开盘前的供需关系。
- 开盘价与前一交易日的收盘价相比，可以反映出市场情绪的变化，对投资者的交易决策具有指导意义。
- 开盘价的波动性较大，容易受到市场消息、投资者情绪等因素的影响。

#### 4、在投资过程中发挥的作用：
  - 开盘价可以作为投资者判断市场情绪和趋势的参考，帮助投资者做出交易决策。
  - 开盘价的变动可以反映出市场对某只股票的关注度和预期，对投资者的买卖决策具有指导意义。
  - 开盘价与前一交易日的收盘价相比，可以形成跳空缺口，对技术分析具有重要意义。跳空缺口可能预示着市场趋势的转变，对投资者的交易策略产生影响。

#### 5、使用该指标需要注意的事项：
  - 开盘价容易受到市场消息、投资者情绪等因素的影响，投资者在使用开盘价作为交易参考时，应结合其他技术指标和市场信息进行综合分析。
  - 开盘价的波动性较大，投资者应保持谨慎，避免盲目跟风。
  - 开盘价仅是交易日的起始价格，投资者在进行交易决策时，还需关注股票的全天交易情况，以及市场的整体走势。
  - 开盘价的形成受到集合竞价机制的影响，投资者应了解集合竞价的规则和原理，以便更好地利用开盘价进行投资决策。

#### 6、特殊注意事项：
<font color =""red"">开盘价在开线周期存在除权复权的问题，在获取K线的开盘价时，需要根据实际需求，来取对应的开盘价（除权、前复权、后复权）。
具体除复权取数参数请参考取数协议</font>",,false,[],"UUS,89,UDC,UBAX,UBAF,U31X,U31F,U32X,U32F,UAOS",STANDARD_SNAPSHOT
10|最新价|Current Price,security,metric_lookup,snapshot,market_code,10,10,"{""trade_class"":{""children"":null,""default"":""intraday"",""enum_options"":[{""label"":""盘前"",""value"":""pre_market""},{""label"":""盘中"",""value"":""intraday""},{""label"":""盘后"",""value"":""post_market""}],""example"":""intraday"",""name"":""trade_class"",""query_type"":""enum"",""required"":""1"",""source"":""legacy""}}",{},stock-detail.json,snapshot,最新价,Current Price,最新价,,false,[],"UUS,89,UDC,UBAX,UBAF,U31X,U31F,U32X,U32F,UAOS",STANDARD_SNAPSHOT
10|最新价|Current Price,security,metric_lookup,snapshot,market_code,10,10,"{""trade_class"":{""children"":null,""default"":""intraday"",""enum_options"":[{""label"":""盘前"",""value"":""pre_market""},{""label"":""盘中"",""value"":""intraday""},{""label"":""盘后"",""value"":""post_market""}],""example"":""intraday"",""name"":""trade_class"",""query_type"":""enum"",""required"":""1"",""source"":""legacy""}}",{},stock-detail.json,snapshot,最新价,Current Price,最新价,,false,[],"UUS,89,UDC,UBAX,UBAF,U31X,U31F,U32X,U32F,UAOS",STANDARD_SNAPSHOT
10|最新价|Current Price,security,metric_lookup,snapshot,market_code,10,10,"{""trade_class"":{""children"":null,""default"":""intraday"",""enum_options"":[{""label"":""盘前"",""value"":""pre_market""},{""label"":""盘中"",""value"":""intraday""},{""label"":""盘后"",""value"":""post_market""}],""example"":""intraday"",""name"":""trade_class"",""query_type"":""enum"",""required"":""1"",""source"":""legacy""}}",{},stock-detail.json,snapshot,最新价,Current Price,最新价,,false,[],"UUS,89,UDC,UBAX,UBAF,U31X,U31F,U32X,U32F,UAOS",STANDARD_SNAPSHOT
10|最新价|Current Price,security,metric_lookup,snapshot,market_code,10,10,"{""trade_class"":{""children"":null,""default"":""intraday"",""enum_options"":[{""label"":""盘前"",""value"":""pre_market""},{""label"":""盘中"",""value"":""intraday""},{""label"":""盘后"",""value"":""post_market""}],""example"":""intraday"",""name"":""trade_class"",""query_type"":""enum"",""required"":""1"",""source"":""legacy""}}",{},stock-detail.json,snapshot,最新价,Current Price,最新价,,false,[],"UUS,89,UDC,UBAX,UBAF,U31X,U31F,U32X,U32F,UAOS",STANDARD_SNAPSHOT
10|最新价|Current Price,security,metric_lookup,snapshot,market_code,10,10,"{""trade_class"":{""children"":null,""default"":""intraday"",""enum_options"":[{""label"":""盘前"",""value"":""pre_market""},{""label"":""盘中"",""value"":""intraday""},{""label"":""盘后"",""value"":""post_market""}],""example"":""intraday"",""name"":""trade_class"",""query_type"":""enum"",""required"":""1"",""source"":""legacy""}}",{},stock-detail.json,snapshot,最新价,Current Price,最新价,,false,[],"UUS,89,UDC,UBAX,UBAF,U31X,U31F,U32X,U32F,UAOS",STANDARD_SNAPSHOT
opt_timing_l1_implied_move_pct|预期波动幅度|Implied Move Percent,security,metric_lookup,series,market_code,opt_timing_l1_implied_move_pct,opt_timing_l1_implied_move_pct,{},"{""type"":""end_count"",""end_time"":0,""count"":30,""time_period"":""day_1"",""supported_types"":[""begin_end"",""end_count""]}",series-etf-30d.json,snapshot;day_1,预期波动幅度,Implied Move Percent,基于跨式定价的预期股价波动百分比。,,false,[],UUS,"STANDARD_SNAPSHOT,STANDARD_SERIES_TIME_RANGE_ALL"
opt_liquidity_status_root|流动性柱状态（根级别）|Liquidity Status,security,metric_lookup,series,market_code,opt_liquidity_status_root,opt_liquidity_status_root,{},"{""type"":""end_count"",""end_time"":0,""count"":30,""time_period"":""day_1"",""supported_types"":[""begin_end"",""end_count""]}",series-etf-30d.json,snapshot;day_1,流动性柱状态（根级别）,Liquidity Status,流动性柱的简化状态（pillar根级别）,,false,[],UUS,"STANDARD_SNAPSHOT,STANDARD_SERIES_TIME_RANGE_ALL"
ext_metric_option_bearish_turnover_min_1|大单看跌成交额（从开盘起）|Daily Bearish Turnover from Open,security,metric_lookup,series,market_code,ext_metric_option_bearish_turnover_min_1,ext_metric_option_bearish_turnover_min_1,"{""time_period"":{""children"":null,""default"":""min_1"",""enum_options"":[{""label"":""min_1"",""value"":""min_1""}],""example"":""min_1"",""name"":""time_period"",""query_type"":""enum"",""required"":""1"",""source"":""table""}}","{""type"":""begin_end"",""begin_time"":1783296000000,""end_time"":0,""time_period"":""min_1""}",series-etf-30d.json,min_1,大单看跌成交额（从开盘起）,Daily Bearish Turnover from Open,大单看跌成交额,,false,"[""min_1""]",UUS,STANDARD_SERIES_TIME_RANGE_BEGIN_END
ext_metric_option_bearish_turnover_day_1|大单看跌成交额（日）|Daily Bearish Turnover,security,metric_lookup,series,market_code,ext_metric_option_bearish_turnover_day_1,ext_metric_option_bearish_turnover_day_1,"{""time_period"":{""children"":null,""default"":""day_1"",""enum_options"":[{""label"":""day_1"",""value"":""day_1""}],""example"":""day_1"",""name"":""time_period"",""query_type"":""enum"",""required"":""1"",""source"":""table""}}","{""type"":""begin_end"",""begin_time"":1783296000000,""end_time"":0,""time_period"":""day_1""}",series-etf-30d.json,day_1,大单看跌成交额（日）,Daily Bearish Turnover,大单看跌成交额,,false,"[""day_1""]",UUS,STANDARD_SERIES_TIME_RANGE_BEGIN_END
ext_metric_option_bullish_turnover_min_1|大单看涨成交额（从开盘起）|Daily Bullish Turnover from Open,security,metric_lookup,series,market_code,ext_metric_option_bullish_turnover_min_1,ext_metric_option_bullish_turnover_min_1,"{""time_period"":{""children"":null,""default"":""min_1"",""enum_options"":[{""label"":""min_1"",""value"":""min_1""}],""example"":""min_1"",""name"":""time_period"",""query_type"":""enum"",""required"":""1"",""source"":""table""}}","{""type"":""begin_end"",""begin_time"":1783296000000,""end_time"":0,""time_period"":""min_1""}",series-etf-30d.json,min_1,大单看涨成交额（从开盘起）,Daily Bullish Turnover from Open,大单看涨成交额,,false,"[""min_1""]",UUS,STANDARD_SERIES_TIME_RANGE_BEGIN_END
ext_metric_option_bullish_turnover_day_1|大单看涨成交额（日）|Daily Bullish Turnover,security,metric_lookup,series,market_code,ext_metric_option_bullish_turnover_day_1,ext_metric_option_bullish_turnover_day_1,"{""time_period"":{""children"":null,""default"":""day_1"",""enum_options"":[{""label"":""day_1"",""value"":""day_1""}],""example"":""day_1"",""name"":""time_period"",""query_type"":""enum"",""required"":""1"",""source"":""table""}}","{""type"":""begin_end"",""begin_time"":1783296000000,""end_time"":0,""time_period"":""day_1""}",series-etf-30d.json,day_1,大单看涨成交额（日）,Daily Bullish Turnover,大单看涨成交额,,false,"[""day_1""]",UUS,STANDARD_SERIES_TIME_RANGE_BEGIN_END
国际北美etf@Latest Premium Rate|基金溢价率（最新）|Fund Premium Rate,security,metric_lookup,snapshot,market_code,国际北美etf@Latest Premium Rate,国际北美etf@Latest Premium Rate,{},{},stock-detail.json,snapshot,基金溢价率（最新）,Fund Premium Rate,ETF的二级市场价格和一级市场的NAV的溢价比率,,false,[],"UUS,89,UAOS,UDC,UBAX,UBAF,U31X,U31F,U32X,U32F",STANDARD_SNAPSHOT
issueDate|基金发行日期|Fund Issue Date,security,metric_lookup,snapshot,market_code,issueDate,issueDate,{},{},stock-detail.json,snapshot,基金发行日期,Fund Issue Date,发行日期,,false,[],UUS,STANDARD_SNAPSHOT
inr-price_amplitude_ratio_pct-max|区间振幅（基于起始价）|Amplitude (Period),security,metric_lookup,snapshot,market_code,inr-price_amplitude_ratio_pct-max,inr-price_amplitude_ratio_pct-max,"{""period_type"":{""children"":null,""default"":null,""enum_options"":[{""label"":""null"",""value"":null},{""label"":""rolling"",""value"":""rolling""},{""label"":""rolling2"",""value"":""rolling2""}],""example"":null,""name"":""period_type"",""query_type"":""enum"",""required"":""1"",""source"":""legacy""},""time_period"":{""children"":null,""default"":""min_*"",""enum_options"":[{""label"":""不限trade_class且*>1"",""value"":""min_*""},{""label"":""限制intraday"",""value"":""day_*""},{""label"":""限制intraday"",""value"":""week_*""},{""label"":""限制intraday"",""value"":""month_*""},{""label"":""限制intraday"",""value"":""year_*""}],""example"":""min_*"",""name"":""time_period"",""query_type"":""enum"",""required"":""1"",""source"":""legacy""},""trade_class"":{""children"":null,""default"":""intraday"",""enum_options"":[{""label"":""盘前"",""value"":""pre_market""},{""label"":""盘中"",""value"":""intraday""},{""label"":""盘后"",""value"":""post_market""}],""example"":""intraday"",""name"":""trade_class"",""query_type"":""enum"",""required"":""1"",""source"":""legacy""}}",{},stock-detail.json,min_*;day_*;week_*;month_*;year_*,区间振幅（基于起始价）,Amplitude (Period),"区间振幅
计算公式
区间振幅 = (区间最高价 - 区间最低价) / 区间起始价格",区间振幅（基于起始价）,true,"[""min_*"",""day_*"",""week_*"",""month_*"",""year_*""]","UUS,89,UDC,UBAX,UBAF,U31X,U31F,U32X,U32F",STANDARD_SNAPSHOT
fundCategory|基金分类|Category,security,metric_lookup,snapshot,market_code,fundCategory,fundCategory,{},{},stock-detail.json,snapshot,基金分类,Category,分类 Category,,false,[],UUS,STANDARD_SNAPSHOT
ext_metric_security_class|证券类型（行情服务分类）|Asset Class,security,metric_lookup,snapshot,market_code,ext_metric_security_class,ext_metric_security_class,{},{},stock-detail.json,snapshot,证券类型（行情服务分类）,Asset Class,比如股票、基金等，详见http://cf.myhexin.com/spaces/AmericanOMSTrade/pages/1278336242/%E8%AF%81%E5%88%B8%E7%B1%BB%E5%9E%8B,,false,[],"UUS,89,UAOS,UDC,UBAX,UBAF,U31X,U31F,U32X,U32F",STANDARD_SNAPSHOT
ext_metric_security_class|证券类型（行情服务分类）|Asset Class,security,metric_lookup,snapshot,market_code,ext_metric_security_class,ext_metric_security_class,{},{},stock-detail.json,snapshot,证券类型（行情服务分类）,Asset Class,比如股票、基金等，详见http://cf.myhexin.com/spaces/AmericanOMSTrade/pages/1278336242/%E8%AF%81%E5%88%B8%E7%B1%BB%E5%9E%8B,,false,[],"UUS,89,UAOS,UDC,UBAX,UBAF,U31X,U31F,U32X,U32F",STANDARD_SNAPSHOT
24|委托买入价格一|Bid Price 1,security,metric_lookup,snapshot,market_code,24,24,"{""trade_class"":{""children"":null,""default"":""intraday"",""enum_options"":[{""label"":""盘前"",""value"":""pre_market""},{""label"":""盘中"",""value"":""intraday""},{""label"":""盘后"",""value"":""post_market""}],""example"":""intraday"",""name"":""trade_class"",""query_type"":""enum"",""required"":""1"",""source"":""legacy""}}",{},stock-detail.json,snapshot,委托买入价格一,Bid Price 1,"委托买入价格一，行情基础指标
来源行情，行情id=24",,false,[],"UUS,89,UDC,UBAX,UBAF,U31X,U31F,U32X,U32F,UAOS",STANDARD_SNAPSHOT
30|委托卖出价格一|Ask Price 1,security,metric_lookup,snapshot,market_code,30,30,"{""trade_class"":{""children"":null,""default"":""intraday"",""enum_options"":[{""label"":""盘前"",""value"":""pre_market""},{""label"":""盘中"",""value"":""intraday""},{""label"":""盘后"",""value"":""post_market""}],""example"":""intraday"",""name"":""trade_class"",""query_type"":""enum"",""required"":""1"",""source"":""legacy""}}",{},stock-detail.json,snapshot,委托卖出价格一,Ask Price 1,"委托卖出价格一，行情基础指标
来源于行情，行情id=30",,false,[],"UUS,89,UDC,UBAX,UBAF,U31X,U31F,U32X,U32F,UAOS",STANDARD_SNAPSHOT
31|委托卖出数量一|Ask Size 1,security,metric_lookup,snapshot,market_code,31,31,"{""trade_class"":{""children"":null,""default"":""intraday"",""enum_options"":[{""label"":""盘前"",""value"":""pre_market""},{""label"":""盘中"",""value"":""intraday""},{""label"":""盘后"",""value"":""post_market""}],""example"":""intraday"",""name"":""trade_class"",""query_type"":""enum"",""required"":""1"",""source"":""legacy""}}",{},stock-detail.json,snapshot,委托卖出数量一,Ask Size 1,"委托卖出量一，行情基础指标
来源于行情，行情id=31",,false,[],"UUS,89,UDC,UBAX,UBAF,U31X,U31F,U32X,U32F,UAOS",STANDARD_SNAPSHOT
25|委托买入数量一|Bid Size 1,security,metric_lookup,snapshot,market_code,25,25,"{""trade_class"":{""children"":null,""default"":""intraday"",""enum_options"":[{""label"":""盘前"",""value"":""pre_market""},{""label"":""盘中"",""value"":""intraday""},{""label"":""盘后"",""value"":""post_market""}],""example"":""intraday"",""name"":""trade_class"",""query_type"":""enum"",""required"":""1"",""source"":""legacy""}}",{},stock-detail.json,snapshot,委托买入数量一,Bid Size 1,"委托买入量一，行情基础指标
来源行情，行情id=25",,false,[],"UUS,89,UDC,UBAX,UBAF,U31X,U31F,U32X,U32F,UAOS",STANDARD_SNAPSHOT
price_to_fiftytwo_week_low_ratio|股价相对52周最低价百分比|Price % of 52 Week Low,security,metric_lookup,snapshot,market_code,price_to_fiftytwo_week_low_ratio,price_to_fiftytwo_week_low_ratio,"{""time_period"":{""children"":null,""default"":null,""enum_options"":null,""example"":null,""name"":""time_period"",""query_type"":""enum"",""required"":""1"",""source"":""table""},""trade_class"":{""children"":null,""default"":""intraday"",""enum_options"":[{""label"":""盘前"",""value"":""pre_market""},{""label"":""盘中"",""value"":""intraday""},{""label"":""盘后"",""value"":""post_market""}],""example"":""intraday"",""name"":""trade_class"",""query_type"":""enum"",""required"":""1"",""source"":""table""}}",{},stock-detail.json,snapshot,股价相对52周最低价百分比,Price % of 52 Week Low,当前股价占52周最低价的百分比,,false,[],UUS,STANDARD_SNAPSHOT
price_to_fiftytwo_week_low_ratio|股价相对52周最低价百分比|Price % of 52 Week Low,security,metric_lookup,snapshot,market_code,price_to_fiftytwo_week_low_ratio,price_to_fiftytwo_week_low_ratio,"{""time_period"":{""children"":null,""default"":null,""enum_options"":null,""example"":null,""name"":""time_period"",""query_type"":""enum"",""required"":""1"",""source"":""table""},""trade_class"":{""children"":null,""default"":""intraday"",""enum_options"":[{""label"":""盘前"",""value"":""pre_market""},{""label"":""盘中"",""value"":""intraday""},{""label"":""盘后"",""value"":""post_market""}],""example"":""intraday"",""name"":""trade_class"",""query_type"":""enum"",""required"":""1"",""source"":""table""}}",{},stock-detail.json,snapshot,股价相对52周最低价百分比,Price % of 52 Week Low,当前股价占52周最低价的百分比,,false,[],UUS,STANDARD_SNAPSHOT
constituent_market_cap|ETF持仓成分证券市值|Constituent Market Cap,security,metric_lookup,snapshot,market_code,constituent_market_cap,constituent_market_cap,"{""match_code"":{""children"":null,""default"":null,""enum_options"":null,""example"":null,""name"":""match_code"",""query_type"":""string"",""required"":""1"",""source"":""table""}}",{},stock-detail.json,snapshot,ETF持仓成分证券市值,Constituent Market Cap,单个成分证券的市值,,false,[],UUS,STANDARD_SNAPSHOT
repurchase_yield|回购收益率|Buyback Yield,security,metric_lookup,series,market_code,repurchase_yield,repurchase_yield,{},"{""type"":""end_count"",""end_time"":0,""count"":30,""time_period"":""day_1"",""supported_types"":[""begin_end"",""end_count""]}",series-etf-30d.json,day_1,回购收益率,Buyback Yield,回购收益率 = 公司回购股票金额 / 市值 * 100%，衡量公司通过股票回购向股东返还现金的比率。,,false,[],"UUS,89,UBAX,UBAF,U31X,U31F,U32X,U32F",STANDARD_SERIES_TIME_RANGE_ALL
price_cash_ratio|市价现金比|Cash Flow Multiple,security,metric_lookup,series,market_code,price_cash_ratio,price_cash_ratio,{},"{""type"":""end_count"",""end_time"":0,""count"":30,""time_period"":""day_1"",""supported_types"":[""begin_end"",""end_count""]}",series-etf-30d.json,snapshot;day_1,市价现金比,Cash Flow Multiple,"Price / Cash
市价现金比
计算公式
市价现金比 = 收盘价* 总股本 / 现金及短期投资
### 核心业务含义与价值
这个比率的价值主要体现在以下几个方面：
1. 评估公司的“安全边际”和抗风险能力
含义：巨额现金为公司提供了巨大的财务灵活性和安全性。现金可以用于应对经济衰退、行业低迷、意外亏损等突发情况，帮助公司渡过难关而不必破产。
解读：市价现金比率越低，说明公司的“现金缓冲垫”越厚实，财务安全边际越高。 例如，一家市值为100亿、持有50亿现金的公司（市价现金比=2），其抗风险能力远强于一家市值为100亿、只持有5亿现金的公司（市价现金比=20）。
2. 识别潜在的被收购价值或“烟蒂”投资机会
含义：这是该比率最经典的应用场景，源于价值投资大师本杰明·格雷厄姆。如果一家公司的总市值甚至低于其持有的净现金（即现金减去所有债务），那么从理论上讲，收购者可以买下整个公司，立即拿走全部现金还清债务，白得一个还能运营的业务。
解读：极低的市价现金比（特别是接近或小于1） 可能意味着公司被市场严重低估，是一个潜在的“烟蒂股”投资机会。但需要注意的是，这种情况在现代市场中非常罕见，通常意味着公司存在严重的问题（如持续亏损、行业衰退等），导致市场对其未来极度悲观。
3. 衡量公司进行并购、回购或投资的能力
含义：充足的现金意味着公司拥有强大的“弹药库”来进行战略布局。
并购：可以收购竞争对手或互补业务。
股票回购：可以回购股票，提升每股收益（EPS）和股东价值。
研发投资：可以投资于新技术、新产品，为未来增长蓄力。
解读：市价现金比低的公司，进行上述操作的空间更大，更容易在竞争中抓住机会。
4. 行业对比：科技行业的特殊用法
含义：在科技行业（尤其是生物科技、软件开发等领域），许多公司在其发展早期可能没有盈利，甚至没有正的经营现金流，但其价值很大程度上体现在研发成果和未来的市场潜力上。此时，评估其现金消耗速率（Burn Rate）和现金能支撑其运营多久（Cash Runway）至关重要。
解读：投资者会关注市价现金比，并结合其亏损额来计算：以当前的现金储备，按照目前的烧钱速度，公司还能维持运营多久？ 如果比率很低但现金消耗很快，其安全性也会打折扣。",,false,[],"UUS,89,UDC,UBAX,UBAF,U31X,U31F,U32X,U32F","STANDARD_SNAPSHOT,STANDARD_SERIES_TIME_RANGE_ALL"
peg_ttm|动态PEG比率|Dynamic Peg (TTM),security,metric_lookup,series,market_code,peg_ttm,peg_ttm,{},"{""type"":""end_count"",""end_time"":0,""count"":30,""time_period"":""day_1"",""supported_types"":[""begin_end"",""end_count""]}",series-etf-30d.json,snapshot;day_1,动态PEG比率,Dynamic Peg (TTM),"PEG TTM
动态PEG比率
计算公式
PEG TTM = (P/E TTM) ÷ EPS TTM的同比增长率
### 核心业务含义与价值
动态PEG的核心价值在于它提供了一个相对公允的视角来比较不同增长水平的公司。
1、衡量估值与增长的匹配度（解决P/E的缺陷）
问题：一只高增长的科技股P/E为50倍，一只缓慢增长的公用事业股P/E为15倍。哪只更“便宜”？单看P/E会认为后者便宜，但这忽略了前者巨大的增长潜力。
解决方案：动态PEG引入了增长维度。
如果科技股预期增长率（G）为40%，则其PEG = 50 / 40 = 1.25。
如果公用事业股预期增长率（G）为5%，则其PEG = 15 / 5 = 3。
结论：虽然科技股的绝对估值（P/E）更高，但相对于其增长，它反而比公用事业股更“便宜”。动态PEG帮助投资者在不同增长水平的公司和行业之间进行更合理的比较。
2、识别被低估或高估的增长型公司
解读标准（传统理论，由投资大师彼得·林奇推广）：
PEG = 1：表示估值（P/E）与增长预期（G）完全匹配，理论上处于合理估值水平。
PEG < 1：表示公司的估值可能低于其增长潜力，可能被低估，是买入机会。
PEG > 1：表示公司的估值可能高于其增长潜力，可能被高估，需谨慎对待。
注意：这是一个经验法则，并非绝对真理。在实际应用中，PEG小于1.5可能都被认为是可接受的，具体取决于行业和市场环境。
3、进行跨行业比较
含义：由于PEG已经包含了增长因素，它可以在一定程度上消除不同行业增长率差异带来的影响，使得投资者能够比较不同行业的公司。
例子：可以比较一家高速增长的软件公司（P/E高，G也高）和一家稳健增长的消费品公司（P/E低，G也低），看谁的“增长性价比”更高。",,false,[],"UUS,89,UDC,UBAX,UBAF,U31X,U31F,U32X,U32F","STANDARD_SNAPSHOT,STANDARD_SERIES_TIME_RANGE_ALL"
dividend_ratio_pct_lfy|上一财年股息率|Dividend Yield LFY,security,metric_lookup,series,market_code,dividend_ratio_pct_lfy,dividend_ratio_pct_lfy,{},"{""type"":""end_count"",""end_time"":0,""count"":30,""time_period"":""day_1"",""supported_types"":[""begin_end"",""end_count""]}",series-etf-30d.json,day_1,上一财年股息率,Dividend Yield LFY,"Dividend Yield %
股息率(LFY)

计算公式
股息率(LFY) = 每股派息 LFY / 股价

核心业务价值与解读
股息率的业务价值可以从公司内部和外部投资者两个角度来理解。

对投资者而言的业务价值：
提供稳定的现金流和“安全垫”

价值：对于收入型投资者（如退休人士），股息提供了可预测的现金收入，这是其最直接的价值。高股息率股票被视为“类债券”资产，但又有潜在资本利得的可能。

解读：稳定的高股息被视为股价的“安全垫”。当市场下跌时，投资者因为能获得股息回报，可能更愿意持有，从而减缓股价下跌幅度。

衡量投资回报和估值水平

价值：股息率是总投资回报率（资本利得+股息再投资）的重要组成部分。历史上，股息再投资是长期复利收益的巨大驱动力。

解读：将公司的股息率与无风险收益率（如10年期国债收益率）进行比较，可以帮助判断股票的风险溢价是否足够有吸引力。例如，如果国债收益率为4%，而一只股票的股息率只有2%，那么投资者需要确信该股有足够的增长潜力来补偿额外的风险。

作为公司财务健康的“信号”

价值：投资者将稳定或增长的股息视作公司业务成熟、现金流强劲、财务稳健的强烈信号。只有真正赚到钱（而且是现金）的公司才有能力持续派息。

解读：突然的股息增加通常被解读为管理层对未来盈利充满信心的积极信号。反之，削减或取消股息则是一个极其危险的负面信号，往往预示着公司可能陷入了严重的财务困境。",,false,[],"UUS,89,UBAX,UBAF,U31X,U31F,U32X,U32F",STANDARD_SERIES_TIME_RANGE_ALL
ev_gp_ratio_ttm|企业价值/滚动12个月毛利润|EV/GP TTM,security,metric_lookup,series,market_code,ev_gp_ratio_ttm,ev_gp_ratio_ttm,{},"{""type"":""end_count"",""end_time"":0,""count"":30,""time_period"":""day_1"",""supported_types"":[""begin_end"",""end_count""]}",series-etf-30d.json,day_1,企业价值/滚动12个月毛利润,EV/GP TTM,"Enterprise value to gross profit ratio
企业价值与毛利润比率

计算公式
企业价值与毛利率=企业价值/毛利润

核心业务含义与价值
这个比率的核心价值在于它专注于公司的核心经营效率和增长潜力，而非最终的净利润。

1、评估高速增长但尚未盈利公司的估值
适用场景：这是EV/GP最关键的用途。对于许多处于早期阶段的公司（尤其是SaaS、生物科技、零售等），它们为了追求快速增长，投入了大量的销售、研发和管理费用（SG&A），导致净利润（Net Income）或甚至运营利润（Operating Income）为负。

解决方案：此时，传统的P/E或EV/EBITDA比率变得无穷大或毫无意义。毛利润剔除了这些 discretionary（酌情支配）的运营费用，只衡量核心产品或服务的盈利能力。EV/GP因此成为了衡量这些公司价值的重要替代指标。

2、衡量核心业务的经营效率与定价权
含义：毛利润率（Gross Margin）的高低直接反映了公司的竞争优势：

高毛利润率：通常意味着公司拥有强大的品牌、专利技术、低成本优势或网络效应，使其产品能溢价出售或成本更低。

低毛利润率：通常意味着公司处于竞争激烈的行业，产品差异化小，定价权弱。

解读：EV/GP比率隐含了对公司毛利润率的考量。两家EV/GP相同的公司，毛利润率更高的那家通常更具投资吸引力，因为它表明每元收入能产生更多的初始利润，未来转化为净利润的潜力更大。

3、尤其适用于高可变成本业务的跨公司比较
含义：对于商业模式不同的公司，毛利润比收入（Revenue）更能体现效率。

例子：比较一家软件公司（SaaS）和一家 grocery store（杂货店）。

软件公司：收入很高，毛利润率极高（因为软件复制的成本几乎为0），其EV/Revenue（市销率）可能很高，但EV/GP可能相对合理。

杂货店：收入很高，但毛利润率极低（商品成本很高），其EV/Revenue可能很低，但EV/GP可能并不低。

结论：EV/GP在一定程度上标准化了不同商业模式下的效率差异，使得跨行业比较变得更有意义（尽管仍需谨慎）。

4、在SaaS（软件即服务）领域的特殊应用
含义：在SaaS行业，毛利润（通常称为毛利润）是衡量业务健康度的关键指标。由于软件的标准毛利率很高，市场更关注公司能否高效地将毛利润转化为最终利润。

解读：EV/GP是SaaS分析师常用的基准指标。一个较低的EV/GP可能表明一家高增长的SaaS公司被相对低估，或者其毛利率面临压力。",,false,[],"UUS,89,UBAX,UBAF,U31X,U31F,U32X,U32F",STANDARD_SERIES_TIME_RANGE_ALL
pfcf_ttm|价格与自由现金流比|Price/Free Cash Flow (P/FCF),security,metric_lookup,series,market_code,pfcf_ttm,pfcf_ttm,{},"{""type"":""end_count"",""end_time"":0,""count"":30,""time_period"":""day_1"",""supported_types"":[""begin_end"",""end_count""]}",series-etf-30d.json,day_1,价格与自由现金流比,Price/Free Cash Flow (P/FCF),"Industry Price to Cash Flow Ratio
价格与自由现金流比

计算公式：
价格自由现金流比 = 股价/ 每股经营现金流TTM

当然，很乐意为您解释“价格与自由现金流比（P/FCF）”的业务含义。

这是一个非常重要且实用的财务指标，被许多资深投资者和分析师视为比传统的市盈率（P/E）更可靠的估值工具。

核心业务含义与解读
P/FCF比率不仅仅是一个数字，它揭示了以下几层深刻的业务含义：

1. 公司财务健康与现金生成能力的“试金石”
含义：自由现金流是衡量一家公司财务实力的黄金标准。它显示了公司是否在真正地“赚钱”，而不仅仅是会计上的利润（净利润可能受折旧、摊销等非现金项目影响）。
解读：持续稳定产生强大自由现金流的公司，通常业务模式健康、具有强大的市场地位和议价能力（例如，可以延迟向供应商付款，同时要求客户预付款）。P/FCF比率的存在本身就以强大的FCF为前提。
2. 估值评估：公司是“昂贵”还是“便宜”？
含义：这是其最直接的应用。与同行业其他公司或公司自身的历史水平进行比较，可以判断其当前估值水平。
解读：
较低的P/FCF比率：可能表明公司被低估（相对于其现金流生成能力来说很便宜），也可能意味着公司面临重大问题（如增长停滞、高负债等），市场因此给出了折扣。
较高的P/FCF比率：通常意味着市场对该公司未来增长有很高的预期，愿意为其未来的现金流支付溢价。也可能表明公司当前被高估。
横向比较：一家P/FCF为15的公司通常比同行业P/FCF为25的公司更“便宜”（假设增长前景相似）。
3. 评估财务灵活性和回报股东的能力
含义：自由现金流是公司可以自由支配的现金，用于：
再投资：投资研发、扩大生产、进行并购，以推动未来增长。
回报股东：支付股息、回购股票，直接提升股东价值。
增强抗风险能力：偿还债务、储备现金以应对经济下行。
解读：一个P/FCF比率较低但自由现金流绝对值很高的公司，意味着它有巨大的潜力通过增加股息、大规模股票回购或战略性投资来显著提升股东价值。投资者愿意为这种潜力支付更高的溢价（即更高的P/FCF）。
4. 识别潜在风险
含义：如果一家公司利润很高但自由现金流持续为负或很弱，这是一个危险信号。
解读：这可能意味着：
公司需要持续进行巨大的资本支出才能维持运营（如资本密集型行业）。
应收账款大量增加，产品卖出去但没收回钱（增长质量差）。
存货积压严重。
P/FCF比率会异常高甚至为负值（当FCF为负时），这提醒投资者需要深入调查公司现金流问题的根源。
如何使用与注意事项
与增长率结合看（P/FCF to Growth Ratio）：
单独看P/FCF可能产生误导。一家高增长公司的P/FCF理应高于低增长公司。一个更高级的用法是将其与自由现金流的预期增长率进行比较，看看估值是否与增长匹配。

行业特性：

资本密集型行业（如制造业、电信业）：通常拥有较高的P/FCF，因为它们需要巨大的资本支出，从而减少了自由现金流。
轻资产行业（如软件、互联网）：通常拥有较低的P/FCF，因为它们资本支出需求小，能将大部分利润转化为自由现金流。
周期性波动：
对于周期性行业（如半导体、大宗商品），自由现金流在行业景气期会很高，在衰退期会很低。因此，最好使用多年平均的自由现金流来计算P/FCF，以平滑周期影响。

与市盈率（P/E）互补：

P/E：基于会计利润，容易受到会计处理方式的影响。
P/FCF：基于实实在在的现金，更难被操纵，更能反映企业的真实盈利能力。
将两者结合使用，可以更全面地评估一家公司。如果P/E和P/FCF差异巨大（例如P/E很低但P/FCF很高），就需要探究原因（可能是巨大的资本支出或营运资本变动）。
总结
价格与自由现金流比（P/FCF）的核心业务含义是：衡量市场为一家公司的现金生成能力所支付的溢价水平。它揭示了公司的财务健康度、估值高低、未来增长潜力以及回报股东的能力。

对于投资者而言，它是一个比市盈率更“硬核”、更难以粉饰的指标，能帮助穿透会计表象，看清一家公司真正创造现金的价值。",,false,[],"UUS,89,UBAX,UBAF,U31X,U31F,U32X,U32F",STANDARD_SERIES_TIME_RANGE_ALL
forward_dividend_ratio_pct|向前股息率|Div Yield,security,metric_lookup,series,market_code,forward_dividend_ratio_pct,forward_dividend_ratio_pct,{},"{""type"":""end_count"",""end_time"":0,""count"":30,""time_period"":""day_1"",""supported_types"":[""begin_end"",""end_count""]}",series-etf-30d.json,snapshot;day_1,向前股息率,Div Yield,"向前股息率是根据预期的未来股息支付情况计算的股息率，通常基于公司最近一次宣布的股息金额，并假设未来股息支付将保持这一水平。它反映了投资者在当前股价下，基于对未来股息的预期，可能获得的股息回报率。向前股息率的计算公式为：向前股息率=预期年股息/当前股价；其反应了评估投资回报、反映公司财务状况和分红政策、辅助投资决策；帮助用户解决，为投资者提供稳定的收益预期、判断公司的经营状况和发展趋势、为公司融资和市值管理提供参考、辅助市场分析和投资组合构建等
历史数据长度：从2017年开始
依赖财务数据指标 每股分红(预测) per_share_dividend_forecast
计算公式：
```
per_share_dividend_forecast / 价格 * 100
```",,false,[],"UUS,89,UDC,UBAX,UBAF,U31X,U31F,U32X,U32F","STANDARD_SNAPSHOT,STANDARD_SERIES_TIME_RANGE_ALL"
pe_lyr|市盈率(LYR)|Price to Earnings Ratio Lyr,security,metric_lookup,series,market_code,pe_lyr,pe_lyr,{},"{""type"":""end_count"",""end_time"":0,""count"":30,""time_period"":""day_1"",""supported_types"":[""begin_end"",""end_count""]}",series-etf-30d.json,snapshot;day_1,市盈率(LYR),Price to Earnings Ratio Lyr,"定义：简称PE，当前总市值除以上一年度已公布的每股收益（EPS），反映历史盈利能力。
特点‌：
数据滞后性强，适用于业绩稳定的成熟企业，但对周期股或高成长公司参考价值较低
公式：
个股 = 总市值 / 上一年度已公布的归母净利润
指数 = ∑成分股总市值 / ∑成分股归母净利润
数据标准参考：
1、个股数据基准可参考交易所披露信息
[上交所](https://www.sse.com.cn/assortment/stock/list/info/company/index.shtml?COMPANY_CODE=600000)
[深交所](http://www.szse.cn/market/stock/active/index.html)
2、指数数据基准可参考[中证指数官网](https://www.csindex.com.cn/#/dataService/indexDashboard)",,false,[],"UUS,89,UDC,UBAX,UBAF,U31X,U31F,U32X,U32F","STANDARD_SNAPSHOT,STANDARD_SERIES_TIME_RANGE_ALL"
pe_mrq|市盈率(MRQ)|Price to Earnings Ratio Mrq,security,metric_lookup,series,market_code,pe_mrq,pe_mrq,{},"{""type"":""end_count"",""end_time"":0,""count"":30,""time_period"":""day_1"",""supported_types"":[""begin_end"",""end_count""]}",series-etf-30d.json,snapshot;day_1,市盈率(MRQ),Price to Earnings Ratio Mrq,"定义：以当前总市值除以未来预测的EPS（如年度或季度预测值），反映市场预期。
特点‌：前瞻性强，但预测准确性依赖分析师或公司指引，主观性较高
公式：
      个股 =总市值 / 归母净利润(MRQ)
      指数 = ∑成分股总市值 / ∑成分股归母净利润(MRQ)
      注意：指数净利润需要剔除利润为负的成分股
数据标准参考：
1、个股数据基准可参考交易所披露信息
[上交所](https://www.sse.com.cn/assortment/stock/list/info/company/index.shtml?COMPANY_CODE=600000)
[深交所](http://www.szse.cn/market/stock/active/index.html)
2、指数数据基准可参考[中证指数官网](https://www.csindex.com.cn/#/dataService/indexDashboard)",,false,[],"UUS,89,UDC,UBAX,UBAF,U31X,U31F,U32X,U32F","STANDARD_SNAPSHOT,STANDARD_SERIES_TIME_RANGE_ALL"
cypto_open_interest_notional_value|持仓价值|Notional Value of OpenInterest,security,metric_lookup,series,market_code,cypto_open_interest_notional_value,cypto_open_interest_notional_value,"{""time_period"":{""children"":null,""default"":""min_15"",""enum_options"":[{""label"":""min_15"",""value"":""min_15""},{""label"":""min_30"",""value"":""min_30""},{""label"":""min_60"",""value"":""min_60""},{""label"":""min_120"",""value"":""min_120""},{""label"":""min_240"",""value"":""min_240""},{""label"":""min_360"",""value"":""min_360""},{""label"":""min_720"",""value"":""min_720""},{""label"":""day_1"",""value"":""day_1""}],""example"":""min_15"",""name"":""time_period"",""query_type"":""enum"",""required"":""1"",""source"":""table""}}","{""type"":""end_count"",""end_time"":0,""count"":30,""time_period"":""min_15"",""supported_types"":[""begin_end"",""end_count""]}",series-etf-30d.json,min_15;min_30;min_60;min_120;min_240;min_360;min_720;day_1,持仓价值,Notional Value of OpenInterest,该币种合约当前的总持仓价值。反映流动性，数值太小不适合大资金进场套利（滑点高）。,,false,"[""min_15"",""min_30"",""min_60"",""min_120"",""min_240"",""min_360"",""min_720"",""day_1""]",UBAF,STANDARD_SERIES_TIME_RANGE_ALL
opt_sentiment_headline|情绪柱标题|Sentiment Pillar Headline,security,metric_lookup,series,market_code,opt_sentiment_headline,opt_sentiment_headline,{},"{""type"":""end_count"",""end_time"":0,""count"":30,""time_period"":""day_1"",""supported_types"":[""begin_end"",""end_count""]}",series-etf-30d.json,snapshot;day_1,情绪柱标题,Sentiment Pillar Headline,Sentiment维度的简短标题，一行总结,,false,[],UUS,"STANDARD_SNAPSHOT,STANDARD_SERIES_TIME_RANGE_ALL"
opt_root_direction|方向信号|Direction Signal,security,metric_lookup,series,market_code,opt_root_direction,opt_root_direction,{},"{""type"":""end_count"",""end_time"":0,""count"":30,""time_period"":""day_1"",""supported_types"":[""begin_end"",""end_count""]}",series-etf-30d.json,snapshot;day_1,方向信号,Direction Signal,基于情绪分析得出的标的价格方向预测,,false,[],UUS,"STANDARD_SNAPSHOT,STANDARD_SERIES_TIME_RANGE_ALL"
opt_root_recommended_side|推荐方向|Recommended Side,security,metric_lookup,series,market_code,opt_root_recommended_side,opt_root_recommended_side,{},"{""type"":""end_count"",""end_time"":0,""count"":30,""time_period"":""day_1"",""supported_types"":[""begin_end"",""end_count""]}",series-etf-30d.json,snapshot;day_1,推荐方向,Recommended Side,推荐交易者采用的方向（买方或卖方）,,false,[],UUS,"STANDARD_SNAPSHOT,STANDARD_SERIES_TIME_RANGE_ALL"
opt_sentiment_status|情绪柱状态|Sentiment Pillar Status,security,metric_lookup,series,market_code,opt_sentiment_status,opt_sentiment_status,{},"{""type"":""end_count"",""end_time"":0,""count"":30,""time_period"":""day_1"",""supported_types"":[""begin_end"",""end_count""]}",series-etf-30d.json,snapshot;day_1,情绪柱状态,Sentiment Pillar Status,Sentiment维度的状态判断结果,,false,[],UUS,"STANDARD_SNAPSHOT,STANDARD_SERIES_TIME_RANGE_ALL"
opt_root_seller_score|卖方评分|Seller Score,security,metric_lookup,series,market_code,opt_root_seller_score,opt_root_seller_score,{},"{""type"":""end_count"",""end_time"":0,""count"":30,""time_period"":""day_1"",""supported_types"":[""begin_end"",""end_count""]}",series-etf-30d.json,snapshot;day_1,卖方评分,Seller Score,从卖方（做空波动率/收取权利金）视角的期权机会评分,,false,[],UUS,"STANDARD_SNAPSHOT,STANDARD_SERIES_TIME_RANGE_ALL"
opt_sentiment_score|情绪柱评分|Sentiment Pillar Score,security,metric_lookup,series,market_code,opt_sentiment_score,opt_sentiment_score,{},"{""type"":""end_count"",""end_time"":0,""count"":30,""time_period"":""day_1"",""supported_types"":[""begin_end"",""end_count""]}",series-etf-30d.json,snapshot;day_1,情绪柱评分,Sentiment Pillar Score,期权市场参与者的方向性情绪和信号清晰度,,false,[],UUS,"STANDARD_SNAPSHOT,STANDARD_SERIES_TIME_RANGE_ALL"
opt_root_opportunity_type|机会类型|Opportunity Type,security,metric_lookup,series,market_code,opt_root_opportunity_type,opt_root_opportunity_type,{},"{""type"":""end_count"",""end_time"":0,""count"":30,""time_period"":""day_1"",""supported_types"":[""begin_end"",""end_count""]}",series-etf-30d.json,snapshot;day_1,机会类型,Opportunity Type,基于买方/卖方评分差异判断的机会方向,,false,[],UUS,"STANDARD_SNAPSHOT,STANDARD_SERIES_TIME_RANGE_ALL"
opt_value_score|价值柱评分|Value Pillar Score,security,metric_lookup,series,market_code,opt_value_score,opt_value_score,{},"{""type"":""end_count"",""end_time"":0,""count"":30,""time_period"":""day_1"",""supported_types"":[""begin_end"",""end_count""]}",series-etf-30d.json,snapshot;day_1,价值柱评分,Value Pillar Score,IV水平相对于历史和同行的估值评估,,false,[],UUS,"STANDARD_SNAPSHOT,STANDARD_SERIES_TIME_RANGE_ALL"
opt_activity_score|活跃度柱评分|Activity Pillar Score,security,metric_lookup,series,market_code,opt_activity_score,opt_activity_score,{},"{""type"":""end_count"",""end_time"":0,""count"":30,""time_period"":""day_1"",""supported_types"":[""begin_end"",""end_count""]}",series-etf-30d.json,snapshot;day_1,活跃度柱评分,Activity Pillar Score,期权成交量和持仓量的活跃程度,,false,[],UUS,"STANDARD_SNAPSHOT,STANDARD_SERIES_TIME_RANGE_ALL"
opt_activity_status|活跃度柱状态|Activity Pillar Status,security,metric_lookup,series,market_code,opt_activity_status,opt_activity_status,{},"{""type"":""end_count"",""end_time"":0,""count"":30,""time_period"":""day_1"",""supported_types"":[""begin_end"",""end_count""]}",series-etf-30d.json,snapshot;day_1,活跃度柱状态,Activity Pillar Status,Activity维度的状态判断结果,,false,[],UUS,"STANDARD_SNAPSHOT,STANDARD_SERIES_TIME_RANGE_ALL"
opt_root_summary|综合摘要|Option Summary,security,metric_lookup,series,market_code,opt_root_summary,opt_root_summary,{},"{""type"":""end_count"",""end_time"":0,""count"":30,""time_period"":""day_1"",""supported_types"":[""begin_end"",""end_count""]}",series-etf-30d.json,snapshot;day_1,综合摘要,Option Summary,一句话的自然语言摘要，描述当前期权机会,,false,[],UUS,"STANDARD_SNAPSHOT,STANDARD_SERIES_TIME_RANGE_ALL"
opt_liquidity_score|流动性柱评分|Liquidity Pillar Score,security,metric_lookup,series,market_code,opt_liquidity_score,opt_liquidity_score,{},"{""type"":""end_count"",""end_time"":0,""count"":30,""time_period"":""day_1"",""supported_types"":[""begin_end"",""end_count""]}",series-etf-30d.json,snapshot;day_1,流动性柱评分,Liquidity Pillar Score,期权交易的执行质量和市场深度,,false,[],UUS,"STANDARD_SNAPSHOT,STANDARD_SERIES_TIME_RANGE_ALL"
opt_value_status|价值柱状态|Value Pillar Status,security,metric_lookup,series,market_code,opt_value_status,opt_value_status,{},"{""type"":""end_count"",""end_time"":0,""count"":30,""time_period"":""day_1"",""supported_types"":[""begin_end"",""end_count""]}",series-etf-30d.json,snapshot;day_1,价值柱状态,Value Pillar Status,Value维度的状态判断结果,,false,[],UUS,"STANDARD_SNAPSHOT,STANDARD_SERIES_TIME_RANGE_ALL"
opt_value_headline|价值柱标题|Value Pillar Headline,security,metric_lookup,series,market_code,opt_value_headline,opt_value_headline,{},"{""type"":""end_count"",""end_time"":0,""count"":30,""time_period"":""day_1"",""supported_types"":[""begin_end"",""end_count""]}",series-etf-30d.json,snapshot;day_1,价值柱标题,Value Pillar Headline,Value维度的简短标题，一行总结,,false,[],UUS,"STANDARD_SNAPSHOT,STANDARD_SERIES_TIME_RANGE_ALL"
opt_timing_score|时机柱评分|Timing Pillar Score,security,metric_lookup,series,market_code,opt_timing_score,opt_timing_score,{},"{""type"":""end_count"",""end_time"":0,""count"":30,""time_period"":""day_1"",""supported_types"":[""begin_end"",""end_count""]}",series-etf-30d.json,snapshot;day_1,时机柱评分,Timing Pillar Score,进场时机评估，综合事件风险、theta效率和期限结构,,false,[],UUS,"STANDARD_SNAPSHOT,STANDARD_SERIES_TIME_RANGE_ALL"
opt_liquidity_headline|流动性柱标题|Liquidity Pillar Headline,security,metric_lookup,series,market_code,opt_liquidity_headline,opt_liquidity_headline,{},"{""type"":""end_count"",""end_time"":0,""count"":30,""time_period"":""day_1"",""supported_types"":[""begin_end"",""end_count""]}",series-etf-30d.json,snapshot;day_1,流动性柱标题,Liquidity Pillar Headline,Liquidity维度的简短标题，一行总结,,false,[],UUS,"STANDARD_SNAPSHOT,STANDARD_SERIES_TIME_RANGE_ALL"
opt_root_buyer_score|买方评分|Buyer Score,security,metric_lookup,series,market_code,opt_root_buyer_score,opt_root_buyer_score,{},"{""type"":""end_count"",""end_time"":0,""count"":30,""time_period"":""day_1"",""supported_types"":[""begin_end"",""end_count""]}",series-etf-30d.json,snapshot;day_1,买方评分,Buyer Score,从买方（做多波动率/方向性）视角的期权机会评分,,false,[],UUS,"STANDARD_SNAPSHOT,STANDARD_SERIES_TIME_RANGE_ALL"
opt_root_overall_score|期权综合评分|Options Overall Score,security,metric_lookup,series,market_code,opt_root_overall_score,opt_root_overall_score,{},"{""type"":""end_count"",""end_time"":0,""count"":30,""time_period"":""day_1"",""supported_types"":[""begin_end"",""end_count""]}",series-etf-30d.json,snapshot;day_1,期权综合评分,Options Overall Score,综合5个维度（价值、情绪、活跃度、流动性、时机）的期权机会评分，分数越高表示机会越好,,false,[],UUS,"STANDARD_SNAPSHOT,STANDARD_SERIES_TIME_RANGE_ALL"
opt_timing_headline|时机柱标题|Timing Pillar Headline,security,metric_lookup,series,market_code,opt_timing_headline,opt_timing_headline,{},"{""type"":""end_count"",""end_time"":0,""count"":30,""time_period"":""day_1"",""supported_types"":[""begin_end"",""end_count""]}",series-etf-30d.json,snapshot;day_1,时机柱标题,Timing Pillar Headline,Timing维度的简短标题，一行总结,,false,[],UUS,"STANDARD_SNAPSHOT,STANDARD_SERIES_TIME_RANGE_ALL"
opt_sentiment_l1_volume_pcr|成交量看跌看涨比|Volume Put/Call Ratio,security,metric_lookup,series,market_code,opt_sentiment_l1_volume_pcr,opt_sentiment_l1_volume_pcr,{},"{""type"":""end_count"",""end_time"":0,""count"":30,""time_period"":""day_1"",""supported_types"":[""begin_end"",""end_count""]}",series-etf-30d.json,snapshot;day_1,成交量看跌看涨比,Volume Put/Call Ratio,看跌期权成交量与看涨期权成交量的比值。>1表示看跌情绪占主导,,false,[],UUS,"STANDARD_SNAPSHOT,STANDARD_SERIES_TIME_RANGE_ALL"
opt_activity_headline|活跃度柱标题|Activity Pillar Headline,security,metric_lookup,series,market_code,opt_activity_headline,opt_activity_headline,{},"{""type"":""end_count"",""end_time"":0,""count"":30,""time_period"":""day_1"",""supported_types"":[""begin_end"",""end_count""]}",series-etf-30d.json,snapshot;day_1,活跃度柱标题,Activity Pillar Headline,Activity维度的简短标题，一行总结,,false,[],UUS,"STANDARD_SNAPSHOT,STANDARD_SERIES_TIME_RANGE_ALL"
opt_root_risk_level|风险等级|Risk Level,security,metric_lookup,series,market_code,opt_root_risk_level,opt_root_risk_level,{},"{""type"":""end_count"",""end_time"":0,""count"":30,""time_period"":""day_1"",""supported_types"":[""begin_end"",""end_count""]}",series-etf-30d.json,snapshot;day_1,风险等级,Risk Level,基于流动性、价差、IV水平和事件临近度的风险评估,,false,[],UUS,"STANDARD_SNAPSHOT,STANDARD_SERIES_TIME_RANGE_ALL"
opt_timing_status|时机柱状态|Timing Pillar Status,security,metric_lookup,series,market_code,opt_timing_status,opt_timing_status,{},"{""type"":""end_count"",""end_time"":0,""count"":30,""time_period"":""day_1"",""supported_types"":[""begin_end"",""end_count""]}",series-etf-30d.json,snapshot;day_1,时机柱状态,Timing Pillar Status,Timing维度的状态判断结果,,false,[],UUS,"STANDARD_SNAPSHOT,STANDARD_SERIES_TIME_RANGE_ALL"
opt_liquidity_tier|流动性柱tier|Liquidity Tier,security,metric_lookup,series,market_code,opt_liquidity_tier,opt_liquidity_tier,{},"{""type"":""end_count"",""end_time"":0,""count"":30,""time_period"":""day_1"",""supported_types"":[""begin_end"",""end_count""]}",series-etf-30d.json,snapshot;day_1,流动性柱tier,Liquidity Tier,流动性等级（与liquidity_tier相同，pillar根级别快捷字段）,,false,[],UUS,"STANDARD_SNAPSHOT,STANDARD_SERIES_TIME_RANGE_ALL"
opt_activity_volume_surge_actual|实际激增倍数|Actual Volume Surge,security,metric_lookup,series,market_code,opt_activity_volume_surge_actual,opt_activity_volume_surge_actual,{},"{""type"":""end_count"",""end_time"":0,""count"":30,""time_period"":""day_1"",""supported_types"":[""begin_end"",""end_count""]}",series-etf-30d.json,snapshot;day_1,实际激增倍数,Actual Volume Surge,activity柱根级别的成交量激增倍数（与level1.volume_surge.value相同）,,false,[],UUS,"STANDARD_SNAPSHOT,STANDARD_SERIES_TIME_RANGE_ALL"
opt_value_l1_iv_percentile|IV百分位|IV Percentile,security,metric_lookup,series,market_code,opt_value_l1_iv_percentile,opt_value_l1_iv_percentile,{},"{""type"":""end_count"",""end_time"":0,""count"":30,""time_period"":""day_1"",""supported_types"":[""begin_end"",""end_count""]}",series-etf-30d.json,snapshot;day_1,IV百分位,IV Percentile,当前IV在52周分布中所处的百分位数,,false,[],UUS,"STANDARD_SNAPSHOT,STANDARD_SERIES_TIME_RANGE_ALL"
opt_root_confidence|置信度|Confidence Level,security,metric_lookup,series,market_code,opt_root_confidence,opt_root_confidence,{},"{""type"":""end_count"",""end_time"":0,""count"":30,""time_period"":""day_1"",""supported_types"":[""begin_end"",""end_count""]}",series-etf-30d.json,snapshot;day_1,置信度,Confidence Level,评分系统对当前评估结果的置信程度,,false,[],UUS,"STANDARD_SNAPSHOT,STANDARD_SERIES_TIME_RANGE_ALL"
opt_value_l1_iv_hv_ratio|IV/HV比率|IV/HV Ratio,security,metric_lookup,series,market_code,opt_value_l1_iv_hv_ratio,opt_value_l1_iv_hv_ratio,{},"{""type"":""end_count"",""end_time"":0,""count"":30,""time_period"":""day_1"",""supported_types"":[""begin_end"",""end_count""]}",series-etf-30d.json,snapshot;day_1,IV/HV比率,IV/HV Ratio,隐含波动率与20日实际波动率的比值。<1表示期权定价偏低，>1表示偏高,,false,[],UUS,"STANDARD_SNAPSHOT,STANDARD_SERIES_TIME_RANGE_ALL"
opt_value_l1_iv_rank|IV排名(52周)|IV Rank 52w,security,metric_lookup,series,market_code,opt_value_l1_iv_rank,opt_value_l1_iv_rank,{},"{""type"":""end_count"",""end_time"":0,""count"":30,""time_period"":""day_1"",""supported_types"":[""begin_end"",""end_count""]}",series-etf-30d.json,snapshot;day_1,IV排名(52周),IV Rank 52w,当前隐含波动率在过去52周范围内的排名位置。低值表示IV处于低位，期权相对便宜,,false,[],UUS,"STANDARD_SNAPSHOT,STANDARD_SERIES_TIME_RANGE_ALL"
opt_value_iv_regime|价值柱IV体制|Value IV Regime,security,metric_lookup,series,market_code,opt_value_iv_regime,opt_value_iv_regime,{},"{""type"":""end_count"",""end_time"":0,""count"":30,""time_period"":""day_1"",""supported_types"":[""begin_end"",""end_count""]}",series-etf-30d.json,snapshot;day_1,价值柱IV体制,Value IV Regime,当前IV的体制分类（低波/高波/过渡期）,,false,[],UUS,"STANDARD_SNAPSHOT,STANDARD_SERIES_TIME_RANGE_ALL"
opt_activity_avg_20d_volume|20日平均成交量|20-Day Average Volume,security,metric_lookup,series,market_code,opt_activity_avg_20d_volume,opt_activity_avg_20d_volume,{},"{""type"":""end_count"",""end_time"":0,""count"":30,""time_period"":""day_1"",""supported_types"":[""begin_end"",""end_count""]}",series-etf-30d.json,snapshot;day_1,20日平均成交量,20-Day Average Volume,该标的期权20个交易日的日均成交量,,false,[],UUS,"STANDARD_SNAPSHOT,STANDARD_SERIES_TIME_RANGE_ALL"
opt_timing_l1_days_to_earnings|距财报天数|Days to Earnings,security,metric_lookup,series,market_code,opt_timing_l1_days_to_earnings,opt_timing_l1_days_to_earnings,{},"{""type"":""end_count"",""end_time"":0,""count"":30,""time_period"":""day_1"",""supported_types"":[""begin_end"",""end_count""]}",series-etf-30d.json,snapshot;day_1,距财报天数,Days to Earnings,距离下一次财报发布的自然天数。null表示无已知日期,,false,[],UUS,"STANDARD_SNAPSHOT,STANDARD_SERIES_TIME_RANGE_ALL"
opt_activity_l1_volume_surge|成交量激增倍数|Volume Surge Multiplier,security,metric_lookup,series,market_code,opt_activity_l1_volume_surge,opt_activity_l1_volume_surge,{},"{""type"":""end_count"",""end_time"":0,""count"":30,""time_period"":""day_1"",""supported_types"":[""begin_end"",""end_count""]}",series-etf-30d.json,snapshot;day_1,成交量激增倍数,Volume Surge Multiplier,今日期权成交量相对于20日平均的倍数。>1.5x表示异常活跃,,false,[],UUS,"STANDARD_SNAPSHOT,STANDARD_SERIES_TIME_RANGE_ALL"
opt_timing_l1_theta_decay|日Theta衰减率|Daily Theta Decay %,security,metric_lookup,series,market_code,opt_timing_l1_theta_decay,opt_timing_l1_theta_decay,{},"{""type"":""end_count"",""end_time"":0,""count"":30,""time_period"":""day_1"",""supported_types"":[""begin_end"",""end_count""]}",series-etf-30d.json,snapshot;day_1,日Theta衰减率,Daily Theta Decay %,ATM期权每日的时间价值衰减率（占期权价格百分比）,,false,[],UUS,"STANDARD_SNAPSHOT,STANDARD_SERIES_TIME_RANGE_ALL"
opt_liquidity_l1_atm_spread|ATM买卖价差|ATM Bid-Ask Spread %,security,metric_lookup,series,market_code,opt_liquidity_l1_atm_spread,opt_liquidity_l1_atm_spread,{},"{""type"":""end_count"",""end_time"":0,""count"":30,""time_period"":""day_1"",""supported_types"":[""begin_end"",""end_count""]}",series-etf-30d.json,snapshot;day_1,ATM买卖价差,ATM Bid-Ask Spread %,平值期权的买卖价差占中间价的百分比。越小=流动性越好,,false,[],UUS,"STANDARD_SNAPSHOT,STANDARD_SERIES_TIME_RANGE_ALL"
opt_timing_chk_pass_rate|时机检查通过率|Timing Checks Pass Rate,security,metric_lookup,series,market_code,opt_timing_chk_pass_rate,opt_timing_chk_pass_rate,{},"{""type"":""end_count"",""end_time"":0,""count"":30,""time_period"":""day_1"",""supported_types"":[""begin_end"",""end_count""]}",series-etf-30d.json,snapshot;day_1,时机检查通过率,Timing Checks Pass Rate,Timing维度的子检查通过率,,false,[],UUS,"STANDARD_SNAPSHOT,STANDARD_SERIES_TIME_RANGE_ALL"
opt_liquidity_chk_pass_rate|流动性检查通过率|Liquidity Checks Pass Rate,security,metric_lookup,series,market_code,opt_liquidity_chk_pass_rate,opt_liquidity_chk_pass_rate,{},"{""type"":""end_count"",""end_time"":0,""count"":30,""time_period"":""day_1"",""supported_types"":[""begin_end"",""end_count""]}",series-etf-30d.json,snapshot;day_1,流动性检查通过率,Liquidity Checks Pass Rate,Liquidity维度的子检查通过率,,false,[],UUS,"STANDARD_SNAPSHOT,STANDARD_SERIES_TIME_RANGE_ALL"
opt_sentiment_chk_pass_rate|情绪检查通过率|Sentiment Checks Pass Rate,security,metric_lookup,series,market_code,opt_sentiment_chk_pass_rate,opt_sentiment_chk_pass_rate,{},"{""type"":""end_count"",""end_time"":0,""count"":30,""time_period"":""day_1"",""supported_types"":[""begin_end"",""end_count""]}",series-etf-30d.json,snapshot;day_1,情绪检查通过率,Sentiment Checks Pass Rate,Sentiment维度的子检查通过率,,false,[],UUS,"STANDARD_SNAPSHOT,STANDARD_SERIES_TIME_RANGE_ALL"
opt_strategy_name|主策略名称|Primary Strategy Name,security,metric_lookup,series,market_code,opt_strategy_name,opt_strategy_name,{},"{""type"":""end_count"",""end_time"":0,""count"":30,""time_period"":""day_1"",""supported_types"":[""begin_end"",""end_count""]}",series-etf-30d.json,snapshot;day_1,主策略名称,Primary Strategy Name,系统推荐的首选期权策略,,false,[],UUS,"STANDARD_SNAPSHOT,STANDARD_SERIES_TIME_RANGE_ALL"
opt_activity_chk_pass_rate|活跃度检查通过率|Activity Checks Pass Rate,security,metric_lookup,series,market_code,opt_activity_chk_pass_rate,opt_activity_chk_pass_rate,{},"{""type"":""end_count"",""end_time"":0,""count"":30,""time_period"":""day_1"",""supported_types"":[""begin_end"",""end_count""]}",series-etf-30d.json,snapshot;day_1,活跃度检查通过率,Activity Checks Pass Rate,Activity维度的子检查通过率,,false,[],UUS,"STANDARD_SNAPSHOT,STANDARD_SERIES_TIME_RANGE_ALL"
opt_value_chk_pass_rate|价值检查通过率|Value Checks Pass Rate,security,metric_lookup,series,market_code,opt_value_chk_pass_rate,opt_value_chk_pass_rate,{},"{""type"":""end_count"",""end_time"":0,""count"":30,""time_period"":""day_1"",""supported_types"":[""begin_end"",""end_count""]}",series-etf-30d.json,snapshot;day_1,价值检查通过率,Value Checks Pass Rate,Value维度的子检查通过率,,false,[],UUS,"STANDARD_SNAPSHOT,STANDARD_SERIES_TIME_RANGE_ALL"
ext_metric_listed_exchange|上市交易所编码|Bourse Code,security,metric_lookup,snapshot,market_code,ext_metric_listed_exchange,ext_metric_listed_exchange,{},{},stock-detail.json,snapshot,上市交易所编码,Bourse Code,上市交易所的编码，详见http://cf.myhexin.com/spaces/AmericanOMSTrade/pages/1279708908/%E5%B8%82%E5%9C%BA%E5%92%8C%E4%BA%A4%E6%98%93%E6%89%80,,false,[],"UUS,89,UAOS,UDC,UBAX,UBAF,U31X,U31F,U32X,U32F",STANDARD_SNAPSHOT
ext_metric_listed_exchange|上市交易所编码|Bourse Code,security,metric_lookup,snapshot,market_code,ext_metric_listed_exchange,ext_metric_listed_exchange,{},{},stock-detail.json,snapshot,上市交易所编码,Bourse Code,上市交易所的编码，详见http://cf.myhexin.com/spaces/AmericanOMSTrade/pages/1279708908/%E5%B8%82%E5%9C%BA%E5%92%8C%E4%BA%A4%E6%98%93%E6%89%80,,false,[],"UUS,89,UAOS,UDC,UBAX,UBAF,U31X,U31F,U32X,U32F",STANDARD_SNAPSHOT
stock_future_earnings|未来若干天的财报相关信息|Future Earnings,security,metric_lookup,snapshot,market_code,stock_future_earnings,stock_future_earnings,"{""time_period"":{""children"":null,""default"":""day_*"",""enum_options"":[{""label"":""day_*"",""value"":""day_*""}],""example"":""day_*"",""name"":""time_period"",""query_type"":""enum"",""required"":""1"",""source"":""table""}}",{},stock-detail.json,day_*,未来若干天的财报相关信息,Future Earnings,"[http://cf.myhexin.com/spaces/AmericanOMSTrade/pages/1497848711/%E9%87%91%E8%9E%8D%E6%95%B0%E6%8D%AE%E6%9C%8D%E5%8A%A1%E5%88%86%E7%B1%BB](http://cf.myhexin.com/spaces/AmericanOMSTrade/pages/1489890950/OMS-17724+%E5%AD%A3%E5%BA%A6%E8%B4%A2%E6%8A%A5%E9%A2%84%E6%B5%8B)

需求描述：取一批代码未来N天即将披露的季度财报

业务领域：美股股票

数据要求：仅返回最新一条即将披露（或者当天实际披露）的季度财报数据。

指标名称：stock_future_earnings，快照数据，属性 time_period:  day_N  ， 表示取未来N天内的季度财报

例如：time_period = day_7,   根据 financial_appoint_disclose_date 日期判断是否满足最近7天，决定是否返回",,false,"[""day_*""]",UUS,STANDARD_SNAPSHOT
ext_crypto_post_rank|ext_crypto_post_rank|Crypto Post Rank,security,metric_lookup,snapshot,market_code,ext_crypto_post_rank,ext_crypto_post_rank,"{""time_period"":{""children"":null,""default"":""min_240"",""enum_options"":[{""label"":""min_240"",""value"":""min_240""}],""example"":""min_240"",""name"":""time_period"",""query_type"":""enum"",""required"":""1"",""source"":""legacy""}}",{},stock-detail.json,min_240,ext_crypto_post_rank,Crypto Post Rank,排名,,false,"[""min_240""]","UBAX,UBAF,U31X,U31F,U32X,U32F",STANDARD_SNAPSHOT
stock_insider_watchlist|内部人交易汇总数据|Insider Trading,security,metric_lookup,snapshot,market_code,stock_insider_watchlist,stock_insider_watchlist,"{""time_period"":{""children"":null,""default"":""day_*"",""enum_options"":[{""label"":""day_*"",""value"":""day_*""}],""example"":""day_*"",""name"":""time_period"",""query_type"":""enum"",""required"":""1"",""source"":""table""}}",{},stock-detail.json,day_*,内部人交易汇总数据,Insider Trading,公司过去内部交易人的交易记录汇总数据,,false,"[""day_*""]",UUS,STANDARD_SNAPSHOT
insider_trade_history_sum|历史内部人交易数据汇总|Insider Trade History,security,metric_lookup,snapshot,market_code,insider_trade_history_sum,insider_trade_history_sum,"{""time_period"":{""children"":null,""default"":""day_*"",""enum_options"":[{""label"":""day_*"",""value"":""day_*""}],""example"":""day_*"",""name"":""time_period"",""query_type"":""enum"",""required"":""1"",""source"":""table""}}",{},stock-detail.json,day_*,历史内部人交易数据汇总,Insider Trade History,选取公司过去7天（今天，昨天，前天，大前天，大大前天等）内部交易人的交易记录汇总数据。,,false,"[""day_*""]",UUS,STANDARD_SNAPSHOT
per_share_cash_dividend_future|未来若干天的现金分红信息|Future Dividend,security,metric_lookup,snapshot,market_code,per_share_cash_dividend_future,per_share_cash_dividend_future,"{""time_period"":{""children"":null,""default"":""day_*"",""enum_options"":[{""label"":""day_*"",""value"":""day_*""}],""example"":""day_*"",""name"":""time_period"",""query_type"":""enum"",""required"":""1"",""source"":""table""}}",{},stock-detail.json,day_*,未来若干天的现金分红信息,Future Dividend,"http://cf.myhexin.com/spaces/AmericanOMSTrade/pages/1497826968/OMS-17754+%E6%9C%AA%E6%9D%A5%E7%8E%B0%E9%87%91%E5%88%86%E5%B7%A5

指标描述：取一批代码未来N天即将披露的每股现金分红

业务领域：美股股票

数据要求：仅返回最新一条即将披露（或者当天实际披露）的每股现金分红数据。

指标名称：per_share_cash_dividend_future，快照数据，属性 time_period:  day_N  ， 表示取未来N天内的现金分红记录。

例如：time_period = day_7,以美东时区为准，根据 ex_right_date 判断是否满足最近7天，决定是否返回，没有则返回null",,false,"[""day_*""]",UUS,STANDARD_SNAPSHOT
financial_report_end_date|财报截止日|Financial Report End Date,security,metric_lookup,series,market_code,financial_report_end_date,financial_report_end_date,{},"{""type"":""begin_end"",""begin_time"":1783296000000,""end_time"":0,""time_period"":""quarter""}",series-etf-30d.json,snapshot;quarter,财报截止日,Financial Report End Date,财报对应的截止日期,,false,[],UUS,"STANDARD_SNAPSHOT,STANDARD_SERIES_TIME_RANGE_BEGIN_END"
ext_crypto_post_rank_change|ext_crypto_post_rank_change|Crypto Post Rank Change,security,metric_lookup,snapshot,market_code,ext_crypto_post_rank_change,ext_crypto_post_rank_change,"{""time_period"":{""children"":null,""default"":""min_240"",""enum_options"":[{""label"":""min_240"",""value"":""min_240""}],""example"":""min_240"",""name"":""time_period"",""query_type"":""enum"",""required"":""1"",""source"":""legacy""}}",{},stock-detail.json,min_240,ext_crypto_post_rank_change,Crypto Post Rank Change,较上次排名变更,,false,"[""min_240""]","UBAX,UBAF,U31X,U31F,U32X,U32F",STANDARD_SNAPSHOT
stockdiag_overview_fundamental_rating|基本面评级|Fundamental Rating,security,metric_lookup,snapshot,market_code,stockdiag_overview_fundamental_rating,stockdiag_overview_fundamental_rating,{},{},stock-detail.json,snapshot,基本面评级,Fundamental Rating,"基本面总评级，用于Overview和基本面页面,Stock榜单诊股评分，详情见http://cf.myhexin.com/spaces/AmericanOMSTrade/pages/1493264967/OMS-17733+Stocks+榜单",,false,[],UUS,STANDARD_SNAPSHOT
stockdiag_overview_total_score|诊股总得分|Overall Score,security,metric_lookup,snapshot,market_code,stockdiag_overview_total_score,stockdiag_overview_total_score,{},{},stock-detail.json,snapshot,诊股总得分,Overall Score,"诊股系统对股票的总体打分(0-10),Stock榜单诊股评分，详情见http://cf.myhexin.com/spaces/AmericanOMSTrade/pages/1493264967/OMS-17733+Stocks+榜单",,false,[],UUS,STANDARD_SNAPSHOT
price_change|涨跌|Absolute Price Change,security,metric_lookup,snapshot,market_code,price_change,price_change,"{""trade_class"":{""children"":null,""default"":""intraday"",""enum_options"":[{""label"":""盘前"",""value"":""pre_market""},{""label"":""盘中"",""value"":""intraday""},{""label"":""盘后"",""value"":""post_market""}],""example"":""intraday"",""name"":""trade_class"",""query_type"":""enum"",""required"":""1"",""source"":""table""}}",{},stock-detail.json,snapshot,涨跌,Absolute Price Change,涨跌，最新价格相比于昨日收盘价格差值,,false,[],"UUS,89,UDC,UBAX,UBAF,U31X,U31F,U32X,U32F,UAOS",STANDARD_SNAPSHOT
holdings_month|持仓top10月度持仓列表|Monthly Top 10 Holdings List,security,metric_lookup,series,market_code,holdings_month,holdings_month,"{""time_period"":{""children"":null,""default"":""day_1"",""enum_options"":[{""label"":""day_1"",""value"":""day_1""}],""example"":""day_1"",""name"":""time_period"",""query_type"":""enum"",""required"":""1"",""source"":""table""}}","{""type"":""end_count"",""end_time"":0,""count"":30,""time_period"":""day_1"",""supported_types"":[""begin_end"",""end_count""]}",series-etf-30d.json,day_1,持仓top10月度持仓列表,Monthly Top 10 Holdings List,持仓top10月度持仓列表,,false,"[""day_1""]",UUS,STANDARD_SERIES_TIME_RANGE_ALL
stockdiag_overview_technical_rating|技术面评级|Technical Rating,security,metric_lookup,snapshot,market_code,stockdiag_overview_technical_rating,stockdiag_overview_technical_rating,{},{},stock-detail.json,snapshot,技术面评级,Technical Rating,"技术面评级，用于Overview和技术面页面,Stock榜单诊股评分，详情见http://cf.myhexin.com/spaces/AmericanOMSTrade/pages/1493264967/OMS-17733+Stocks+榜单",,false,[],UUS,STANDARD_SNAPSHOT
stockdiag_overview_technical_score|技术面得分|Technical Score,security,metric_lookup,snapshot,market_code,stockdiag_overview_technical_score,stockdiag_overview_technical_score,{},{},stock-detail.json,snapshot,技术面得分,Technical Score,"技术面分析总得分(0-10)，用于Overview和技术面页面,Stock榜单诊股评分，详情见http://cf.myhexin.com/spaces/AmericanOMSTrade/pages/1493264967/OMS-17733+Stocks+榜单",,false,[],UUS,STANDARD_SNAPSHOT
stockdiag_overview_fundamental_score|基本面得分|Fundamental Score,security,metric_lookup,snapshot,market_code,stockdiag_overview_fundamental_score,stockdiag_overview_fundamental_score,{},{},stock-detail.json,snapshot,基本面得分,Fundamental Score,"基本面分析总得分(0-10)，用于Overview和基本面页面,Stock榜单诊股评分，详情见http://cf.myhexin.com/spaces/AmericanOMSTrade/pages/1493264967/OMS-17733+Stocks+榜单",,false,[],UUS,STANDARD_SNAPSHOT
stockdiag_overview_total_rating|诊股总评级|Overall Rating,security,metric_lookup,snapshot,market_code,stockdiag_overview_total_rating,stockdiag_overview_total_rating,{},{},stock-detail.json,snapshot,诊股总评级,Overall Rating,"诊股系统总体评级(Outperform/Neutral/Underperform),Stock榜单诊股评分，详情见http://cf.myhexin.com/spaces/AmericanOMSTrade/pages/1493264967/OMS-17733+Stocks+榜单",,false,[],UUS,STANDARD_SNAPSHOT
stockdiag_overview_sentiment_rating|情绪面评级|Sentiment Rating,security,metric_lookup,snapshot,market_code,stockdiag_overview_sentiment_rating,stockdiag_overview_sentiment_rating,{},{},stock-detail.json,snapshot,情绪面评级,Sentiment Rating,"情绪面评级，用于Overview和情绪面页面,Stock榜单诊股评分，详情见http://cf.myhexin.com/spaces/AmericanOMSTrade/pages/1493264967/OMS-17733+Stocks+榜单",,false,[],UUS,STANDARD_SNAPSHOT
stockdiag_overview_sentiment_score|情绪面得分|Sentiment Score,security,metric_lookup,snapshot,market_code,stockdiag_overview_sentiment_score,stockdiag_overview_sentiment_score,{},{},stock-detail.json,snapshot,情绪面得分,Sentiment Score,"情绪面分析总得分(0-10)，用于Overview和情绪面页面,Stock榜单诊股评分，详情见http://cf.myhexin.com/spaces/AmericanOMSTrade/pages/1493264967/OMS-17733+Stocks+榜单",,false,[],UUS,STANDARD_SNAPSHOT
fund_momentum_rating|动量最新得分|Momentum Latest Score,prompt_id_self,metric_lookup,series,prompt_id_self,fund_momentum_rating,fund_momentum_rating,"{""time_period"":{""children"":null,""default"":""day_1"",""enum_options"":[{""label"":""day_1"",""value"":""day_1""}],""example"":""day_1"",""name"":""time_period"",""query_type"":""enum"",""required"":""1"",""source"":""table""}}","{""type"":""end_count"",""end_time"":0,""count"":30,""time_period"":""day_1""}",series-etf-30d.json,day_1,动量最新得分,Momentum Latest Score,动量最新得分,,false,"[""day_1""]","INNER1,UUS","STANDARD_SNAPSHOT,STANDARD_SERIES_TIME_RANGE_END_COUNT"
fund_perform_rating|表现最新得分|Performance Latest Score,prompt_id_self,metric_lookup,series,prompt_id_self,fund_perform_rating,fund_perform_rating,"{""time_period"":{""children"":null,""default"":""day_1"",""enum_options"":[{""label"":""day_1"",""value"":""day_1""}],""example"":""day_1"",""name"":""time_period"",""query_type"":""enum"",""required"":""1"",""source"":""table""}}","{""type"":""end_count"",""end_time"":0,""count"":30,""time_period"":""day_1""}",series-etf-30d.json,day_1,表现最新得分,Performance Latest Score,表现最新得分,,false,"[""day_1""]","INNER1,UUS","STANDARD_SNAPSHOT,STANDARD_SERIES_TIME_RANGE_END_COUNT"
fund_overall_rating_diff_30d|综合得分30d差值|Overall Score 30D Difference,prompt_id_self,metric_lookup,series,prompt_id_self,fund_overall_rating_diff_30d,fund_overall_rating_diff_30d,"{""time_period"":{""children"":null,""default"":""day_1"",""enum_options"":[{""label"":""day_1"",""value"":""day_1""}],""example"":""day_1"",""name"":""time_period"",""query_type"":""enum"",""required"":""1"",""source"":""table""}}","{""type"":""end_count"",""end_time"":0,""count"":30,""time_period"":""day_1""}",series-etf-30d.json,day_1,综合得分30d差值,Overall Score 30D Difference,综合得分30d差值,,false,"[""day_1""]","INNER1,UUS","STANDARD_SNAPSHOT,STANDARD_SERIES_TIME_RANGE_END_COUNT"
turnover_put|期权统计--看跌成交额|Put Turnover,security,metric_lookup,series,market_code,turnover_put,turnover_put,"{""time_period"":{""children"":null,""default"":""min_1"",""enum_options"":[{""label"":""min_1"",""value"":""min_1""}],""example"":""min_1"",""name"":""time_period"",""query_type"":""enum"",""required"":""1"",""source"":""table""}}","{""type"":""end_count"",""end_time"":0,""count"":30,""time_period"":""min_1""}",series-etf-30d.json,min_1,期权统计--看跌成交额,Put Turnover,期权统计--看跌成交额,,false,"[""min_1""]",UUS,STANDARD_SERIES_TIME_RANGE_END_COUNT
turnover_call|期权统计--看涨成交额|Call Turnover,security,metric_lookup,series,market_code,turnover_call,turnover_call,"{""time_period"":{""children"":null,""default"":""min_1"",""enum_options"":[{""label"":""min_1"",""value"":""min_1""}],""example"":""min_1"",""name"":""time_period"",""query_type"":""enum"",""required"":""1"",""source"":""table""}}","{""type"":""end_count"",""end_time"":0,""count"":30,""time_period"":""min_1""}",series-etf-30d.json,min_1,期权统计--看涨成交额,Call Turnover,期权统计--看涨成交额,,false,"[""min_1""]",UUS,STANDARD_SERIES_TIME_RANGE_END_COUNT
ext_metric_option_unknown_turnover_min_1|非看跌看涨成交额|Non Call / Put Turnover,security,metric_lookup,series,market_code,ext_metric_option_unknown_turnover_min_1,ext_metric_option_unknown_turnover_min_1,"{""time_period"":{""children"":null,""default"":""min_1"",""enum_options"":[{""label"":""min_1"",""value"":""min_1""}],""example"":""min_1"",""name"":""time_period"",""query_type"":""enum"",""required"":""1"",""source"":""table""}}","{""type"":""begin_end"",""begin_time"":1783296000000,""end_time"":0,""time_period"":""min_1""}",series-etf-30d.json,min_1,非看跌看涨成交额,Non Call / Put Turnover,非看跌看涨成交额,,false,"[""min_1""]",UUS,STANDARD_SERIES_TIME_RANGE_BEGIN_END
fund_hold_fall_count|ETF持仓下跌家数|Holdings Fall Count,security,metric_lookup,snapshot,market_code,fund_hold_fall_count,fund_hold_fall_count,"{""period_type"":{""children"":null,""default"":null,""enum_options"":[{""label"":""null"",""value"":null},{""label"":""rolling"",""value"":""rolling""},{""label"":""rolling2"",""value"":""rolling2""}],""example"":null,""name"":""period_type"",""query_type"":""enum"",""required"":""1"",""source"":""legacy""},""time_period"":{""children"":null,""default"":null,""enum_options"":null,""example"":null,""name"":""time_period"",""query_type"":""enum"",""required"":""1"",""source"":""legacy""},""trade_class"":{""children"":null,""default"":""intraday"",""enum_options"":[{""label"":""盘前"",""value"":""pre_market""},{""label"":""盘中"",""value"":""intraday""},{""label"":""盘后"",""value"":""post_market""}],""example"":""intraday"",""name"":""trade_class"",""query_type"":""enum"",""required"":""1"",""source"":""legacy""}}",{},stock-detail.json,snapshot,ETF持仓下跌家数,Holdings Fall Count,ETF持仓股股的下跌家数，持仓的非美股标的不算在内,,true,[],UUS,STANDARD_SNAPSHOT
fund_hold_rise_count|ETF持仓上涨家数|Holdings Rise Count,security,metric_lookup,snapshot,market_code,fund_hold_rise_count,fund_hold_rise_count,"{""period_type"":{""children"":null,""default"":null,""enum_options"":[{""label"":""null"",""value"":null},{""label"":""rolling"",""value"":""rolling""},{""label"":""rolling2"",""value"":""rolling2""}],""example"":null,""name"":""period_type"",""query_type"":""enum"",""required"":""1"",""source"":""legacy""},""time_period"":{""children"":null,""default"":null,""enum_options"":null,""example"":null,""name"":""time_period"",""query_type"":""enum"",""required"":""1"",""source"":""legacy""},""trade_class"":{""children"":null,""default"":""intraday"",""enum_options"":[{""label"":""盘前"",""value"":""pre_market""},{""label"":""盘中"",""value"":""intraday""},{""label"":""盘后"",""value"":""post_market""}],""example"":""intraday"",""name"":""trade_class"",""query_type"":""enum"",""required"":""1"",""source"":""legacy""}}",{},stock-detail.json,snapshot,ETF持仓上涨家数,Holdings Rise Count,含义：ETF持仓股股的上涨家数，持仓的非美股标的不算在内,,true,[],UUS,STANDARD_SNAPSHOT
"sopr|SOPR
比特币已实现利润率|SOPR",chain_id,metric_lookup,series,chain_id,sopr,sopr,"{""time_period"":{""children"":null,""default"":""day_1"",""enum_options"":[{""label"":""day_1"",""value"":""day_1""}],""example"":""day_1"",""name"":""time_period"",""query_type"":""enum"",""required"":""1"",""source"":""table""}}","{""type"":""begin_end"",""begin_time"":1783296000000,""end_time"":0,""time_period"":""day_1""}",series-etf-30d.json,day_1,"SOPR
比特币已实现利润率",SOPR,"SOPR
比特币已实现利润率",,false,"[""day_1""]",INNER2,STANDARD_SERIES_TIME_RANGE_BEGIN_END
ext_crypto_post_bullish_count|看牛帖子数量|Ext Crypto Post Bullish Count,security,metric_lookup,series,market_code,ext_crypto_post_bullish_count,ext_crypto_post_bullish_count,"{""time_period"":{""children"":null,""default"":""min_240"",""enum_options"":[{""label"":""min_240"",""value"":""min_240""}],""example"":""min_240"",""name"":""time_period"",""query_type"":""enum"",""required"":""1"",""source"":""legacy""}}","{""type"":""begin_end"",""begin_time"":1783296000000,""end_time"":0,""time_period"":""min_240""}",series-etf-30d.json,min_240,看牛帖子数量,Ext Crypto Post Bullish Count,看牛帖子数量,,false,"[""min_240""]","UBAX,UBAF,U31X,U31F,U32X,U32F","STANDARD_SNAPSHOT,STANDARD_SERIES_TIME_RANGE_BEGIN_END"
"ext_crypto_post_surge_rate|Topic surge
（热度增长率）|Ext Crypto Post Surge Rate",security,metric_lookup,series,market_code,ext_crypto_post_surge_rate,ext_crypto_post_surge_rate,"{""time_period"":{""children"":null,""default"":""min_240"",""enum_options"":[{""label"":""min_240"",""value"":""min_240""}],""example"":""min_240"",""name"":""time_period"",""query_type"":""enum"",""required"":""1"",""source"":""legacy""}}","{""type"":""begin_end"",""begin_time"":1783296000000,""end_time"":0,""time_period"":""min_240""}",series-etf-30d.json,min_240,"Topic surge
（热度增长率）",Ext Crypto Post Surge Rate,"Topic surge
（热度增长率）",,false,"[""min_240""]","UBAX,UBAF,U31X,U31F,U32X,U32F","STANDARD_SNAPSHOT,STANDARD_SERIES_TIME_RANGE_BEGIN_END"
ext_crypto_post_bullish_abstract|看牛帖子摘要|Ext Crypto Post Bullish Abstract,security,metric_lookup,series,market_code,ext_crypto_post_bullish_abstract,ext_crypto_post_bullish_abstract,"{""time_period"":{""children"":null,""default"":""min_240"",""enum_options"":[{""label"":""min_240"",""value"":""min_240""}],""example"":""min_240"",""name"":""time_period"",""query_type"":""enum"",""required"":""1"",""source"":""legacy""}}","{""type"":""begin_end"",""begin_time"":1783296000000,""end_time"":0,""time_period"":""min_240""}",series-etf-30d.json,min_240,看牛帖子摘要,Ext Crypto Post Bullish Abstract,看牛帖子摘要,,false,"[""min_240""]","UBAX,UBAF,U31X,U31F,U32X,U32F","STANDARD_SNAPSHOT,STANDARD_SERIES_TIME_RANGE_BEGIN_END"
active_addresses_deviation_rate|活跃地址偏离度|Active Addresses Deviation Rate,chain_id,metric_lookup,series,chain_id,active_addresses_deviation_rate,active_addresses_deviation_rate,"{""time_period"":{""children"":null,""default"":""day_1"",""enum_options"":[{""label"":""day_1"",""value"":""day_1""}],""example"":""day_1"",""name"":""time_period"",""query_type"":""enum"",""required"":""1"",""source"":""table""}}","{""type"":""end_count"",""end_time"":0,""count"":30,""time_period"":""day_1""}",series-etf-30d.json,day_1,活跃地址偏离度,Active Addresses Deviation Rate,活跃地址偏离度,,false,"[""day_1""]",INNER2,STANDARD_SERIES_TIME_RANGE_END_COUNT
mining_difficulty_change_rate|挖矿难度变化率|Mining Difficulty Change Rate,chain_id,metric_lookup,series,chain_id,mining_difficulty_change_rate,mining_difficulty_change_rate,"{""time_period"":{""children"":null,""default"":""day_1"",""enum_options"":[{""label"":""day_1"",""value"":""day_1""}],""example"":""day_1"",""name"":""time_period"",""query_type"":""enum"",""required"":""1"",""source"":""table""}}","{""type"":""end_count"",""end_time"":0,""count"":30,""time_period"":""day_1""}",series-etf-30d.json,day_1,挖矿难度变化率,Mining Difficulty Change Rate,挖矿难度变化率,,false,"[""day_1""]",INNER2,STANDARD_SERIES_TIME_RANGE_END_COUNT
hodl_1y_plus|比特币HODL波浪（一年以上）|HOLD 1YEAR,chain_id,metric_lookup,series,chain_id,hodl_1y_plus,hodl_1y_plus,"{""time_period"":{""children"":null,""default"":""day_1"",""enum_options"":[{""label"":""day_1"",""value"":""day_1""}],""example"":""day_1"",""name"":""time_period"",""query_type"":""enum"",""required"":""1"",""source"":""table""}}","{""type"":""begin_end"",""begin_time"":1783296000000,""end_time"":0,""time_period"":""day_1""}",series-etf-30d.json,day_1,比特币HODL波浪（一年以上）,HOLD 1YEAR,比特币HODL波浪（一年以上）,,false,"[""day_1""]",INNER2,STANDARD_SERIES_TIME_RANGE_BEGIN_END
ext_crypto_post_count|帖子数量|Ext Crypto Post Count,security,metric_lookup,series,market_code,ext_crypto_post_count,ext_crypto_post_count,"{""time_period"":{""children"":null,""default"":""min_240"",""enum_options"":[{""label"":""min_240"",""value"":""min_240""}],""example"":""min_240"",""name"":""time_period"",""query_type"":""enum"",""required"":""1"",""source"":""legacy""}}","{""type"":""begin_end"",""begin_time"":1783296000000,""end_time"":0,""time_period"":""min_240""}",series-etf-30d.json,min_240,帖子数量,Ext Crypto Post Count,帖子数量,,false,"[""min_240""]","UBAX,UBAF,U31X,U31F,U32X,U32F","STANDARD_SNAPSHOT,STANDARD_SERIES_TIME_RANGE_BEGIN_END"
ext_crypto_post_bearish_abstract|看熊帖子摘要|Ext Crypto Post Bearish Abstract,security,metric_lookup,series,market_code,ext_crypto_post_bearish_abstract,ext_crypto_post_bearish_abstract,"{""time_period"":{""children"":null,""default"":""min_240"",""enum_options"":[{""label"":""min_240"",""value"":""min_240""}],""example"":""min_240"",""name"":""time_period"",""query_type"":""enum"",""required"":""1"",""source"":""table""}}","{""type"":""begin_end"",""begin_time"":1783296000000,""end_time"":0,""time_period"":""min_240""}",series-etf-30d.json,min_240,看熊帖子摘要,Ext Crypto Post Bearish Abstract,看熊帖子摘要,,false,"[""min_240""]","UBAX,UBAF,U31X,U31F,U32X,U32F","STANDARD_SNAPSHOT,STANDARD_SERIES_TIME_RANGE_BEGIN_END"
fundAnalystBuyNum|分析师买入股票数|Analyst Buy Number,security,metric_lookup,snapshot,market_code,fundAnalystBuyNum,fundAnalystBuyNum,{},{},stock-detail.json,snapshot,分析师买入股票数,Analyst Buy Number,分析师买入股票数，是衡量特定时间内，金融市场中从事证券研究与分析的专业人员（即分析师）对etf持仓股票的买入股票数。该指标反映了市场中分析师群体对该股票的投资倾向和信心水平，为投资者了解市场专业人士的持仓动态提供参考。,,false,[],UUS,STANDARD_SNAPSHOT
fundAnalystSellNum|分析师卖出股票数|Analyst Sell Number,security,metric_lookup,snapshot,market_code,fundAnalystSellNum,fundAnalystSellNum,{},{},stock-detail.json,snapshot,分析师卖出股票数,Analyst Sell Number,分析师卖出股票数（别名：分析师减持股票数），是指在指定时间点（SNAPSHOT快照周期），由金融分析师推荐卖出的持仓股票只数。该指标反映了市场中专业金融分析师基于对上市公司基本面、行业趋势、市场环境等因素的综合分析后，作出的看空投资建议的集中度,,false,[],UUS,STANDARD_SNAPSHOT
ext_crypto_unusual_activity|热度异动|Ext Crypto Unusual Activity,security,metric_lookup,series,market_code,ext_crypto_unusual_activity,ext_crypto_unusual_activity,"{""time_period"":{""children"":null,""default"":""min_240"",""enum_options"":[{""label"":""min_240"",""value"":""min_240""}],""example"":""min_240"",""name"":""time_period"",""query_type"":""enum"",""required"":""1"",""source"":""legacy""}}","{""type"":""begin_end"",""begin_time"":1783296000000,""end_time"":0,""time_period"":""min_240""}",series-etf-30d.json,min_240,热度异动,Ext Crypto Unusual Activity,热度异动,,false,"[""min_240""]","UBAX,UBAF,U31X,U31F,U32X,U32F","STANDARD_SNAPSHOT,STANDARD_SERIES_TIME_RANGE_BEGIN_END"
ext_crypto_post_bearish_count|看熊帖子数量|Ext Crypto Post Bearish Count,security,metric_lookup,series,market_code,ext_crypto_post_bearish_count,ext_crypto_post_bearish_count,"{""time_period"":{""children"":null,""default"":""min_240"",""enum_options"":[{""label"":""min_240"",""value"":""min_240""}],""example"":""min_240"",""name"":""time_period"",""query_type"":""enum"",""required"":""1"",""source"":""legacy""}}","{""type"":""begin_end"",""begin_time"":1783296000000,""end_time"":0,""time_period"":""min_240""}",series-etf-30d.json,min_240,看熊帖子数量,Ext Crypto Post Bearish Count,看熊帖子数量,,false,"[""min_240""]","UBAX,UBAF,U31X,U31F,U32X,U32F","STANDARD_SNAPSHOT,STANDARD_SERIES_TIME_RANGE_BEGIN_END"
"med_spent_age|MSOL
比特币中位已花费输出寿命|Med Spent Age",chain_id,metric_lookup,series,chain_id,med_spent_age,med_spent_age,"{""time_period"":{""children"":null,""default"":""day_1"",""enum_options"":[{""label"":""day_1"",""value"":""day_1""}],""example"":""day_1"",""name"":""time_period"",""query_type"":""enum"",""required"":""1"",""source"":""table""}}","{""type"":""begin_end"",""begin_time"":1783296000000,""end_time"":0,""time_period"":""day_1""}",series-etf-30d.json,day_1,"MSOL
比特币中位已花费输出寿命",Med Spent Age,"MSOL
比特币中位已花费输出寿命",,false,"[""day_1""]",INNER2,STANDARD_SERIES_TIME_RANGE_BEGIN_END
fundAnalystHoldNum|分析师持有股票数|Analyst Hold Number,security,metric_lookup,snapshot,market_code,fundAnalystHoldNum,fundAnalystHoldNum,{},{},stock-detail.json,snapshot,分析师持有股票数,Analyst Hold Number,分析师持有股票数（又称分析师持股数量），是衡量特定时间内，金融市场中从事证券研究与分析的专业人员（即分析师）对 etf持仓股票的推荐持有数量。该指标反映了市场中分析师群体对该股票的投资倾向和信心水平，为投资者了解市场专业人士的持仓动态提供参考。,,false,[],UUS,STANDARD_SNAPSHOT
fundAnalystUnderperformMarketNum|分析师跑输大盘股票数|Analyst Underperform Market Number,security,metric_lookup,snapshot,market_code,fundAnalystUnderperformMarketNum,fundAnalystUnderperformMarketNum,{},{},stock-detail.json,snapshot,分析师跑输大盘股票数,Analyst Underperform Market Number,分析师跑输大盘股票数，是衡量特定时间内，金融市场中从事证券研究与分析的专业人员（即分析师）对etf持仓股票的跑输大盘股票数。该指标反映了市场中分析师群体对该股票的投资倾向和信心水平，为投资者了解市场专业人士的持仓动态提供参考。,,false,[],UUS,STANDARD_SNAPSHOT
fundAnalystHighlyRecommendNum|分析师强力推荐股票数|Number of Analyst Highly Recommended Stock,security,metric_lookup,snapshot,market_code,fundAnalystHighlyRecommendNum,fundAnalystHighlyRecommendNum,{},{},stock-detail.json,snapshot,分析师强力推荐股票数,Number of Analyst Highly Recommended Stock,分析师强力推荐股票数），是衡量特定时间内，金融市场中从事证券研究与分析的专业人员（即分析师）对etf持仓股票的强力推荐股票数量。该指标反映了市场中分析师群体对该股票的投资倾向和信心水平，为投资者了解市场专业人士的持仓动态提供参考。,,false,[],UUS,STANDARD_SNAPSHOT
ext_metric_sector_3_code|股票/ETF所属的三级行业指数代码|Level 3 Industry Index Code,security,metric_lookup,snapshot,market_code,ext_metric_sector_3_code,ext_metric_sector_3_code,{},{},stock-detail.json,snapshot,股票/ETF所属的三级行业指数代码,Level 3 Industry Index Code,股票或etf代码所属的三级行业的行情市场代码，比如AAPL的三级行业代码是89:861055,,false,[],"UUS,89,UAOS,UDC,UBAX,UBAF,U31X,U31F,U32X,U32F",STANDARD_SNAPSHOT
ext_metric_sector_3_code|股票/ETF所属的三级行业指数代码|Level 3 Industry Index Code,security,metric_lookup,snapshot,market_code,ext_metric_sector_3_code,ext_metric_sector_3_code,{},{},stock-detail.json,snapshot,股票/ETF所属的三级行业指数代码,Level 3 Industry Index Code,股票或etf代码所属的三级行业的行情市场代码，比如AAPL的三级行业代码是89:861055,,false,[],"UUS,89,UAOS,UDC,UBAX,UBAF,U31X,U31F,U32X,U32F",STANDARD_SNAPSHOT
ext_metric_sector_2_code|股票/ETF所属的二级行业指数代码|Secondary Industry Index Code,security,metric_lookup,snapshot,market_code,ext_metric_sector_2_code,ext_metric_sector_2_code,{},{},stock-detail.json,snapshot,股票/ETF所属的二级行业指数代码,Secondary Industry Index Code,股票或etf代码所属的二级行业的行情市场代码，比如AAPL的二级行业代码是89:861099,,false,[],"UUS,89,UAOS,UDC,UBAX,UBAF,U31X,U31F,U32X,U32F",STANDARD_SNAPSHOT
ext_metric_sector_2_code|股票/ETF所属的二级行业指数代码|Secondary Industry Index Code,security,metric_lookup,snapshot,market_code,ext_metric_sector_2_code,ext_metric_sector_2_code,{},{},stock-detail.json,snapshot,股票/ETF所属的二级行业指数代码,Secondary Industry Index Code,股票或etf代码所属的二级行业的行情市场代码，比如AAPL的二级行业代码是89:861099,,false,[],"UUS,89,UAOS,UDC,UBAX,UBAF,U31X,U31F,U32X,U32F",STANDARD_SNAPSHOT
ext_metric_sector_4_name|股票/ETF所属的四级行业名称|Level 4 Industry Name,security,metric_lookup,snapshot,market_code,ext_metric_sector_4_name,ext_metric_sector_4_name,{},{},stock-detail.json,snapshot,股票/ETF所属的四级行业名称,Level 4 Industry Name,股票或etf代码所属的四级行业名称,,false,[],"UUS,89,UAOS,UDC,UBAX,UBAF,U31X,U31F,U32X,U32F",STANDARD_SNAPSHOT
ext_metric_sector_4_name|股票/ETF所属的四级行业名称|Level 4 Industry Name,security,metric_lookup,snapshot,market_code,ext_metric_sector_4_name,ext_metric_sector_4_name,{},{},stock-detail.json,snapshot,股票/ETF所属的四级行业名称,Level 4 Industry Name,股票或etf代码所属的四级行业名称,,false,[],"UUS,89,UAOS,UDC,UBAX,UBAF,U31X,U31F,U32X,U32F",STANDARD_SNAPSHOT
ext_metric_sector_4_code|股票/ETF所属的四级行业指数代码|Level 4 Industry Index Code,security,metric_lookup,snapshot,market_code,ext_metric_sector_4_code,ext_metric_sector_4_code,{},{},stock-detail.json,snapshot,股票/ETF所属的四级行业指数代码,Level 4 Industry Index Code,股票或etf代码所属的四级行业的行情市场代码，比如AAPL的四级行业代码是89:861228,,false,[],"UUS,89,UAOS,UDC,UBAX,UBAF,U31X,U31F,U32X,U32F",STANDARD_SNAPSHOT
ext_metric_sector_4_code|股票/ETF所属的四级行业指数代码|Level 4 Industry Index Code,security,metric_lookup,snapshot,market_code,ext_metric_sector_4_code,ext_metric_sector_4_code,{},{},stock-detail.json,snapshot,股票/ETF所属的四级行业指数代码,Level 4 Industry Index Code,股票或etf代码所属的四级行业的行情市场代码，比如AAPL的四级行业代码是89:861228,,false,[],"UUS,89,UAOS,UDC,UBAX,UBAF,U31X,U31F,U32X,U32F",STANDARD_SNAPSHOT
ext_metric_sector_1_code|股票/ETF所属的一级行业指数代码|Primary Industry Index Code,security,metric_lookup,snapshot,market_code,ext_metric_sector_1_code,ext_metric_sector_1_code,{},{},stock-detail.json,snapshot,股票/ETF所属的一级行业指数代码,Primary Industry Index Code,股票或etf代码所属的一级行业的行情市场代码，比如AAPL的一级行业代码是89:861077,,false,[],"UUS,89,UAOS,UDC,UBAX,UBAF,U31X,U31F,U32X,U32F",STANDARD_SNAPSHOT
ext_metric_sector_1_code|股票/ETF所属的一级行业指数代码|Primary Industry Index Code,security,metric_lookup,snapshot,market_code,ext_metric_sector_1_code,ext_metric_sector_1_code,{},{},stock-detail.json,snapshot,股票/ETF所属的一级行业指数代码,Primary Industry Index Code,股票或etf代码所属的一级行业的行情市场代码，比如AAPL的一级行业代码是89:861077,,false,[],"UUS,89,UAOS,UDC,UBAX,UBAF,U31X,U31F,U32X,U32F",STANDARD_SNAPSHOT
ext_metric_sector_level|指数代码行业等级|Ext Metric Sector Level,security,metric_lookup,snapshot,market_code,ext_metric_sector_level,ext_metric_sector_level,{},{},stock-detail.json,snapshot,指数代码行业等级,Ext Metric Sector Level,某一个指数代码属于第几级，1 – 表示一级行业，  2 – 表示二级行业  3 – 表示三级行业，  4 – 表示四级行业,,false,[],"UUS,89,UAOS,UDC,UBAX,UBAF,U31X,U31F,U32X,U32F",STANDARD_SNAPSHOT
ext_usdt_dominance_pct_chg_24h|USDT市值占比24小时变化%|USDT Dominance 24H Change (%),market_env,metric_lookup,snapshot,,ext_usdt_dominance_pct_chg_24h,ext_usdt_dominance_pct_chg_24h,{},{},market-env-snapshot.json,snapshot,USDT市值占比24小时变化%,USDT Dominance 24H Change (%),USDT市值占比24小时变化%,,false,[],"UUS,89,UAOS,UDC,UBAX,UBAF,U31X,U31F,U32X,U32F",STANDARD_SNAPSHOT_MARKET_ENV
ext_bnb_dominance_pct_chg_24h|BNB市值占比24小时变化%|BNB Dominance 24H Change (%),market_env,metric_lookup,snapshot,,ext_bnb_dominance_pct_chg_24h,ext_bnb_dominance_pct_chg_24h,{},{},market-env-snapshot.json,snapshot,BNB市值占比24小时变化%,BNB Dominance 24H Change (%),BNB市值占比24小时变化%,,false,[],"UUS,89,UAOS,UDC,UBAX,UBAF,U31X,U31F,U32X,U32F",STANDARD_SNAPSHOT_MARKET_ENV
ext_crypto_post_ai_direction|ext_crypto_post_ai_direction|Crypto Post AI Direction,security,metric_lookup,snapshot,market_code,ext_crypto_post_ai_direction,ext_crypto_post_ai_direction,"{""time_period"":{""children"":null,""default"":""min_240"",""enum_options"":[{""label"":""min_240"",""value"":""min_240""}],""example"":""min_240"",""name"":""time_period"",""query_type"":""enum"",""required"":""1"",""source"":""legacy""}}",{},stock-detail.json,min_240,ext_crypto_post_ai_direction,Crypto Post AI Direction,"Bullish / Bearish / null

基于 ext_crypto_post_bullish_count 和 ext_crypto_post_bearish_count 大小确定",,false,"[""min_240""]","UBAX,UBAF,U31X,U31F,U32X,U32F",STANDARD_SNAPSHOT
ext_metric_crypto_volume_ratio|数字币成交量增幅|Ext Metric Crypto Volume Ratio,security,metric_lookup,series,market_code,ext_metric_crypto_volume_ratio,ext_metric_crypto_volume_ratio,"{""time_period"":{""children"":null,""default"":""min_240"",""enum_options"":[{""label"":""min_240"",""value"":""min_240""}],""example"":""min_240"",""name"":""time_period"",""query_type"":""enum"",""required"":""1"",""source"":""table""}}","{""type"":""begin_end"",""begin_time"":1783296000000,""end_time"":0,""time_period"":""min_240""}",series-etf-30d.json,min_240,数字币成交量增幅,Ext Metric Crypto Volume Ratio,数字币成交量增幅,,false,"[""min_240""]","UBAX,UBAF,U31X,U31F,U32X,U32F",STANDARD_SERIES_TIME_RANGE_BEGIN_END
fundAssetTypeRegion|基金资产地区分布|Asset Region Distribution,security,metric_lookup,snapshot,market_code,fundAssetTypeRegion,fundAssetTypeRegion,{},{},stock-detail.json,snapshot,基金资产地区分布,Asset Region Distribution,持仓的地区分布,,false,[],UUS,STANDARD_SNAPSHOT
fundAssetTypeMarketValue|基金资产市值分布|Asset Market Cap Distribution,security,metric_lookup,snapshot,market_code,fundAssetTypeMarketValue,fundAssetTypeMarketValue,{},{},stock-detail.json,snapshot,基金资产市值分布,Asset Market Cap Distribution,持仓的市值分布,,false,[],UUS,STANDARD_SNAPSHOT
ext_metric_event_return|事件区间回报率|Cumulative Event Return,security,metric_lookup,snapshot,market_code,ext_metric_event_return,ext_metric_event_return,"{""event_id"":{""children"":null,""default"":null,""enum_options"":null,""example"":null,""name"":""event_id"",""query_type"":""string"",""required"":""1"",""source"":""legacy""}}",{},stock-detail.json,snapshot,事件区间回报率,Cumulative Event Return,在指定事件时间窗口内的累计收益率（通常以百分比表示）,,false,[],UUS,STANDARD_SNAPSHOT
ext_metric_event_drawdown_begin_date|事件区间最大回撤开始日期|Event Drawdown Begin Date,security,metric_lookup,snapshot,market_code,ext_metric_event_drawdown_begin_date,ext_metric_event_drawdown_begin_date,"{""event_id"":{""children"":null,""default"":null,""enum_options"":null,""example"":null,""name"":""event_id"",""query_type"":""string"",""required"":""1"",""source"":""legacy""}}",{},stock-detail.json,snapshot,事件区间最大回撤开始日期,Event Drawdown Begin Date,事件区间内最大回撤所对应的起始日期（即峰值日）,,false,[],UUS,STANDARD_SNAPSHOT
ext_metric_has_opt|是否有期权|Has Option,security,metric_lookup,snapshot,market_code,ext_metric_has_opt,ext_metric_has_opt,{},{},stock-detail.json,snapshot,是否有期权,Has Option,是否有期权,,false,[],"UUS,89,UAOS,UDC,UBAX,UBAF,U31X,U31F,U32X,U32F",STANDARD_SNAPSHOT
ext_metric_has_opt|是否有期权|Has Option,security,metric_lookup,snapshot,market_code,ext_metric_has_opt,ext_metric_has_opt,{},{},stock-detail.json,snapshot,是否有期权,Has Option,是否有期权,,false,[],"UUS,89,UAOS,UDC,UBAX,UBAF,U31X,U31F,U32X,U32F",STANDARD_SNAPSHOT
fundAssetTypeIndustry|基金资产行业分布|Asset Market Cap Distribution,security,metric_lookup,snapshot,market_code,fundAssetTypeIndustry,fundAssetTypeIndustry,{},{},stock-detail.json,snapshot,基金资产行业分布,Asset Market Cap Distribution,持仓的行业分布,,false,[],UUS,STANDARD_SNAPSHOT
ext_metric_event_recover_date|事件区间最大回撤修复日期|Date of Recovery From Max Drawdown During Event,security,metric_lookup,snapshot,market_code,ext_metric_event_recover_date,ext_metric_event_recover_date,"{""event_id"":{""children"":null,""default"":null,""enum_options"":null,""example"":null,""name"":""event_id"",""query_type"":""string"",""required"":""1"",""source"":""legacy""}}",{},stock-detail.json,snapshot,事件区间最大回撤修复日期,Date of Recovery From Max Drawdown During Event,从最大回撤谷底恢复至此前高点的日期（若未修复可为空）,,false,[],UUS,STANDARD_SNAPSHOT
ext_metric_event_volatility|事件区间波动率|Annualized Event Volatility,security,metric_lookup,snapshot,market_code,ext_metric_event_volatility,ext_metric_event_volatility,"{""event_id"":{""children"":null,""default"":null,""enum_options"":null,""example"":null,""name"":""event_id"",""query_type"":""string"",""required"":""1"",""source"":""legacy""}}",{},stock-detail.json,snapshot,事件区间波动率,Annualized Event Volatility,事件区间内价格收益率的年化波动率，衡量风险水平,,false,[],UUS,STANDARD_SNAPSHOT
ext_metric_event_drawdown_end_date|事件区间最大回撤结束日期|Event Drawdown Bottom,security,metric_lookup,snapshot,market_code,ext_metric_event_drawdown_end_date,ext_metric_event_drawdown_end_date,"{""event_id"":{""children"":null,""default"":null,""enum_options"":null,""example"":null,""name"":""event_id"",""query_type"":""string"",""required"":""1"",""source"":""legacy""}}",{},stock-detail.json,snapshot,事件区间最大回撤结束日期,Event Drawdown Bottom,事件区间内最大回撤所对应的结束日期（即谷底日）,,false,[],UUS,STANDARD_SNAPSHOT
ext_metric_event_max_drawdown_ratio|事件区间最大回撤比率|Event Drawdown Ratio,security,metric_lookup,snapshot,market_code,ext_metric_event_max_drawdown_ratio,ext_metric_event_max_drawdown_ratio,"{""event_id"":{""children"":null,""default"":null,""enum_options"":null,""example"":null,""name"":""event_id"",""query_type"":""string"",""required"":""1"",""source"":""legacy""}}",{},stock-detail.json,snapshot,事件区间最大回撤比率,Event Drawdown Ratio,事件区间内从峰值到谷底的最大跌幅比例（取绝对值，通常为负收益的最大值）,,false,[],UUS,STANDARD_SNAPSHOT
fund_flow_reason|资金流评分变动原因|Fund Flow Score Change Reason,prompt_id_self,metric_lookup,series,prompt_id_self,fund_flow_reason,fund_flow_reason,"{""time_period"":{""children"":null,""default"":""day_1"",""enum_options"":[{""label"":""day_1"",""value"":""day_1""}],""example"":""day_1"",""name"":""time_period"",""query_type"":""enum"",""required"":""1"",""source"":""table""}}","{""type"":""end_count"",""end_time"":0,""count"":30,""time_period"":""day_1""}",series-etf-30d.json,day_1,资金流评分变动原因,Fund Flow Score Change Reason,资金流评分变动原因,,false,"[""day_1""]","INNER1,UUS","STANDARD_SNAPSHOT,STANDARD_SERIES_TIME_RANGE_END_COUNT"
fund_fundamental_reason|基本面评分变动原因|Fundamental Score Change Reason,prompt_id_self,metric_lookup,series,prompt_id_self,fund_fundamental_reason,fund_fundamental_reason,"{""time_period"":{""children"":null,""default"":""day_1"",""enum_options"":[{""label"":""day_1"",""value"":""day_1""}],""example"":""day_1"",""name"":""time_period"",""query_type"":""enum"",""required"":""1"",""source"":""table""}}","{""type"":""end_count"",""end_time"":0,""count"":30,""time_period"":""day_1""}",series-etf-30d.json,day_1,基本面评分变动原因,Fundamental Score Change Reason,基本面评分变动原因,,false,"[""day_1""]","INNER1,UUS","STANDARD_SNAPSHOT,STANDARD_SERIES_TIME_RANGE_END_COUNT"
fund_momentum_reason|动量评分变动原因|Momentum Score Change Reason,prompt_id_self,metric_lookup,series,prompt_id_self,fund_momentum_reason,fund_momentum_reason,"{""time_period"":{""children"":null,""default"":""day_1"",""enum_options"":[{""label"":""day_1"",""value"":""day_1""}],""example"":""day_1"",""name"":""time_period"",""query_type"":""enum"",""required"":""1"",""source"":""table""}}","{""type"":""end_count"",""end_time"":0,""count"":30,""time_period"":""day_1""}",series-etf-30d.json,day_1,动量评分变动原因,Momentum Score Change Reason,动量评分变动原因,,false,"[""day_1""]","INNER1,UUS","STANDARD_SNAPSHOT,STANDARD_SERIES_TIME_RANGE_END_COUNT"
fund_safe_reason|安全评分变动原因|Safety Score Change Reason,prompt_id_self,metric_lookup,series,prompt_id_self,fund_safe_reason,fund_safe_reason,"{""time_period"":{""children"":null,""default"":""day_1"",""enum_options"":[{""label"":""day_1"",""value"":""day_1""}],""example"":""day_1"",""name"":""time_period"",""query_type"":""enum"",""required"":""1"",""source"":""table""}}","{""type"":""end_count"",""end_time"":0,""count"":30,""time_period"":""day_1""}",series-etf-30d.json,day_1,安全评分变动原因,Safety Score Change Reason,安全评分变动原因,,false,"[""day_1""]","INNER1,UUS","STANDARD_SNAPSHOT,STANDARD_SERIES_TIME_RANGE_END_COUNT"
ext_metric_event_vs_spy|事件区间对比SPY的涨幅差|Event Period Alpha vs Spy,security,metric_lookup,snapshot,market_code,ext_metric_event_vs_spy,ext_metric_event_vs_spy,"{""event_id"":{""children"":null,""default"":null,""enum_options"":null,""example"":null,""name"":""event_id"",""query_type"":""string"",""required"":""1"",""source"":""legacy""}}",{},stock-detail.json,snapshot,事件区间对比SPY的涨幅差,Event Period Alpha vs Spy,事件区间内该标的收益率与 SPY（标普500 ETF）收益率之差,,false,[],UUS,STANDARD_SNAPSHOT
hold_top10_weight|持仓top10年度占比|Top 10 Annual Weight,security,metric_lookup,series,market_code,hold_top10_weight,hold_top10_weight,"{""time_period"":{""children"":null,""default"":""day_1"",""enum_options"":[{""label"":""day_1"",""value"":""day_1""}],""example"":""day_1"",""name"":""time_period"",""query_type"":""enum"",""required"":""1"",""source"":""table""}}","{""type"":""end_count"",""end_time"":0,""count"":30,""time_period"":""day_1"",""supported_types"":[""begin_end"",""end_count""]}",series-etf-30d.json,day_1,持仓top10年度占比,Top 10 Annual Weight,持仓top10年度占比,,false,"[""day_1""]",UUS,STANDARD_SERIES_TIME_RANGE_ALL
block_etf_risekline|和指数的业绩相似度|Tracking Error,security,metric_lookup,snapshot,market_code,block_etf_risekline,block_etf_risekline,"{""match_code"":{""children"":null,""default"":null,""enum_options"":null,""example"":null,""name"":""match_code"",""query_type"":""string"",""required"":""1"",""source"":""legacy""}}",{},stock-detail.json,snapshot,和指数的业绩相似度,Tracking Error,和指数的业绩相似度,,false,[],UUS,STANDARD_SNAPSHOT
fundMarketCapMedian|持仓市值中位数|Median Market Cap of Holdings,security,metric_lookup,snapshot,market_code,fundMarketCapMedian,fundMarketCapMedian,{},{},stock-detail.json,snapshot,持仓市值中位数,Median Market Cap of Holdings,持仓股市值中位数,,false,[],UUS,STANDARD_SNAPSHOT
fund_fundamental_mean_rating|基本面平均分|Fundamental Average Score,prompt_id_self,metric_lookup,snapshot,prompt_id_self,fund_fundamental_mean_rating,fund_fundamental_mean_rating,{},{},stock-detail.json,snapshot,基本面平均分,Fundamental Average Score,基本面平均分,,false,[],"UUS,INNER1",STANDARD_SNAPSHOT
fund_fundamental_rating|基本面最新得分|Basics Score,prompt_id_self,metric_lookup,series,prompt_id_self,fund_fundamental_rating,fund_fundamental_rating,"{""time_period"":{""children"":null,""default"":""day_1"",""enum_options"":[{""label"":""day_1"",""value"":""day_1""}],""example"":""day_1"",""name"":""time_period"",""query_type"":""enum"",""required"":""1"",""source"":""table""}}","{""type"":""end_count"",""end_time"":0,""count"":30,""time_period"":""day_1""}",series-etf-30d.json,day_1,基本面最新得分,Basics Score,基本面最新得分,,false,"[""day_1""]","INNER1,UUS","STANDARD_SNAPSHOT,STANDARD_SERIES_TIME_RANGE_END_COUNT"
fund_overall_mean_rating|综合平均分|Overall Average Score,prompt_id_self,metric_lookup,snapshot,prompt_id_self,fund_overall_mean_rating,fund_overall_mean_rating,{},{},stock-detail.json,snapshot,综合平均分,Overall Average Score,综合平均分,,false,[],"UUS,INNER1",STANDARD_SNAPSHOT
fund_overall_rating|综合最新得分|Latest Overall Score,prompt_id_self,metric_lookup,series,prompt_id_self,fund_overall_rating,fund_overall_rating,"{""time_period"":{""children"":null,""default"":""day_1"",""enum_options"":[{""label"":""day_1"",""value"":""day_1""}],""example"":""day_1"",""name"":""time_period"",""query_type"":""enum"",""required"":""1"",""source"":""table""}}","{""type"":""end_count"",""end_time"":0,""count"":30,""time_period"":""day_1""}",series-etf-30d.json,day_1,综合最新得分,Latest Overall Score,综合最新得分,,false,"[""day_1""]","INNER1,UUS","STANDARD_SNAPSHOT,STANDARD_SERIES_TIME_RANGE_END_COUNT"
fund_safe_mean_rating|安全平均分|Safety Average Score,prompt_id_self,metric_lookup,snapshot,prompt_id_self,fund_safe_mean_rating,fund_safe_mean_rating,{},{},stock-detail.json,snapshot,安全平均分,Safety Average Score,安全平均分,,false,[],"UUS,INNER1",STANDARD_SNAPSHOT
hold_top10_net_profit_ttm|持仓top10年度净利润TTM|Net Profit (TTM) of Top 10 Holdings List,security,metric_lookup,series,market_code,hold_top10_net_profit_ttm,hold_top10_net_profit_ttm,"{""time_period"":{""children"":null,""default"":""day_1"",""enum_options"":[{""label"":""day_1"",""value"":""day_1""}],""example"":""day_1"",""name"":""time_period"",""query_type"":""enum"",""required"":""1"",""source"":""table""}}","{""type"":""end_count"",""end_time"":0,""count"":30,""time_period"":""day_1"",""supported_types"":[""begin_end"",""end_count""]}",series-etf-30d.json,day_1,持仓top10年度净利润TTM,Net Profit (TTM) of Top 10 Holdings List,持仓top10年度净利润TTM，连续4个报告期,,false,"[""day_1""]",UUS,STANDARD_SERIES_TIME_RANGE_ALL
hold_top10_operating_income_total_ttm|持仓top10年度营业收入TTM|Revenue (TTM) of Top 10 Holdings List,security,metric_lookup,series,market_code,hold_top10_operating_income_total_ttm,hold_top10_operating_income_total_ttm,"{""time_period"":{""children"":null,""default"":""day_1"",""enum_options"":[{""label"":""day_1"",""value"":""day_1""}],""example"":""day_1"",""name"":""time_period"",""query_type"":""enum"",""required"":""1"",""source"":""table""}}","{""type"":""end_count"",""end_time"":0,""count"":30,""time_period"":""day_1"",""supported_types"":[""begin_end"",""end_count""]}",series-etf-30d.json,day_1,持仓top10年度营业收入TTM,Revenue (TTM) of Top 10 Holdings List,持仓top10年度营业收入TTM，连续4个报告期,,false,"[""day_1""]",UUS,STANDARD_SERIES_TIME_RANGE_ALL
fund_flow_rating|资金流最新得分|Fund Flow Latest Score,prompt_id_self,metric_lookup,series,prompt_id_self,fund_flow_rating,fund_flow_rating,"{""time_period"":{""children"":null,""default"":""day_1"",""enum_options"":[{""label"":""day_1"",""value"":""day_1""}],""example"":""day_1"",""name"":""time_period"",""query_type"":""enum"",""required"":""1"",""source"":""table""}}","{""type"":""end_count"",""end_time"":0,""count"":30,""time_period"":""day_1""}",series-etf-30d.json,day_1,资金流最新得分,Fund Flow Latest Score,资金流最新得分,,false,"[""day_1""]","INNER1,UUS","STANDARD_SNAPSHOT,STANDARD_SERIES_TIME_RANGE_END_COUNT"
fund_momentum_mean_rating|动量平均分|Momentum Average Score,prompt_id_self,metric_lookup,snapshot,prompt_id_self,fund_momentum_mean_rating,fund_momentum_mean_rating,{},{},stock-detail.json,snapshot,动量平均分,Momentum Average Score,动量平均分,,false,[],"UUS,INNER1",STANDARD_SNAPSHOT
fund_perform_mean_rating|表现平均分|Performance Score,prompt_id_self,metric_lookup,snapshot,prompt_id_self,fund_perform_mean_rating,fund_perform_mean_rating,{},{},stock-detail.json,snapshot,表现平均分,Performance Score,表现平均分,,false,[],"UUS,INNER1",STANDARD_SNAPSHOT
fund_perform_reason|表现评分变动原因|Performance Score Change Reason,prompt_id_self,metric_lookup,series,prompt_id_self,fund_perform_reason,fund_perform_reason,"{""time_period"":{""children"":null,""default"":""day_1"",""enum_options"":[{""label"":""day_1"",""value"":""day_1""}],""example"":""day_1"",""name"":""time_period"",""query_type"":""enum"",""required"":""1"",""source"":""table""}}","{""type"":""end_count"",""end_time"":0,""count"":30,""time_period"":""day_1""}",series-etf-30d.json,day_1,表现评分变动原因,Performance Score Change Reason,表现评分变动原因,,false,"[""day_1""]","INNER1,UUS","STANDARD_SNAPSHOT,STANDARD_SERIES_TIME_RANGE_END_COUNT"
fund_flow_mean_rating|资金流平均分|Fund Flow Average Score,prompt_id_self,metric_lookup,snapshot,prompt_id_self,fund_flow_mean_rating,fund_flow_mean_rating,{},{},stock-detail.json,snapshot,资金流平均分,Fund Flow Average Score,资金流平均分,,false,[],"UUS,INNER1",STANDARD_SNAPSHOT
fund_safe_rating|安全最新得分|Safety Latest Score,prompt_id_self,metric_lookup,series,prompt_id_self,fund_safe_rating,fund_safe_rating,"{""time_period"":{""children"":null,""default"":""day_1"",""enum_options"":[{""label"":""day_1"",""value"":""day_1""}],""example"":""day_1"",""name"":""time_period"",""query_type"":""enum"",""required"":""1"",""source"":""table""}}","{""type"":""end_count"",""end_time"":0,""count"":30,""time_period"":""day_1""}",series-etf-30d.json,day_1,安全最新得分,Safety Latest Score,安全最新得分,,false,"[""day_1""]","INNER1,UUS","STANDARD_SNAPSHOT,STANDARD_SERIES_TIME_RANGE_END_COUNT"
fund_outflow|数字币资金流出|Capital Outflows,security,metric_lookup,series,market_code,fund_outflow,fund_outflow,"{""time_period"":{""children"":null,""default"":""min_5"",""enum_options"":[{""label"":""min_5"",""value"":""min_5""},{""label"":""min_30"",""value"":""min_30""},{""label"":""min_60"",""value"":""min_60""},{""label"":""min_240"",""value"":""min_240""},{""label"":""day_1"",""value"":""day_1""},{""label"":""week_1"",""value"":""week_1""},{""label"":""month_1"",""value"":""month_1""}],""example"":""min_5"",""name"":""time_period"",""query_type"":""enum"",""required"":""1"",""source"":""table""}}","{""type"":""end_count"",""end_time"":0,""count"":30,""time_period"":""min_5"",""supported_types"":[""begin_end"",""end_count""]}",series-etf-30d.json,min_5;min_30;min_60;min_240;day_1;week_1;month_1,数字币资金流出,Capital Outflows,数字币资金流出,,false,"[""min_5"",""min_30"",""min_60"",""min_240"",""day_1"",""week_1"",""month_1""]",UBAX,STANDARD_SERIES_TIME_RANGE_ALL
fund_net_flow|数字币资金净流入|Net Capital Inflows,security,metric_lookup,series,market_code,fund_net_flow,fund_net_flow,"{""time_period"":{""children"":null,""default"":""min_5"",""enum_options"":[{""label"":""min_5"",""value"":""min_5""},{""label"":""min_30"",""value"":""min_30""},{""label"":""min_60"",""value"":""min_60""},{""label"":""min_240"",""value"":""min_240""},{""label"":""day_1"",""value"":""day_1""},{""label"":""week_1"",""value"":""week_1""},{""label"":""month_1"",""value"":""month_1""}],""example"":""min_5"",""name"":""time_period"",""query_type"":""enum"",""required"":""1"",""source"":""table""}}","{""type"":""end_count"",""end_time"":0,""count"":30,""time_period"":""min_5"",""supported_types"":[""begin_end"",""end_count""]}",series-etf-30d.json,min_5;min_30;min_60;min_240;day_1;week_1;month_1,数字币资金净流入,Net Capital Inflows,数字币资金净流入,,false,"[""min_5"",""min_30"",""min_60"",""min_240"",""day_1"",""week_1"",""month_1""]",UBAX,STANDARD_SERIES_TIME_RANGE_ALL
fund_inflow|数字币资金流入|Capital Inflows,security,metric_lookup,series,market_code,fund_inflow,fund_inflow,"{""time_period"":{""children"":null,""default"":""min_5"",""enum_options"":[{""label"":""min_5"",""value"":""min_5""},{""label"":""min_30"",""value"":""min_30""},{""label"":""min_60"",""value"":""min_60""},{""label"":""min_240"",""value"":""min_240""},{""label"":""day_1"",""value"":""day_1""},{""label"":""week_1"",""value"":""week_1""},{""label"":""month_1"",""value"":""month_1""}],""example"":""min_5"",""name"":""time_period"",""query_type"":""enum"",""required"":""1"",""source"":""table""}}","{""type"":""end_count"",""end_time"":0,""count"":30,""time_period"":""min_5"",""supported_types"":[""begin_end"",""end_count""]}",series-etf-30d.json,min_5;min_30;min_60;min_240;day_1;week_1;month_1,数字币资金流入,Capital Inflows,数字币资金流入,,false,"[""min_5"",""min_30"",""min_60"",""min_240"",""day_1"",""week_1"",""month_1""]",UBAX,STANDARD_SERIES_TIME_RANGE_ALL
ext_metric_sector_3_name|股票/ETF所属的三级行业名称|Level 3 Industry Name,security,metric_lookup,snapshot,market_code,ext_metric_sector_3_name,ext_metric_sector_3_name,{},{},stock-detail.json,snapshot,股票/ETF所属的三级行业名称,Level 3 Industry Name,股票或etf代码所属的三级行业名称,,false,[],"UUS,89,UAOS,UDC,UBAX,UBAF,U31X,U31F,U32X,U32F",STANDARD_SNAPSHOT
ext_metric_sector_3_name|股票/ETF所属的三级行业名称|Level 3 Industry Name,security,metric_lookup,snapshot,market_code,ext_metric_sector_3_name,ext_metric_sector_3_name,{},{},stock-detail.json,snapshot,股票/ETF所属的三级行业名称,Level 3 Industry Name,股票或etf代码所属的三级行业名称,,false,[],"UUS,89,UAOS,UDC,UBAX,UBAF,U31X,U31F,U32X,U32F",STANDARD_SNAPSHOT
ext_metric_sector_2_name|股票/ETF所属的二级行业名称|Secondary Industry Name,security,metric_lookup,snapshot,market_code,ext_metric_sector_2_name,ext_metric_sector_2_name,{},{},stock-detail.json,snapshot,股票/ETF所属的二级行业名称,Secondary Industry Name,股票或etf代码所属的二级行业名称,,false,[],"UUS,89,UAOS,UDC,UBAX,UBAF,U31X,U31F,U32X,U32F",STANDARD_SNAPSHOT
ext_metric_sector_2_name|股票/ETF所属的二级行业名称|Secondary Industry Name,security,metric_lookup,snapshot,market_code,ext_metric_sector_2_name,ext_metric_sector_2_name,{},{},stock-detail.json,snapshot,股票/ETF所属的二级行业名称,Secondary Industry Name,股票或etf代码所属的二级行业名称,,false,[],"UUS,89,UAOS,UDC,UBAX,UBAF,U31X,U31F,U32X,U32F",STANDARD_SNAPSHOT
financial_announcement_traceability|财报公告溯源原网地址|Announcement Source Url,security,metric_lookup,series,market_code,financial_announcement_traceability,financial_announcement_traceability,"{""time_period"":{""children"":null,""default"":""quarter"",""enum_options"":[{""label"":""quarter"",""value"":""quarter""}],""example"":""quarter"",""name"":""time_period"",""query_type"":""enum"",""required"":""1"",""source"":""table""}}","{""type"":""begin_end"",""begin_time"":1783296000000,""end_time"":0,""time_period"":""quarter""}",series-etf-30d.json,quarter,财报公告溯源原网地址,Announcement Source Url,财务报告公布的原网地址,,false,"[""quarter""]","UUS,UDC,UBAX,UBAF,U31X,U31F,U32X,U32F","STANDARD_SNAPSHOT,STANDARD_SERIES_TIME_RANGE_BEGIN_END"
phone_meeting_file_link|电话会议文件链接|Earnings Call Document Link,security,metric_lookup,series,market_code,phone_meeting_file_link,phone_meeting_file_link,"{""time_period"":{""children"":null,""default"":""quarter"",""enum_options"":[{""label"":""quarter"",""value"":""quarter""}],""example"":""quarter"",""name"":""time_period"",""query_type"":""enum"",""required"":""1"",""source"":""table""}}","{""type"":""begin_end"",""begin_time"":1783296000000,""end_time"":0,""time_period"":""quarter""}",series-etf-30d.json,quarter,电话会议文件链接,Earnings Call Document Link,指标定义： 指向电话会议相关文档或资料的网络链接地址。    指标描述： 提供投资者和市场参与者访问电话会议资料的直接途径，如会议纪要、演示文稿等。    计算公式： 无    适用场景： 投资者关系管理，信息披露，市场沟通。,,false,"[""quarter""]","UUS,UDC,UBAX,UBAF,U31X,U31F,U32X,U32F","STANDARD_SNAPSHOT,STANDARD_SERIES_TIME_RANGE_BEGIN_END"
phone_meeting_title|电话会议标题|Earnings Call Title,security,metric_lookup,series,market_code,phone_meeting_title,phone_meeting_title,"{""time_period"":{""children"":null,""default"":""quarter"",""enum_options"":[{""label"":""quarter"",""value"":""quarter""}],""example"":""quarter"",""name"":""time_period"",""query_type"":""enum"",""required"":""1"",""source"":""table""}}","{""type"":""begin_end"",""begin_time"":1783296000000,""end_time"":0,""time_period"":""quarter""}",series-etf-30d.json,quarter,电话会议标题,Earnings Call Title,指标定义： 公司或机构召开电话会议时的会议主题或标题。    指标描述： 概括电话会议的主要内容和讨论焦点，为参与者提供会议议题的预览。    计算公式： 无    适用场景： 投资者关系沟通，公司信息披露，市场沟通。,,false,"[""quarter""]","UUS,UDC,UBAX,UBAF,U31X,U31F,U32X,U32F","STANDARD_SNAPSHOT,STANDARD_SERIES_TIME_RANGE_BEGIN_END"
analyst_rating_newest|股票分析师评级|Analyst Consensus Rating,security,metric_lookup,snapshot,market_code,analyst_rating_newest,analyst_rating_newest,{},{},stock-detail.json,snapshot,股票分析师评级,Analyst Consensus Rating,股票分析师评级（Stock Analyst Rating）是金融分析师对股票给出的投资建议评级，通常包括买入（Buy）、强力买入（Strong Buy）、持有（Hold）、表现不佳（Underperform）、卖出（Sell）和未评级（Unrate）等。该指标不包含统计口径后缀，因此别名中无需附加后缀。,,false,[],"UUS,UDC,UBAX,UBAF,U31X,U31F,U32X,U32F",STANDARD_SNAPSHOT
国际北美etf@Investment Direction|美股ETF多空类型|ETF Long/Short Type,security,metric_lookup,snapshot,market_code,国际北美etf@Investment Direction,国际北美etf@Investment Direction,{},{},stock-detail.json,snapshot,美股ETF多空类型,ETF Long/Short Type,做多还是做空的ETF，Long ---- 做多  Short ---- 做空,,false,[],"UUS,89,UAOS,UDC,UBAX,UBAF,U31X,U31F,U32X,U32F",STANDARD_SNAPSHOT
principal_repayment_method|本金偿还方式|Repayment Method,security,metric_lookup,snapshot,market_code,principal_repayment_method,principal_repayment_method,{},{},stock-detail.json,snapshot,本金偿还方式,Repayment Method,“本金偿还方式” 指债券发行人在债券存续期内，向投资者偿还本金所采用的具体时间安排和现金流结构。它定义了本金是仅在到期日一次性偿付，还是在到期日前分期偿付，亦或是依附于特定触发条件偿付。该方式是债券条款的基石，直接决定了投资者的本金回收现金流模式、债券的利率风险（久期）特征以及发行人的债务摊销计划，是进行现金流预测、信用分析和产品定价的关键输入。,,false,[],"UUS,UDC,UBAX,UBAF,U31X,U31F,U32X,U32F",STANDARD_SNAPSHOT
next_resale_date|下次回售日|Next Put Date,security,metric_lookup,snapshot,market_code,next_resale_date,next_resale_date,{},{},stock-detail.json,snapshot,下次回售日,Next Put Date,“下一个回售日” 指一只附有投资者回售权的债券中，债券持有人可以行使权利，在债券到期日之前，以预先约定的价格将债券卖回给发行人的下一个可选日期。此日期是债券条款中明确规定的、允许投资者执行回售权的具体日历日或日期序列中的一个。该指标为投资者提供了一个主动退出的机会窗口，是衡量债券流动性和投资者保护程度的关键时点，尤其是在市场环境恶化或投资者资金需求变化时。,,false,[],"UUS,UDC,UBAX,UBAF,U31X,U31F,U32X,U32F",STANDARD_SNAPSHOT
maturity_type|到期类型|Maturity Type,security,metric_lookup,snapshot,market_code,maturity_type,maturity_type,{},{},stock-detail.json,snapshot,到期类型,Maturity Type,“到期类型” 指债券或其他具有固定期限的金融工具，其本金在最终到期日或约定条件下被偿还的结构化方式。它定义了本金现金流的模式和触发条件，是债券核心条款的关键组成部分，直接影响其现金流特征、利率风险、信用风险和定价模型。常见的到期类型包括一次性到期还本、分期还本、永续不还本以及附有特殊触发条件还本等，每种类型都代表了发行人与投资者之间不同的本金融资与偿还契约。,,false,[],"UUS,UDC,UBAX,UBAF,U31X,U31F,U32X,U32F",STANDARD_SNAPSHOT
issue_currency_code|发行货币编码|Issue Currency,security,metric_lookup,snapshot,market_code,issue_currency_code,issue_currency_code,{},{},stock-detail.json,snapshot,发行货币编码,Issue Currency,发行货币编码特指一份金融工具（如债券、股票、存托凭证等）在发行文件、招股说明书或官方公告中，对其面值、发行价格、股息/利息计价和支付所使用的货币的标准化标识。,,false,[],"UUS,UDC,UBAX,UBAF,U31X,U31F,U32X,U32F",STANDARD_SNAPSHOT
next_interest_reset_date|下一次利息重置日|Coupon Next Reset Date,security,metric_lookup,snapshot,market_code,next_interest_reset_date,next_interest_reset_date,{},{},stock-detail.json,snapshot,下一次利息重置日,Coupon Next Reset Date,“下一个利率重置日” 指一只浮动利率债券或其他浮动利率金融工具（如浮动利率票据、利率互换等）的下一个票面利率或基准利率将发生重新设定的未来生效日期。在该日期，将根据预先约定的条款（如“基准利率 + 固定利差”），使用在利率重置基准日确定的新基准利率，计算并锁定下一个计息周期适用的新利率。此日期是理解浮动利率产品未来现金流和利率风险的关键时间锚点，因为它标志着产品从对旧利率的风险暴露转向对新利率风险暴露的转换节点。对于投资者和发行人而言，该日期是进行利率对冲、现金流预测和投资组合再平衡决策的重要参考。,,false,[],"UUS,UDC,UBAX,UBAF,U31X,U31F,U32X,U32F",STANDARD_SNAPSHOT
next_redeem_date|下次赎回日|Next Call Date,security,metric_lookup,snapshot,market_code,next_redeem_date,next_redeem_date,{},{},stock-detail.json,snapshot,下次赎回日,Next Call Date,“下一个赎回日” 指一只附有发行人赎回权的债券中，发行人可以行使权利，在债券到期日之前，以预先约定的价格（通常高于面值，即赎回溢价）向投资者提前购回全部或部分债券的下一个可选日期。此日期是债券条款中明确规定的、允许发行人执行赎回权的具体日历日或日期序列中的一个。该指标对于评估债券的预期存续期、收益率计算和投资风险至关重要，因为它标志着债券可能被提前终止的第一个关键时间点，直接影响投资者的现金流规划和再投资风险。,,false,[],"UUS,UDC,UBAX,UBAF,U31X,U31F,U32X,U32F",STANDARD_SNAPSHOT
国际北美etf@Benchmark HQ Code(AInvest)|ETF基准代码|ETF Benchmark Code,security,metric_lookup,snapshot,market_code,国际北美etf@Benchmark HQ Code(AInvest),国际北美etf@Benchmark HQ Code(AInvest),{},{},stock-detail.json,snapshot,ETF基准代码,ETF Benchmark Code,ETF的行情基准代码,,false,[],"UUS,89,UAOS,UDC,UBAX,UBAF,U31X,U31F,U32X,U32F",STANDARD_SNAPSHOT
fundDivTaxType|分红税类型|Distribution Tax Treatment,security,metric_lookup,snapshot,market_code,fundDivTaxType,fundDivTaxType,{},{},stock-detail.json,snapshot,分红税类型,Distribution Tax Treatment,分配税务处理 Distribution tax treatment,,false,[],UUS,STANDARD_SNAPSHOT
fundNiche|利基|Niche,security,metric_lookup,snapshot,market_code,fundNiche,fundNiche,{},{},stock-detail.json,snapshot,利基,Niche,利基 Niche,,false,[],UUS,STANDARD_SNAPSHOT
55|代码名称|Code Name,security,metric_lookup,snapshot,market_code,55,55,{},{},stock-detail.json,snapshot,代码名称,Code Name,该指标表示股票的名称，用于唯一识别上市公司。此指标为标准截面数据，不涉及时间序列统计口径，因此没有后缀，所有别名均不包含统计口径后缀。,,false,[],"UUS,89,UDC,UBAX,UBAF,U31X,U31F,U32X,U32F,UAOS",STANDARD_SNAPSHOT
55|代码名称|Code Name,security,metric_lookup,snapshot,market_code,55,55,{},{},stock-detail.json,snapshot,代码名称,Code Name,该指标表示股票的名称，用于唯一识别上市公司。此指标为标准截面数据，不涉及时间序列统计口径，因此没有后缀，所有别名均不包含统计口径后缀。,,false,[],"UUS,89,UDC,UBAX,UBAF,U31X,U31F,U32X,U32F,UAOS",STANDARD_SNAPSHOT
next_payment_date|下一个付息日|Next Payment Date,security,metric_lookup,snapshot,market_code,next_payment_date,next_payment_date,{},{},stock-detail.json,snapshot,下一个付息日,Next Payment Date,债券下一个付息日,,false,[],"UUS,UDC,UBAX,UBAF,U31X,U31F,U32X,U32F",STANDARD_SNAPSHOT
ext_us_stock_magic_signal_down_count|股票的神奇电波看跌统计|Ext US Stock Magic Signal Down Count,market_env,metric_lookup,series,,ext_us_stock_magic_signal_down_count,ext_us_stock_magic_signal_down_count,"{""time_period"":{""children"":null,""default"":""day_1"",""enum_options"":[{""label"":""day_1"",""value"":""day_1""}],""example"":""day_1"",""name"":""time_period"",""query_type"":""enum"",""required"":""1"",""source"":""table""}}","{""type"":""end_count"",""end_time"":0,""count"":30,""time_period"":""day_1""}",,day_1,股票的神奇电波看跌统计,Ext US Stock Magic Signal Down Count,股票的神奇电波看跌统计,,false,"[""day_1""]","UUS,89,UAOS,UDC,UBAX,UBAF,U31X,U31F,U32X,U32F",STANDARD_SERIES_MARKET_ENV
fundDistributor|分销商|Distributor,security,metric_lookup,snapshot,market_code,fundDistributor,fundDistributor,{},{},stock-detail.json,snapshot,分销商,Distributor,分销商  Distributor,,false,[],UUS,STANDARD_SNAPSHOT
fundGeography|地理|Geography,security,metric_lookup,snapshot,market_code,fundGeography,fundGeography,{},{},stock-detail.json,snapshot,地理,Geography,地理 Geography,,false,[],UUS,STANDARD_SNAPSHOT
fundStrategy|策略|Strategy,security,metric_lookup,snapshot,market_code,fundStrategy,fundStrategy,{},{},stock-detail.json,snapshot,策略,Strategy,策略 Strategy,,false,[],UUS,STANDARD_SNAPSHOT
fundWeightingScheme|加权方案|Weighting scheme,security,metric_lookup,snapshot,market_code,fundWeightingScheme,fundWeightingScheme,{},{},stock-detail.json,snapshot,加权方案,Weighting scheme,加权方案 Weighting scheme,,false,[],UUS,STANDARD_SNAPSHOT
fundFocus|焦点|Focus,security,metric_lookup,snapshot,market_code,fundFocus,fundFocus,{},{},stock-detail.json,snapshot,焦点,Focus,焦点 Focus,,false,[],UUS,STANDARD_SNAPSHOT
ext_metric_trade_time|美股市场当前交易时间戳|Current Trade Time,security,metric_lookup,snapshot,market_code,ext_metric_trade_time,ext_metric_trade_time,{},{},stock-detail.json,snapshot,美股市场当前交易时间戳,Current Trade Time,"美股市场当前交易时间戳，
从盘前走到盘后
收盘后不变
毫秒级别",,false,[],"UUS,89,UDC,UBAX,UBAF,U31X,U31F,U32X,U32F,UAOS",STANDARD_SNAPSHOT
inr-total_market_value_perf-cust|区间市值表现|Market Value Performance (Period),security,metric_lookup,snapshot,market_code,inr-total_market_value_perf-cust,inr-total_market_value_perf-cust,"{""period_type"":{""children"":null,""default"":null,""enum_options"":[{""label"":""null"",""value"":null},{""label"":""rolling"",""value"":""rolling""},{""label"":""rolling2"",""value"":""rolling2""}],""example"":null,""name"":""period_type"",""query_type"":""enum"",""required"":""1"",""source"":""legacy""},""time_period"":{""children"":null,""default"":""day_1"",""enum_options"":[{""label"":""day_1"",""value"":""day_1""}],""example"":""day_1"",""name"":""time_period"",""query_type"":""enum"",""required"":""1"",""source"":""legacy""},""trade_class"":{""children"":null,""default"":""intraday"",""enum_options"":[{""label"":""盘前"",""value"":""pre_market""},{""label"":""盘中"",""value"":""intraday""},{""label"":""盘后"",""value"":""post_market""}],""example"":""intraday"",""name"":""trade_class"",""query_type"":""enum"",""required"":""1"",""source"":""legacy""}}",{},stock-detail.json,day_1,区间市值表现,Market Value Performance (Period),"区间市值表现 % = ((区间结束市值 - 区间起始市值) / 区间起始市值) * 100 %，取自然日，使用日K，（若K线数量不够，取全部K线数量）
目前支持23年开始的历史区间。",区间市值表现,true,"[""day_1""]","UUS,89,UDC,UBAX,UBAF,U31X,U31F,U32X,U32F",STANDARD_SNAPSHOT
inr-volume-avg|区间平均成交量|Average Trading Volume (Period),security,metric_lookup,snapshot,market_code,inr-volume-avg,inr-volume-avg,"{""period_type"":{""children"":null,""default"":null,""enum_options"":[{""label"":""null"",""value"":null},{""label"":""rolling"",""value"":""rolling""},{""label"":""rolling2"",""value"":""rolling2""}],""example"":null,""name"":""period_type"",""query_type"":""enum"",""required"":""1"",""source"":""legacy""},""time_period"":{""children"":null,""default"":""day_20"",""enum_options"":[{""label"":""day_20"",""value"":""day_20""},{""label"":""不限trade_class且*>1"",""value"":""min_*""},{""label"":""限制intraday"",""value"":""day_*""},{""label"":""限制intraday"",""value"":""week_*""},{""label"":""限制intraday"",""value"":""month_*""},{""label"":""限制intraday"",""value"":""year_*""}],""example"":""day_20"",""name"":""time_period"",""query_type"":""enum"",""required"":""1"",""source"":""legacy""},""trade_class"":{""children"":null,""default"":""intraday"",""enum_options"":[{""label"":""盘前"",""value"":""pre_market""},{""label"":""盘中"",""value"":""intraday""},{""label"":""盘后"",""value"":""post_market""}],""example"":""intraday"",""name"":""trade_class"",""query_type"":""enum"",""required"":""1"",""source"":""legacy""}}",{},stock-detail.json,day_20;min_*;day_*;week_*;month_*;year_*,区间平均成交量,Average Trading Volume (Period),"区间平均成交量
SUM（区间成交量） / 区间总数",区间平均成交量,true,"[""day_20"",""min_*"",""day_*"",""week_*"",""month_*"",""year_*""]","UUS,89,UDC,UBAX,UBAF,U31X,U31F,U32X,U32F",STANDARD_SNAPSHOT
65541|交易阶段|Market Session,security,metric_lookup,snapshot,market_code,65541,65541,{},{},stock-detail.json,snapshot,交易阶段,Market Session,交易阶段（trade_period）表示当天属于哪一个交易阶段，例如开盘前、盘中、收盘后等。该指标不涉及统计口径后缀，因此在所有别名中均不添加后缀。,,false,[],"UUS,89,UDC,UBAX,UBAF,U31X,U31F,U32X,U32F,UAOS",STANDARD_SNAPSHOT
65541|交易阶段|Market Session,security,metric_lookup,snapshot,market_code,65541,65541,{},{},stock-detail.json,snapshot,交易阶段,Market Session,交易阶段（trade_period）表示当天属于哪一个交易阶段，例如开盘前、盘中、收盘后等。该指标不涉及统计口径后缀，因此在所有别名中均不添加后缀。,,false,[],"UUS,89,UDC,UBAX,UBAF,U31X,U31F,U32X,U32F,UAOS",STANDARD_SNAPSHOT
65541|交易阶段|Market Session,security,metric_lookup,snapshot,market_code,65541,65541,{},{},stock-detail.json,snapshot,交易阶段,Market Session,交易阶段（trade_period）表示当天属于哪一个交易阶段，例如开盘前、盘中、收盘后等。该指标不涉及统计口径后缀，因此在所有别名中均不添加后缀。,,false,[],"UUS,89,UDC,UBAX,UBAF,U31X,U31F,U32X,U32F,UAOS",STANDARD_SNAPSHOT
stockdiag_total_score_chg_rate|诊股总分日变化率|Total Score Daily Change Rate,security,metric_lookup,snapshot,market_code,stockdiag_total_score_chg_rate,stockdiag_total_score_chg_rate,{},{},stock-detail.json,snapshot,诊股总分日变化率,Total Score Daily Change Rate,诊股总分相较上一个交易日诊股总分的变化率。用于筛选每日评分提升最快的个股。该需求需要对“诊股总分”及其子项（基本面、技术面、情绪面）进行历史数据保存处理。,,false,[],UUS,STANDARD_SNAPSHOT
inr-open_price_change_ratio_pct_diff-sum|区间涨幅差(开盘价计算)|Difference of Price Change Ratio from Open (Period),security,metric_lookup,snapshot,market_code,inr-open_price_change_ratio_pct_diff-sum,inr-open_price_change_ratio_pct_diff-sum,"{""match_code"":{""children"":null,""default"":null,""enum_options"":null,""example"":null,""name"":""match_code"",""query_type"":""string"",""required"":""1"",""source"":""legacy""},""period_type"":{""children"":null,""default"":null,""enum_options"":[{""label"":""null"",""value"":null},{""label"":""rolling"",""value"":""rolling""},{""label"":""rolling2"",""value"":""rolling2""}],""example"":null,""name"":""period_type"",""query_type"":""enum"",""required"":""1"",""source"":""legacy""},""time_period"":{""children"":null,""default"":""min_*"",""enum_options"":[{""label"":""*>1"",""value"":""min_*""},{""label"":""day_*"",""value"":""day_*""},{""label"":""week_*"",""value"":""week_*""},{""label"":""month_*"",""value"":""month_*""},{""label"":""year_*"",""value"":""year_*""}],""example"":""min_*"",""name"":""time_period"",""query_type"":""enum"",""required"":""1"",""source"":""legacy""},""trade_class"":{""children"":null,""default"":""intraday"",""enum_options"":[{""label"":""盘前"",""value"":""pre_market""},{""label"":""盘中"",""value"":""intraday""},{""label"":""盘后"",""value"":""post_market""}],""example"":""intraday"",""name"":""trade_class"",""query_type"":""enum"",""required"":""1"",""source"":""legacy""}}",{},stock-detail.json,min_*;day_*;week_*;month_*;year_*,区间涨幅差(开盘价计算),Difference of Price Change Ratio from Open (Period),"对比一个传入的关联代码的涨幅差值（基于开盘价计算），一般会和大盘类指数进行比较
attribute 需要传入 related_index_code 参数，格式为：market:code，其中 market 和 code 分别代表行情市场和行情代码，示例：16:1A0001",区间涨幅差(开盘价计算),true,"[""min_*"",""day_*"",""week_*"",""month_*"",""year_*""]","UUS,89,UDC,UBAX,UBAF,U31X,U31F,U32X,U32F",STANDARD_SNAPSHOT
active_buy_mid_order_volume|主动买入中单量|Active Buy Medium Order Volume,security,metric_lookup,snapshot,market_code,active_buy_mid_order_volume,active_buy_mid_order_volume,{},{},stock-detail.json,snapshot,主动买入中单量,Active Buy Medium Order Volume,主动买入中单量,,false,[],"UUS,89,UDC,UBAX,UBAF,U31X,U31F,U32X,U32F",STANDARD_SNAPSHOT
active_buy_mid_order_volume|主动买入中单量|Active Buy Medium Order Volume,security,metric_lookup,snapshot,market_code,active_buy_mid_order_volume,active_buy_mid_order_volume,{},{},stock-detail.json,snapshot,主动买入中单量,Active Buy Medium Order Volume,主动买入中单量,,false,[],"UUS,89,UDC,UBAX,UBAF,U31X,U31F,U32X,U32F",STANDARD_SNAPSHOT
active_buy_mid_order_volume|主动买入中单量|Active Buy Medium Order Volume,security,metric_lookup,snapshot,market_code,active_buy_mid_order_volume,active_buy_mid_order_volume,{},{},stock-detail.json,snapshot,主动买入中单量,Active Buy Medium Order Volume,主动买入中单量,,false,[],"UUS,89,UDC,UBAX,UBAF,U31X,U31F,U32X,U32F",STANDARD_SNAPSHOT
"price_to_fiftytwo_week_high_current_ratio|当前股价相对52周最高价百分比（包含当前交易日）|Price % of 52 Week High, Current",security,metric_lookup,snapshot,market_code,price_to_fiftytwo_week_high_current_ratio,price_to_fiftytwo_week_high_current_ratio,"{""time_period"":{""children"":null,""default"":""0"",""enum_options"":[{""label"":""0"",""value"":""0""}],""example"":""0"",""name"":""time_period"",""query_type"":""enum"",""required"":""1"",""source"":""table""},""trade_class"":{""children"":null,""default"":""intraday"",""enum_options"":[{""label"":""盘前"",""value"":""pre_market""},{""label"":""盘中"",""value"":""intraday""},{""label"":""盘后"",""value"":""post_market""}],""example"":""intraday"",""name"":""trade_class"",""query_type"":""enum"",""required"":""1"",""source"":""table""}}",{},stock-detail.json,0,当前股价相对52周最高价百分比（包含当前交易日）,"Price % of 52 Week High, Current",当前股价占52周最高价的百分比（包含当前交易日）,,false,"[""0""]",UUS,STANDARD_SNAPSHOT
"price_to_fiftytwo_week_high_current_ratio|当前股价相对52周最高价百分比（包含当前交易日）|Price % of 52 Week High, Current",security,metric_lookup,snapshot,market_code,price_to_fiftytwo_week_high_current_ratio,price_to_fiftytwo_week_high_current_ratio,"{""time_period"":{""children"":null,""default"":""0"",""enum_options"":[{""label"":""0"",""value"":""0""}],""example"":""0"",""name"":""time_period"",""query_type"":""enum"",""required"":""1"",""source"":""table""},""trade_class"":{""children"":null,""default"":""intraday"",""enum_options"":[{""label"":""盘前"",""value"":""pre_market""},{""label"":""盘中"",""value"":""intraday""},{""label"":""盘后"",""value"":""post_market""}],""example"":""intraday"",""name"":""trade_class"",""query_type"":""enum"",""required"":""1"",""source"":""table""}}",{},stock-detail.json,0,当前股价相对52周最高价百分比（包含当前交易日）,"Price % of 52 Week High, Current",当前股价占52周最高价的百分比（包含当前交易日）,,false,"[""0""]",UUS,STANDARD_SNAPSHOT
price_to_fiftytwo_week_high_ratio|股价相对52周最高价百分比|Price % of 52 Week High,security,metric_lookup,snapshot,market_code,price_to_fiftytwo_week_high_ratio,price_to_fiftytwo_week_high_ratio,"{""time_period"":{""children"":null,""default"":""0"",""enum_options"":[{""label"":""0"",""value"":""0""}],""example"":""0"",""name"":""time_period"",""query_type"":""enum"",""required"":""1"",""source"":""table""},""trade_class"":{""children"":null,""default"":""intraday"",""enum_options"":[{""label"":""盘前"",""value"":""pre_market""},{""label"":""盘中"",""value"":""intraday""},{""label"":""盘后"",""value"":""post_market""}],""example"":""intraday"",""name"":""trade_class"",""query_type"":""enum"",""required"":""1"",""source"":""table""}}",{},stock-detail.json,0,股价相对52周最高价百分比,Price % of 52 Week High,当前股价占52周最高价的百分比,,false,"[""0""]",UUS,STANDARD_SNAPSHOT
price_to_fiftytwo_week_high_ratio|股价相对52周最高价百分比|Price % of 52 Week High,security,metric_lookup,snapshot,market_code,price_to_fiftytwo_week_high_ratio,price_to_fiftytwo_week_high_ratio,"{""time_period"":{""children"":null,""default"":""0"",""enum_options"":[{""label"":""0"",""value"":""0""}],""example"":""0"",""name"":""time_period"",""query_type"":""enum"",""required"":""1"",""source"":""table""},""trade_class"":{""children"":null,""default"":""intraday"",""enum_options"":[{""label"":""盘前"",""value"":""pre_market""},{""label"":""盘中"",""value"":""intraday""},{""label"":""盘后"",""value"":""post_market""}],""example"":""intraday"",""name"":""trade_class"",""query_type"":""enum"",""required"":""1"",""source"":""table""}}",{},stock-detail.json,0,股价相对52周最高价百分比,Price % of 52 Week High,当前股价占52周最高价的百分比,,false,"[""0""]",UUS,STANDARD_SNAPSHOT
ext_us_stock_trend_sight_up_count|股票的趋势跟踪看涨统计|Ext US Stock Trend Sight Up Count,market_env,metric_lookup,series,,ext_us_stock_trend_sight_up_count,ext_us_stock_trend_sight_up_count,"{""time_period"":{""children"":null,""default"":""day_1"",""enum_options"":[{""label"":""day_1"",""value"":""day_1""}],""example"":""day_1"",""name"":""time_period"",""query_type"":""enum"",""required"":""1"",""source"":""table""}}","{""type"":""end_count"",""end_time"":0,""count"":30,""time_period"":""day_1""}",,day_1,股票的趋势跟踪看涨统计,Ext US Stock Trend Sight Up Count,股票的趋势跟踪看涨统计,,false,"[""day_1""]","UUS,89,UAOS,UDC,UBAX,UBAF,U31X,U31F,U32X,U32F",STANDARD_SERIES_MARKET_ENV
stock_quant_algorithm|量化算法交易|Quant Algorithm,market_env,metric_lookup,snapshot,,stock_quant_algorithm,stock_quant_algorithm,{},{},market-env-snapshot.json,snapshot,量化算法交易,Quant Algorithm,返回为top 5个量化策略构成的数组，包括量化算法名称、量化算法跳转URL、量化算法年化收益率、量化算法交易类型、量化算法股票代码、量化算法交易日期、量化算法交易理由，由杨文园提供数据接口。支持多语言。,,false,[],"UUS,89,UAOS,UDC,UBAX,UBAF,U31X,U31F,U32X,U32F",STANDARD_SNAPSHOT_MARKET_ENV
open_price_change_ratio_pct|涨幅（基于开盘价）|Change % From Open,security,metric_lookup,snapshot,market_code,open_price_change_ratio_pct,open_price_change_ratio_pct,"{""trade_class"":{""children"":null,""default"":""intraday"",""enum_options"":[{""label"":""盘前"",""value"":""pre_market""},{""label"":""盘中"",""value"":""intraday""},{""label"":""盘后"",""value"":""post_market""}],""example"":""intraday"",""name"":""trade_class"",""query_type"":""enum"",""required"":""1"",""source"":""legacy""}}",{},stock-detail.json,snapshot,涨幅（基于开盘价）,Change % From Open,"1. **指标定义:** 涨幅（基于开盘价）是指在一定时间内证券价格与开盘价之间的变动百分比，通常用来描述股票、债券等金融产品在实时交易中的价格变化。
1. **指标特点:**
   - **实时性:**: 涨幅指标具有高度的实时性，能够即时反映市场价格的变动情况。
   - **波动性:**: 涨幅指标反映了证券价格的波动情况，是衡量市场波动性的重要指标。
   - **普适性:**: 涨幅指标适用于所有类型的证券，包括股票、债券等。
   - **参考性:**: 涨幅是投资者判断市场情绪和决策的重要参考指标。
1. **指标用法:**
   - **价格监控:**: 投资者可以通过涨幅来监控证券价格的实时变动，及时作出买卖决策。
   - **市场分析:**: 通过分析涨幅数据，投资者可以了解市场趋势和证券的表现。
   - **风险评估:**: 涨幅的大小可以帮助投资者评估投资风险，高涨幅可能意味着高风险。
   - **投资策略:**: 投资者可以根据涨幅指标制定相应的投资策略，如追涨杀跌等。
1. **计算公式:** 涨幅（基于开盘价） = (收盘价 - 开盘价) / 开盘价 * 100%",,false,[],"UUS,89,UDC,UBAX,UBAF,U31X,U31F,U32X,U32F",STANDARD_SNAPSHOT
open_price_change_ratio_pct|涨幅（基于开盘价）|Change % From Open,security,metric_lookup,snapshot,market_code,open_price_change_ratio_pct,open_price_change_ratio_pct,"{""trade_class"":{""children"":null,""default"":""intraday"",""enum_options"":[{""label"":""盘前"",""value"":""pre_market""},{""label"":""盘中"",""value"":""intraday""},{""label"":""盘后"",""value"":""post_market""}],""example"":""intraday"",""name"":""trade_class"",""query_type"":""enum"",""required"":""1"",""source"":""legacy""}}",{},stock-detail.json,snapshot,涨幅（基于开盘价）,Change % From Open,"1. **指标定义:** 涨幅（基于开盘价）是指在一定时间内证券价格与开盘价之间的变动百分比，通常用来描述股票、债券等金融产品在实时交易中的价格变化。
1. **指标特点:**
   - **实时性:**: 涨幅指标具有高度的实时性，能够即时反映市场价格的变动情况。
   - **波动性:**: 涨幅指标反映了证券价格的波动情况，是衡量市场波动性的重要指标。
   - **普适性:**: 涨幅指标适用于所有类型的证券，包括股票、债券等。
   - **参考性:**: 涨幅是投资者判断市场情绪和决策的重要参考指标。
1. **指标用法:**
   - **价格监控:**: 投资者可以通过涨幅来监控证券价格的实时变动，及时作出买卖决策。
   - **市场分析:**: 通过分析涨幅数据，投资者可以了解市场趋势和证券的表现。
   - **风险评估:**: 涨幅的大小可以帮助投资者评估投资风险，高涨幅可能意味着高风险。
   - **投资策略:**: 投资者可以根据涨幅指标制定相应的投资策略，如追涨杀跌等。
1. **计算公式:** 涨幅（基于开盘价） = (收盘价 - 开盘价) / 开盘价 * 100%",,false,[],"UUS,89,UDC,UBAX,UBAF,U31X,U31F,U32X,U32F",STANDARD_SNAPSHOT
open_price_change_ratio_pct|涨幅（基于开盘价）|Change % From Open,security,metric_lookup,snapshot,market_code,open_price_change_ratio_pct,open_price_change_ratio_pct,"{""trade_class"":{""children"":null,""default"":""intraday"",""enum_options"":[{""label"":""盘前"",""value"":""pre_market""},{""label"":""盘中"",""value"":""intraday""},{""label"":""盘后"",""value"":""post_market""}],""example"":""intraday"",""name"":""trade_class"",""query_type"":""enum"",""required"":""1"",""source"":""legacy""}}",{},stock-detail.json,snapshot,涨幅（基于开盘价）,Change % From Open,"1. **指标定义:** 涨幅（基于开盘价）是指在一定时间内证券价格与开盘价之间的变动百分比，通常用来描述股票、债券等金融产品在实时交易中的价格变化。
1. **指标特点:**
   - **实时性:**: 涨幅指标具有高度的实时性，能够即时反映市场价格的变动情况。
   - **波动性:**: 涨幅指标反映了证券价格的波动情况，是衡量市场波动性的重要指标。
   - **普适性:**: 涨幅指标适用于所有类型的证券，包括股票、债券等。
   - **参考性:**: 涨幅是投资者判断市场情绪和决策的重要参考指标。
1. **指标用法:**
   - **价格监控:**: 投资者可以通过涨幅来监控证券价格的实时变动，及时作出买卖决策。
   - **市场分析:**: 通过分析涨幅数据，投资者可以了解市场趋势和证券的表现。
   - **风险评估:**: 涨幅的大小可以帮助投资者评估投资风险，高涨幅可能意味着高风险。
   - **投资策略:**: 投资者可以根据涨幅指标制定相应的投资策略，如追涨杀跌等。
1. **计算公式:** 涨幅（基于开盘价） = (收盘价 - 开盘价) / 开盘价 * 100%",,false,[],"UUS,89,UDC,UBAX,UBAF,U31X,U31F,U32X,U32F",STANDARD_SNAPSHOT
active_sell_large_order_amount|主动卖出大单金额|Active Large Sell Amount,security,metric_lookup,snapshot,market_code,active_sell_large_order_amount,active_sell_large_order_amount,{},{},stock-detail.json,snapshot,主动卖出大单金额,Active Large Sell Amount,主动卖出大单金额,,false,[],"UUS,89,UDC,UBAX,UBAF,U31X,U31F,U32X,U32F",STANDARD_SNAPSHOT
active_sell_large_order_amount|主动卖出大单金额|Active Large Sell Amount,security,metric_lookup,snapshot,market_code,active_sell_large_order_amount,active_sell_large_order_amount,{},{},stock-detail.json,snapshot,主动卖出大单金额,Active Large Sell Amount,主动卖出大单金额,,false,[],"UUS,89,UDC,UBAX,UBAF,U31X,U31F,U32X,U32F",STANDARD_SNAPSHOT
active_sell_large_order_amount|主动卖出大单金额|Active Large Sell Amount,security,metric_lookup,snapshot,market_code,active_sell_large_order_amount,active_sell_large_order_amount,{},{},stock-detail.json,snapshot,主动卖出大单金额,Active Large Sell Amount,主动卖出大单金额,,false,[],"UUS,89,UDC,UBAX,UBAF,U31X,U31F,U32X,U32F",STANDARD_SNAPSHOT
active_sell_large_order_count|主动卖出大单笔数|Active Sell Big Order Count,security,metric_lookup,snapshot,market_code,active_sell_large_order_count,active_sell_large_order_count,{},{},stock-detail.json,snapshot,主动卖出大单笔数,Active Sell Big Order Count,主动卖出大单笔数,,false,[],"UUS,89,UDC,UBAX,UBAF,U31X,U31F,U32X,U32F",STANDARD_SNAPSHOT
active_sell_large_order_count|主动卖出大单笔数|Active Sell Big Order Count,security,metric_lookup,snapshot,market_code,active_sell_large_order_count,active_sell_large_order_count,{},{},stock-detail.json,snapshot,主动卖出大单笔数,Active Sell Big Order Count,主动卖出大单笔数,,false,[],"UUS,89,UDC,UBAX,UBAF,U31X,U31F,U32X,U32F",STANDARD_SNAPSHOT
active_sell_large_order_count|主动卖出大单笔数|Active Sell Big Order Count,security,metric_lookup,snapshot,market_code,active_sell_large_order_count,active_sell_large_order_count,{},{},stock-detail.json,snapshot,主动卖出大单笔数,Active Sell Big Order Count,主动卖出大单笔数,,false,[],"UUS,89,UDC,UBAX,UBAF,U31X,U31F,U32X,U32F",STANDARD_SNAPSHOT
passive_sell_large_order_volume|被动卖出大单量|Large Passive Sell Volume,security,metric_lookup,snapshot,market_code,passive_sell_large_order_volume,passive_sell_large_order_volume,{},{},stock-detail.json,snapshot,被动卖出大单量,Large Passive Sell Volume,被动卖出大单量,,false,[],"UUS,89,UDC,UBAX,UBAF,U31X,U31F,U32X,U32F",STANDARD_SNAPSHOT
passive_sell_large_order_volume|被动卖出大单量|Large Passive Sell Volume,security,metric_lookup,snapshot,market_code,passive_sell_large_order_volume,passive_sell_large_order_volume,{},{},stock-detail.json,snapshot,被动卖出大单量,Large Passive Sell Volume,被动卖出大单量,,false,[],"UUS,89,UDC,UBAX,UBAF,U31X,U31F,U32X,U32F",STANDARD_SNAPSHOT
passive_sell_large_order_volume|被动卖出大单量|Large Passive Sell Volume,security,metric_lookup,snapshot,market_code,passive_sell_large_order_volume,passive_sell_large_order_volume,{},{},stock-detail.json,snapshot,被动卖出大单量,Large Passive Sell Volume,被动卖出大单量,,false,[],"UUS,89,UDC,UBAX,UBAF,U31X,U31F,U32X,U32F",STANDARD_SNAPSHOT
passive_sell_mega_order_volume|被动卖出特大单量|Passive Sell Mega Order Quantity,security,metric_lookup,snapshot,market_code,passive_sell_mega_order_volume,passive_sell_mega_order_volume,{},{},stock-detail.json,snapshot,被动卖出特大单量,Passive Sell Mega Order Quantity,被动卖出特大单量,,false,[],"UUS,89,UDC,UBAX,UBAF,U31X,U31F,U32X,U32F",STANDARD_SNAPSHOT
passive_sell_mega_order_volume|被动卖出特大单量|Passive Sell Mega Order Quantity,security,metric_lookup,snapshot,market_code,passive_sell_mega_order_volume,passive_sell_mega_order_volume,{},{},stock-detail.json,snapshot,被动卖出特大单量,Passive Sell Mega Order Quantity,被动卖出特大单量,,false,[],"UUS,89,UDC,UBAX,UBAF,U31X,U31F,U32X,U32F",STANDARD_SNAPSHOT
passive_sell_mega_order_volume|被动卖出特大单量|Passive Sell Mega Order Quantity,security,metric_lookup,snapshot,market_code,passive_sell_mega_order_volume,passive_sell_mega_order_volume,{},{},stock-detail.json,snapshot,被动卖出特大单量,Passive Sell Mega Order Quantity,被动卖出特大单量,,false,[],"UUS,89,UDC,UBAX,UBAF,U31X,U31F,U32X,U32F",STANDARD_SNAPSHOT
passive_buy_mid_order_volume|被动买入中单量|Medium Passive Buy Volume,security,metric_lookup,snapshot,market_code,passive_buy_mid_order_volume,passive_buy_mid_order_volume,{},{},stock-detail.json,snapshot,被动买入中单量,Medium Passive Buy Volume,被动买入中单量,,false,[],"UUS,89,UDC,UBAX,UBAF,U31X,U31F,U32X,U32F",STANDARD_SNAPSHOT
passive_buy_mid_order_volume|被动买入中单量|Medium Passive Buy Volume,security,metric_lookup,snapshot,market_code,passive_buy_mid_order_volume,passive_buy_mid_order_volume,{},{},stock-detail.json,snapshot,被动买入中单量,Medium Passive Buy Volume,被动买入中单量,,false,[],"UUS,89,UDC,UBAX,UBAF,U31X,U31F,U32X,U32F",STANDARD_SNAPSHOT
passive_buy_mid_order_volume|被动买入中单量|Medium Passive Buy Volume,security,metric_lookup,snapshot,market_code,passive_buy_mid_order_volume,passive_buy_mid_order_volume,{},{},stock-detail.json,snapshot,被动买入中单量,Medium Passive Buy Volume,被动买入中单量,,false,[],"UUS,89,UDC,UBAX,UBAF,U31X,U31F,U32X,U32F",STANDARD_SNAPSHOT
active_buy_mega_order_amount|主动买入特大单金额|Active Buy Block Order Amount,security,metric_lookup,snapshot,market_code,active_buy_mega_order_amount,active_buy_mega_order_amount,{},{},stock-detail.json,snapshot,主动买入特大单金额,Active Buy Block Order Amount,主动买入特大单金额,,false,[],"UUS,89,UDC,UBAX,UBAF,U31X,U31F,U32X,U32F",STANDARD_SNAPSHOT
active_buy_mega_order_amount|主动买入特大单金额|Active Buy Block Order Amount,security,metric_lookup,snapshot,market_code,active_buy_mega_order_amount,active_buy_mega_order_amount,{},{},stock-detail.json,snapshot,主动买入特大单金额,Active Buy Block Order Amount,主动买入特大单金额,,false,[],"UUS,89,UDC,UBAX,UBAF,U31X,U31F,U32X,U32F",STANDARD_SNAPSHOT
active_buy_mega_order_amount|主动买入特大单金额|Active Buy Block Order Amount,security,metric_lookup,snapshot,market_code,active_buy_mega_order_amount,active_buy_mega_order_amount,{},{},stock-detail.json,snapshot,主动买入特大单金额,Active Buy Block Order Amount,主动买入特大单金额,,false,[],"UUS,89,UDC,UBAX,UBAF,U31X,U31F,U32X,U32F",STANDARD_SNAPSHOT
passive_buy_large_order_count|被动买入大单笔数|Count of Passive Buy Large Orders,security,metric_lookup,snapshot,market_code,passive_buy_large_order_count,passive_buy_large_order_count,{},{},stock-detail.json,snapshot,被动买入大单笔数,Count of Passive Buy Large Orders,被动买入大单笔数,,false,[],"UUS,89,UDC,UBAX,UBAF,U31X,U31F,U32X,U32F",STANDARD_SNAPSHOT
passive_buy_large_order_count|被动买入大单笔数|Count of Passive Buy Large Orders,security,metric_lookup,snapshot,market_code,passive_buy_large_order_count,passive_buy_large_order_count,{},{},stock-detail.json,snapshot,被动买入大单笔数,Count of Passive Buy Large Orders,被动买入大单笔数,,false,[],"UUS,89,UDC,UBAX,UBAF,U31X,U31F,U32X,U32F",STANDARD_SNAPSHOT
passive_buy_large_order_count|被动买入大单笔数|Count of Passive Buy Large Orders,security,metric_lookup,snapshot,market_code,passive_buy_large_order_count,passive_buy_large_order_count,{},{},stock-detail.json,snapshot,被动买入大单笔数,Count of Passive Buy Large Orders,被动买入大单笔数,,false,[],"UUS,89,UDC,UBAX,UBAF,U31X,U31F,U32X,U32F",STANDARD_SNAPSHOT
"price_to_fiftytwo_week_low_current_ratio|当前股价相对52周最低价百分比（包含当前交易日）|Price % of 52 Week Low, Current",security,metric_lookup,snapshot,market_code,price_to_fiftytwo_week_low_current_ratio,price_to_fiftytwo_week_low_current_ratio,"{""time_period"":{""children"":null,""default"":""0"",""enum_options"":[{""label"":""0"",""value"":""0""}],""example"":""0"",""name"":""time_period"",""query_type"":""enum"",""required"":""1"",""source"":""table""},""trade_class"":{""children"":null,""default"":""intraday"",""enum_options"":[{""label"":""盘前"",""value"":""pre_market""},{""label"":""盘中"",""value"":""intraday""},{""label"":""盘后"",""value"":""post_market""}],""example"":""intraday"",""name"":""trade_class"",""query_type"":""enum"",""required"":""1"",""source"":""table""}}",{},stock-detail.json,0,当前股价相对52周最低价百分比（包含当前交易日）,"Price % of 52 Week Low, Current",当前股价占52周最低价的百分比（包含当前交易日）,,false,"[""0""]",UUS,STANDARD_SNAPSHOT
"price_to_fiftytwo_week_low_current_ratio|当前股价相对52周最低价百分比（包含当前交易日）|Price % of 52 Week Low, Current",security,metric_lookup,snapshot,market_code,price_to_fiftytwo_week_low_current_ratio,price_to_fiftytwo_week_low_current_ratio,"{""time_period"":{""children"":null,""default"":""0"",""enum_options"":[{""label"":""0"",""value"":""0""}],""example"":""0"",""name"":""time_period"",""query_type"":""enum"",""required"":""1"",""source"":""table""},""trade_class"":{""children"":null,""default"":""intraday"",""enum_options"":[{""label"":""盘前"",""value"":""pre_market""},{""label"":""盘中"",""value"":""intraday""},{""label"":""盘后"",""value"":""post_market""}],""example"":""intraday"",""name"":""trade_class"",""query_type"":""enum"",""required"":""1"",""source"":""table""}}",{},stock-detail.json,0,当前股价相对52周最低价百分比（包含当前交易日）,"Price % of 52 Week Low, Current",当前股价占52周最低价的百分比（包含当前交易日）,,false,"[""0""]",UUS,STANDARD_SNAPSHOT
active_sell_mega_order_amount|主动卖出特大单金额|Active Mega Sell Order Amount,security,metric_lookup,snapshot,market_code,active_sell_mega_order_amount,active_sell_mega_order_amount,{},{},stock-detail.json,snapshot,主动卖出特大单金额,Active Mega Sell Order Amount,主动卖出特大单金额,,false,[],"UUS,89,UDC,UBAX,UBAF,U31X,U31F,U32X,U32F",STANDARD_SNAPSHOT
active_sell_mega_order_amount|主动卖出特大单金额|Active Mega Sell Order Amount,security,metric_lookup,snapshot,market_code,active_sell_mega_order_amount,active_sell_mega_order_amount,{},{},stock-detail.json,snapshot,主动卖出特大单金额,Active Mega Sell Order Amount,主动卖出特大单金额,,false,[],"UUS,89,UDC,UBAX,UBAF,U31X,U31F,U32X,U32F",STANDARD_SNAPSHOT
active_sell_mega_order_amount|主动卖出特大单金额|Active Mega Sell Order Amount,security,metric_lookup,snapshot,market_code,active_sell_mega_order_amount,active_sell_mega_order_amount,{},{},stock-detail.json,snapshot,主动卖出特大单金额,Active Mega Sell Order Amount,主动卖出特大单金额,,false,[],"UUS,89,UDC,UBAX,UBAF,U31X,U31F,U32X,U32F",STANDARD_SNAPSHOT
settling_date|交割日期|Settling Date,security,metric_lookup,snapshot,market_code,settling_date,settling_date,{},{},stock-detail.json,snapshot,交割日期,Settling Date,"交割日期，也称为结算日或到期日，指的是一份期货合约最终履行其条款的预定日期。

到了这一天，合约将停止交易，并根据合约规定的规则，了结所有未平仓的头寸。这意味着买卖双方的权利和义务将在这一天终结。",,false,[],"UUS,UDC,UBAX,UBAF,U31X,U31F,U32X,U32F",STANDARD_SNAPSHOT
payment_method_code|结算方式编码|Payment Method Code,security,metric_lookup,snapshot,market_code,payment_method_code,payment_method_code,{},{},stock-detail.json,snapshot,结算方式编码,Payment Method Code,"核心解释： 指的是期货合约到期时，或你平仓时，如何了结你的头寸并计算最终盈亏。

主要分为两种：

a) 实物交割
是什么？ 在合约到期时，交易双方必须按照最初合约约定的价格，进行实际的加密货币和资金的交换。

如何运作？

多头方（买方）：有义务支付约定的美元/稳定币金额，并收到相应数量的加密货币。

空头方（卖方）：有义务交出约定数量的加密货币，并收到相应的美元/稳定币。

特点：

会导致实际资产所有权的转移。

更适合真正想要获取或卖出实物加密货币的投资者（如矿工、大型机构）。

可以防止在到期日临近时出现价格操纵，因为最终价格必须回归现货价以进行交割。

例子： 你买了一份1个BTC的实物交割季度合约，价格是5万U。到期时，无论BTC市场价是6万U还是4万U，你都必须支付5万U，并收到1个真实的BTC。

b) 现金结算（或币结算）
是什么？ 这是目前最常见的方式。合约到期或平仓时，不进行实物交割，而是根据最终标记价格与开仓价格的差价，用保证金资产（USDT或BTC等）进行盈亏的结算。

如何运作？

系统会计算你的开仓价和平仓价（或到期结算价）之间的差额。

盈亏直接以保证金货币（如USDT或BTC） 的形式计入你的账户。

没有实际的加密货币转手。

特点：

非常方便，避免了处理实际加密货币的麻烦。

更适合投机、对冲和套利者，因为他们并不想真正持有实物资产。

例子（U本位）： 你在5万U的价格用USDT保证金做多1个BTC。在6万U时平仓。系统会直接结算给你 (60,000 - 50,000) * 1 = 10,000 USDT 的利润。",,false,[],"UUS,UDC,UBAX,UBAF,U31X,U31F,U32X,U32F",STANDARD_SNAPSHOT
employee_number|员工人数|Number of Employees,security,metric_lookup,snapshot,market_code,employee_number,employee_number,{},{},stock-detail.json,snapshot;quarter,员工人数,Number of Employees,公司披露的某一个时间点的公司员工总数，一般取最新的年报为准,,false,[],"UUS,UDC,UBAX,UBAF,U31X,U31F,U32X,U32F",STANDARD_SNAPSHOT
constituent_shares|ETF持仓成分证券股数|Constituent Shares,security,metric_lookup,snapshot,market_code,constituent_shares,constituent_shares,"{""match_code"":{""children"":[],""default"":""171:WUGI"",""enum_options"":[],""example"":"""",""name"":""match_code"",""query_type"":""string"",""required"":""1"",""source"":""table""}}",{},stock-detail.json,snapshot,ETF持仓成分证券股数,Constituent Shares,ETF持有的单个成分股股数,,false,[],UUS,STANDARD_SNAPSHOT
operating_income_total_qoq|营业收入(同比增长率)|Operating Revenue (YoY Growth Rate),security,metric_lookup,snapshot,market_code,operating_income_total_qoq,operating_income_total_qoq,{},{},stock-detail.json,snapshot,营业收入(同比增长率),Operating Revenue (YoY Growth Rate),营业收入当期与上年同期相比较的增长率,,false,[],"UUS,UDC,UBAX,UBAF,U31X,U31F,U32X,U32F",STANDARD_SNAPSHOT
operating_income_total_ttm_yoy|营业总收入TTM(同比增长率)|Operating Revenue TTM (YoY Growth Rate),security,metric_lookup,snapshot,market_code,operating_income_total_ttm_yoy,operating_income_total_ttm_yoy,{},{},stock-detail.json,snapshot,营业总收入TTM(同比增长率),Operating Revenue TTM (YoY Growth Rate),营业收入TTM当期与上年同期相比较的增长率,,false,[],"UUS,UDC,UBAX,UBAF,U31X,U31F,U32X,U32F",STANDARD_SNAPSHOT
per_person_research_costs|人均研发费用|Research and Development Expenses per Employee,security,metric_lookup,snapshot,market_code,per_person_research_costs,per_person_research_costs,{},{},stock-detail.json,snapshot,人均研发费用,Research and Development Expenses per Employee,Research & development per employee（人均研发费用）是指公司研发支出除以员工总数，反映公司在每位员工身上的研发投入强度。该指标名称中不含统计口径后缀（如TTM、FY等），因此所有别名直接使用核心名称；若存在后缀，则会统一附加以保证数据可比性。,,false,[],"UUS,UDC,UBAX,UBAF,U31X,U31F,U32X,U32F",STANDARD_SNAPSHOT
per_person_debt|人均总债务|Total Debt per Employee,security,metric_lookup,snapshot,market_code,per_person_debt,per_person_debt,{},{},stock-detail.json,snapshot,人均总债务,Total Debt per Employee,Total debt per employee（人均总债务）是一项财务比率，衡量公司总债务相对于员工人数的水平，表示每位员工所负担的债务。计算公式为总债务除以员工人数。该指标是一个快照指标（snapshot），反映特定报告日期的数值。指标名称中不包含任何统计期间后缀（如 TTM、LFY），因此在所有别名中均不附加后缀。,,false,[],"UUS,UDC,UBAX,UBAF,U31X,U31F,U32X,U32F",STANDARD_SNAPSHOT
per_person_assets_total|人均总资产|Total Assets per Employee,security,metric_lookup,snapshot,market_code,per_person_assets_total,per_person_assets_total,{},{},stock-detail.json,snapshot,人均总资产,Total Assets per Employee,"Total assets per employee is a financial ratio that measures the amount of total assets supported by each employee, indicating capital intensity. It is calculated as total assets divided by the number of employees. The metric is a snapshot (as of the reporting date) and does not include a standard time suffix; therefore, all aliases are presented without any trailing period designation.",,false,[],"UUS,UDC,UBAX,UBAF,U31X,U31F,U32X,U32F",STANDARD_SNAPSHOT
balanced_eps_ttm_yoy|基本每股收益TTM(同比增长率)|Basic Earnings per Share TTM (YoY Growth Rate),security,metric_lookup,snapshot,market_code,balanced_eps_ttm_yoy,balanced_eps_ttm_yoy,{},{},stock-detail.json,snapshot,基本每股收益TTM(同比增长率),Basic Earnings per Share TTM (YoY Growth Rate),基本每股收益TTM当期与上年同期相比较的增长率,,false,[],"UUS,UDC,UBAX,UBAF,U31X,U31F,U32X,U32F",STANDARD_SNAPSHOT
net_profit_qoq|归属母公司股东的净利润(同比增长率)|Net Profit Attributable to Shareholders of the Parent Company (YoY Growth Rate),security,metric_lookup,snapshot,market_code,net_profit_qoq,net_profit_qoq,{},{},stock-detail.json,snapshot,归属母公司股东的净利润(同比增长率),Net Profit Attributable to Shareholders of the Parent Company (YoY Growth Rate),归属母公司股东的净利润当期与上年同期相比较的增长率,,false,[],"UUS,UDC,UBAX,UBAF,U31X,U31F,U32X,U32F",STANDARD_SNAPSHOT
per_person_operating_income_total|人均营收|Revenue per Employee,security,metric_lookup,snapshot,market_code,per_person_operating_income_total,per_person_operating_income_total,{},{},stock-detail.json,snapshot,人均营收,Revenue per Employee,营收/员工（Revenue per Employee）是一项衡量公司经营效率的财务比率，计算为营业收入除以员工总数。该指标反映了平均每位员工创造的营业收入。由于指标名称中未包含特定统计期间后缀（如TTM），因此它是一个通用比值，其具体时间范围取决于所使用的营业收入和员工数据的期间。在别名列表中，我们未添加任何后缀。,,false,[],"UUS,UDC,UBAX,UBAF,U31X,U31F,U32X,U32F",STANDARD_SNAPSHOT
gross_profit_ttm_yoy|毛利TTM(同比增长率)|Gross Profit TTM (YoY Growth Rate),security,metric_lookup,snapshot,market_code,gross_profit_ttm_yoy,gross_profit_ttm_yoy,{},{},stock-detail.json,snapshot,毛利TTM(同比增长率),Gross Profit TTM (YoY Growth Rate),毛利TTM当期与上年同期相比较的增长率,,false,[],"UUS,UDC,UBAX,UBAF,U31X,U31F,U32X,U32F",STANDARD_SNAPSHOT
ebitda_ttm_yoy|EBITDA(TTM，同比增长率)|EBITDA (YoY Growth Rate),security,metric_lookup,snapshot,market_code,ebitda_ttm_yoy,ebitda_ttm_yoy,{},{},stock-detail.json,snapshot,EBITDA(TTM，同比增长率),EBITDA (YoY Growth Rate),息税折旧摊销前利润EBITDA当期与上年同期相比较的增长率,,false,[],"UUS,UDC,UBAX,UBAF,U31X,U31F,U32X,U32F",STANDARD_SNAPSHOT
free_cash_flow_ttm_yoy|自由现金流量TTM(同比增长率)|Free Cash Flow TTM (YoY Growth Rate),security,metric_lookup,snapshot,market_code,free_cash_flow_ttm_yoy,free_cash_flow_ttm_yoy,{},{},stock-detail.json,snapshot,自由现金流量TTM(同比增长率),Free Cash Flow TTM (YoY Growth Rate),自由现金流量TTM当期与上年同期相比较的增长率,,false,[],"UUS,UDC,UBAX,UBAF,U31X,U31F,U32X,U32F",STANDARD_SNAPSHOT
per_person_free_cash_flow|人均自由现金流|Free Cash Flow per Employee,security,metric_lookup,snapshot,market_code,per_person_free_cash_flow,per_person_free_cash_flow,{},{},stock-detail.json,snapshot,人均自由现金流,Free Cash Flow per Employee,人均自由现金流（Free cash flow per employee）是公司自由现金流（经营活动现金流减去资本支出）除以员工总数得到的比率，用于衡量公司平均每位员工产生的可支配现金流，反映员工效率和公司盈利质量。该指标没有指定统计期间后缀（如TTM、FY），因此所有别名均不包含后缀。,,false,[],"UUS,UDC,UBAX,UBAF,U31X,U31F,U32X,U32F",STANDARD_SNAPSHOT
cash_equivalents_short_term_investments|现金及现金等价物及短期投资|Total Cash,security,metric_lookup,snapshot,market_code,cash_equivalents_short_term_investments,cash_equivalents_short_term_investments,{},{},stock-detail.json,snapshot;quarter,现金及现金等价物及短期投资,Total Cash,现金及现金等价物及短期投资”是一个财务术语，通常用于描述企业或个人在资产负债表中持有的流动性较高的资产。,,false,[],"UUS,UDC,UBAX,UBAF,U31X,U31F,U32X,U32F",STANDARD_SNAPSHOT
now_year_return_ratio|今年回报率|Return Rate This Year,security,metric_lookup,snapshot,market_code,now_year_return_ratio,now_year_return_ratio,{},{},stock-detail.json,snapshot,今年回报率,Return Rate This Year,今年回报率”通常是指在当前年度内，某项投资或资产所带来的收益与投资成本之间的比率。它是衡量投资表现的一个重要指标，通常以百分比的形式表示。,,false,[],"UUS,UDC,UBAX,UBAF,U31X,U31F,U32X,U32F",STANDARD_SNAPSHOT
balanced_diluted_eps_ttm_yoy|稀释每股收益TTM(同比增长率)|Diluted Earnings per Share TTM (YoY Growth Rate),security,metric_lookup,snapshot,market_code,balanced_diluted_eps_ttm_yoy,balanced_diluted_eps_ttm_yoy,{},{},stock-detail.json,snapshot,稀释每股收益TTM(同比增长率),Diluted Earnings per Share TTM (YoY Growth Rate),稀释每股收益TTM当期与上年同期相比较的增长率,,false,[],"UUS,UDC,UBAX,UBAF,U31X,U31F,U32X,U32F",STANDARD_SNAPSHOT
assets_total|总资产|Assets Total,security,metric_lookup,snapshot,market_code,assets_total,assets_total,{},{},stock-detail.json,snapshot,总资产,Assets Total,"取自 F10 总资产 assets_total，反映证券价值的一个指标
计算公式
```
指数总资产 = ∑成分股总资产
```
美股 : 取自ifind数据库 usk127.F046N_USK127",,false,[],"UUS,89,UDC,UBAX,UBAF,U31X,U31F,U32X,U32F",STANDARD_SNAPSHOT
per_share_cash_dividend|每股现金分红|Cash Dividend,security,metric_lookup,series,market_code,per_share_cash_dividend,per_share_cash_dividend,"{""time_period"":{""children"":null,""default"":""quarter"",""enum_options"":[{""label"":""quarter"",""value"":""quarter""}],""example"":""quarter"",""name"":""time_period"",""query_type"":""enum"",""required"":""1"",""source"":""table""}}","{""type"":""begin_end"",""begin_time"":1783296000000,""end_time"":0,""time_period"":""quarter""}",series-etf-30d.json,quarter,每股现金分红,Cash Dividend,每股现金分红（Dividend per Share）是指上市公司在进行利润分配时，向每一股普通股股东实际派发的现金金额。它是衡量公司向股东回报利润的重要指标之一。,,false,"[""quarter""]","UUS,UDC,UBAX,UBAF,U31X,U31F,U32X,U32F","STANDARD_SNAPSHOT,STANDARD_SERIES_TIME_RANGE_BEGIN_END"
debt_equity_ratio|负债与权益比率|Debt to Equity Ratio,security,metric_lookup,snapshot,market_code,debt_equity_ratio,debt_equity_ratio,{},{},stock-detail.json,snapshot;quarter,负债与权益比率,Debt to Equity Ratio,负债与权益比率（D/E）是衡量公司财务杠杆的指标，反映公司通过债务融资与股东权益融资的相对比例。,,false,[],"UUS,UDC,UBAX,UBAF,U31X,U31F,U32X,U32F",STANDARD_SNAPSHOT
"per_share_dividend_factor_financial_year|每股分红(复权,财年)|Adjusted Dividend Per Share (LFY)",security,metric_lookup,snapshot,market_code,per_share_dividend_factor_financial_year,per_share_dividend_factor_financial_year,{},{},stock-detail.json,snapshot;quarter,"每股分红(复权,财年)",Adjusted Dividend Per Share (LFY),对 每股分红(复权)(per_share_dividend_factor) 按照财年进行统计,,false,[],"UUS,UDC,UBAX,UBAF,U31X,U31F,U32X,U32F",STANDARD_SNAPSHOT
per_share_dividend_factor_financial_year_growth|持续股息增长|Consecutive Dividend Growth,security,metric_lookup,snapshot,market_code,per_share_dividend_factor_financial_year_growth,per_share_dividend_factor_financial_year_growth,{},{},stock-detail.json,snapshot,持续股息增长,Consecutive Dividend Growth,持续股息增长是指财年累计 年度每股股息不断增加的年数,,false,[],"UUS,UDC,UBAX,UBAF,U31X,U31F,U32X,U32F",STANDARD_SNAPSHOT
per_share_dividend_factor_financial_year_dividend|持续分红|Consecutive Dividend Payout Years,security,metric_lookup,snapshot,market_code,per_share_dividend_factor_financial_year_dividend,per_share_dividend_factor_financial_year_dividend,{},{},stock-detail.json,snapshot,持续分红,Consecutive Dividend Payout Years,表示公司连续不间断地向股东派发股息总额的年数。,,false,[],"UUS,UDC,UBAX,UBAF,U31X,U31F,U32X,U32F",STANDARD_SNAPSHOT
total_debt_v2|负债合计(新体系)|Total Liabilities,security,metric_lookup,snapshot,market_code,total_debt_v2,total_debt_v2,{},{},stock-detail.json,snapshot,负债合计(新体系),Total Liabilities,"【新体系】 新规划的三大财务报表体系，区别于老体系，部分指标可能出现重叠，由于新体系指标数据还不全，因此未直接替换老体系指标，只应用于部分产品场景，使用需谨慎。
【指标说明】指企业所承担的能以，将以资产或劳务偿还的债务，偿还形式包括货币、资产或提供劳务。根据会计“资产负债表”中“负债合计”项的年末数填列。",,false,[],"UUS,UDC,UBAX,UBAF,U31X,U31F,U32X,U32F",STANDARD_SNAPSHOT
next_redeem_price|下次赎回价|Next Call Price,security,metric_lookup,snapshot,market_code,next_redeem_price,next_redeem_price,{},{},stock-detail.json,snapshot,下次赎回价,Next Call Price,“下一个赎回价” 指一只附有发行人赎回权的债券中，如果发行人在 “下一个赎回日” 选择行使赎回权，其必须向债券持有人支付的、为赎回每单位面值（通常为100）的债券所支付的特定价格。此价格由债券发行条款预先约定，通常以债券面值的百分比表示（如“面值的102%”），且通常包含一笔赎回溢价，以补偿投资者因债券被提前终止而遭受的潜在损失。该价格是计算债券赎回收益率、评估发行人赎回动机以及确定债券价格理论上限的关键输入变量。,,false,[],"UUS,UDC,UBAX,UBAF,U31X,U31F,U32X,U32F",STANDARD_SNAPSHOT
bond_minimum_trade_amount|最低交易金额|Minimum Denomination,security,metric_lookup,snapshot,market_code,bond_minimum_trade_amount,bond_minimum_trade_amount,{},{},stock-detail.json,snapshot,最低交易金额,Minimum Denomination,最低交易金额指在特定债券市场或交易平台上，单笔交易被允许或被市场惯例接受的最小名义本金金额。该指标体现了市场的参与门槛和流动性结构：在机构主导的场外市场（如美股债券主流市场），此金额通常较高（如100万美元），以匹配大宗交易需求并降低单位交易成本；而在面向零售投资者的交易所市场（如A股交易所债券市场），此金额则较低（如1000元人民币），以促进公众参与。该指标直接影响投资者的准入条件、交易策略的可行性以及市场的流动性分层，是评估债券市场微观结构的关键参数之一。,,false,[],"UUS,UDC,UBAX,UBAF,U31X,U31F,U32X,U32F",STANDARD_SNAPSHOT
whole_invested_capital|全部投入资本|Total Invested Capital,security,metric_lookup,snapshot,market_code,whole_invested_capital,whole_invested_capital,{},{},stock-detail.json,snapshot;quarter,全部投入资本,Total Invested Capital,股东权益加有息债务等全部长期资本来源,,false,[],"UUS,UDC,UBAX,UBAF,U31X,U31F,U32X,U32F",STANDARD_SNAPSHOT
next_resale_price|下次回售价|Next Put Price,security,metric_lookup,snapshot,market_code,next_resale_price,next_resale_price,{},{},stock-detail.json,snapshot,下次回售价,Next Put Price,“下一个回售价” 指一只附有投资者回售权的债券中，如果债券持有人在 “下一个回售日” 选择行使回售权，其可以向发行人卖回每单位面值债券所获得的特定价格。此价格由债券发行条款预先约定，通常以债券面值的百分比表示（如“面值的100%”或“面值加应计利息”），为投资者提供了确定的本金回收保障。该价格是计算债券回售收益率、评估回售权价值以及判断投资者行权动机的关键依据。,,false,[],"UUS,UDC,UBAX,UBAF,U31X,U31F,U32X,U32F",STANDARD_SNAPSHOT
accounts_receivable_to_operating_income_total|应收账款/营业总收入|Accounts Receivable to Total Operating Revenue,security,metric_lookup,snapshot,market_code,accounts_receivable_to_operating_income_total,accounts_receivable_to_operating_income_total,{},{},stock-detail.json,snapshot;quarter,应收账款/营业总收入,Accounts Receivable to Total Operating Revenue,应收账款占营业总收入的比例，反映销售信用政策和回款情况,,false,[],"UUS,UDC,UBAX,UBAF,U31X,U31F,U32X,U32F",STANDARD_SNAPSHOT
total_operating_expenses|总运营费用|Total Operating Expenses,security,metric_lookup,snapshot,market_code,total_operating_expenses,total_operating_expenses,{},{},stock-detail.json,snapshot;quarter,总运营费用,Total Operating Expenses,销售、管理、研发、财务等全部运营费用总额,,false,[],"UUS,UDC,UBAX,UBAF,U31X,U31F,U32X,U32F",STANDARD_SNAPSHOT
capex_to_revenue|资本支出/营业收入|Capital Expenditure to Revenue,security,metric_lookup,snapshot,market_code,capex_to_revenue,capex_to_revenue,{},{},stock-detail.json,snapshot;quarter,资本支出/营业收入,Capital Expenditure to Revenue,资本支出与营收比率,,false,[],"UUS,UDC,UBAX,UBAF,U31X,U31F,U32X,U32F",STANDARD_SNAPSHOT
capex_to_total_assets|资本支出/总资产|Capital Expenditure to Total Assets,security,metric_lookup,snapshot,market_code,capex_to_total_assets,capex_to_total_assets,{},{},stock-detail.json,snapshot;quarter,资本支出/总资产,Capital Expenditure to Total Assets,资本支出与总资产比率,,false,[],"UUS,UDC,UBAX,UBAF,U31X,U31F,U32X,U32F",STANDARD_SNAPSHOT
current_assets_to_total_assets|流动资产/总资产|Current Assets to Total Assets,security,metric_lookup,snapshot,market_code,current_assets_to_total_assets,current_assets_to_total_assets,{},{},stock-detail.json,snapshot;quarter,流动资产/总资产,Current Assets to Total Assets,流动资产占总资产的比例，反映资产流动性,,false,[],"UUS,UDC,UBAX,UBAF,U31X,U31F,U32X,U32F",STANDARD_SNAPSHOT
current_liabilities_divide_total_liabilities|流动负债/负债合计|Current Liabilities to Total Liabilities,security,metric_lookup,snapshot,market_code,current_liabilities_divide_total_liabilities,current_liabilities_divide_total_liabilities,{},{},stock-detail.json,snapshot;quarter,流动负债/负债合计,Current Liabilities to Total Liabilities,流动负债占全部负债的比例，反映短期偿债压力,,false,[],"UUS,UDC,UBAX,UBAF,U31X,U31F,U32X,U32F",STANDARD_SNAPSHOT
operating_profit_divide_debt_total|营业利润/负债合计|EBITDA to Total Liabilities,security,metric_lookup,snapshot,market_code,operating_profit_divide_debt_total,operating_profit_divide_debt_total,{},{},stock-detail.json,snapshot;quarter,营业利润/负债合计,EBITDA to Total Liabilities,营业利润覆盖全部负债的能力,,false,[],"UUS,UDC,UBAX,UBAF,U31X,U31F,U32X,U32F",STANDARD_SNAPSHOT
tangible_assets_to_total_assets_ratio|有形资产净值/总资产|Net Tangible Assets to Total Assets,security,metric_lookup,snapshot,market_code,tangible_assets_to_total_assets_ratio,tangible_assets_to_total_assets_ratio,{},{},stock-detail.json,snapshot;quarter,有形资产净值/总资产,Net Tangible Assets to Total Assets,有形资产净值占总资产的比例，反映有形资产支撑程度,,false,[],"UUS,UDC,UBAX,UBAF,U31X,U31F,U32X,U32F",STANDARD_SNAPSHOT
accounts_payable_qoq_growth|环比增长-应付账款|Accounts Payable QoQ Growth,security,metric_lookup,snapshot,market_code,accounts_payable_qoq_growth,accounts_payable_qoq_growth,{},{},stock-detail.json,snapshot;quarter,环比增长-应付账款,Accounts Payable QoQ Growth,应付账款季度环比增速,,false,[],"UUS,UDC,UBAX,UBAF,U31X,U31F,U32X,U32F",STANDARD_SNAPSHOT
business_cycle|营业周期|Operating Cycle,security,metric_lookup,snapshot,market_code,business_cycle,business_cycle,{},{},stock-detail.json,snapshot;quarter,营业周期,Operating Cycle,从采购到收回现金的完整经营周期天数,,false,[],"UUS,UDC,UBAX,UBAF,U31X,U31F,U32X,U32F",STANDARD_SNAPSHOT
annualized_roe|净资产收益率(年化)|Return on Equity (Annualized),security,metric_lookup,snapshot,market_code,annualized_roe,annualized_roe,{},{},stock-detail.json,snapshot;quarter,净资产收益率(年化),Return on Equity (Annualized),将当前期间净资产收益率换算成年度水平,,false,[],"UUS,UDC,UBAX,UBAF,U31X,U31F,U32X,U32F",STANDARD_SNAPSHOT
finance_expenses_divide_income_total|财务费用率|Finance Expense Rate,security,metric_lookup,snapshot,market_code,finance_expenses_divide_income_total,finance_expenses_divide_income_total,{},{},stock-detail.json,snapshot;quarter,财务费用率,Finance Expense Rate,财务费用占营业收入的比例，反映债务融资成本负担,,false,[],"UUS,UDC,UBAX,UBAF,U31X,U31F,U32X,U32F",STANDARD_SNAPSHOT
inventory_turnover_days|存货周转天数|Inventory Turnover Days,security,metric_lookup,snapshot,market_code,inventory_turnover_days,inventory_turnover_days,{},{},stock-detail.json,snapshot;quarter,存货周转天数,Inventory Turnover Days,存货平均周转一次所需天数,,false,[],"UUS,UDC,UBAX,UBAF,U31X,U31F,U32X,U32F",STANDARD_SNAPSHOT
net_profit_to_profit_total|净利润/利润总额|Net Profit to Total Profit,security,metric_lookup,snapshot,market_code,net_profit_to_profit_total,net_profit_to_profit_total,{},{},stock-detail.json,snapshot;quarter,净利润/利润总额,Net Profit to Total Profit,净利润占利润总额的比例，反映税后留存情况,,false,[],"UUS,UDC,UBAX,UBAF,U31X,U31F,U32X,U32F",STANDARD_SNAPSHOT
operating_cash_flow_net_divide_current_debt|经营活动产生的现金流量净额/流动负债|Operating Cash Flow to Current Liabilities,security,metric_lookup,snapshot,market_code,operating_cash_flow_net_divide_current_debt,operating_cash_flow_net_divide_current_debt,{},{},stock-detail.json,snapshot;quarter,经营活动产生的现金流量净额/流动负债,Operating Cash Flow to Current Liabilities,经营现金流覆盖流动负债的能力,,false,[],"UUS,UDC,UBAX,UBAF,U31X,U31F,U32X,U32F",STANDARD_SNAPSHOT
operating_cash_flow_net_divide_debt_total|经营活动产生的现金流量净额/负债合计|Operating Cash Flow to Total Liabilities,security,metric_lookup,snapshot,market_code,operating_cash_flow_net_divide_debt_total,operating_cash_flow_net_divide_debt_total,{},{},stock-detail.json,snapshot;quarter,经营活动产生的现金流量净额/负债合计,Operating Cash Flow to Total Liabilities,经营现金流覆盖全部负债的能力,,false,[],"UUS,UDC,UBAX,UBAF,U31X,U31F,U32X,U32F",STANDARD_SNAPSHOT
operating_profit_divide_profit_total|营业利润/利润总额|Operating Profit to Total Profit,security,metric_lookup,snapshot,market_code,operating_profit_divide_profit_total,operating_profit_divide_profit_total,{},{},stock-detail.json,snapshot;quarter,营业利润/利润总额,Operating Profit to Total Profit,营业利润占利润总额的比例，反映主营业务对整体利润的贡献,,false,[],"UUS,UDC,UBAX,UBAF,U31X,U31F,U32X,U32F",STANDARD_SNAPSHOT
total_assets_return_ratio_ttm|总资产报酬率ROA(TTM)|Return on Assets (TTM),security,metric_lookup,snapshot,market_code,total_assets_return_ratio_ttm,total_assets_return_ratio_ttm,{},{},stock-detail.json,snapshot;quarter,总资产报酬率ROA(TTM),Return on Assets (TTM),过去12个月滚动计算的总资产报酬率,,false,[],"UUS,UDC,UBAX,UBAF,U31X,U31F,U32X,U32F",STANDARD_SNAPSHOT
total_liabilities_mrq|负债合计(MRQ)|Total Liabilities (MRQ),security,metric_lookup,snapshot,market_code,total_liabilities_mrq,total_liabilities_mrq,{},{},stock-detail.json,snapshot;quarter,负债合计(MRQ),Total Liabilities (MRQ),最新报告期末负债总额,,false,[],"UUS,UDC,UBAX,UBAF,U31X,U31F,U32X,U32F",STANDARD_SNAPSHOT
short_term_and_long_term_investments_to_total_assets_ratio|总投资/总资产|Total Investments to Total Assets,security,metric_lookup,snapshot,market_code,short_term_and_long_term_investments_to_total_assets_ratio,short_term_and_long_term_investments_to_total_assets_ratio,{},{},stock-detail.json,snapshot;quarter,总投资/总资产,Total Investments to Total Assets,总投资/总资产（行业分析）,,false,[],"UUS,UDC,UBAX,UBAF,U31X,U31F,U32X,U32F",STANDARD_SNAPSHOT
parent_equity_to_debt_yoy|归属于母公司的股东权益/负债合计(同比增长率)|Parent Equity to Total Liabilities YoY Growth,security,metric_lookup,snapshot,market_code,parent_equity_to_debt_yoy,parent_equity_to_debt_yoy,{},{},stock-detail.json,snapshot;quarter,归属于母公司的股东权益/负债合计(同比增长率),Parent Equity to Total Liabilities YoY Growth,股东权益对负债比率的同比变化,,false,[],"UUS,UDC,UBAX,UBAF,U31X,U31F,U32X,U32F",STANDARD_SNAPSHOT
monetary_capital_divide_current_liabilities_yoy|货币资金/流动负债(同比增长率)|Monetary Capital to Current Liabilities YoY Growth,security,metric_lookup,snapshot,market_code,monetary_capital_divide_current_liabilities_yoy,monetary_capital_divide_current_liabilities_yoy,{},{},stock-detail.json,snapshot;quarter,货币资金/流动负债(同比增长率),Monetary Capital to Current Liabilities YoY Growth,货币资金对流动负债覆盖比率的同比变化,,false,[],"UUS,UDC,UBAX,UBAF,U31X,U31F,U32X,U32F",STANDARD_SNAPSHOT
non_current_assets_divide_total_assets|非流动资产/总资产|Non-Current Assets to Total Assets,security,metric_lookup,snapshot,market_code,non_current_assets_divide_total_assets,non_current_assets_divide_total_assets,{},{},stock-detail.json,snapshot;quarter,非流动资产/总资产,Non-Current Assets to Total Assets,非流动资产占总资产的比例，反映长期资产占比,,false,[],"UUS,UDC,UBAX,UBAF,U31X,U31F,U32X,U32F",STANDARD_SNAPSHOT
non_current_liabilities_divide_total_liabilities|非流动负债/负债合计|Non-Current Liabilities to Total Liabilities,security,metric_lookup,snapshot,market_code,non_current_liabilities_divide_total_liabilities,non_current_liabilities_divide_total_liabilities,{},{},stock-detail.json,snapshot;quarter,非流动负债/负债合计,Non-Current Liabilities to Total Liabilities,非流动负债占全部负债的比例，反映长期融资结构,,false,[],"UUS,UDC,UBAX,UBAF,U31X,U31F,U32X,U32F",STANDARD_SNAPSHOT
operating_cash_flow_net_divide_net_debt|经营活动产生的现金流量净额/净债务|Operating Cash Flow to Net Debt,security,metric_lookup,snapshot,market_code,operating_cash_flow_net_divide_net_debt,operating_cash_flow_net_divide_net_debt,{},{},stock-detail.json,snapshot;quarter,经营活动产生的现金流量净额/净债务,Operating Cash Flow to Net Debt,经营现金流覆盖净债务的能力,,false,[],"UUS,UDC,UBAX,UBAF,U31X,U31F,U32X,U32F",STANDARD_SNAPSHOT
operating_profit_to_current_debt|营业利润/流动负债|Operating Profit to Current Liabilities,security,metric_lookup,snapshot,market_code,operating_profit_to_current_debt,operating_profit_to_current_debt,{},{},stock-detail.json,snapshot;quarter,营业利润/流动负债,Operating Profit to Current Liabilities,营业利润覆盖流动负债的能力,,false,[],"UUS,UDC,UBAX,UBAF,U31X,U31F,U32X,U32F",STANDARD_SNAPSHOT
parent_net_profit_divide_revenue|归属母公司股东净利润/营业收入|Parent Net Profit to Revenue,security,metric_lookup,snapshot,market_code,parent_net_profit_divide_revenue,parent_net_profit_divide_revenue,{},{},stock-detail.json,snapshot;quarter,归属母公司股东净利润/营业收入,Parent Net Profit to Revenue,归母净利润占营业收入的比例，反映整体盈利转化效率,,false,[],"UUS,UDC,UBAX,UBAF,U31X,U31F,U32X,U32F",STANDARD_SNAPSHOT
average_roa|平均资产收益率|Average Return on Assets,security,metric_lookup,snapshot,market_code,average_roa,average_roa,{},{},stock-detail.json,snapshot;quarter,平均资产收益率,Average Return on Assets,平均资产收益率=税后净利润*2/（期初总资产+期末总资产）*100%,,false,[],"UUS,UDC,UBAX,UBAF,U31X,U31F,U32X,U32F",STANDARD_SNAPSHOT
employed_capital_return_ratio|已动用资本回报率ROCE|Return on Capital Employed (ROCE),security,metric_lookup,snapshot,market_code,employed_capital_return_ratio,employed_capital_return_ratio,{},{},stock-detail.json,snapshot;quarter,已动用资本回报率ROCE,Return on Capital Employed (ROCE),公司对已动用资本（股东权益加有息债务减现金等）创造经营利润的能力,,false,[],"UUS,UDC,UBAX,UBAF,U31X,U31F,U32X,U32F",STANDARD_SNAPSHOT
parent_net_profit_to_net_profit|归属母公司股东净利润/净利润|Parent Net Profit to Net Profit,security,metric_lookup,snapshot,market_code,parent_net_profit_to_net_profit,parent_net_profit_to_net_profit,{},{},stock-detail.json,snapshot;quarter,归属母公司股东净利润/净利润,Parent Net Profit to Net Profit,归母净利润占全部净利润的比例，反映少数股东影响,,false,[],"UUS,UDC,UBAX,UBAF,U31X,U31F,U32X,U32F",STANDARD_SNAPSHOT
ebit_ttm_yoy|息税折旧摊销前利润/负债合计(同比增长率)|EBITDA to Total Liabilities YoY Growth,security,metric_lookup,snapshot,market_code,ebit_ttm_yoy,ebit_ttm_yoy,{},{},stock-detail.json,snapshot;quarter,息税折旧摊销前利润/负债合计(同比增长率),EBITDA to Total Liabilities YoY Growth,EBITDA对负债覆盖比率的同比变化,,false,[],"UUS,UDC,UBAX,UBAF,U31X,U31F,U32X,U32F",STANDARD_SNAPSHOT
act_cash_flow_net_qoq_growth|环比增长-经营活动现金流量|Operating Cash Flow Net QoQ Growth,security,metric_lookup,snapshot,market_code,act_cash_flow_net_qoq_growth,act_cash_flow_net_qoq_growth,{},{},stock-detail.json,snapshot;quarter,环比增长-经营活动现金流量,Operating Cash Flow Net QoQ Growth,经营现金流季度环比增速,,false,[],"UUS,UDC,UBAX,UBAF,U31X,U31F,U32X,U32F",STANDARD_SNAPSHOT
cost_expense_profit_ratio|成本费用利润率|Cost and Expense Profit Ratio,security,metric_lookup,snapshot,market_code,cost_expense_profit_ratio,cost_expense_profit_ratio,{},{},stock-detail.json,snapshot;quarter,成本费用利润率,Cost and Expense Profit Ratio,利润总额相对于全部成本费用的盈利能力,,false,[],"UUS,UDC,UBAX,UBAF,U31X,U31F,U32X,U32F",STANDARD_SNAPSHOT
finance_expenses_divide_income_total_ttm|财务费用率(TTM)|Finance Expense Rate (TTM),security,metric_lookup,snapshot,market_code,finance_expenses_divide_income_total_ttm,finance_expenses_divide_income_total_ttm,{},{},stock-detail.json,snapshot;quarter,财务费用率(TTM),Finance Expense Rate (TTM),过去12个月滚动计算的财务费用率,,false,[],"UUS,UDC,UBAX,UBAF,U31X,U31F,U32X,U32F",STANDARD_SNAPSHOT
profit_total_to_ebit|利润总额/息税前利润|Total Profit to EBIT,security,metric_lookup,snapshot,market_code,profit_total_to_ebit,profit_total_to_ebit,{},{},stock-detail.json,snapshot;quarter,利润总额/息税前利润,Total Profit to EBIT,利润总额相对于息税前利润的比例，反映利息影响,,false,[],"UUS,UDC,UBAX,UBAF,U31X,U31F,U32X,U32F",STANDARD_SNAPSHOT
sale_period_fee_ratio_ttm|销售期间费用率(TTM)|Sales Period Expense Ratio (TTM),security,metric_lookup,snapshot,market_code,sale_period_fee_ratio_ttm,sale_period_fee_ratio_ttm,{},{},stock-detail.json,snapshot;quarter,销售期间费用率(TTM),Sales Period Expense Ratio (TTM),过去12个月滚动计算的期间费用率,,false,[],"UUS,UDC,UBAX,UBAF,U31X,U31F,U32X,U32F",STANDARD_SNAPSHOT
receive_accounts_turnover_days|应收账款周转天数|Accounts Receivable Turnover Days,security,metric_lookup,snapshot,market_code,receive_accounts_turnover_days,receive_accounts_turnover_days,{},{},stock-detail.json,snapshot;quarter,应收账款周转天数,Accounts Receivable Turnover Days,应收账款平均回收一次所需天数,,false,[],"UUS,UDC,UBAX,UBAF,U31X,U31F,U32X,U32F",STANDARD_SNAPSHOT
sale_period_fee_ratio|销售期间费用率|Sales Period Expense Ratio,security,metric_lookup,snapshot,market_code,sale_period_fee_ratio,sale_period_fee_ratio,{},{},stock-detail.json,snapshot;quarter,销售期间费用率,Sales Period Expense Ratio,销售、管理、研发等期间费用占营业收入的比例,,false,[],"UUS,UDC,UBAX,UBAF,U31X,U31F,U32X,U32F",STANDARD_SNAPSHOT
company_free_cash_flow_qoq_growth|环比增长-企业现金流|Company Free Cash Flow QoQ Growth,security,metric_lookup,snapshot,market_code,company_free_cash_flow_qoq_growth,company_free_cash_flow_qoq_growth,{},{},stock-detail.json,snapshot;quarter,环比增长-企业现金流,Company Free Cash Flow QoQ Growth,企业现金流季度环比增速,,false,[],"UUS,UDC,UBAX,UBAF,U31X,U31F,U32X,U32F",STANDARD_SNAPSHOT
cash_equivalents_net_addition_qoq_growth|环比增长-现金变动净额|Net Cash Flow QoQ Growth,security,metric_lookup,snapshot,market_code,cash_equivalents_net_addition_qoq_growth,cash_equivalents_net_addition_qoq_growth,{},{},stock-detail.json,snapshot;quarter,环比增长-现金变动净额,Net Cash Flow QoQ Growth,现金净变动季度环比增速,,false,[],"UUS,UDC,UBAX,UBAF,U31X,U31F,U32X,U32F",STANDARD_SNAPSHOT
current_assets_turnover_ratio|流动资产周转率|Current Assets Turnover Ratio,security,metric_lookup,snapshot,market_code,current_assets_turnover_ratio,current_assets_turnover_ratio,{},{},stock-detail.json,snapshot;quarter,流动资产周转率,Current Assets Turnover Ratio,流动资产创造收入的效率,,false,[],"UUS,UDC,UBAX,UBAF,U31X,U31F,U32X,U32F",STANDARD_SNAPSHOT
capital_invested_return_ratio_parent_holder|投入资本回报率ROIC(归母净利润法)|Return on Invested Capital (Parent Method),security,metric_lookup,snapshot,market_code,capital_invested_return_ratio_parent_holder,capital_invested_return_ratio_parent_holder,{},{},stock-detail.json,snapshot;quarter,投入资本回报率ROIC(归母净利润法),Return on Invested Capital (Parent Method),以归属于母公司股东的净利润为基础计算的投入资本回报率,,false,[],"UUS,UDC,UBAX,UBAF,U31X,U31F,U32X,U32F",STANDARD_SNAPSHOT
income_tax_divide_profit_total_ttm|所得税/利润总额(TTM)|Income Tax to Total Profit (TTM),security,metric_lookup,snapshot,market_code,income_tax_divide_profit_total_ttm,income_tax_divide_profit_total_ttm,{},{},stock-detail.json,snapshot;quarter,所得税/利润总额(TTM),Income Tax to Total Profit (TTM),过去12个月所得税占利润总额的比例,,false,[],"UUS,UDC,UBAX,UBAF,U31X,U31F,U32X,U32F",STANDARD_SNAPSHOT
times_interest_earned|已获利息倍数(EBIT/利息费用)|Times Interest Earned (EBIT / Interest Expense),security,metric_lookup,snapshot,market_code,times_interest_earned,times_interest_earned,{},{},stock-detail.json,snapshot;quarter,已获利息倍数(EBIT/利息费用),Times Interest Earned (EBIT / Interest Expense),EBIT覆盖利息费用的倍数，反映利息支付能力,,false,[],"UUS,UDC,UBAX,UBAF,U31X,U31F,U32X,U32F",STANDARD_SNAPSHOT
common_shareholders_net_profit_qoq_growth|环比增长-普通股东所得净利润|Common Shareholders Net Profit QoQ Growth,security,metric_lookup,snapshot,market_code,common_shareholders_net_profit_qoq_growth,common_shareholders_net_profit_qoq_growth,{},{},stock-detail.json,snapshot;quarter,环比增长-普通股东所得净利润,Common Shareholders Net Profit QoQ Growth,归属普通股净利润季度环比,,false,[],"UUS,UDC,UBAX,UBAF,U31X,U31F,U32X,U32F",STANDARD_SNAPSHOT
working_capital_qoq_growth|环比增长-营运资本|Working Capital QoQ Growth,security,metric_lookup,snapshot,market_code,working_capital_qoq_growth,working_capital_qoq_growth,{},{},stock-detail.json,snapshot;quarter,环比增长-营运资本,Working Capital QoQ Growth,营运资本季度环比增速,,false,[],"UUS,UDC,UBAX,UBAF,U31X,U31F,U32X,U32F",STANDARD_SNAPSHOT
ebit_yoy_growth_ratio|已获利息倍数EBIT/利息费用(同比增长率)|EBIT YoY Growth,security,metric_lookup,snapshot,market_code,ebit_yoy_growth_ratio,ebit_yoy_growth_ratio,{},{},stock-detail.json,snapshot;quarter,已获利息倍数EBIT/利息费用(同比增长率),EBIT YoY Growth,利息覆盖倍数的同比变化,,false,[],"UUS,UDC,UBAX,UBAF,U31X,U31F,U32X,U32F",STANDARD_SNAPSHOT
long_term_debt_to_working_capital_yoy|长期债务与营运资金比率(同比增长率)|Long-Term Debt to Working Capital YoY Growth,security,metric_lookup,snapshot,market_code,long_term_debt_to_working_capital_yoy,long_term_debt_to_working_capital_yoy,{},{},stock-detail.json,snapshot;quarter,长期债务与营运资金比率(同比增长率),Long-Term Debt to Working Capital YoY Growth,上述比率的同比变化,,false,[],"UUS,UDC,UBAX,UBAF,U31X,U31F,U32X,U32F",STANDARD_SNAPSHOT
ebitda_interest_coverage_ratio_ttm|EBITDA利息覆盖率(TTM)|EBITDA Interest Coverage Ratio (TTM),security,metric_lookup,snapshot,market_code,ebitda_interest_coverage_ratio_ttm,ebitda_interest_coverage_ratio_ttm,{},{},stock-detail.json,snapshot;quarter,EBITDA利息覆盖率(TTM),EBITDA Interest Coverage Ratio (TTM),过去12个月EBITDA覆盖利息费用的倍数,,false,[],"UUS,UDC,UBAX,UBAF,U31X,U31F,U32X,U32F",STANDARD_SNAPSHOT
holder_equity_divide_debt_total|归属于母公司的股东权益/负债合计|Parent Equity to Total Liabilities,security,metric_lookup,snapshot,market_code,holder_equity_divide_debt_total,holder_equity_divide_debt_total,{},{},stock-detail.json,snapshot;quarter,归属于母公司的股东权益/负债合计,Parent Equity to Total Liabilities,股东权益相对于全部负债的比例，反映偿债安全边际,,false,[],"UUS,UDC,UBAX,UBAF,U31X,U31F,U32X,U32F",STANDARD_SNAPSHOT
holder_equity_divide_interest_bearing_debt|归属于母公司的股东权益/带息债务|Parent Equity to Interest-Bearing Debt,security,metric_lookup,snapshot,market_code,holder_equity_divide_interest_bearing_debt,holder_equity_divide_interest_bearing_debt,{},{},stock-detail.json,snapshot;quarter,归属于母公司的股东权益/带息债务,Parent Equity to Interest-Bearing Debt,股东权益相对于带息债务的比例，反映债务保障程度,,false,[],"UUS,UDC,UBAX,UBAF,U31X,U31F,U32X,U32F",STANDARD_SNAPSHOT
long_term_debt_to_working_capital|长期债务与营运资金比率|Long-Term Debt to Working Capital,security,metric_lookup,snapshot,market_code,long_term_debt_to_working_capital,long_term_debt_to_working_capital,{},{},stock-detail.json,snapshot;quarter,长期债务与营运资金比率,Long-Term Debt to Working Capital,长期债务相对于营运资金的比例，反映长期偿债压力,,false,[],"UUS,UDC,UBAX,UBAF,U31X,U31F,U32X,U32F",STANDARD_SNAPSHOT
operating_costs_total_divide_income_total|营业总成本/营业总收入|Total Operating Cost to Total Operating Revenue,security,metric_lookup,snapshot,market_code,operating_costs_total_divide_income_total,operating_costs_total_divide_income_total,{},{},stock-detail.json,snapshot;quarter,营业总成本/营业总收入,Total Operating Cost to Total Operating Revenue,全部营业成本与营业收入的比值，反映成本控制总体情况,,false,[],"UUS,UDC,UBAX,UBAF,U31X,U31F,U32X,U32F",STANDARD_SNAPSHOT
sale_costs_ratio|销售成本率|Cost of Sales Ratio,security,metric_lookup,snapshot,market_code,sale_costs_ratio,sale_costs_ratio,{},{},stock-detail.json,snapshot;quarter,销售成本率,Cost of Sales Ratio,营业成本占营业收入的比例，反映主营业务的直接成本负担,,false,[],"UUS,UDC,UBAX,UBAF,U31X,U31F,U32X,U32F",STANDARD_SNAPSHOT
per_net_assets_yoy_growth_ratio|每股净资产(同比增长率)|Net Assets Per Share YoY Growth,security,metric_lookup,snapshot,market_code,per_net_assets_yoy_growth_ratio,per_net_assets_yoy_growth_ratio,{},{},stock-detail.json,snapshot;quarter,每股净资产(同比增长率),Net Assets Per Share YoY Growth,每股净资产当期与上年同期相比较的增长率,,false,[],"UUS,UDC,UBAX,UBAF,U31X,U31F,U32X,U32F",STANDARD_SNAPSHOT
cash_equivalents_net_addition_yoy_growth_ratio|现金净流量(同比增长率)|Net Cash Flow YoY Growth,security,metric_lookup,snapshot,market_code,cash_equivalents_net_addition_yoy_growth_ratio,cash_equivalents_net_addition_yoy_growth_ratio,{},{},stock-detail.json,snapshot;quarter,现金净流量(同比增长率),Net Cash Flow YoY Growth,现金净流量当期与上年同期相比较的增长率,,false,[],"UUS,UDC,UBAX,UBAF,U31X,U31F,U32X,U32F",STANDARD_SNAPSHOT
staff_number_hb_rate|环比增长-职工|Employee Count QoQ Growth,security,metric_lookup,snapshot,market_code,staff_number_hb_rate,staff_number_hb_rate,{},{},stock-detail.json,snapshot;quarter,环比增长-职工,Employee Count QoQ Growth,员工人数季度环比增速,,false,[],"UUS,UDC,UBAX,UBAF,U31X,U31F,U32X,U32F",STANDARD_SNAPSHOT
ebitda_less_capex_interest_coverage_ratio_ttm|EBITDA减去资本支出利息覆盖率(TTM)|EBITDA Less CapEx Interest Coverage Ratio (TTM),security,metric_lookup,snapshot,market_code,ebitda_less_capex_interest_coverage_ratio_ttm,ebitda_less_capex_interest_coverage_ratio_ttm,{},{},stock-detail.json,snapshot;quarter,EBITDA减去资本支出利息覆盖率(TTM),EBITDA Less CapEx Interest Coverage Ratio (TTM),过去12个月EBITDA扣除资本支出后覆盖利息费用的倍数,,false,[],"UUS,UDC,UBAX,UBAF,U31X,U31F,U32X,U32F",STANDARD_SNAPSHOT
holder_equity_divide_all_invested_capital|归属母公司股东的权益/全部投入资本|Parent Equity to Total Invested Capital,security,metric_lookup,snapshot,market_code,holder_equity_divide_all_invested_capital,holder_equity_divide_all_invested_capital,{},{},stock-detail.json,snapshot;quarter,归属母公司股东的权益/全部投入资本,Parent Equity to Total Invested Capital,股东权益占全部投入资本的比例，反映权益融资占比,,false,[],"UUS,UDC,UBAX,UBAF,U31X,U31F,U32X,U32F",STANDARD_SNAPSHOT
interest_bearing_debt_divide_all_invested_capital|带息债务/全部投入资本|Interest-Bearing Debt to Total Invested Capital,security,metric_lookup,snapshot,market_code,interest_bearing_debt_divide_all_invested_capital,interest_bearing_debt_divide_all_invested_capital,{},{},stock-detail.json,snapshot;quarter,带息债务/全部投入资本,Interest-Bearing Debt to Total Invested Capital,带息债务占全部投入资本的比例，反映杠杆水平,,false,[],"UUS,UDC,UBAX,UBAF,U31X,U31F,U32X,U32F",STANDARD_SNAPSHOT
net_debt_to_equity_ratio|净债务/股东权益|Net Debt to Equity Ratio,security,metric_lookup,snapshot,market_code,net_debt_to_equity_ratio,net_debt_to_equity_ratio,{},{},stock-detail.json,snapshot;quarter,净债务/股东权益,Net Debt to Equity Ratio,净债务权益比,,false,[],"UUS,UDC,UBAX,UBAF,U31X,U31F,U32X,U32F",STANDARD_SNAPSHOT
operating_profit_qoq_growth|环比增长-营业利润|Operating Profit QoQ Growth,security,metric_lookup,snapshot,market_code,operating_profit_qoq_growth,operating_profit_qoq_growth,{},{},stock-detail.json,snapshot;quarter,环比增长-营业利润,Operating Profit QoQ Growth,营业利润季度环比增速,,false,[],"UUS,UDC,UBAX,UBAF,U31X,U31F,U32X,U32F",STANDARD_SNAPSHOT
parent_holder_equity_total_yoy_growth_ratio|归属母公司股东的权益(同比增长率)|Parent Equity YoY Growth,security,metric_lookup,snapshot,market_code,parent_holder_equity_total_yoy_growth_ratio,parent_holder_equity_total_yoy_growth_ratio,{},{},stock-detail.json,snapshot;quarter,归属母公司股东的权益(同比增长率),Parent Equity YoY Growth,归属母公司股东的权益当期与上年同期相比较的增长率,,false,[],"UUS,UDC,UBAX,UBAF,U31X,U31F,U32X,U32F",STANDARD_SNAPSHOT
full_diluted_roe_yoy_growth_ratio|净资产收益率(摊薄)(同比增长率)|Fully Diluted ROE YoY Growth,security,metric_lookup,snapshot,market_code,full_diluted_roe_yoy_growth_ratio,full_diluted_roe_yoy_growth_ratio,{},{},stock-detail.json,snapshot;quarter,净资产收益率(摊薄)(同比增长率),Fully Diluted ROE YoY Growth,净资产收益率(摊薄)当期与上年同期相比较的增长率,,false,[],"UUS,UDC,UBAX,UBAF,U31X,U31F,U32X,U32F",STANDARD_SNAPSHOT
tangible_asset_to_net_debt|有形资产/净债务|Tangible Assets to Net Debt,security,metric_lookup,snapshot,market_code,tangible_asset_to_net_debt,tangible_asset_to_net_debt,{},{},stock-detail.json,snapshot;quarter,有形资产/净债务,Tangible Assets to Net Debt,有形资产覆盖净债务的能力,,false,[],"UUS,UDC,UBAX,UBAF,U31X,U31F,U32X,U32F",STANDARD_SNAPSHOT
operating_income_total_yoy|营业总收入(同比增长率)|Total Operating Revenue YoY Growth,security,metric_lookup,snapshot,market_code,operating_income_total_yoy,operating_income_total_yoy,{},{},stock-detail.json,snapshot;quarter,营业总收入(同比增长率),Total Operating Revenue YoY Growth,营业总收入当期与上年同期相比较的增长率,,false,[],"UUS,UDC,UBAX,UBAF,U31X,U31F,U32X,U32F",STANDARD_SNAPSHOT
profit_before_tax_yoy_growth_ratio|税前利润(同比增长率)|Profit Before Tax YoY Growth,security,metric_lookup,snapshot,market_code,profit_before_tax_yoy_growth_ratio,profit_before_tax_yoy_growth_ratio,{},{},stock-detail.json,snapshot;quarter,税前利润(同比增长率),Profit Before Tax YoY Growth,税前利润当期与上年同期相比较的增长率,,false,[],"UUS,UDC,UBAX,UBAF,U31X,U31F,U32X,U32F",STANDARD_SNAPSHOT
act_cash_flow_net_yoy|经营活动产生的现金流量净额(同比增长率)|Operating Cash Flow Net YoY Growth,security,metric_lookup,snapshot,market_code,act_cash_flow_net_yoy,act_cash_flow_net_yoy,{},{},stock-detail.json,snapshot;quarter,经营活动产生的现金流量净额(同比增长率),Operating Cash Flow Net YoY Growth,经营活动产生的现金流量净额当期与上年同期相比较的增长率,,false,[],"UUS,UDC,UBAX,UBAF,U31X,U31F,U32X,U32F",STANDARD_SNAPSHOT
supply_in_loss|比特币亏损总供应量|Supply In Loss,chain_id,metric_lookup,series,chain_id,supply_in_loss,supply_in_loss,"{""time_period"":{""children"":null,""default"":""day_1"",""enum_options"":[{""label"":""day_1"",""value"":""day_1""}],""example"":""day_1"",""name"":""time_period"",""query_type"":""enum"",""required"":""1"",""source"":""table""}}","{""type"":""begin_end"",""begin_time"":1783296000000,""end_time"":0,""time_period"":""day_1""}",series-etf-30d.json,day_1,比特币亏损总供应量,Supply In Loss,比特币亏损总供应量,,false,"[""day_1""]",INNER2,STANDARD_SERIES_TIME_RANGE_BEGIN_END
percentage_of_transaction_fees_in_miners_revenue|矿工费用收入占比|Percentage Of Transaction Fees In Miners Revenue,chain_id,metric_lookup,series,chain_id,percentage_of_transaction_fees_in_miners_revenue,percentage_of_transaction_fees_in_miners_revenue,"{""time_period"":{""children"":null,""default"":""day_1"",""enum_options"":[{""label"":""day_1"",""value"":""day_1""}],""example"":""day_1"",""name"":""time_period"",""query_type"":""enum"",""required"":""1"",""source"":""table""}}","{""type"":""end_count"",""end_time"":0,""count"":30,""time_period"":""day_1""}",series-etf-30d.json,day_1,矿工费用收入占比,Percentage Of Transaction Fees In Miners Revenue,矿工费用收入占比,,false,"[""day_1""]",INNER2,STANDARD_SERIES_TIME_RANGE_END_COUNT
"cdd|CDD
比特币币龄销毁|CDD",chain_id,metric_lookup,series,chain_id,cdd,cdd,"{""time_period"":{""children"":null,""default"":""day_1"",""enum_options"":[{""label"":""day_1"",""value"":""day_1""}],""example"":""day_1"",""name"":""time_period"",""query_type"":""enum"",""required"":""1"",""source"":""table""}}","{""type"":""begin_end"",""begin_time"":1783296000000,""end_time"":0,""time_period"":""day_1""}",series-etf-30d.json,day_1,"CDD
比特币币龄销毁",CDD,比特币币龄销毁,,false,"[""day_1""]",INNER2,STANDARD_SERIES_TIME_RANGE_BEGIN_END
change_net_income_divide_profit_total|价值变动净收益/利润总额|Fair Value Change Net Income to Total Profit,security,metric_lookup,snapshot,market_code,change_net_income_divide_profit_total,change_net_income_divide_profit_total,{},{},stock-detail.json,snapshot;quarter,价值变动净收益/利润总额,Fair Value Change Net Income to Total Profit,公允价值变动等非经常性收益占利润总额的比例,,false,[],"UUS,UDC,UBAX,UBAF,U31X,U31F,U32X,U32F",STANDARD_SNAPSHOT
vdd_multiple|比特币VDD倍数|VDD Multiple,chain_id,metric_lookup,series,chain_id,vdd_multiple,vdd_multiple,"{""time_period"":{""children"":null,""default"":""day_1"",""enum_options"":[{""label"":""day_1"",""value"":""day_1""}],""example"":""day_1"",""name"":""time_period"",""query_type"":""enum"",""required"":""1"",""source"":""table""}}","{""type"":""begin_end"",""begin_time"":1783296000000,""end_time"":0,""time_period"":""day_1""}",series-etf-30d.json,day_1,比特币VDD倍数,VDD Multiple,比特币VDD倍数,,false,"[""day_1""]",INNER2,STANDARD_SERIES_TIME_RANGE_BEGIN_END
utxo_in_loss|比特币亏损UTXO数量|UTXO In Loss,chain_id,metric_lookup,series,chain_id,utxo_in_loss,utxo_in_loss,"{""time_period"":{""children"":null,""default"":""day_1"",""enum_options"":[{""label"":""day_1"",""value"":""day_1""}],""example"":""day_1"",""name"":""time_period"",""query_type"":""enum"",""required"":""1"",""source"":""table""}}","{""type"":""begin_end"",""begin_time"":1783296000000,""end_time"":0,""time_period"":""day_1""}",series-etf-30d.json,day_1,比特币亏损UTXO数量,UTXO In Loss,比特币亏损UTXO数量,,false,"[""day_1""]",INNER2,STANDARD_SERIES_TIME_RANGE_BEGIN_END
utxo_in_profit|比特币盈利UTXO数量|UTXO In Profit,chain_id,metric_lookup,series,chain_id,utxo_in_profit,utxo_in_profit,"{""time_period"":{""children"":null,""default"":""day_1"",""enum_options"":[{""label"":""day_1"",""value"":""day_1""}],""example"":""day_1"",""name"":""time_period"",""query_type"":""enum"",""required"":""1"",""source"":""table""}}","{""type"":""begin_end"",""begin_time"":1783296000000,""end_time"":0,""time_period"":""day_1""}",series-etf-30d.json,day_1,比特币盈利UTXO数量,UTXO In Profit,比特币盈利UTXO数量,,false,"[""day_1""]",INNER2,STANDARD_SERIES_TIME_RANGE_BEGIN_END
supply_in_profit|比特币盈利总供应量|Supply In Profit,chain_id,metric_lookup,series,chain_id,supply_in_profit,supply_in_profit,"{""time_period"":{""children"":null,""default"":""day_1"",""enum_options"":[{""label"":""day_1"",""value"":""day_1""}],""example"":""day_1"",""name"":""time_period"",""query_type"":""enum"",""required"":""1"",""source"":""table""}}","{""type"":""begin_end"",""begin_time"":1783296000000,""end_time"":0,""time_period"":""day_1""}",series-etf-30d.json,day_1,比特币盈利总供应量,Supply In Profit,比特币盈利总供应量,,false,"[""day_1""]",INNER2,STANDARD_SERIES_TIME_RANGE_BEGIN_END
operating_costs_total_divide_income_total_ttm|营业总成本/营业总收入(TTM)|Total Operating Cost to Total Operating Revenue (TTM),security,metric_lookup,snapshot,market_code,operating_costs_total_divide_income_total_ttm,operating_costs_total_divide_income_total_ttm,{},{},stock-detail.json,snapshot;quarter,营业总成本/营业总收入(TTM),Total Operating Cost to Total Operating Revenue (TTM),过去12个月滚动计算的营业总成本占比,,false,[],"UUS,UDC,UBAX,UBAF,U31X,U31F,U32X,U32F",STANDARD_SNAPSHOT
operating_net_income_divide_profit_total|经营活动净收益/利润总额|Operating Net Income to Total Profit,security,metric_lookup,snapshot,market_code,operating_net_income_divide_profit_total,operating_net_income_divide_profit_total,{},{},stock-detail.json,snapshot;quarter,经营活动净收益/利润总额,Operating Net Income to Total Profit,经营活动净收益占利润总额的比例,,false,[],"UUS,UDC,UBAX,UBAF,U31X,U31F,U32X,U32F",STANDARD_SNAPSHOT
cypto_open_interest|（交易所）合约持仓量|Crypto Open Interest,security,metric_lookup,series,market_code,cypto_open_interest,cypto_open_interest,"{""time_period"":{""children"":null,""default"":""min_15"",""enum_options"":[{""label"":""min_15"",""value"":""min_15""},{""label"":""min_30"",""value"":""min_30""},{""label"":""min_60"",""value"":""min_60""},{""label"":""min_120"",""value"":""min_120""},{""label"":""min_240"",""value"":""min_240""},{""label"":""min_360"",""value"":""min_360""},{""label"":""min_720"",""value"":""min_720""},{""label"":""day_1"",""value"":""day_1""}],""example"":""min_15"",""name"":""time_period"",""query_type"":""enum"",""required"":""1"",""source"":""table""}}","{""type"":""end_count"",""end_time"":0,""count"":30,""time_period"":""min_15"",""supported_types"":[""begin_end"",""end_count""]}",series-etf-30d.json,min_15;min_30;min_60;min_120;min_240;min_360;min_720;day_1,（交易所）合约持仓量,Crypto Open Interest,指市场上尚未平仓的加密货币合约总数，反映市场对该资产的开放头寸,,false,"[""min_15"",""min_30"",""min_60"",""min_120"",""min_240"",""min_360"",""min_720"",""day_1""]",UBAF,STANDARD_SERIES_TIME_RANGE_ALL
tangible_net_assets|有形资产净值|Net Tangible Assets,security,metric_lookup,snapshot,market_code,tangible_net_assets,tangible_net_assets,{},{},stock-detail.json,snapshot;quarter,有形资产净值,Net Tangible Assets,有形资产减去全部负债后的净值,,false,[],"UUS,UDC,UBAX,UBAF,U31X,U31F,U32X,U32F",STANDARD_SNAPSHOT
monetary_capital_divide_current_liabilities_total|货币资金/流动负债|Monetary Capital to Current Liabilities,security,metric_lookup,snapshot,market_code,monetary_capital_divide_current_liabilities_total,monetary_capital_divide_current_liabilities_total,{},{},stock-detail.json,snapshot;quarter,货币资金/流动负债,Monetary Capital to Current Liabilities,货币资金覆盖流动负债的能力，反映短期偿债保障,,false,[],"UUS,UDC,UBAX,UBAF,U31X,U31F,U32X,U32F",STANDARD_SNAPSHOT
change_net_income_divide_profit_total_ttm|价值变动净收益/利润总额(TTM)|Fair Value Change Net Income to Total Profit (TTM),security,metric_lookup,snapshot,market_code,change_net_income_divide_profit_total_ttm,change_net_income_divide_profit_total_ttm,{},{},stock-detail.json,snapshot;quarter,价值变动净收益/利润总额(TTM),Fair Value Change Net Income to Total Profit (TTM),过去12个月价值变动净收益占利润总额的比例,,false,[],"UUS,UDC,UBAX,UBAF,U31X,U31F,U32X,U32F",STANDARD_SNAPSHOT
capital_expenditure_divide_depreciation_amortization|资本支出/折旧和摊销|Capital Expenditure to Depreciation and Amortization,security,metric_lookup,snapshot,market_code,capital_expenditure_divide_depreciation_amortization,capital_expenditure_divide_depreciation_amortization,{},{},stock-detail.json,snapshot;quarter,资本支出/折旧和摊销,Capital Expenditure to Depreciation and Amortization,资本支出相对于折旧摊销的比例，反映资本再投入强度,,false,[],"UUS,UDC,UBAX,UBAF,U31X,U31F,U32X,U32F",STANDARD_SNAPSHOT
index_per_operating_cash_flow_net|每股经营活动产生的现金流量净额|Operating Cash Flow Per Share,security,metric_lookup,snapshot,market_code,index_per_operating_cash_flow_net,index_per_operating_cash_flow_net,{},{},stock-detail.json,snapshot;quarter,每股经营活动产生的现金流量净额,Operating Cash Flow Per Share,经营活动产生的净现金流量分摊到每股,,false,[],"UUS,UDC,UBAX,UBAF,U31X,U31F,U32X,U32F",STANDARD_SNAPSHOT
per_interest_tax_earnings|每股息税前利润|EBIT Per Share,security,metric_lookup,snapshot,market_code,per_interest_tax_earnings,per_interest_tax_earnings,{},{},stock-detail.json,snapshot;quarter,每股息税前利润,EBIT Per Share,息税前利润（未扣除利息和所得税前的经营利润）分摊到每股,,false,[],"UUS,UDC,UBAX,UBAF,U31X,U31F,U32X,U32F",STANDARD_SNAPSHOT
tangible_assets|有形资产|Tangible Assets,security,metric_lookup,snapshot,market_code,tangible_assets,tangible_assets,{},{},stock-detail.json,snapshot;quarter,有形资产,Tangible Assets,总资产扣除无形资产、商誉后的有形部分,,false,[],"UUS,UDC,UBAX,UBAF,U31X,U31F,U32X,U32F",STANDARD_SNAPSHOT
tangible_assets_divide_debt_total|有形资产/负债合计|Tangible Assets to Total Liabilities,security,metric_lookup,snapshot,market_code,tangible_assets_divide_debt_total,tangible_assets_divide_debt_total,{},{},stock-detail.json,snapshot;quarter,有形资产/负债合计,Tangible Assets to Total Liabilities,有形资产覆盖全部负债的能力,,false,[],"UUS,UDC,UBAX,UBAF,U31X,U31F,U32X,U32F",STANDARD_SNAPSHOT
per_cash_flow_net_increase|每股现金流量净额|Net Cash Flow Per Share,security,metric_lookup,snapshot,market_code,per_cash_flow_net_increase,per_cash_flow_net_increase,{},{},stock-detail.json,snapshot;quarter,每股现金流量净额,Net Cash Flow Per Share,全部现金流量净增加额分摊到每股,,false,[],"UUS,UDC,UBAX,UBAF,U31X,U31F,U32X,U32F",STANDARD_SNAPSHOT
net_working_capital|净营运资本|Net Working Capital,security,metric_lookup,snapshot,market_code,net_working_capital,net_working_capital,{},{},stock-detail.json,snapshot;quarter,净营运资本,Net Working Capital,扣除现金等后的营运资本,,false,[],"UUS,UDC,UBAX,UBAF,U31X,U31F,U32X,U32F",STANDARD_SNAPSHOT
change_net_income|价值变动净收益|Fair Value Change Net Income,security,metric_lookup,snapshot,market_code,change_net_income,change_net_income,{},{},stock-detail.json,snapshot;quarter,价值变动净收益,Fair Value Change Net Income,公允价值变动、投资收益等非经营性损益,,false,[],"UUS,UDC,UBAX,UBAF,U31X,U31F,U32X,U32F",STANDARD_SNAPSHOT
interest_free_non_current_liabilities|无息非流动负债|Interest-Free Non-Current Liabilities,security,metric_lookup,snapshot,market_code,interest_free_non_current_liabilities,interest_free_non_current_liabilities,{},{},stock-detail.json,snapshot;quarter,无息非流动负债,Interest-Free Non-Current Liabilities,不需支付利息的非流动负债,,false,[],"UUS,UDC,UBAX,UBAF,U31X,U31F,U32X,U32F",STANDARD_SNAPSHOT
working_capital|营运资本|Working Capital,security,metric_lookup,snapshot,market_code,working_capital,working_capital,{},{},stock-detail.json,snapshot;quarter,营运资本,Working Capital,流动资产减流动负债，反映日常经营所需资金,,false,[],"UUS,UDC,UBAX,UBAF,U31X,U31F,U32X,U32F",STANDARD_SNAPSHOT
bond_minimum_increment_amount|最低变动金额|Minimum Denomination Increment,security,metric_lookup,snapshot,market_code,bond_minimum_increment_amount,bond_minimum_increment_amount,{},{},stock-detail.json,snapshot,最低变动金额,Minimum Denomination Increment,最低变动金额指在特定债券市场或交易平台上，债券报价或交易价格允许发生变动的最小货币价值单位。它由“最小价格变动单位”与“债券面值/交易单位”共同决定，是市场报价精度和交易摩擦的直接体现。例如，在美股债券市场，基于面值100美元、最小变动1/8点（0.125美元）的规则，其最低变动金额为每100美元面值0.125美元；而在A股交易所市场，基于每张债券面值100元、最小价格变动0.001元的规则，其最低变动金额为每张债券0.001元人民币。该指标对于衡量买卖价差、交易执行成本以及市场效率具有重要意义。,,false,[],"UUS,UDC,UBAX,UBAF,U31X,U31F,U32X,U32F",STANDARD_SNAPSHOT
bond_first_issue_amount_total|发行总额_首发|Issue Amount,security,metric_lookup,snapshot,market_code,bond_first_issue_amount_total,bond_first_issue_amount_total,{},{},stock-detail.json,snapshot,发行总额_首发,Issue Amount,“首发发行总额”是指发行人在首次公开发行某一特定债券时，计划并最终确定的总筹资额度。,,false,[],"UUS,UDC,UBAX,UBAF,U31X,U31F,U32X,U32F",STANDARD_SNAPSHOT
stockdiag_fundamental_dividend_paidratio|盈利/现金支付比率模块|Earnings Cash Paid Ratio,security,metric_lookup,snapshot,market_code,stockdiag_fundamental_dividend_paidratio,stockdiag_fundamental_dividend_paidratio,{},{},stock-detail.json,snapshot,盈利/现金支付比率模块,Earnings Cash Paid Ratio,"EarningsPaidRatio和CashPaidRatio,Stock榜单诊股评分，详情见http://cf.myhexin.com/spaces/AmericanOMSTrade/pages/1493264967/OMS-17733+Stocks+榜单",,false,[],UUS,STANDARD_SNAPSHOT
etfPb|ETF市净率|ETF PB,security,metric_lookup,series,market_code,etfPb,etfPb,"{""time_period"":{""children"":null,""default"":""day_1"",""enum_options"":[{""label"":""day_1"",""value"":""day_1""}],""example"":""day_1"",""name"":""time_period"",""query_type"":""enum"",""required"":""1"",""source"":""table""}}","{""type"":""end_count"",""end_time"":0,""count"":30,""time_period"":""day_1"",""supported_types"":[""begin_end"",""end_count""]}",series-etf-30d.json,day_1,ETF市净率,ETF PB,ETF市净率,,false,"[""day_1""]",UUS,"STANDARD_SNAPSHOT,STANDARD_SERIES_TIME_RANGE_ALL"
yield_to_maturity|债券收益率|Yield To Maturity,security,metric_lookup,series,market_code,yield_to_maturity,yield_to_maturity,"{""time_period"":{""children"":null,""default"":""day_1"",""enum_options"":[{""label"":""day_1"",""value"":""day_1""}],""example"":""day_1"",""name"":""time_period"",""query_type"":""enum"",""required"":""1"",""source"":""legacy""}}","{""type"":""end_count"",""end_time"":0,""count"":30,""time_period"":""day_1"",""supported_types"":[""begin_end"",""end_count""]}",series-etf-30d.json,day_1,债券收益率,Yield To Maturity,债券收益率,,false,"[""day_1""]","UUS,89,UAOS,UDC,UBAX,UBAF,U31X,U31F,U32X,U32F","STANDARD_SNAPSHOT,STANDARD_SERIES_TIME_RANGE_ALL"
conservative_quick_ratio|保守速动比率|Conservative Quick Ratio,security,metric_lookup,snapshot,market_code,conservative_quick_ratio,conservative_quick_ratio,{},{},stock-detail.json,snapshot;quarter,保守速动比率,Conservative Quick Ratio,最保守的速动资产（货币资金等）覆盖流动负债的能力,,false,[],"UUS,UDC,UBAX,UBAF,U31X,U31F,U32X,U32F",STANDARD_SNAPSHOT
adjustedNav|前复权基金净值|Adjusted NAV,security,metric_lookup,series,market_code,adjustedNav,adjustedNav,"{""time_period"":{""children"":null,""default"":""day_1"",""enum_options"":[{""label"":""day_1"",""value"":""day_1""}],""example"":""day_1"",""name"":""time_period"",""query_type"":""enum"",""required"":""1"",""source"":""table""}}","{""type"":""end_count"",""end_time"":0,""count"":30,""time_period"":""day_1"",""supported_types"":[""begin_end"",""end_count""]}",series-etf-30d.json,day_1,前复权基金净值,Adjusted NAV,前复权基金净值,,false,"[""day_1""]",UUS,"STANDARD_SNAPSHOT,STANDARD_SERIES_TIME_RANGE_ALL"
stockdiag_fundamental_dividend_stability|股息稳定性与增长模块|Stability and Growth,security,metric_lookup,snapshot,market_code,stockdiag_fundamental_dividend_stability,stockdiag_fundamental_dividend_stability,{},{},stock-detail.json,snapshot,股息稳定性与增长模块,Stability and Growth,"年度分红金额/EPS/股息率 历史+预测值,Stock榜单诊股评分，详情见http://cf.myhexin.com/spaces/AmericanOMSTrade/pages/1493264967/OMS-17733+Stocks+榜单",,false,[],UUS,STANDARD_SNAPSHOT
stockdiag_fundamental_future_roe|未来ROE模块|Future Return on Equity,security,metric_lookup,snapshot,market_code,stockdiag_fundamental_future_roe,stockdiag_fundamental_future_roe,{},{},stock-detail.json,snapshot,未来ROE模块,Future Return on Equity,"公司未来3年ROE预测 vs 行业均值,Stock榜单诊股评分，详情见http://cf.myhexin.com/spaces/AmericanOMSTrade/pages/1493264967/OMS-17733+Stocks+榜单",,false,[],UUS,STANDARD_SNAPSHOT
stockdiag_fundamental_past_revenuebreakdown|收入支出分流图模块|Revenue Expenses Breakdown,security,metric_lookup,snapshot,market_code,stockdiag_fundamental_past_revenuebreakdown,stockdiag_fundamental_past_revenuebreakdown,{},{},stock-detail.json,snapshot,收入支出分流图模块,Revenue Expenses Breakdown,"桑基图/分流图：业务收入分布 + Revenue→Cost→Gross Profit→Expenses→Net Profit瀑布流,Stock榜单诊股评分，详情见http://cf.myhexin.com/spaces/AmericanOMSTrade/pages/1493264967/OMS-17733+Stocks+榜单",,false,[],UUS,STANDARD_SNAPSHOT
stockdiag_overview_fundamental_returns|股东回报模块|Shareholder Returns,security,metric_lookup,snapshot,market_code,stockdiag_overview_fundamental_returns,stockdiag_overview_fundamental_returns,{},{},stock-detail.json,snapshot,股东回报模块,Shareholder Returns,"个股/行业/市场 7D/30D/90D/1Y/3Y 回报率(含/不含分红)。注：设计稿有5Y行但数据仅到3Y,Stock榜单诊股评分，详情见http://cf.myhexin.com/spaces/AmericanOMSTrade/pages/1493264967/OMS-17733+Stocks+榜单",,false,[],UUS,STANDARD_SNAPSHOT
stockdiag_fundamental_future_growthforecast|营收盈利增长预测模块|Earnings Revenue Growth Forecast,security,metric_lookup,snapshot,market_code,stockdiag_fundamental_future_growthforecast,stockdiag_fundamental_future_growthforecast,{},{},stock-detail.json,snapshot,营收盈利增长预测模块,Earnings Revenue Growth Forecast,"Revenue/Earnings/FreeCash历史+预测+行业对比,Stock榜单诊股评分，详情见http://cf.myhexin.com/spaces/AmericanOMSTrade/pages/1493264967/OMS-17733+Stocks+榜单",,false,[],UUS,STANDARD_SNAPSHOT
stockdiag_fundamental_health_balancesheet|资产负债表模块|Balance Sheet,security,metric_lookup,snapshot,market_code,stockdiag_fundamental_health_balancesheet,stockdiag_fundamental_health_balancesheet,{},{},stock-detail.json,snapshot,资产负债表模块,Balance Sheet,"资产负债表各项目金额,Stock榜单诊股评分，详情见http://cf.myhexin.com/spaces/AmericanOMSTrade/pages/1493264967/OMS-17733+Stocks+榜单",,false,[],UUS,STANDARD_SNAPSHOT
stockdiag_sentiment_analysis_module|情绪面分析模块|Sentiment Analysis Module,security,metric_lookup,snapshot,market_code,stockdiag_sentiment_analysis_module,stockdiag_sentiment_analysis_module,{},{},stock-detail.json,snapshot,情绪面分析模块,Sentiment Analysis Module,"情绪面完整数据：资金流评分+bull/bear+分布+分析师评级+详情+机构表现+加权总分+评价文本,Stock榜单诊股评分，详情见http://cf.myhexin.com/spaces/AmericanOMSTrade/pages/1493264967/OMS-17733+Stocks+榜单",,false,[],UUS,STANDARD_SNAPSHOT
stockdiag_fundamental_past_earningsrevenue|营收盈利柱状图模块|Earnings Revenue Chart,security,metric_lookup,snapshot,market_code,stockdiag_fundamental_past_earningsrevenue,stockdiag_fundamental_past_earningsrevenue,{},{},stock-detail.json,snapshot,营收盈利柱状图模块,Earnings Revenue Chart,"Revenue/Cost/Gross Profit/Earnings柱状图 + 关键指标(EPS/Margins/D/E Ratio),Stock榜单诊股评分，详情见http://cf.myhexin.com/spaces/AmericanOMSTrade/pages/1493264967/OMS-17733+Stocks+榜单",,false,[],UUS,STANDARD_SNAPSHOT
etfPe|ETF市盈率|ETF PE,security,metric_lookup,series,market_code,etfPe,etfPe,"{""time_period"":{""children"":null,""default"":""day_1"",""enum_options"":[{""label"":""day_1"",""value"":""day_1""}],""example"":""day_1"",""name"":""time_period"",""query_type"":""enum"",""required"":""1"",""source"":""table""}}","{""type"":""end_count"",""end_time"":0,""count"":30,""time_period"":""day_1"",""supported_types"":[""begin_end"",""end_count""]}",series-etf-30d.json,day_1,ETF市盈率,ETF PE,ETF市盈率,,false,"[""day_1""]",UUS,"STANDARD_SNAPSHOT,STANDARD_SERIES_TIME_RANGE_ALL"
stockdiag_fundamental_value_dcf|股价vs现金流价值模块|Share Price vs FCF Value,security,metric_lookup,snapshot,market_code,stockdiag_fundamental_value_dcf,stockdiag_fundamental_value_dcf,{},{},stock-detail.json,snapshot,股价vs现金流价值模块,Share Price vs FCF Value,"当前股价与DCF估值对比+历史/预测折线,Stock榜单诊股评分，详情见http://cf.myhexin.com/spaces/AmericanOMSTrade/pages/1493264967/OMS-17733+Stocks+榜单",,false,[],UUS,STANDARD_SNAPSHOT
stockdiag_fundamental_dividend_yieldvsmarket|股息率对比市场模块|Dividend Yield vs Market,security,metric_lookup,snapshot,market_code,stockdiag_fundamental_dividend_yieldvsmarket,stockdiag_fundamental_dividend_yieldvsmarket,{},{},stock-detail.json,snapshot,股息率对比市场模块,Dividend Yield vs Market,"个股股息率、行业均值、市场Top25%/Bottom25%阈值,Stock榜单诊股评分，详情见http://cf.myhexin.com/spaces/AmericanOMSTrade/pages/1493264967/OMS-17733+Stocks+榜单",,false,[],UUS,STANDARD_SNAPSHOT
stockdiag_technical_analysis_module|技术面分析模块|Technical Analysis Module,security,metric_lookup,snapshot,market_code,stockdiag_technical_analysis_module,stockdiag_technical_analysis_module,{},{},stock-detail.json,snapshot,技术面分析模块,Technical Analysis Module,"技术面完整分析数据：各指标详情+bull/bear+评价文本+信号时间线+汇总+元信息,Stock榜单诊股评分，详情见http://cf.myhexin.com/spaces/AmericanOMSTrade/pages/1493264967/OMS-17733+Stocks+榜单",,false,[],UUS,STANDARD_SNAPSHOT
stockdiag_fundamental_legacy_totalscore|一期基本面因子总分|Legacy Funda Factor Score,security,metric_lookup,snapshot,market_code,stockdiag_fundamental_legacy_totalscore,stockdiag_fundamental_legacy_totalscore,{},{},stock-detail.json,snapshot,一期基本面因子总分,Legacy Funda Factor Score,"一期基本面因子加权总分,Stock榜单诊股评分，详情见http://cf.myhexin.com/spaces/AmericanOMSTrade/pages/1493264967/OMS-17733+Stocks+榜单",,false,[],UUS,STANDARD_SNAPSHOT
stockdiag_fundamental_dividend_score|Dividend维度得分|Dividend Score,security,metric_lookup,snapshot,market_code,stockdiag_fundamental_dividend_score,stockdiag_fundamental_dividend_score,{},{},stock-detail.json,snapshot,Dividend维度得分,Dividend Score,"基本面Dividend维度得分(0-10),Stock榜单诊股评分，详情见http://cf.myhexin.com/spaces/AmericanOMSTrade/pages/1493264967/OMS-17733+Stocks+榜单",,false,[],UUS,STANDARD_SNAPSHOT
stockdiag_fundamental_past_rating|Past维度评级|Past Rating,security,metric_lookup,snapshot,market_code,stockdiag_fundamental_past_rating,stockdiag_fundamental_past_rating,{},{},stock-detail.json,snapshot,Past维度评级,Past Rating,"基本面Past维度评级,Stock榜单诊股评分，详情见http://cf.myhexin.com/spaces/AmericanOMSTrade/pages/1493264967/OMS-17733+Stocks+榜单",,false,[],UUS,STANDARD_SNAPSHOT
stockdiag_fundamental_future_score|Future维度得分|Future Score,security,metric_lookup,snapshot,market_code,stockdiag_fundamental_future_score,stockdiag_fundamental_future_score,{},{},stock-detail.json,snapshot,Future维度得分,Future Score,"基本面Future维度得分(0-10),Stock榜单诊股评分，详情见http://cf.myhexin.com/spaces/AmericanOMSTrade/pages/1493264967/OMS-17733+Stocks+榜单",,false,[],UUS,STANDARD_SNAPSHOT
stockdiag_fundamental_past_fcfanalysis|FCF vs Earnings分析模块|Free Cash Flow vs Earnings Analysis,security,metric_lookup,snapshot,market_code,stockdiag_fundamental_past_fcfanalysis,stockdiag_fundamental_past_fcfanalysis,{},{},stock-detail.json,snapshot,FCF vs Earnings分析模块,Free Cash Flow vs Earnings Analysis,"Earnings与Free Cash Flow历史对比趋势,Stock榜单诊股评分，详情见http://cf.myhexin.com/spaces/AmericanOMSTrade/pages/1493264967/OMS-17733+Stocks+榜单",,false,[],UUS,STANDARD_SNAPSHOT
stockdiag_overview_fundamental_summary|基本面摘要模块|Fundamentals Summary,security,metric_lookup,snapshot,market_code,stockdiag_overview_fundamental_summary,stockdiag_overview_fundamental_summary,{},{},stock-detail.json,snapshot,基本面摘要模块,Fundamentals Summary,"P/E Ratio、P/S Ratio + 饼图(Revenue/Earnings/Market Cap),Stock榜单诊股评分，详情见http://cf.myhexin.com/spaces/AmericanOMSTrade/pages/1493264967/OMS-17733+Stocks+榜单",,false,[],UUS,STANDARD_SNAPSHOT
stockdiag_fundamental_health_score|Health维度得分|Health Score,security,metric_lookup,snapshot,market_code,stockdiag_fundamental_health_score,stockdiag_fundamental_health_score,{},{},stock-detail.json,snapshot,Health维度得分,Health Score,"基本面Health维度得分(0-10),Stock榜单诊股评分，详情见http://cf.myhexin.com/spaces/AmericanOMSTrade/pages/1493264967/OMS-17733+Stocks+榜单",,false,[],UUS,STANDARD_SNAPSHOT
stockdiag_fundamental_health_rating|Health维度评级|Health Rating,security,metric_lookup,snapshot,market_code,stockdiag_fundamental_health_rating,stockdiag_fundamental_health_rating,{},{},stock-detail.json,snapshot,Health维度评级,Health Rating,"基本面Health维度评级,Stock榜单诊股评分，详情见http://cf.myhexin.com/spaces/AmericanOMSTrade/pages/1493264967/OMS-17733+Stocks+榜单",,false,[],UUS,STANDARD_SNAPSHOT
stockdiag_fundamental_past_score|Past维度得分|Past Score,security,metric_lookup,snapshot,market_code,stockdiag_fundamental_past_score,stockdiag_fundamental_past_score,{},{},stock-detail.json,snapshot,Past维度得分,Past Score,"基本面Past维度得分(0-10),Stock榜单诊股评分，详情见http://cf.myhexin.com/spaces/AmericanOMSTrade/pages/1493264967/OMS-17733+Stocks+榜单",,false,[],UUS,STANDARD_SNAPSHOT
stockdiag_fundamental_value_score|Value维度得分|Value Score,security,metric_lookup,snapshot,market_code,stockdiag_fundamental_value_score,stockdiag_fundamental_value_score,{},{},stock-detail.json,snapshot,Value维度得分,Value Score,"基本面Value维度得分(0-10),Stock榜单诊股评分，详情见http://cf.myhexin.com/spaces/AmericanOMSTrade/pages/1493264967/OMS-17733+Stocks+榜单",,false,[],UUS,STANDARD_SNAPSHOT
stockdiag_fundamental_value_rating|Value维度评级|Value Rating,security,metric_lookup,snapshot,market_code,stockdiag_fundamental_value_rating,stockdiag_fundamental_value_rating,{},{},stock-detail.json,snapshot,Value维度评级,Value Rating,"基本面Value维度评级,Stock榜单诊股评分，详情见http://cf.myhexin.com/spaces/AmericanOMSTrade/pages/1493264967/OMS-17733+Stocks+榜单",,false,[],UUS,STANDARD_SNAPSHOT
stockdiag_fundamental_future_rating|Future维度评级|Future Rating,security,metric_lookup,snapshot,market_code,stockdiag_fundamental_future_rating,stockdiag_fundamental_future_rating,{},{},stock-detail.json,snapshot,Future维度评级,Future Rating,"基本面Future维度评级,Stock榜单诊股评分，详情见http://cf.myhexin.com/spaces/AmericanOMSTrade/pages/1493264967/OMS-17733+Stocks+榜单",,false,[],UUS,STANDARD_SNAPSHOT
stockdiag_fundamental_value_historypx|历史PE走势模块|Historical Price to Earnings,security,metric_lookup,snapshot,market_code,stockdiag_fundamental_value_historypx,stockdiag_fundamental_value_historypx,{},{},stock-detail.json,snapshot,历史PE走势模块,Historical Price to Earnings,"PE/PS/PB历史走势数据(3M/1Y/3Y/5Y)，值为倍数,Stock榜单诊股评分，详情见http://cf.myhexin.com/spaces/AmericanOMSTrade/pages/1493264967/OMS-17733+Stocks+榜单",,false,[],UUS,STANDARD_SNAPSHOT
stockdiag_fundamental_health_debtequity|债务权益历史模块|Debt Equity History,security,metric_lookup,snapshot,market_code,stockdiag_fundamental_health_debtequity,stockdiag_fundamental_health_debtequity,{},{},stock-detail.json,snapshot,债务权益历史模块,Debt Equity History,"Total Liabilities/Total Equity/Total Cash历史数据,Stock榜单诊股评分，详情见http://cf.myhexin.com/spaces/AmericanOMSTrade/pages/1493264967/OMS-17733+Stocks+榜单",,false,[],UUS,STANDARD_SNAPSHOT
stockdiag_fundamental_dividend_rating|Dividend维度评级|Dividend Rating,security,metric_lookup,snapshot,market_code,stockdiag_fundamental_dividend_rating,stockdiag_fundamental_dividend_rating,{},{},stock-detail.json,snapshot,Dividend维度评级,Dividend Rating,"基本面Dividend维度评级,Stock榜单诊股评分，详情见http://cf.myhexin.com/spaces/AmericanOMSTrade/pages/1493264967/OMS-17733+Stocks+榜单",,false,[],UUS,STANDARD_SNAPSHOT
stockdiag_fundamental_value_keymetric|关键估值指标模块|Key Valuation Metric,security,metric_lookup,snapshot,market_code,stockdiag_fundamental_value_keymetric,stockdiag_fundamental_value_keymetric,{},{},stock-detail.json,snapshot,关键估值指标模块,Key Valuation Metric,"PE/PS/PB当前值+Forward值+饼图可视化数据,Stock榜单诊股评分，详情见http://cf.myhexin.com/spaces/AmericanOMSTrade/pages/1493264967/OMS-17733+Stocks+榜单",,false,[],UUS,STANDARD_SNAPSHOT
stockdiag_fundamental_legacy_factormodule|一期基本面因子分析模块|Legacy Factor Analysis Module,security,metric_lookup,snapshot,market_code,stockdiag_fundamental_legacy_factormodule,stockdiag_fundamental_legacy_factormodule,{},{},stock-detail.json,snapshot,一期基本面因子分析模块,Legacy Factor Analysis Module,"一期10因子完整数据：因子列表+得分+权重+bull/bear+评价文本+因子详情,Stock榜单诊股评分，详情见http://cf.myhexin.com/spaces/AmericanOMSTrade/pages/1493264967/OMS-17733+Stocks+榜单",,false,[],UUS,STANDARD_SNAPSHOT
future_release_earnings_relation_information|未来财报相关信息|Upcoming Financial Reports / Earnings Information,security,metric_lookup,snapshot,market_code,future_release_earnings_relation_information,future_release_earnings_relation_information,"{""time_period"":{""children"":null,""default"":""day_*"",""enum_options"":[{""label"":""day_*"",""value"":""day_*""}],""example"":""day_*"",""name"":""time_period"",""query_type"":""enum"",""required"":""1"",""source"":""table""}}",{},stock-detail.json,day_*,未来财报相关信息,Upcoming Financial Reports / Earnings Information,未来财报相关信息,,false,"[""day_*""]",UUS,STANDARD_SNAPSHOT
remain_payment_count|剩余付息次数|Remaining Coupon Payments,security,metric_lookup,snapshot,market_code,remain_payment_count,remain_payment_count,{},{},stock-detail.json,snapshot,剩余付息次数,Remaining Coupon Payments,债券,,false,[],"UUS,UDC,UBAX,UBAF,U31X,U31F,U32X,U32F",STANDARD_SNAPSHOT
65551|展示代码|Security Code,security,metric_lookup,snapshot,market_code,65551,65551,{},{},stock-detail.json,snapshot,展示代码,Security Code,展示代码（Show Code）是指展示给客户的证券编码，目前仅数字币的业务场景与代码名称指标不同，例如实际代码为BTC-USD，但展示给客户的代码为BTC。该指标用于唯一标识证券，不涉及统计口径，因此没有后缀，在别名中无需添加后缀。,,false,[],"UUS,89,UDC,UBAX,UBAF,U31X,U31F,U32X,U32F,UAOS",STANDARD_SNAPSHOT
premium_rate|基金溢价率|Discount/Premium to NAV,security,metric_lookup,series,market_code,premium_rate,premium_rate,{},"{""type"":""end_count"",""end_time"":0,""count"":30,""time_period"":""day_1"",""supported_types"":[""begin_end"",""end_count""]}",series-etf-30d.json,day_1,基金溢价率,Discount/Premium to NAV,基金溢价率,,false,[],UUS,STANDARD_SERIES_TIME_RANGE_ALL
国际北美etf@Holding Stock Weight(View)|ETF对应股票的持仓比率|ETF Underlying Stock Weight,security,metric_lookup,snapshot,market_code,国际北美etf@Holding Stock Weight(View),国际北美etf@Holding Stock Weight(View),"{""match_code"":{""children"":null,""default"":null,""enum_options"":null,""example"":null,""name"":""match_code"",""query_type"":""string"",""required"":""1"",""source"":""legacy""}}",{},stock-detail.json,snapshot,ETF对应股票的持仓比率,ETF Underlying Stock Weight,ETF持有的股票的持仓比率,,false,[],"UUS,89,UAOS,UDC,UBAX,UBAF,U31X,U31F,U32X,U32F",STANDARD_SNAPSHOT
国际北美etf@Latest Net Fund Flow|ETF资金净流入|Net Capital Inflows (Snapshot),security,metric_lookup,snapshot,market_code,国际北美etf@Latest Net Fund Flow,国际北美etf@Latest Net Fund Flow,{},{},stock-detail.json,snapshot,ETF资金净流入,Net Capital Inflows (Snapshot),ETF每天的资金净申赎数据，且取最新一期,,false,[],"UUS,89,UAOS,UDC,UBAX,UBAF,U31X,U31F,U32X,U32F",STANDARD_SNAPSHOT
国际北美etf@Leverage Ratio|杠杆比率|ETF Leverage Ratio,security,metric_lookup,snapshot,market_code,国际北美etf@Leverage Ratio,国际北美etf@Leverage Ratio,{},{},stock-detail.json,snapshot,杠杆比率,ETF Leverage Ratio,"ETF的杠杆比率衡量的是ETF通过借入资金或使用金融衍生工具（如期货、期权、互换合约等）来放大投资回报的程度。
具体来说，杠杆比率表示ETF投资组合总资产与净资产（或自有资本）之间的比例关系。例如，2倍杠杆比率意味着ETF使用1单位自有资本和1单位借入资金，总投资规模达到自有资本的2倍。",,false,[],"UUS,89,UAOS,UDC,UBAX,UBAF,U31X,U31F,U32X,U32F",STANDARD_SNAPSHOT
国际北美etf@Expense Ratio|ETF费用率|ETF Expense Ratio,security,metric_lookup,snapshot,market_code,国际北美etf@Expense Ratio,国际北美etf@Expense Ratio,{},{},stock-detail.json,snapshot,ETF费用率,ETF Expense Ratio,ETF的费率，费用比率,,false,[],"UUS,89,UAOS,UDC,UBAX,UBAF,U31X,U31F,U32X,U32F",STANDARD_SNAPSHOT
国际北美etf@Assets Under Management(Latest)|AUM|AUM (Day),security,metric_lookup,snapshot,market_code,国际北美etf@Assets Under Management(Latest),国际北美etf@Assets Under Management(Latest),{},{},stock-detail.json,snapshot,AUM,AUM (Day),ETF的总规模，即在管资产规模,,false,[],"UUS,89,UAOS,UDC,UBAX,UBAF,U31X,U31F,U32X,U32F",STANDARD_SNAPSHOT
fundShare|份额规模|Number of Shares,security,metric_lookup,snapshot,market_code,fundShare,fundShare,{},{},stock-detail.json,snapshot,份额规模,Number of Shares,“份额规模”通常指的是基金的总份额或单位净资产的规模，这反映了基金的总投资量和市场规模。份额规模可以帮助投资者了解基金的大小、流动性以及潜在的投资机会。,,false,[],UUS,STANDARD_SNAPSHOT
interest_expenses_debt_v2|利息支出：债务(新体系)|Interest Expense: Debts,security,metric_lookup,snapshot,market_code,interest_expenses_debt_v2,interest_expenses_debt_v2,{},{},stock-detail.json,snapshot,利息支出：债务(新体系),Interest Expense: Debts,主要是商业银行的关于债务类的利息支出，包含债券，借款，租赁负债，交易负债、应付票据等利息支出。,,false,[],"UUS,UDC,UBAX,UBAF,U31X,U31F,U32X,U32F",STANDARD_SNAPSHOT
interest_income_other_v2|利息收入：其他(新体系)|Interest Income: Other,security,metric_lookup,snapshot,market_code,interest_income_other_v2,interest_income_other_v2,{},{},stock-detail.json,snapshot,利息收入：其他(新体系),Interest Income: Other,本科目为利息收入的兜底科目，主要为利息收入中除过标准科目之外的利息收入。,,false,[],"UUS,UDC,UBAX,UBAF,U31X,U31F,U32X,U32F",STANDARD_SNAPSHOT
interest_expenses_other_v2|利息支出：其他(新体系)|Interest Expense: Other,security,metric_lookup,snapshot,market_code,interest_expenses_other_v2,interest_expenses_other_v2,{},{},stock-detail.json,snapshot,利息支出：其他(新体系),Interest Expense: Other,本科目为利息支出的兜底科目，主要为利息支出中除过标准科目之外的利息支出。,,false,[],"UUS,UDC,UBAX,UBAF,U31X,U31F,U32X,U32F",STANDARD_SNAPSHOT
purchase_intangible_assets|购买无形资产(新体系)|Purchase of Intangible Assets,security,metric_lookup,snapshot,market_code,purchase_intangible_assets,purchase_intangible_assets,{},{},stock-detail.json,snapshot,购买无形资产(新体系),Purchase of Intangible Assets,包含：商誉、无形资产（包括但不限于软件、许可证/牌照、研发资产、数字资产、商标、专利、会员资格），一般以负值形式披露,,false,[],"UUS,UDC,UBAX,UBAF,U31X,U31F,U32X,U32F",STANDARD_SNAPSHOT
cash_net_profit_v2|净利润(现金表，新体系)|Net Income,security,metric_lookup,snapshot,market_code,cash_net_profit_v2,cash_net_profit_v2,{},{},stock-detail.json,snapshot,净利润(现金表，新体系),Net Income,本科目指归属于母公司所有者的净利润（包括普通股股东、优先股股东、永续债持有人及台湾市场的共同控制下前后手权益）。若利润表中仅披露净利润而未区分归属于母公司所有者/非控股权益部分，则直接采用该净利润数据。,,false,[],"UUS,UDC,UBAX,UBAF,U31X,U31F,U32X,U32F",STANDARD_SNAPSHOT
purchase_fixed_assets_v2|购买固定资产(新体系)|Purchase of PPE,security,metric_lookup,snapshot,market_code,purchase_fixed_assets_v2,purchase_fixed_assets_v2,{},{},stock-detail.json,snapshot,购买固定资产(新体系),Purchase of PPE,包含固定资产科目：物业、厂房及设备（不动产、厂房及设备）、使用权资产、资本化支出、在建工程、生物资产、预付设备款、预付租赁款，通常以负值形式披露,,false,[],"UUS,UDC,UBAX,UBAF,U31X,U31F,U32X,U32F",STANDARD_SNAPSHOT
dispose_intangible_assets_v2|处置无形资产(新体系)|Disposal of Intangible Assets,security,metric_lookup,snapshot,market_code,dispose_intangible_assets_v2,dispose_intangible_assets_v2,{},{},stock-detail.json,snapshot,处置无形资产(新体系),Disposal of Intangible Assets,包含：商誉、无形资产（包括但不限于：软件、许可证/牌照、数字资产、商标、专利、知识产权、会员资格），一般以正值形式披露,,false,[],"UUS,UDC,UBAX,UBAF,U31X,U31F,U32X,U32F",STANDARD_SNAPSHOT
exchange_rate_change_influence_v2|汇率变动影响(新体系)|Effect of Foreign Exchange Rate Changes,security,metric_lookup,snapshot,market_code,exchange_rate_change_influence_v2,exchange_rate_change_influence_v2,{},{},stock-detail.json,snapshot,汇率变动影响(新体系),Effect of Foreign Exchange Rate Changes,汇率变动影响,,false,[],"UUS,UDC,UBAX,UBAF,U31X,U31F,U32X,U32F",STANDARD_SNAPSHOT
credit_impairment_loss_cash_v2|信用减值损失(现金表，新体系)|Provision for Credit Losses,security,metric_lookup,snapshot,market_code,credit_impairment_loss_cash_v2,credit_impairment_loss_cash_v2,{},{},stock-detail.json,snapshot,信用减值损失(现金表，新体系),Provision for Credit Losses,该科目包含贷款类、应收类、货币类、债权投资类等金融资产的信用减值损失,,false,[],"UUS,UDC,UBAX,UBAF,U31X,U31F,U32X,U32F",STANDARD_SNAPSHOT
assets_total_v2|资产合计(新体系)|Total Assets,security,metric_lookup,snapshot,market_code,assets_total_v2,assets_total_v2,{},{},stock-detail.json,snapshot,资产合计(新体系),Total Assets,资产合计值,,false,[],"UUS,UDC,UBAX,UBAF,U31X,U31F,U32X,U32F",STANDARD_SNAPSHOT
holder_equity_total_v2|股东权益合计(新体系)|Total Equity,security,metric_lookup,snapshot,market_code,holder_equity_total_v2,holder_equity_total_v2,{},{},stock-detail.json,snapshot,股东权益合计(新体系),Total Equity,股东权益合计值,,false,[],"UUS,UDC,UBAX,UBAF,U31X,U31F,U32X,U32F",STANDARD_SNAPSHOT
parent_holder_equity_total_v2|归属于母公司股东权益(新体系)|Equity Attributable to Owners of the Company,security,metric_lookup,snapshot,market_code,parent_holder_equity_total_v2,parent_holder_equity_total_v2,{},{},stock-detail.json,snapshot,归属于母公司股东权益(新体系),Equity Attributable to Owners of the Company,母公司股东对企业净资产的所有权,,false,[],"UUS,UDC,UBAX,UBAF,U31X,U31F,U32X,U32F",STANDARD_SNAPSHOT
navTotalReturnYear|NAV一年回报率|NAV Total Return (1Y),security,metric_lookup,snapshot,market_code,navTotalReturnYear,navTotalReturnYear,{},{},stock-detail.json,snapshot,NAV一年回报率,NAV Total Return (1Y),该ETF过去1年NAV的总回报率，即把分红也算进去。公式是：NAV总回报=（调整后的NAV最新值-调整后的NAV起始值）/调整后的NAV起始值，其中调整后的NAV就是把分红算进去,,false,[],UUS,STANDARD_SNAPSHOT
navTotalReturnNowyear|NAV年初至今回报率|NAV Total Return (YTD),security,metric_lookup,snapshot,market_code,navTotalReturnNowyear,navTotalReturnNowyear,{},{},stock-detail.json,snapshot,NAV年初至今回报率,NAV Total Return (YTD),该ETF年初至今NAV的总回报率，即把分红也算进去。公式是：NAV总回报=（调整后的NAV最新值-调整后的NAV起始值）/调整后的NAV起始值，其中调整后的NAV就是把分红算进去,,false,[],UUS,STANDARD_SNAPSHOT
aum|基金资产管理规模|AUM (Snapshot),security,metric_lookup,series,market_code,aum,aum,"{""time_period"":{""children"":null,""default"":""day_1"",""enum_options"":[{""label"":""day_1"",""value"":""day_1""}],""example"":""day_1"",""name"":""time_period"",""query_type"":""enum"",""required"":""1"",""source"":""table""}}","{""type"":""end_count"",""end_time"":0,""count"":30,""time_period"":""day_1"",""supported_types"":[""begin_end"",""end_count""]}",series-etf-30d.json,day_1,基金资产管理规模,AUM (Snapshot),基金资产管理规模,,false,"[""day_1""]",UUS,"STANDARD_SNAPSHOT,STANDARD_SERIES_TIME_RANGE_ALL"
nav|基金净值|NAV,security,metric_lookup,series,market_code,nav,nav,"{""time_period"":{""children"":null,""default"":""day_1"",""enum_options"":[{""label"":""day_1"",""value"":""day_1""}],""example"":""day_1"",""name"":""time_period"",""query_type"":""enum"",""required"":""1"",""source"":""table""}}","{""type"":""end_count"",""end_time"":0,""count"":30,""time_period"":""day_1"",""supported_types"":[""begin_end"",""end_count""]}",series-etf-30d.json,day_1,基金净值,NAV,基金净值,,false,"[""day_1""]",UUS,"STANDARD_SNAPSHOT,STANDARD_SERIES_TIME_RANGE_ALL"
navTotalReturnTmonth|NAV三个月回报率|NAV Total Return (3M),security,metric_lookup,snapshot,market_code,navTotalReturnTmonth,navTotalReturnTmonth,{},{},stock-detail.json,snapshot,NAV三个月回报率,NAV Total Return (3M),该ETF过去3月NAV的总回报率，即把分红也算进去。公式是：NAV总回报=（调整后的NAV最新值-调整后的NAV起始值）/调整后的NAV起始值，其中调整后的NAV就是把分红算进去,,false,[],UUS,STANDARD_SNAPSHOT
navPerformanceMonth|NAV一个月表现|NAV Performance % (1M),security,metric_lookup,snapshot,market_code,navPerformanceMonth,navPerformanceMonth,{},{},stock-detail.json,snapshot,NAV一个月表现,NAV Performance % (1M),该ETF过去1月的NAV的涨跌幅，不考虑分红情况,,false,[],UUS,STANDARD_SNAPSHOT
navPerformanceTmonth|NAV三个月表现|NAV Performance % (3M),security,metric_lookup,snapshot,market_code,navPerformanceTmonth,navPerformanceTmonth,{},{},stock-detail.json,snapshot,NAV三个月表现,NAV Performance % (3M),该ETF过去3月的NAV的涨跌幅，不考虑分红情况,,false,[],UUS,STANDARD_SNAPSHOT
navTotalReturnTyear|NAV三年回报率|NAV Total Return (3Y),security,metric_lookup,snapshot,market_code,navTotalReturnTyear,navTotalReturnTyear,{},{},stock-detail.json,snapshot,NAV三年回报率,NAV Total Return (3Y),该ETF过去3年NAV的总回报率，即把分红也算进去。公式是：NAV总回报=（调整后的NAV最新值-调整后的NAV起始值）/调整后的NAV起始值，其中调整后的NAV就是把分红算进去,,false,[],UUS,STANDARD_SNAPSHOT
navPerformanceYear|NAV一年表现|NAV Performance % (1Y),security,metric_lookup,snapshot,market_code,navPerformanceYear,navPerformanceYear,{},{},stock-detail.json,snapshot,NAV一年表现,NAV Performance % (1Y),该ETF过去1年的NAV的涨跌幅，不考虑分红情况,,false,[],UUS,STANDARD_SNAPSHOT
navTotalReturnMonth|NAV一个月回报率|NAV Total Return (1M),security,metric_lookup,snapshot,market_code,navTotalReturnMonth,navTotalReturnMonth,{},{},stock-detail.json,snapshot,NAV一个月回报率,NAV Total Return (1M),该ETF过去1月NAV的总回报率，即把分红也算进去。公式是：NAV总回报=（调整后的NAV最新值-调整后的NAV起始值）/调整后的NAV起始值，其中调整后的NAV就是把分红算进去,,false,[],UUS,STANDARD_SNAPSHOT
navTotalReturnFyear|NAV五年回报率|NAV Total Return (5Y),security,metric_lookup,snapshot,market_code,navTotalReturnFyear,navTotalReturnFyear,{},{},stock-detail.json,snapshot,NAV五年回报率,NAV Total Return (5Y),该ETF过去5年NAV的总回报率，即把分红也算进去。公式是：NAV总回报=（调整后的NAV最新值-调整后的NAV起始值）/调整后的NAV起始值，其中调整后的NAV就是把分红算进去,,false,[],UUS,STANDARD_SNAPSHOT
fundMarketCapMax|持仓市值最大值|Max Market Cap of Holdings,security,metric_lookup,snapshot,market_code,fundMarketCapMax,fundMarketCapMax,{},{},stock-detail.json,snapshot,持仓市值最大值,Max Market Cap of Holdings,持仓股最大市值,,false,[],UUS,STANDARD_SNAPSHOT
fundMarketCapMin|持仓市值最小值|Min Market Cap of Holdings,security,metric_lookup,snapshot,market_code,fundMarketCapMin,fundMarketCapMin,{},{},stock-detail.json,snapshot,持仓市值最小值,Min Market Cap of Holdings,持仓股最小市值,,false,[],UUS,STANDARD_SNAPSHOT
heavyWeight50|前50大持仓权重|Top 50 Weight,security,metric_lookup,snapshot,market_code,heavyWeight50,heavyWeight50,{},{},stock-detail.json,snapshot,前50大持仓权重,Top 50 Weight,该ETF前50大持仓权重的总和,,false,[],UUS,STANDARD_SNAPSHOT
heavyWeight10|前10大持仓权重|Top 10 Weight,security,metric_lookup,snapshot,market_code,heavyWeight10,heavyWeight10,{},{},stock-detail.json,snapshot,前10大持仓权重,Top 10 Weight,该ETF前10大持仓权重的总和,,false,[],UUS,STANDARD_SNAPSHOT
navPerformanceTyear|NAV三年表现|NAV Performance % (3Y),security,metric_lookup,snapshot,market_code,navPerformanceTyear,navPerformanceTyear,{},{},stock-detail.json,snapshot,NAV三年表现,NAV Performance % (3Y),该ETF过去3年的NAV的涨跌幅，不考虑分红情况,,false,[],UUS,STANDARD_SNAPSHOT
etfNetBuyFlowNowyear|今年以来申赎资金流动|YTD Creation/Redemption Flow,security,metric_lookup,snapshot,market_code,etfNetBuyFlowNowyear,etfNetBuyFlowNowyear,{},{},stock-detail.json,snapshot,今年以来申赎资金流动,YTD Creation/Redemption Flow,该ETF年初至今的申赎资金流入流出情况，即把年初至今的申赎资金加起来。,,false,[],UUS,STANDARD_SNAPSHOT
fundHoldingsCount|持仓数量|Holdings Count,security,metric_lookup,snapshot,market_code,fundHoldingsCount,fundHoldingsCount,{},{},stock-detail.json,snapshot,持仓数量,Holdings Count,持仓的证券只数,,false,[],UUS,STANDARD_SNAPSHOT
block_etf_holdrate|和指数的持仓占比|Tracking Difference (Holdings),security,metric_lookup,snapshot,market_code,block_etf_holdrate,block_etf_holdrate,"{""match_code"":{""children"":null,""default"":null,""enum_options"":null,""example"":null,""name"":""match_code"",""query_type"":""string"",""required"":""1"",""source"":""legacy""}}",{},stock-detail.json,snapshot,和指数的持仓占比,Tracking Difference (Holdings),和指数的持仓占比,,false,[],UUS,STANDARD_SNAPSHOT
etf_net_buy_flow|基金净流入|Fund Net Buy Inflows,security,metric_lookup,series,market_code,etf_net_buy_flow,etf_net_buy_flow,"{""time_period"":{""children"":null,""default"":""day_1"",""enum_options"":[{""label"":""day_1"",""value"":""day_1""}],""example"":""day_1"",""name"":""time_period"",""query_type"":""enum"",""required"":""1"",""source"":""table""}}","{""type"":""end_count"",""end_time"":0,""count"":30,""time_period"":""day_1"",""supported_types"":[""begin_end"",""end_count""]}",series-etf-30d.json,day_1,基金净流入,Fund Net Buy Inflows,基金净流入,,false,"[""day_1""]",UUS,STANDARD_SERIES_TIME_RANGE_ALL
etfNetBuyFlowTyear|近3年申赎资金流动|3-Year Creation/Redemption Flow,security,metric_lookup,snapshot,market_code,etfNetBuyFlowTyear,etfNetBuyFlowTyear,{},{},stock-detail.json,snapshot,近3年申赎资金流动,3-Year Creation/Redemption Flow,该ETF3年的申赎资金流入流出情况，即把过去三年的申赎资金加起来。,,false,[],UUS,STANDARD_SNAPSHOT
premium|基金溢价|Fund Premium,security,metric_lookup,series,market_code,premium,premium,"{""time_period"":{""children"":null,""default"":""day_1"",""enum_options"":[{""label"":""day_1"",""value"":""day_1""}],""example"":""day_1"",""name"":""time_period"",""query_type"":""enum"",""required"":""1"",""source"":""table""}}","{""type"":""end_count"",""end_time"":0,""count"":30,""time_period"":""day_1"",""supported_types"":[""begin_end"",""end_count""]}",series-etf-30d.json,day_1,基金溢价,Fund Premium,基金溢价,,false,"[""day_1""]",UUS,STANDARD_SERIES_TIME_RANGE_ALL
heavyWeight15|前15大持仓权重|Top 15 Weight,security,metric_lookup,snapshot,market_code,heavyWeight15,heavyWeight15,{},{},stock-detail.json,snapshot,前15大持仓权重,Top 15 Weight,该ETF前15大持仓权重的总和,,false,[],UUS,STANDARD_SNAPSHOT
navPerformanceNowyear|NAV年初至今表现|NAV Performance % (YTD),security,metric_lookup,snapshot,market_code,navPerformanceNowyear,navPerformanceNowyear,{},{},stock-detail.json,snapshot,NAV年初至今表现,NAV Performance % (YTD),该ETF年初至今的NAV的涨跌幅，不考虑分红情况,,false,[],UUS,STANDARD_SNAPSHOT
heavyWeight5|前5大持仓权重|Top 5 Weight,security,metric_lookup,snapshot,market_code,heavyWeight5,heavyWeight5,{},{},stock-detail.json,snapshot,前5大持仓权重,Top 5 Weight,该ETF前5大持仓权重的总和,,false,[],UUS,STANDARD_SNAPSHOT
heavyWeight25|前25大持仓权重|Top 25 Weight,security,metric_lookup,snapshot,market_code,heavyWeight25,heavyWeight25,{},{},stock-detail.json,snapshot,前25大持仓权重,Top 25 Weight,该ETF前25大持仓权重的总和,,false,[],UUS,STANDARD_SNAPSHOT
navPerformanceFyear|NAV五年表现|NAV Performance % (5Y),security,metric_lookup,snapshot,market_code,navPerformanceFyear,navPerformanceFyear,{},{},stock-detail.json,snapshot,NAV五年表现,NAV Performance % (5Y),该ETF过去5年的NAV的涨跌幅，不考虑分红情况,,false,[],UUS,STANDARD_SNAPSHOT
etfNetBuyFlowYear|近1年申赎资金流动|1-Year Creation/Redemption Flow,security,metric_lookup,snapshot,market_code,etfNetBuyFlowYear,etfNetBuyFlowYear,{},{},stock-detail.json,snapshot,近1年申赎资金流动,1-Year Creation/Redemption Flow,该ETF1年的申赎资金流入流出情况，即把过去一年的申赎资金加起来。,,false,[],UUS,STANDARD_SNAPSHOT
volume_change_ratio_pct|成交量变化幅度|Volume Change %,security,metric_lookup,snapshot,market_code,volume_change_ratio_pct,volume_change_ratio_pct,"{""period_type"":{""children"":null,""default"":null,""enum_options"":[{""label"":""null"",""value"":null},{""label"":""rolling"",""value"":""rolling""},{""label"":""rolling2"",""value"":""rolling2""}],""example"":null,""name"":""period_type"",""query_type"":""enum"",""required"":""1"",""source"":""legacy""},""time_period"":{""children"":null,""default"":""day_1"",""enum_options"":[{""label"":""day_1"",""value"":""day_1""},{""label"":""week_1"",""value"":""week_1""},{""label"":""month_1"",""value"":""month_1""},{""label"":""year_1"",""value"":""year_1""},{""label"":""限制intraday"",""value"":""day_*""},{""label"":""限制intraday"",""value"":""week_*""},{""label"":""限制intraday"",""value"":""month_*""},{""label"":""限制intraday"",""value"":""year_*""}],""example"":""day_1"",""name"":""time_period"",""query_type"":""enum"",""required"":""1"",""source"":""legacy""},""trade_class"":{""children"":null,""default"":""intraday"",""enum_options"":[{""label"":""盘前"",""value"":""pre_market""},{""label"":""盘中"",""value"":""intraday""},{""label"":""盘后"",""value"":""post_market""}],""example"":""intraday"",""name"":""trade_class"",""query_type"":""enum"",""required"":""1"",""source"":""legacy""}}",{},stock-detail.json,day_1;week_1;month_1;year_1;day_*;week_*;month_*;year_*,成交量变化幅度,Volume Change %,"反映当前成交量和上一个K 线成交量的变化幅度
(T 成交量/ T-1 成交量 - 1 )* 100",,true,"[""day_1"",""week_1"",""month_1"",""year_1"",""day_*"",""week_*"",""month_*"",""year_*""]","UUS,89,UDC,UBAX,UBAF,U31X,U31F,U32X,U32F",STANDARD_SNAPSHOT
etfNetBuyFlowTmonth|近3月申赎资金流动|3-Month Creation/Redemption Flow,security,metric_lookup,snapshot,market_code,etfNetBuyFlowTmonth,etfNetBuyFlowTmonth,{},{},stock-detail.json,snapshot,近3月申赎资金流动,3-Month Creation/Redemption Flow,该ETF3个月的申赎资金流入流出情况，即把过去3个月的申赎资金加起来。,,false,[],UUS,STANDARD_SNAPSHOT
etfNetBuyFlowMonth|近1月申赎资金流动|1-Month Creation/Redemption Flow,security,metric_lookup,snapshot,market_code,etfNetBuyFlowMonth,etfNetBuyFlowMonth,{},{},stock-detail.json,snapshot,近1月申赎资金流动,1-Month Creation/Redemption Flow,该ETF1个月的申赎资金流入流出情况，即把过去1个月的申赎资金加起来。,,false,[],UUS,STANDARD_SNAPSHOT
bond_price_face_value_ratio_pct|债券面值比|Face Value Ratio,security,metric_lookup,snapshot,market_code,bond_price_face_value_ratio_pct,bond_price_face_value_ratio_pct,"{""trade_class"":{""children"":null,""default"":""intraday"",""enum_options"":[{""label"":""盘前"",""value"":""pre_market""},{""label"":""盘中"",""value"":""intraday""},{""label"":""盘后"",""value"":""post_market""}],""example"":""intraday"",""name"":""trade_class"",""query_type"":""enum"",""required"":""1"",""source"":""table""}}",{},stock-detail.json,snapshot,债券面值比,Face Value Ratio,"现在的价格相对于票面价值（Face Value/Par Value）是多少。

> 100%：溢价 (Premium) —— 债券很抢手，票息比市场利率高。

= 100%：平价 (Par) —— 票息和市场利率差不多。

< 100%：折价 (Discount) —— 债券被打折卖，可能票息低或者风险高。",,false,[],"UUS,89,UDC,UBAX,UBAF,U31X,U31F,U32X,U32F",STANDARD_SNAPSHOT
interest_income_investment_v2|利息收入：投资(新体系)|Interest Income: Investments,security,metric_lookup,snapshot,market_code,interest_income_investment_v2,interest_income_investment_v2,{},{},stock-detail.json,snapshot,利息收入：投资(新体系),Interest Income: Investments,"投资资产包括三分类法的金融资产（无明细项）、债权投资、股权投资、衍生品、交易证券、交易性金融资产、可供出售投资、持有至到期投资
加工范围包括利息收入及股息收入",,false,[],"UUS,UDC,UBAX,UBAF,U31X,U31F,U32X,U32F",STANDARD_SNAPSHOT
interest_income_financial_institution_v2|利息收入：金融机构间(新体系)|Interest Income: Inter-Financial Institutions,security,metric_lookup,snapshot,market_code,interest_income_financial_institution_v2,interest_income_financial_institution_v2,{},{},stock-detail.json,snapshot,利息收入：金融机构间(新体系),Interest Income: Inter-Financial Institutions,主要包括与中央银行，同业、金融机构间资产等相关的利息收入,,false,[],"UUS,UDC,UBAX,UBAF,U31X,U31F,U32X,U32F",STANDARD_SNAPSHOT
interest_income_loan_v2|利息收入：贷款(新体系)|Interest Income: Loans,security,metric_lookup,snapshot,market_code,interest_income_loan_v2,interest_income_loan_v2,{},{},stock-detail.json,snapshot,利息收入：贷款(新体系),Interest Income: Loans,主要包括客户贷款的各种明细利息收入，应收融资租赁类利息收入，但不包括金融机构间贷款的利息收入,,false,[],"UUS,UDC,UBAX,UBAF,U31X,U31F,U32X,U32F",STANDARD_SNAPSHOT
interest_expenses_financial_institution_v2|利息支出：金融机构间(新体系)|Interest Expense: Inter-Financial Institutions,security,metric_lookup,snapshot,market_code,interest_expenses_financial_institution_v2,interest_expenses_financial_institution_v2,{},{},stock-detail.json,snapshot,利息支出：金融机构间(新体系),Interest Expense: Inter-Financial Institutions,主要包括与中央银行，同业、金融机构间负债等相关的利息支出,,false,[],"UUS,UDC,UBAX,UBAF,U31X,U31F,U32X,U32F",STANDARD_SNAPSHOT
interest_expenses_deposits_v2|利息支出：存款(新体系)|Interest Expense: Deposits,security,metric_lookup,snapshot,market_code,interest_expenses_deposits_v2,interest_expenses_deposits_v2,{},{},stock-detail.json,snapshot,利息支出：存款(新体系),Interest Expense: Deposits,主要包含客户存款类科目的利息支出，但不包括金融机构间存款的利息支出,,false,[],"UUS,UDC,UBAX,UBAF,U31X,U31F,U32X,U32F",STANDARD_SNAPSHOT
active_buy_small_order_amount|主动买入小单金额|Active Buy Small Order Amount,security,metric_lookup,snapshot,market_code,active_buy_small_order_amount,active_buy_small_order_amount,{},{},stock-detail.json,snapshot,主动买入小单金额,Active Buy Small Order Amount,主动买入小单金额,,false,[],"UUS,89,UDC,UBAX,UBAF,U31X,U31F,U32X,U32F",STANDARD_SNAPSHOT
active_buy_small_order_amount|主动买入小单金额|Active Buy Small Order Amount,security,metric_lookup,snapshot,market_code,active_buy_small_order_amount,active_buy_small_order_amount,{},{},stock-detail.json,snapshot,主动买入小单金额,Active Buy Small Order Amount,主动买入小单金额,,false,[],"UUS,89,UDC,UBAX,UBAF,U31X,U31F,U32X,U32F",STANDARD_SNAPSHOT
active_buy_small_order_amount|主动买入小单金额|Active Buy Small Order Amount,security,metric_lookup,snapshot,market_code,active_buy_small_order_amount,active_buy_small_order_amount,{},{},stock-detail.json,snapshot,主动买入小单金额,Active Buy Small Order Amount,主动买入小单金额,,false,[],"UUS,89,UDC,UBAX,UBAF,U31X,U31F,U32X,U32F",STANDARD_SNAPSHOT
active_buy_mid_order_amount|主动买入中单金额|Active Buy Medium Order Amount,security,metric_lookup,snapshot,market_code,active_buy_mid_order_amount,active_buy_mid_order_amount,{},{},stock-detail.json,snapshot,主动买入中单金额,Active Buy Medium Order Amount,主动买入中单金额,,false,[],"UUS,89,UDC,UBAX,UBAF,U31X,U31F,U32X,U32F",STANDARD_SNAPSHOT
active_buy_mid_order_amount|主动买入中单金额|Active Buy Medium Order Amount,security,metric_lookup,snapshot,market_code,active_buy_mid_order_amount,active_buy_mid_order_amount,{},{},stock-detail.json,snapshot,主动买入中单金额,Active Buy Medium Order Amount,主动买入中单金额,,false,[],"UUS,89,UDC,UBAX,UBAF,U31X,U31F,U32X,U32F",STANDARD_SNAPSHOT
active_buy_mid_order_amount|主动买入中单金额|Active Buy Medium Order Amount,security,metric_lookup,snapshot,market_code,active_buy_mid_order_amount,active_buy_mid_order_amount,{},{},stock-detail.json,snapshot,主动买入中单金额,Active Buy Medium Order Amount,主动买入中单金额,,false,[],"UUS,89,UDC,UBAX,UBAF,U31X,U31F,U32X,U32F",STANDARD_SNAPSHOT
active_buy_large_order_amount|主动买入大单金额|Active Buy Large Amount,security,metric_lookup,snapshot,market_code,active_buy_large_order_amount,active_buy_large_order_amount,{},{},stock-detail.json,snapshot,主动买入大单金额,Active Buy Large Amount,主动买入大单金额,,false,[],"UUS,89,UDC,UBAX,UBAF,U31X,U31F,U32X,U32F",STANDARD_SNAPSHOT
active_buy_large_order_amount|主动买入大单金额|Active Buy Large Amount,security,metric_lookup,snapshot,market_code,active_buy_large_order_amount,active_buy_large_order_amount,{},{},stock-detail.json,snapshot,主动买入大单金额,Active Buy Large Amount,主动买入大单金额,,false,[],"UUS,89,UDC,UBAX,UBAF,U31X,U31F,U32X,U32F",STANDARD_SNAPSHOT
active_buy_large_order_amount|主动买入大单金额|Active Buy Large Amount,security,metric_lookup,snapshot,market_code,active_buy_large_order_amount,active_buy_large_order_amount,{},{},stock-detail.json,snapshot,主动买入大单金额,Active Buy Large Amount,主动买入大单金额,,false,[],"UUS,89,UDC,UBAX,UBAF,U31X,U31F,U32X,U32F",STANDARD_SNAPSHOT
active_sell_mid_order_volume|主动卖出中单量|Active Medium Sell Volume,security,metric_lookup,snapshot,market_code,active_sell_mid_order_volume,active_sell_mid_order_volume,{},{},stock-detail.json,snapshot,主动卖出中单量,Active Medium Sell Volume,主动卖出中单量,,false,[],"UUS,89,UDC,UBAX,UBAF,U31X,U31F,U32X,U32F",STANDARD_SNAPSHOT
active_sell_mid_order_volume|主动卖出中单量|Active Medium Sell Volume,security,metric_lookup,snapshot,market_code,active_sell_mid_order_volume,active_sell_mid_order_volume,{},{},stock-detail.json,snapshot,主动卖出中单量,Active Medium Sell Volume,主动卖出中单量,,false,[],"UUS,89,UDC,UBAX,UBAF,U31X,U31F,U32X,U32F",STANDARD_SNAPSHOT
active_sell_mid_order_volume|主动卖出中单量|Active Medium Sell Volume,security,metric_lookup,snapshot,market_code,active_sell_mid_order_volume,active_sell_mid_order_volume,{},{},stock-detail.json,snapshot,主动卖出中单量,Active Medium Sell Volume,主动卖出中单量,,false,[],"UUS,89,UDC,UBAX,UBAF,U31X,U31F,U32X,U32F",STANDARD_SNAPSHOT
passive_sell_mega_order_amount|被动卖出特大单金额|Amount of Passive Sell Mega Orders,security,metric_lookup,snapshot,market_code,passive_sell_mega_order_amount,passive_sell_mega_order_amount,{},{},stock-detail.json,snapshot,被动卖出特大单金额,Amount of Passive Sell Mega Orders,被动卖出特大单金额,,false,[],"UUS,89,UDC,UBAX,UBAF,U31X,U31F,U32X,U32F",STANDARD_SNAPSHOT
passive_sell_mega_order_amount|被动卖出特大单金额|Amount of Passive Sell Mega Orders,security,metric_lookup,snapshot,market_code,passive_sell_mega_order_amount,passive_sell_mega_order_amount,{},{},stock-detail.json,snapshot,被动卖出特大单金额,Amount of Passive Sell Mega Orders,被动卖出特大单金额,,false,[],"UUS,89,UDC,UBAX,UBAF,U31X,U31F,U32X,U32F",STANDARD_SNAPSHOT
passive_sell_mega_order_amount|被动卖出特大单金额|Amount of Passive Sell Mega Orders,security,metric_lookup,snapshot,market_code,passive_sell_mega_order_amount,passive_sell_mega_order_amount,{},{},stock-detail.json,snapshot,被动卖出特大单金额,Amount of Passive Sell Mega Orders,被动卖出特大单金额,,false,[],"UUS,89,UDC,UBAX,UBAF,U31X,U31F,U32X,U32F",STANDARD_SNAPSHOT
active_sell_mega_order_count|主动卖出特大单笔数|Active Mega Sell Order Count,security,metric_lookup,snapshot,market_code,active_sell_mega_order_count,active_sell_mega_order_count,{},{},stock-detail.json,snapshot,主动卖出特大单笔数,Active Mega Sell Order Count,主动卖出特大单笔数,,false,[],"UUS,89,UDC,UBAX,UBAF,U31X,U31F,U32X,U32F",STANDARD_SNAPSHOT
active_sell_mega_order_count|主动卖出特大单笔数|Active Mega Sell Order Count,security,metric_lookup,snapshot,market_code,active_sell_mega_order_count,active_sell_mega_order_count,{},{},stock-detail.json,snapshot,主动卖出特大单笔数,Active Mega Sell Order Count,主动卖出特大单笔数,,false,[],"UUS,89,UDC,UBAX,UBAF,U31X,U31F,U32X,U32F",STANDARD_SNAPSHOT
active_sell_mega_order_count|主动卖出特大单笔数|Active Mega Sell Order Count,security,metric_lookup,snapshot,market_code,active_sell_mega_order_count,active_sell_mega_order_count,{},{},stock-detail.json,snapshot,主动卖出特大单笔数,Active Mega Sell Order Count,主动卖出特大单笔数,,false,[],"UUS,89,UDC,UBAX,UBAF,U31X,U31F,U32X,U32F",STANDARD_SNAPSHOT
active_sell_mid_order_amount|主动卖出中单金额|Active Medium Sell Amount,security,metric_lookup,snapshot,market_code,active_sell_mid_order_amount,active_sell_mid_order_amount,{},{},stock-detail.json,snapshot,主动卖出中单金额,Active Medium Sell Amount,主动卖出中单金额,,false,[],"UUS,89,UDC,UBAX,UBAF,U31X,U31F,U32X,U32F",STANDARD_SNAPSHOT
active_sell_mid_order_amount|主动卖出中单金额|Active Medium Sell Amount,security,metric_lookup,snapshot,market_code,active_sell_mid_order_amount,active_sell_mid_order_amount,{},{},stock-detail.json,snapshot,主动卖出中单金额,Active Medium Sell Amount,主动卖出中单金额,,false,[],"UUS,89,UDC,UBAX,UBAF,U31X,U31F,U32X,U32F",STANDARD_SNAPSHOT
active_sell_mid_order_amount|主动卖出中单金额|Active Medium Sell Amount,security,metric_lookup,snapshot,market_code,active_sell_mid_order_amount,active_sell_mid_order_amount,{},{},stock-detail.json,snapshot,主动卖出中单金额,Active Medium Sell Amount,主动卖出中单金额,,false,[],"UUS,89,UDC,UBAX,UBAF,U31X,U31F,U32X,U32F",STANDARD_SNAPSHOT
passive_sell_mid_order_amount|被动卖出中单金额|Mid Passive Sell Amount,security,metric_lookup,snapshot,market_code,passive_sell_mid_order_amount,passive_sell_mid_order_amount,{},{},stock-detail.json,snapshot,被动卖出中单金额,Mid Passive Sell Amount,被动卖出中单金额,,false,[],"UUS,89,UDC,UBAX,UBAF,U31X,U31F,U32X,U32F",STANDARD_SNAPSHOT
passive_sell_mid_order_amount|被动卖出中单金额|Mid Passive Sell Amount,security,metric_lookup,snapshot,market_code,passive_sell_mid_order_amount,passive_sell_mid_order_amount,{},{},stock-detail.json,snapshot,被动卖出中单金额,Mid Passive Sell Amount,被动卖出中单金额,,false,[],"UUS,89,UDC,UBAX,UBAF,U31X,U31F,U32X,U32F",STANDARD_SNAPSHOT
passive_sell_mid_order_amount|被动卖出中单金额|Mid Passive Sell Amount,security,metric_lookup,snapshot,market_code,passive_sell_mid_order_amount,passive_sell_mid_order_amount,{},{},stock-detail.json,snapshot,被动卖出中单金额,Mid Passive Sell Amount,被动卖出中单金额,,false,[],"UUS,89,UDC,UBAX,UBAF,U31X,U31F,U32X,U32F",STANDARD_SNAPSHOT
active_sell_small_order_amount|主动卖出小单金额|Active Sell Small Order Amount,security,metric_lookup,snapshot,market_code,active_sell_small_order_amount,active_sell_small_order_amount,{},{},stock-detail.json,snapshot,主动卖出小单金额,Active Sell Small Order Amount,主动卖出小单金额,,false,[],"UUS,89,UDC,UBAX,UBAF,U31X,U31F,U32X,U32F",STANDARD_SNAPSHOT
active_sell_small_order_amount|主动卖出小单金额|Active Sell Small Order Amount,security,metric_lookup,snapshot,market_code,active_sell_small_order_amount,active_sell_small_order_amount,{},{},stock-detail.json,snapshot,主动卖出小单金额,Active Sell Small Order Amount,主动卖出小单金额,,false,[],"UUS,89,UDC,UBAX,UBAF,U31X,U31F,U32X,U32F",STANDARD_SNAPSHOT
active_sell_small_order_amount|主动卖出小单金额|Active Sell Small Order Amount,security,metric_lookup,snapshot,market_code,active_sell_small_order_amount,active_sell_small_order_amount,{},{},stock-detail.json,snapshot,主动卖出小单金额,Active Sell Small Order Amount,主动卖出小单金额,,false,[],"UUS,89,UDC,UBAX,UBAF,U31X,U31F,U32X,U32F",STANDARD_SNAPSHOT
active_sell_mega_order_volume|主动卖出特大单量|Active Sell Extra Large Order Vol,security,metric_lookup,snapshot,market_code,active_sell_mega_order_volume,active_sell_mega_order_volume,{},{},stock-detail.json,snapshot,主动卖出特大单量,Active Sell Extra Large Order Vol,主动卖出特大单量,,false,[],"UUS,89,UDC,UBAX,UBAF,U31X,U31F,U32X,U32F",STANDARD_SNAPSHOT
active_sell_mega_order_volume|主动卖出特大单量|Active Sell Extra Large Order Vol,security,metric_lookup,snapshot,market_code,active_sell_mega_order_volume,active_sell_mega_order_volume,{},{},stock-detail.json,snapshot,主动卖出特大单量,Active Sell Extra Large Order Vol,主动卖出特大单量,,false,[],"UUS,89,UDC,UBAX,UBAF,U31X,U31F,U32X,U32F",STANDARD_SNAPSHOT
active_sell_mega_order_volume|主动卖出特大单量|Active Sell Extra Large Order Vol,security,metric_lookup,snapshot,market_code,active_sell_mega_order_volume,active_sell_mega_order_volume,{},{},stock-detail.json,snapshot,主动卖出特大单量,Active Sell Extra Large Order Vol,主动卖出特大单量,,false,[],"UUS,89,UDC,UBAX,UBAF,U31X,U31F,U32X,U32F",STANDARD_SNAPSHOT
active_sell_large_order_volume|主动卖出大单量|Active Big Sell Volume,security,metric_lookup,snapshot,market_code,active_sell_large_order_volume,active_sell_large_order_volume,{},{},stock-detail.json,snapshot,主动卖出大单量,Active Big Sell Volume,主动卖出大单量,,false,[],"UUS,89,UDC,UBAX,UBAF,U31X,U31F,U32X,U32F",STANDARD_SNAPSHOT
active_sell_large_order_volume|主动卖出大单量|Active Big Sell Volume,security,metric_lookup,snapshot,market_code,active_sell_large_order_volume,active_sell_large_order_volume,{},{},stock-detail.json,snapshot,主动卖出大单量,Active Big Sell Volume,主动卖出大单量,,false,[],"UUS,89,UDC,UBAX,UBAF,U31X,U31F,U32X,U32F",STANDARD_SNAPSHOT
active_sell_large_order_volume|主动卖出大单量|Active Big Sell Volume,security,metric_lookup,snapshot,market_code,active_sell_large_order_volume,active_sell_large_order_volume,{},{},stock-detail.json,snapshot,主动卖出大单量,Active Big Sell Volume,主动卖出大单量,,false,[],"UUS,89,UDC,UBAX,UBAF,U31X,U31F,U32X,U32F",STANDARD_SNAPSHOT
passive_sell_mid_order_volume|被动卖出中单量|Medium Passive Sell Volume,security,metric_lookup,snapshot,market_code,passive_sell_mid_order_volume,passive_sell_mid_order_volume,{},{},stock-detail.json,snapshot,被动卖出中单量,Medium Passive Sell Volume,被动卖出中单量,,false,[],"UUS,89,UDC,UBAX,UBAF,U31X,U31F,U32X,U32F",STANDARD_SNAPSHOT
passive_sell_mid_order_volume|被动卖出中单量|Medium Passive Sell Volume,security,metric_lookup,snapshot,market_code,passive_sell_mid_order_volume,passive_sell_mid_order_volume,{},{},stock-detail.json,snapshot,被动卖出中单量,Medium Passive Sell Volume,被动卖出中单量,,false,[],"UUS,89,UDC,UBAX,UBAF,U31X,U31F,U32X,U32F",STANDARD_SNAPSHOT
passive_sell_mid_order_volume|被动卖出中单量|Medium Passive Sell Volume,security,metric_lookup,snapshot,market_code,passive_sell_mid_order_volume,passive_sell_mid_order_volume,{},{},stock-detail.json,snapshot,被动卖出中单量,Medium Passive Sell Volume,被动卖出中单量,,false,[],"UUS,89,UDC,UBAX,UBAF,U31X,U31F,U32X,U32F",STANDARD_SNAPSHOT
active_buy_large_order_volume|主动买入大单量|Active Big Order Buy Volume,security,metric_lookup,snapshot,market_code,active_buy_large_order_volume,active_buy_large_order_volume,{},{},stock-detail.json,snapshot,主动买入大单量,Active Big Order Buy Volume,主动买入大单量,,false,[],"UUS,89,UDC,UBAX,UBAF,U31X,U31F,U32X,U32F",STANDARD_SNAPSHOT
active_buy_large_order_volume|主动买入大单量|Active Big Order Buy Volume,security,metric_lookup,snapshot,market_code,active_buy_large_order_volume,active_buy_large_order_volume,{},{},stock-detail.json,snapshot,主动买入大单量,Active Big Order Buy Volume,主动买入大单量,,false,[],"UUS,89,UDC,UBAX,UBAF,U31X,U31F,U32X,U32F",STANDARD_SNAPSHOT
active_buy_large_order_volume|主动买入大单量|Active Big Order Buy Volume,security,metric_lookup,snapshot,market_code,active_buy_large_order_volume,active_buy_large_order_volume,{},{},stock-detail.json,snapshot,主动买入大单量,Active Big Order Buy Volume,主动买入大单量,,false,[],"UUS,89,UDC,UBAX,UBAF,U31X,U31F,U32X,U32F",STANDARD_SNAPSHOT
passive_buy_large_order_amount|被动买入大单金额|Amount of Passive Buy Large Orders,security,metric_lookup,snapshot,market_code,passive_buy_large_order_amount,passive_buy_large_order_amount,{},{},stock-detail.json,snapshot,被动买入大单金额,Amount of Passive Buy Large Orders,被动买入大单金额,,false,[],"UUS,89,UDC,UBAX,UBAF,U31X,U31F,U32X,U32F",STANDARD_SNAPSHOT
passive_buy_large_order_amount|被动买入大单金额|Amount of Passive Buy Large Orders,security,metric_lookup,snapshot,market_code,passive_buy_large_order_amount,passive_buy_large_order_amount,{},{},stock-detail.json,snapshot,被动买入大单金额,Amount of Passive Buy Large Orders,被动买入大单金额,,false,[],"UUS,89,UDC,UBAX,UBAF,U31X,U31F,U32X,U32F",STANDARD_SNAPSHOT
passive_buy_large_order_amount|被动买入大单金额|Amount of Passive Buy Large Orders,security,metric_lookup,snapshot,market_code,passive_buy_large_order_amount,passive_buy_large_order_amount,{},{},stock-detail.json,snapshot,被动买入大单金额,Amount of Passive Buy Large Orders,被动买入大单金额,,false,[],"UUS,89,UDC,UBAX,UBAF,U31X,U31F,U32X,U32F",STANDARD_SNAPSHOT
inr-open_price_change-sum|区间涨跌(开盘价计算)|Price Change from Open (Period),security,metric_lookup,snapshot,market_code,inr-open_price_change-sum,inr-open_price_change-sum,"{""period_type"":{""children"":null,""default"":null,""enum_options"":[{""label"":""null"",""value"":null},{""label"":""rolling"",""value"":""rolling""},{""label"":""rolling2"",""value"":""rolling2""}],""example"":null,""name"":""period_type"",""query_type"":""enum"",""required"":""1"",""source"":""legacy""},""time_period"":{""children"":null,""default"":""day_*"",""enum_options"":[{""label"":""day_*"",""value"":""day_*""},{""label"":""week_*"",""value"":""week_*""},{""label"":""month_*"",""value"":""month_*""},{""label"":""year_*"",""value"":""year_*""}],""example"":""day_*"",""name"":""time_period"",""query_type"":""enum"",""required"":""1"",""source"":""legacy""},""trade_class"":{""children"":null,""default"":""intraday"",""enum_options"":[{""label"":""盘前"",""value"":""pre_market""},{""label"":""盘中"",""value"":""intraday""},{""label"":""盘后"",""value"":""post_market""}],""example"":""intraday"",""name"":""trade_class"",""query_type"":""enum"",""required"":""1"",""source"":""legacy""}}",{},stock-detail.json,day_*;week_*;month_*;year_*,区间涨跌(开盘价计算),Price Change from Open (Period),"区间涨跌额是指某一金融资产（如股票、指数、基金等）在给定时间区间内，其价格（或点位）绝对数值上的增减。
•若结果为正数，表示该时间段内价格（或点位）比期初有所上升；
•若结果为负数，则表示价格比期初有所下降；
•若结果为零，则表示价格相对期初没有变化。
计算公式：区间结束收盘价 - 区间起始开盘价",区间开盘价涨跌额|区间涨跌(开盘价计算),true,"[""day_*"",""week_*"",""month_*"",""year_*""]","UUS,89,UDC,UBAX,UBAF,U31X,U31F,U32X,U32F",STANDARD_SNAPSHOT
inr-open_price_change-sum|区间涨跌(开盘价计算)|Price Change from Open (Period),security,metric_lookup,snapshot,market_code,inr-open_price_change-sum,inr-open_price_change-sum,"{""period_type"":{""children"":null,""default"":null,""enum_options"":[{""label"":""null"",""value"":null},{""label"":""rolling"",""value"":""rolling""},{""label"":""rolling2"",""value"":""rolling2""}],""example"":null,""name"":""period_type"",""query_type"":""enum"",""required"":""1"",""source"":""legacy""},""time_period"":{""children"":null,""default"":""day_*"",""enum_options"":[{""label"":""day_*"",""value"":""day_*""},{""label"":""week_*"",""value"":""week_*""},{""label"":""month_*"",""value"":""month_*""},{""label"":""year_*"",""value"":""year_*""}],""example"":""day_*"",""name"":""time_period"",""query_type"":""enum"",""required"":""1"",""source"":""legacy""},""trade_class"":{""children"":null,""default"":""intraday"",""enum_options"":[{""label"":""盘前"",""value"":""pre_market""},{""label"":""盘中"",""value"":""intraday""},{""label"":""盘后"",""value"":""post_market""}],""example"":""intraday"",""name"":""trade_class"",""query_type"":""enum"",""required"":""1"",""source"":""legacy""}}",{},stock-detail.json,day_*;week_*;month_*;year_*,区间涨跌(开盘价计算),Price Change from Open (Period),"区间涨跌额是指某一金融资产（如股票、指数、基金等）在给定时间区间内，其价格（或点位）绝对数值上的增减。
•若结果为正数，表示该时间段内价格（或点位）比期初有所上升；
•若结果为负数，则表示价格比期初有所下降；
•若结果为零，则表示价格相对期初没有变化。
计算公式：区间结束收盘价 - 区间起始开盘价",区间开盘价涨跌额|区间涨跌(开盘价计算),true,"[""day_*"",""week_*"",""month_*"",""year_*""]","UUS,89,UDC,UBAX,UBAF,U31X,U31F,U32X,U32F",STANDARD_SNAPSHOT
inr-money-sum|区间成交额|Cumulative Trading Value (Period),security,metric_lookup,snapshot,market_code,inr-money-sum,inr-money-sum,"{""period_type"":{""children"":null,""default"":null,""enum_options"":[{""label"":""null"",""value"":null},{""label"":""rolling"",""value"":""rolling""},{""label"":""rolling2"",""value"":""rolling2""}],""example"":null,""name"":""period_type"",""query_type"":""enum"",""required"":""1"",""source"":""legacy""},""time_period"":{""children"":null,""default"":""min_*"",""enum_options"":[{""label"":""不限trade_class且*>1"",""value"":""min_*""},{""label"":""限制intraday"",""value"":""day_*""},{""label"":""限制intraday"",""value"":""week_*""},{""label"":""限制intraday"",""value"":""month_*""},{""label"":""限制intraday"",""value"":""year_*""}],""example"":""min_*"",""name"":""time_period"",""query_type"":""enum"",""required"":""1"",""source"":""legacy""},""trade_class"":{""children"":null,""default"":""intraday"",""enum_options"":[{""label"":""盘前"",""value"":""pre_market""},{""label"":""盘中"",""value"":""intraday""},{""label"":""盘后"",""value"":""post_market""}],""example"":""intraday"",""name"":""trade_class"",""query_type"":""enum"",""required"":""1"",""source"":""legacy""}}",{},stock-detail.json,min_*;day_*;week_*;month_*;year_*,区间成交额,Cumulative Trading Value (Period),"在金融领域，""成交额""是一个衡量一定时间内完成交易的股票或金融资产的总价值的指标。它通常用于描述股票市场、债券市场或其他金融市场的交易活动规模。",区间成交额,true,"[""min_*"",""day_*"",""week_*"",""month_*"",""year_*""]","UUS,89,UDC,UBAX,UBAF,U31X,U31F,U32X,U32F",STANDARD_SNAPSHOT
inr-money-sum|区间成交额|Cumulative Trading Value (Period),security,metric_lookup,snapshot,market_code,inr-money-sum,inr-money-sum,"{""period_type"":{""children"":null,""default"":null,""enum_options"":[{""label"":""null"",""value"":null},{""label"":""rolling"",""value"":""rolling""},{""label"":""rolling2"",""value"":""rolling2""}],""example"":null,""name"":""period_type"",""query_type"":""enum"",""required"":""1"",""source"":""legacy""},""time_period"":{""children"":null,""default"":""min_*"",""enum_options"":[{""label"":""不限trade_class且*>1"",""value"":""min_*""},{""label"":""限制intraday"",""value"":""day_*""},{""label"":""限制intraday"",""value"":""week_*""},{""label"":""限制intraday"",""value"":""month_*""},{""label"":""限制intraday"",""value"":""year_*""}],""example"":""min_*"",""name"":""time_period"",""query_type"":""enum"",""required"":""1"",""source"":""legacy""},""trade_class"":{""children"":null,""default"":""intraday"",""enum_options"":[{""label"":""盘前"",""value"":""pre_market""},{""label"":""盘中"",""value"":""intraday""},{""label"":""盘后"",""value"":""post_market""}],""example"":""intraday"",""name"":""trade_class"",""query_type"":""enum"",""required"":""1"",""source"":""legacy""}}",{},stock-detail.json,min_*;day_*;week_*;month_*;year_*,区间成交额,Cumulative Trading Value (Period),"在金融领域，""成交额""是一个衡量一定时间内完成交易的股票或金融资产的总价值的指标。它通常用于描述股票市场、债券市场或其他金融市场的交易活动规模。",区间成交额,true,"[""min_*"",""day_*"",""week_*"",""month_*"",""year_*""]","UUS,89,UDC,UBAX,UBAF,U31X,U31F,U32X,U32F",STANDARD_SNAPSHOT
passive_buy_mid_order_amount|被动买入中单金额|Passive Buy Medium Order Amount,security,metric_lookup,snapshot,market_code,passive_buy_mid_order_amount,passive_buy_mid_order_amount,{},{},stock-detail.json,snapshot,被动买入中单金额,Passive Buy Medium Order Amount,被动买入中单金额,,false,[],"UUS,89,UDC,UBAX,UBAF,U31X,U31F,U32X,U32F",STANDARD_SNAPSHOT
passive_buy_mid_order_amount|被动买入中单金额|Passive Buy Medium Order Amount,security,metric_lookup,snapshot,market_code,passive_buy_mid_order_amount,passive_buy_mid_order_amount,{},{},stock-detail.json,snapshot,被动买入中单金额,Passive Buy Medium Order Amount,被动买入中单金额,,false,[],"UUS,89,UDC,UBAX,UBAF,U31X,U31F,U32X,U32F",STANDARD_SNAPSHOT
passive_buy_mid_order_amount|被动买入中单金额|Passive Buy Medium Order Amount,security,metric_lookup,snapshot,market_code,passive_buy_mid_order_amount,passive_buy_mid_order_amount,{},{},stock-detail.json,snapshot,被动买入中单金额,Passive Buy Medium Order Amount,被动买入中单金额,,false,[],"UUS,89,UDC,UBAX,UBAF,U31X,U31F,U32X,U32F",STANDARD_SNAPSHOT
passive_sell_large_order_amount|被动卖出大单金额|Amount of Passive Large Sell Orders,security,metric_lookup,snapshot,market_code,passive_sell_large_order_amount,passive_sell_large_order_amount,{},{},stock-detail.json,snapshot,被动卖出大单金额,Amount of Passive Large Sell Orders,被动卖出大单金额,,false,[],"UUS,89,UDC,UBAX,UBAF,U31X,U31F,U32X,U32F",STANDARD_SNAPSHOT
passive_sell_large_order_amount|被动卖出大单金额|Amount of Passive Large Sell Orders,security,metric_lookup,snapshot,market_code,passive_sell_large_order_amount,passive_sell_large_order_amount,{},{},stock-detail.json,snapshot,被动卖出大单金额,Amount of Passive Large Sell Orders,被动卖出大单金额,,false,[],"UUS,89,UDC,UBAX,UBAF,U31X,U31F,U32X,U32F",STANDARD_SNAPSHOT
passive_sell_large_order_amount|被动卖出大单金额|Amount of Passive Large Sell Orders,security,metric_lookup,snapshot,market_code,passive_sell_large_order_amount,passive_sell_large_order_amount,{},{},stock-detail.json,snapshot,被动卖出大单金额,Amount of Passive Large Sell Orders,被动卖出大单金额,,false,[],"UUS,89,UDC,UBAX,UBAF,U31X,U31F,U32X,U32F",STANDARD_SNAPSHOT
passive_buy_mega_order_volume|被动买入特大单量|Mega Passive Buy Volume,security,metric_lookup,snapshot,market_code,passive_buy_mega_order_volume,passive_buy_mega_order_volume,{},{},stock-detail.json,snapshot,被动买入特大单量,Mega Passive Buy Volume,被动买入特大单量,,false,[],"UUS,89,UDC,UBAX,UBAF,U31X,U31F,U32X,U32F",STANDARD_SNAPSHOT
passive_buy_mega_order_volume|被动买入特大单量|Mega Passive Buy Volume,security,metric_lookup,snapshot,market_code,passive_buy_mega_order_volume,passive_buy_mega_order_volume,{},{},stock-detail.json,snapshot,被动买入特大单量,Mega Passive Buy Volume,被动买入特大单量,,false,[],"UUS,89,UDC,UBAX,UBAF,U31X,U31F,U32X,U32F",STANDARD_SNAPSHOT
passive_buy_mega_order_volume|被动买入特大单量|Mega Passive Buy Volume,security,metric_lookup,snapshot,market_code,passive_buy_mega_order_volume,passive_buy_mega_order_volume,{},{},stock-detail.json,snapshot,被动买入特大单量,Mega Passive Buy Volume,被动买入特大单量,,false,[],"UUS,89,UDC,UBAX,UBAF,U31X,U31F,U32X,U32F",STANDARD_SNAPSHOT
passive_sell_large_order_count|被动卖出大单笔数|Count of Large Passive Sell Orders,security,metric_lookup,snapshot,market_code,passive_sell_large_order_count,passive_sell_large_order_count,{},{},stock-detail.json,snapshot,被动卖出大单笔数,Count of Large Passive Sell Orders,被动卖出大单笔数,,false,[],"UUS,89,UDC,UBAX,UBAF,U31X,U31F,U32X,U32F",STANDARD_SNAPSHOT
passive_sell_large_order_count|被动卖出大单笔数|Count of Large Passive Sell Orders,security,metric_lookup,snapshot,market_code,passive_sell_large_order_count,passive_sell_large_order_count,{},{},stock-detail.json,snapshot,被动卖出大单笔数,Count of Large Passive Sell Orders,被动卖出大单笔数,,false,[],"UUS,89,UDC,UBAX,UBAF,U31X,U31F,U32X,U32F",STANDARD_SNAPSHOT
passive_sell_large_order_count|被动卖出大单笔数|Count of Large Passive Sell Orders,security,metric_lookup,snapshot,market_code,passive_sell_large_order_count,passive_sell_large_order_count,{},{},stock-detail.json,snapshot,被动卖出大单笔数,Count of Large Passive Sell Orders,被动卖出大单笔数,,false,[],"UUS,89,UDC,UBAX,UBAF,U31X,U31F,U32X,U32F",STANDARD_SNAPSHOT
active_buy_mega_order_volume|主动买入特大单量|Active Buy Block Volume,security,metric_lookup,snapshot,market_code,active_buy_mega_order_volume,active_buy_mega_order_volume,{},{},stock-detail.json,snapshot,主动买入特大单量,Active Buy Block Volume,主动买入特大单量,,false,[],"UUS,89,UDC,UBAX,UBAF,U31X,U31F,U32X,U32F",STANDARD_SNAPSHOT
active_buy_mega_order_volume|主动买入特大单量|Active Buy Block Volume,security,metric_lookup,snapshot,market_code,active_buy_mega_order_volume,active_buy_mega_order_volume,{},{},stock-detail.json,snapshot,主动买入特大单量,Active Buy Block Volume,主动买入特大单量,,false,[],"UUS,89,UDC,UBAX,UBAF,U31X,U31F,U32X,U32F",STANDARD_SNAPSHOT
active_buy_mega_order_volume|主动买入特大单量|Active Buy Block Volume,security,metric_lookup,snapshot,market_code,active_buy_mega_order_volume,active_buy_mega_order_volume,{},{},stock-detail.json,snapshot,主动买入特大单量,Active Buy Block Volume,主动买入特大单量,,false,[],"UUS,89,UDC,UBAX,UBAF,U31X,U31F,U32X,U32F",STANDARD_SNAPSHOT
passive_buy_mega_order_amount|被动买入特大单金额|Mega Passive Buy Amount,security,metric_lookup,snapshot,market_code,passive_buy_mega_order_amount,passive_buy_mega_order_amount,{},{},stock-detail.json,snapshot,被动买入特大单金额,Mega Passive Buy Amount,被动买入特大单金额,,false,[],"UUS,89,UDC,UBAX,UBAF,U31X,U31F,U32X,U32F",STANDARD_SNAPSHOT
passive_buy_mega_order_amount|被动买入特大单金额|Mega Passive Buy Amount,security,metric_lookup,snapshot,market_code,passive_buy_mega_order_amount,passive_buy_mega_order_amount,{},{},stock-detail.json,snapshot,被动买入特大单金额,Mega Passive Buy Amount,被动买入特大单金额,,false,[],"UUS,89,UDC,UBAX,UBAF,U31X,U31F,U32X,U32F",STANDARD_SNAPSHOT
passive_buy_mega_order_amount|被动买入特大单金额|Mega Passive Buy Amount,security,metric_lookup,snapshot,market_code,passive_buy_mega_order_amount,passive_buy_mega_order_amount,{},{},stock-detail.json,snapshot,被动买入特大单金额,Mega Passive Buy Amount,被动买入特大单金额,,false,[],"UUS,89,UDC,UBAX,UBAF,U31X,U31F,U32X,U32F",STANDARD_SNAPSHOT
active_sell_small_order_volume|主动卖出小单量|Active Sell Small Order Volume,security,metric_lookup,snapshot,market_code,active_sell_small_order_volume,active_sell_small_order_volume,{},{},stock-detail.json,snapshot,主动卖出小单量,Active Sell Small Order Volume,主动卖出小单量,,false,[],"UUS,89,UDC,UBAX,UBAF,U31X,U31F,U32X,U32F",STANDARD_SNAPSHOT
active_sell_small_order_volume|主动卖出小单量|Active Sell Small Order Volume,security,metric_lookup,snapshot,market_code,active_sell_small_order_volume,active_sell_small_order_volume,{},{},stock-detail.json,snapshot,主动卖出小单量,Active Sell Small Order Volume,主动卖出小单量,,false,[],"UUS,89,UDC,UBAX,UBAF,U31X,U31F,U32X,U32F",STANDARD_SNAPSHOT
active_sell_small_order_volume|主动卖出小单量|Active Sell Small Order Volume,security,metric_lookup,snapshot,market_code,active_sell_small_order_volume,active_sell_small_order_volume,{},{},stock-detail.json,snapshot,主动卖出小单量,Active Sell Small Order Volume,主动卖出小单量,,false,[],"UUS,89,UDC,UBAX,UBAF,U31X,U31F,U32X,U32F",STANDARD_SNAPSHOT
inr-annual_return_ratio_pct-sum|区间年化收益率|Annualized Rate of Return,security,metric_lookup,snapshot,market_code,inr-annual_return_ratio_pct-sum,inr-annual_return_ratio_pct-sum,"{""period_type"":{""children"":null,""default"":null,""enum_options"":[{""label"":""null"",""value"":null},{""label"":""rolling"",""value"":""rolling""},{""label"":""rolling2"",""value"":""rolling2""}],""example"":null,""name"":""period_type"",""query_type"":""enum"",""required"":""1"",""source"":""legacy""},""time_period"":{""children"":null,""default"":""min_*"",""enum_options"":[{""label"":""*>1"",""value"":""min_*""},{""label"":""day_1"",""value"":""day_1""},{""label"":""year_*"",""value"":""year_*""}],""example"":""min_*"",""name"":""time_period"",""query_type"":""enum"",""required"":""1"",""source"":""legacy""},""trade_class"":{""children"":null,""default"":""intraday"",""enum_options"":[{""label"":""盘前"",""value"":""pre_market""},{""label"":""盘中"",""value"":""intraday""},{""label"":""盘后"",""value"":""post_market""}],""example"":""intraday"",""name"":""trade_class"",""query_type"":""enum"",""required"":""1"",""source"":""legacy""}}",{},stock-detail.json,min_*;day_1;year_*,区间年化收益率,Annualized Rate of Return,"年化收益率（Annualized Return）是为了方便比较不同投资周期的收益而将收益率折算成年收益率的一种指标。
一般使用周线计算1年的年化收益率，月线计算1年以上年化收益率
计算公式：  
年化区间配置：week=52（每年有 52 周），month=12（每年有 12 月）
区间累计涨幅a = 区间结束收盘价 / 区间开始开盘价  
年化区间值n = 区间大小/年化区间配置  
年化收益率 = (pow(区间累计涨幅a, 1/n) - 1 ) * 100",区间年化收益率,true,"[""min_*"",""day_1"",""year_*""]","UUS,89,UDC,UBAX,UBAF,U31X,U31F,U32X,U32F",STANDARD_SNAPSHOT
inr-annual_return_ratio_pct-sum|区间年化收益率|Annualized Rate of Return,security,metric_lookup,snapshot,market_code,inr-annual_return_ratio_pct-sum,inr-annual_return_ratio_pct-sum,"{""period_type"":{""children"":null,""default"":null,""enum_options"":[{""label"":""null"",""value"":null},{""label"":""rolling"",""value"":""rolling""},{""label"":""rolling2"",""value"":""rolling2""}],""example"":null,""name"":""period_type"",""query_type"":""enum"",""required"":""1"",""source"":""legacy""},""time_period"":{""children"":null,""default"":""min_*"",""enum_options"":[{""label"":""*>1"",""value"":""min_*""},{""label"":""day_1"",""value"":""day_1""},{""label"":""year_*"",""value"":""year_*""}],""example"":""min_*"",""name"":""time_period"",""query_type"":""enum"",""required"":""1"",""source"":""legacy""},""trade_class"":{""children"":null,""default"":""intraday"",""enum_options"":[{""label"":""盘前"",""value"":""pre_market""},{""label"":""盘中"",""value"":""intraday""},{""label"":""盘后"",""value"":""post_market""}],""example"":""intraday"",""name"":""trade_class"",""query_type"":""enum"",""required"":""1"",""source"":""legacy""}}",{},stock-detail.json,min_*;day_1;year_*,区间年化收益率,Annualized Rate of Return,"年化收益率（Annualized Return）是为了方便比较不同投资周期的收益而将收益率折算成年收益率的一种指标。
一般使用周线计算1年的年化收益率，月线计算1年以上年化收益率
计算公式：  
年化区间配置：week=52（每年有 52 周），month=12（每年有 12 月）
区间累计涨幅a = 区间结束收盘价 / 区间开始开盘价  
年化区间值n = 区间大小/年化区间配置  
年化收益率 = (pow(区间累计涨幅a, 1/n) - 1 ) * 100",区间年化收益率,true,"[""min_*"",""day_1"",""year_*""]","UUS,89,UDC,UBAX,UBAF,U31X,U31F,U32X,U32F",STANDARD_SNAPSHOT
small_capital_inflow|小单资金流入|Retail Capital Inflow,security,metric_lookup,snapshot,market_code,small_capital_inflow,small_capital_inflow,{},{},stock-detail.json,snapshot,小单资金流入,Retail Capital Inflow,"在证券领域，**特大单、大单、中单、小单**是根据单笔交易的成交量或金额对资金流动进行分类的方式。这种分类主要用于分析市场资金的流向，帮助投资者判断主力资金（如机构、大户）和散户资金的动向。
---
### **计算公式**
```
小单资金流入 = 成交额 - 特大单主动买入金额 - 特大单被动买入金额 - 大单主动买入金额 - 大单被动买入金额 - 中单主动买入金额 - 中单被动买入金额
```
---
### **资金流入与流出**
- **资金流入**：  
  当资金流入某只股票时，意味着有资金主动买入该股票。通常表现为买单成交（买方主动以卖一价或更高价买入）。
- **资金流出**：  
  当资金流出某只股票时，意味着有资金主动卖出该股票。通常表现为卖单成交（卖方主动以买一价或更低价卖出）。
---
### **资金流动分析的意义**
1. **特大单与大单**：  
   - 反映主力资金的动向（如机构、大户）。
   - 特大单和大单的持续流入可能表明主力资金看好该股票，后市可能有上涨潜力。
   - 特大单和大单的持续流出可能表明主力资金正在撤离，后市可能有下跌风险。
2. **中单与小单**：  
   - 反映散户资金的动向。
   - 中单和小单的流入可能表明散户情绪较为乐观，但需结合主力资金动向综合判断。
   - 中单和小单的流出可能表明散户情绪较为悲观。
---
### **应用场景**
1. **判断主力动向**：  
   - 如果特大单和大单持续流入，而中单和小单流出，可能表明主力资金正在吸筹，后市可能上涨。
   - 如果特大单和大单持续流出，而中单和小单流入，可能表明主力资金正在出货，后市可能下跌。
2. **市场情绪分析**：  
   - 特大单和大单的流入可能表明市场情绪积极，而流出可能表明市场情绪消极。
   - 中单和小单的流入可能表明散户情绪乐观，而流出可能表明散户情绪悲观。
3. **辅助交易决策**：  
   - 结合资金流动数据，投资者可以更好地判断市场趋势，制定买入或卖出策略。
---
通过分析特大单、大单、中单、小单的资金流入与流出，投资者可以更好地了解市场资金的分布和动向，从而辅助投资决策。
---
<span style=""color:red"">注意：大盘类指数成分股非指数公布成分股</span>
以下指数成分股特殊处理，使用板块下成分股替换指数原有成分股：  
""16:1A0001"" -> ""BACA""  
""16:1A0002"" -> ""15""  
""16:1A0003"" -> ""16""  
""16:1B0688"" -> ""C902""  
""32:399001"" -> ""BAC9""  
""32:399002"" -> ""1B""  
""32:399003"" -> ""1C""
""32:399006"" -> ""CFE4""  
""144:899050"" -> ""CA8B""
示例：
指数代码为大盘类指数，需要使用市场级别代码表；示例：如1B0688，使用全部 68* 开头的代码作为指数成分股；",,false,[],"UUS,89,UDC,UBAX,UBAF,U31X,U31F,U32X,U32F",STANDARD_SNAPSHOT
small_capital_inflow|小单资金流入|Retail Capital Inflow,security,metric_lookup,snapshot,market_code,small_capital_inflow,small_capital_inflow,{},{},stock-detail.json,snapshot,小单资金流入,Retail Capital Inflow,"在证券领域，**特大单、大单、中单、小单**是根据单笔交易的成交量或金额对资金流动进行分类的方式。这种分类主要用于分析市场资金的流向，帮助投资者判断主力资金（如机构、大户）和散户资金的动向。
---
### **计算公式**
```
小单资金流入 = 成交额 - 特大单主动买入金额 - 特大单被动买入金额 - 大单主动买入金额 - 大单被动买入金额 - 中单主动买入金额 - 中单被动买入金额
```
---
### **资金流入与流出**
- **资金流入**：  
  当资金流入某只股票时，意味着有资金主动买入该股票。通常表现为买单成交（买方主动以卖一价或更高价买入）。
- **资金流出**：  
  当资金流出某只股票时，意味着有资金主动卖出该股票。通常表现为卖单成交（卖方主动以买一价或更低价卖出）。
---
### **资金流动分析的意义**
1. **特大单与大单**：  
   - 反映主力资金的动向（如机构、大户）。
   - 特大单和大单的持续流入可能表明主力资金看好该股票，后市可能有上涨潜力。
   - 特大单和大单的持续流出可能表明主力资金正在撤离，后市可能有下跌风险。
2. **中单与小单**：  
   - 反映散户资金的动向。
   - 中单和小单的流入可能表明散户情绪较为乐观，但需结合主力资金动向综合判断。
   - 中单和小单的流出可能表明散户情绪较为悲观。
---
### **应用场景**
1. **判断主力动向**：  
   - 如果特大单和大单持续流入，而中单和小单流出，可能表明主力资金正在吸筹，后市可能上涨。
   - 如果特大单和大单持续流出，而中单和小单流入，可能表明主力资金正在出货，后市可能下跌。
2. **市场情绪分析**：  
   - 特大单和大单的流入可能表明市场情绪积极，而流出可能表明市场情绪消极。
   - 中单和小单的流入可能表明散户情绪乐观，而流出可能表明散户情绪悲观。
3. **辅助交易决策**：  
   - 结合资金流动数据，投资者可以更好地判断市场趋势，制定买入或卖出策略。
---
通过分析特大单、大单、中单、小单的资金流入与流出，投资者可以更好地了解市场资金的分布和动向，从而辅助投资决策。
---
<span style=""color:red"">注意：大盘类指数成分股非指数公布成分股</span>
以下指数成分股特殊处理，使用板块下成分股替换指数原有成分股：  
""16:1A0001"" -> ""BACA""  
""16:1A0002"" -> ""15""  
""16:1A0003"" -> ""16""  
""16:1B0688"" -> ""C902""  
""32:399001"" -> ""BAC9""  
""32:399002"" -> ""1B""  
""32:399003"" -> ""1C""
""32:399006"" -> ""CFE4""  
""144:899050"" -> ""CA8B""
示例：
指数代码为大盘类指数，需要使用市场级别代码表；示例：如1B0688，使用全部 68* 开头的代码作为指数成分股；",,false,[],"UUS,89,UDC,UBAX,UBAF,U31X,U31F,U32X,U32F",STANDARD_SNAPSHOT
small_capital_inflow|小单资金流入|Retail Capital Inflow,security,metric_lookup,snapshot,market_code,small_capital_inflow,small_capital_inflow,{},{},stock-detail.json,snapshot,小单资金流入,Retail Capital Inflow,"在证券领域，**特大单、大单、中单、小单**是根据单笔交易的成交量或金额对资金流动进行分类的方式。这种分类主要用于分析市场资金的流向，帮助投资者判断主力资金（如机构、大户）和散户资金的动向。
---
### **计算公式**
```
小单资金流入 = 成交额 - 特大单主动买入金额 - 特大单被动买入金额 - 大单主动买入金额 - 大单被动买入金额 - 中单主动买入金额 - 中单被动买入金额
```
---
### **资金流入与流出**
- **资金流入**：  
  当资金流入某只股票时，意味着有资金主动买入该股票。通常表现为买单成交（买方主动以卖一价或更高价买入）。
- **资金流出**：  
  当资金流出某只股票时，意味着有资金主动卖出该股票。通常表现为卖单成交（卖方主动以买一价或更低价卖出）。
---
### **资金流动分析的意义**
1. **特大单与大单**：  
   - 反映主力资金的动向（如机构、大户）。
   - 特大单和大单的持续流入可能表明主力资金看好该股票，后市可能有上涨潜力。
   - 特大单和大单的持续流出可能表明主力资金正在撤离，后市可能有下跌风险。
2. **中单与小单**：  
   - 反映散户资金的动向。
   - 中单和小单的流入可能表明散户情绪较为乐观，但需结合主力资金动向综合判断。
   - 中单和小单的流出可能表明散户情绪较为悲观。
---
### **应用场景**
1. **判断主力动向**：  
   - 如果特大单和大单持续流入，而中单和小单流出，可能表明主力资金正在吸筹，后市可能上涨。
   - 如果特大单和大单持续流出，而中单和小单流入，可能表明主力资金正在出货，后市可能下跌。
2. **市场情绪分析**：  
   - 特大单和大单的流入可能表明市场情绪积极，而流出可能表明市场情绪消极。
   - 中单和小单的流入可能表明散户情绪乐观，而流出可能表明散户情绪悲观。
3. **辅助交易决策**：  
   - 结合资金流动数据，投资者可以更好地判断市场趋势，制定买入或卖出策略。
---
通过分析特大单、大单、中单、小单的资金流入与流出，投资者可以更好地了解市场资金的分布和动向，从而辅助投资决策。
---
<span style=""color:red"">注意：大盘类指数成分股非指数公布成分股</span>
以下指数成分股特殊处理，使用板块下成分股替换指数原有成分股：  
""16:1A0001"" -> ""BACA""  
""16:1A0002"" -> ""15""  
""16:1A0003"" -> ""16""  
""16:1B0688"" -> ""C902""  
""32:399001"" -> ""BAC9""  
""32:399002"" -> ""1B""  
""32:399003"" -> ""1C""
""32:399006"" -> ""CFE4""  
""144:899050"" -> ""CA8B""
示例：
指数代码为大盘类指数，需要使用市场级别代码表；示例：如1B0688，使用全部 68* 开头的代码作为指数成分股；",,false,[],"UUS,89,UDC,UBAX,UBAF,U31X,U31F,U32X,U32F",STANDARD_SNAPSHOT
medium_capital_inflow|中单资金流入|Medium Capital Inflow,security,metric_lookup,snapshot,market_code,medium_capital_inflow,medium_capital_inflow,{},{},stock-detail.json,snapshot,中单资金流入,Medium Capital Inflow,"在证券领域，**特大单、大单、中单、小单**是根据单笔交易的成交量或金额对资金流动进行分类的方式。这种分类主要用于分析市场资金的流向，帮助投资者判断主力资金（如机构、大户）和散户资金的动向。
---
### **计算公式**
```
中单资金流入 = 中单主动买入金额 + 中单被动买入金额
```
---
### **资金流入与流出**
- **资金流入**：  
  当资金流入某只股票时，意味着有资金主动买入该股票。通常表现为买单成交（买方主动以卖一价或更高价买入）。
- **资金流出**：  
  当资金流出某只股票时，意味着有资金主动卖出该股票。通常表现为卖单成交（卖方主动以买一价或更低价卖出）。
---
### **资金流动分析的意义**
1. **特大单与大单**：  
   - 反映主力资金的动向（如机构、大户）。
   - 特大单和大单的持续流入可能表明主力资金看好该股票，后市可能有上涨潜力。
   - 特大单和大单的持续流出可能表明主力资金正在撤离，后市可能有下跌风险。
2. **中单与小单**：  
   - 反映散户资金的动向。
   - 中单和小单的流入可能表明散户情绪较为乐观，但需结合主力资金动向综合判断。
   - 中单和小单的流出可能表明散户情绪较为悲观。
---
### **应用场景**
1. **判断主力动向**：  
   - 如果特大单和大单持续流入，而中单和小单流出，可能表明主力资金正在吸筹，后市可能上涨。
   - 如果特大单和大单持续流出，而中单和小单流入，可能表明主力资金正在出货，后市可能下跌。
2. **市场情绪分析**：  
   - 特大单和大单的流入可能表明市场情绪积极，而流出可能表明市场情绪消极。
   - 中单和小单的流入可能表明散户情绪乐观，而流出可能表明散户情绪悲观。
3. **辅助交易决策**：  
   - 结合资金流动数据，投资者可以更好地判断市场趋势，制定买入或卖出策略。
---
通过分析特大单、大单、中单、小单的资金流入与流出，投资者可以更好地了解市场资金的分布和动向，从而辅助投资决策。
---
<span style=""color:red"">注意：大盘类指数成分股非指数公布成分股</span>
以下指数成分股特殊处理，使用板块下成分股替换指数原有成分股：  
""16:1A0001"" -> ""BACA""  
""16:1A0002"" -> ""15""  
""16:1A0003"" -> ""16""  
""16:1B0688"" -> ""C902""  
""32:399001"" -> ""BAC9""  
""32:399002"" -> ""1B""  
""32:399003"" -> ""1C""
""32:399006"" -> ""CFE4""  
""144:899050"" -> ""CA8B""
示例：
指数代码为大盘类指数，需要使用市场级别代码表；示例：如1B0688，使用全部 68* 开头的代码作为指数成分股；",,false,[],"UUS,89,UDC,UBAX,UBAF,U31X,U31F,U32X,U32F",STANDARD_SNAPSHOT
medium_capital_inflow|中单资金流入|Medium Capital Inflow,security,metric_lookup,snapshot,market_code,medium_capital_inflow,medium_capital_inflow,{},{},stock-detail.json,snapshot,中单资金流入,Medium Capital Inflow,"在证券领域，**特大单、大单、中单、小单**是根据单笔交易的成交量或金额对资金流动进行分类的方式。这种分类主要用于分析市场资金的流向，帮助投资者判断主力资金（如机构、大户）和散户资金的动向。
---
### **计算公式**
```
中单资金流入 = 中单主动买入金额 + 中单被动买入金额
```
---
### **资金流入与流出**
- **资金流入**：  
  当资金流入某只股票时，意味着有资金主动买入该股票。通常表现为买单成交（买方主动以卖一价或更高价买入）。
- **资金流出**：  
  当资金流出某只股票时，意味着有资金主动卖出该股票。通常表现为卖单成交（卖方主动以买一价或更低价卖出）。
---
### **资金流动分析的意义**
1. **特大单与大单**：  
   - 反映主力资金的动向（如机构、大户）。
   - 特大单和大单的持续流入可能表明主力资金看好该股票，后市可能有上涨潜力。
   - 特大单和大单的持续流出可能表明主力资金正在撤离，后市可能有下跌风险。
2. **中单与小单**：  
   - 反映散户资金的动向。
   - 中单和小单的流入可能表明散户情绪较为乐观，但需结合主力资金动向综合判断。
   - 中单和小单的流出可能表明散户情绪较为悲观。
---
### **应用场景**
1. **判断主力动向**：  
   - 如果特大单和大单持续流入，而中单和小单流出，可能表明主力资金正在吸筹，后市可能上涨。
   - 如果特大单和大单持续流出，而中单和小单流入，可能表明主力资金正在出货，后市可能下跌。
2. **市场情绪分析**：  
   - 特大单和大单的流入可能表明市场情绪积极，而流出可能表明市场情绪消极。
   - 中单和小单的流入可能表明散户情绪乐观，而流出可能表明散户情绪悲观。
3. **辅助交易决策**：  
   - 结合资金流动数据，投资者可以更好地判断市场趋势，制定买入或卖出策略。
---
通过分析特大单、大单、中单、小单的资金流入与流出，投资者可以更好地了解市场资金的分布和动向，从而辅助投资决策。
---
<span style=""color:red"">注意：大盘类指数成分股非指数公布成分股</span>
以下指数成分股特殊处理，使用板块下成分股替换指数原有成分股：  
""16:1A0001"" -> ""BACA""  
""16:1A0002"" -> ""15""  
""16:1A0003"" -> ""16""  
""16:1B0688"" -> ""C902""  
""32:399001"" -> ""BAC9""  
""32:399002"" -> ""1B""  
""32:399003"" -> ""1C""
""32:399006"" -> ""CFE4""  
""144:899050"" -> ""CA8B""
示例：
指数代码为大盘类指数，需要使用市场级别代码表；示例：如1B0688，使用全部 68* 开头的代码作为指数成分股；",,false,[],"UUS,89,UDC,UBAX,UBAF,U31X,U31F,U32X,U32F",STANDARD_SNAPSHOT
medium_capital_inflow|中单资金流入|Medium Capital Inflow,security,metric_lookup,snapshot,market_code,medium_capital_inflow,medium_capital_inflow,{},{},stock-detail.json,snapshot,中单资金流入,Medium Capital Inflow,"在证券领域，**特大单、大单、中单、小单**是根据单笔交易的成交量或金额对资金流动进行分类的方式。这种分类主要用于分析市场资金的流向，帮助投资者判断主力资金（如机构、大户）和散户资金的动向。
---
### **计算公式**
```
中单资金流入 = 中单主动买入金额 + 中单被动买入金额
```
---
### **资金流入与流出**
- **资金流入**：  
  当资金流入某只股票时，意味着有资金主动买入该股票。通常表现为买单成交（买方主动以卖一价或更高价买入）。
- **资金流出**：  
  当资金流出某只股票时，意味着有资金主动卖出该股票。通常表现为卖单成交（卖方主动以买一价或更低价卖出）。
---
### **资金流动分析的意义**
1. **特大单与大单**：  
   - 反映主力资金的动向（如机构、大户）。
   - 特大单和大单的持续流入可能表明主力资金看好该股票，后市可能有上涨潜力。
   - 特大单和大单的持续流出可能表明主力资金正在撤离，后市可能有下跌风险。
2. **中单与小单**：  
   - 反映散户资金的动向。
   - 中单和小单的流入可能表明散户情绪较为乐观，但需结合主力资金动向综合判断。
   - 中单和小单的流出可能表明散户情绪较为悲观。
---
### **应用场景**
1. **判断主力动向**：  
   - 如果特大单和大单持续流入，而中单和小单流出，可能表明主力资金正在吸筹，后市可能上涨。
   - 如果特大单和大单持续流出，而中单和小单流入，可能表明主力资金正在出货，后市可能下跌。
2. **市场情绪分析**：  
   - 特大单和大单的流入可能表明市场情绪积极，而流出可能表明市场情绪消极。
   - 中单和小单的流入可能表明散户情绪乐观，而流出可能表明散户情绪悲观。
3. **辅助交易决策**：  
   - 结合资金流动数据，投资者可以更好地判断市场趋势，制定买入或卖出策略。
---
通过分析特大单、大单、中单、小单的资金流入与流出，投资者可以更好地了解市场资金的分布和动向，从而辅助投资决策。
---
<span style=""color:red"">注意：大盘类指数成分股非指数公布成分股</span>
以下指数成分股特殊处理，使用板块下成分股替换指数原有成分股：  
""16:1A0001"" -> ""BACA""  
""16:1A0002"" -> ""15""  
""16:1A0003"" -> ""16""  
""16:1B0688"" -> ""C902""  
""32:399001"" -> ""BAC9""  
""32:399002"" -> ""1B""  
""32:399003"" -> ""1C""
""32:399006"" -> ""CFE4""  
""144:899050"" -> ""CA8B""
示例：
指数代码为大盘类指数，需要使用市场级别代码表；示例：如1B0688，使用全部 68* 开头的代码作为指数成分股；",,false,[],"UUS,89,UDC,UBAX,UBAF,U31X,U31F,U32X,U32F",STANDARD_SNAPSHOT
passive_buy_large_order_volume|被动买入大单量|Big Passive Buy Volume,security,metric_lookup,snapshot,market_code,passive_buy_large_order_volume,passive_buy_large_order_volume,{},{},stock-detail.json,snapshot,被动买入大单量,Big Passive Buy Volume,被动买入大单量,,false,[],"UUS,89,UDC,UBAX,UBAF,U31X,U31F,U32X,U32F",STANDARD_SNAPSHOT
passive_buy_large_order_volume|被动买入大单量|Big Passive Buy Volume,security,metric_lookup,snapshot,market_code,passive_buy_large_order_volume,passive_buy_large_order_volume,{},{},stock-detail.json,snapshot,被动买入大单量,Big Passive Buy Volume,被动买入大单量,,false,[],"UUS,89,UDC,UBAX,UBAF,U31X,U31F,U32X,U32F",STANDARD_SNAPSHOT
passive_buy_large_order_volume|被动买入大单量|Big Passive Buy Volume,security,metric_lookup,snapshot,market_code,passive_buy_large_order_volume,passive_buy_large_order_volume,{},{},stock-detail.json,snapshot,被动买入大单量,Big Passive Buy Volume,被动买入大单量,,false,[],"UUS,89,UDC,UBAX,UBAF,U31X,U31F,U32X,U32F",STANDARD_SNAPSHOT
active_buy_mega_order_count|主动买入特大单笔数|Active Buy Extra Large Order Count,security,metric_lookup,snapshot,market_code,active_buy_mega_order_count,active_buy_mega_order_count,{},{},stock-detail.json,snapshot,主动买入特大单笔数,Active Buy Extra Large Order Count,主动买入特大单笔数,,false,[],"UUS,89,UDC,UBAX,UBAF,U31X,U31F,U32X,U32F",STANDARD_SNAPSHOT
active_buy_mega_order_count|主动买入特大单笔数|Active Buy Extra Large Order Count,security,metric_lookup,snapshot,market_code,active_buy_mega_order_count,active_buy_mega_order_count,{},{},stock-detail.json,snapshot,主动买入特大单笔数,Active Buy Extra Large Order Count,主动买入特大单笔数,,false,[],"UUS,89,UDC,UBAX,UBAF,U31X,U31F,U32X,U32F",STANDARD_SNAPSHOT
active_buy_mega_order_count|主动买入特大单笔数|Active Buy Extra Large Order Count,security,metric_lookup,snapshot,market_code,active_buy_mega_order_count,active_buy_mega_order_count,{},{},stock-detail.json,snapshot,主动买入特大单笔数,Active Buy Extra Large Order Count,主动买入特大单笔数,,false,[],"UUS,89,UDC,UBAX,UBAF,U31X,U31F,U32X,U32F",STANDARD_SNAPSHOT
active_buy_small_order_volume|主动买入小单量|Active Buy Small Order Volume,security,metric_lookup,snapshot,market_code,active_buy_small_order_volume,active_buy_small_order_volume,{},{},stock-detail.json,snapshot,主动买入小单量,Active Buy Small Order Volume,主动买入小单量,,false,[],"UUS,89,UDC,UBAX,UBAF,U31X,U31F,U32X,U32F",STANDARD_SNAPSHOT
active_buy_small_order_volume|主动买入小单量|Active Buy Small Order Volume,security,metric_lookup,snapshot,market_code,active_buy_small_order_volume,active_buy_small_order_volume,{},{},stock-detail.json,snapshot,主动买入小单量,Active Buy Small Order Volume,主动买入小单量,,false,[],"UUS,89,UDC,UBAX,UBAF,U31X,U31F,U32X,U32F",STANDARD_SNAPSHOT
active_buy_small_order_volume|主动买入小单量|Active Buy Small Order Volume,security,metric_lookup,snapshot,market_code,active_buy_small_order_volume,active_buy_small_order_volume,{},{},stock-detail.json,snapshot,主动买入小单量,Active Buy Small Order Volume,主动买入小单量,,false,[],"UUS,89,UDC,UBAX,UBAF,U31X,U31F,U32X,U32F",STANDARD_SNAPSHOT
active_buy_large_order_count|主动买入大单笔数|Active Buy Large Order Count,security,metric_lookup,snapshot,market_code,active_buy_large_order_count,active_buy_large_order_count,{},{},stock-detail.json,snapshot,主动买入大单笔数,Active Buy Large Order Count,主动买入大单笔数,,false,[],"UUS,89,UDC,UBAX,UBAF,U31X,U31F,U32X,U32F",STANDARD_SNAPSHOT
active_buy_large_order_count|主动买入大单笔数|Active Buy Large Order Count,security,metric_lookup,snapshot,market_code,active_buy_large_order_count,active_buy_large_order_count,{},{},stock-detail.json,snapshot,主动买入大单笔数,Active Buy Large Order Count,主动买入大单笔数,,false,[],"UUS,89,UDC,UBAX,UBAF,U31X,U31F,U32X,U32F",STANDARD_SNAPSHOT
active_buy_large_order_count|主动买入大单笔数|Active Buy Large Order Count,security,metric_lookup,snapshot,market_code,active_buy_large_order_count,active_buy_large_order_count,{},{},stock-detail.json,snapshot,主动买入大单笔数,Active Buy Large Order Count,主动买入大单笔数,,false,[],"UUS,89,UDC,UBAX,UBAF,U31X,U31F,U32X,U32F",STANDARD_SNAPSHOT
passive_buy_mega_order_count|被动买入特大单笔数|Count of Passive Buy Mega Orders,security,metric_lookup,snapshot,market_code,passive_buy_mega_order_count,passive_buy_mega_order_count,{},{},stock-detail.json,snapshot,被动买入特大单笔数,Count of Passive Buy Mega Orders,被动买入特大单笔数,,false,[],"UUS,89,UDC,UBAX,UBAF,U31X,U31F,U32X,U32F",STANDARD_SNAPSHOT
passive_buy_mega_order_count|被动买入特大单笔数|Count of Passive Buy Mega Orders,security,metric_lookup,snapshot,market_code,passive_buy_mega_order_count,passive_buy_mega_order_count,{},{},stock-detail.json,snapshot,被动买入特大单笔数,Count of Passive Buy Mega Orders,被动买入特大单笔数,,false,[],"UUS,89,UDC,UBAX,UBAF,U31X,U31F,U32X,U32F",STANDARD_SNAPSHOT
passive_buy_mega_order_count|被动买入特大单笔数|Count of Passive Buy Mega Orders,security,metric_lookup,snapshot,market_code,passive_buy_mega_order_count,passive_buy_mega_order_count,{},{},stock-detail.json,snapshot,被动买入特大单笔数,Count of Passive Buy Mega Orders,被动买入特大单笔数,,false,[],"UUS,89,UDC,UBAX,UBAF,U31X,U31F,U32X,U32F",STANDARD_SNAPSHOT
passive_sell_mega_order_count|被动卖出特大单笔数|Passive Sell Block Order Count,security,metric_lookup,snapshot,market_code,passive_sell_mega_order_count,passive_sell_mega_order_count,{},{},stock-detail.json,snapshot,被动卖出特大单笔数,Passive Sell Block Order Count,被动卖出特大单笔数,,false,[],"UUS,89,UDC,UBAX,UBAF,U31X,U31F,U32X,U32F",STANDARD_SNAPSHOT
passive_sell_mega_order_count|被动卖出特大单笔数|Passive Sell Block Order Count,security,metric_lookup,snapshot,market_code,passive_sell_mega_order_count,passive_sell_mega_order_count,{},{},stock-detail.json,snapshot,被动卖出特大单笔数,Passive Sell Block Order Count,被动卖出特大单笔数,,false,[],"UUS,89,UDC,UBAX,UBAF,U31X,U31F,U32X,U32F",STANDARD_SNAPSHOT
passive_sell_mega_order_count|被动卖出特大单笔数|Passive Sell Block Order Count,security,metric_lookup,snapshot,market_code,passive_sell_mega_order_count,passive_sell_mega_order_count,{},{},stock-detail.json,snapshot,被动卖出特大单笔数,Passive Sell Block Order Count,被动卖出特大单笔数,,false,[],"UUS,89,UDC,UBAX,UBAF,U31X,U31F,U32X,U32F",STANDARD_SNAPSHOT
medium_capital_outflow|中单资金流出|Medium Capital Outflow,security,metric_lookup,snapshot,market_code,medium_capital_outflow,medium_capital_outflow,{},{},stock-detail.json,snapshot,中单资金流出,Medium Capital Outflow,"在证券领域，**特大单、大单、中单、小单**是根据单笔交易的成交量或金额对资金流动进行分类的方式。这种分类主要用于分析市场资金的流向，帮助投资者判断主力资金（如机构、大户）和散户资金的动向。
---
### **计算公式**
```
中单资金流出 = 中单主动卖出金额 + 中单被动卖出金额
```
---
### **资金流入与流出**
- **资金流入**：  
  当资金流入某只股票时，意味着有资金主动买入该股票。通常表现为买单成交（买方主动以卖一价或更高价买入）。
- **资金流出**：  
  当资金流出某只股票时，意味着有资金主动卖出该股票。通常表现为卖单成交（卖方主动以买一价或更低价卖出）。
---
### **资金流动分析的意义**
1. **特大单与大单**：  
   - 反映主力资金的动向（如机构、大户）。
   - 特大单和大单的持续流入可能表明主力资金看好该股票，后市可能有上涨潜力。
   - 特大单和大单的持续流出可能表明主力资金正在撤离，后市可能有下跌风险。
2. **中单与小单**：  
   - 反映散户资金的动向。
   - 中单和小单的流入可能表明散户情绪较为乐观，但需结合主力资金动向综合判断。
   - 中单和小单的流出可能表明散户情绪较为悲观。
---
### **应用场景**
1. **判断主力动向**：  
   - 如果特大单和大单持续流入，而中单和小单流出，可能表明主力资金正在吸筹，后市可能上涨。
   - 如果特大单和大单持续流出，而中单和小单流入，可能表明主力资金正在出货，后市可能下跌。
2. **市场情绪分析**：  
   - 特大单和大单的流入可能表明市场情绪积极，而流出可能表明市场情绪消极。
   - 中单和小单的流入可能表明散户情绪乐观，而流出可能表明散户情绪悲观。
3. **辅助交易决策**：  
   - 结合资金流动数据，投资者可以更好地判断市场趋势，制定买入或卖出策略。
---
通过分析特大单、大单、中单、小单的资金流入与流出，投资者可以更好地了解市场资金的分布和动向，从而辅助投资决策。
---
<span style=""color:red"">注意：大盘类指数成分股非指数公布成分股</span>
以下指数成分股特殊处理，使用板块下成分股替换指数原有成分股：  
""16:1A0001"" -> ""BACA""  
""16:1A0002"" -> ""15""  
""16:1A0003"" -> ""16""  
""16:1B0688"" -> ""C902""  
""32:399001"" -> ""BAC9""  
""32:399002"" -> ""1B""  
""32:399003"" -> ""1C""
""32:399006"" -> ""CFE4""  
""144:899050"" -> ""CA8B""
示例：
指数代码为大盘类指数，需要使用市场级别代码表；示例：如1B0688，使用全部 68* 开头的代码作为指数成分股；",,false,[],"UUS,89,UDC,UBAX,UBAF,U31X,U31F,U32X,U32F",STANDARD_SNAPSHOT
medium_capital_outflow|中单资金流出|Medium Capital Outflow,security,metric_lookup,snapshot,market_code,medium_capital_outflow,medium_capital_outflow,{},{},stock-detail.json,snapshot,中单资金流出,Medium Capital Outflow,"在证券领域，**特大单、大单、中单、小单**是根据单笔交易的成交量或金额对资金流动进行分类的方式。这种分类主要用于分析市场资金的流向，帮助投资者判断主力资金（如机构、大户）和散户资金的动向。
---
### **计算公式**
```
中单资金流出 = 中单主动卖出金额 + 中单被动卖出金额
```
---
### **资金流入与流出**
- **资金流入**：  
  当资金流入某只股票时，意味着有资金主动买入该股票。通常表现为买单成交（买方主动以卖一价或更高价买入）。
- **资金流出**：  
  当资金流出某只股票时，意味着有资金主动卖出该股票。通常表现为卖单成交（卖方主动以买一价或更低价卖出）。
---
### **资金流动分析的意义**
1. **特大单与大单**：  
   - 反映主力资金的动向（如机构、大户）。
   - 特大单和大单的持续流入可能表明主力资金看好该股票，后市可能有上涨潜力。
   - 特大单和大单的持续流出可能表明主力资金正在撤离，后市可能有下跌风险。
2. **中单与小单**：  
   - 反映散户资金的动向。
   - 中单和小单的流入可能表明散户情绪较为乐观，但需结合主力资金动向综合判断。
   - 中单和小单的流出可能表明散户情绪较为悲观。
---
### **应用场景**
1. **判断主力动向**：  
   - 如果特大单和大单持续流入，而中单和小单流出，可能表明主力资金正在吸筹，后市可能上涨。
   - 如果特大单和大单持续流出，而中单和小单流入，可能表明主力资金正在出货，后市可能下跌。
2. **市场情绪分析**：  
   - 特大单和大单的流入可能表明市场情绪积极，而流出可能表明市场情绪消极。
   - 中单和小单的流入可能表明散户情绪乐观，而流出可能表明散户情绪悲观。
3. **辅助交易决策**：  
   - 结合资金流动数据，投资者可以更好地判断市场趋势，制定买入或卖出策略。
---
通过分析特大单、大单、中单、小单的资金流入与流出，投资者可以更好地了解市场资金的分布和动向，从而辅助投资决策。
---
<span style=""color:red"">注意：大盘类指数成分股非指数公布成分股</span>
以下指数成分股特殊处理，使用板块下成分股替换指数原有成分股：  
""16:1A0001"" -> ""BACA""  
""16:1A0002"" -> ""15""  
""16:1A0003"" -> ""16""  
""16:1B0688"" -> ""C902""  
""32:399001"" -> ""BAC9""  
""32:399002"" -> ""1B""  
""32:399003"" -> ""1C""
""32:399006"" -> ""CFE4""  
""144:899050"" -> ""CA8B""
示例：
指数代码为大盘类指数，需要使用市场级别代码表；示例：如1B0688，使用全部 68* 开头的代码作为指数成分股；",,false,[],"UUS,89,UDC,UBAX,UBAF,U31X,U31F,U32X,U32F",STANDARD_SNAPSHOT
medium_capital_outflow|中单资金流出|Medium Capital Outflow,security,metric_lookup,snapshot,market_code,medium_capital_outflow,medium_capital_outflow,{},{},stock-detail.json,snapshot,中单资金流出,Medium Capital Outflow,"在证券领域，**特大单、大单、中单、小单**是根据单笔交易的成交量或金额对资金流动进行分类的方式。这种分类主要用于分析市场资金的流向，帮助投资者判断主力资金（如机构、大户）和散户资金的动向。
---
### **计算公式**
```
中单资金流出 = 中单主动卖出金额 + 中单被动卖出金额
```
---
### **资金流入与流出**
- **资金流入**：  
  当资金流入某只股票时，意味着有资金主动买入该股票。通常表现为买单成交（买方主动以卖一价或更高价买入）。
- **资金流出**：  
  当资金流出某只股票时，意味着有资金主动卖出该股票。通常表现为卖单成交（卖方主动以买一价或更低价卖出）。
---
### **资金流动分析的意义**
1. **特大单与大单**：  
   - 反映主力资金的动向（如机构、大户）。
   - 特大单和大单的持续流入可能表明主力资金看好该股票，后市可能有上涨潜力。
   - 特大单和大单的持续流出可能表明主力资金正在撤离，后市可能有下跌风险。
2. **中单与小单**：  
   - 反映散户资金的动向。
   - 中单和小单的流入可能表明散户情绪较为乐观，但需结合主力资金动向综合判断。
   - 中单和小单的流出可能表明散户情绪较为悲观。
---
### **应用场景**
1. **判断主力动向**：  
   - 如果特大单和大单持续流入，而中单和小单流出，可能表明主力资金正在吸筹，后市可能上涨。
   - 如果特大单和大单持续流出，而中单和小单流入，可能表明主力资金正在出货，后市可能下跌。
2. **市场情绪分析**：  
   - 特大单和大单的流入可能表明市场情绪积极，而流出可能表明市场情绪消极。
   - 中单和小单的流入可能表明散户情绪乐观，而流出可能表明散户情绪悲观。
3. **辅助交易决策**：  
   - 结合资金流动数据，投资者可以更好地判断市场趋势，制定买入或卖出策略。
---
通过分析特大单、大单、中单、小单的资金流入与流出，投资者可以更好地了解市场资金的分布和动向，从而辅助投资决策。
---
<span style=""color:red"">注意：大盘类指数成分股非指数公布成分股</span>
以下指数成分股特殊处理，使用板块下成分股替换指数原有成分股：  
""16:1A0001"" -> ""BACA""  
""16:1A0002"" -> ""15""  
""16:1A0003"" -> ""16""  
""16:1B0688"" -> ""C902""  
""32:399001"" -> ""BAC9""  
""32:399002"" -> ""1B""  
""32:399003"" -> ""1C""
""32:399006"" -> ""CFE4""  
""144:899050"" -> ""CA8B""
示例：
指数代码为大盘类指数，需要使用市场级别代码表；示例：如1B0688，使用全部 68* 开头的代码作为指数成分股；",,false,[],"UUS,89,UDC,UBAX,UBAF,U31X,U31F,U32X,U32F",STANDARD_SNAPSHOT
mass_capital_outflow|特大单资金流出|Block Trade Outflow,security,metric_lookup,snapshot,market_code,mass_capital_outflow,mass_capital_outflow,{},{},stock-detail.json,snapshot,特大单资金流出,Block Trade Outflow,"在证券领域，**特大单、大单、中单、小单**是根据单笔交易的成交量或金额对资金流动进行分类的方式。这种分类主要用于分析市场资金的流向，帮助投资者判断主力资金（如机构、大户）和散户资金的动向。
---
### **计算公式**
```
特大单资金流出 = 特大单主动卖出金额 + 特大单被动卖出金额
```
---
### **资金流入与流出**
- **资金流入**：  
  当资金流入某只股票时，意味着有资金主动买入该股票。通常表现为买单成交（买方主动以卖一价或更高价买入）。
- **资金流出**：  
  当资金流出某只股票时，意味着有资金主动卖出该股票。通常表现为卖单成交（卖方主动以买一价或更低价卖出）。
---
### **资金流动分析的意义**
1. **特大单与大单**：  
   - 反映主力资金的动向（如机构、大户）。
   - 特大单和大单的持续流入可能表明主力资金看好该股票，后市可能有上涨潜力。
   - 特大单和大单的持续流出可能表明主力资金正在撤离，后市可能有下跌风险。
2. **中单与小单**：  
   - 反映散户资金的动向。
   - 中单和小单的流入可能表明散户情绪较为乐观，但需结合主力资金动向综合判断。
   - 中单和小单的流出可能表明散户情绪较为悲观。
---
### **应用场景**
1. **判断主力动向**：  
   - 如果特大单和大单持续流入，而中单和小单流出，可能表明主力资金正在吸筹，后市可能上涨。
   - 如果特大单和大单持续流出，而中单和小单流入，可能表明主力资金正在出货，后市可能下跌。
2. **市场情绪分析**：  
   - 特大单和大单的流入可能表明市场情绪积极，而流出可能表明市场情绪消极。
   - 中单和小单的流入可能表明散户情绪乐观，而流出可能表明散户情绪悲观。
3. **辅助交易决策**：  
   - 结合资金流动数据，投资者可以更好地判断市场趋势，制定买入或卖出策略。
---
通过分析特大单、大单、中单、小单的资金流入与流出，投资者可以更好地了解市场资金的分布和动向，从而辅助投资决策。
---
<span style=""color:red"">注意：大盘类指数成分股非指数公布成分股</span>
以下指数成分股特殊处理，使用板块下成分股替换指数原有成分股：  
""16:1A0001"" -> ""BACA""  
""16:1A0002"" -> ""15""  
""16:1A0003"" -> ""16""  
""16:1B0688"" -> ""C902""  
""32:399001"" -> ""BAC9""  
""32:399002"" -> ""1B""  
""32:399003"" -> ""1C""
""32:399006"" -> ""CFE4""  
""144:899050"" -> ""CA8B""
示例：
指数代码为大盘类指数，需要使用市场级别代码表；示例：如1B0688，使用全部 68* 开头的代码作为指数成分股；",,false,[],"UUS,89,UDC,UBAX,UBAF,U31X,U31F,U32X,U32F",STANDARD_SNAPSHOT
mass_capital_outflow|特大单资金流出|Block Trade Outflow,security,metric_lookup,snapshot,market_code,mass_capital_outflow,mass_capital_outflow,{},{},stock-detail.json,snapshot,特大单资金流出,Block Trade Outflow,"在证券领域，**特大单、大单、中单、小单**是根据单笔交易的成交量或金额对资金流动进行分类的方式。这种分类主要用于分析市场资金的流向，帮助投资者判断主力资金（如机构、大户）和散户资金的动向。
---
### **计算公式**
```
特大单资金流出 = 特大单主动卖出金额 + 特大单被动卖出金额
```
---
### **资金流入与流出**
- **资金流入**：  
  当资金流入某只股票时，意味着有资金主动买入该股票。通常表现为买单成交（买方主动以卖一价或更高价买入）。
- **资金流出**：  
  当资金流出某只股票时，意味着有资金主动卖出该股票。通常表现为卖单成交（卖方主动以买一价或更低价卖出）。
---
### **资金流动分析的意义**
1. **特大单与大单**：  
   - 反映主力资金的动向（如机构、大户）。
   - 特大单和大单的持续流入可能表明主力资金看好该股票，后市可能有上涨潜力。
   - 特大单和大单的持续流出可能表明主力资金正在撤离，后市可能有下跌风险。
2. **中单与小单**：  
   - 反映散户资金的动向。
   - 中单和小单的流入可能表明散户情绪较为乐观，但需结合主力资金动向综合判断。
   - 中单和小单的流出可能表明散户情绪较为悲观。
---
### **应用场景**
1. **判断主力动向**：  
   - 如果特大单和大单持续流入，而中单和小单流出，可能表明主力资金正在吸筹，后市可能上涨。
   - 如果特大单和大单持续流出，而中单和小单流入，可能表明主力资金正在出货，后市可能下跌。
2. **市场情绪分析**：  
   - 特大单和大单的流入可能表明市场情绪积极，而流出可能表明市场情绪消极。
   - 中单和小单的流入可能表明散户情绪乐观，而流出可能表明散户情绪悲观。
3. **辅助交易决策**：  
   - 结合资金流动数据，投资者可以更好地判断市场趋势，制定买入或卖出策略。
---
通过分析特大单、大单、中单、小单的资金流入与流出，投资者可以更好地了解市场资金的分布和动向，从而辅助投资决策。
---
<span style=""color:red"">注意：大盘类指数成分股非指数公布成分股</span>
以下指数成分股特殊处理，使用板块下成分股替换指数原有成分股：  
""16:1A0001"" -> ""BACA""  
""16:1A0002"" -> ""15""  
""16:1A0003"" -> ""16""  
""16:1B0688"" -> ""C902""  
""32:399001"" -> ""BAC9""  
""32:399002"" -> ""1B""  
""32:399003"" -> ""1C""
""32:399006"" -> ""CFE4""  
""144:899050"" -> ""CA8B""
示例：
指数代码为大盘类指数，需要使用市场级别代码表；示例：如1B0688，使用全部 68* 开头的代码作为指数成分股；",,false,[],"UUS,89,UDC,UBAX,UBAF,U31X,U31F,U32X,U32F",STANDARD_SNAPSHOT
mass_capital_outflow|特大单资金流出|Block Trade Outflow,security,metric_lookup,snapshot,market_code,mass_capital_outflow,mass_capital_outflow,{},{},stock-detail.json,snapshot,特大单资金流出,Block Trade Outflow,"在证券领域，**特大单、大单、中单、小单**是根据单笔交易的成交量或金额对资金流动进行分类的方式。这种分类主要用于分析市场资金的流向，帮助投资者判断主力资金（如机构、大户）和散户资金的动向。
---
### **计算公式**
```
特大单资金流出 = 特大单主动卖出金额 + 特大单被动卖出金额
```
---
### **资金流入与流出**
- **资金流入**：  
  当资金流入某只股票时，意味着有资金主动买入该股票。通常表现为买单成交（买方主动以卖一价或更高价买入）。
- **资金流出**：  
  当资金流出某只股票时，意味着有资金主动卖出该股票。通常表现为卖单成交（卖方主动以买一价或更低价卖出）。
---
### **资金流动分析的意义**
1. **特大单与大单**：  
   - 反映主力资金的动向（如机构、大户）。
   - 特大单和大单的持续流入可能表明主力资金看好该股票，后市可能有上涨潜力。
   - 特大单和大单的持续流出可能表明主力资金正在撤离，后市可能有下跌风险。
2. **中单与小单**：  
   - 反映散户资金的动向。
   - 中单和小单的流入可能表明散户情绪较为乐观，但需结合主力资金动向综合判断。
   - 中单和小单的流出可能表明散户情绪较为悲观。
---
### **应用场景**
1. **判断主力动向**：  
   - 如果特大单和大单持续流入，而中单和小单流出，可能表明主力资金正在吸筹，后市可能上涨。
   - 如果特大单和大单持续流出，而中单和小单流入，可能表明主力资金正在出货，后市可能下跌。
2. **市场情绪分析**：  
   - 特大单和大单的流入可能表明市场情绪积极，而流出可能表明市场情绪消极。
   - 中单和小单的流入可能表明散户情绪乐观，而流出可能表明散户情绪悲观。
3. **辅助交易决策**：  
   - 结合资金流动数据，投资者可以更好地判断市场趋势，制定买入或卖出策略。
---
通过分析特大单、大单、中单、小单的资金流入与流出，投资者可以更好地了解市场资金的分布和动向，从而辅助投资决策。
---
<span style=""color:red"">注意：大盘类指数成分股非指数公布成分股</span>
以下指数成分股特殊处理，使用板块下成分股替换指数原有成分股：  
""16:1A0001"" -> ""BACA""  
""16:1A0002"" -> ""15""  
""16:1A0003"" -> ""16""  
""16:1B0688"" -> ""C902""  
""32:399001"" -> ""BAC9""  
""32:399002"" -> ""1B""  
""32:399003"" -> ""1C""
""32:399006"" -> ""CFE4""  
""144:899050"" -> ""CA8B""
示例：
指数代码为大盘类指数，需要使用市场级别代码表；示例：如1B0688，使用全部 68* 开头的代码作为指数成分股；",,false,[],"UUS,89,UDC,UBAX,UBAF,U31X,U31F,U32X,U32F",STANDARD_SNAPSHOT
big_capital_inflow|大单资金流入|Big Capital Inflow,security,metric_lookup,snapshot,market_code,big_capital_inflow,big_capital_inflow,{},{},stock-detail.json,snapshot,大单资金流入,Big Capital Inflow,"在证券领域，**特大单、大单、中单、小单**是根据单笔交易的成交量或金额对资金流动进行分类的方式。这种分类主要用于分析市场资金的流向，帮助投资者判断主力资金（如机构、大户）和散户资金的动向。
---
### **计算公式**
```
大单资金流入 = 大单主动买入金额 + 大单被动买入金额
```
---
### **资金流入与流出**
- **资金流入**：  
  当资金流入某只股票时，意味着有资金主动买入该股票。通常表现为买单成交（买方主动以卖一价或更高价买入）。
- **资金流出**：  
  当资金流出某只股票时，意味着有资金主动卖出该股票。通常表现为卖单成交（卖方主动以买一价或更低价卖出）。
---
### **资金流动分析的意义**
1. **特大单与大单**：  
   - 反映主力资金的动向（如机构、大户）。
   - 特大单和大单的持续流入可能表明主力资金看好该股票，后市可能有上涨潜力。
   - 特大单和大单的持续流出可能表明主力资金正在撤离，后市可能有下跌风险。
2. **中单与小单**：  
   - 反映散户资金的动向。
   - 中单和小单的流入可能表明散户情绪较为乐观，但需结合主力资金动向综合判断。
   - 中单和小单的流出可能表明散户情绪较为悲观。
---
### **应用场景**
1. **判断主力动向**：  
   - 如果特大单和大单持续流入，而中单和小单流出，可能表明主力资金正在吸筹，后市可能上涨。
   - 如果特大单和大单持续流出，而中单和小单流入，可能表明主力资金正在出货，后市可能下跌。
2. **市场情绪分析**：  
   - 特大单和大单的流入可能表明市场情绪积极，而流出可能表明市场情绪消极。
   - 中单和小单的流入可能表明散户情绪乐观，而流出可能表明散户情绪悲观。
3. **辅助交易决策**：  
   - 结合资金流动数据，投资者可以更好地判断市场趋势，制定买入或卖出策略。
---
通过分析特大单、大单、中单、小单的资金流入与流出，投资者可以更好地了解市场资金的分布和动向，从而辅助投资决策。
---
<span style=""color:red"">注意：大盘类指数成分股非指数公布成分股</span>
以下指数成分股特殊处理，使用板块下成分股替换指数原有成分股：  
""16:1A0001"" -> ""BACA""  
""16:1A0002"" -> ""15""  
""16:1A0003"" -> ""16""  
""16:1B0688"" -> ""C902""  
""32:399001"" -> ""BAC9""  
""32:399002"" -> ""1B""  
""32:399003"" -> ""1C""
""32:399006"" -> ""CFE4""  
""144:899050"" -> ""CA8B""
示例：
指数代码为大盘类指数，需要使用市场级别代码表；示例：如1B0688，使用全部 68* 开头的代码作为指数成分股；",,false,[],"UUS,89,UDC,UBAX,UBAF,U31X,U31F,U32X,U32F",STANDARD_SNAPSHOT
big_capital_inflow|大单资金流入|Big Capital Inflow,security,metric_lookup,snapshot,market_code,big_capital_inflow,big_capital_inflow,{},{},stock-detail.json,snapshot,大单资金流入,Big Capital Inflow,"在证券领域，**特大单、大单、中单、小单**是根据单笔交易的成交量或金额对资金流动进行分类的方式。这种分类主要用于分析市场资金的流向，帮助投资者判断主力资金（如机构、大户）和散户资金的动向。
---
### **计算公式**
```
大单资金流入 = 大单主动买入金额 + 大单被动买入金额
```
---
### **资金流入与流出**
- **资金流入**：  
  当资金流入某只股票时，意味着有资金主动买入该股票。通常表现为买单成交（买方主动以卖一价或更高价买入）。
- **资金流出**：  
  当资金流出某只股票时，意味着有资金主动卖出该股票。通常表现为卖单成交（卖方主动以买一价或更低价卖出）。
---
### **资金流动分析的意义**
1. **特大单与大单**：  
   - 反映主力资金的动向（如机构、大户）。
   - 特大单和大单的持续流入可能表明主力资金看好该股票，后市可能有上涨潜力。
   - 特大单和大单的持续流出可能表明主力资金正在撤离，后市可能有下跌风险。
2. **中单与小单**：  
   - 反映散户资金的动向。
   - 中单和小单的流入可能表明散户情绪较为乐观，但需结合主力资金动向综合判断。
   - 中单和小单的流出可能表明散户情绪较为悲观。
---
### **应用场景**
1. **判断主力动向**：  
   - 如果特大单和大单持续流入，而中单和小单流出，可能表明主力资金正在吸筹，后市可能上涨。
   - 如果特大单和大单持续流出，而中单和小单流入，可能表明主力资金正在出货，后市可能下跌。
2. **市场情绪分析**：  
   - 特大单和大单的流入可能表明市场情绪积极，而流出可能表明市场情绪消极。
   - 中单和小单的流入可能表明散户情绪乐观，而流出可能表明散户情绪悲观。
3. **辅助交易决策**：  
   - 结合资金流动数据，投资者可以更好地判断市场趋势，制定买入或卖出策略。
---
通过分析特大单、大单、中单、小单的资金流入与流出，投资者可以更好地了解市场资金的分布和动向，从而辅助投资决策。
---
<span style=""color:red"">注意：大盘类指数成分股非指数公布成分股</span>
以下指数成分股特殊处理，使用板块下成分股替换指数原有成分股：  
""16:1A0001"" -> ""BACA""  
""16:1A0002"" -> ""15""  
""16:1A0003"" -> ""16""  
""16:1B0688"" -> ""C902""  
""32:399001"" -> ""BAC9""  
""32:399002"" -> ""1B""  
""32:399003"" -> ""1C""
""32:399006"" -> ""CFE4""  
""144:899050"" -> ""CA8B""
示例：
指数代码为大盘类指数，需要使用市场级别代码表；示例：如1B0688，使用全部 68* 开头的代码作为指数成分股；",,false,[],"UUS,89,UDC,UBAX,UBAF,U31X,U31F,U32X,U32F",STANDARD_SNAPSHOT
big_capital_inflow|大单资金流入|Big Capital Inflow,security,metric_lookup,snapshot,market_code,big_capital_inflow,big_capital_inflow,{},{},stock-detail.json,snapshot,大单资金流入,Big Capital Inflow,"在证券领域，**特大单、大单、中单、小单**是根据单笔交易的成交量或金额对资金流动进行分类的方式。这种分类主要用于分析市场资金的流向，帮助投资者判断主力资金（如机构、大户）和散户资金的动向。
---
### **计算公式**
```
大单资金流入 = 大单主动买入金额 + 大单被动买入金额
```
---
### **资金流入与流出**
- **资金流入**：  
  当资金流入某只股票时，意味着有资金主动买入该股票。通常表现为买单成交（买方主动以卖一价或更高价买入）。
- **资金流出**：  
  当资金流出某只股票时，意味着有资金主动卖出该股票。通常表现为卖单成交（卖方主动以买一价或更低价卖出）。
---
### **资金流动分析的意义**
1. **特大单与大单**：  
   - 反映主力资金的动向（如机构、大户）。
   - 特大单和大单的持续流入可能表明主力资金看好该股票，后市可能有上涨潜力。
   - 特大单和大单的持续流出可能表明主力资金正在撤离，后市可能有下跌风险。
2. **中单与小单**：  
   - 反映散户资金的动向。
   - 中单和小单的流入可能表明散户情绪较为乐观，但需结合主力资金动向综合判断。
   - 中单和小单的流出可能表明散户情绪较为悲观。
---
### **应用场景**
1. **判断主力动向**：  
   - 如果特大单和大单持续流入，而中单和小单流出，可能表明主力资金正在吸筹，后市可能上涨。
   - 如果特大单和大单持续流出，而中单和小单流入，可能表明主力资金正在出货，后市可能下跌。
2. **市场情绪分析**：  
   - 特大单和大单的流入可能表明市场情绪积极，而流出可能表明市场情绪消极。
   - 中单和小单的流入可能表明散户情绪乐观，而流出可能表明散户情绪悲观。
3. **辅助交易决策**：  
   - 结合资金流动数据，投资者可以更好地判断市场趋势，制定买入或卖出策略。
---
通过分析特大单、大单、中单、小单的资金流入与流出，投资者可以更好地了解市场资金的分布和动向，从而辅助投资决策。
---
<span style=""color:red"">注意：大盘类指数成分股非指数公布成分股</span>
以下指数成分股特殊处理，使用板块下成分股替换指数原有成分股：  
""16:1A0001"" -> ""BACA""  
""16:1A0002"" -> ""15""  
""16:1A0003"" -> ""16""  
""16:1B0688"" -> ""C902""  
""32:399001"" -> ""BAC9""  
""32:399002"" -> ""1B""  
""32:399003"" -> ""1C""
""32:399006"" -> ""CFE4""  
""144:899050"" -> ""CA8B""
示例：
指数代码为大盘类指数，需要使用市场级别代码表；示例：如1B0688，使用全部 68* 开头的代码作为指数成分股；",,false,[],"UUS,89,UDC,UBAX,UBAF,U31X,U31F,U32X,U32F",STANDARD_SNAPSHOT
mass_capital_inflow|特大单资金流入|Big Lot Inflow,security,metric_lookup,snapshot,market_code,mass_capital_inflow,mass_capital_inflow,{},{},stock-detail.json,snapshot,特大单资金流入,Big Lot Inflow,"在证券领域，**特大单、大单、中单、小单**是根据单笔交易的成交量或金额对资金流动进行分类的方式。这种分类主要用于分析市场资金的流向，帮助投资者判断主力资金（如机构、大户）和散户资金的动向。
---
### **计算公式**
```
特大单资金流入 = 特大单主动买入金额 + 特大单被动买入金额
```
---
### **资金流入与流出**
- **资金流入**：  
  当资金流入某只股票时，意味着有资金主动买入该股票。通常表现为买单成交（买方主动以卖一价或更高价买入）。
- **资金流出**：  
  当资金流出某只股票时，意味着有资金主动卖出该股票。通常表现为卖单成交（卖方主动以买一价或更低价卖出）。
---
### **资金流动分析的意义**
1. **特大单与大单**：  
   - 反映主力资金的动向（如机构、大户）。
   - 特大单和大单的持续流入可能表明主力资金看好该股票，后市可能有上涨潜力。
   - 特大单和大单的持续流出可能表明主力资金正在撤离，后市可能有下跌风险。
2. **中单与小单**：  
   - 反映散户资金的动向。
   - 中单和小单的流入可能表明散户情绪较为乐观，但需结合主力资金动向综合判断。
   - 中单和小单的流出可能表明散户情绪较为悲观。
---
### **应用场景**
1. **判断主力动向**：  
   - 如果特大单和大单持续流入，而中单和小单流出，可能表明主力资金正在吸筹，后市可能上涨。
   - 如果特大单和大单持续流出，而中单和小单流入，可能表明主力资金正在出货，后市可能下跌。
2. **市场情绪分析**：  
   - 特大单和大单的流入可能表明市场情绪积极，而流出可能表明市场情绪消极。
   - 中单和小单的流入可能表明散户情绪乐观，而流出可能表明散户情绪悲观。
3. **辅助交易决策**：  
   - 结合资金流动数据，投资者可以更好地判断市场趋势，制定买入或卖出策略。
---
通过分析特大单、大单、中单、小单的资金流入与流出，投资者可以更好地了解市场资金的分布和动向，从而辅助投资决策。
---
<span style=""color:red"">注意：大盘类指数成分股非指数公布成分股</span>
以下指数成分股特殊处理，使用板块下成分股替换指数原有成分股：  
""16:1A0001"" -> ""BACA""  
""16:1A0002"" -> ""15""  
""16:1A0003"" -> ""16""  
""16:1B0688"" -> ""C902""  
""32:399001"" -> ""BAC9""  
""32:399002"" -> ""1B""  
""32:399003"" -> ""1C""
""32:399006"" -> ""CFE4""  
""144:899050"" -> ""CA8B""
示例：
指数代码为大盘类指数，需要使用市场级别代码表；示例：如1B0688，使用全部 68* 开头的代码作为指数成分股；",,false,[],"UUS,89,UDC,UBAX,UBAF,U31X,U31F,U32X,U32F",STANDARD_SNAPSHOT
mass_capital_inflow|特大单资金流入|Big Lot Inflow,security,metric_lookup,snapshot,market_code,mass_capital_inflow,mass_capital_inflow,{},{},stock-detail.json,snapshot,特大单资金流入,Big Lot Inflow,"在证券领域，**特大单、大单、中单、小单**是根据单笔交易的成交量或金额对资金流动进行分类的方式。这种分类主要用于分析市场资金的流向，帮助投资者判断主力资金（如机构、大户）和散户资金的动向。
---
### **计算公式**
```
特大单资金流入 = 特大单主动买入金额 + 特大单被动买入金额
```
---
### **资金流入与流出**
- **资金流入**：  
  当资金流入某只股票时，意味着有资金主动买入该股票。通常表现为买单成交（买方主动以卖一价或更高价买入）。
- **资金流出**：  
  当资金流出某只股票时，意味着有资金主动卖出该股票。通常表现为卖单成交（卖方主动以买一价或更低价卖出）。
---
### **资金流动分析的意义**
1. **特大单与大单**：  
   - 反映主力资金的动向（如机构、大户）。
   - 特大单和大单的持续流入可能表明主力资金看好该股票，后市可能有上涨潜力。
   - 特大单和大单的持续流出可能表明主力资金正在撤离，后市可能有下跌风险。
2. **中单与小单**：  
   - 反映散户资金的动向。
   - 中单和小单的流入可能表明散户情绪较为乐观，但需结合主力资金动向综合判断。
   - 中单和小单的流出可能表明散户情绪较为悲观。
---
### **应用场景**
1. **判断主力动向**：  
   - 如果特大单和大单持续流入，而中单和小单流出，可能表明主力资金正在吸筹，后市可能上涨。
   - 如果特大单和大单持续流出，而中单和小单流入，可能表明主力资金正在出货，后市可能下跌。
2. **市场情绪分析**：  
   - 特大单和大单的流入可能表明市场情绪积极，而流出可能表明市场情绪消极。
   - 中单和小单的流入可能表明散户情绪乐观，而流出可能表明散户情绪悲观。
3. **辅助交易决策**：  
   - 结合资金流动数据，投资者可以更好地判断市场趋势，制定买入或卖出策略。
---
通过分析特大单、大单、中单、小单的资金流入与流出，投资者可以更好地了解市场资金的分布和动向，从而辅助投资决策。
---
<span style=""color:red"">注意：大盘类指数成分股非指数公布成分股</span>
以下指数成分股特殊处理，使用板块下成分股替换指数原有成分股：  
""16:1A0001"" -> ""BACA""  
""16:1A0002"" -> ""15""  
""16:1A0003"" -> ""16""  
""16:1B0688"" -> ""C902""  
""32:399001"" -> ""BAC9""  
""32:399002"" -> ""1B""  
""32:399003"" -> ""1C""
""32:399006"" -> ""CFE4""  
""144:899050"" -> ""CA8B""
示例：
指数代码为大盘类指数，需要使用市场级别代码表；示例：如1B0688，使用全部 68* 开头的代码作为指数成分股；",,false,[],"UUS,89,UDC,UBAX,UBAF,U31X,U31F,U32X,U32F",STANDARD_SNAPSHOT
mass_capital_inflow|特大单资金流入|Big Lot Inflow,security,metric_lookup,snapshot,market_code,mass_capital_inflow,mass_capital_inflow,{},{},stock-detail.json,snapshot,特大单资金流入,Big Lot Inflow,"在证券领域，**特大单、大单、中单、小单**是根据单笔交易的成交量或金额对资金流动进行分类的方式。这种分类主要用于分析市场资金的流向，帮助投资者判断主力资金（如机构、大户）和散户资金的动向。
---
### **计算公式**
```
特大单资金流入 = 特大单主动买入金额 + 特大单被动买入金额
```
---
### **资金流入与流出**
- **资金流入**：  
  当资金流入某只股票时，意味着有资金主动买入该股票。通常表现为买单成交（买方主动以卖一价或更高价买入）。
- **资金流出**：  
  当资金流出某只股票时，意味着有资金主动卖出该股票。通常表现为卖单成交（卖方主动以买一价或更低价卖出）。
---
### **资金流动分析的意义**
1. **特大单与大单**：  
   - 反映主力资金的动向（如机构、大户）。
   - 特大单和大单的持续流入可能表明主力资金看好该股票，后市可能有上涨潜力。
   - 特大单和大单的持续流出可能表明主力资金正在撤离，后市可能有下跌风险。
2. **中单与小单**：  
   - 反映散户资金的动向。
   - 中单和小单的流入可能表明散户情绪较为乐观，但需结合主力资金动向综合判断。
   - 中单和小单的流出可能表明散户情绪较为悲观。
---
### **应用场景**
1. **判断主力动向**：  
   - 如果特大单和大单持续流入，而中单和小单流出，可能表明主力资金正在吸筹，后市可能上涨。
   - 如果特大单和大单持续流出，而中单和小单流入，可能表明主力资金正在出货，后市可能下跌。
2. **市场情绪分析**：  
   - 特大单和大单的流入可能表明市场情绪积极，而流出可能表明市场情绪消极。
   - 中单和小单的流入可能表明散户情绪乐观，而流出可能表明散户情绪悲观。
3. **辅助交易决策**：  
   - 结合资金流动数据，投资者可以更好地判断市场趋势，制定买入或卖出策略。
---
通过分析特大单、大单、中单、小单的资金流入与流出，投资者可以更好地了解市场资金的分布和动向，从而辅助投资决策。
---
<span style=""color:red"">注意：大盘类指数成分股非指数公布成分股</span>
以下指数成分股特殊处理，使用板块下成分股替换指数原有成分股：  
""16:1A0001"" -> ""BACA""  
""16:1A0002"" -> ""15""  
""16:1A0003"" -> ""16""  
""16:1B0688"" -> ""C902""  
""32:399001"" -> ""BAC9""  
""32:399002"" -> ""1B""  
""32:399003"" -> ""1C""
""32:399006"" -> ""CFE4""  
""144:899050"" -> ""CA8B""
示例：
指数代码为大盘类指数，需要使用市场级别代码表；示例：如1B0688，使用全部 68* 开头的代码作为指数成分股；",,false,[],"UUS,89,UDC,UBAX,UBAF,U31X,U31F,U32X,U32F",STANDARD_SNAPSHOT
small_capital_outflow|小单资金流出|Retail Outflow,security,metric_lookup,snapshot,market_code,small_capital_outflow,small_capital_outflow,{},{},stock-detail.json,snapshot,小单资金流出,Retail Outflow,"在证券领域，**特大单、大单、中单、小单**是根据单笔交易的成交量或金额对资金流动进行分类的方式。这种分类主要用于分析市场资金的流向，帮助投资者判断主力资金（如机构、大户）和散户资金的动向。
---
### **计算公式**
```
小单资金流出 = 成交额 - 特大单主动卖出金额 - 特大单被动卖出金额 - 大单主动卖出金额 - 大单被动卖出金额 - 中单主动卖出金额 - 中单被动卖出金额
```
---
### **资金流入与流出**
- **资金流入**：  
  当资金流入某只股票时，意味着有资金主动买入该股票。通常表现为买单成交（买方主动以卖一价或更高价买入）。
- **资金流出**：  
  当资金流出某只股票时，意味着有资金主动卖出该股票。通常表现为卖单成交（卖方主动以买一价或更低价卖出）。
---
### **资金流动分析的意义**
1. **特大单与大单**：  
   - 反映主力资金的动向（如机构、大户）。
   - 特大单和大单的持续流入可能表明主力资金看好该股票，后市可能有上涨潜力。
   - 特大单和大单的持续流出可能表明主力资金正在撤离，后市可能有下跌风险。
2. **中单与小单**：  
   - 反映散户资金的动向。
   - 中单和小单的流入可能表明散户情绪较为乐观，但需结合主力资金动向综合判断。
   - 中单和小单的流出可能表明散户情绪较为悲观。
---
### **应用场景**
1. **判断主力动向**：  
   - 如果特大单和大单持续流入，而中单和小单流出，可能表明主力资金正在吸筹，后市可能上涨。
   - 如果特大单和大单持续流出，而中单和小单流入，可能表明主力资金正在出货，后市可能下跌。
2. **市场情绪分析**：  
   - 特大单和大单的流入可能表明市场情绪积极，而流出可能表明市场情绪消极。
   - 中单和小单的流入可能表明散户情绪乐观，而流出可能表明散户情绪悲观。
3. **辅助交易决策**：  
   - 结合资金流动数据，投资者可以更好地判断市场趋势，制定买入或卖出策略。
---
通过分析特大单、大单、中单、小单的资金流入与流出，投资者可以更好地了解市场资金的分布和动向，从而辅助投资决策。
---
<span style=""color:red"">注意：大盘类指数成分股非指数公布成分股</span>
以下指数成分股特殊处理，使用板块下成分股替换指数原有成分股：  
""16:1A0001"" -> ""BACA""  
""16:1A0002"" -> ""15""  
""16:1A0003"" -> ""16""  
""16:1B0688"" -> ""C902""  
""32:399001"" -> ""BAC9""  
""32:399002"" -> ""1B""  
""32:399003"" -> ""1C""
""32:399006"" -> ""CFE4""  
""144:899050"" -> ""CA8B""
示例：
指数代码为大盘类指数，需要使用市场级别代码表；示例：如1B0688，使用全部 68* 开头的代码作为指数成分股；",,false,[],"UUS,89,UDC,UBAX,UBAF,U31X,U31F,U32X,U32F",STANDARD_SNAPSHOT
small_capital_outflow|小单资金流出|Retail Outflow,security,metric_lookup,snapshot,market_code,small_capital_outflow,small_capital_outflow,{},{},stock-detail.json,snapshot,小单资金流出,Retail Outflow,"在证券领域，**特大单、大单、中单、小单**是根据单笔交易的成交量或金额对资金流动进行分类的方式。这种分类主要用于分析市场资金的流向，帮助投资者判断主力资金（如机构、大户）和散户资金的动向。
---
### **计算公式**
```
小单资金流出 = 成交额 - 特大单主动卖出金额 - 特大单被动卖出金额 - 大单主动卖出金额 - 大单被动卖出金额 - 中单主动卖出金额 - 中单被动卖出金额
```
---
### **资金流入与流出**
- **资金流入**：  
  当资金流入某只股票时，意味着有资金主动买入该股票。通常表现为买单成交（买方主动以卖一价或更高价买入）。
- **资金流出**：  
  当资金流出某只股票时，意味着有资金主动卖出该股票。通常表现为卖单成交（卖方主动以买一价或更低价卖出）。
---
### **资金流动分析的意义**
1. **特大单与大单**：  
   - 反映主力资金的动向（如机构、大户）。
   - 特大单和大单的持续流入可能表明主力资金看好该股票，后市可能有上涨潜力。
   - 特大单和大单的持续流出可能表明主力资金正在撤离，后市可能有下跌风险。
2. **中单与小单**：  
   - 反映散户资金的动向。
   - 中单和小单的流入可能表明散户情绪较为乐观，但需结合主力资金动向综合判断。
   - 中单和小单的流出可能表明散户情绪较为悲观。
---
### **应用场景**
1. **判断主力动向**：  
   - 如果特大单和大单持续流入，而中单和小单流出，可能表明主力资金正在吸筹，后市可能上涨。
   - 如果特大单和大单持续流出，而中单和小单流入，可能表明主力资金正在出货，后市可能下跌。
2. **市场情绪分析**：  
   - 特大单和大单的流入可能表明市场情绪积极，而流出可能表明市场情绪消极。
   - 中单和小单的流入可能表明散户情绪乐观，而流出可能表明散户情绪悲观。
3. **辅助交易决策**：  
   - 结合资金流动数据，投资者可以更好地判断市场趋势，制定买入或卖出策略。
---
通过分析特大单、大单、中单、小单的资金流入与流出，投资者可以更好地了解市场资金的分布和动向，从而辅助投资决策。
---
<span style=""color:red"">注意：大盘类指数成分股非指数公布成分股</span>
以下指数成分股特殊处理，使用板块下成分股替换指数原有成分股：  
""16:1A0001"" -> ""BACA""  
""16:1A0002"" -> ""15""  
""16:1A0003"" -> ""16""  
""16:1B0688"" -> ""C902""  
""32:399001"" -> ""BAC9""  
""32:399002"" -> ""1B""  
""32:399003"" -> ""1C""
""32:399006"" -> ""CFE4""  
""144:899050"" -> ""CA8B""
示例：
指数代码为大盘类指数，需要使用市场级别代码表；示例：如1B0688，使用全部 68* 开头的代码作为指数成分股；",,false,[],"UUS,89,UDC,UBAX,UBAF,U31X,U31F,U32X,U32F",STANDARD_SNAPSHOT
small_capital_outflow|小单资金流出|Retail Outflow,security,metric_lookup,snapshot,market_code,small_capital_outflow,small_capital_outflow,{},{},stock-detail.json,snapshot,小单资金流出,Retail Outflow,"在证券领域，**特大单、大单、中单、小单**是根据单笔交易的成交量或金额对资金流动进行分类的方式。这种分类主要用于分析市场资金的流向，帮助投资者判断主力资金（如机构、大户）和散户资金的动向。
---
### **计算公式**
```
小单资金流出 = 成交额 - 特大单主动卖出金额 - 特大单被动卖出金额 - 大单主动卖出金额 - 大单被动卖出金额 - 中单主动卖出金额 - 中单被动卖出金额
```
---
### **资金流入与流出**
- **资金流入**：  
  当资金流入某只股票时，意味着有资金主动买入该股票。通常表现为买单成交（买方主动以卖一价或更高价买入）。
- **资金流出**：  
  当资金流出某只股票时，意味着有资金主动卖出该股票。通常表现为卖单成交（卖方主动以买一价或更低价卖出）。
---
### **资金流动分析的意义**
1. **特大单与大单**：  
   - 反映主力资金的动向（如机构、大户）。
   - 特大单和大单的持续流入可能表明主力资金看好该股票，后市可能有上涨潜力。
   - 特大单和大单的持续流出可能表明主力资金正在撤离，后市可能有下跌风险。
2. **中单与小单**：  
   - 反映散户资金的动向。
   - 中单和小单的流入可能表明散户情绪较为乐观，但需结合主力资金动向综合判断。
   - 中单和小单的流出可能表明散户情绪较为悲观。
---
### **应用场景**
1. **判断主力动向**：  
   - 如果特大单和大单持续流入，而中单和小单流出，可能表明主力资金正在吸筹，后市可能上涨。
   - 如果特大单和大单持续流出，而中单和小单流入，可能表明主力资金正在出货，后市可能下跌。
2. **市场情绪分析**：  
   - 特大单和大单的流入可能表明市场情绪积极，而流出可能表明市场情绪消极。
   - 中单和小单的流入可能表明散户情绪乐观，而流出可能表明散户情绪悲观。
3. **辅助交易决策**：  
   - 结合资金流动数据，投资者可以更好地判断市场趋势，制定买入或卖出策略。
---
通过分析特大单、大单、中单、小单的资金流入与流出，投资者可以更好地了解市场资金的分布和动向，从而辅助投资决策。
---
<span style=""color:red"">注意：大盘类指数成分股非指数公布成分股</span>
以下指数成分股特殊处理，使用板块下成分股替换指数原有成分股：  
""16:1A0001"" -> ""BACA""  
""16:1A0002"" -> ""15""  
""16:1A0003"" -> ""16""  
""16:1B0688"" -> ""C902""  
""32:399001"" -> ""BAC9""  
""32:399002"" -> ""1B""  
""32:399003"" -> ""1C""
""32:399006"" -> ""CFE4""  
""144:899050"" -> ""CA8B""
示例：
指数代码为大盘类指数，需要使用市场级别代码表；示例：如1B0688，使用全部 68* 开头的代码作为指数成分股；",,false,[],"UUS,89,UDC,UBAX,UBAF,U31X,U31F,U32X,U32F",STANDARD_SNAPSHOT
buy_sell_volume_ratio_pct|委比|Bid Ask Volume Ratio,security,metric_lookup,snapshot,market_code,buy_sell_volume_ratio_pct,buy_sell_volume_ratio_pct,{},{},stock-detail.json,snapshot,委比,Bid Ask Volume Ratio,"“委比”是一个衡量一定时间内股票市场中买卖委托订单相对强度的技术指标。
它通过比较委托买入订单的总量和委托卖出订单的总量来判断市场的买卖情况。
---
<span style=""color:red"">注意：大盘类指数成分股非指数公布成分股</span>
以下指数成分股特殊处理，使用板块下成分股替换指数原有成分股：  
""16:1A0001"" -> ""BACA""  
""16:1A0002"" -> ""15""  
""16:1A0003"" -> ""16""  
""16:1B0688"" -> ""C902""  
""32:399001"" -> ""BAC9""  
""32:399002"" -> ""1B""  
""32:399003"" -> ""1C""
""32:399006"" -> ""CFE4""  
""144:899050"" -> ""CA8B""
示例：
指数代码为大盘类指数，需要使用市场级别代码表；示例：如1B0688，使用全部 68* 开头的代码作为指数成分股；",,false,[],"UUS,89,UDC,UBAX,UBAF,U31X,U31F,U32X,U32F",STANDARD_SNAPSHOT
buy_sell_volume_ratio_pct|委比|Bid Ask Volume Ratio,security,metric_lookup,snapshot,market_code,buy_sell_volume_ratio_pct,buy_sell_volume_ratio_pct,{},{},stock-detail.json,snapshot,委比,Bid Ask Volume Ratio,"“委比”是一个衡量一定时间内股票市场中买卖委托订单相对强度的技术指标。
它通过比较委托买入订单的总量和委托卖出订单的总量来判断市场的买卖情况。
---
<span style=""color:red"">注意：大盘类指数成分股非指数公布成分股</span>
以下指数成分股特殊处理，使用板块下成分股替换指数原有成分股：  
""16:1A0001"" -> ""BACA""  
""16:1A0002"" -> ""15""  
""16:1A0003"" -> ""16""  
""16:1B0688"" -> ""C902""  
""32:399001"" -> ""BAC9""  
""32:399002"" -> ""1B""  
""32:399003"" -> ""1C""
""32:399006"" -> ""CFE4""  
""144:899050"" -> ""CA8B""
示例：
指数代码为大盘类指数，需要使用市场级别代码表；示例：如1B0688，使用全部 68* 开头的代码作为指数成分股；",,false,[],"UUS,89,UDC,UBAX,UBAF,U31X,U31F,U32X,U32F",STANDARD_SNAPSHOT
buy_volume|委买量|Best Bid Quantity,security,metric_lookup,snapshot,market_code,buy_volume,buy_volume,{},{},stock-detail.json,snapshot,委买量,Best Bid Quantity,"“委买量”是一个衡量股票市场中买方委托订单数量的指标。
它指的是在某一特定时间点，所有投资者通过交易系统提交的、以特定价格或更优价格买入股票的委托订单中所涉及的股票总数量。
---
LV2 使用交易所提供的委买总量
---
<span style=""color:red"">注意：大盘类指数成分股非指数公布成分股</span>
以下指数成分股特殊处理，使用板块下成分股替换指数原有成分股：  
""16:1A0001"" -> ""BACA""  
""16:1A0002"" -> ""15""  
""16:1A0003"" -> ""16""  
""16:1B0688"" -> ""C902""  
""32:399001"" -> ""BAC9""  
""32:399002"" -> ""1B""  
""32:399003"" -> ""1C""
""32:399006"" -> ""CFE4""  
""144:899050"" -> ""CA8B""
示例：
指数代码为大盘类指数，需要使用市场级别代码表；示例：如1B0688，使用全部 68* 开头的代码作为指数成分股；",,false,[],"UUS,89,UDC,UBAX,UBAF,U31X,U31F,U32X,U32F",STANDARD_SNAPSHOT
buy_volume|委买量|Best Bid Quantity,security,metric_lookup,snapshot,market_code,buy_volume,buy_volume,{},{},stock-detail.json,snapshot,委买量,Best Bid Quantity,"“委买量”是一个衡量股票市场中买方委托订单数量的指标。
它指的是在某一特定时间点，所有投资者通过交易系统提交的、以特定价格或更优价格买入股票的委托订单中所涉及的股票总数量。
---
LV2 使用交易所提供的委买总量
---
<span style=""color:red"">注意：大盘类指数成分股非指数公布成分股</span>
以下指数成分股特殊处理，使用板块下成分股替换指数原有成分股：  
""16:1A0001"" -> ""BACA""  
""16:1A0002"" -> ""15""  
""16:1A0003"" -> ""16""  
""16:1B0688"" -> ""C902""  
""32:399001"" -> ""BAC9""  
""32:399002"" -> ""1B""  
""32:399003"" -> ""1C""
""32:399006"" -> ""CFE4""  
""144:899050"" -> ""CA8B""
示例：
指数代码为大盘类指数，需要使用市场级别代码表；示例：如1B0688，使用全部 68* 开头的代码作为指数成分股；",,false,[],"UUS,89,UDC,UBAX,UBAF,U31X,U31F,U32X,U32F",STANDARD_SNAPSHOT
199112|涨幅（日线）|Change %,security,metric_lookup,snapshot,market_code,199112,199112,"{""trade_class"":{""children"":null,""default"":""intraday"",""enum_options"":[{""label"":""盘前"",""value"":""pre_market""},{""label"":""盘中"",""value"":""intraday""},{""label"":""盘后"",""value"":""post_market""}],""example"":""intraday"",""name"":""trade_class"",""query_type"":""enum"",""required"":""1"",""source"":""legacy""}}",{},stock-detail.json,snapshot,涨幅（日线）,Change %,"1. **指标定义:** 涨幅是指在一定时间内证券价格的变动百分比，通常用来描述股票、债券等金融产品在实时交易中的价格变化。
1. **指标特点:**
   - **实时性:**: 涨幅指标具有高度的实时性，能够即时反映市场价格的变动情况。
   - **波动性:**: 涨幅指标反映了证券价格的波动情况，是衡量市场波动性的重要指标。
   - **普适性:**: 涨幅指标适用于所有类型的证券，包括股票、债券等。
   - **参考性:**: 涨幅是投资者判断市场情绪和决策的重要参考指标。
1. **指标用法:**
   - **价格监控:**: 投资者可以通过涨幅来监控证券价格的实时变动，及时作出买卖决策。
   - **市场分析:**: 通过分析涨幅数据，投资者可以了解市场趋势和证券的表现。
   - **风险评估:**: 涨幅的大小可以帮助投资者评估投资风险，高涨幅可能意味着高风险。
   - **投资策略:**: 投资者可以根据涨幅指标制定相应的投资策略，如追涨杀跌等。
1. **计算公式:** 涨幅 = (最新价 - 昨收盘价) / 昨收盘价 * 100%",,false,[],"UUS,89,UDC,UBAX,UBAF,U31X,U31F,U32X,U32F,UAOS",STANDARD_SNAPSHOT
199112|涨幅（日线）|Change %,security,metric_lookup,snapshot,market_code,199112,199112,"{""trade_class"":{""children"":null,""default"":""intraday"",""enum_options"":[{""label"":""盘前"",""value"":""pre_market""},{""label"":""盘中"",""value"":""intraday""},{""label"":""盘后"",""value"":""post_market""}],""example"":""intraday"",""name"":""trade_class"",""query_type"":""enum"",""required"":""1"",""source"":""legacy""}}",{},stock-detail.json,snapshot,涨幅（日线）,Change %,"1. **指标定义:** 涨幅是指在一定时间内证券价格的变动百分比，通常用来描述股票、债券等金融产品在实时交易中的价格变化。
1. **指标特点:**
   - **实时性:**: 涨幅指标具有高度的实时性，能够即时反映市场价格的变动情况。
   - **波动性:**: 涨幅指标反映了证券价格的波动情况，是衡量市场波动性的重要指标。
   - **普适性:**: 涨幅指标适用于所有类型的证券，包括股票、债券等。
   - **参考性:**: 涨幅是投资者判断市场情绪和决策的重要参考指标。
1. **指标用法:**
   - **价格监控:**: 投资者可以通过涨幅来监控证券价格的实时变动，及时作出买卖决策。
   - **市场分析:**: 通过分析涨幅数据，投资者可以了解市场趋势和证券的表现。
   - **风险评估:**: 涨幅的大小可以帮助投资者评估投资风险，高涨幅可能意味着高风险。
   - **投资策略:**: 投资者可以根据涨幅指标制定相应的投资策略，如追涨杀跌等。
1. **计算公式:** 涨幅 = (最新价 - 昨收盘价) / 昨收盘价 * 100%",,false,[],"UUS,89,UDC,UBAX,UBAF,U31X,U31F,U32X,U32F,UAOS",STANDARD_SNAPSHOT
inr-volume-sum|区间成交量|Cumulative Volume (Period),security,metric_lookup,snapshot,market_code,inr-volume-sum,inr-volume-sum,"{""period_type"":{""children"":null,""default"":null,""enum_options"":[{""label"":""null"",""value"":null},{""label"":""rolling"",""value"":""rolling""},{""label"":""rolling2"",""value"":""rolling2""}],""example"":null,""name"":""period_type"",""query_type"":""enum"",""required"":""1"",""source"":""legacy""},""time_period"":{""children"":null,""default"":""min_*"",""enum_options"":[{""label"":""不限trade_class且*>1"",""value"":""min_*""},{""label"":""限制intraday"",""value"":""day_*""},{""label"":""限制intraday"",""value"":""week_*""},{""label"":""限制intraday"",""value"":""month_*""},{""label"":""限制intraday"",""value"":""year_*""}],""example"":""min_*"",""name"":""time_period"",""query_type"":""enum"",""required"":""1"",""source"":""legacy""},""trade_class"":{""children"":null,""default"":""intraday"",""enum_options"":[{""label"":""盘前"",""value"":""pre_market""},{""label"":""盘中"",""value"":""intraday""},{""label"":""盘后"",""value"":""post_market""}],""example"":""intraday"",""name"":""trade_class"",""query_type"":""enum"",""required"":""1"",""source"":""legacy""}}",{},stock-detail.json,min_*;day_*;week_*;month_*;year_*,区间成交量,Cumulative Volume (Period),"在金融领域，""成交量""是一个非常重要的市场指标，它用来衡量在一定时间内，对于某一金融资产（如股票、债券、期货、外汇等）完成交易的股票数量或者合同的数量。",区间成交量,true,"[""min_*"",""day_*"",""week_*"",""month_*"",""year_*""]","UUS,89,UDC,UBAX,UBAF,U31X,U31F,U32X,U32F",STANDARD_SNAPSHOT
inr-volume-sum|区间成交量|Cumulative Volume (Period),security,metric_lookup,snapshot,market_code,inr-volume-sum,inr-volume-sum,"{""period_type"":{""children"":null,""default"":null,""enum_options"":[{""label"":""null"",""value"":null},{""label"":""rolling"",""value"":""rolling""},{""label"":""rolling2"",""value"":""rolling2""}],""example"":null,""name"":""period_type"",""query_type"":""enum"",""required"":""1"",""source"":""legacy""},""time_period"":{""children"":null,""default"":""min_*"",""enum_options"":[{""label"":""不限trade_class且*>1"",""value"":""min_*""},{""label"":""限制intraday"",""value"":""day_*""},{""label"":""限制intraday"",""value"":""week_*""},{""label"":""限制intraday"",""value"":""month_*""},{""label"":""限制intraday"",""value"":""year_*""}],""example"":""min_*"",""name"":""time_period"",""query_type"":""enum"",""required"":""1"",""source"":""legacy""},""trade_class"":{""children"":null,""default"":""intraday"",""enum_options"":[{""label"":""盘前"",""value"":""pre_market""},{""label"":""盘中"",""value"":""intraday""},{""label"":""盘后"",""value"":""post_market""}],""example"":""intraday"",""name"":""trade_class"",""query_type"":""enum"",""required"":""1"",""source"":""legacy""}}",{},stock-detail.json,min_*;day_*;week_*;month_*;year_*,区间成交量,Cumulative Volume (Period),"在金融领域，""成交量""是一个非常重要的市场指标，它用来衡量在一定时间内，对于某一金融资产（如股票、债券、期货、外汇等）完成交易的股票数量或者合同的数量。",区间成交量,true,"[""min_*"",""day_*"",""week_*"",""month_*"",""year_*""]","UUS,89,UDC,UBAX,UBAF,U31X,U31F,U32X,U32F",STANDARD_SNAPSHOT
price_amplitude_ratio_pct|振幅|Amplitude,security,metric_lookup,snapshot,market_code,price_amplitude_ratio_pct,price_amplitude_ratio_pct,"{""trade_class"":{""children"":null,""default"":""intraday"",""enum_options"":[{""label"":""盘前"",""value"":""pre_market""},{""label"":""盘中"",""value"":""intraday""},{""label"":""盘后"",""value"":""post_market""}],""example"":""intraday"",""name"":""trade_class"",""query_type"":""enum"",""required"":""1"",""source"":""legacy""}}",{},stock-detail.json,snapshot,振幅,Amplitude,"振幅用于衡量股票价格在一定周期内的波动幅度，通常以百分比形式表示。该指标通过最高价与最低价的差值相对于昨收价的比例来评估价格波动范围。
计算公式：振幅 = (最高价-最低价)/昨收价 *100",,false,[],"UUS,89,UDC,UBAX,UBAF,U31X,U31F,U32X,U32F",STANDARD_SNAPSHOT
big_capital_outflow|大单资金流出|Big Capital Outflow,security,metric_lookup,snapshot,market_code,big_capital_outflow,big_capital_outflow,{},{},stock-detail.json,snapshot,大单资金流出,Big Capital Outflow,"在证券领域，**特大单、大单、中单、小单**是根据单笔交易的成交量或金额对资金流动进行分类的方式。这种分类主要用于分析市场资金的流向，帮助投资者判断主力资金（如机构、大户）和散户资金的动向。
---
### **计算公式**
```
大单资金流出 = 大单主动卖出金额 + 特大单被动卖出金额
```
---
### **资金流入与流出**
- **资金流入**：  
  当资金流入某只股票时，意味着有资金主动买入该股票。通常表现为买单成交（买方主动以卖一价或更高价买入）。
- **资金流出**：  
  当资金流出某只股票时，意味着有资金主动卖出该股票。通常表现为卖单成交（卖方主动以买一价或更低价卖出）。
---
### **资金流动分析的意义**
1. **特大单与大单**：  
   - 反映主力资金的动向（如机构、大户）。
   - 特大单和大单的持续流入可能表明主力资金看好该股票，后市可能有上涨潜力。
   - 特大单和大单的持续流出可能表明主力资金正在撤离，后市可能有下跌风险。
2. **中单与小单**：  
   - 反映散户资金的动向。
   - 中单和小单的流入可能表明散户情绪较为乐观，但需结合主力资金动向综合判断。
   - 中单和小单的流出可能表明散户情绪较为悲观。
---
### **应用场景**
1. **判断主力动向**：  
   - 如果特大单和大单持续流入，而中单和小单流出，可能表明主力资金正在吸筹，后市可能上涨。
   - 如果特大单和大单持续流出，而中单和小单流入，可能表明主力资金正在出货，后市可能下跌。
2. **市场情绪分析**：  
   - 特大单和大单的流入可能表明市场情绪积极，而流出可能表明市场情绪消极。
   - 中单和小单的流入可能表明散户情绪乐观，而流出可能表明散户情绪悲观。
3. **辅助交易决策**：  
   - 结合资金流动数据，投资者可以更好地判断市场趋势，制定买入或卖出策略。
---
通过分析特大单、大单、中单、小单的资金流入与流出，投资者可以更好地了解市场资金的分布和动向，从而辅助投资决策。
---
<span style=""color:red"">注意：大盘类指数成分股非指数公布成分股</span>
以下指数成分股特殊处理，使用板块下成分股替换指数原有成分股：  
""16:1A0001"" -> ""BACA""  
""16:1A0002"" -> ""15""  
""16:1A0003"" -> ""16""  
""16:1B0688"" -> ""C902""  
""32:399001"" -> ""BAC9""  
""32:399002"" -> ""1B""  
""32:399003"" -> ""1C""
""32:399006"" -> ""CFE4""  
""144:899050"" -> ""CA8B""
示例：
指数代码为大盘类指数，需要使用市场级别代码表；示例：如1B0688，使用全部 68* 开头的代码作为指数成分股；",,false,[],"UUS,89,UDC,UBAX,UBAF,U31X,U31F,U32X,U32F",STANDARD_SNAPSHOT
big_capital_outflow|大单资金流出|Big Capital Outflow,security,metric_lookup,snapshot,market_code,big_capital_outflow,big_capital_outflow,{},{},stock-detail.json,snapshot,大单资金流出,Big Capital Outflow,"在证券领域，**特大单、大单、中单、小单**是根据单笔交易的成交量或金额对资金流动进行分类的方式。这种分类主要用于分析市场资金的流向，帮助投资者判断主力资金（如机构、大户）和散户资金的动向。
---
### **计算公式**
```
大单资金流出 = 大单主动卖出金额 + 特大单被动卖出金额
```
---
### **资金流入与流出**
- **资金流入**：  
  当资金流入某只股票时，意味着有资金主动买入该股票。通常表现为买单成交（买方主动以卖一价或更高价买入）。
- **资金流出**：  
  当资金流出某只股票时，意味着有资金主动卖出该股票。通常表现为卖单成交（卖方主动以买一价或更低价卖出）。
---
### **资金流动分析的意义**
1. **特大单与大单**：  
   - 反映主力资金的动向（如机构、大户）。
   - 特大单和大单的持续流入可能表明主力资金看好该股票，后市可能有上涨潜力。
   - 特大单和大单的持续流出可能表明主力资金正在撤离，后市可能有下跌风险。
2. **中单与小单**：  
   - 反映散户资金的动向。
   - 中单和小单的流入可能表明散户情绪较为乐观，但需结合主力资金动向综合判断。
   - 中单和小单的流出可能表明散户情绪较为悲观。
---
### **应用场景**
1. **判断主力动向**：  
   - 如果特大单和大单持续流入，而中单和小单流出，可能表明主力资金正在吸筹，后市可能上涨。
   - 如果特大单和大单持续流出，而中单和小单流入，可能表明主力资金正在出货，后市可能下跌。
2. **市场情绪分析**：  
   - 特大单和大单的流入可能表明市场情绪积极，而流出可能表明市场情绪消极。
   - 中单和小单的流入可能表明散户情绪乐观，而流出可能表明散户情绪悲观。
3. **辅助交易决策**：  
   - 结合资金流动数据，投资者可以更好地判断市场趋势，制定买入或卖出策略。
---
通过分析特大单、大单、中单、小单的资金流入与流出，投资者可以更好地了解市场资金的分布和动向，从而辅助投资决策。
---
<span style=""color:red"">注意：大盘类指数成分股非指数公布成分股</span>
以下指数成分股特殊处理，使用板块下成分股替换指数原有成分股：  
""16:1A0001"" -> ""BACA""  
""16:1A0002"" -> ""15""  
""16:1A0003"" -> ""16""  
""16:1B0688"" -> ""C902""  
""32:399001"" -> ""BAC9""  
""32:399002"" -> ""1B""  
""32:399003"" -> ""1C""
""32:399006"" -> ""CFE4""  
""144:899050"" -> ""CA8B""
示例：
指数代码为大盘类指数，需要使用市场级别代码表；示例：如1B0688，使用全部 68* 开头的代码作为指数成分股；",,false,[],"UUS,89,UDC,UBAX,UBAF,U31X,U31F,U32X,U32F",STANDARD_SNAPSHOT
big_capital_outflow|大单资金流出|Big Capital Outflow,security,metric_lookup,snapshot,market_code,big_capital_outflow,big_capital_outflow,{},{},stock-detail.json,snapshot,大单资金流出,Big Capital Outflow,"在证券领域，**特大单、大单、中单、小单**是根据单笔交易的成交量或金额对资金流动进行分类的方式。这种分类主要用于分析市场资金的流向，帮助投资者判断主力资金（如机构、大户）和散户资金的动向。
---
### **计算公式**
```
大单资金流出 = 大单主动卖出金额 + 特大单被动卖出金额
```
---
### **资金流入与流出**
- **资金流入**：  
  当资金流入某只股票时，意味着有资金主动买入该股票。通常表现为买单成交（买方主动以卖一价或更高价买入）。
- **资金流出**：  
  当资金流出某只股票时，意味着有资金主动卖出该股票。通常表现为卖单成交（卖方主动以买一价或更低价卖出）。
---
### **资金流动分析的意义**
1. **特大单与大单**：  
   - 反映主力资金的动向（如机构、大户）。
   - 特大单和大单的持续流入可能表明主力资金看好该股票，后市可能有上涨潜力。
   - 特大单和大单的持续流出可能表明主力资金正在撤离，后市可能有下跌风险。
2. **中单与小单**：  
   - 反映散户资金的动向。
   - 中单和小单的流入可能表明散户情绪较为乐观，但需结合主力资金动向综合判断。
   - 中单和小单的流出可能表明散户情绪较为悲观。
---
### **应用场景**
1. **判断主力动向**：  
   - 如果特大单和大单持续流入，而中单和小单流出，可能表明主力资金正在吸筹，后市可能上涨。
   - 如果特大单和大单持续流出，而中单和小单流入，可能表明主力资金正在出货，后市可能下跌。
2. **市场情绪分析**：  
   - 特大单和大单的流入可能表明市场情绪积极，而流出可能表明市场情绪消极。
   - 中单和小单的流入可能表明散户情绪乐观，而流出可能表明散户情绪悲观。
3. **辅助交易决策**：  
   - 结合资金流动数据，投资者可以更好地判断市场趋势，制定买入或卖出策略。
---
通过分析特大单、大单、中单、小单的资金流入与流出，投资者可以更好地了解市场资金的分布和动向，从而辅助投资决策。
---
<span style=""color:red"">注意：大盘类指数成分股非指数公布成分股</span>
以下指数成分股特殊处理，使用板块下成分股替换指数原有成分股：  
""16:1A0001"" -> ""BACA""  
""16:1A0002"" -> ""15""  
""16:1A0003"" -> ""16""  
""16:1B0688"" -> ""C902""  
""32:399001"" -> ""BAC9""  
""32:399002"" -> ""1B""  
""32:399003"" -> ""1C""
""32:399006"" -> ""CFE4""  
""144:899050"" -> ""CA8B""
示例：
指数代码为大盘类指数，需要使用市场级别代码表；示例：如1B0688，使用全部 68* 开头的代码作为指数成分股；",,false,[],"UUS,89,UDC,UBAX,UBAF,U31X,U31F,U32X,U32F",STANDARD_SNAPSHOT
ext_metric_quant_rating|量化评分|Quant Rating,security,metric_lookup,snapshot,market_code,ext_metric_quant_rating,ext_metric_quant_rating,{},{},stock-detail.json,snapshot,量化评分,Quant Rating,基于技术指标、动量、因子模型等量化策略信号的评分,,false,[],"UUS,89,UAOS,UDC,UBAX,UBAF,U31X,U31F,U32X,U32F",STANDARD_SNAPSHOT
ext_metric_quant_rating|量化评分|Quant Rating,security,metric_lookup,snapshot,market_code,ext_metric_quant_rating,ext_metric_quant_rating,{},{},stock-detail.json,snapshot,量化评分,Quant Rating,基于技术指标、动量、因子模型等量化策略信号的评分,,false,[],"UUS,89,UAOS,UDC,UBAX,UBAF,U31X,U31F,U32X,U32F",STANDARD_SNAPSHOT
ext_metric_quant_rating|量化评分|Quant Rating,security,metric_lookup,snapshot,market_code,ext_metric_quant_rating,ext_metric_quant_rating,{},{},stock-detail.json,snapshot,量化评分,Quant Rating,基于技术指标、动量、因子模型等量化策略信号的评分,,false,[],"UUS,89,UAOS,UDC,UBAX,UBAF,U31X,U31F,U32X,U32F",STANDARD_SNAPSHOT
ext_metric_analyst_rating|分析评分|Analysis Rating,security,metric_lookup,snapshot,market_code,ext_metric_analyst_rating,ext_metric_analyst_rating,{},{},stock-detail.json,snapshot,分析评分,Analysis Rating,综合基本面、流动性、量化等维度得出的整体分析评分,,false,[],"UUS,89,UAOS,UDC,UBAX,UBAF,U31X,U31F,U32X,U32F",STANDARD_SNAPSHOT
ext_metric_analyst_rating|分析评分|Analysis Rating,security,metric_lookup,snapshot,market_code,ext_metric_analyst_rating,ext_metric_analyst_rating,{},{},stock-detail.json,snapshot,分析评分,Analysis Rating,综合基本面、流动性、量化等维度得出的整体分析评分,,false,[],"UUS,89,UAOS,UDC,UBAX,UBAF,U31X,U31F,U32X,U32F",STANDARD_SNAPSHOT
ext_metric_analyst_rating|分析评分|Analysis Rating,security,metric_lookup,snapshot,market_code,ext_metric_analyst_rating,ext_metric_analyst_rating,{},{},stock-detail.json,snapshot,分析评分,Analysis Rating,综合基本面、流动性、量化等维度得出的整体分析评分,,false,[],"UUS,89,UAOS,UDC,UBAX,UBAF,U31X,U31F,U32X,U32F",STANDARD_SNAPSHOT
ext_metric_rank_change|24小时热榜排名变化|24-hour Rank Change,security,metric_lookup,snapshot,market_code,ext_metric_rank_change,ext_metric_rank_change,{},{},stock-detail.json,snapshot,24小时热榜排名变化,24-hour Rank Change,过去24小时内该标的在热度榜单中的排名变动（负值表示排名上升）,,false,[],"UUS,89,UAOS,UDC,UBAX,UBAF,U31X,U31F,U32X,U32F",STANDARD_SNAPSHOT
inr-open_price_change_ratio_pct-sum|区间涨幅(开盘价计算)|Price Change % from Open (Period),security,metric_lookup,snapshot,market_code,inr-open_price_change_ratio_pct-sum,inr-open_price_change_ratio_pct-sum,"{""period_type"":{""children"":null,""default"":null,""enum_options"":[{""label"":""null"",""value"":null},{""label"":""rolling"",""value"":""rolling""},{""label"":""rolling2"",""value"":""rolling2""}],""example"":null,""name"":""period_type"",""query_type"":""enum"",""required"":""1"",""source"":""legacy""},""time_period"":{""children"":null,""default"":""min_*"",""enum_options"":[{""label"":""不限trade_class且*>1"",""value"":""min_*""},{""label"":""day_*"",""value"":""day_*""},{""label"":""week_*"",""value"":""week_*""},{""label"":""month_*"",""value"":""month_*""},{""label"":""year_*"",""value"":""year_*""}],""example"":""min_*"",""name"":""time_period"",""query_type"":""enum"",""required"":""1"",""source"":""legacy""},""trade_class"":{""children"":null,""default"":""intraday"",""enum_options"":[{""label"":""盘前"",""value"":""pre_market""},{""label"":""盘中"",""value"":""intraday""},{""label"":""盘后"",""value"":""post_market""}],""example"":""intraday"",""name"":""trade_class"",""query_type"":""enum"",""required"":""1"",""source"":""legacy""}}",{},stock-detail.json,min_*;day_*;week_*;month_*;year_*,区间涨幅(开盘价计算),Price Change % from Open (Period),"基于开盘价计算每日涨幅
计算公式：
(区间结束收盘价 - 区间开始开盘价 ) / 区间开始开盘价 * 100",区间开盘价涨幅|区间涨幅(开盘价计算),true,"[""min_*"",""day_*"",""week_*"",""month_*"",""year_*""]","UUS,89,UDC,UBAX,UBAF,U31X,U31F,U32X,U32F",STANDARD_SNAPSHOT
open_price_change|涨跌(开盘价计算）|Change From Open,security,metric_lookup,snapshot,market_code,open_price_change,open_price_change,"{""trade_class"":{""children"":null,""default"":""intraday"",""enum_options"":[{""label"":""盘前"",""value"":""pre_market""},{""label"":""盘中"",""value"":""intraday""},{""label"":""盘后"",""value"":""post_market""}],""example"":""intraday"",""name"":""trade_class"",""query_type"":""enum"",""required"":""1"",""source"":""legacy""}}",{},stock-detail.json,snapshot,涨跌(开盘价计算）,Change From Open,涨跌，最新价格相比于开盘价格差值,,false,[],"UUS,89,UDC,UBAX,UBAF,U31X,U31F,U32X,U32F",STANDARD_SNAPSHOT
open_price_change|涨跌(开盘价计算）|Change From Open,security,metric_lookup,snapshot,market_code,open_price_change,open_price_change,"{""trade_class"":{""children"":null,""default"":""intraday"",""enum_options"":[{""label"":""盘前"",""value"":""pre_market""},{""label"":""盘中"",""value"":""intraday""},{""label"":""盘后"",""value"":""post_market""}],""example"":""intraday"",""name"":""trade_class"",""query_type"":""enum"",""required"":""1"",""source"":""legacy""}}",{},stock-detail.json,snapshot,涨跌(开盘价计算）,Change From Open,涨跌，最新价格相比于开盘价格差值,,false,[],"UUS,89,UDC,UBAX,UBAF,U31X,U31F,U32X,U32F",STANDARD_SNAPSHOT
inr-price_change-sum|区间涨跌|Price Change (Period),security,metric_lookup,snapshot,market_code,inr-price_change-sum,inr-price_change-sum,"{""period_type"":{""children"":null,""default"":null,""enum_options"":[{""label"":""null"",""value"":null},{""label"":""rolling"",""value"":""rolling""},{""label"":""rolling2"",""value"":""rolling2""}],""example"":null,""name"":""period_type"",""query_type"":""enum"",""required"":""1"",""source"":""legacy""},""time_period"":{""children"":null,""default"":""min_*"",""enum_options"":[{""label"":""*>1"",""value"":""min_*""},{""label"":""day_*"",""value"":""day_*""},{""label"":""week_*"",""value"":""week_*""},{""label"":""month_*"",""value"":""month_*""},{""label"":""year_*"",""value"":""year_*""}],""example"":""min_*"",""name"":""time_period"",""query_type"":""enum"",""required"":""1"",""source"":""legacy""},""trade_class"":{""children"":null,""default"":""intraday"",""enum_options"":[{""label"":""盘前"",""value"":""pre_market""},{""label"":""盘中"",""value"":""intraday""},{""label"":""盘后"",""value"":""post_market""}],""example"":""intraday"",""name"":""trade_class"",""query_type"":""enum"",""required"":""1"",""source"":""legacy""}}",{},stock-detail.json,min_*;day_*;week_*;month_*;year_*,区间涨跌,Price Change (Period),"区间涨跌额是指某一金融资产（如股票、指数、基金等）在给定时间区间内，其价格（或点位）绝对数值上的增减。
•若结果为正数，表示该时间段内价格（或点位）比期初有所上升；
•若结果为负数，则表示价格比期初有所下降；
•若结果为零，则表示价格相对期初没有变化。
计算公式：区间结束收盘价 - 区间起始收盘价",区间收盘价涨跌额|区间涨跌,true,"[""min_*"",""day_*"",""week_*"",""month_*"",""year_*""]","UUS,89,UDC,UBAX,UBAF,U31X,U31F,U32X,U32F",STANDARD_SNAPSHOT
inr-price_change-sum|区间涨跌|Price Change (Period),security,metric_lookup,snapshot,market_code,inr-price_change-sum,inr-price_change-sum,"{""period_type"":{""children"":null,""default"":null,""enum_options"":[{""label"":""null"",""value"":null},{""label"":""rolling"",""value"":""rolling""},{""label"":""rolling2"",""value"":""rolling2""}],""example"":null,""name"":""period_type"",""query_type"":""enum"",""required"":""1"",""source"":""legacy""},""time_period"":{""children"":null,""default"":""min_*"",""enum_options"":[{""label"":""*>1"",""value"":""min_*""},{""label"":""day_*"",""value"":""day_*""},{""label"":""week_*"",""value"":""week_*""},{""label"":""month_*"",""value"":""month_*""},{""label"":""year_*"",""value"":""year_*""}],""example"":""min_*"",""name"":""time_period"",""query_type"":""enum"",""required"":""1"",""source"":""legacy""},""trade_class"":{""children"":null,""default"":""intraday"",""enum_options"":[{""label"":""盘前"",""value"":""pre_market""},{""label"":""盘中"",""value"":""intraday""},{""label"":""盘后"",""value"":""post_market""}],""example"":""intraday"",""name"":""trade_class"",""query_type"":""enum"",""required"":""1"",""source"":""legacy""}}",{},stock-detail.json,min_*;day_*;week_*;month_*;year_*,区间涨跌,Price Change (Period),"区间涨跌额是指某一金融资产（如股票、指数、基金等）在给定时间区间内，其价格（或点位）绝对数值上的增减。
•若结果为正数，表示该时间段内价格（或点位）比期初有所上升；
•若结果为负数，则表示价格比期初有所下降；
•若结果为零，则表示价格相对期初没有变化。
计算公式：区间结束收盘价 - 区间起始收盘价",区间收盘价涨跌额|区间涨跌,true,"[""min_*"",""day_*"",""week_*"",""month_*"",""year_*""]","UUS,89,UDC,UBAX,UBAF,U31X,U31F,U32X,U32F",STANDARD_SNAPSHOT
ext_metric_fundamental_rating|基础面评分|Fundamental Rating,security,metric_lookup,snapshot,market_code,ext_metric_fundamental_rating,ext_metric_fundamental_rating,{},{},stock-detail.json,snapshot,基础面评分,Fundamental Rating,基于财务数据、估值、盈利能力等基本面因素的评分,,false,[],"UUS,89,UAOS,UDC,UBAX,UBAF,U31X,U31F,U32X,U32F",STANDARD_SNAPSHOT
ext_metric_fundamental_rating|基础面评分|Fundamental Rating,security,metric_lookup,snapshot,market_code,ext_metric_fundamental_rating,ext_metric_fundamental_rating,{},{},stock-detail.json,snapshot,基础面评分,Fundamental Rating,基于财务数据、估值、盈利能力等基本面因素的评分,,false,[],"UUS,89,UAOS,UDC,UBAX,UBAF,U31X,U31F,U32X,U32F",STANDARD_SNAPSHOT
ext_metric_fundamental_rating|基础面评分|Fundamental Rating,security,metric_lookup,snapshot,market_code,ext_metric_fundamental_rating,ext_metric_fundamental_rating,{},{},stock-detail.json,snapshot,基础面评分,Fundamental Rating,基于财务数据、估值、盈利能力等基本面因素的评分,,false,[],"UUS,89,UAOS,UDC,UBAX,UBAF,U31X,U31F,U32X,U32F",STANDARD_SNAPSHOT
264648|当日涨跌|Daily Change,security,metric_lookup,snapshot,market_code,264648,264648,"{""trade_class"":{""children"":null,""default"":""intraday"",""enum_options"":[{""label"":""盘前"",""value"":""pre_market""},{""label"":""盘中"",""value"":""intraday""},{""label"":""盘后"",""value"":""post_market""}],""example"":""intraday"",""name"":""trade_class"",""query_type"":""enum"",""required"":""1"",""source"":""legacy""}}",{},stock-detail.json,snapshot,当日涨跌,Daily Change,- **指标定义**：涨跌额是指金融市场中某一资产的价格相对于前一个周期的绝对变化值。- **指标别名**：价格变动额、价格差值- **指标描述**：涨跌额反映了某个交易品种在实时周期内的价格变动情况，以绝对值形式表示。该指标用于衡量资产在特定时间段内的价格变化，是投资者分析市场波动的重要工具。- **适用场景**：适用于实时监控资产价格的绝对变化，帮助投资者理解短期市场波动，尤其在日内交易和趋势分析中具有重要作用。常用于股票、外汇、期货等市场。- **计算公式**：  - 涨跌额 = 当前价格 - 前一周期价格  - 股票&指数：现价-昨收价  - 期货&期权: 现价-结算价  主站c++硬编码,,false,[],"UUS,89,UDC,UBAX,UBAF,U31X,U31F,U32X,U32F,UAOS",STANDARD_SNAPSHOT
264648|当日涨跌|Daily Change,security,metric_lookup,snapshot,market_code,264648,264648,"{""trade_class"":{""children"":null,""default"":""intraday"",""enum_options"":[{""label"":""盘前"",""value"":""pre_market""},{""label"":""盘中"",""value"":""intraday""},{""label"":""盘后"",""value"":""post_market""}],""example"":""intraday"",""name"":""trade_class"",""query_type"":""enum"",""required"":""1"",""source"":""legacy""}}",{},stock-detail.json,snapshot,当日涨跌,Daily Change,- **指标定义**：涨跌额是指金融市场中某一资产的价格相对于前一个周期的绝对变化值。- **指标别名**：价格变动额、价格差值- **指标描述**：涨跌额反映了某个交易品种在实时周期内的价格变动情况，以绝对值形式表示。该指标用于衡量资产在特定时间段内的价格变化，是投资者分析市场波动的重要工具。- **适用场景**：适用于实时监控资产价格的绝对变化，帮助投资者理解短期市场波动，尤其在日内交易和趋势分析中具有重要作用。常用于股票、外汇、期货等市场。- **计算公式**：  - 涨跌额 = 当前价格 - 前一周期价格  - 股票&指数：现价-昨收价  - 期货&期权: 现价-结算价  主站c++硬编码,,false,[],"UUS,89,UDC,UBAX,UBAF,U31X,U31F,U32X,U32F,UAOS",STANDARD_SNAPSHOT
ext_us_stock_peak_seeker_up_count|股票的追峰看涨统计|Ext US Stock Peak Seeker Up Count,market_env,metric_lookup,series,,ext_us_stock_peak_seeker_up_count,ext_us_stock_peak_seeker_up_count,"{""time_period"":{""children"":null,""default"":""day_1"",""enum_options"":[{""label"":""day_1"",""value"":""day_1""}],""example"":""day_1"",""name"":""time_period"",""query_type"":""enum"",""required"":""1"",""source"":""table""}}","{""type"":""end_count"",""end_time"":0,""count"":30,""time_period"":""day_1""}",,day_1,股票的追峰看涨统计,Ext US Stock Peak Seeker Up Count,股票的追峰看涨统计,,false,"[""day_1""]","UUS,89,UAOS,UDC,UBAX,UBAF,U31X,U31F,U32X,U32F",STANDARD_SERIES_MARKET_ENV
ext_us_stock_peak_seeker_down_count|股票的追峰看跌统计|Ext US Stock Peak Seeker Down Count,market_env,metric_lookup,series,,ext_us_stock_peak_seeker_down_count,ext_us_stock_peak_seeker_down_count,"{""time_period"":{""children"":null,""default"":""day_1"",""enum_options"":[{""label"":""day_1"",""value"":""day_1""}],""example"":""day_1"",""name"":""time_period"",""query_type"":""enum"",""required"":""1"",""source"":""table""}}","{""type"":""end_count"",""end_time"":0,""count"":30,""time_period"":""day_1""}",,day_1,股票的追峰看跌统计,Ext US Stock Peak Seeker Down Count,股票的追峰看跌统计,,false,"[""day_1""]","UUS,89,UAOS,UDC,UBAX,UBAF,U31X,U31F,U32X,U32F",STANDARD_SERIES_MARKET_ENV
ext_us_stock_trend_sight_down_count|股票的趋势跟踪看跌统计|Ext US Stock Trend Sight Down Count,market_env,metric_lookup,series,,ext_us_stock_trend_sight_down_count,ext_us_stock_trend_sight_down_count,"{""time_period"":{""children"":null,""default"":""day_1"",""enum_options"":[{""label"":""day_1"",""value"":""day_1""}],""example"":""day_1"",""name"":""time_period"",""query_type"":""enum"",""required"":""1"",""source"":""table""}}","{""type"":""end_count"",""end_time"":0,""count"":30,""time_period"":""day_1""}",,day_1,股票的趋势跟踪看跌统计,Ext US Stock Trend Sight Down Count,股票的趋势跟踪看跌统计,,false,"[""day_1""]","UUS,89,UAOS,UDC,UBAX,UBAF,U31X,U31F,U32X,U32F",STANDARD_SERIES_MARKET_ENV
8|最高价|Daily High,security,metric_lookup,snapshot,market_code,8,8,"{""trade_class"":{""children"":null,""default"":""intraday"",""enum_options"":[{""label"":""盘前"",""value"":""pre_market""},{""label"":""盘中"",""value"":""intraday""},{""label"":""盘后"",""value"":""post_market""}],""example"":""intraday"",""name"":""trade_class"",""query_type"":""enum"",""required"":""1"",""source"":""legacy""}}",{},stock-detail.json,snapshot,最高价,Daily High,"#### 1、定义：
最高价是指在一定交易时间内，股票或其他金融资产的最高成交价格。它反映了该时间段内市场对该资产的最高价值认可。

#### 2、别名：
- 日内最高价
- 日高 

#### 3、特征：
- 反映市场情绪：最高价可以反映市场在一定时间内对某个金融资产的最高价值认可，从而体现市场对该资产的情绪和预期。
- 波动性：最高价可能会受到市场波动、交易量、市场新闻等因素的影响，具有一定的不稳定性。
- 技术分析工具：最高价常被用作技术分析中的一个重要指标，帮助投资者判断市场趋势和寻找交易机会。

####  4、在投资过程中发挥的作用：
- 判断市场趋势：最高价可以帮助投资者了解市场在一定时间内的价格波动和趋势。
- 寻找交易机会：投资者可以通过分析最高价来判断是否存在买入或卖出的机会。
- 风险管理：通过观察最高价的变化，投资者可以评估持仓的风险水平，从而制定相应的风险管理策略。

#### 5、使用该指标需要注意的事项：
- 单一指标局限性：最高价仅为市场在一定时间内的价格表现，不能全面反映资产的价值和潜在风险。
- 市场波动性：最高价可能受到短期市场波动的影响，投资者应结合其他技术指标和基本面分析来做出更全面的判断。
- 交易量影响：最高价可能在交易量较低的情况下出现，这种情况下的价格可能不具备代表性。
- 时间跨度选择：投资者应根据投资策略和目标选择合适的时间跨度来观察最高价，如日K、周K或月K等。

#### 6、特殊注意事项：
<font color =""red"">最高价在K线周期存在除权复权的问题，在获取K线的最高价时，需要根据实际需求，来取对应的最高价（除权、前复权、后复权）。
具体除复权取数参数请参考取数协议</font>",,false,[],"UUS,89,UDC,UBAX,UBAF,U31X,U31F,U32X,U32F,UAOS",STANDARD_SNAPSHOT
8|最高价|Daily High,security,metric_lookup,snapshot,market_code,8,8,"{""trade_class"":{""children"":null,""default"":""intraday"",""enum_options"":[{""label"":""盘前"",""value"":""pre_market""},{""label"":""盘中"",""value"":""intraday""},{""label"":""盘后"",""value"":""post_market""}],""example"":""intraday"",""name"":""trade_class"",""query_type"":""enum"",""required"":""1"",""source"":""legacy""}}",{},stock-detail.json,snapshot,最高价,Daily High,"#### 1、定义：
最高价是指在一定交易时间内，股票或其他金融资产的最高成交价格。它反映了该时间段内市场对该资产的最高价值认可。

#### 2、别名：
- 日内最高价
- 日高 

#### 3、特征：
- 反映市场情绪：最高价可以反映市场在一定时间内对某个金融资产的最高价值认可，从而体现市场对该资产的情绪和预期。
- 波动性：最高价可能会受到市场波动、交易量、市场新闻等因素的影响，具有一定的不稳定性。
- 技术分析工具：最高价常被用作技术分析中的一个重要指标，帮助投资者判断市场趋势和寻找交易机会。

####  4、在投资过程中发挥的作用：
- 判断市场趋势：最高价可以帮助投资者了解市场在一定时间内的价格波动和趋势。
- 寻找交易机会：投资者可以通过分析最高价来判断是否存在买入或卖出的机会。
- 风险管理：通过观察最高价的变化，投资者可以评估持仓的风险水平，从而制定相应的风险管理策略。

#### 5、使用该指标需要注意的事项：
- 单一指标局限性：最高价仅为市场在一定时间内的价格表现，不能全面反映资产的价值和潜在风险。
- 市场波动性：最高价可能受到短期市场波动的影响，投资者应结合其他技术指标和基本面分析来做出更全面的判断。
- 交易量影响：最高价可能在交易量较低的情况下出现，这种情况下的价格可能不具备代表性。
- 时间跨度选择：投资者应根据投资策略和目标选择合适的时间跨度来观察最高价，如日K、周K或月K等。

#### 6、特殊注意事项：
<font color =""red"">最高价在K线周期存在除权复权的问题，在获取K线的最高价时，需要根据实际需求，来取对应的最高价（除权、前复权、后复权）。
具体除复权取数参数请参考取数协议</font>",,false,[],"UUS,89,UDC,UBAX,UBAF,U31X,U31F,U32X,U32F,UAOS",STANDARD_SNAPSHOT
8|最高价|Daily High,security,metric_lookup,snapshot,market_code,8,8,"{""trade_class"":{""children"":null,""default"":""intraday"",""enum_options"":[{""label"":""盘前"",""value"":""pre_market""},{""label"":""盘中"",""value"":""intraday""},{""label"":""盘后"",""value"":""post_market""}],""example"":""intraday"",""name"":""trade_class"",""query_type"":""enum"",""required"":""1"",""source"":""legacy""}}",{},stock-detail.json,snapshot,最高价,Daily High,"#### 1、定义：
最高价是指在一定交易时间内，股票或其他金融资产的最高成交价格。它反映了该时间段内市场对该资产的最高价值认可。

#### 2、别名：
- 日内最高价
- 日高 

#### 3、特征：
- 反映市场情绪：最高价可以反映市场在一定时间内对某个金融资产的最高价值认可，从而体现市场对该资产的情绪和预期。
- 波动性：最高价可能会受到市场波动、交易量、市场新闻等因素的影响，具有一定的不稳定性。
- 技术分析工具：最高价常被用作技术分析中的一个重要指标，帮助投资者判断市场趋势和寻找交易机会。

####  4、在投资过程中发挥的作用：
- 判断市场趋势：最高价可以帮助投资者了解市场在一定时间内的价格波动和趋势。
- 寻找交易机会：投资者可以通过分析最高价来判断是否存在买入或卖出的机会。
- 风险管理：通过观察最高价的变化，投资者可以评估持仓的风险水平，从而制定相应的风险管理策略。

#### 5、使用该指标需要注意的事项：
- 单一指标局限性：最高价仅为市场在一定时间内的价格表现，不能全面反映资产的价值和潜在风险。
- 市场波动性：最高价可能受到短期市场波动的影响，投资者应结合其他技术指标和基本面分析来做出更全面的判断。
- 交易量影响：最高价可能在交易量较低的情况下出现，这种情况下的价格可能不具备代表性。
- 时间跨度选择：投资者应根据投资策略和目标选择合适的时间跨度来观察最高价，如日K、周K或月K等。

#### 6、特殊注意事项：
<font color =""red"">最高价在K线周期存在除权复权的问题，在获取K线的最高价时，需要根据实际需求，来取对应的最高价（除权、前复权、后复权）。
具体除复权取数参数请参考取数协议</font>",,false,[],"UUS,89,UDC,UBAX,UBAF,U31X,U31F,U32X,U32F,UAOS",STANDARD_SNAPSHOT
8|最高价|Daily High,security,metric_lookup,snapshot,market_code,8,8,"{""trade_class"":{""children"":null,""default"":""intraday"",""enum_options"":[{""label"":""盘前"",""value"":""pre_market""},{""label"":""盘中"",""value"":""intraday""},{""label"":""盘后"",""value"":""post_market""}],""example"":""intraday"",""name"":""trade_class"",""query_type"":""enum"",""required"":""1"",""source"":""legacy""}}",{},stock-detail.json,snapshot,最高价,Daily High,"#### 1、定义：
最高价是指在一定交易时间内，股票或其他金融资产的最高成交价格。它反映了该时间段内市场对该资产的最高价值认可。

#### 2、别名：
- 日内最高价
- 日高 

#### 3、特征：
- 反映市场情绪：最高价可以反映市场在一定时间内对某个金融资产的最高价值认可，从而体现市场对该资产的情绪和预期。
- 波动性：最高价可能会受到市场波动、交易量、市场新闻等因素的影响，具有一定的不稳定性。
- 技术分析工具：最高价常被用作技术分析中的一个重要指标，帮助投资者判断市场趋势和寻找交易机会。

####  4、在投资过程中发挥的作用：
- 判断市场趋势：最高价可以帮助投资者了解市场在一定时间内的价格波动和趋势。
- 寻找交易机会：投资者可以通过分析最高价来判断是否存在买入或卖出的机会。
- 风险管理：通过观察最高价的变化，投资者可以评估持仓的风险水平，从而制定相应的风险管理策略。

#### 5、使用该指标需要注意的事项：
- 单一指标局限性：最高价仅为市场在一定时间内的价格表现，不能全面反映资产的价值和潜在风险。
- 市场波动性：最高价可能受到短期市场波动的影响，投资者应结合其他技术指标和基本面分析来做出更全面的判断。
- 交易量影响：最高价可能在交易量较低的情况下出现，这种情况下的价格可能不具备代表性。
- 时间跨度选择：投资者应根据投资策略和目标选择合适的时间跨度来观察最高价，如日K、周K或月K等。

#### 6、特殊注意事项：
<font color =""red"">最高价在K线周期存在除权复权的问题，在获取K线的最高价时，需要根据实际需求，来取对应的最高价（除权、前复权、后复权）。
具体除复权取数参数请参考取数协议</font>",,false,[],"UUS,89,UDC,UBAX,UBAF,U31X,U31F,U32X,U32F,UAOS",STANDARD_SNAPSHOT
8|最高价|Daily High,security,metric_lookup,snapshot,market_code,8,8,"{""trade_class"":{""children"":null,""default"":""intraday"",""enum_options"":[{""label"":""盘前"",""value"":""pre_market""},{""label"":""盘中"",""value"":""intraday""},{""label"":""盘后"",""value"":""post_market""}],""example"":""intraday"",""name"":""trade_class"",""query_type"":""enum"",""required"":""1"",""source"":""legacy""}}",{},stock-detail.json,snapshot,最高价,Daily High,"#### 1、定义：
最高价是指在一定交易时间内，股票或其他金融资产的最高成交价格。它反映了该时间段内市场对该资产的最高价值认可。

#### 2、别名：
- 日内最高价
- 日高 

#### 3、特征：
- 反映市场情绪：最高价可以反映市场在一定时间内对某个金融资产的最高价值认可，从而体现市场对该资产的情绪和预期。
- 波动性：最高价可能会受到市场波动、交易量、市场新闻等因素的影响，具有一定的不稳定性。
- 技术分析工具：最高价常被用作技术分析中的一个重要指标，帮助投资者判断市场趋势和寻找交易机会。

####  4、在投资过程中发挥的作用：
- 判断市场趋势：最高价可以帮助投资者了解市场在一定时间内的价格波动和趋势。
- 寻找交易机会：投资者可以通过分析最高价来判断是否存在买入或卖出的机会。
- 风险管理：通过观察最高价的变化，投资者可以评估持仓的风险水平，从而制定相应的风险管理策略。

#### 5、使用该指标需要注意的事项：
- 单一指标局限性：最高价仅为市场在一定时间内的价格表现，不能全面反映资产的价值和潜在风险。
- 市场波动性：最高价可能受到短期市场波动的影响，投资者应结合其他技术指标和基本面分析来做出更全面的判断。
- 交易量影响：最高价可能在交易量较低的情况下出现，这种情况下的价格可能不具备代表性。
- 时间跨度选择：投资者应根据投资策略和目标选择合适的时间跨度来观察最高价，如日K、周K或月K等。

#### 6、特殊注意事项：
<font color =""red"">最高价在K线周期存在除权复权的问题，在获取K线的最高价时，需要根据实际需求，来取对应的最高价（除权、前复权、后复权）。
具体除复权取数参数请参考取数协议</font>",,false,[],"UUS,89,UDC,UBAX,UBAF,U31X,U31F,U32X,U32F,UAOS",STANDARD_SNAPSHOT
13|成交量|Volume,security,metric_lookup,snapshot,market_code,13,13,"{""trade_class"":{""children"":null,""default"":""intraday"",""enum_options"":[{""label"":""盘前"",""value"":""pre_market""},{""label"":""盘中"",""value"":""intraday""},{""label"":""盘后"",""value"":""post_market""}],""example"":""intraday"",""name"":""trade_class"",""query_type"":""enum"",""required"":""1"",""source"":""legacy""}}",{},stock-detail.json,snapshot,成交量,Volume,"#### 1、定义：
成交量是指在一定时间内，股票市场中买卖双方达成交易的股票数量。它反映了市场活跃度和投资者对股票的关注度。

#### 2、别名：
- 成交量
- 交易量

#### 3、特征：
- 反映市场活跃度：成交量越大，市场活跃度越高，反之亦然。
- 反映投资者情绪：成交量的变化可以反映投资者的乐观或悲观情绪。
- 与价格变动相关：成交量与价格变动之间存在一定的关联性，如价格上涨时成交量增加，可能预示着价格进一步上涨。
- 可被操纵：成交量可能被市场操纵者通过虚假交易等方式进行操纵，投资者需谨慎分析。


#### 4、在投资过程中发挥的作用：
- 判断市场趋势：成交量的变化可以帮助投资者判断市场的趋势，如成交量持续增加，可能预示着市场上涨。
- 分析股票流动性：成交量的大小可以反映股票的流动性，成交量大的股票通常流动性较好。
- 识别市场操纵：通过分析成交量的变化，投资者可以识别市场操纵行为，避免被虚假交易误导。
- 辅助技术分析：成交量是许多技术分析指标的重要组成部分，如成交量均线、成交量振荡器等。

#### 5、使用该指标需要注意的事项：
- 避免单一依赖：成交量只是众多分析指标中的一个，投资者应结合其他指标和市场信息进行综合判断。
- 注意市场操纵：成交量可能被操纵，投资者应谨慎分析，避免被虚假交易误导。
- 关注成交量与价格的关系：成交量与价格之间的关系可以帮助投资者判断市场趋势，但需注意价格与成交量之间的关系并非绝对。
- 考虑市场环境：不同市场环境下，成交量的意义可能有所不同，投资者应根据市场环境进行分析。

#### 6、特殊注意事项：
<font color =""red"">成交量在K线周期存在除权复权的问题，在获取K线周期的成交量时，需要根据实际需求，来取对应的成交量（除权、前复权、后复权）。
具体除复权取数参数请参考取数协议</font>",,false,[],"UUS,89,UDC,UBAX,UBAF,U31X,U31F,U32X,U32F,UAOS",STANDARD_SNAPSHOT
13|成交量|Volume,security,metric_lookup,snapshot,market_code,13,13,"{""trade_class"":{""children"":null,""default"":""intraday"",""enum_options"":[{""label"":""盘前"",""value"":""pre_market""},{""label"":""盘中"",""value"":""intraday""},{""label"":""盘后"",""value"":""post_market""}],""example"":""intraday"",""name"":""trade_class"",""query_type"":""enum"",""required"":""1"",""source"":""legacy""}}",{},stock-detail.json,snapshot,成交量,Volume,"#### 1、定义：
成交量是指在一定时间内，股票市场中买卖双方达成交易的股票数量。它反映了市场活跃度和投资者对股票的关注度。

#### 2、别名：
- 成交量
- 交易量

#### 3、特征：
- 反映市场活跃度：成交量越大，市场活跃度越高，反之亦然。
- 反映投资者情绪：成交量的变化可以反映投资者的乐观或悲观情绪。
- 与价格变动相关：成交量与价格变动之间存在一定的关联性，如价格上涨时成交量增加，可能预示着价格进一步上涨。
- 可被操纵：成交量可能被市场操纵者通过虚假交易等方式进行操纵，投资者需谨慎分析。


#### 4、在投资过程中发挥的作用：
- 判断市场趋势：成交量的变化可以帮助投资者判断市场的趋势，如成交量持续增加，可能预示着市场上涨。
- 分析股票流动性：成交量的大小可以反映股票的流动性，成交量大的股票通常流动性较好。
- 识别市场操纵：通过分析成交量的变化，投资者可以识别市场操纵行为，避免被虚假交易误导。
- 辅助技术分析：成交量是许多技术分析指标的重要组成部分，如成交量均线、成交量振荡器等。

#### 5、使用该指标需要注意的事项：
- 避免单一依赖：成交量只是众多分析指标中的一个，投资者应结合其他指标和市场信息进行综合判断。
- 注意市场操纵：成交量可能被操纵，投资者应谨慎分析，避免被虚假交易误导。
- 关注成交量与价格的关系：成交量与价格之间的关系可以帮助投资者判断市场趋势，但需注意价格与成交量之间的关系并非绝对。
- 考虑市场环境：不同市场环境下，成交量的意义可能有所不同，投资者应根据市场环境进行分析。

#### 6、特殊注意事项：
<font color =""red"">成交量在K线周期存在除权复权的问题，在获取K线周期的成交量时，需要根据实际需求，来取对应的成交量（除权、前复权、后复权）。
具体除复权取数参数请参考取数协议</font>",,false,[],"UUS,89,UDC,UBAX,UBAF,U31X,U31F,U32X,U32F,UAOS",STANDARD_SNAPSHOT
13|成交量|Volume,security,metric_lookup,snapshot,market_code,13,13,"{""trade_class"":{""children"":null,""default"":""intraday"",""enum_options"":[{""label"":""盘前"",""value"":""pre_market""},{""label"":""盘中"",""value"":""intraday""},{""label"":""盘后"",""value"":""post_market""}],""example"":""intraday"",""name"":""trade_class"",""query_type"":""enum"",""required"":""1"",""source"":""legacy""}}",{},stock-detail.json,snapshot,成交量,Volume,"#### 1、定义：
成交量是指在一定时间内，股票市场中买卖双方达成交易的股票数量。它反映了市场活跃度和投资者对股票的关注度。

#### 2、别名：
- 成交量
- 交易量

#### 3、特征：
- 反映市场活跃度：成交量越大，市场活跃度越高，反之亦然。
- 反映投资者情绪：成交量的变化可以反映投资者的乐观或悲观情绪。
- 与价格变动相关：成交量与价格变动之间存在一定的关联性，如价格上涨时成交量增加，可能预示着价格进一步上涨。
- 可被操纵：成交量可能被市场操纵者通过虚假交易等方式进行操纵，投资者需谨慎分析。


#### 4、在投资过程中发挥的作用：
- 判断市场趋势：成交量的变化可以帮助投资者判断市场的趋势，如成交量持续增加，可能预示着市场上涨。
- 分析股票流动性：成交量的大小可以反映股票的流动性，成交量大的股票通常流动性较好。
- 识别市场操纵：通过分析成交量的变化，投资者可以识别市场操纵行为，避免被虚假交易误导。
- 辅助技术分析：成交量是许多技术分析指标的重要组成部分，如成交量均线、成交量振荡器等。

#### 5、使用该指标需要注意的事项：
- 避免单一依赖：成交量只是众多分析指标中的一个，投资者应结合其他指标和市场信息进行综合判断。
- 注意市场操纵：成交量可能被操纵，投资者应谨慎分析，避免被虚假交易误导。
- 关注成交量与价格的关系：成交量与价格之间的关系可以帮助投资者判断市场趋势，但需注意价格与成交量之间的关系并非绝对。
- 考虑市场环境：不同市场环境下，成交量的意义可能有所不同，投资者应根据市场环境进行分析。

#### 6、特殊注意事项：
<font color =""red"">成交量在K线周期存在除权复权的问题，在获取K线周期的成交量时，需要根据实际需求，来取对应的成交量（除权、前复权、后复权）。
具体除复权取数参数请参考取数协议</font>",,false,[],"UUS,89,UDC,UBAX,UBAF,U31X,U31F,U32X,U32F,UAOS",STANDARD_SNAPSHOT
13|成交量|Volume,security,metric_lookup,snapshot,market_code,13,13,"{""trade_class"":{""children"":null,""default"":""intraday"",""enum_options"":[{""label"":""盘前"",""value"":""pre_market""},{""label"":""盘中"",""value"":""intraday""},{""label"":""盘后"",""value"":""post_market""}],""example"":""intraday"",""name"":""trade_class"",""query_type"":""enum"",""required"":""1"",""source"":""legacy""}}",{},stock-detail.json,snapshot,成交量,Volume,"#### 1、定义：
成交量是指在一定时间内，股票市场中买卖双方达成交易的股票数量。它反映了市场活跃度和投资者对股票的关注度。

#### 2、别名：
- 成交量
- 交易量

#### 3、特征：
- 反映市场活跃度：成交量越大，市场活跃度越高，反之亦然。
- 反映投资者情绪：成交量的变化可以反映投资者的乐观或悲观情绪。
- 与价格变动相关：成交量与价格变动之间存在一定的关联性，如价格上涨时成交量增加，可能预示着价格进一步上涨。
- 可被操纵：成交量可能被市场操纵者通过虚假交易等方式进行操纵，投资者需谨慎分析。


#### 4、在投资过程中发挥的作用：
- 判断市场趋势：成交量的变化可以帮助投资者判断市场的趋势，如成交量持续增加，可能预示着市场上涨。
- 分析股票流动性：成交量的大小可以反映股票的流动性，成交量大的股票通常流动性较好。
- 识别市场操纵：通过分析成交量的变化，投资者可以识别市场操纵行为，避免被虚假交易误导。
- 辅助技术分析：成交量是许多技术分析指标的重要组成部分，如成交量均线、成交量振荡器等。

#### 5、使用该指标需要注意的事项：
- 避免单一依赖：成交量只是众多分析指标中的一个，投资者应结合其他指标和市场信息进行综合判断。
- 注意市场操纵：成交量可能被操纵，投资者应谨慎分析，避免被虚假交易误导。
- 关注成交量与价格的关系：成交量与价格之间的关系可以帮助投资者判断市场趋势，但需注意价格与成交量之间的关系并非绝对。
- 考虑市场环境：不同市场环境下，成交量的意义可能有所不同，投资者应根据市场环境进行分析。

#### 6、特殊注意事项：
<font color =""red"">成交量在K线周期存在除权复权的问题，在获取K线周期的成交量时，需要根据实际需求，来取对应的成交量（除权、前复权、后复权）。
具体除复权取数参数请参考取数协议</font>",,false,[],"UUS,89,UDC,UBAX,UBAF,U31X,U31F,U32X,U32F,UAOS",STANDARD_SNAPSHOT
6|昨收价|Close of Previous Day,security,metric_lookup,snapshot,market_code,6,6,"{""trade_class"":{""children"":null,""default"":""intraday"",""enum_options"":[{""label"":""盘前"",""value"":""pre_market""},{""label"":""盘中"",""value"":""intraday""},{""label"":""盘后"",""value"":""post_market""}],""example"":""intraday"",""name"":""trade_class"",""query_type"":""enum"",""required"":""1"",""source"":""legacy""}}",{},stock-detail.json,snapshot,昨收价,Close of Previous Day,昨日收盘,,false,[],"UUS,89,UDC,UBAX,UBAF,U31X,U31F,U32X,U32F,UAOS",STANDARD_SNAPSHOT
6|昨收价|Close of Previous Day,security,metric_lookup,snapshot,market_code,6,6,"{""trade_class"":{""children"":null,""default"":""intraday"",""enum_options"":[{""label"":""盘前"",""value"":""pre_market""},{""label"":""盘中"",""value"":""intraday""},{""label"":""盘后"",""value"":""post_market""}],""example"":""intraday"",""name"":""trade_class"",""query_type"":""enum"",""required"":""1"",""source"":""legacy""}}",{},stock-detail.json,snapshot,昨收价,Close of Previous Day,昨日收盘,,false,[],"UUS,89,UDC,UBAX,UBAF,U31X,U31F,U32X,U32F,UAOS",STANDARD_SNAPSHOT
6|昨收价|Close of Previous Day,security,metric_lookup,snapshot,market_code,6,6,"{""trade_class"":{""children"":null,""default"":""intraday"",""enum_options"":[{""label"":""盘前"",""value"":""pre_market""},{""label"":""盘中"",""value"":""intraday""},{""label"":""盘后"",""value"":""post_market""}],""example"":""intraday"",""name"":""trade_class"",""query_type"":""enum"",""required"":""1"",""source"":""legacy""}}",{},stock-detail.json,snapshot,昨收价,Close of Previous Day,昨日收盘,,false,[],"UUS,89,UDC,UBAX,UBAF,U31X,U31F,U32X,U32F,UAOS",STANDARD_SNAPSHOT
ext_us_stock_magic_signal_up_count|股票的神奇电波看涨统计|Ext US Stock Magic Signal Up Count,market_env,metric_lookup,series,,ext_us_stock_magic_signal_up_count,ext_us_stock_magic_signal_up_count,"{""time_period"":{""children"":null,""default"":""day_1"",""enum_options"":[{""label"":""day_1"",""value"":""day_1""}],""example"":""day_1"",""name"":""time_period"",""query_type"":""enum"",""required"":""1"",""source"":""table""}}","{""type"":""end_count"",""end_time"":0,""count"":30,""time_period"":""day_1""}",,day_1,股票的神奇电波看涨统计,Ext US Stock Magic Signal Up Count,股票的神奇电波看涨统计,,false,"[""day_1""]","UUS,89,UAOS,UDC,UBAX,UBAF,U31X,U31F,U32X,U32F",STANDARD_SERIES_MARKET_ENV
9|最低价|Daily Low,security,metric_lookup,snapshot,market_code,9,9,"{""trade_class"":{""children"":null,""default"":""intraday"",""enum_options"":[{""label"":""盘前"",""value"":""pre_market""},{""label"":""盘中"",""value"":""intraday""},{""label"":""盘后"",""value"":""post_market""}],""example"":""intraday"",""name"":""trade_class"",""query_type"":""enum"",""required"":""1"",""source"":""legacy""}}",{},stock-detail.json,snapshot,最低价,Daily Low,"#### 1、定义：
最低价是指在一定交易日内，某种金融资产（如股票、期货等）的最低成交价格。这个价格反映了该金融资产在该交易日内的最低价值，是投资者判断市场情绪和资产价值的重要参考。


#### 2、别名：
- 日内最低价
- 日K最低价
- 日最低成交价

#### 3、特征：
- 反映市场情绪：最低价可以反映出投资者在交易日内对某种金融资产的最低接受价格，从而反映出市场对该资产的情绪。
- 波动性：最低价可能会受到市场波动的影响，如市场新闻、政策变化等。
- 交易策略参考：投资者可能会根据最低价来制定交易策略，如在最低价附近买入或卖出。

#### 4、出自A股港股美股会计准则的位置：
金融指标最低价并不直接出自任何会计准则，而是金融市场交易数据的一部分。会计准则主要关注的是公司的财务状况和经营成果，而最低价是市场交易的结果。

#### 5、计算公式：
金融指标最低价的计算公式相对简单，主要是在一定交易日内找到该金融资产的最低成交价格。公式如下：
最低价 = min(成交价格1, 成交价格2, ..., 成交价格n)
- 成交价格1, 成交价格2, ..., 成交价格n：在一定交易日内，该金融资产的所有成交价格。

#### 6、在投资过程中发挥的作用：
- 判断市场情绪：最低价可以帮助投资者判断市场对该金融资产的情绪，从而做出投资决策。
- 制定交易策略：投资者可以根据最低价来制定买入或卖出的交易策略。
- 风险管理：最低价可以帮助投资者评估投资风险，如在最低价附近设置止损点。||

#### 7、使用该指标需要注意的事项：
- 市场波动：最低价可能会受到市场波动的影响，投资者需要关注可能影响价格波动的因素。
- 交易量：最低价可能在交易量较小的情况下出现，这种情况下的价格可能不够稳定，投资者需要谨慎对待。
- 短期行为：最低价更多地反映了短期市场行为，投资者在使用该指标时需要结合其他长期指标进行综合分析。||

#### 6、特殊注意事项：
<font color =""red"">最低价在K线周期存在除权复权的问题，在获取K线周期的最低价时，需要根据实际需求，来取对应的最低价（除权、前复权、后复权）。
具体除复权取数参数请参考取数协议</font>",,false,[],"UUS,89,UDC,UBAX,UBAF,U31X,U31F,U32X,U32F,UAOS",STANDARD_SNAPSHOT
9|最低价|Daily Low,security,metric_lookup,snapshot,market_code,9,9,"{""trade_class"":{""children"":null,""default"":""intraday"",""enum_options"":[{""label"":""盘前"",""value"":""pre_market""},{""label"":""盘中"",""value"":""intraday""},{""label"":""盘后"",""value"":""post_market""}],""example"":""intraday"",""name"":""trade_class"",""query_type"":""enum"",""required"":""1"",""source"":""legacy""}}",{},stock-detail.json,snapshot,最低价,Daily Low,"#### 1、定义：
最低价是指在一定交易日内，某种金融资产（如股票、期货等）的最低成交价格。这个价格反映了该金融资产在该交易日内的最低价值，是投资者判断市场情绪和资产价值的重要参考。


#### 2、别名：
- 日内最低价
- 日K最低价
- 日最低成交价

#### 3、特征：
- 反映市场情绪：最低价可以反映出投资者在交易日内对某种金融资产的最低接受价格，从而反映出市场对该资产的情绪。
- 波动性：最低价可能会受到市场波动的影响，如市场新闻、政策变化等。
- 交易策略参考：投资者可能会根据最低价来制定交易策略，如在最低价附近买入或卖出。

#### 4、出自A股港股美股会计准则的位置：
金融指标最低价并不直接出自任何会计准则，而是金融市场交易数据的一部分。会计准则主要关注的是公司的财务状况和经营成果，而最低价是市场交易的结果。

#### 5、计算公式：
金融指标最低价的计算公式相对简单，主要是在一定交易日内找到该金融资产的最低成交价格。公式如下：
最低价 = min(成交价格1, 成交价格2, ..., 成交价格n)
- 成交价格1, 成交价格2, ..., 成交价格n：在一定交易日内，该金融资产的所有成交价格。

#### 6、在投资过程中发挥的作用：
- 判断市场情绪：最低价可以帮助投资者判断市场对该金融资产的情绪，从而做出投资决策。
- 制定交易策略：投资者可以根据最低价来制定买入或卖出的交易策略。
- 风险管理：最低价可以帮助投资者评估投资风险，如在最低价附近设置止损点。||

#### 7、使用该指标需要注意的事项：
- 市场波动：最低价可能会受到市场波动的影响，投资者需要关注可能影响价格波动的因素。
- 交易量：最低价可能在交易量较小的情况下出现，这种情况下的价格可能不够稳定，投资者需要谨慎对待。
- 短期行为：最低价更多地反映了短期市场行为，投资者在使用该指标时需要结合其他长期指标进行综合分析。||

#### 6、特殊注意事项：
<font color =""red"">最低价在K线周期存在除权复权的问题，在获取K线周期的最低价时，需要根据实际需求，来取对应的最低价（除权、前复权、后复权）。
具体除复权取数参数请参考取数协议</font>",,false,[],"UUS,89,UDC,UBAX,UBAF,U31X,U31F,U32X,U32F,UAOS",STANDARD_SNAPSHOT
9|最低价|Daily Low,security,metric_lookup,snapshot,market_code,9,9,"{""trade_class"":{""children"":null,""default"":""intraday"",""enum_options"":[{""label"":""盘前"",""value"":""pre_market""},{""label"":""盘中"",""value"":""intraday""},{""label"":""盘后"",""value"":""post_market""}],""example"":""intraday"",""name"":""trade_class"",""query_type"":""enum"",""required"":""1"",""source"":""legacy""}}",{},stock-detail.json,snapshot,最低价,Daily Low,"#### 1、定义：
最低价是指在一定交易日内，某种金融资产（如股票、期货等）的最低成交价格。这个价格反映了该金融资产在该交易日内的最低价值，是投资者判断市场情绪和资产价值的重要参考。


#### 2、别名：
- 日内最低价
- 日K最低价
- 日最低成交价

#### 3、特征：
- 反映市场情绪：最低价可以反映出投资者在交易日内对某种金融资产的最低接受价格，从而反映出市场对该资产的情绪。
- 波动性：最低价可能会受到市场波动的影响，如市场新闻、政策变化等。
- 交易策略参考：投资者可能会根据最低价来制定交易策略，如在最低价附近买入或卖出。

#### 4、出自A股港股美股会计准则的位置：
金融指标最低价并不直接出自任何会计准则，而是金融市场交易数据的一部分。会计准则主要关注的是公司的财务状况和经营成果，而最低价是市场交易的结果。

#### 5、计算公式：
金融指标最低价的计算公式相对简单，主要是在一定交易日内找到该金融资产的最低成交价格。公式如下：
最低价 = min(成交价格1, 成交价格2, ..., 成交价格n)
- 成交价格1, 成交价格2, ..., 成交价格n：在一定交易日内，该金融资产的所有成交价格。

#### 6、在投资过程中发挥的作用：
- 判断市场情绪：最低价可以帮助投资者判断市场对该金融资产的情绪，从而做出投资决策。
- 制定交易策略：投资者可以根据最低价来制定买入或卖出的交易策略。
- 风险管理：最低价可以帮助投资者评估投资风险，如在最低价附近设置止损点。||

#### 7、使用该指标需要注意的事项：
- 市场波动：最低价可能会受到市场波动的影响，投资者需要关注可能影响价格波动的因素。
- 交易量：最低价可能在交易量较小的情况下出现，这种情况下的价格可能不够稳定，投资者需要谨慎对待。
- 短期行为：最低价更多地反映了短期市场行为，投资者在使用该指标时需要结合其他长期指标进行综合分析。||

#### 6、特殊注意事项：
<font color =""red"">最低价在K线周期存在除权复权的问题，在获取K线周期的最低价时，需要根据实际需求，来取对应的最低价（除权、前复权、后复权）。
具体除复权取数参数请参考取数协议</font>",,false,[],"UUS,89,UDC,UBAX,UBAF,U31X,U31F,U32X,U32F,UAOS",STANDARD_SNAPSHOT
9|最低价|Daily Low,security,metric_lookup,snapshot,market_code,9,9,"{""trade_class"":{""children"":null,""default"":""intraday"",""enum_options"":[{""label"":""盘前"",""value"":""pre_market""},{""label"":""盘中"",""value"":""intraday""},{""label"":""盘后"",""value"":""post_market""}],""example"":""intraday"",""name"":""trade_class"",""query_type"":""enum"",""required"":""1"",""source"":""legacy""}}",{},stock-detail.json,snapshot,最低价,Daily Low,"#### 1、定义：
最低价是指在一定交易日内，某种金融资产（如股票、期货等）的最低成交价格。这个价格反映了该金融资产在该交易日内的最低价值，是投资者判断市场情绪和资产价值的重要参考。


#### 2、别名：
- 日内最低价
- 日K最低价
- 日最低成交价

#### 3、特征：
- 反映市场情绪：最低价可以反映出投资者在交易日内对某种金融资产的最低接受价格，从而反映出市场对该资产的情绪。
- 波动性：最低价可能会受到市场波动的影响，如市场新闻、政策变化等。
- 交易策略参考：投资者可能会根据最低价来制定交易策略，如在最低价附近买入或卖出。

#### 4、出自A股港股美股会计准则的位置：
金融指标最低价并不直接出自任何会计准则，而是金融市场交易数据的一部分。会计准则主要关注的是公司的财务状况和经营成果，而最低价是市场交易的结果。

#### 5、计算公式：
金融指标最低价的计算公式相对简单，主要是在一定交易日内找到该金融资产的最低成交价格。公式如下：
最低价 = min(成交价格1, 成交价格2, ..., 成交价格n)
- 成交价格1, 成交价格2, ..., 成交价格n：在一定交易日内，该金融资产的所有成交价格。

#### 6、在投资过程中发挥的作用：
- 判断市场情绪：最低价可以帮助投资者判断市场对该金融资产的情绪，从而做出投资决策。
- 制定交易策略：投资者可以根据最低价来制定买入或卖出的交易策略。
- 风险管理：最低价可以帮助投资者评估投资风险，如在最低价附近设置止损点。||

#### 7、使用该指标需要注意的事项：
- 市场波动：最低价可能会受到市场波动的影响，投资者需要关注可能影响价格波动的因素。
- 交易量：最低价可能在交易量较小的情况下出现，这种情况下的价格可能不够稳定，投资者需要谨慎对待。
- 短期行为：最低价更多地反映了短期市场行为，投资者在使用该指标时需要结合其他长期指标进行综合分析。||

#### 6、特殊注意事项：
<font color =""red"">最低价在K线周期存在除权复权的问题，在获取K线周期的最低价时，需要根据实际需求，来取对应的最低价（除权、前复权、后复权）。
具体除复权取数参数请参考取数协议</font>",,false,[],"UUS,89,UDC,UBAX,UBAF,U31X,U31F,U32X,U32F,UAOS",STANDARD_SNAPSHOT
9|最低价|Daily Low,security,metric_lookup,snapshot,market_code,9,9,"{""trade_class"":{""children"":null,""default"":""intraday"",""enum_options"":[{""label"":""盘前"",""value"":""pre_market""},{""label"":""盘中"",""value"":""intraday""},{""label"":""盘后"",""value"":""post_market""}],""example"":""intraday"",""name"":""trade_class"",""query_type"":""enum"",""required"":""1"",""source"":""legacy""}}",{},stock-detail.json,snapshot,最低价,Daily Low,"#### 1、定义：
最低价是指在一定交易日内，某种金融资产（如股票、期货等）的最低成交价格。这个价格反映了该金融资产在该交易日内的最低价值，是投资者判断市场情绪和资产价值的重要参考。


#### 2、别名：
- 日内最低价
- 日K最低价
- 日最低成交价

#### 3、特征：
- 反映市场情绪：最低价可以反映出投资者在交易日内对某种金融资产的最低接受价格，从而反映出市场对该资产的情绪。
- 波动性：最低价可能会受到市场波动的影响，如市场新闻、政策变化等。
- 交易策略参考：投资者可能会根据最低价来制定交易策略，如在最低价附近买入或卖出。

#### 4、出自A股港股美股会计准则的位置：
金融指标最低价并不直接出自任何会计准则，而是金融市场交易数据的一部分。会计准则主要关注的是公司的财务状况和经营成果，而最低价是市场交易的结果。

#### 5、计算公式：
金融指标最低价的计算公式相对简单，主要是在一定交易日内找到该金融资产的最低成交价格。公式如下：
最低价 = min(成交价格1, 成交价格2, ..., 成交价格n)
- 成交价格1, 成交价格2, ..., 成交价格n：在一定交易日内，该金融资产的所有成交价格。

#### 6、在投资过程中发挥的作用：
- 判断市场情绪：最低价可以帮助投资者判断市场对该金融资产的情绪，从而做出投资决策。
- 制定交易策略：投资者可以根据最低价来制定买入或卖出的交易策略。
- 风险管理：最低价可以帮助投资者评估投资风险，如在最低价附近设置止损点。||

#### 7、使用该指标需要注意的事项：
- 市场波动：最低价可能会受到市场波动的影响，投资者需要关注可能影响价格波动的因素。
- 交易量：最低价可能在交易量较小的情况下出现，这种情况下的价格可能不够稳定，投资者需要谨慎对待。
- 短期行为：最低价更多地反映了短期市场行为，投资者在使用该指标时需要结合其他长期指标进行综合分析。||

#### 6、特殊注意事项：
<font color =""red"">最低价在K线周期存在除权复权的问题，在获取K线周期的最低价时，需要根据实际需求，来取对应的最低价（除权、前复权、后复权）。
具体除复权取数参数请参考取数协议</font>",,false,[],"UUS,89,UDC,UBAX,UBAF,U31X,U31F,U32X,U32F,UAOS",STANDARD_SNAPSHOT
ex_dividend_date_latest|除权除息日(最新)|Latest Dividend Date,security,metric_lookup,snapshot,market_code,ex_dividend_date_latest,ex_dividend_date_latest,{},{},stock-detail.json,snapshot,除权除息日(最新),Latest Dividend Date,"股票分红除权除息日
兼容指标id：466（历史版本使用，不推荐）",,false,[],"UUS,UDC,UBAX,UBAF,U31X,U31F,U32X,U32F",STANDARD_SNAPSHOT
inr-close_price_return_ratio-std_dev|区间波动率|Volatility (Period),security,metric_lookup,snapshot,market_code,inr-close_price_return_ratio-std_dev,inr-close_price_return_ratio-std_dev,"{""time_period"":{""children"":null,""default"":""day_1"",""enum_options"":[{""label"":""day_1"",""value"":""day_1""},{""label"":""week_1"",""value"":""week_1""},{""label"":""month_1"",""value"":""month_1""},{""label"":""day_2"",""value"":""day_2""},{""label"":""day_5"",""value"":""day_5""},{""label"":""day_22"",""value"":""day_22""},{""label"":""week_4"",""value"":""week_4""},{""label"":""不限trade_class"",""value"":""min_*""},{""label"":""限制intraday且*>1"",""value"":""day_*""},{""label"":""限制intraday且*>1"",""value"":""week_*""},{""label"":""限制intraday且*>1"",""value"":""month_*""},{""label"":""限制intraday且*>1"",""value"":""year_*""}],""example"":""day_1"",""name"":""time_period"",""query_type"":""enum"",""required"":""1"",""source"":""legacy""},""trade_class"":{""children"":null,""default"":""intraday"",""enum_options"":[{""label"":""盘前"",""value"":""pre_market""},{""label"":""盘中"",""value"":""intraday""},{""label"":""盘后"",""value"":""post_market""}],""example"":""intraday"",""name"":""trade_class"",""query_type"":""enum"",""required"":""1"",""source"":""legacy""}}",{},stock-detail.json,day_1;week_1;month_1;day_2;day_5;day_22;week_4;min_*;day_*;week_*;month_*;year_*,区间波动率,Volatility (Period),区间波动率,区间波动率,true,"[""day_1"",""week_1"",""month_1"",""day_2"",""day_5"",""day_22"",""week_4"",""min_*"",""day_*"",""week_*"",""month_*"",""year_*""]","UUS,89,UDC,UBAX,UBAF,U31X,U31F,U32X,U32F",STANDARD_SNAPSHOT
inr-close_price_return_ratio-std_dev|区间波动率|Volatility (Period),security,metric_lookup,snapshot,market_code,inr-close_price_return_ratio-std_dev,inr-close_price_return_ratio-std_dev,"{""time_period"":{""children"":null,""default"":""day_1"",""enum_options"":[{""label"":""day_1"",""value"":""day_1""},{""label"":""week_1"",""value"":""week_1""},{""label"":""month_1"",""value"":""month_1""},{""label"":""day_2"",""value"":""day_2""},{""label"":""day_5"",""value"":""day_5""},{""label"":""day_22"",""value"":""day_22""},{""label"":""week_4"",""value"":""week_4""},{""label"":""不限trade_class"",""value"":""min_*""},{""label"":""限制intraday且*>1"",""value"":""day_*""},{""label"":""限制intraday且*>1"",""value"":""week_*""},{""label"":""限制intraday且*>1"",""value"":""month_*""},{""label"":""限制intraday且*>1"",""value"":""year_*""}],""example"":""day_1"",""name"":""time_period"",""query_type"":""enum"",""required"":""1"",""source"":""legacy""},""trade_class"":{""children"":null,""default"":""intraday"",""enum_options"":[{""label"":""盘前"",""value"":""pre_market""},{""label"":""盘中"",""value"":""intraday""},{""label"":""盘后"",""value"":""post_market""}],""example"":""intraday"",""name"":""trade_class"",""query_type"":""enum"",""required"":""1"",""source"":""legacy""}}",{},stock-detail.json,day_1;week_1;month_1;day_2;day_5;day_22;week_4;min_*;day_*;week_*;month_*;year_*,区间波动率,Volatility (Period),区间波动率,区间波动率,true,"[""day_1"",""week_1"",""month_1"",""day_2"",""day_5"",""day_22"",""week_4"",""min_*"",""day_*"",""week_*"",""month_*"",""year_*""]","UUS,89,UDC,UBAX,UBAF,U31X,U31F,U32X,U32F",STANDARD_SNAPSHOT
fundIndexTracked|跟踪指数|Index Tracked,security,metric_lookup,snapshot,market_code,fundIndexTracked,fundIndexTracked,{},{},stock-detail.json,snapshot,跟踪指数,Index Tracked,追踪指数（Index Tracked ）,,false,[],UUS,STANDARD_SNAPSHOT
ext_metric_sector_1_name|股票/ETF所属的一级行业名称|Primary Industry Name,security,metric_lookup,snapshot,market_code,ext_metric_sector_1_name,ext_metric_sector_1_name,{},{},stock-detail.json,snapshot,股票/ETF所属的一级行业名称,Primary Industry Name,股票或etf代码所属的一级行业名称,,false,[],"UUS,89,UAOS,UDC,UBAX,UBAF,U31X,U31F,U32X,U32F",STANDARD_SNAPSHOT
ext_metric_sector_1_name|股票/ETF所属的一级行业名称|Primary Industry Name,security,metric_lookup,snapshot,market_code,ext_metric_sector_1_name,ext_metric_sector_1_name,{},{},stock-detail.json,snapshot,股票/ETF所属的一级行业名称,Primary Industry Name,股票或etf代码所属的一级行业名称,,false,[],"UUS,89,UAOS,UDC,UBAX,UBAF,U31X,U31F,U32X,U32F",STANDARD_SNAPSHOT
fundDividendTreatment|分红方式|Dividend Treatment,security,metric_lookup,snapshot,market_code,fundDividendTreatment,fundDividendTreatment,{},{},stock-detail.json,snapshot,分红方式,Dividend Treatment,Dividend treatment,,false,[],UUS,STANDARD_SNAPSHOT
fundIncomeTaxType|所得税类型|Income tax type,security,metric_lookup,snapshot,market_code,fundIncomeTaxType,fundIncomeTaxType,{},{},stock-detail.json,snapshot,所得税类型,Income tax type,所得税类型 Income tax type,,false,[],UUS,STANDARD_SNAPSHOT
fundIsActiveMgmt|是否主动管理|Active or Passive Management,security,metric_lookup,snapshot,market_code,fundIsActiveMgmt,fundIsActiveMgmt,{},{},stock-detail.json,snapshot,是否主动管理,Active or Passive Management,管理风格 Management style,,false,[],UUS,STANDARD_SNAPSHOT
fundSelectionCriteria|选择标准|Selection Criteria,security,metric_lookup,snapshot,market_code,fundSelectionCriteria,fundSelectionCriteria,{},{},stock-detail.json,snapshot,选择标准,Selection Criteria,选择标准Selection criteria(投资依赖),,false,[],UUS,STANDARD_SNAPSHOT
国际北美etf@Asset Class|ETF资产类型|ETF Asset Class,security,metric_lookup,snapshot,market_code,国际北美etf@Asset Class,国际北美etf@Asset Class,{},{},stock-detail.json,snapshot,ETF资产类型,ETF Asset Class,"ETF的资产类型,Equity,Multi-Asset,Bond,Alternatives,Real Estate.Comomdity,Currency,Preferred Stock,Volatility",,false,[],"UUS,89,UAOS,UDC,UBAX,UBAF,U31X,U31F,U32X,U32F",STANDARD_SNAPSHOT
fundLegalStruct|法律结构|Structure,security,metric_lookup,snapshot,market_code,fundLegalStruct,fundLegalStruct,{},{},stock-detail.json,snapshot,法律结构,Structure,结构 Structure（分类）,,false,[],UUS,STANDARD_SNAPSHOT
fundHomeUrl|基金官网主页|Home URL,security,metric_lookup,snapshot,market_code,fundHomeUrl,fundHomeUrl,{},{},stock-detail.json,snapshot,基金官网主页,Home URL,网址 URL,,false,[],UUS,STANDARD_SNAPSHOT
fundIssuer|发行商|Issuer,security,metric_lookup,snapshot,market_code,fundIssuer,fundIssuer,{},{},stock-detail.json,snapshot,发行商,Issuer,发行商（Issuer）,,false,[],UUS,STANDARD_SNAPSHOT
ext_metric_etf_type|etf种类|ETF Class,security,metric_lookup,snapshot,market_code,ext_metric_etf_type,ext_metric_etf_type,{},{},stock-detail.json,snapshot,etf种类,ETF Class,Stock  -- 股票型 Index  -- 指数型 Commodity  -- 商品型 Currency  -- 货币型 Bonds  -- 债券型 Others  --  其他,,false,[],"UUS,89,UAOS,UDC,UBAX,UBAF,U31X,U31F,U32X,U32F",STANDARD_SNAPSHOT
ext_metric_index_etf_code|杠杆ETF对应的指数ETF代码|ETF Index Tracked,security,metric_lookup,snapshot,market_code,ext_metric_index_etf_code,ext_metric_index_etf_code,{},{},stock-detail.json,snapshot,杠杆ETF对应的指数ETF代码,ETF Index Tracked,杠杆 ETF 所跟踪的基准指数 ETF 的交易代码（如 SPY、QQQ）,,false,[],"UUS,89,UAOS,UDC,UBAX,UBAF,U31X,U31F,U32X,U32F",STANDARD_SNAPSHOT
ext_metric_listed_exchange_name|上市交易所名称|Exchange,security,metric_lookup,snapshot,market_code,ext_metric_listed_exchange_name,ext_metric_listed_exchange_name,{},{},stock-detail.json,snapshot,上市交易所名称,Exchange,上市交易所的全称（如 New York Stock Exchange）,,false,[],"UUS,89,UAOS,UDC,UBAX,UBAF,U31X,U31F,U32X,U32F",STANDARD_SNAPSHOT
ext_metric_listed_exchange_name|上市交易所名称|Exchange,security,metric_lookup,snapshot,market_code,ext_metric_listed_exchange_name,ext_metric_listed_exchange_name,{},{},stock-detail.json,snapshot,上市交易所名称,Exchange,上市交易所的全称（如 New York Stock Exchange）,,false,[],"UUS,89,UAOS,UDC,UBAX,UBAF,U31X,U31F,U32X,U32F",STANDARD_SNAPSHOT
fundBrand|品牌名称|Brand,security,metric_lookup,snapshot,market_code,fundBrand,fundBrand,{},{},stock-detail.json,snapshot,品牌名称,Brand,品牌Brand,,false,[],UUS,STANDARD_SNAPSHOT
fundPrimaryAdvisor|首席顾问|Primary Advisor,security,metric_lookup,snapshot,market_code,fundPrimaryAdvisor,fundPrimaryAdvisor,{},{},stock-detail.json,snapshot,首席顾问,Primary Advisor,首席顾问 Primary advisor,,false,[],UUS,STANDARD_SNAPSHOT
国际北美etf@Dividend Frequency|基金分红频率|Fund Dividend Frequency,security,metric_lookup,snapshot,market_code,国际北美etf@Dividend Frequency,国际北美etf@Dividend Frequency,{},{},stock-detail.json,snapshot,基金分红频率,Fund Dividend Frequency,ETF的分红频率，周(Weekly)，  月(Monthly)，  季度(Quarterly)，  半年(Semi-Annually)，  一年(Annually)，  Others,,false,[],"UUS,89,UAOS,UDC,UBAX,UBAF,U31X,U31F,U32X,U32F",STANDARD_SNAPSHOT
trade_currency_name|交易货币名称|trade_currency_name,security,metric_lookup,snapshot,market_code,trade_currency_name,trade_currency_name,{},{},stock-detail.json,snapshot,交易货币名称,trade_currency_name,交易货币名称指的是在金融交易中使用的货币的名称，例如美元（USD）、欧元（EUR）等。这个指标用于明确交易中涉及的货币种类，确保交易双方对货币类型有共同的理解。,,false,[],"UUS,UDC,UBAX,UBAF,U31X,U31F,U32X,U32F",STANDARD_SNAPSHOT
phone_meeting_summary_abstract|电话会议总结简要观点|Conference Call Summary - Key Insights,security,metric_lookup,series,market_code,phone_meeting_summary_abstract,phone_meeting_summary_abstract,{},"{""type"":""begin_end"",""begin_time"":1783296000000,""end_time"":0,""time_period"":""quarter""}",series-etf-30d.json,snapshot;quarter,电话会议总结简要观点,Conference Call Summary - Key Insights,电话会议的主要观点提炼，反映公司经营状况和未来展望,,false,[],"UUS,UDC,UBAX,UBAF,U31X,U31F,U32X,U32F","STANDARD_SNAPSHOT,STANDARD_SERIES_TIME_RANGE_BEGIN_END"
phone_meeting_summary_detail|电话会议总结核心内容|Conference Call Summary - Key Content,security,metric_lookup,series,market_code,phone_meeting_summary_detail,phone_meeting_summary_detail,{},"{""type"":""begin_end"",""begin_time"":1783296000000,""end_time"":0,""time_period"":""quarter""}",series-etf-30d.json,snapshot;quarter,电话会议总结核心内容,Conference Call Summary - Key Content,公司电话会议的核心内容总结，包括管理层重要发言和决策,,false,[],"UUS,UDC,UBAX,UBAF,U31X,U31F,U32X,U32F","STANDARD_SNAPSHOT,STANDARD_SERIES_TIME_RANGE_BEGIN_END"
interest_coverage_ratio_ttm|利息覆盖率(TTM)|Interest Coverage Ratio (TTM),security,metric_lookup,series,market_code,interest_coverage_ratio_ttm,interest_coverage_ratio_ttm,{},"{""type"":""begin_end"",""begin_time"":1783296000000,""end_time"":0,""time_period"":""quarter""}",series-etf-30d.json,snapshot;quarter,利息覆盖率(TTM),Interest Coverage Ratio (TTM),过去12个月EBIT覆盖利息费用的倍数,,false,[],"UUS,UDC,UBAX,UBAF,U31X,U31F,U32X,U32F","STANDARD_SNAPSHOT,STANDARD_SERIES_TIME_RANGE_BEGIN_END"
国际北美etf@Benchmark|国际北美etf@Benchmark|ETF Benchmark,security,metric_lookup,snapshot,market_code,国际北美etf@Benchmark,国际北美etf@Benchmark,{},{},stock-detail.json,snapshot,国际北美etf@Benchmark,ETF Benchmark,ETF的基准,,false,[],"UUS,89,UAOS,UDC,UBAX,UBAF,U31X,U31F,U32X,U32F",STANDARD_SNAPSHOT
operating_expenses_total_ttm|营业支出总额TTM|Total Operating Expenses (TTM),security,metric_lookup,series,market_code,operating_expenses_total_ttm,operating_expenses_total_ttm,{},"{""type"":""begin_end"",""begin_time"":1783296000000,""end_time"":0,""time_period"":""quarter""}",series-etf-30d.json,snapshot;quarter,营业支出总额TTM,Total Operating Expenses (TTM),过去12个月的营业支出总额,,false,[],"UUS,UDC,UBAX,UBAF,U31X,U31F,U32X,U32F","STANDARD_SNAPSHOT,STANDARD_SERIES_TIME_RANGE_BEGIN_END"
ext_metric_ipo_status|新股状态|IPO Status,security,metric_lookup,snapshot,market_code,ext_metric_ipo_status,ext_metric_ipo_status,{},{},stock-detail.json,snapshot,新股状态,IPO Status,标的是否为近期上市新股，如“近期上市”、“非新股”等状态标识,,false,[],"UUS,89,UAOS,UDC,UBAX,UBAF,U31X,U31F,U32X,U32F",STANDARD_SNAPSHOT
ext_metric_ipo_status|新股状态|IPO Status,security,metric_lookup,snapshot,market_code,ext_metric_ipo_status,ext_metric_ipo_status,{},{},stock-detail.json,snapshot,新股状态,IPO Status,标的是否为近期上市新股，如“近期上市”、“非新股”等状态标识,,false,[],"UUS,89,UAOS,UDC,UBAX,UBAF,U31X,U31F,U32X,U32F",STANDARD_SNAPSHOT
fundAssetClass|资产类别|Asset Class,security,metric_lookup,snapshot,market_code,fundAssetClass,fundAssetClass,{},{},stock-detail.json,snapshot,资产类别,Asset Class,资产类别 Asset Class,,false,[],UUS,STANDARD_SNAPSHOT
capital_expenditure_qoq|环比增长-自由现金流|Capital Expenditure QoQ Growth,security,metric_lookup,series,market_code,capital_expenditure_qoq,capital_expenditure_qoq,{},"{""type"":""begin_end"",""begin_time"":1783296000000,""end_time"":0,""time_period"":""quarter""}",series-etf-30d.json,snapshot;quarter,环比增长-自由现金流,Capital Expenditure QoQ Growth,资本支出季度环比增速,,false,[],"UUS,UDC,UBAX,UBAF,U31X,U31F,U32X,U32F","STANDARD_SNAPSHOT,STANDARD_SERIES_TIME_RANGE_BEGIN_END"
free_cash_flow_qoq|环比增长-资本支出|Free Cash Flow QoQ Growth,security,metric_lookup,series,market_code,free_cash_flow_qoq,free_cash_flow_qoq,{},"{""type"":""begin_end"",""begin_time"":1783296000000,""end_time"":0,""time_period"":""quarter""}",series-etf-30d.json,snapshot;quarter,环比增长-资本支出,Free Cash Flow QoQ Growth,自由现金流季度环比增速,,false,[],"UUS,UDC,UBAX,UBAF,U31X,U31F,U32X,U32F","STANDARD_SNAPSHOT,STANDARD_SERIES_TIME_RANGE_BEGIN_END"
balanced_eps_qoq|基本每股收益环比|Basic EPS (QoQ),security,metric_lookup,series,market_code,balanced_eps_qoq,balanced_eps_qoq,{},"{""type"":""begin_end"",""begin_time"":1783296000000,""end_time"":0,""time_period"":""quarter""}",series-etf-30d.json,snapshot;quarter,基本每股收益环比,Basic EPS (QoQ),基本每股收益环比变化率,,false,[],"UUS,UDC,UBAX,UBAF,U31X,U31F,U32X,U32F","STANDARD_SNAPSHOT,STANDARD_SERIES_TIME_RANGE_BEGIN_END"
balanced_diluted_eps_qoq|环比增长-摊薄每股收益|Diluted EPS QoQ Growth,security,metric_lookup,series,market_code,balanced_diluted_eps_qoq,balanced_diluted_eps_qoq,{},"{""type"":""begin_end"",""begin_time"":1783296000000,""end_time"":0,""time_period"":""quarter""}",series-etf-30d.json,snapshot;quarter,环比增长-摊薄每股收益,Diluted EPS QoQ Growth,摊薄EPS季度环比增速,,false,[],"UUS,UDC,UBAX,UBAF,U31X,U31F,U32X,U32F","STANDARD_SNAPSHOT,STANDARD_SERIES_TIME_RANGE_BEGIN_END"
balanced_eps_yoy|基本每股收益(同比增长率)|Basic EPS YoY Growth,security,metric_lookup,series,market_code,balanced_eps_yoy,balanced_eps_yoy,{},"{""type"":""begin_end"",""begin_time"":1783296000000,""end_time"":0,""time_period"":""quarter""}",series-etf-30d.json,snapshot;quarter,基本每股收益(同比增长率),Basic EPS YoY Growth,基本每股收益当期与上年同期相比较的增长率,,false,[],"UUS,UDC,UBAX,UBAF,U31X,U31F,U32X,U32F","STANDARD_SNAPSHOT,STANDARD_SERIES_TIME_RANGE_BEGIN_END"
"balanced_cash_equivalents_ttm|每股现金及等价物(前复权)TTM|Cash and Cash Equivalents Per Share (Adjusted, TTM)",security,metric_lookup,series,market_code,balanced_cash_equivalents_ttm,balanced_cash_equivalents_ttm,{},"{""type"":""begin_end"",""begin_time"":1783296000000,""end_time"":0,""time_period"":""quarter""}",series-etf-30d.json,snapshot;quarter,每股现金及等价物(前复权)TTM,"Cash and Cash Equivalents Per Share (Adjusted, TTM)",前复权处理后的过去12个月每股现金及等价物,,false,[],"UUS,UDC,UBAX,UBAF,U31X,U31F,U32X,U32F","STANDARD_SNAPSHOT,STANDARD_SERIES_TIME_RANGE_BEGIN_END"
debt_yoy|总债务同比|Total Debt (YoY),security,metric_lookup,series,market_code,debt_yoy,debt_yoy,{},"{""type"":""begin_end"",""begin_time"":1783296000000,""end_time"":0,""time_period"":""quarter""}",series-etf-30d.json,snapshot;quarter,总债务同比,Total Debt (YoY),总债务同比增长率，反映公司负债规模的年度变化,,false,[],"UUS,UDC,UBAX,UBAF,U31X,U31F,U32X,U32F","STANDARD_SNAPSHOT,STANDARD_SERIES_TIME_RANGE_BEGIN_END"
ebitda_yoy|EBITDA同比|EBITDA (YoY),security,metric_lookup,series,market_code,ebitda_yoy,ebitda_yoy,{},"{""type"":""begin_end"",""begin_time"":1783296000000,""end_time"":0,""time_period"":""quarter""}",series-etf-30d.json,snapshot;quarter,EBITDA同比,EBITDA (YoY),息税折旧摊销前利润同比增长率，反映公司核心盈利能力变化,,false,[],"UUS,UDC,UBAX,UBAF,U31X,U31F,U32X,U32F","STANDARD_SNAPSHOT,STANDARD_SERIES_TIME_RANGE_BEGIN_END"
ebitda_qoq|EBITDA环比|EBITDA (QoQ),security,metric_lookup,series,market_code,ebitda_qoq,ebitda_qoq,{},"{""type"":""begin_end"",""begin_time"":1783296000000,""end_time"":0,""time_period"":""quarter""}",series-etf-30d.json,snapshot;quarter,EBITDA环比,EBITDA (QoQ),息税折旧摊销前利润环比变化率,,false,[],"UUS,UDC,UBAX,UBAF,U31X,U31F,U32X,U32F","STANDARD_SNAPSHOT,STANDARD_SERIES_TIME_RANGE_BEGIN_END"
gross_profit_qoq|毛利润环比|Gross Profit (QoQ),security,metric_lookup,series,market_code,gross_profit_qoq,gross_profit_qoq,{},"{""type"":""begin_end"",""begin_time"":1783296000000,""end_time"":0,""time_period"":""quarter""}",series-etf-30d.json,snapshot;quarter,毛利润环比,Gross Profit (QoQ),毛利润环比变化率,,false,[],"UUS,UDC,UBAX,UBAF,U31X,U31F,U32X,U32F","STANDARD_SNAPSHOT,STANDARD_SERIES_TIME_RANGE_BEGIN_END"
capital_expenditure_ttm_qoq|环比增长-资本支出TTM|Capital Expenditure (TTM) QoQ Growth,security,metric_lookup,series,market_code,capital_expenditure_ttm_qoq,capital_expenditure_ttm_qoq,{},"{""type"":""begin_end"",""begin_time"":1783296000000,""end_time"":0,""time_period"":""quarter""}",series-etf-30d.json,snapshot;quarter,环比增长-资本支出TTM,Capital Expenditure (TTM) QoQ Growth,资本支出(TTM)季度环比增速,,false,[],"UUS,UDC,UBAX,UBAF,U31X,U31F,U32X,U32F","STANDARD_SNAPSHOT,STANDARD_SERIES_TIME_RANGE_BEGIN_END"
cash|货币资金|Monetary Funds,security,metric_lookup,series,market_code,cash,cash,{},"{""type"":""begin_end"",""begin_time"":1783296000000,""end_time"":0,""time_period"":""quarter""}",series-etf-30d.json,snapshot;quarter,货币资金,Monetary Funds,企业拥有的现金、银行存款及其他货币资金的总和，包括库存现金、银行结算户存款、其他货币资金（如外币存款、银行汇票存款等）。,,false,[],"UUS,UDC,UBAX,UBAF,U31X,U31F,U32X,U32F","STANDARD_SNAPSHOT,STANDARD_SERIES_TIME_RANGE_BEGIN_END"
analyst_target_price_latest|分析师目标价|Analyst Target Price,security,metric_lookup,series,market_code,analyst_target_price_latest,analyst_target_price_latest,{},"{""type"":""begin_end"",""begin_time"":1783296000000,""end_time"":0,""time_period"":""quarter""}",series-etf-30d.json,quarter,分析师目标价,Analyst Target Price,指单个分析师预测的未来（通常为12个月）股票目标价格。,,false,[],"UUS,UDC,UBAX,UBAF,U31X,U31F,U32X,U32F",STANDARD_SERIES_TIME_RANGE_BEGIN_END
assets_total_qoq|环比增长-总资产|QoQ Growth - Total Assets,security,metric_lookup,series,market_code,assets_total_qoq,assets_total_qoq,{},"{""type"":""begin_end"",""begin_time"":1783296000000,""end_time"":0,""time_period"":""quarter""}",series-etf-30d.json,snapshot;quarter,环比增长-总资产,QoQ Growth - Total Assets,总资产季度环比增速,,false,[],"UUS,UDC,UBAX,UBAF,U31X,U31F,U32X,U32F","STANDARD_SNAPSHOT,STANDARD_SERIES_TIME_RANGE_BEGIN_END"
balanced_eps_ttm_qoq|基本每股收益TTM环比|Basic EPS (TTM QoQ),security,metric_lookup,series,market_code,balanced_eps_ttm_qoq,balanced_eps_ttm_qoq,{},"{""type"":""begin_end"",""begin_time"":1783296000000,""end_time"":0,""time_period"":""quarter""}",series-etf-30d.json,snapshot;quarter,基本每股收益TTM环比,Basic EPS (TTM QoQ),过去12个月基本每股收益环比变化率,,false,[],"UUS,UDC,UBAX,UBAF,U31X,U31F,U32X,U32F","STANDARD_SNAPSHOT,STANDARD_SERIES_TIME_RANGE_BEGIN_END"
net_profit_ttm_qoq|净利润TTM环比|Net Profit (TTM QoQ),security,metric_lookup,series,market_code,net_profit_ttm_qoq,net_profit_ttm_qoq,{},"{""type"":""begin_end"",""begin_time"":1783296000000,""end_time"":0,""time_period"":""quarter""}",series-etf-30d.json,snapshot;quarter,净利润TTM环比,Net Profit (TTM QoQ),过去12个月净利润环比变化率,,false,[],"UUS,UDC,UBAX,UBAF,U31X,U31F,U32X,U32F","STANDARD_SNAPSHOT,STANDARD_SERIES_TIME_RANGE_BEGIN_END"
ebitda_ttm_qoq|EBITDA_TTM环比|EBITDA (TTM QoQ),security,metric_lookup,series,market_code,ebitda_ttm_qoq,ebitda_ttm_qoq,{},"{""type"":""begin_end"",""begin_time"":1783296000000,""end_time"":0,""time_period"":""quarter""}",series-etf-30d.json,snapshot;quarter,EBITDA_TTM环比,EBITDA (TTM QoQ),过去12个月息税折旧摊销前利润环比变化率,,false,[],"UUS,UDC,UBAX,UBAF,U31X,U31F,U32X,U32F","STANDARD_SNAPSHOT,STANDARD_SERIES_TIME_RANGE_BEGIN_END"
continuing_operating_business_profit_v2_yoy|持续经营业务的税前利润(新体系)同比增长率|Pretax Profit from Continuing Operations (New System),security,metric_lookup,series,market_code,continuing_operating_business_profit_v2_yoy,continuing_operating_business_profit_v2_yoy,{},"{""type"":""begin_end"",""begin_time"":1783296000000,""end_time"":0,""time_period"":""quarter""}",series-etf-30d.json,snapshot;quarter,持续经营业务的税前利润(新体系)同比增长率,Pretax Profit from Continuing Operations (New System),持续经营业务产生的税前利润（新核算体系）,,false,[],"UUS,UDC,UBAX,UBAF,U31X,U31F,U32X,U32F","STANDARD_SNAPSHOT,STANDARD_SERIES_TIME_RANGE_BEGIN_END"
capital_expenditure_ttm_yoy|资本支出TTM同比|Capital Expenditure (TTM YoY),security,metric_lookup,series,market_code,capital_expenditure_ttm_yoy,capital_expenditure_ttm_yoy,{},"{""type"":""begin_end"",""begin_time"":1783296000000,""end_time"":0,""time_period"":""quarter""}",series-etf-30d.json,snapshot;quarter,资本支出TTM同比,Capital Expenditure (TTM YoY),过去12个月资本支出同比增长率,,false,[],"UUS,UDC,UBAX,UBAF,U31X,U31F,U32X,U32F","STANDARD_SNAPSHOT,STANDARD_SERIES_TIME_RANGE_BEGIN_END"
gross_profit_ttm_qoq|毛利润TTM环比|Gross Profit (TTM QoQ),security,metric_lookup,series,market_code,gross_profit_ttm_qoq,gross_profit_ttm_qoq,{},"{""type"":""begin_end"",""begin_time"":1783296000000,""end_time"":0,""time_period"":""quarter""}",series-etf-30d.json,snapshot;quarter,毛利润TTM环比,Gross Profit (TTM QoQ),过去12个月毛利润环比变化率,,false,[],"UUS,UDC,UBAX,UBAF,U31X,U31F,U32X,U32F","STANDARD_SNAPSHOT,STANDARD_SERIES_TIME_RANGE_BEGIN_END"
operating_income_total_ttm_qoq|营业总收入TTM环比|Total Operating Revenue (TTM QoQ),security,metric_lookup,series,market_code,operating_income_total_ttm_qoq,operating_income_total_ttm_qoq,{},"{""type"":""begin_end"",""begin_time"":1783296000000,""end_time"":0,""time_period"":""quarter""}",series-etf-30d.json,snapshot;quarter,营业总收入TTM环比,Total Operating Revenue (TTM QoQ),过去12个月营业总收入环比变化率,,false,[],"UUS,UDC,UBAX,UBAF,U31X,U31F,U32X,U32F","STANDARD_SNAPSHOT,STANDARD_SERIES_TIME_RANGE_BEGIN_END"
balanced_diluted_eps_ttm_qoq|摊薄每股收益TTM环比|Diluted EPS (TTM QoQ),security,metric_lookup,series,market_code,balanced_diluted_eps_ttm_qoq,balanced_diluted_eps_ttm_qoq,{},"{""type"":""begin_end"",""begin_time"":1783296000000,""end_time"":0,""time_period"":""quarter""}",series-etf-30d.json,snapshot;quarter,摊薄每股收益TTM环比,Diluted EPS (TTM QoQ),过去12个月摊薄每股收益环比变化率,,false,[],"UUS,UDC,UBAX,UBAF,U31X,U31F,U32X,U32F","STANDARD_SNAPSHOT,STANDARD_SERIES_TIME_RANGE_BEGIN_END"
net_profit_ttm_yoy|净利润TTM同比|Net Profit (TTM YoY),security,metric_lookup,series,market_code,net_profit_ttm_yoy,net_profit_ttm_yoy,{},"{""type"":""begin_end"",""begin_time"":1783296000000,""end_time"":0,""time_period"":""quarter""}",series-etf-30d.json,snapshot;quarter,净利润TTM同比,Net Profit (TTM YoY),过去12个月净利润同比增长率,,false,[],"UUS,UDC,UBAX,UBAF,U31X,U31F,U32X,U32F","STANDARD_SNAPSHOT,STANDARD_SERIES_TIME_RANGE_BEGIN_END"
free_cash_flow_ttm_qoq|环比增长-自由现金流TTM|Free Cash Flow (TTM) QoQ Growth,security,metric_lookup,series,market_code,free_cash_flow_ttm_qoq,free_cash_flow_ttm_qoq,{},"{""type"":""begin_end"",""begin_time"":1783296000000,""end_time"":0,""time_period"":""quarter""}",series-etf-30d.json,snapshot;quarter,环比增长-自由现金流TTM,Free Cash Flow (TTM) QoQ Growth,自由现金流季度(TTM)环比增速,,false,[],"UUS,UDC,UBAX,UBAF,U31X,U31F,U32X,U32F","STANDARD_SNAPSHOT,STANDARD_SERIES_TIME_RANGE_BEGIN_END"
debt_qoq|环比增长-总债务|QoQ Growth - Total Debt,security,metric_lookup,series,market_code,debt_qoq,debt_qoq,{},"{""type"":""begin_end"",""begin_time"":1783296000000,""end_time"":0,""time_period"":""quarter""}",series-etf-30d.json,snapshot;quarter,环比增长-总债务,QoQ Growth - Total Debt,总债务季度环比增速,,false,[],"UUS,UDC,UBAX,UBAF,U31X,U31F,U32X,U32F","STANDARD_SNAPSHOT,STANDARD_SERIES_TIME_RANGE_BEGIN_END"
"capital_change_v2_ttm|股本变动TTM(新体系)|Share Capital Change (TTM, New System)",security,metric_lookup,series,market_code,capital_change_v2_ttm,capital_change_v2_ttm,{},"{""type"":""begin_end"",""begin_time"":1783296000000,""end_time"":0,""time_period"":""quarter""}",series-etf-30d.json,snapshot;quarter,股本变动TTM(新体系),"Share Capital Change (TTM, New System)",过去12个月的股本变动情况（新核算体系）,,false,[],"UUS,UDC,UBAX,UBAF,U31X,U31F,U32X,U32F","STANDARD_SNAPSHOT,STANDARD_SERIES_TIME_RANGE_BEGIN_END"
net_profit_v2_yoy|净利润(同比增长率)|Net Profit (YoY Growth Rate),security,metric_lookup,series,market_code,net_profit_v2_yoy,net_profit_v2_yoy,{},"{""type"":""begin_end"",""begin_time"":1783296000000,""end_time"":0,""time_period"":""quarter""}",series-etf-30d.json,snapshot;quarter,净利润(同比增长率),Net Profit (YoY Growth Rate),净利润当期与上年同期相比较的增长率,,false,[],"UUS,UDC,UBAX,UBAF,U31X,U31F,U32X,U32F","STANDARD_SNAPSHOT,STANDARD_SERIES_TIME_RANGE_BEGIN_END"
payable|应付款项|Payables,security,metric_lookup,series,market_code,payable,payable,{},"{""type"":""begin_end"",""begin_time"":1783296000000,""end_time"":0,""time_period"":""quarter""}",series-etf-30d.json,snapshot;quarter,应付款项,Payables,资产负债表科目,,false,[],"UUS,UDC,UBAX,UBAF,U31X,U31F,U32X,U32F","STANDARD_SNAPSHOT,STANDARD_SERIES_TIME_RANGE_BEGIN_END"
current_debt_deferred_income|流动负债递延收入|Deferred Revenues (Current Liabilities),security,metric_lookup,series,market_code,current_debt_deferred_income,current_debt_deferred_income,{},"{""type"":""begin_end"",""begin_time"":1783296000000,""end_time"":0,""time_period"":""quarter""}",series-etf-30d.json,snapshot;quarter,流动负债递延收入,Deferred Revenues (Current Liabilities),资产负债表科目,,false,[],"UUS,UDC,UBAX,UBAF,U31X,U31F,U32X,U32F","STANDARD_SNAPSHOT,STANDARD_SERIES_TIME_RANGE_BEGIN_END"
non_current_debt_deferred_income|非流动负债递延收入|Deferred Revenues (Non-Current Liabilities),security,metric_lookup,series,market_code,non_current_debt_deferred_income,non_current_debt_deferred_income,{},"{""type"":""begin_end"",""begin_time"":1783296000000,""end_time"":0,""time_period"":""quarter""}",series-etf-30d.json,snapshot;quarter,非流动负债递延收入,Deferred Revenues (Non-Current Liabilities),资产负债表科目,,false,[],"UUS,UDC,UBAX,UBAF,U31X,U31F,U32X,U32F","STANDARD_SNAPSHOT,STANDARD_SERIES_TIME_RANGE_BEGIN_END"
short_term_loans|短期借款|Short-Term Borrowing,security,metric_lookup,series,market_code,short_term_loans,short_term_loans,{},"{""type"":""begin_end"",""begin_time"":1783296000000,""end_time"":0,""time_period"":""quarter""}",series-etf-30d.json,snapshot;quarter,短期借款,Short-Term Borrowing,资产负债表科目,,false,[],"UUS,UDC,UBAX,UBAF,U31X,U31F,U32X,U32F","STANDARD_SNAPSHOT,STANDARD_SERIES_TIME_RANGE_BEGIN_END"
holder_equity_special_account|其他归属于母公司股东权益|Total Stockholders' Equity Special Subject,security,metric_lookup,series,market_code,holder_equity_special_account,holder_equity_special_account,{},"{""type"":""begin_end"",""begin_time"":1783296000000,""end_time"":0,""time_period"":""quarter""}",series-etf-30d.json,snapshot;quarter,其他归属于母公司股东权益,Total Stockholders' Equity Special Subject,资产负债表科目,,false,[],"UUS,UDC,UBAX,UBAF,U31X,U31F,U32X,U32F","STANDARD_SNAPSHOT,STANDARD_SERIES_TIME_RANGE_BEGIN_END"
independent_account_assets|独立账户资产|Separate Account Assets,security,metric_lookup,series,market_code,independent_account_assets,independent_account_assets,{},"{""type"":""begin_end"",""begin_time"":1783296000000,""end_time"":0,""time_period"":""quarter""}",series-etf-30d.json,snapshot;quarter,独立账户资产,Separate Account Assets,资产负债表科目,,false,[],"UUS,UDC,UBAX,UBAF,U31X,U31F,U32X,U32F","STANDARD_SNAPSHOT,STANDARD_SERIES_TIME_RANGE_BEGIN_END"
trade_financial_assets|交易性金融资产|Trading Assets,security,metric_lookup,series,market_code,trade_financial_assets,trade_financial_assets,{},"{""type"":""begin_end"",""begin_time"":1783296000000,""end_time"":0,""time_period"":""quarter""}",series-etf-30d.json,snapshot;quarter,交易性金融资产,Trading Assets,资产负债表科目,,false,[],"UUS,UDC,UBAX,UBAF,U31X,U31F,U32X,U32F","STANDARD_SNAPSHOT,STANDARD_SERIES_TIME_RANGE_BEGIN_END"
cash_deposit_center_bank|现金和中央银行存款|Cash and Due From Banks,security,metric_lookup,series,market_code,cash_deposit_center_bank,cash_deposit_center_bank,{},"{""type"":""begin_end"",""begin_time"":1783296000000,""end_time"":0,""time_period"":""quarter""}",series-etf-30d.json,snapshot;quarter,现金和中央银行存款,Cash and Due From Banks,资产负债表科目,,false,[],"UUS,UDC,UBAX,UBAF,U31X,U31F,U32X,U32F","STANDARD_SNAPSHOT,STANDARD_SERIES_TIME_RANGE_BEGIN_END"
operating_expenses_total|营业支出总额|Total Operating Expenses,security,metric_lookup,series,market_code,operating_expenses_total,operating_expenses_total,{},"{""type"":""begin_end"",""begin_time"":1783296000000,""end_time"":0,""time_period"":""quarter""}",series-etf-30d.json,snapshot;quarter,营业支出总额,Total Operating Expenses,公司在经营活动中发生的全部支出,,false,[],"UUS,UDC,UBAX,UBAF,U31X,U31F,U32X,U32F","STANDARD_SNAPSHOT,STANDARD_SERIES_TIME_RANGE_BEGIN_END"
common_profit_total|全面收入总额|Total Comprehensive Income,security,metric_lookup,series,market_code,common_profit_total,common_profit_total,{},"{""type"":""begin_end"",""begin_time"":1783296000000,""end_time"":0,""time_period"":""quarter""}",series-etf-30d.json,snapshot;quarter,全面收入总额,Total Comprehensive Income,利润表指标,,false,[],"UUS,UDC,UBAX,UBAF,U31X,U31F,U32X,U32F","STANDARD_SNAPSHOT,STANDARD_SERIES_TIME_RANGE_BEGIN_END"
commission_expense|佣金和手续费收入|Commissions,security,metric_lookup,series,market_code,commission_expense,commission_expense,{},"{""type"":""begin_end"",""begin_time"":1783296000000,""end_time"":0,""time_period"":""quarter""}",series-etf-30d.json,snapshot;quarter,佣金和手续费收入,Commissions,利润表指标,,false,[],"UUS,UDC,UBAX,UBAF,U31X,U31F,U32X,U32F","STANDARD_SNAPSHOT,STANDARD_SERIES_TIME_RANGE_BEGIN_END"
insurance_business_income|保险合同收入|Insurance Income,security,metric_lookup,series,market_code,insurance_business_income,insurance_business_income,{},"{""type"":""begin_end"",""begin_time"":1783296000000,""end_time"":0,""time_period"":""quarter""}",series-etf-30d.json,snapshot;quarter,保险合同收入,Insurance Income,利润表指标,,false,[],"UUS,UDC,UBAX,UBAF,U31X,U31F,U32X,U32F","STANDARD_SNAPSHOT,STANDARD_SERIES_TIME_RANGE_BEGIN_END"
non_current_debt_special|其他非流动负债(非流动负债特殊项目)|Non-Current Liabilities Special Subject,security,metric_lookup,series,market_code,non_current_debt_special,non_current_debt_special,{},"{""type"":""begin_end"",""begin_time"":1783296000000,""end_time"":0,""time_period"":""quarter""}",series-etf-30d.json,snapshot;quarter,其他非流动负债(非流动负债特殊项目),Non-Current Liabilities Special Subject,资产负债表科目,,false,[],"UUS,UDC,UBAX,UBAF,U31X,U31F,U32X,U32F","STANDARD_SNAPSHOT,STANDARD_SERIES_TIME_RANGE_BEGIN_END"
operating_expenditure_special_subject|其他营业费用|Total Operating Expenses Special Subject,security,metric_lookup,series,market_code,operating_expenditure_special_subject,operating_expenditure_special_subject,{},"{""type"":""begin_end"",""begin_time"":1783296000000,""end_time"":0,""time_period"":""quarter""}",series-etf-30d.json,snapshot;quarter,其他营业费用,Total Operating Expenses Special Subject,利润表指标,,false,[],"UUS,UDC,UBAX,UBAF,U31X,U31F,U32X,U32F","STANDARD_SNAPSHOT,STANDARD_SERIES_TIME_RANGE_BEGIN_END"
etf_portfolio_annual_constituent_return|每一年投资组合成分股的年涨跌幅|Annual Price Change (%) of Portfolio Holdings,group_id_self,metric_lookup,series,group_id_self,etf_portfolio_annual_constituent_return,etf_portfolio_annual_constituent_return,"{""time_period"":{""children"":null,""default"":""snapshot"",""enum_options"":[{""label"":""snapshot"",""value"":""snapshot""},{""label"":""year_1"",""value"":""year_1""}],""example"":""snapshot"",""name"":""time_period"",""query_type"":""enum"",""required"":""1"",""source"":""table""}}","{""type"":""end_count"",""end_time"":0,""count"":30,""time_period"":""year_1"",""supported_types"":[""begin_end"",""end_count""]}",series-etf-30d.json,snapshot;year_1,每一年投资组合成分股的年涨跌幅,Annual Price Change (%) of Portfolio Holdings,每年各持仓个股的年度涨跌幅表现,,false,"[""snapshot"",""year_1""]",INNER3,"STANDARD_SNAPSHOT,STANDARD_SERIES_TIME_RANGE_ALL"
etf_portfolio_annual_nav|每一年投资组合的净值|Portfolio Net Asset Value (NAV) for Each Year,group_id_self,metric_lookup,series,group_id_self,etf_portfolio_annual_nav,etf_portfolio_annual_nav,"{""time_period"":{""children"":null,""default"":""snapshot"",""enum_options"":[{""label"":""snapshot"",""value"":""snapshot""},{""label"":""year_1"",""value"":""year_1""}],""example"":""snapshot"",""name"":""time_period"",""query_type"":""enum"",""required"":""1"",""source"":""table""}}","{""type"":""end_count"",""end_time"":0,""count"":30,""time_period"":""year_1"",""supported_types"":[""begin_end"",""end_count""]}",series-etf-30d.json,snapshot;year_1,每一年投资组合的净值,Portfolio Net Asset Value (NAV) for Each Year,按年末展示投资组合的单位净值,,false,"[""snapshot"",""year_1""]",INNER3,"STANDARD_SNAPSHOT,STANDARD_SERIES_TIME_RANGE_ALL"
etf_portfolio_asset_return_contribution|投资组合各个资产的回报贡献|Return Contribution by Each Asset,group_id_self,metric_lookup,series,group_id_self,etf_portfolio_asset_return_contribution,etf_portfolio_asset_return_contribution,"{""time_period"":{""children"":null,""default"":""snapshot"",""enum_options"":[{""label"":""snapshot"",""value"":""snapshot""},{""label"":""month_1"",""value"":""month_1""}],""example"":""snapshot"",""name"":""time_period"",""query_type"":""enum"",""required"":""1"",""source"":""table""}}","{""type"":""end_count"",""end_time"":0,""count"":30,""time_period"":""month_1"",""supported_types"":[""begin_end"",""end_count""]}",series-etf-30d.json,snapshot;month_1,投资组合各个资产的回报贡献,Return Contribution by Each Asset,各持仓资产对组合整体收益率的贡献（权重×个股收益率）,,false,"[""snapshot"",""month_1""]",INNER3,"STANDARD_SNAPSHOT,STANDARD_SERIES_TIME_RANGE_ALL"
etf_portfolio_asset_pe|投资组合成分股的PE|Portfolio Holdings P/E Ratio,group_id_self,metric_lookup,series,group_id_self,etf_portfolio_asset_pe,etf_portfolio_asset_pe,"{""time_period"":{""children"":null,""default"":""snapshot"",""enum_options"":[{""label"":""snapshot"",""value"":""snapshot""},{""label"":""month_1"",""value"":""month_1""}],""example"":""snapshot"",""name"":""time_period"",""query_type"":""enum"",""required"":""1"",""source"":""table""}}","{""type"":""end_count"",""end_time"":0,""count"":30,""time_period"":""month_1"",""supported_types"":[""begin_end"",""end_count""]}",series-etf-30d.json,snapshot;month_1,投资组合成分股的PE,Portfolio Holdings P/E Ratio,组合持仓个股的加权平均市盈率（可区分TTM PE或Forward PE）,,false,"[""snapshot"",""month_1""]",INNER3,"STANDARD_SNAPSHOT,STANDARD_SERIES_TIME_RANGE_ALL"
etf_portfolio_cumulative_excess_return_asset_contribution|上市至今的每个月投资组合的累计超额收益中各个资产的贡献比例|Monthly Cumulative Excess Return Contribution by Each Asset (Since Inception),group_id_self,metric_lookup,series,group_id_self,etf_portfolio_cumulative_excess_return_asset_contribution,etf_portfolio_cumulative_excess_return_asset_contribution,"{""time_period"":{""children"":null,""default"":""snapshot"",""enum_options"":[{""label"":""snapshot"",""value"":""snapshot""},{""label"":""month_1"",""value"":""month_1""},{""label"":""year_1"",""value"":""year_1""}],""example"":""snapshot"",""name"":""time_period"",""query_type"":""enum"",""required"":""1"",""source"":""table""}}","{""type"":""end_count"",""end_time"":0,""count"":30,""time_period"":""month_1"",""supported_types"":[""begin_end"",""end_count""]}",series-etf-30d.json,snapshot;month_1;year_1,上市至今的每个月投资组合的累计超额收益中各个资产的贡献比例,Monthly Cumulative Excess Return Contribution by Each Asset (Since Inception),自成立以来每月累计超额收益中各资产的累积贡献分解,,false,"[""snapshot"",""month_1"",""year_1""]",INNER3,"STANDARD_SNAPSHOT,STANDARD_SERIES_TIME_RANGE_ALL"
etf_portfolio_std_dev|投资组合的标准差|Portfolio Standard Deviation,group_id_self,metric_lookup,snapshot,group_id_self,etf_portfolio_std_dev,etf_portfolio_std_dev,"{""period_type"":{""children"":null,""default"":null,""enum_options"":[{""label"":""null"",""value"":null},{""label"":""rolling"",""value"":""rolling""},{""label"":""rolling2"",""value"":""rolling2""}],""example"":null,""name"":""period_type"",""query_type"":""enum"",""required"":""1"",""source"":""table""},""time_period"":{""children"":null,""default"":""snapshot"",""enum_options"":[{""label"":""snapshot"",""value"":""snapshot""}],""example"":""snapshot"",""name"":""time_period"",""query_type"":""enum"",""required"":""1"",""source"":""table""}}",{},stock-detail.json,snapshot,投资组合的标准差,Portfolio Standard Deviation,投资组合历史收益率序列的标准差，衡量整体波动幅度（绝对风险）,,true,"[""snapshot""]",INNER3,STANDARD_SNAPSHOT
etf_portfolio_max_drawdown|投资组合的最大回撤|Portfolio Maximum Drawdown,group_id_self,metric_lookup,snapshot,group_id_self,etf_portfolio_max_drawdown,etf_portfolio_max_drawdown,"{""time_period"":{""children"":null,""default"":""snapshot"",""enum_options"":[{""label"":""snapshot"",""value"":""snapshot""}],""example"":""snapshot"",""name"":""time_period"",""query_type"":""enum"",""required"":""1"",""source"":""table""}}",{},stock-detail.json,snapshot,投资组合的最大回撤,Portfolio Maximum Drawdown,从历史峰值到最低谷的最大累计下跌幅度（Maximum Drawdown）,,false,"[""snapshot""]",INNER3,STANDARD_SNAPSHOT
etf_portfolio_annualized_volatility|投资组合的年化波动率|Portfolio Annualized Volatility,group_id_self,metric_lookup,series,group_id_self,etf_portfolio_annualized_volatility,etf_portfolio_annualized_volatility,"{""period_type"":{""children"":null,""default"":null,""enum_options"":[{""label"":""null"",""value"":null},{""label"":""rolling"",""value"":""rolling""},{""label"":""rolling2"",""value"":""rolling2""}],""example"":null,""name"":""period_type"",""query_type"":""enum"",""required"":""1"",""source"":""table""},""time_period"":{""children"":null,""default"":""snapshot"",""enum_options"":[{""label"":""snapshot"",""value"":""snapshot""},{""label"":""month_1"",""value"":""month_1""},{""label"":""year_1"",""value"":""year_1""}],""example"":""snapshot"",""name"":""time_period"",""query_type"":""enum"",""required"":""1"",""source"":""table""}}","{""type"":""end_count"",""end_time"":0,""count"":30,""time_period"":""month_1"",""supported_types"":[""begin_end"",""end_count""]}",series-etf-30d.json,snapshot;month_1;year_1,投资组合的年化波动率,Portfolio Annualized Volatility,将收益率标准差年化后的波动率指标（通常基于252个交易日）,,true,"[""snapshot"",""month_1"",""year_1""]",INNER3,"STANDARD_SNAPSHOT,STANDARD_SERIES_TIME_RANGE_ALL"
etf_portfolio_annual_return|每一年投资组合的收益率|Portfolio Annual Return for Each Year,group_id_self,metric_lookup,series,group_id_self,etf_portfolio_annual_return,etf_portfolio_annual_return,"{""time_period"":{""children"":null,""default"":""snapshot"",""enum_options"":[{""label"":""snapshot"",""value"":""snapshot""},{""label"":""year_1"",""value"":""year_1""}],""example"":""snapshot"",""name"":""time_period"",""query_type"":""enum"",""required"":""1"",""source"":""table""}}","{""type"":""end_count"",""end_time"":0,""count"":30,""time_period"":""year_1"",""supported_types"":[""begin_end"",""end_count""]}",series-etf-30d.json,snapshot;year_1,每一年投资组合的收益率,Portfolio Annual Return for Each Year,按自然年展示各年度的投资组合收益率,,false,"[""snapshot"",""year_1""]",INNER3,"STANDARD_SNAPSHOT,STANDARD_SERIES_TIME_RANGE_ALL"
etf_portfolio_annualized_return|投资组合的年化收益率|Portfolio Annualized Return,group_id_self,metric_lookup,snapshot,group_id_self,etf_portfolio_annualized_return,etf_portfolio_annualized_return,"{""period_type"":{""children"":null,""default"":null,""enum_options"":[{""label"":""null"",""value"":null},{""label"":""rolling"",""value"":""rolling""},{""label"":""rolling2"",""value"":""rolling2""}],""example"":null,""name"":""period_type"",""query_type"":""enum"",""required"":""1"",""source"":""table""},""time_period"":{""children"":null,""default"":""snapshot"",""enum_options"":[{""label"":""snapshot"",""value"":""snapshot""}],""example"":""snapshot"",""name"":""time_period"",""query_type"":""enum"",""required"":""1"",""source"":""table""}}",{},stock-detail.json,snapshot,投资组合的年化收益率,Portfolio Annualized Return,投资组合自成立以来或指定周期内，经过复利计算的年化平均回报率，反映长期平均增长速度,,true,"[""snapshot""]",INNER3,STANDARD_SNAPSHOT
etf_portfolio_best_year_return|投资组合历史收益率最好的一年|Portfolio Best Year of Historical Returns,group_id_self,metric_lookup,snapshot,group_id_self,etf_portfolio_best_year_return,etf_portfolio_best_year_return,"{""time_period"":{""children"":null,""default"":""snapshot"",""enum_options"":[{""label"":""snapshot"",""value"":""snapshot""}],""example"":""snapshot"",""name"":""time_period"",""query_type"":""enum"",""required"":""1"",""source"":""table""}}",{},stock-detail.json,snapshot,投资组合历史收益率最好的一年,Portfolio Best Year of Historical Returns,组合历史上单年度收益率最高的年份及对应收益率,,false,"[""snapshot""]",INNER3,STANDARD_SNAPSHOT
etf_portfolio_asset_risk_contribution|投资组合各个资产的风险贡献，即波动率贡献|Risk Contribution (Volatility Contribution) by Each Asset,group_id_self,metric_lookup,series,group_id_self,etf_portfolio_asset_risk_contribution,etf_portfolio_asset_risk_contribution,"{""time_period"":{""children"":null,""default"":""snapshot"",""enum_options"":[{""label"":""snapshot"",""value"":""snapshot""},{""label"":""month_1"",""value"":""month_1""}],""example"":""snapshot"",""name"":""time_period"",""query_type"":""enum"",""required"":""1"",""source"":""table""}}","{""type"":""end_count"",""end_time"":0,""count"":30,""time_period"":""month_1"",""supported_types"":[""begin_end"",""end_count""]}",series-etf-30d.json,snapshot;month_1,投资组合各个资产的风险贡献，即波动率贡献,Risk Contribution (Volatility Contribution) by Each Asset,各资产对组合总波动率的边际风险贡献比例,,false,"[""snapshot"",""month_1""]",INNER3,"STANDARD_SNAPSHOT,STANDARD_SERIES_TIME_RANGE_ALL"
etf_portfolio_monthly_tracking_error_vs_benchmark|投资组合相对基准ETF的每个月跟踪误差|Monthly Tracking Error vs Benchmark ETF,group_id_self,metric_lookup,series,group_id_self,etf_portfolio_monthly_tracking_error_vs_benchmark,etf_portfolio_monthly_tracking_error_vs_benchmark,"{""time_period"":{""children"":null,""default"":""snapshot"",""enum_options"":[{""label"":""snapshot"",""value"":""snapshot""},{""label"":""month_1"",""value"":""month_1""}],""example"":""snapshot"",""name"":""time_period"",""query_type"":""enum"",""required"":""1"",""source"":""table""}}","{""type"":""end_count"",""end_time"":0,""count"":30,""time_period"":""month_1"",""supported_types"":[""begin_end"",""end_count""]}",series-etf-30d.json,snapshot;month_1,投资组合相对基准ETF的每个月跟踪误差,Monthly Tracking Error vs Benchmark ETF,每月超额收益的标准差（或年化跟踪误差），衡量偏离基准的程度,,false,"[""snapshot"",""month_1""]",INNER3,"STANDARD_SNAPSHOT,STANDARD_SERIES_TIME_RANGE_ALL"
etf_portfolio_holdings|投资组合的持仓|Portfolio Holdings / Positions,group_id_self,metric_lookup,series,group_id_self,etf_portfolio_holdings,etf_portfolio_holdings,"{""time_period"":{""children"":null,""default"":""snapshot"",""enum_options"":[{""label"":""snapshot"",""value"":""snapshot""},{""label"":""month_1"",""value"":""month_1""}],""example"":""snapshot"",""name"":""time_period"",""query_type"":""enum"",""required"":""1"",""source"":""table""}}","{""type"":""end_count"",""end_time"":0,""count"":30,""time_period"":""month_1"",""supported_types"":[""begin_end"",""end_count""]}",series-etf-30d.json,snapshot;month_1,投资组合的持仓,Portfolio Holdings / Positions,该投资组合的持仓数据,,false,"[""snapshot"",""month_1""]",INNER3,"STANDARD_SNAPSHOT,STANDARD_SERIES_TIME_RANGE_ALL"
etf_portfolio_monthly_excess_return_vs_benchmark|投资组合相对基准ETF的每个月超额收益|Monthly Excess Return vs Benchmark ETF,group_id_self,metric_lookup,series,group_id_self,etf_portfolio_monthly_excess_return_vs_benchmark,etf_portfolio_monthly_excess_return_vs_benchmark,"{""time_period"":{""children"":null,""default"":""snapshot"",""enum_options"":[{""label"":""snapshot"",""value"":""snapshot""},{""label"":""month_1"",""value"":""month_1""}],""example"":""snapshot"",""name"":""time_period"",""query_type"":""enum"",""required"":""1"",""source"":""table""}}","{""type"":""end_count"",""end_time"":0,""count"":30,""time_period"":""month_1"",""supported_types"":[""begin_end"",""end_count""]}",series-etf-30d.json,snapshot;month_1,投资组合相对基准ETF的每个月超额收益,Monthly Excess Return vs Benchmark ETF,每月组合收益率减去SPY收益率的差值,,false,"[""snapshot"",""month_1""]",INNER3,"STANDARD_SNAPSHOT,STANDARD_SERIES_TIME_RANGE_ALL"
etf_portfolio_vs_spy_annualized_return_diff|投资组合和SPY的年化收益率的差值|Portfolio vs SPY Annualized Return Difference,group_id_self,metric_lookup,series,group_id_self,etf_portfolio_vs_spy_annualized_return_diff,etf_portfolio_vs_spy_annualized_return_diff,"{""time_period"":{""children"":null,""default"":""snapshot"",""enum_options"":[{""label"":""snapshot"",""value"":""snapshot""},{""label"":""year_1"",""value"":""year_1""}],""example"":""snapshot"",""name"":""time_period"",""query_type"":""enum"",""required"":""1"",""source"":""table""}}","{""type"":""end_count"",""end_time"":0,""count"":30,""time_period"":""year_1"",""supported_types"":[""begin_end"",""end_count""]}",series-etf-30d.json,snapshot;year_1,投资组合和SPY的年化收益率的差值,Portfolio vs SPY Annualized Return Difference,投资组合年化收益率减去SPY的年化收益率，即年化超额收益率（Annualized Alpha）,,false,"[""snapshot"",""year_1""]",INNER3,"STANDARD_SNAPSHOT,STANDARD_SERIES_TIME_RANGE_ALL"
etf_portfolio_monthly_rolling_excess_return_vs_spy|投资组合和SPY的累计超额收益差值|Portfolio vs SPY Cumulative Excess Return Difference,group_id_self,metric_lookup,snapshot,group_id_self,etf_portfolio_monthly_rolling_excess_return_vs_spy,etf_portfolio_monthly_rolling_excess_return_vs_spy,"{""time_period"":{""children"":null,""default"":""snapshot"",""enum_options"":[{""label"":""snapshot"",""value"":""snapshot""}],""example"":""snapshot"",""name"":""time_period"",""query_type"":""enum"",""required"":""1"",""source"":""table""}}",{},stock-detail.json,snapshot,投资组合和SPY的累计超额收益差值,Portfolio vs SPY Cumulative Excess Return Difference,投资组合累计净值增长率与SPY累计增长率的差值，反映长期累计超额表现,,false,"[""snapshot""]",INNER3,STANDARD_SNAPSHOT
etf_portfolio_sharpe_ratio|投资组合的夏普比例|Portfolio Sharpe Ratio,group_id_self,metric_lookup,series,group_id_self,etf_portfolio_sharpe_ratio,etf_portfolio_sharpe_ratio,"{""time_period"":{""children"":null,""default"":""snapshot"",""enum_options"":[{""label"":""snapshot"",""value"":""snapshot""},{""label"":""month_1"",""value"":""month_1""},{""label"":""year_1"",""value"":""year_1""}],""example"":""snapshot"",""name"":""time_period"",""query_type"":""enum"",""required"":""1"",""source"":""table""}}","{""type"":""end_count"",""end_time"":0,""count"":30,""time_period"":""month_1"",""supported_types"":[""begin_end"",""end_count""]}",series-etf-30d.json,snapshot;month_1;year_1,投资组合的夏普比例,Portfolio Sharpe Ratio,（组合年化收益率 - 无风险利率）/ 年化波动率，衡量单位风险获得的超额收益,,false,"[""snapshot"",""month_1"",""year_1""]",INNER3,"STANDARD_SNAPSHOT,STANDARD_SERIES_TIME_RANGE_ALL"
etf_portfolio_equity_region_distribution|投资组合权益资产的地区分布|Portfolio Equity Assets – Geographic (Regional) Distribution,group_id_self,metric_lookup,series,group_id_self,etf_portfolio_equity_region_distribution,etf_portfolio_equity_region_distribution,"{""time_period"":{""children"":null,""default"":""snapshot"",""enum_options"":[{""label"":""snapshot"",""value"":""snapshot""},{""label"":""month_1"",""value"":""month_1""}],""example"":""snapshot"",""name"":""time_period"",""query_type"":""enum"",""required"":""1"",""source"":""table""}}","{""type"":""end_count"",""end_time"":0,""count"":30,""time_period"":""month_1"",""supported_types"":[""begin_end"",""end_count""]}",series-etf-30d.json,snapshot;month_1,投资组合权益资产的地区分布,Portfolio Equity Assets – Geographic (Regional) Distribution,按国家/地区展示权益仓位的地理分布情况,,false,"[""snapshot"",""month_1""]",INNER3,"STANDARD_SNAPSHOT,STANDARD_SERIES_TIME_RANGE_ALL"
etf_portfolio_equity_sector_distribution|投资组合权益资产的一级行业分布|Portfolio Equity Assets – Level 1 Industry Distribution,group_id_self,metric_lookup,series,group_id_self,etf_portfolio_equity_sector_distribution,etf_portfolio_equity_sector_distribution,"{""time_period"":{""children"":null,""default"":""snapshot"",""enum_options"":[{""label"":""snapshot"",""value"":""snapshot""},{""label"":""month_1"",""value"":""month_1""}],""example"":""snapshot"",""name"":""time_period"",""query_type"":""enum"",""required"":""1"",""source"":""table""}}","{""type"":""end_count"",""end_time"":0,""count"":30,""time_period"":""month_1"",""supported_types"":[""begin_end"",""end_count""]}",series-etf-30d.json,snapshot;month_1,投资组合权益资产的一级行业分布,Portfolio Equity Assets – Level 1 Industry Distribution,按GICS一级行业展示权益仓位的行业配置比例,,false,"[""snapshot"",""month_1""]",INNER3,"STANDARD_SNAPSHOT,STANDARD_SERIES_TIME_RANGE_ALL"
etf_portfolio_rolling_excess_return_asset_contribution|不同滚动区间，投资组合的累计超额收益中各个资产的贡献比例|Cumulative Excess Return Contribution by Each Asset Across Different Rolling Periods,group_id_self,metric_lookup,series,group_id_self,etf_portfolio_rolling_excess_return_asset_contribution,etf_portfolio_rolling_excess_return_asset_contribution,"{""period_type"":{""children"":null,""default"":null,""enum_options"":[{""label"":""null"",""value"":null},{""label"":""rolling"",""value"":""rolling""},{""label"":""rolling2"",""value"":""rolling2""}],""example"":null,""name"":""period_type"",""query_type"":""enum"",""required"":""1"",""source"":""table""},""time_period"":{""children"":null,""default"":""snapshot"",""enum_options"":[{""label"":""snapshot"",""value"":""snapshot""},{""label"":""month_1"",""value"":""month_1""},{""label"":""year_1"",""value"":""year_1""}],""example"":""snapshot"",""name"":""time_period"",""query_type"":""enum"",""required"":""1"",""source"":""table""}}","{""type"":""end_count"",""end_time"":0,""count"":30,""time_period"":""month_1"",""supported_types"":[""begin_end"",""end_count""]}",series-etf-30d.json,snapshot;month_1;year_1,不同滚动区间，投资组合的累计超额收益中各个资产的贡献比例,Cumulative Excess Return Contribution by Each Asset Across Different Rolling Periods,不同时间窗口（1年、3年、5年等滚动期）下各资产对超额收益的贡献比例,,true,"[""snapshot"",""month_1"",""year_1""]",INNER3,"STANDARD_SNAPSHOT,STANDARD_SERIES_TIME_RANGE_ALL"
etf_portfolio_worst_year_return|投资组合历史收益率最差的一年|Portfolio Worst Year of Historical Returns,group_id_self,metric_lookup,snapshot,group_id_self,etf_portfolio_worst_year_return,etf_portfolio_worst_year_return,"{""time_period"":{""children"":null,""default"":""snapshot"",""enum_options"":[{""label"":""snapshot"",""value"":""snapshot""}],""example"":""snapshot"",""name"":""time_period"",""query_type"":""enum"",""required"":""1"",""source"":""table""}}",{},stock-detail.json,snapshot,投资组合历史收益率最差的一年,Portfolio Worst Year of Historical Returns,组合历史上单年度收益率最低的年份及对应收益率,,false,"[""snapshot""]",INNER3,STANDARD_SNAPSHOT
etf_portfolio_yearly_annualized_return|投资组合过去每一年的年化收益率|Portfolio Annualized Return for Each Past Year,group_id_self,metric_lookup,series,group_id_self,etf_portfolio_yearly_annualized_return,etf_portfolio_yearly_annualized_return,"{""time_period"":{""children"":null,""default"":""snapshot"",""enum_options"":[{""label"":""snapshot"",""value"":""snapshot""},{""label"":""year_1"",""value"":""year_1""}],""example"":""snapshot"",""name"":""time_period"",""query_type"":""enum"",""required"":""1"",""source"":""table""}}","{""type"":""end_count"",""end_time"":0,""count"":30,""time_period"":""year_1"",""supported_types"":[""begin_end"",""end_count""]}",series-etf-30d.json,snapshot;year_1,投资组合过去每一年的年化收益率,Portfolio Annualized Return for Each Past Year,按自然年分别计算的各年度年化收益率，便于观察不同市场环境下的年度表现,,false,"[""snapshot"",""year_1""]",INNER3,"STANDARD_SNAPSHOT,STANDARD_SERIES_TIME_RANGE_ALL"
