market_code,security_name_zh
169:A,安捷伦科技
169:AA,美国铝业
169:AAA,先行优先CLO债券ETF
169:AAAC,Columbia AAA CLO ETF
169:AAMI,Acadian Asset
169:AAP,Advance Auto Parts
169:AAT,American Assets
169:AAUC,Allied Gold
169:AB,联博控股
169:ABBV,艾伯维
169:ABCB,ABC银行
169:ABEQ,Absolute选择价值ETF
169:ABEV,Ambev
169:ABG,阿斯伯里汽车集团
169:ABM,ABM工业
169:ABNY,ABNB期权收益策略ETF
169:ABR,阿伯房地产信托
169:ABRpD,阿伯房地产信托优先D
169:ABRpE,阿伯房地产信托优先E
169:ABRpF,阿伯房地产信托优先F
169:ABT,雅培
169:ABX,Abacus Global
169:ACA,Arcosa
169:ACCO,ACCO Brands
169:ACEI,股票自动赎回收益策略
169:ACEL,Accel Entertainment
169:ACES,阿特拉斯清洁能源
169:ACGR,美国世纪大盘增长
169:ACH,中国铝业
169:ACHR,Archer Aviation
169:ACHR.WS,
169:ACI,艾伯森
169:ACII,指数自动赎回收益策略
169:ACKY,目标15活跃分销ETF
169:ACLC,大盘股票ETF
169:ACLO,TCW AAA CLO ETF
169:ACM,AECOM
169:ACN,埃森哲
169:ACP,abrdn Income Credit
169:ACPpA,abrdn Income优先A
169:ACR,ACRES Commercial
169:ACRE,阿瑞斯商业地产
169:ACRpC,ACRES优先C
169:ACRpD,ACRES优先D
169:ACV,Virtus
169:ACVA,ACV Auctions
169:ACVF,美国保守价值ETF
169:ACVT,Advent可转换债券ETF
169:ACYN,阶梯自动赎回障碍收益
169:AD,Array Digital
169:ADC,艾格里不动产
169:ADCT,ADC Therapeutics
169:ADCpA,艾格里优先存托A
169:ADIV,亚太股息增长型ETF
169:ADM,阿彻丹尼尔斯米德兰
169:ADNT,Adient
169:ADPV,Adaptiv选择ETF
169:ADT,ADT
169:ADVE,亚洲股息活跃ETF
169:ADX,Adams Diversified
169:AEE,阿曼瑞恩
169:AEG,荷兰全球保险
169:AEM,伊格尔矿业
169:AEO,美鹰服饰
169:AER,Aercap飞机租赁
169:AERO,Aeromexico
169:AES,爱依斯电力
169:AESI,Atlas Energy
169:AETH,以太坊和国债轮动策略
169:AEXA,American Exceptionalism Acquisition
169:AFB,AllianceBernstein
169:AFG,美国金融
169:AFIX,Allspring大盘核心
169:AFK,MVIS GDP非洲指数ETF
169:AFL,美国家庭寿险
169:AFLG,活跃因子大型股ETF
169:AFMC,活跃因子中盘ETF
169:AFSM,活跃因子小型股ETF
169:AG,First Majestic
169:AGBK,AGI
169:AGCO,爱科集团
169:AGD,abrdn Global Dynamic
169:AGG,美国综合债券指数ETF
169:AGGH,Simplify综合债券ETF
169:AGGS,Harbor纪律债券ETF
169:AGGY,美国综合收益指数ETF
169:AGI,Alamos Gold
169:AGIQ,BITA美智能AI精选指数
169:AGL,agilon health
169:AGM,联邦农业抵押贷款C
169:AGM.A,联邦农业抵押A
169:AGMpD,联邦农业抵押优先D
169:AGMpE,联邦农业抵押优先E
169:AGMpF,联邦农业抵押优先F
169:AGMpG,联邦农业抵押优先G
169:AGMpH,Brookfield优先H
169:AGO,保证担保
169:AGOX,自适应Alpha机会ETF
169:AGQ,白银分类指数两倍做多
169:AGQI,主动型全球质量收益
169:AGRH,利率对冲美国综合债券
169:AGRO,Adecoagro
169:AGRW,LT大型成长ETF
169:AGX,Argan
169:AGZ,彭博美国机构债券ETF
169:AHLT,美国Beacon AHL趋势
169:AHLpD,阿斯彭保险优先D
169:AHLpE,阿斯彭保险优先存托E
169:AHLpF,阿斯彭保险优先存托F
169:AHR,American Healthcare
169:AHRT,AH Realty Trust
169:AHRTpA,AH Realty Trust优先A
169:AHT,阿什福德酒店管理信托
169:AHTpD,阿什福德信托优先D
169:AHTpF,阿什福德信托优先F
169:AHTpG,阿什福德信托优先G
169:AHTpH,阿什福德信托优先H
169:AHTpI,阿什福德信托优先I
169:AHYB,美国精选高收益ETF
169:AI,C3.ai
169:AIBD,AI大数据每日2倍做空
169:AIBU,AI大数据每日2倍做多
169:AIEQ,人工智能股票指数ETF
169:AIG,美国国际集团
169:AII,American Integrity
169:AIIA,AI Infrastructure
169:AIIA.U,AI Infrastructure-U
169:AIIAr,
169:AIN,奥尔巴尼国际
169:AINP,Allspring收入增强
169:AINT,美元人工智能管理股票
169:AIO,Virtus Artificial
169:AIR,AAR
169:AIS,人工智能超级周期ETF
169:AIT,应用工业技术
169:AIUP,大盘人工智能管理股票
169:AIV,公寓投资管理
169:AIVC,彭博AI价值链指数
169:AIVI,国际除息金融指数ETF
169:AIVL,美国股息除金融外
169:AIYY,AI期权收益策略ETF
169:AIZ,安信龙保险
169:AJG,安睿嘉尔
169:AKA,a.k.a. Brands
169:AKAF,阿拉斯加前沿指数基金
169:AKO.A,Andina饮料存托 A
169:AKO.B,Andina饮料存托 B
169:AKR,阿卡迪亚不动产信托
169:AKRE,Akre焦点ETF
169:AL,航空租赁
169:ALAI,Alger AI使能者采用者
169:ALB,美国雅保
169:ALBpA,美国雅保优先存托A
169:ALC,爱尔康
169:ALG,阿拉莫
169:ALH,Alliance Laundry
169:ALIT,Alight
169:ALK,阿拉斯加航空
169:ALL,好事达保险
169:ALLE,安朗杰
169:ALLY,Ally Financial
169:ALLpH,好事达保险优先存托H
169:ALLpI,好事达保险优先存托I
169:ALLpJ,好事达保险优先存托J
169:ALRG,LT大型核心ETF
169:ALSN,艾里逊变速箱
169:ALTG,Alta Equipment
169:ALTGpA,Alta优先存托A
169:ALTL,美大盘股轮换指数ETF
169:ALUB,Alussa Energy
169:ALUB.U,Alussa Energy-U
169:ALUB.WS,
169:ALV,奥托立夫
169:ALX,亚历山大
169:AM,Antero Midstream
169:AMAX,对冲多资产收益ETF
169:AMBP,Ardagh Metal
169:AMBQ,Ambiq Micro
169:AMC,AMC院线
169:AMCR,Amcor
169:AMDY,AMD期权收益策略ETF
169:AME,阿美特克
169:AMG,AMG资管
169:AMH,American Homes 4
169:AMHpG,美国家庭 4 Rent优先G
169:AMHpH,美国家庭 4 Rent优先H
169:AMJB,Alerian MLP指数ETN
169:AMLP,MLP基础设施指数ETF
169:AMN,AMN医疗服务
169:AMOM,美国大盘股动量ETF
169:AMP,阿默普莱斯金融
169:AMPX,Amprius Technologies
169:AMPX.WS,
169:AMPY,Amplify Energy
169:AMR,Alpha Metallurgical
169:AMRC,阿梅雷斯克
169:AMRZ,Amrize
169:AMT,美国电塔
169:AMTB,Amerant Bancorp A
169:AMTD,尚乘国际
169:AMTM,Amentum Holdings
169:AMUB,Alerian MLP指数ETN
169:AMWL,American Well
169:AMX,美洲移动
169:AMZA,活跃MLP ETF
169:AMZY,AMZN期权收益策略ETF
169:AN,AutoNation
169:ANDG,Andersen
169:ANET,Arista Networks
169:ANEW,MSCI全球转型变化ETF
169:ANF,爱芬奇
169:ANGX,Angel
169:ANGpD,美国寿险优先存托D
169:ANRO,Alto Neuroscience
169:ANVS,Annovis Bio
169:AOA,目标风险激进指数ETF
169:AOD,abrdn Total Dynamic
169:AOK,目标风险保守指数ETF
169:AOM,目标风险中度指数ETF
169:AOMR,Angel Oak
169:AON,怡安
169:AOR,目标风险增长指数ETF
169:AORT,Artivion
169:AOS,A.O.史密斯
169:AOTS,VettaFi软件平台指数
169:AP,安博科-匹兹堡
169:APAM,Artisan Partners
169:APCB,核心债券ETF
169:APD,空气化工
169:APG,APi Group
169:APH,安费诺
169:APIE,国际股票ETF
169:APLE,Apple Hospitality
169:APLU,Allspring核心增强
169:APLY,AAPL期权收益策略ETF
169:APMU,中间市政债券ETF
169:APO,阿波罗全球管理
169:APOpA,阿波罗全球管理优先A
169:APTV,Aptiv
169:APUE,Activepassive美股ETF
169:AQN,Algonquin Power
169:AR,Antero Resources
169:ARB,合并套利美元对冲ETF
169:ARCO,Arcos Dorados
169:ARDC,Ares Dynamic Credit
169:ARDT,Ardent Health
169:ARE,亚历山大房地产
169:ARES,Ares Management
169:ARESpB,Ares Management优先B
169:ARGT,阿根廷25/50指数ETF
169:ARI,阿波罗房地产金融
169:ARIS,Aris Mining
169:ARL,美国房地产投资
169:ARLO,Arlo Technologies
169:ARMH,Arm Holdings PLC
169:ARMK,Aramark
169:AROC,Archrock
169:ARP,PMV适应性风险平价ETF
169:ARR,Armour住宅房产
169:ARRpC,Armour住宅房产优先C
169:ARTY,全球人工智能精选指数
169:ARW,艾睿电子
169:ARX,Accelerant
169:AS,亚玛芬体育
169:ASA,Asa Gold
169:ASAN,阿莎娜
169:ASB,Associated Banc
169:ASBpE,Associated Banc优先存托E
169:ASBpF,Associated优先存托F
169:ASC,阿德莫尔海运
169:ASCE,SMID核心ETF
169:ASEA,东盟40指数ETF
169:ASG,Liberty All-Star
169:ASGI,abrdn Global
169:ASGM,AlphaSimplex全球宏观
169:ASGN,盎塞
169:ASH,亚什兰
169:ASHR,沪深300指数ETF
169:ASHS,沪深500指数ETF
169:ASIA,太平洋老虎活跃ETF
169:ASIC,Ategrity Specialty
169:ASIX,AdvanSix
169:ASLV,特殊大型价值ETF
169:ASMF,Virtus管理期货ETF
169:ASMH,ASML Holding NV
169:ASPN,Aspen Aerogels
169:ASR,墨西哥东南部机场
169:ASX,日月光投控
169:ATCL,REX自动赎回收益型ETF
169:ATEN,A10 Networks
169:ATFV,Alger 35 ETF
169:ATHM,汽车之家
169:ATHpA,Athene优先存托A
169:ATHpB,Athene优先存托B
169:ATHpD,Athene优先存托D
169:ATHpE,Athene优先存托E
169:ATI,ATI
169:ATKR,Atkore
169:ATMU,Atmus Filtration
169:ATO,ATMOS能源
169:ATR,Aptargroup
169:ATS,ATS
169:AU,AngloGold Ashanti
169:AUAU,黄金矿业指数ETF
169:AUB,Atlantic Union
169:AUBpA,Atlantic优先存托A
169:AUNA,Auna
169:AUSF,财富战略美国因素指数
169:AUSM,超短期市政ETF
169:AVA,阿维斯塔
169:AVAL,Aval优先存托
169:AVB,阿湾物产
169:AVBC,Avidia Bancorp
169:AVD,美国先锋
169:AVDE,Avantis国际股票ETF
169:AVDS,Avantis国际小盘股ETF
169:AVDV,国际小盘价值ETF
169:AVEE,新兴市场小盘股ETF
169:AVEM,新兴市场股票ETF
169:AVES,新兴市场价值ETF
169:AVGE,所有股票市场ETF
169:AVGV,Avantis股票市场价值
169:AVIE,通胀焦点股票ETF
169:AVIG,Avantis核心固定收益
169:AVIV,国际大盘价值ETF
169:AVK,Advent Convertible
169:AVLC,Avantis美国大盘股ETF
169:AVLV,罗素1000价值指数ETF
169:AVMA,Avantis适度分配ETF
169:AVMC,Avantis美国中型股
169:AVMU,核心市政固定收益ETF
169:AVMV,Avantis美国中盘价值
169:AVNM,Avantis国际市场股票
169:AVNS,Avanos Medical
169:AVNT,Avient
169:AVNV,Avantis国际市场价值
169:AVRE,标普全球REIT指数ETF
169:AVSC,罗素2000指数ETF
169:AVSD,国际责任股票ETF
169:AVSE,负责任新兴市场股票
169:AVSF,Avantis短期固定收益
169:AVSU,美国责任股票ETF
169:AVTM,Avantis总股票市场ETF
169:AVTR,Avantor
169:AVUS,Avantis美国股票ETF
169:AVUV,美国小盘价值ETF
169:AVY,艾利丹尼森
169:AWAY,主要旅游技术指数ETF
169:AWF,联博全球
169:AWI,阿姆斯特朗
169:AWK,美国水业
169:AWP,abrdn Global Premier
169:AWR,美洲国家水务
169:AX,Axos Financial
169:AXIA,AXIA Energia
169:AXIAp,AXIA Energia优先存托
169:AXIApC,AXIA Energia优先存托C
169:AXP,美国运通
169:AXR,安美瑞普
169:AXS,埃克斯资本
169:AXSpE,埃克斯资本优先存托E
169:AXTA,Axalta涂料系统
169:AYI,Acuity
169:AZN,阿斯利康
169:AZO,汽车地带
169:AZTD,全球发达市场SMID上限
169:AZZ,AZZ
169:B,巴里克矿业
169:BA,波音
169:BAB,美国应税市政证券ETF
169:BABA,阿里巴巴
169:BABO,BABA期权收益策略ETF
169:BAC,美国银行
169:BACpB,美国银行优先存托GG
169:BACpE,美国银行优先存托E
169:BACpK,美国银行优先存托HH
169:BACpL,美国银行优先L
169:BACpM,美国银行优先存托KK
169:BACpN,美国银行优先存托LL
169:BACpO,美国银行优先存托NN
169:BACpP,美国银行优先存托PP
169:BACpQ,美国银行优先存托QQ
169:BACpS,美国银行优先存托SS
169:BAH,博思艾伦咨询
169:BAI,iShares A.I.创新科技
169:BAK,Braskem优先存托
169:BALL,鲍尔包装
169:BALY,Bally's
169:BAM,Brookfield Asset
169:BANC,加州银行
169:BANCpF,加州银行优先存托F
169:BAP,Credicorp
169:BAR,黄金价格ETF
169:BARK,BARK
169:BATT,EQM锂电池技术指数ETF
169:BAX,百特国际
169:BApA,波音优先存托A
169:BB,黑莓
169:BBAG,美国综合债券ETF
169:BBAI,BigBear.ai Holdings
169:BBAI.WS,
169:BBAR,Banco BBVA
169:BBBI,BBB 5-10年期指数ETF
169:BBBL,BBB 10+年指数ETF
169:BBBS,美国BBB 1-5年公司债
169:BBBY,Bed Bath & Beyond
169:BBBY.WS,
169:BBC,生物技术临床试验指数
169:BBCB,彭博美国公司债券
169:BBD,布拉德斯科优先存托
169:BBDC,Barings BDC
169:BBDO,布拉德斯科银行
169:BBHL,BBH精选大盘ETF
169:BBHM,BBH精选中型股ETF
169:BBLU,EA蓝芯片通道ETF
169:BBMC,目标市场曝光扩展ETF
169:BBN,贝莱德应税市政债券
169:BBP,生物技术产品指数
169:BBSC,美小盘股目标市场风险
169:BBT,Beacon Financial
169:BBU,Brookfield Business
169:BBUC,Brookfield Business
169:BBVA,西班牙外换银行
169:BBW,Build-A-Bear
169:BBWI,Bath & Body Works
169:BBY,百思买
169:BC,宾士域
169:BCAT,BlackRock Capital
169:BCC,Boise Cascade
169:BCD,三个月远期指数ETF
169:BCDF,区块链开发ETF
169:BCE,加拿大贝尔
169:BCGD,Baron全球持久优势ETF
169:BCGS,Bancreek全球精选ETF
169:BCH,智利银行
169:BCHI,GMO超越中国ETF
169:BCI,彭博商品指数ETF
169:BCIL,Bancreek国际大盘ETF
169:BCO,布林克
169:BCOR,Grayscale Bitcoin Adopters ETF
169:BCPL,核心增强型ETF
169:BCS,巴克莱银行
169:BCSF,贝恩资本专业金融
169:BCSM,Baron中小盘ETF
169:BCSS,Bain Capital GSS
169:BCSS.U,Bain Capital GSS-U
169:BCSS.WS,
169:BCUS,Bancreek美国大盘股
169:BCX,贝莱德资源与商品战略
169:BDBT,Bluemonte核心债券ETF
169:BDC,百通
169:BDCX,美国发展1.5倍做多
169:BDCZ,美国商业发展公司
169:BDIV,AAM股息增长ETF
169:BDJ,BlackRock Enhanced
169:BDN,布兰迪维因房地产信托
169:BDRY,干货期货指数ETF
169:BDVG,IMGP股息增长ETF
169:BDX,碧迪医疗
169:BE,Bloom Energy
169:BEBE,TGE Value
169:BEBE.U,TGE Value-U
169:BEBE.WS,
169:BEDZ,AdvisorShares酒店ETF
169:BEKE,贝壳
169:BEN,富兰克林资源
169:BENJ,地平线地标ETF
169:BEP,Brookfield Renewable
169:BEPC,Brookfield Renewable
169:BEPpA,Brookfield Renewable优先A
169:BERZ,FANG创新指数3倍做空
169:BETA,BETA Technologies
169:BETE,比特以太等权ETF
169:BETH,比特以太市值权重
169:BETZ,晨星博彩iGaming精选
169:BF.A,百富门A
169:BF.B,百富门B
169:BFAM,Bright Horizons
169:BFAP,FT Vest Bitcoin Strategy Floor15 ETF - April
169:BFH,Bread Financial
169:BFHpA,Bread Financial优先存托A
169:BFIX,构建债券创新ETF
169:BFJA,FT Vest Bitcoin Strategy Floor15 ETF - January
169:BFJL,FT Vest Bitcoin Strategy Floor15 ETF – July
169:BFLY,Butterfly Network
169:BFOC,FT Vest Bitcoin Strategy Floor15 ETF – October
169:BFOR,巴伦400指数ETF
169:BFRZ,股票管理100缓冲ETF
169:BFS,Saul Centers
169:BFSpD,Saul优先存托D
169:BFSpE,Saul优先存托E
169:BG,邦吉
169:BGB,Blackstone Strategic
169:BGDV,Bahl & Gaynor红利ETF
169:BGH,Barings Global Short
169:BGIG,Bahl Gaynor收入增长
169:BGR,贝莱德能源和资源信托
169:BGS,B&G食品
169:BGSF,BGSF
169:BGSI,博伊德
169:BGT,贝莱德浮动利率收入
169:BGX,Blackstone Long-Short
169:BGY,贝莱德增强型国际红利
169:BH,Biglari Holdings
169:BH.A,Biglari Holdings A
169:BHC,Bausch Health
169:BHE,Benchmark
169:BHK,贝莱德核心债券
169:BHP,必和必拓
169:BHR,Braemar
169:BHRpB,Braemar优先B
169:BHRpD,Braemar优先D
169:BHV,BlackRock Virginia
169:BHVN,Biohaven
169:BIBL,Inspire 100指数ETF
169:BIDD,国际股息主动型ETF
169:BIGY,目标12大50期权收益
169:BIII,Black Spade Acquisition III
169:BIII.U,Black Spade Acquisition III-U
169:BIII.WS,
169:BIL,1-3个月美国国债ETF
169:BILD,全球上市基础设施ETF
169:BILL,BILL Holdings
169:BILS,3-12个月美国国债ETF
169:BILZ,太平洋短期主动基金
169:BINC,iShares灵活收益主动
169:BINT,Bluemonte全球股票ETF
169:BIO,Bio Rad实验室A
169:BIO.B,Bio Rad实验室B
169:BIP,布鲁克菲尔德公共建设
169:BIPC,Brookfield基础设施
169:BIPpA,布鲁克菲尔德优先A13
169:BIPpB,布鲁克菲尔德优先A14
169:BIRK,勃肯
169:BIT,贝莱德多种类收益信托
169:BITB,Bitwise Bitcoin ETF
169:BITC,Bitwise Trendwise Bitcoin and Treasuries Rotation
169:BITI,ProShares Short Bitcoin ETF
169:BITO,ProShares Bitcoin ETF
169:BITQ,按位加密行业创新者30
169:BITU,ProShares Ultra Bitcoin ETF
169:BITW,10大盘加密指数ETF
169:BIV,美国政府信用浮动调整
169:BIZD,MVIS美国商业发展公司
169:BJ,BJ批发俱乐部
169:BK,纽约梅隆银行
169:BKAG,彭博美国总回报指数
169:BKCG,纽约梅隆银行集中成长
169:BKCI,Mellon集中国际ETF
169:BKD,布鲁克代尔高级护理
169:BKDV,BNY梅隆动态价值
169:BKE,巴克尔
169:BKEM,GBS新兴市场大中型股
169:BKF,MSCI BIC指数ETF
169:BKFI,主动型核心债券ETF
169:BKH,黑山
169:BKHY,公司高收益回报ETF
169:BKIE,GBS发达市场大中型股
169:BKKT,Bakkt
169:BKKT.WS,
169:BKLC,GBS美国500指数ETF
169:BKLN,美国杠杆100贷款ETF
169:BKMC,GBS美国400指数ETF
169:BKSE,GBS美国600指数ETF
169:BKSY,BlackSky Technology
169:BKSY.WS,
169:BKT,贝莱德收入信托
169:BKU,BankUnited
169:BKUI,纽约梅隆超短期收益
169:BKV,BKV
169:BKpK,纽约梅隆银行优先存托K
169:BLCO,博士伦
169:BLCV,大盘股价值主动型ETF
169:BLD,Topbuild
169:BLDR,Builders Firstsource
169:BLDX,Impax全球基础设施ETF
169:BLES,激发全球希望指数
169:BLGR,Bluemonte大盘成长ETF
169:BLK,贝莱德
169:BLND,Blend Labs
169:BLOK,Amplify区块链技术ETF
169:BLOX,Nicholas加密收入ETF
169:BLSH,Bullish
169:BLST,Bluemonte短债ETF
169:BLTD,Bluemonte长期债券ETF
169:BLUC,Bluemonte大盘核心ETF
169:BLUI,多元化收益ETF
169:BLUX,动态总市场ETF
169:BLV,长期政府信用浮动调整
169:BLW,贝莱德有限存续期信托
169:BLX,拉丁美洲出口银行
169:BMA,Macro Bank
169:BME,BlackRock Health
169:BMED,iShares健康创新主动
169:BMEZ,BlackRock Health
169:BMI,Badger Meter
169:BMLpG,美国银行优先存托1
169:BMLpH,美国银行优先存托2
169:BMLpJ,美国银行优先存托4
169:BMLpL,美国银行优先存托5
169:BMN,BlackRock 2037
169:BMNZ,每日目标2倍做空BMNR
169:BMO,蒙特利尔银行
169:BMVP,彭博MVP指数ETF
169:BMY,百时美施贵宝
169:BN,布鲁克菲尔德
169:BNDC,核心选择债券基金
169:BNDD,二次通缩ETF
169:BNDI,增强型收益综合债券
169:BNDS,基础设施资本债券收益
169:BNED,巴诺教育
169:BNGE,流媒体和游戏指数ETF
169:BNKD,美国大银行3倍做空
169:BNKU,美国大银行三倍做多
169:BNL,Broadstone Net
169:BNO,Front Month原油
169:BNS,加拿大丰业银行
169:BNT,Brookfield Wealth
169:BOAT,SonicShares全球航运
169:BOBP,最佳品种卓越指数ETF
169:BOBS,Bob's
169:BOC,Boston Omaha
169:BOE,贝莱德全球红利信托
169:BOH,夏威夷银行
169:BOHpA,夏威夷银行优先存托A
169:BOHpB,夏威夷银行优先存托B
169:BOIL,天然气指数两倍做多
169:BOND,PIMCO债券交易所基金
169:BOOT,Boot Barn
169:BORR,Borr Drilling
169:BOUT,IBD突破股票指数
169:BOW,Bowhead
169:BOX,Box
169:BP,英国石油
169:BPAY,iShares金融科技主动
169:BPH,英国石油ADRhedged
169:BPI,Grayscale Bitcoin Premium Income ETF
169:BPRE,Bluerock Private
169:BPRO,Proficio货币贬值ETF
169:BR,布罗德里奇
169:BRAZ,Global X巴西活跃ETF
169:BRBR,BellRing Brands
169:BRC,布雷迪
169:BRCC,BRC
169:BRCE,混合研究核心股票ETF
169:BREE,混合研究新兴市场股票
169:BRF,巴西小盘股指数ETF
169:BRIE,混合研究国际股票ETF
169:BRIF,FIS投资组合精选股票
169:BRK.A,伯克希尔哈撒韦 A
169:BRK.B,伯克希尔哈撒韦 B
169:BRKC,BRK.B期权收益策略ETF
169:BRO,布朗保险经纪
169:BROS,Dutch Bros
169:BRSL,Brightstar
169:BRSP,BrightSpire Capital
169:BRT,BRT房地产信托
169:BRW,Saba Capital Income
169:BRX,Brixmor Property
169:BRZU,巴西指数2倍做多ETF
169:BSAC,桑坦德银行（智利）
169:BSBR,桑坦德银行(巴西)
169:BSL,Blackstone Senior
169:BSM,Black Stone Minerals
169:BSOL,Solana美元参考利率
169:BSR,信标选择性风险ETF
169:BST,Blackrock Science
169:BSTP,缓冲加速策略ETF
169:BSTZ,BlackRock Science
169:BSV,1-5年政府/信贷浮动
169:BSX,波士顿科学
169:BTAL,美国市场中性反贝塔
169:BTC,Grayscale Bitcoin Mini Trust ETF
169:BTCC,Grayscale Bitcoin Covered Call ETF
169:BTE,Baytex Energy
169:BTGO,BitGo Holdings
169:BTI,英美烟草
169:BTO,John Hancock
169:BTOP,ETH和国债轮动策略ETF
169:BTOT,彭博美国固定收益市场
169:BTR,信标战术风险ETF
169:BTRN,Global X Bitcoin Trend Strategy ETF
169:BTT,贝莱德市政2030
169:BTU,皮博迪能源
169:BTX,BlackRock Technology
169:BTYB,5年增强周配ETF
169:BTZ,贝莱德信贷分配收入
169:BUCK,简化国债期权收益ETF
169:BUD,百威英博
169:BUI,贝莱德公用事业信托
169:BUIr,
169:BUL,摇钱树生长指数ETF
169:BULZ,FANG创新指数3倍做多
169:BUR,Burford Capital
169:BURL,伯灵顿百货
169:BUXX,力争增强型收益短期限
169:BUYO,Man收购Beta指数ETF
169:BUZZ,美国情绪领袖指数ETF
169:BV,Brightview Holdings
169:BVAL,Bluemonte大盘价值ETF
169:BVN,布埃纳文图拉开采
169:BW,Babcock & Wilcox
169:BWA,博格华纳
169:BWEB,Web3股权指数ETF
169:BWET,油轮期货指数ETF
169:BWG,BrandywineGLOBAL
169:BWLP,Bw Lpg
169:BWMX,Betterware
169:BWOW,CF狗狗币-美元结算价
169:BWX,彭博全球国债上限
169:BWXT,BWX Technologies
169:BWZ,彭博1-3年国债上限
169:BWpA,Babcock & Wilcox优先A
169:BX,黑石
169:BXC,布鲁林克斯
169:BXMT,黑石抵押信托
169:BXMX,Nuveen S&P 500
169:BXP,BXP
169:BXSL,Blackstone Secured
169:BY,Byline Bancorp
169:BYD,博伊德赌场
169:BYLD,债券收益率优化指数
169:BYRE,房地产活跃机会ETF
169:BZH,贝哲房屋
169:BZQ,巴西25/50两倍做空
169:C,花旗
169:CAAA,AAA CMBS ETF
169:CAAP,Corporacion America
169:CABO,Cable One
169:CACI,CACI国际
169:CAE,CAE
169:CAF,Morgan Stanley China
169:CAFX,国会中期债券ETF
169:CAG,康尼格拉
169:CAH,卡地纳健康
169:CAIE,自动赎回收益ETF
169:CAL,Caleres
169:CALX,Calix
169:CALY,卡拉威高尔夫
169:CAM,AB加州中级市政ETF
169:CAML,国会大型成长型ETF
169:CAMX,Cambiar激进价值ETF
169:CANE,Teucrium糖指数ETF
169:CANG,灿谷
169:CAPE,美国行业指数ETF
169:CAPL,CrossAmerica
169:CARD,汽车行业三倍做空ETN
169:CARK,CastleArk大型成长ETF
169:CARR,开利全球
169:CARS,Cars.com
169:CARU,汽车行业三倍做多ETN
169:CAS,A股增强收益ETF
169:CAT,卡特彼勒
169:CATF,加州市政债券ETF
169:CATO,加图商场
169:CAVA,CAVA Group
169:CB,安达保险
169:CBAN,科勒尼
169:CBL,CBL & Associates
169:CBLS,Clough对冲股票ETF
169:CBNA,Chain Bridge Bancorp
169:CBON,宽债0–10多元化精选
169:CBRE,世邦魏理仕
169:CBSE,精选股票ETF
169:CBT,卡博特
169:CBU,Community Financial
169:CBZ,CBIZ
169:CC,The Chemours
169:CCEF,Calamos CEF收益套利
169:CCI,冠城
169:CCID,Carlyle Credit 优先D
169:CCIF,Carlyle Credit
169:CCJ,Cameco
169:CCK,皇冠控股
169:CCL,嘉年华邮轮
169:CCM,泰和诚医疗
169:CCO,清晰频道户外控股
169:CCOM,中国商品策略无K-1
169:CCOR,核心另类ETF
169:CCRP,Columbia公司债券ETF
169:CCS,Century Communities
169:CCU,智利CCU
169:CDE,科尔黛伦矿业
169:CDEI,Calvert美国大盘股
169:CDLR,Cadeler
169:CDP,COPT Defense
169:CDRE,Cadre Holdings
169:CDRpB,雪松房地产信托优先B
169:CDRpC,雪松房地产信托优先C
169:CDX,Simplify高收益ETF
169:CE,塞拉尼斯
169:CEE,The Central
169:CEF,Sprott Physical Gold and Silver-U
169:CEFD,基金指数1.5倍做多ETN
169:CELGr,
169:CEPU,Central Puerto
169:CERY,彭博增强型滚动收益
169:CEW,新兴货币策略基金ETF
169:CF,CF实业
169:CFG,Citizens Financial Group
169:CFGpE,Citizens优先存托E
169:CFGpH,Citizens优先存托H
169:CFGpI,Citizens优先存托I
169:CFND,C1 Fund
169:CFR,库伦佛寺银行
169:CFRpB,库伦佛寺优先存托B
169:CGAU,Centerra Gold
169:CGBL,资本集团核心平衡ETF
169:CGCB,资本集团核心债券ETF
169:CGCP,资本集团核心收益ETF
169:CGCV,资本集团保守型ETF
169:CGDG,资本集团股息增长ETF
169:CGDV,资本集团股息价值ETF
169:CGGE,资本集团全球股票ETF
169:CGGG,美国大型成长ETF
169:CGGO,全球增长股票ETF
169:CGGR,资本集团增长ETF
169:CGHM,市政高收益ETF
169:CGHY,高收益债券ETF
169:CGIB,国际债券美元对冲ETF
169:CGIC,资本集团国际核心ETF
169:CGIE,资本集团国际股票ETF
169:CGMM,美国资本集团中小盘
169:CGMS,美国多部门收益ETF
169:CGMU,资本集团市政收益ETF
169:CGNG,资本集团新地域ETF
169:CGRO,更多中国成长ETF
169:CGSD,资本集团短期收益ETF
169:CGSM,资本集团短期市政收益
169:CGUI,超短期收益ETF
169:CGUS,资本集团核心股权ETF
169:CGV,全球股票价值ETF
169:CGVV,美国大型价值ETF
169:CGW,全球水资源指数ETF
169:CGXU,国际聚焦股票ETF
169:CHAT,生成型AI科技ETF
169:CHAU,沪深300指数2倍做多
169:CHCT,社区医疗保健信托
169:CHD,丘奇＆德怀特
169:CHE,Chemed
169:CHGG,Chegg
169:CHH,精选国际酒店
169:CHIQ,消费者非必需品ETF
169:CHMI,Cherry Hill Mortgage
169:CHMIpA,Cherry Hill优先A
169:CHMIpB,Cherry Hill优先B
169:CHPT,ChargePoint
169:CHPY,半导体组合期权收益
169:CHT,中华电
169:CHWY,Chewy
169:CI,信诺
169:CIA,公民保险
169:CIB,Grupo Cibest优先存托
169:CIEN,Ciena科技
169:CIF,MFS Intermediate
169:CIG,Energy Co优先存托
169:CIG.C,Energy Co
169:CII,BlackRock Enhanced Large Cap
169:CIM,奇美拉投资
169:CIMpA,奇美拉投资优先A
169:CIMpB,奇美拉投资优先B
169:CIMpC,奇美拉投资优先C
169:CIMpD,奇美拉投资优先D
169:CINT,CI&T
169:CION,CION Investment
169:CL,高露洁
169:CLB,Core Laboratories
169:CLBR.U,Colombier Acquisition III-U
169:CLCG,大盘成长ETF
169:CLCV,大盘价值ETF
169:CLDT,Chatham Lodging信托
169:CLDTpA,Chatham优先A
169:CLF,克利夫兰克里夫
169:CLH,Clean Harbors
169:CLIM,气候适应性房地产投资
169:CLIP,1-3个月美国国债
169:CLIX,ProShares多仓/空仓
169:CLNK,美元参考利率纽约变种
169:CLOB,VanEck AA-BB CLO ETF
169:CLOC,AAM Crescent CLO ETF
169:CLOI,VanEck CLO ETF
169:CLOX,Eldridge AAA CLO
169:CLOZ,Eldridge Bbb-B Clo
169:CLPR,Clipper Realty
169:CLS,天弘科技
169:CLVT,Clarivate
169:CLW,克利尔沃特纸业
169:CLX,高乐氏
169:CM,加拿大帝国商业银行
169:CMBS,美国CMBS指数ETF
169:CMBT,CMB.TECH
169:CMC,美国工商五金
169:CMCM,猎豹移动
169:CMDB,Costamare Bulkers
169:CMDT,商品策略主动型基金
169:CMDY,滚动精选商品指数ETF
169:CMF,加州市政指数ETF
169:CMG,墨式烧烤
169:CMI,康明斯
169:CMP,罗盘矿物
169:CMRE,Costamare
169:CMREpB,Costamare优先B
169:CMREpC,Costamare优先C
169:CMREpD,Costamare优先D
169:CMS,CMS能源
169:CMSpB,CMS能源优先B
169:CMSpC,CMS能源优先存托C
169:CMTG,Claros Mortgage
169:CMU,Mfs High Yield Municipal Trust
169:CNA,CNA金融
169:CNBS,西摩大麻ETF
169:CNC,康西哥
169:CNEQ,Alger集中股票ETF
169:CNF,深泛联
169:CNH,凯斯纽
169:CNI,加拿大国家铁路
169:CNK,喜满客影城
169:CNM,Core & Main
169:CNMD,CONMED
169:CNNE,Cannae Holdings
169:CNO,康塞科
169:CNP,中点能源
169:CNQ,加拿大自然资源
169:CNR,Core Natural
169:CNRG,清洁能源指数ETF
169:CNS,科恩-斯蒂尔斯金融
169:CNX,康索尔能源
169:CNXT,创业板指数ETF
169:COAL,全球煤炭指数ETF
169:CODI,Compass Diversified
169:CODIpA,Compass优先A
169:CODIpB,Compass优先B
169:CODIpC,Compass优先C
169:COF,第一资本金融
169:COFpI,第一资本优先存托I
169:COFpJ,第一资本优先存托J
169:COFpK,第一资本优先存托K
169:COFpL,第一资本金融优先存托L
169:COFpN,第一资本优先存托N
169:COHR,Coherent
169:COIA,2倍做多COIN
169:COLD,Americold Realty
169:COLO,哥伦比亚25/50指数ETF
169:COM,广义商品指数ETF
169:COMB,彭博商品
169:COMP,Compass
169:CON,Concentra Group
169:CONY,YieldMax COIN收益
169:COOK,Traeger
169:COP,康菲石油
169:COPL,Copley Acquisition
169:COPL.U,Copley Acquisition-U
169:COPL.WS,
169:COPX,全球铜矿商总回报ETF
169:COPY,Tweedy Browne价值ETF
169:COPZ,每日目标2倍做多铜ETF
169:COR,Cencora
169:CORB,AB核心债券ETF
169:CORN,Teucrium玉米指数ETF
169:CORP,美国公司指数ETF
169:COSO,CoastalSouth
169:COTY,科蒂
169:COUR,Coursera
169:CP,加拿大太平洋铁路
169:CPA,科帕控股
169:CPAC,Pacasmayo Cement
169:CPAI,对位法量化股票ETF
169:CPAY,Corpay
169:CPER,铜指数总回报ETF
169:CPF,中央太平洋银行
169:CPII,离子通货膨胀保护ETF
169:CPK,切萨皮克气业
169:CPLB,MacKay核心增强债券
169:CPNG,Coupang
169:CPNJ,结构化另类保护ETF
169:CPNM,100结构化另类保护3月
169:CPNQ,12月纳斯达克100结构
169:CPNS,纳斯达克100结构化Alt
169:CPRA,罗素2000结构化4月
169:CPRI,Capri Holdings
169:CPRJ,罗素2000结构化保护
169:CPRO,10月2000结构化Alt
169:CPRY,2000结构化另类保护
169:CPS,库珀标准控股
169:CPSA,8月结构化Alt保护ETF
169:CPSD,12月标普500结构化
169:CPSF,2月标普500结构化Alt
169:CPSJ,标普500结构化保护7月
169:CPSM,标普500结构化保护5月
169:CPSN,11月结构化Alt保护ETF
169:CPSO,10月标普500结构化Alt
169:CPSP,标普500结构化4月
169:CPSR,Calamos标普500–3月
169:CPST,标普500结构化Alt保护
169:CPSU,标普500结构化保护ETF
169:CPSY,标普500另类保护–1月
169:CPT,卡姆登物业信托
169:CPXR,USCF每日目标2倍做多
169:CQP,Cheniere能源合作伙伴
169:CQQQ,中国技术上限指数ETF
169:CR,Crane
169:CRAK,MVIS全球炼油厂指数
169:CRBG,Corebridge Financial
169:CRBN,MSCI ACWI低碳目标
169:CRC,加州资源
169:CRCA,2倍做多CRCL
169:CRCL,Circle
169:CRCO,CRCL期权收益策略ETF
169:CRD.A,克劳福德A
169:CRD.B,克劳福德B
169:CRDT,简化机会收益ETF
169:CRED,增强REIT指数ETF
169:CRGY,Crescent Energy
169:CRH,CRH水泥
169:CRI,卡特
169:CRK,康斯托克能源
169:CRL,查尔斯河
169:CRM,赛富时
169:CRPT,加密产业和数字经济
169:CRS,卡朋特科技
169:CRSH,做空TSLA期权收益策略
169:CRT,CRT信托
169:CRTC,美国关键技术指数ETF
169:CRUX,Columbia核心债券ETF
169:CRXP,核心加债券ETF
169:CSAN,Cosan
169:CSD,美国分拆指数ETF
169:CSHI,NEOS增强型收益1-3月
169:CSHP,国库券指数ETF
169:CSIO,基础设施机会主动型
169:CSL,卡莱尔伙伴
169:CSMD,国会中小增长ETF
169:CSNR,自然资源主动ETF
169:CSPF,优先股和收入机会主动
169:CSR,Centerspace
169:CSRE,Real Estate主动ETF
169:CSSD,短久期优选和收益主动
169:CSTM,Constellium
169:CSV,Carriage Services
169:CSW,Csw
169:CTA,管理期货策略ETF
169:CTAP,美国股票管理期货策略
169:CTApA,EIDP优先A
169:CTApB,EIDP优先B
169:CTEV,Claritev
169:CTEX,标普清洁技术指数ETF
169:CTO,CTO Realty Growth
169:CTOS,Custom Truck One
169:CTOpA,CTO Realty 优先A
169:CTRA,Coterra Energy
169:CTRE,Caretrust Reit
169:CTRI,Centuri
169:CTS,CTS
169:CTVA,Corteva
169:CTWO,欧盟碳排放配额信托
169:CUBE,CubeSmart
169:CUBI,Customers Bancorp
169:CUK,嘉年华
169:CURB,Curbline Properties
169:CURE,医疗保健精选3倍做多
169:CURV,Torrid Holdings
169:CUT,木材精选上限指数ETF
169:CUZ,卡津斯不动产
169:CVE,Cenovus能源
169:CVEO,Civeo
169:CVI,CVR能源
169:CVIE,Calvert国际责任
169:CVLC,美国大盘股核心责任
169:CVLG,Covenant Logistics
169:CVMC,美国中型股核心责任
169:CVNA,Carvana
169:CVNY,CVNA期权收益策略ETF
169:CVRD,Madison补仓看涨ETF
169:CVRT,可转换股票替代ETF
169:CVS,西维斯
169:CVSA,Covista
169:CVSB,Calvert超短投资级ETF
169:CVX,雪佛龙
169:CVY,多资产收益指数ETF
169:CW,寇蒂斯莱特
169:CWAN,Clearwater Analytics
169:CWB,可换股债券指数ETF
169:CWEB,中国互联网2倍做多
169:CWEN,Clearway Energy C
169:CWEN.A,Clearway Energy A
169:CWH,露营世界
169:CWI,MSCI ACWI不含美国
169:CWK,Cushman & Wakefield
169:CWS,集中股权ETF
169:CWT,加州水务
169:CX,西麦斯
169:CXE,Mfs High Income Municipal Trust
169:CXH,Mfs Investment Grade Municipal Trust
169:CXM,Sprinklr
169:CXRN,Teucrium2倍玉米做多
169:CXT,Crane NXT
169:CXW,CoreCivic
169:CYD,玉柴国际
169:CYH,Community Health
169:CZA,中盘股核心指数ETF
169:CpN,Citigroup Capital XIII 优先
169:CpR,花旗优先存托II
169:D,道明尼能源
169:DABS,双线资产支持证券
169:DAC,达那俄斯
169:DAL,达美航空
169:DAMD,每日目标2倍做空AMD
169:DAN,达纳
169:DANA,Dana有限波动ETF
169:DAO,网易有道
169:DAR,美国达尔令国际
169:DARP,Grizzle增长ETF
169:DAT,大数据精炼商
169:DAVA,Endava
169:DB,德意志银行
169:DBA,DBIQ多元农业指数ETF
169:DBAW,除美国外美元对冲指数
169:DBB,最佳工业金属产量ETF
169:DBC,收益率多样化商品ETF
169:DBD,迪堡金融设备
169:DBE,DBIQ最佳产能指数ETF
169:DBEF,MSCI EAFE美元对冲ETF
169:DBEM,EM美元对冲指数ETF
169:DBEU,欧洲美元对冲指数ETF
169:DBEZ,IMI美元对冲指数ETF
169:DBI,Designer Brands
169:DBJP,MSCI日本美元对冲ETF
169:DBL,Doubleline Opportunistic Credit Fund
169:DBMF,iMGP DBi管理期货策略
169:DBND,DoubleLine核心债券
169:DBO,最佳原油产量指数ETF
169:DBP,最优收益率贵金属ETF
169:DBRG,DigitalBridge Group
169:DBRGpH,DigitalBridge优先H
169:DBRGpI,DigitalBridge优先I
169:DBRGpJ,DigitalBridge优先J
169:DCH,Dauch
169:DCI,唐纳森
169:DCMT,商品策略ETF
169:DCO,杜科蒙
169:DCOR,美国核心股票1 ETF
169:DCRE,DoubleLine商业地产债
169:DD,杜邦
169:DDD,3D系统
169:DDDD,美股目标双重分配ETF
169:DDL,叮咚买菜
169:DDM,道琼斯指数两倍做多
169:DDS,狄乐百货
169:DDT,
169:DE,迪尔
169:DEA,东风政府物业
169:DEC,Diversified Energy
169:DECK,戴克斯户外
169:DEED,第一信托证券化加ETF
169:DEEF,发展综合因子指数ETF
169:DEEP,收购者深度价值ETF
169:DEFI,比特币参考价格-结算
169:DEHP,新兴市场高盈利ETF
169:DEI,道格拉斯艾美特
169:DELL,戴尔科技
169:DEM,新兴市场高股息ETF
169:DEO,帝亚吉欧
169:DES,WisdomTree小型股股息
169:DESK,美国办公室商业REIT
169:DEUS,罗素综合因素指数ETF
169:DEW,全球高股息指数ETF
169:DEXC,Dimensional新兴市场
169:DFAC,维度美国核心股票2ETF
169:DFAE,新兴核心股票市场ETF
169:DFAI,维度国际核心股票市场
169:DFAR,美国房地产ETF
169:DFAS,维度美国小型股ETF
169:DFAT,维度美国目标价值ETF
169:DFAU,维度美国核心股票市场
169:DFAW,维度世界股票ETF
169:DFAX,非美世界核心股权ETF
169:DFCA,维度加州市政债券ETF
169:DFCF,核心固定收益ETF
169:DFE,欧洲小盘股红利ETF
169:DFEM,新兴市场核心股权ETF
169:DFEN,航空航天国防3倍做多
169:DFEV,新兴市场价值ETF
169:DFGR,全球房地产ETF
169:DFH,Dream Finders Homes
169:DFII,FT Vest Bitcoin Strategy & Target Income ETF
169:DFIN,Donnelley Financial
169:DFIP,通胀保值证券ETF
169:DFIV,国际价值ETF
169:DFJ,日本小盘红利指数ETF
169:DFLV,美国大盘股价值ETF
169:DFNM,国家市政债券ETF
169:DFP,Flaherty & Crumrine Dynamic Preferred & Income Fund
169:DFSB,可持续性固定收益ETF
169:DFSD,1-5年期美国公司指数
169:DFSE,新兴市场可持续性核心
169:DFSI,国际可持续发展核心
169:DFSU,美国可持续发展核心
169:DFSV,美国小型市值ETF
169:DFTT,风险管理战术30强ETF
169:DFUS,维度美国股票市场ETF
169:DFUV,美国市场价值ETF
169:DFVE,财富500强等权重ETF
169:DFVX,美国大盘股载体ETF
169:DG,达乐
169:DGIN,MVIS数字印度指数ETF
169:DGP,黄金最佳产量两倍做多
169:DGRO,美国股息增长指数ETF
169:DGS,新兴市场小盘股红利
169:DGT,全球道琼斯指数ETF
169:DGX,奎斯特诊疗
169:DGZ,黄金最佳产量做空
169:DHF,BNY Mellon高收益策略
169:DHI,霍顿房屋
169:DHLX,大盘集中ETF
169:DHR,丹纳赫
169:DHS,美国高股息指数ETF
169:DHSB,Day Hagan智能缓冲ETF
169:DHT,DHT控股
169:DHX,戴斯控股
169:DIA,道琼斯工业指数ETF
169:DIAL,优势多行业债券
169:DIAX,Nuveen Dow 30Sm Dynamic Overwrite Fund
169:DIEM,新兴市场股息增强精选
169:DIG,标普能源精选两倍做多
169:DIM,国际中盘股息指数ETF
169:DIN,Dine Brands Global
169:DINO,HF Sinclair
169:DIPS,NVDA期权做空收益策略
169:DIS,迪士尼
169:DISO,YieldMax DIS收益策略
169:DIV,超低红利美国低波动率
169:DIVE,Dana集中红利ETF
169:DIVG,标普500高股息增长
169:DIVI,发达市场股息增强
169:DIVL,Madison红利价值ETF
169:DIVO,扩大CWP增强股息收益
169:DIVP,增强型股票收益ETF
169:DIVS,股息构建ETF
169:DIVY,健全股票股息收入ETF
169:DIVZ,波伦股息收入ETF
169:DJD,工业平均产量加权指数
169:DJIA,道琼斯Cboe BuyWrite
169:DJP,彭博商品指数总回报
169:DK,Delek Us Holdings
169:DKL,Delek Logistics
169:DKS,迪克体育用品
169:DLB,杜比实验室
169:DLN,美国大盘股股息
169:DLNG,Dynagas Lng
169:DLNGpA,Dynagas Lng优先A
169:DLR,数字房地产信托
169:DLRpJ,数码地产信托优先J
169:DLRpK,数码地产信托优先K
169:DLRpL,数码地产信托优先L
169:DLS,国际小盘红利指数ETF
169:DLX,豪华
169:DLY,DoubleLine
169:DMA,Destra Multi
169:DMB,Bny Mellon Municipal Bond Infrastructure Fund
169:DMBS,DoubleLine抵押贷款
169:DMO,Western Asset Mortgage Opportunity Fund
169:DMX,DoubleLine多行业收益
169:DNA,Ginkgo Bioworks
169:DNL,全球非美高质量增长
169:DNOW,DNOW
169:DNP,DNP Select Income
169:DOC,Healthpeak
169:DOCN,DigitalOcean
169:DOCS,Doximity
169:DOG,工业平均指数做空
169:DOL,发达市场国际ETF
169:DOLE,都乐食品
169:DON,美国中盘股息指数ETF
169:DOUG,Douglas Elliman
169:DOV,都福
169:DOW,陶氏
169:DPG,Duff & Phelps Utility & Infrastructure Fund
169:DPST,银行精选行业3倍做多
169:DQ,大全新能源
169:DRAI,Draco进化人工智能ETF
169:DRAY,DKNG期权收益策略ETF
169:DRD,DRDGOLD
169:DRES,GMO国内弹性ETF
169:DRI,达登饭店
169:DRIP,油气开发行业2倍做空
169:DRKY,DR英国宏观配置收益型
169:DRLL,美国能源管制上限指数
169:DRN,房地产指数3倍做多
169:DRUP,美国大型股精选颠覆者
169:DRV,房地产指数3倍做空
169:DSCO,证券化信用ETF
169:DSI,KLD 400社会指数ETF
169:DSL,Doubleline Income Solutions Fund
169:DSM,Bny Mellon Strategic Municipal Bond Fund
169:DSMC,小/中现金流ETF
169:DSPY,标普500历史权重ETF
169:DSTL,馏分油的稳定性和价值
169:DSTX,国际基本稳定性和价值
169:DSU,Blackrock Debt Strategies Fund
169:DSX,黛安娜船舶
169:DSX.WS,
169:DSXpB,黛安娜船舶优先B
169:DT,Dynatrace
169:DTAN,国际无形价值ETF
169:DTD,美国股息指数ETF
169:DTE,DTE能源
169:DTEC,Indxx颠覆性技术指数
169:DTF,Dtf Tax-Free Income 2028 Term Fund
169:DTH,国际高股息指数ETF
169:DTM,DT Midstream
169:DTRE,颠覆性技术房地产
169:DUG,标普能源精选两倍做空
169:DUHP,美国高盈利ETF
169:DUK,杜克能源
169:DUKQ,海洋公园国内ETF
169:DUKZ,海洋公园多元化收益
169:DUKpA,杜克能源优先存托A
169:DULL,LBMA黄金价格3倍做空
169:DUNK,Dana无约束股票ETF
169:DUSB,维度超短固定收益ETF
169:DUSL,工业精选3倍做多
169:DUST,黄金矿业2倍做空ETF
169:DV,DoubleVerify
169:DVA,达维塔保健
169:DVDN,Kingsbarn红利机会
169:DVN,戴文能源
169:DVND,Touchstone股息选择
169:DVYA,道琼斯精选股息50指数
169:DVYE,新兴市场精选股息指数
169:DWM,国际股票指数ETF
169:DWMF,国际多因素基金ETF
169:DWX,标普国际股息机会ETF
169:DX,德尼克斯投资
169:DXC,DXC Technology
169:DXD,道琼斯指数两倍做空
169:DXIV,国际矢量股票ETF
169:DXJ,日本对冲股票指数ETF
169:DXUV,美国矢量股票ETF
169:DXYZ,Destiny Tech100
169:DXpC,德尼克斯投资优先C
169:DY,戴康工业
169:DYLD,LeaderShares动态收益
169:DYLG,Cboe DJIA半买入
169:DYNF,iShares美国股权因子
169:DZZ,黄金最佳产量两倍做空
169:E,埃尼石油
169:EAF,GrafTech
169:EAFG,发达市场现金牛成长
169:EAGG,美国综合ESG焦点ETF
169:EAGL,Eagle资本精选股票ETF
169:EAPR,力量缓冲ETF-4月
169:EARN,Ellington Credit
169:EASG,MSCI EAFE精选指数ETF
169:EAT,布林克国际
169:EATZ,AdvisorShares餐厅ETF
169:EBF,恩尼斯
169:EBIT,AlphaEdge小盘股指数
169:EBND,本币政府多元化ETF
169:EBS,Emergent
169:EBUF,新兴市场10缓冲ETF
169:EC,哥伦比亚国家石油
169:ECAT,BlackRock ESG
169:ECC,Eagle Point Credit
169:ECCC,Eagle Point 优先C
169:ECCpD,Eagle Point 优先A
169:ECG,Everus Construction
169:ECL,艺康
169:ECML,欧几里得基本价值ETF
169:ECNS,MSCI中国小盘股指数
169:ECO,Okeanis Eco Tankers
169:ECON,新兴经济体竞争力指数
169:ECVT,Ecovyst
169:ED,爱迪生联合电气
169:EDC,新兴市场每日3倍做多
169:EDD,Morgan Stanley Emerging Markets Domestic Debt Fund
169:EDF,Virtus Stone Harbor Emerging Markets Income Fund
169:EDGF,3EDGE动态固定收益
169:EDGH,3EDGE动态硬资产
169:EDGI,3EDGE动态国际股票
169:EDGQ,纳斯达克100收益增强
169:EDGU,3EDGE动态美国股票
169:EDGX,美国500收益增强型ETF
169:EDIV,标普新兴市场红利机会
169:EDN,恩普雷萨电力
169:EDOG,新兴行业红利狗ETF
169:EDOW,工业平均等权指数
169:EDU,新东方
169:EDV,美国20-30年平均债券
169:EDZ,新兴市场每日3倍做空
169:EE,Excelerate Energy
169:EEA,European Equity Fund
169:EELV,标普新兴市场低波动率
169:EEM,MSCI新兴市场指数ETF
169:EEMO,标普动量新兴加大盘
169:EEMS,新兴市场小盘股指数
169:EEMX,新兴市场非化石燃料
169:EES,美国小盘股指数ETF
169:EET,新兴市场指数两倍做多
169:EETH,ProShares以太ETF
169:EEV,新兴市场指数两倍做空
169:EEX,Emerald Holding
169:EFA,欧澳远东指数ETF
169:EFAA,MSCI EAFE收益优势
169:EFAX,EAFE除化石燃料ETF
169:EFC,Ellington投资
169:EFCpB,Ellington投资优先B
169:EFCpC,Ellington投资优先C
169:EFCpD,Ellington投资优先D
169:EFFE,Harbor新兴市场资源
169:EFFI,Harbor国际资源高效
169:EFIV,标普500评分筛选指数
169:EFO,摩根士丹两倍做多
169:EFR,EV高级浮动利率信托
169:EFT,EV浮动利率收益信托
169:EFU,欧澳远东指数两倍做空
169:EFX,艾可菲
169:EFXT,Enerflex
169:EFZ,摩根士丹做空
169:EG,Everest Group
169:EGGS,NestYield总回报保护
169:EGGY,NestYield动态收益ETF
169:EGLE,标普500美国收入领先
169:EGO,埃氏金业
169:EGP,EastGroup Properties
169:EGY,瓦可能源
169:EHAB,Enhabit
169:EHC,Encompass Health
169:EHI,Western Asset Global High Income Fund
169:EIC,Eagle Point Income
169:EICA,Eagle Point优先A
169:EICC,Eagle Point优先C
169:EIDO,印尼IMI 25/50指数ETF
169:EIG,Employers Holdings
169:EIIA,Eagle Point 优先A
169:EINC,北美能源基础设施指数
169:EIPI,能源收益伙伴增强收益
169:EIPX,能源收入伙伴战略ETF
169:EIRL,全爱尔兰上限指数ETF
169:EIS,以色列上限可投资市场
169:EIX,爱迪生国际
169:EJAN,新兴市场力量缓冲-1月
169:EJUL,力量缓冲ETF-7月
169:EL,雅诗兰黛
169:ELAN,Elanco Animal Health
169:ELCV,Eventide高股息ETF
169:ELD,新兴地方债务基金指数
169:ELF,e.l.f. Beauty
169:ELM,Elm市场导航ETF
169:ELME,Elme Communities
169:ELPC,Energy
169:ELS,宜居生活资产信托
169:ELV,Elevance Health
169:EMA,Emera
169:EMBD,全球X新兴市场债券ETF
169:EMBJ,
169:EMBX,新兴市场债券ETF
169:EMC,新兴市场大消费者ETF
169:EMCR,碳减排和气候改善ETF
169:EMCS,气候500新兴市场指数
169:EMD,Western Asset Emerging Markets Debt Fund
169:EMDM,彭博新兴市场民主ETF
169:EME,埃姆科
169:EMES,Harbor新兴市场ETF
169:EMET,全球清洁技术金属ETF
169:EMF,Templeton Emerging Markets Fund
169:EMHC,新兴市场美元拥有指数
169:EMKT,新兴市场机会ETF
169:EMLC,新兴市场全球核心ETF
169:EMLP,北美能源基础设施基金
169:EMM,新兴市场除中国外ETF
169:EMMF,新兴市场多因素基金
169:EMN,伊士曼化工
169:EMNT,增强型短期活跃ESGETF
169:EMO,Clearbridge Energy Midstream Opportunity Fund
169:EMOP,AB新兴市场机会ETF
169:EMOT,标普500护城河指数
169:EMPB,Efficient市场投资ETF
169:EMQQ,EMQQ新兴市场互联网
169:EMR,艾默生电气
169:EMSF,新兴市场未来积极ETF
169:EMTY,零售商店指数做空ETF
169:ENB,安桥
169:ENFR,中游能源精选指数
169:ENIC,Enel Chile
169:ENOV,Enovis
169:ENR,劲量控股
169:ENS,艾诺斯
169:ENVA,易诺华国际
169:EOCT,新兴市场力量缓冲ETF
169:EOD,Allspring Global Dividend Opportunity Fund
169:EOG,EOG能源
169:EOI,EV增强型收入基金
169:EOS,EV增强型收入基金II
169:EOT,Eaton Vance National Municipal Opportunities Trust
169:EPAC,Enerpac Tool Group
169:EPAI,AI拐点策略ETF
169:EPAM,Epam Systems
169:EPC,Edgewell Personal
169:EPD,Enterprise Products
169:EPEM,Harbor新兴市场股票
169:EPHE,菲律宾IMI指数ETF
169:EPI,印度盈利指数ETF
169:EPIN,Harbor国际股票ETF
169:EPMB,Harbor中盘核心ETF
169:EPMV,Harbor中盘价值ETF
169:EPOL,波兰IMI25/50指数ETF
169:EPP,亚太（日本除外）指数
169:EPR,EPR Properties
169:EPRT,Essential Properties
169:EPRpC,EPR Properties优先C
169:EPRpE,EPR Properties优先E
169:EPRpG,EPR Properties优先G
169:EPS,美国大盘股指数ETF
169:EPSB,Harbor中小盘核心ETF
169:EPSV,Harbor中小盘价值ETF
169:EPU,MSCI秘鲁限制指数ETF
169:EPV,欧洲全市值两倍做空
169:EPpC,EL PASO ENERGY优先
169:EQAL,等权重指数ETF
169:EQBK,Equity Bancshares
169:EQH,Equitable Holdings
169:EQHpA,Equitable优先存托A
169:EQHpC,Equitable优先存托C
169:EQIN,美国ESG股票收益
169:EQL,NYSE等行业权重ETF
169:EQNR,Equinor
169:EQR,公平住屋
169:EQS,Equus Total Return
169:EQT,EQT能源
169:EQTY,Kovitz核心股票ETF
169:EQWL,标普100等权重指数ETF
169:ERO,Ero Copper
169:ERTH,全球环境选择指数ETF
169:ERX,能源行业2倍做多ETF
169:ERY,能源行业指数2倍做空
169:ES,Eversource
169:ESAB,ESAB
169:ESBA,Empire State-U ES
169:ESBG,债券黄金2.1倍做多
169:ESE,ESCO科技
169:ESI,Element Solutions
169:ESIM,Eventide国际ETF
169:ESIX,标普小盘600评分筛选
169:ESLG,Eventide大盘成长ETF
169:ESLV,Eventide大盘价值ETF
169:ESNT,Essent Group
169:ESRT,Empire State Realty
169:ESS,埃塞克斯信托
169:ESSC,Eventide小型股ETF
169:ESTC,Elastic
169:ESUM,Eventide美国市场ETF
169:ET,Energy Transfer
169:ETB,Eaton Vance Tax-Managed Buy-Write Income Fund
169:ETCO,以太坊备兑看涨ETF
169:ETD,伊森艾伦室内装饰
169:ETFT,Fundsmith股票ETF
169:ETG,Eaton Vance Tax Advantaged Global Dividend Income Fund
169:ETH,CoinDesk以太币价格
169:ETHD,以太坊两倍做空ETF
169:ETHE,以太币价格指数
169:ETHO,Etho气候领先ETF
169:ETHT,彭博以太坊两倍做多
169:ETHW,ETH/USD汇率
169:ETIp,Entergy Texas优先A
169:ETJ,Eaton Vance Risk-Managed Diversified Equity Income Fund
169:ETN,伊顿
169:ETO,Eaton Vance Tax-Advantaged Global Dividend Opportunities Fund
169:ETR,安特吉
169:ETSY,Etsy
169:ETV,EV TMBW机会基金
169:ETW,Eaton Vance Tax-Managed Global Buy-Write Opportunities Fund
169:ETX,Eaton Vance Municipal Income 2028 Term Trust
169:ETY,Eaton Vance
169:ETpI,Energy Transfer优先I
169:EUDG,欧洲优质红利增长ETF
169:EUM,新兴市场指数做空
169:EUO,二倍做空美元欧元汇率
169:EURL,欧洲全市值3倍做多
169:EUSA,美国等权重指数
169:EUSB,通用选择筛选指数ETF
169:EVAC,EQV Ventures II
169:EVAC.U,EQV Ventures II-U
169:EVAC.WS,
169:EVC,超视野传播
169:EVEX,Eve Holding
169:EVEX.WS,
169:EVF,EV高级收入信托
169:EVG,Eaton Vance Short Duration Diversified Income Fund
169:EVH,Evolent Health
169:EVHY,Eaton Vance高收益
169:EVIM,Eaton中期市政收入
169:EVLN,浮动利率ETF
169:EVMN,Evommune
169:EVMO,抵押贷款机会ETF
169:EVN,Eaton Vance Municipal Income Trust
169:EVNT,事件驱动ETF
169:EVR,Evercore
169:EVSB,Eaton Vance超短收益
169:EVSM,Vance短期市政收益ETF
169:EVT,Eaton Vance Tax-Advantaged
169:EVTC,Evertec
169:EVTL,Vertical Aerospace
169:EVTR,Vance总回报债券ETF
169:EVX,NYSE Arca环境服务ETF
169:EW,爱德华兹生命科学
169:EWA,MSCI澳大利亚指数ETF
169:EWC,加拿大自封顶指数ETF
169:EWD,瑞典25/50指数ETF
169:EWG,MSCI德国指数ETF
169:EWH,香港 25/50指数ETF
169:EWI,意大利25/50指数ETF
169:EWJ,MSCI日本指数ETF
169:EWK,比利时IMI 25/50指数
169:EWL,瑞士25/50指数ETF
169:EWM,MSCI马来西亚指数ETF
169:EWN,MSCI荷兰IMI25/50ETF
169:EWO,奥地利IMI 25/50指数
169:EWP,西班牙25/50指数
169:EWQ,MSCI法国指数ETF
169:EWS,新加坡25/50指数ETF
169:EWT,台湾25/50指数ETF
169:EWU,MSCI英国指数ETF
169:EWV,MSCI日本指数两倍做空
169:EWW,墨西哥IMI 25/50指数
169:EWX,标普新兴市场指数ETF
169:EWY,韩国25/50指数ETF
169:EWZ,MSCI巴西25/50指数
169:EXEQ,美国大盘股领导力回报
169:EXG,EV税收管理型全球基金
169:EXI,全球1200工业行业指数
169:EXK,Endeavour Silver
169:EXP,Eagle Materials
169:EXPD,康捷国际物流
169:EXR,Extra Space Storage
169:EZA,南非25/50指数ETF
169:EZJ,日本指数两倍做多
169:EZM,美国中盘股指数ETF
169:F,福特汽车
169:FAF,第一美国
169:FAI,彭博人工智能ETF
169:FAN,ISE全球风能指数ETF
169:FARX,Frontier资产绝对收益
169:FAS,金融精选3倍做多ETF
169:FAZ,金融精选3倍做空ETF
169:FBDC,FT汇通BDC金融收益ETF
169:FBIN,Fortune Brands
169:FBK,FB Financial
169:FBND,总债券ETF
169:FBP,第一万能金控
169:FBRT,Franklin BSP
169:FBRTpE,Franklin BSP优先E
169:FBT,NYSE Arca生物技术ETF
169:FBY,META期权收益策略ETF
169:FC,富兰克林柯维
169:FCBD,Frontier资产核心债券
169:FCF,第一联邦金融
169:FCFY,标普500行业中性FCF
169:FCG,天然气指数ETF
169:FCN,FTI咨询
169:FCOM,通信服务25/50指数ETF
169:FCOR,公司债券ETF
169:FCPT,四角财产信托
169:FCRS,FutureCrest
169:FCRS.U,FutureCrest-U
169:FCRS.WS,
169:FCSH,Hermes短期公司ETF
169:FCT,First Trust Senior Floating Rate Income Fund Ii
169:FCUS,专注机会ETF
169:FCX,麦克莫兰铜金
169:FDAT,战术优势ETF
169:FDD,STOXX欧洲精选股息
169:FDG,聚焦动态增长ETF
169:FDHY,Fidelity增强型高收益
169:FDIS,MSCI消费者自由支配
169:FDL,晨星股息领袖ETF
169:FDLO,美国低波动率因子ETF
169:FDLS,多盘多因素指数ETF
169:FDM,道琼斯精选微型股
169:FDMO,美国动量因子指数ETF
169:FDN,互联网综合指数ETF
169:FDP,戴尔蒙特新鲜制造
169:FDRR,富达升息股利指数ETF
169:FDS,慧甚
169:FDV,爱马仕美国战略ETF
169:FDVV,富达高股息指数ETF
169:FDX,联邦快递
169:FE,第一能源
169:FEAC,富达增强型美国全市值
169:FEDM,非美ESG&气候发达市场
169:FEDU,四季教育
169:FEGE,First Eagle全球股票
169:FEIG,ESG和气候企业核心ETF
169:FELC,富达增强大盘核心ETF
169:FELG,富达增强型大盘成长
169:FELV,富达增强大盘价值ETF
169:FEMD,中型股股票ETF
169:FEMR,富达增强型新兴市场
169:FENG,凤凰新媒体
169:FENI,富达增强国际ETF
169:FENY,美国能源25/50指数ETF
169:FEOE,First Eagle海外股票
169:FERG,Ferguson Enterprises
169:FESM,富达增强型小型股ETF
169:FET,Forum Energy
169:FEUS,ESG&气候美国大盘股
169:FEZ,欧元STOXX 50指数ETF
169:FF,Futurefuel
169:FFA,First Trust Enhanced Equity Income Fund
169:FFC,Flaherty & Crumrine Preferred & Income Securities Fund Inc
169:FFIU,无约束中期固定收益
169:FFLS,未来基金做多/做空ETF
169:FFND,One Global ETF
169:FFOX,FundX未来基金机会ETF
169:FFTY,IBD 50指数ETF
169:FFWM,First Foundation
169:FG,F&G Annuities & Life
169:FGD,道琼斯全球精选股息
169:FGDL,金条价格ETF
169:FGSM,Frontier全球小盘股票
169:FHI,联邦投资
169:FHLC,美国医疗保健指数
169:FHN,第一地平线
169:FHNpC,第一地平线优先存托C
169:FHNpE,第一地平线优先存托E
169:FHNpF,第一地平线优先存托F
169:FHNpH,第一地平线优先存托H
169:FHYS,Hermes短期高收益ETF
169:FIAT,COIN做空期权收入
169:FIAX,固定收益替代ETF
169:FICO,Fair Isaac
169:FIDI,富达国际高分红指数
169:FIDU,美国工业25/25指数ETF
169:FIG,Figma
169:FIGB,富达投资级债券ETF
169:FIGS,FIGS
169:FIHL,Fidelis Insurance
169:FIIG,First Trust中期投资
169:FINS,Angel Oak Financial
169:FINT,Frontier资产国际股票
169:FINV,信也科技
169:FIS,富达国民信息服务
169:FISK,Empire State-U 250
169:FISR,道富固定收益部门轮换
169:FITE,Kensho未来安全指数
169:FIVA,国际价值因素指数ETF
169:FIW,ISE水指数ETF
169:FIX,Comfort Systems USA
169:FIXP,FolioBeyond增强型
169:FIXT,TCW核心加债券ETF
169:FLAG,First Light
169:FLAU,富时澳洲封顶指数
169:FLAX,富时亚洲除日本ETF
169:FLBR,富时巴西封顶指数
169:FLC,Flaherty & Crumrine Total Return Fund
169:FLCA,加拿大封顶指数ETF
169:FLCB,美国核心债券ETF
169:FLCC,MDT大盘核心ETF
169:FLCE,Frontier美国大盘股票
169:FLCG,MDT大盘增长型ETF
169:FLCH,富时中国封顶指数ETF
169:FLCO,投资级企业ETF
169:FLCV,MDT大盘价值ETF
169:FLEE,欧洲发达国家封顶指数
169:FLEU,富时欧元发达指数ETF
169:FLG,Flagstar Bank
169:FLGB,富时英国RIC封顶指数
169:FLGR,富时德国封顶指数
169:FLGV,富兰克林美国国债ETF
169:FLGpA,Flagstar Bank优先存托
169:FLIN,富时印度封顶
169:FLJH,日本RIC对冲美元ETF
169:FLJP,富时日本封顶指数ETF
169:FLKR,富时韩国封顶指数ETF
169:FLLA,富时拉丁美洲上限指数
169:FLMB,市政绿色债券ETF
169:FLMI,动态市政债券ETF
169:FLMX,墨西哥封顶指数ETF
169:FLNG,FLEX LNG
169:FLO,花苑食品
169:FLOC,Flowco Holdings
169:FLOW,Global X 现金流100
169:FLR,福陆
169:FLRG,美国多因素指数ETF
169:FLRN,浮动利率债券小于5年
169:FLRT,浮动利率高收益ETF
169:FLS,福斯
169:FLSA,富时沙特阿拉伯指数
169:FLSP,系统风格溢价ETF
169:FLSW,富时瑞士封顶指数ETF
169:FLTB,有限公司长期债券ETF
169:FLTR,MVIS投资浮动利率指数
169:FLTW,富时台湾封顶指数
169:FLUD,富兰克林超短债券ETF
169:FLUT,Flutter
169:FLV,聚焦大型价值ETF
169:FLXR,TCW灵活收益ETF
169:FLYD,美国旅行指数三倍做空
169:FLYU,美国旅行指数三倍做多
169:FMAT,美国材料25/50指数ETF
169:FMC,FMC
169:FMCE,FM Compounders股票
169:FMCX,FM 焦点股票ETF
169:FMDE,富达增强型中型股ETF
169:FMF,管理期货策略基金ETF
169:FMKT,自由市场ETF
169:FMN,Federated Hermes Premier Municipal Income Fund
169:FMNY,纽约市政高收益ETF
169:FMQQ,FMQQ前沿互联网指数
169:FMS,费森尤斯医疗
169:FMTL,全球关键金属指数ETF
169:FMX,Mexican Economic Development
169:FMY,First Trust Mortgage Income Fund
169:FN,Fabrinet
169:FNB,F.N.B.
169:FNCL,美国金融25/50指数ETF
169:FND,Floor & Decor
169:FNDA,RAFI基本面高流动小型
169:FNDB,RAFI高流动所有指数
169:FNDC,RAFI高流动发达小型
169:FNDE,RAFI高流动新兴市场
169:FNDF,RAFI高流动非美国大盘
169:FNDX,RAFI基本面高流动大型
169:FNF,富达国民金融A
169:FNGD,纽交所FANG+3倍做空
169:FNGG,纽交所FANG+2倍做多
169:FNGO,FANG+指数2倍做多
169:FNGS,FANG+指数ETN
169:FNGU,FANG+指数3倍做多
169:FNV,Franco-nevada
169:FOA,Finance Of America
169:FOF,Cohen & Steers Closed-End Opportunity Fund
169:FOPC,Frontier资产机会信用
169:FOR,福里斯特
169:FOUR,Shift4 Payments
169:FOURpA,Shift4 Payments 优先A
169:FOXY,简化货币策略ETF
169:FPE,优选证券与收益ETF
169:FPEI,第一信托首选证券收入
169:FPF,First Trust Intermediate Duration Preferred & Income Fund
169:FPH,五点控股
169:FPI,Farmland
169:FPS,Forgent Power
169:FPWR,EIP电源解决方案ETF
169:FPX,全球新股综合指数
169:FQAL,美国品质因子指数ETF
169:FR,第一工业地产
169:FRA,Blackrock Floating Rate Income Strategies Fund
169:FREL,美IMI房地产指数ETF
169:FRGN,Horizon国际股票ETF
169:FRI,美国REIT指数
169:FRIZ,Franklin红利成长ETF
169:FRO,Frontline
169:FRT,FRT信托
169:FRTY,Alger中盘股40 ETF
169:FRTpC,FRT信托优先存托C
169:FSCC,MDT小盘核心ETF
169:FSCO,FS Credit
169:FSEC,美国证券化指数ETF
169:FSIG,有限期投资级公司ETF
169:FSK,FS KKR Capital
169:FSM,Fortuna Mining
169:FSMB,短期管理市政ETF
169:FSMD,中小型多因素指数ETF
169:FSML,Franklin小盘增强ETF
169:FSOL,Solana参考率基金
169:FSS,联邦信号
169:FSSL,FS Specialty Lending
169:FSTA,美国IMI消费必需品
169:FSYD,富达可持续高收益ETF
169:FT,Franklin Universal Trust
169:FTBD,富达债券ETF
169:FTBI,彭博配置收益焦点指数
169:FTCA,市政收入ETF
169:FTCB,核心投资级ETF
169:FTCE,彭博新构建核心收益
169:FTEC,MSCI美国IMI信息技术
169:FTHF,新兴市场人类繁荣ETF
169:FTHY,First Trust High
169:FTI,TechnipFMC
169:FTIF,彭博通胀敏感股票ETF
169:FTK,Flotek工业
169:FTKI,小盘股买入加写入收益
169:FTLS,多/空权益ETF
169:FTMA,马萨诸塞市政收入ETF
169:FTMH,市政高收益ETF
169:FTMN,明尼苏达市政收入ETF
169:FTMS,短期市政收益ETF
169:FTMU,Franklin市政收益ETF
169:FTNJ,新泽西市政收入ETF
169:FTNY,纽约市政收入ETF
169:FTOH,俄亥俄州市政收入ETF
169:FTPA,宾夕法尼亚市政ETF
169:FTRB,联邦投资回报债券ETF
169:FTS,Fortis
169:FTSD,短期美国政府ETF
169:FTV,Fortive
169:FTW,Presidio
169:FTW.WS,
169:FTWO,彭博FAANG精选指数
169:FUBO,FuboTV
169:FUL,富乐
169:FUMB,超短期市政ETF
169:FUN,六旗娱乐
169:FUSI,彭博美国1-3个月国债
169:FUTY,MSCI美国IMI公用事业
169:FVAL,美国价值因子指数ETF
169:FVD,价值线股息指数ETF
169:FVR,FrontView REIT
169:FVRR,Fiverr International
169:FWD,AB Disruptors ETF
169:FXA,美元/澳元汇率ETF
169:FXB,英镑/美元汇率ETF
169:FXC,美元/加元汇率ETF
169:FXD,非必需消费品指数ETF
169:FXE,欧元/美元汇率ETF
169:FXED,健全增强固定收益ETF
169:FXF,美元/瑞士法郎汇率
169:FXG,必需消费品指数ETF
169:FXH,保健指数ETF
169:FXI,富时中国50指数ETF
169:FXL,技术指数ETF
169:FXN,能源指数ETF
169:FXO,财务指数ETF
169:FXP,富时中国50两倍做空
169:FXR,工业指数ETF
169:FXU,公用事业指数ETF
169:FXY,日元/美元汇率ETF
169:FXZ,材料指数ETF
169:G,简伯特
169:GAB,Gabelli Equity Trust
169:GABF,金融服务机会ETF
169:GABpG,Gabelli Equity Trust优先G
169:GABpH,Gabelli Equity Trust优先H
169:GABpK,Gabelli Equity Trust优先K
169:GABr,
169:GAEM,Gamma新兴市场债券ETF
169:GAID,国际股息增长ETF
169:GAL,道富全球配置ETF
169:GAM,General American Investors
169:GAMR,电子游戏领导者指数
169:GAMpB,General American Investors优先B
169:GAP,盖普
169:GARA,实物资产收益ETF
169:GATX,Gatx
169:GAUD,美国股息增长ETF
169:GBAB,Guggenheim Taxable Municipal Bond & Investment Grade Debt Trust
169:GBCI,冰川万通金控
169:GBF,美国政府/信用债券
169:GBHI,Gabelli高收益ETF
169:GBIL,富时美债0-1年精选
169:GBND,高盛核心债券ETF
169:GBTC,Grayscale Bitcoin Trust ETF
169:GBTG,Global Business
169:GBX,格林布赖尔
169:GCAD,商业航空航天和国防
169:GCAL,加利福尼亚州市政收入
169:GCC,增强商品战略基金ETF
169:GCO,格涅斯科
169:GCOR,投资级债券指数ETF
169:GCTS,GCT Semiconductor
169:GCTS.WS,
169:GCV,Gabelli Convertible & Income Securities Fund
169:GD,通用动力
169:GDDY,Godaddy
169:GDIV,股息增长领导者ETF
169:GDL,Gdl Fund
169:GDLC,CoinDesk 5指数ETF
169:GDO,Western Asset Global Corporate Opportunity Fund
169:GDOC,未来医疗保健股票ETF
169:GDOG,狗狗币混合参考利率
169:GDOT,Green Dot
169:GDV,The Gabelli
169:GDVpH,The Gabelli优先H
169:GDVpK,The Gabelli优先K
169:GDX,NYSE Arca黄金矿业ETF
169:GDXD,金矿指数3倍做空ETN
169:GDXJ,全球初级黄金矿业指数
169:GDXU,金矿指数3倍做多ETN
169:GDXY,YieldMax黄金矿工期权
169:GE,GE航空航天
169:GEF,格瑞夫A
169:GEF.B,格瑞夫B
169:GEL,Genesis Energy
169:GEM,高盛新兴市场股票指数
169:GEND,红利收入ETF
169:GENI,Genius Sports
169:GENM,市政质量中级ETF
169:GENT,应税质量中级ETF
169:GENW,国际股息ETF
169:GEO,GEO惩教集团
169:GEOA,GeoAlpha机会指数基金
169:GETY,Getty Images
169:GEV,GE Vernova
169:GF,New Germany Fund
169:GFF,格里丰
169:GFI,金田
169:GFL,GFL Environmental
169:GFR,Greenfire Resources
169:GGB,盖尔道钢铁优先存托
169:GGG,固瑞克
169:GGM,GGM宏观调整ETF
169:GGME,STOXX世界NexGen媒体
169:GGOV,政府债券美元对冲ETF
169:GGRW,加贝利成长创新者ETF
169:GGT,Gabelli Multimedia Trust
169:GGTL,全球科技龙头ETF
169:GGTR,
169:GGTpE,Gabelli Multimedia优先E
169:GGTpG,Gabelli Multimedia优先G
169:GGUS,罗素1000成长每日上限
169:GGZ,Gabelli Global Small & Mid Cap Value Trust
169:GHC,格雷厄姆控股
169:GHG,格林酒店
169:GHI,Greystone Housing
169:GHM,Graham
169:GHY,Pgim Global High Yield Fund
169:GHYB,富时高收益公司债券
169:GIAX,全球股票与收益ETF
169:GIB,CGI
169:GIC,Global Industrial
169:GIGB,投资级企业债券ETF
169:GIGL,高盛公司债券ETF
169:GII,标普全球基础设施指数
169:GIL,吉登运动服
169:GINN,创新全球股票指数ETF
169:GIS,通用磨坊
169:GJH,STRATS Trust For United States Cellular 优先
169:GJO,STRATS TRUST FOR WAL-MART STORES 优先
169:GJP,STRATS TRUST FOR DOMINION 优先
169:GJR,STRATS(SM) TRUST FOR PROCTER & GAMBLE 优先
169:GJS,STRATS(SM) TRUST FOR GOLDMAN 优先
169:GJT,STRATS(SM) TRUST FOR ALLSTATE 优先
169:GK,Gerber Kawasaki ETF
169:GKOS,Glaukos
169:GL,Globe Life
169:GLD,金条价格ETF
169:GLDM,金条价格ETF
169:GLDN,尼古拉斯黄金收益ETF
169:GLED.U,GalaxyEdge Acquisition-U
169:GLIN,全盘成长领导指数ETF
169:GLIX,上市基础设施ETF
169:GLL,黄金分类指数两倍做空
169:GLNK,混合参考利率ETF
169:GLOB,Globant
169:GLOF,STOXX全球股票因子
169:GLOPpA,Gaslog优先
169:GLOPpB,Gaslog优先B
169:GLOPpC,Gaslog优先C
169:GLP,Global Partners
169:GLPpB,Global Partners优先B
169:GLRY,激励成长ETF
169:GLTR,LBMA LPPM贵金属价格
169:GLW,康宁
169:GM,通用汽车
169:GME,游戏驿站
169:GME.WS,
169:GMED,Globus Medical
169:GMEY,GME期权收益策略ETF
169:GMF,标普亚太新兴BMI指数
169:GMMA,市场导航2倍做多ETF
169:GMMF,iShares政府货币市场
169:GMNY,纽约市政收入
169:GMOC,GMO超短期收益ETF
169:GMOD,GMO动态配置ETF
169:GMOI,GMO国际价值ETF
169:GMOV,GMO美国价值ETF
169:GMUB,市政收入ETF
169:GMUN,彭博高盛社区市政
169:GNE,Genie Energy
169:GNK,根科船务贸易
169:GNL,Global Net Lease
169:GNLpA,Global Net优先A
169:GNLpB,Global Net优先B
169:GNLpD,Global Net优先D
169:GNLpE,Global Net优先E
169:GNR,标普全球自然资源指数
169:GNRC,Generac Holdings
169:GNT,"Gamco Natural Resources, Gold & Income Trust"
169:GNTpA,"Gamco Natural Resources, Gold & Income Trust 优先A"
169:GNW,通用金融
169:GOAU,黄金和贵金属矿物ETF
169:GOEX,全球黄金勘探与开发
169:GOF,Guggenheim Strategic Opportunities Fund
169:GOLD,Gold.com
169:GOLF,高尔史密斯控股
169:GOLS,现场与体育机遇ETF
169:GOOS,加拿大鹅
169:GOOY,GOOGL期权收益策略ETF
169:GOTU,高途
169:GPC,通用配件
169:GPGI,GPGI
169:GPI,汽车一组
169:GPK,Graphic Packaging
169:GPMT,Granite Point
169:GPMTpA,Granite Point优先A
169:GPN,环汇
169:GPOR,格尔夫波特能源
169:GPRK,GeoPark
169:GPTY,YieldMax投资组合期权
169:GPZ,另类资产管理人指数
169:GQGU,GQG美国股票ETF
169:GQI,Natixis网关质量收入
169:GQRE,全球质量房地产ETF
169:GRBK,Green Brick
169:GRBKpA,Green Brick优先存托A
169:GRC,The Gorman-Rupp
169:GRDN,Guardian Pharmacy
169:GREK,希腊25/50指数ETF
169:GRMN,佳明
169:GRN,全球碳II指数ETN
169:GRNB,绿色债券精选指数ETF
169:GRND,Grindr
169:GRNI,美国大盘与收益ETF
169:GRNJ,精选美国中小盘ETF
169:GRNT,Granite Ridge
169:GRNY,抛售美国大盘股ETF
169:GROV,Grove Collaborative
169:GRPM,标普中盘400 GARP ETF
169:GRPZ,标普小型股600 GARP
169:GRX,Gabelli Healthcare & Wellnessrx Trust
169:GS,高盛
169:GSBD,高盛BDC
169:GSC,高盛小型股股票ETF
169:GSEU,欧洲股票指数ETF
169:GSG,标普GSCI总回报ETF
169:GSIE,国际股票指数ETF
169:GSIG,公司债券1-5年指数ETF
169:GSJY,日本股票指数ETF
169:GSK,葛兰素史克
169:GSKH,GSK ADRhedged
169:GSL,环球租船
169:GSLC,美国大盘股指数ETF
169:GSLpB,全球船舶租赁优先存托B
169:GSOL,SOL CCIXber参考利率
169:GSPY,Gotham增强型500 ETF
169:GSSC,高盛活性小盘股权指数
169:GSUI,Sui价格指数美元-Benc
169:GSY,景顺超短期ETF
169:GSpA,高盛优先存托A
169:GSpC,高盛优先存托C
169:GSpD,高盛优先存托D
169:GTEK,未来科技领袖股票ETF
169:GTES,Gates Industrial
169:GTLS,查特工业
169:GTN,格雷电视
169:GTN.A,格雷电视A
169:GTO,Invesco总回报债券ETF
169:GTY,Getty Realty
169:GUG,Guggenheim Active
169:GUMI,超短期市政收入ETF
169:GUNR,全球上游自然资源指数
169:GURU,Guru指数ETF
169:GUSA,GBS美国1000指数ETF
169:GUSH,油气开发行业2倍做多
169:GUT,Gabelli Utility Trust
169:GUTpC,Gabelli Utility Trust优先C
169:GVA,花岗岩建筑
169:GVIP,高盛对冲基金VIP指数
169:GVLU,Gotham 1000价值ETF
169:GVUS,罗素1000价值每日上限
169:GWH,ESS Tech
169:GWH.WS,
169:GWRE,Guidewire Software
169:GWW,固安捷
169:GWX,标普发达20亿美元
169:GXC,标普中国BMI指数ETF
169:GXIG,投资级公司债券ETF
169:GXLC,GBS美国500指数ETF
169:GXO,GXO Logistics
169:GXPC,MSCI美国通信服务指数
169:GXPD,美国非必需消费品指数
169:GXPE,MSCI美国能源指数ETF
169:GXPS,MSCI美消费必需品指数
169:GXPT,MSCI美国信息技术指数
169:GXRP,XRP CCIXber参考利率
169:GXUS,全球市场大中型股
169:GYLD,全球综合收益指数
169:H,凯悦酒店
169:HACK,网络防御指数ETF
169:HAE,美国血液技术
169:HAFN,Hafnia
169:HAIL,智能交通指数ETF
169:HAKY,HACK网络安全看涨期权
169:HAL,哈里伯顿
169:HAP,自然资源指数ETF
169:HAPI,CIBC人力资本指数ETF
169:HAPS,人力资本因素小盘股
169:HARD,简化大宗商品No K-1
169:HASI,Hannon Armstrong
169:HAUZ,非美国PK VN房地产ETF
169:HAWX,除美国外对冲美元ETF
169:HAYW,Hayward Holdings
169:HBB,Hamilton Beach
169:HBM,Hudbay Minerals
169:HBRD,美元发达市场混合债券
169:HBTA,地平线探险增强型ETF
169:HCA,HCA Healthcare
169:HCC,Warrior Met Coal
169:HCI,HCI集团
169:HCMT,战术增强美国2倍做多
169:HD,家得宝
169:HDB,HDFC银行
169:HDEF,高股息收益率指数ETF
169:HDG,因素模型-交换系列ETF
169:HDGE,Ranger股票做空ETF
169:HDLB,高股息指数2倍做多ETN
169:HDMV,管理波动率国际开发
169:HDUS,纪律美国股票ETF
169:HDV,晨星股息收益率焦点
169:HE,夏威夷电力
169:HECA,Hedgeye资本配置ETF
169:HEDG,对冲股票ETF
169:HEDJ,欧洲对冲股票指数ETF
169:HEFT,Hedgeye第四转折ETF
169:HEI,海科航空
169:HEI.A,海科航空 A
169:HELO,对冲股票阶梯式叠加
169:HELS,130/30股票ETF
169:HEQ,John Hancock
169:HEQT,简化对冲股票ETF
169:HESM,Hess Midstream
169:HEWJ,日本100%对冲美元ETF
169:HEZU,100%美元对冲指数ETF
169:HF,DGA核心增强绝对收益
169:HFEQ,HFEQ股票做多/做空ETF
169:HFGM,无限HFGM全球宏观
169:HFMF,HFMF管理期货ETF
169:HFND,多策略回报跟踪ETF
169:HFRO,Highland
169:HFROpA,Highland优先A
169:HFROpB,Highland优先B
169:HFXI,富时发展50%美元对冲
169:HG,Hamilton Insurance
169:HGER,量化商品指数ETF
169:HGLB,高地全球配置基金
169:HGRO,对冲优质成长ETF
169:HGTY,Hagerty
169:HGV,希尔顿分时度假俱乐部
169:HHH,Howard Hughes
169:HIBL,高贝塔指数3倍做多ETF
169:HIBS,高贝塔指数3倍做空ETF
169:HIDV,AB美国高股息ETF
169:HIG,哈特福德保险
169:HIGH,简化增效收益ETF
169:HIGpG,哈特福德优先存托G
169:HII,亨廷顿英戈尔斯工业
169:HIMS,Hims & Hers Health
169:HIO,Western Asset High Income Opportunity Fund
169:HIPO,Hippo Holdings
169:HIPS,EQM高收益直通证券ETF
169:HIW,海伍兹物业
169:HIX,Western Asset High
169:HIYY,HIMS期权收益策略ETF
169:HKD,尚乘数科
169:HL,赫克拉矿业
169:HLF,康宝莱
169:HLI,华利安
169:HLIO,Helios Technologies
169:HLLY,Holley
169:HLLY.WS,
169:HLN,Haleon
169:HLT,希尔顿酒店
169:HLX,螺旋能源
169:HLpB,赫克拉矿业优先B
169:HMC,本田
169:HMN,霍勒斯曼恩
169:HMOP,哈特福德市政债券机会
169:HMY,哈莫尼黄金
169:HNGE,Hinge Health
169:HNI,HNI
169:HOG,哈雷戴维森
169:HOLA,国际对冲股票阶梯叠加
169:HOLD,分层1.5倍做多ETF
169:HOMB,Home Bancshares
169:HOMZ,霍亚资本房屋100指数
169:HOOY,HOOD期权收益策略ETF
169:HOOZ,每日目标2倍做空HOOD
169:HOV,霍夫纳尼安
169:HP,赫尔默里奇和佩恩材料
169:HPE,慧与
169:HPEpC,慧与优先C
169:HPF,John Hancock Preferred Income Fund Ii
169:HPI,John Hancock Preferred Income Fund
169:HPP,Hudson Pacific
169:HPPpC,Hudson Pacific优先C
169:HPQ,惠普
169:HPS,John Hancock Preferred Income Fund Iii
169:HQH,Abrdn Healthcare Investors
169:HQL,Abrdn Life Sciences Investors
169:HR,医疗保健房地产信托
169:HRB,HR布洛克服务
169:HRI,Herc Holdings
169:HRL,荷美尔食品
169:HRTG,Heritage Insurance
169:HSBC,汇丰控股
169:HSBH,汇丰对冲美国存托股票
169:HSCZ,小盘对冲美元指数ETF
169:HSHP,Himalaya Shipping
169:HSMV,管理波动性中小型ETF
169:HSY,好时
169:HTAB,税务意识债券ETF
169:HTAX,国家高收益市政债券
169:HTB,Hometrust Bancshares
169:HTD,John Hancock Tax-Advantaged Dividend Income Fund
169:HTEC,医疗技术创新指数ETF
169:HTGC,海格投资
169:HTH,希尔托普控股
169:HTRB,哈特福特总收益债券
169:HTT,High Templar
169:HUBB,哈勃集团
169:HUBS,Hubspot
169:HUM,哈门那
169:HUN,亨斯迈
169:HUSV,平台管理波动
169:HUYA,虎牙
169:HVAC,暖通空调和工业ETF
169:HVT,哈弗蒂家具
169:HVT.A,哈弗蒂家具 A
169:HWM,Howmet Aerospace
169:HXL,赫氏
169:HY,海斯特-耶鲁
169:HYAC,Haymaker
169:HYAC.U,Haymaker-U
169:HYAC.WS,
169:HYBB,美高收益约束指数ETF
169:HYBX,TCW高收益债券ETF
169:HYDW,美元高收益公司低Beta
169:HYEM,美国新兴市场流动性
169:HYFI,AB高收益ETF
169:HYG,Markit美元高收益
169:HYGH,利率对冲高收益债券
169:HYGV,高收益率公司债券指数
169:HYI,Western Asset High Yield
169:HYLB,高收益企业总市场指数
169:HYMB,ICE美国市政债券
169:HYRM,风险管理美元高收益
169:HYS,0-5年美国高收益约束
169:HYSA,美元高收益债券轮动
169:HYSD,Columbia短期高收益
169:HYT,Blackrock Corporate High Yield Fund
169:HYTI,高收益与目标收益
169:HYTR,CP高产趋势指数ETF
169:HYUP,美元高收益公司高Beta
169:HZO,海上麦斯服务
169:IAE,Voya Asia Pacific High Dividend Equity Income Fund
169:IAG,Iamgold
169:IAI,美国精选投资服务指数
169:IAK,美国精选保险指数ETF
169:IAPR,国际开发功率缓冲-4月
169:IAT,美国精选区域银行指数
169:IAU,LBMA黄金价格ETF
169:IAUG,国际开发动力缓冲ETF
169:IAUM,LBMA黄金价格ETF
169:IBCA,彭博2035年12月到期
169:IBD,激发企业债指数
169:IBDR,2026年到期公司ETF
169:IBDS,2027年到期公司ETF
169:IBDT,2028年到期公司ETF
169:IBDU,2029年到期公司ETF
169:IBDV,2030年到期公司ETF
169:IBDW,2031年到期公司ETF
169:IBDX,BBG 2032年到期企业
169:IBDY,2033年12月到期公司
169:IBDZ,2034年12月到期企业
169:IBFR,发达市场管理型10缓冲
169:IBIC,ICE 2026美国国债
169:IBID,ICE 2027美国国债
169:IBIE,ICE 2028美国国债
169:IBIF,ICE 2029美国国债
169:IBIG,ICE 2030美国国债
169:IBIH,ICE 2031美国国债
169:IBII,ICE 2032到期美国国债
169:IBIJ,ICE 2033到期美国国债
169:IBIK,美国通胀挂钩国债指数
169:IBIL,2035到期美国通胀挂钩
169:IBLC,区块链和科技ETF
169:IBM,IBM
169:IBN,印度工业信贷投资银行
169:IBND,全球总市值公司债券
169:IBP,Installed Building
169:IBRN,全球神经制药医疗技术
169:IBTA,Ibotta
169:IBUF,国际发达10缓冲ETF
169:IBUY,EQM在线零售指数ETF
169:ICAP,基础设施资本股票收益
169:ICE,洲际交易所
169:ICL,ICL Group
169:ICOI,COIN期权收益策略ETF
169:ICPI,美债0-1年通胀挂钩
169:ICPY,国际内幕+价值ETF
169:ICRC,CRCL期权收益策略ETF
169:ICRpA,InPoint优先A
169:IDA,IDACORP
169:IDE,"Voya Infrastructure, Industrials & Materials Fund"
169:IDEC,12月国际发达能源缓冲
169:IDEQ,国际动态股票ETF
169:IDEV,MSCI全球除美国IMI
169:IDGT,铁塔REIT和通信设备
169:IDHQ,标普质量开发大中盘股
169:IDLV,标普国际开发低波动率
169:IDMO,标普世界除美国外动能
169:IDNA,基因学和制药指数ETF
169:IDOG,国际部门红利狗ETF
169:IDRV,自动驾驶和电动汽车
169:IDT,万威B
169:IDU,公用事业上限指数ETF
169:IDVO,国际增强型股息收入
169:IDX,MVIS印度尼西亚指数
169:IDYN,股票因子轮换主动ETF
169:IEMG,新兴可投资市场指数
169:IETH,以太坊期权收益ETF
169:IEUR,欧洲可投资市场ETF
169:IEV,标普欧洲350指数ETF
169:IEX,IDEX
169:IEZ,美国精选石油设备服务
169:IFEB,国际发达电力2月缓冲
169:IFED,大盘股美国股票ETN
169:IFF,国际香料香精
169:IFLN,高收益增强堕落天使
169:IFLR,国际发达市场保底ETF
169:IFN,Aberdeen India Fund
169:IFS,Intercorp Financial
169:IG,主要投资级别企业活动
169:IGA,Voya Global Advantage & Premium Opportunity Fund
169:IGBH,利率对冲长期公司债券
169:IGCB,TCW公司债券ETF
169:IGD,Voya Global Equity Dividend & Premium Opportunity Fund
169:IGGY,AB国际成长ETF
169:IGI,Western Asset Investment Grade Opportunity Trust
169:IGLB,10年以上美国公司
169:IGM,北美技术行业指数ETF
169:IGME,GME期权收益策略ETF
169:IGPT,STOXX世界软件开发
169:IGR,Cbre Global Real Estate Income Fund
169:IGTR,标准普尔全球BMI
169:IH,洪恩
169:IHAK,全球网络安全指数ETF
169:IHD,Voya Emerging Markets High Dividend Equity Fund
169:IHDG,国际对冲优质红利增长
169:IHE,美国精选制药指数ETF
169:IHF,美国医疗保健提供商
169:IHG,洲际酒店
169:IHI,美国精选医疗设备指数
169:IHS,IHS Holding
169:IHY,全球发行人高收益约束
169:IIF,Morgan Stanley India Investment Fund
169:IIGD,投资级防御
169:IIIN,Insteel Industries
169:IIM,Invesco Value Municipal Income Trust
169:IIPR,Innovative
169:IIPRpA,Innovative优先A
169:IJAN,国际开发功率缓冲-1月
169:IJH,标普中盘400ETF
169:IJJ,标普中盘400价值ETF
169:IJK,标普中盘400增长ETF
169:IJR,标普小盘600ETF
169:IJS,标普600小盘价值指数
169:IJUL,国际开发功率缓冲-7月
169:IJUN,国际发达电力缓冲ETF
169:ILCB,美国大中盘指数ETF
169:ILCG,美国大中盘增长ETF
169:ILCV,美国大中盘价值ETF
169:ILDR,第一信托创新领导者
169:ILF,标普拉丁美洲40指数
169:ILOW,AB国际低波动股权ETF
169:ILS,灾难性债券ETF
169:ILTB,美国通用10年以上指数
169:IMAR,国际发达电力缓冲3月
169:IMAX,驰能设备
169:IMAY,国际发达电力缓冲-5月
169:IMCB,晨星美国中型股指数
169:IMCG,美国中盘广义增长ETF
169:IMRA,MARA期权收益策略ETF
169:IMST,MSTR期权收益策略ETF
169:IMTB,美国通用5-10年ETF
169:IMTM,世界（美国除外）动量
169:IMVP,印度质量精选指数ETF
169:INCE,收益股票重点ETF
169:INCM,富兰克林收益聚焦ETF
169:INCO,印度消费者指数ETF
169:INDE,Matthews印度活跃ETF
169:INDL,印度指数2倍做多ETF
169:INDS,GPR工业房地产指数ETF
169:INDZ,VanEck印度精选ETF
169:INEQ,国际ESG股票收益
169:INFL,通货膨胀受益人ETF
169:INFO,PanAgora动态大盘股
169:INFQ,Infleqtion
169:INFQ.WS,
169:INFY,印孚瑟斯
169:ING,荷兰国际
169:INGM,Ingram Micro
169:INGR,宜瑞安
169:INKM,道富收益配置ETF
169:INMU,中级市政收入主动ETF
169:INN,Summit Hotel
169:INNpE,Summit Hotel优先E
169:INNpF,Summit Hotel优先F
169:INOV,国际发达电力缓存11月
169:INQQ,INQQ互联网指数ETF
169:INR,Infinity Natural
169:INSP,Inspire Medical
169:INSW,International航道
169:INTF,国际股票因子指数ETF
169:INVG,系统性投资级信用ETF
169:INVH,Invitation Homes
169:INVN,Alger罗素创新指数ETF
169:INVX,Innovex
169:IOCT,国际开发电力缓冲ETF
169:ION,标普全球核心电池金属
169:IONQ,IonQ
169:IONQ.WS,
169:IOO,全球100指数ETF
169:IOPP,塔拉印度机会ETF
169:IOT,Samsara
169:IP,国际纸业
169:IPAC,太平洋可投资市场ETF
169:IPAY,全球数字支付指数ETF
169:IPB,Merrill Lynch Depositor 优先 Series 2003-1
169:IPI,Intrepid Potash
169:IPO,IPO指数ETF
169:IPOS,国际IPO指数ETF
169:IQDF,国际质量红利指数
169:IQDY,国际质量红利动态指数
169:IQHI,MacKay高收益ETF
169:IQI,Invesco Quality Municipal Income Trust
169:IQLT,部门中性质量指数ETF
169:IQMM,GENIUS货币市场ETF
169:IQRA,NYLI世邦魏理仕房地产
169:IQSI,国际股票指数ETF
169:IQSM,美国中盘股票指数ETF
169:IQSU,NYLI美国大盘股指数
169:IQSZ,全球股票净零ETF
169:IQV,艾昆纬
169:IR,英格索兰
169:IRAB,Iris Acquisition
169:IRAB.U,Iris Acquisition-U
169:IRAB.WS,
169:IRE,目标2倍做多IREN ETF
169:IRET,iREIT质量REIT指数ETF
169:IRM,铁山
169:IRS,IRSA Investments
169:IRS.WS,
169:IRT,Independence Realty
169:IRTR,iShares退休ETF
169:IRVH,利率波动通货膨胀对冲
169:ISCB,美国小型股扩展ETF
169:ISCF,STOXX小型股票因子
169:ISCG,美国小型股广义增长
169:ISCV,美国小型股价值扩展
169:ISD,Pgim High Yield Bond Fund
169:ISEP,Innovator电力缓冲9月
169:ISMD,Inspire小型/中型股
169:ISRA,以色列全球指数ETF
169:ISWN,国际黑天鹅指数ETF
169:IT,加特纳
169:ITAN,迷你图无形价值ETF
169:ITDB,iShares目标日期2030
169:ITDC,iShares目标日期2035
169:ITDD,iShares目标日期2040
169:ITDE,iShares目标日期2045
169:ITDF,iShares目标日期2050
169:ITDG,iShares目标日期2055
169:ITDH,iShares目标日期2060
169:ITDI,iShares目标日期2065
169:ITDJ,LifePath目标日期2070
169:ITEQ,以色列全球科技ETF
169:ITGR,Integer Holdings
169:ITOT,标普市场指数-iShares
169:ITT,ITT
169:ITUB,艾涛巴西银行优先存托
169:ITW,伊利诺伊机械
169:IVE,标普500价值指数
169:IVES,人工智能指数ETF
169:IVLU,世界增强价值指数ETF
169:IVOG,标普中盘400增长ETF
169:IVOL,利率波动通货膨胀ETF
169:IVOO,标普中盘400指数ETF
169:IVOV,标普中盘400价值ETF
169:IVR,景顺抵押资本
169:IVRS,晨星全球元宇宙虚拟交
169:IVRpC,景顺抵押资本优先C
169:IVT,Inventrust
169:IVV,标普500指数-iShares
169:IVW,标普500增长指数ETF
169:IVZ,景顺
169:IWB,罗素1000指数ETF
169:IWC,罗素微型市值指数ETF
169:IWD,罗素1000价值指数ETF
169:IWDL,罗素1000价值2倍做多
169:IWF,罗素1000增长指数ETF
169:IWFG,聚焦大盘股成长型ETF
169:IWFL,罗素1000增长2倍做多
169:IWL,罗素200强ETF
169:IWLG,Winslow大盘股增长ETF
169:IWM,罗素2000指数ETF
169:IWML,罗素2000指数2倍做多
169:IWMY,R2000每周分红ETF
169:IWN,罗素2000价值指数ETF
169:IWO,罗素2000增长指数ETF
169:IWP,罗素中盘成长指数ETF
169:IWR,罗素中盘指数ETF
169:IWS,中盘价值指数ETF
169:IWV,罗素3000指数ETF
169:IWX,罗素200强价值ETF
169:IWY,罗素200强增长ETF
169:IX,欧力士
169:IXC,全球1200能源指数
169:IXG,全球1200金融行业指数
169:IXJ,全球1200医疗行业指数
169:IXN,标普全球1200资讯科技
169:IXP,标普全球通信服务上限
169:IYC,罗素1000非必需消费品
169:IYE,罗素能源上限指数ETF
169:IYF,罗素金融每日上限ETF
169:IYG,美国金融服务指数ETF
169:IYH,罗素医疗上限指数ETF
169:IYK,消费品上限指数ETF
169:IYM,基本材料上限指数ETF
169:IYR,美国房地产上限ETF
169:IYW,罗素科技上限指数ETF
169:IYY,道琼斯美国指数
169:J,雅各布工程
169:JA,Henderson AA-A CLO
169:JAAA,AAA CLO ETF
169:JABS,资产支持证券ETF
169:JACS,Jackson Acquisition
169:JACS.U,Jackson Acquisition-U
169:JACSr,
169:JADE,活跃发展中市场股票
169:JAVA,活跃价值ETF
169:JBGS,Jbg Smith
169:JBI,Janus International
169:JBK,Goldman Sachs Capital I 优先
169:JBL,捷普
169:JBND,摩根大通主动债券ETF
169:JBS,JBS
169:JBTM,JBT Marel
169:JCE,Nuveen Core Equity
169:JCHI,摩根大通活跃中国ETF
169:JCI,江森自控
169:JDIV,JPMorgan股息领袖ETF
169:JDST,黄金矿业每日2倍做空
169:JDVI,纪律严明价值国际精选
169:JDVL,纪律性价值精选ETF
169:JEDI,BITA无人机&战争指数
169:JEF,杰富瑞金融
169:JELD,Jeld-wen Holding
169:JEMB,新兴市场债务硬通货
169:JENA,Jena II
169:JENA.U,Jena II-U
169:JENAr,
169:JEPI,股票溢价收益ETF
169:JETD,优质航空3倍做空
169:JETS,全球喷气机指数ETF
169:JETU,航空公司3倍做多
169:JFLI,摩根大通灵活收益ETF
169:JFLX,摩根灵活债ETF
169:JFR,Nuveen Floating Rate Income Fund
169:JGH,Nuveen Global High Income Fund
169:JGRO,摩根大通积极增长ETF
169:JGRW,Jensen质量增长ETF
169:JHAC,基本全盘核心ETF
169:JHCB,约翰汉考克公司债券
169:JHCP,John Hancock核心加债
169:JHCR,John Hancock核心债券
169:JHDV,美国高股息ETF
169:JHEM,维度新兴市场指数
169:JHG,骏利亨德森集团
169:JHHY,John Hancock高收益
169:JHI,John Hancock Investors Trust
169:JHID,国际高股息ETF
169:JHLN,全球高级贷款ETF
169:JHMB,美国MBS指数ETF
169:JHMD,维度发达国际指数ETF
169:JHML,维度大盘股指数ETF
169:JHMM,维度中盘股指数ETF
169:JHMU,动态市政债券ETF
169:JHPI,优先收益ETF
169:JHS,John Hancock Income Securities Trust
169:JHSC,维度小盘股指数ETF
169:JHX,詹姆斯哈迪
169:JIDE,摩根大通国际动态ETF
169:JIG,摩根大通国际成长ETF
169:JIII,Janus Henderson收益
169:JILL,J.Jill
169:JIRE,摩根士丹利欧澳远东
169:JKS,晶科能源
169:JLL,仲量联行
169:JLQD,Janus公司债ETF
169:JLS,Nuveen Mortgage & Income Fund
169:JMBS,抵押贷款证券ETF
169:JMEE,中小型股增强股票ETF
169:JMHI,摩根大通高收益市政
169:JMIA,Jumia Technologies
169:JMM,Nuveen Multi-Market Income Fund
169:JMMF,100%美国国债证券货币
169:JMOM,摩根大通美国动量因素
169:JMSI,摩根大通市政收入ETF
169:JMTG,抵押贷款支持证券ETF
169:JNJ,强生
169:JNK,高收益非常流动性ETF
169:JNUG,黄金矿业指数2倍做多
169:JOBY,Joby Aviation
169:JOBY.WS,
169:JOE,圣乔
169:JOET,美国质量动量指数ETF
169:JOF,Japan Smaller Capitalization Fund
169:JOJO,ATAC信用轮换ETF
169:JPAN,Matthews日本活跃ETF
169:JPC,Nuveen Preferred & Income Opportunities Fund
169:JPEM,多元化因素新兴市场
169:JPIE,摩根大通收益ETF
169:JPIN,多元化因素国际股票
169:JPM,摩根大通
169:JPMB,新兴市场风险意识债券
169:JPME,多元化因素美国中盘股
169:JPMpC,摩根大通优先存托EE
169:JPMpD,摩根大通优先存托D
169:JPMpJ,摩根大通优先存托J
169:JPMpK,摩根大通优先存托K
169:JPMpL,摩根大通优先存托LL
169:JPMpM,摩根大通优先存托MM
169:JPO,JP期权收益策略
169:JPRE,房地产收益ETF
169:JPSE,美国小盘股指数ETF
169:JPST,美国国库券指数ETF
169:JPSV,罗素2000价值指数ETF
169:JPUS,多元化因素美国股票
169:JPXN,JPX-Nikkei指数400ETF
169:JQC,Nuveen Credit Strategies Income Fund
169:JQUA,摩根大通美国质量因素
169:JRE,房地产投资信托基金
169:JRI,Nuveen Real Asset Income & Growth Fund
169:JRS,Nuveen Real Estate Income Fund
169:JSCP,摩根大通短期核心附加
169:JSI,Janus证券化收益ETF
169:JSTC,社会正义全球全市值
169:JUSA,JPMorgan增强型大盘股
169:JUST,美国大盘多元化指数
169:JVAL,摩根大通美国价值因素
169:JXI,全球1200公用事业指数
169:JXN,Jackson Financial
169:JXNpA,Jackson优先存托A
169:KAI,凯登纸业
169:KARS,彭博电动汽车指数ETF
169:KB,韩国国民银行
169:KBA,MSCI中国A50互联互通
169:KBDC,Kayne Anderson
169:KBE,标普银行精选性行业
169:KBFR,美国小盘管理10缓冲
169:KBH,KB Home
169:KBR,KBR科技
169:KBUF,90%KWEB定义结果2027
169:KCAC.U,Kensington Capital-U
169:KCAI,Qi中国阿尔法指数ETF
169:KCCA,标普碳信用CCA指数
169:KCE,标普资本市场精选行业
169:KCSH,可持续精选0-1年美元
169:KD,Kyndryl Holdings
169:KDEF,PLUS韩国国防工业指数
169:KDRN,Kingsbarn战术债券ETF
169:KDVD,Keeley股息ETF
169:KEMQ,消费者技术指数ETF
169:KEMX,新兴市场不含中国ETF
169:KEN,Kenon Holdings
169:KEP,韩国电力
169:KEX,卡比海运
169:KEY,Keycorp
169:KEYS,是德科技
169:KEYpI,美国科凯优先存托E
169:KEYpJ,美国科凯优先存托F
169:KEYpK,美国科凯优先存托G
169:KEYpL,美国科凯优先存托H
169:KF,Korea Fund
169:KFRC,K力
169:KFS,汇富金融服务
169:KFY,光辉国际
169:KGC,金罗斯黄金
169:KGRN,MSCI中国IMI环境10/40
169:KGS,Kodiak Gas
169:KHYB,亚太高收益美元债券
169:KIE,保险精选行业指数ETF
169:KIM,金克地产
169:KIMpL,金克地产优先存托L
169:KIMpM,金克地产优先存托M
169:KIMpN,金克地产优先存托N
169:KIO,KKR Income
169:KKR,Kkr
169:KKRpD,Kkr优先D
169:KLAR,Klarna
169:KLC,KinderCare Learning
169:KLIP,KWEB备兑看涨策略ETF
169:KLMN,MSCI气候500北美指数
169:KLMT,MSCI ACWI气候500指数
169:KMI,金德尔摩根
169:KMID,Virtus KAR中型股ETF
169:KMLM,管理期货策略指数ETF
169:KMPR,Kemper
169:KMT,肯纳金属
169:KMX,车美仕
169:KN,Knowles
169:KNCT,STOXX世界NexGen连接
169:KNF,Knife River
169:KNO,AXS知识领袖ETF
169:KNOP,KNOT Offshore
169:KNRG,Simplify能源信贷ETF
169:KNSL,Kinsale Capital
169:KNTK,Kinetik Holdings
169:KNX,Knight-Swift
169:KO,可口可乐
169:KODK,柯达
169:KOF,可口可乐凡萨瓶装
169:KOKU,Kokusai指数ETF
169:KOLD,天然气指数两倍做空
169:KOMP,新经济综合指数ETF
169:KOOL,北岸股票轮动ETF
169:KOP,科佩斯控股
169:KORE,KORE Group Holdings
169:KORP,世纪多元化公司债券
169:KORU,韩25/50每日3倍做多
169:KOS,Kosmos Energy
169:KPHO,越南成长指数ETF
169:KPRO,100%KWEB定义结果2027
169:KR,克罗格
169:KRBN,标普全球碳信用指数
169:KRC,吉劳埃地产
169:KRE,区域银行精选行业ETF
169:KREF,KKR房地产金融信托
169:KREFpA,KKR房地产优先A
169:KRG,凯特地产信托
169:KRMN,Karman Holdings
169:KRO,康诺斯全球
169:KRP,Kimbell Royalty
169:KRSP,Rice 3
169:KRSP.U,Rice 3-U
169:KRSP.WS,
169:KRYP,CoinDesk 20指数ETF
169:KSA,沙特阿拉伯IMI 25/50
169:KSPY,对冲股票指数ETF
169:KSS,科尔士百货
169:KSTR,上证科创板50指数ETF
169:KT,韩国电信
169:KTB,Kontoor Brands
169:KTEC,恒生科技指数ETF
169:KTF,Dws Municipal Income Trust
169:KTH,Structured Products 优先
169:KTN,Structured Products 优先 8%
169:KURE,MSCI中国全部股票医疗
169:KVLE,Value Line红利指数
169:KVUE,Kenvue
169:KVYO,Klaviyo
169:KW,Kennedy-Wilson
169:KWEB,中证海外中国互联网
169:KWIN,另类收入指数ETF
169:KWR,奎克化学
169:KXI,全球消费行业指数ETF
169:KYN,Kayne Anderson Energy Infrastructure Fund
169:L,洛斯保险
169:LABD,技术精选行业3倍做空
169:LABU,生物技术行业3倍做多
169:LAC,Lithium
169:LAD,利西亚车行
169:LADR,Ladder Capital
169:LALT,首个信托多策略ETF
169:LANV,复朗集团
169:LANV.WS,
169:LAR,Lithium Argentina
169:LAW,CS Disco
169:LAZ,Lazard
169:LB,LandBridge
169:LBAY,多头/空头另类收益ETF
169:LBRT,Liberty Energy
169:LC,Lendingclub
169:LCII,LCI Industries
169:LCLG,广泛创新增长ETF
169:LCO,LOGIQ逆向机会ETF
169:LCR,Leuthold核心ETF
169:LCTD,全球除美国碳转型准备
169:LCTU,美国碳转型准备主动型
169:LDI,loanDepot
169:LDOS,Leidos Holdings
169:LDP,Cohen & Steers Ltd Duration Preferred & Income Fund
169:LDRC,1-5年企业阶梯指数ETF
169:LDRH,1-5年高收益阶梯指数
169:LDRI,iBonds1-5年TIPS指数
169:LDRT,1-5年期国债阶梯ETF
169:LDUR,PIMCO增强型主动交易
169:LEA,李尔
169:LEG,礼恩派
169:LEMB,多元化上下限指数ETF
169:LEN,莱纳
169:LEN.B,莱纳B
169:LEO,Bny Mellon Strategic Municipals
169:LEU,Centrus Energy
169:LEVI,李维斯
169:LFEQ,美国大盘长/平指数ETF
169:LFGY,YieldMax组合期权收益
169:LFT,Lument Finance
169:LFTpA,Lument Finance优先A
169:LGDX,标普大盘股多元化
169:LGH,Defender 500指数ETF
169:LGHT,Langar全球健康科技
169:LGI,Lazard全球收入基金
169:LGLV,大盘低波动率指数ETF
169:LGOV,First Trust长期机会
169:LH,徕博科
169:LHX,L3Harris
169:LII,雷诺士
169:LION,Lionsgate Studios
169:LIT,全球锂指数ETF
169:LITB,兰亭集势
169:LITL,美国小型股PLUS收益
169:LLDR,富时美国国债10-30年
169:LLY,礼来
169:LLYX,LLY每日目标2倍做多
169:LMBO,分布式账本2倍做多
169:LMND,Lemonade
169:LMT,洛克希德马丁
169:LMUB,ICE美国多倍全国市政
169:LNC,林肯国民
169:LNCpD,林肯国民优先存托D
169:LND,巴西农业不动产
169:LNG,Cheniere Energy
169:LNGX,美国天然气指数ETF
169:LNN,林赛
169:LOAR,Loar
169:LOB,Live Oak Bancshares
169:LOBpA,Live Oak Bancshares优先存托A
169:LOCL,Local Bounti
169:LODI,SLC低久期收入ETF
169:LOMA,Loma Negra
169:LONZ,PIMCO高级贷款活跃ETF
169:LOPP,Planet & People ETF
169:LOUP,深水前沿技术指数ETF
169:LOW,劳氏
169:LOWV,AB美国低波动股票ETF
169:LPG,Dorian LPG
169:LPL,LG Display
169:LPRE,房地产精选ETF
169:LPX,路易斯安那太平洋
169:LQAI,人工智能美国大盘核心
169:LQD,流动投资等级指数ETF
169:LQDB,美元流动性投资等级
169:LQDH,利率对冲公司债券ETF
169:LQIG,投资级400公司债券
169:LQPE,PEO主题私募股权ETF
169:LQTI,投资级和目标收益
169:LRGC,AB美国大型股战略股票
169:LRGF,美国股票因子指数ETF
169:LRGG,聚焦大盘成长ETF
169:LRN,Stride
169:LRNZ,技术智能深度学习ETF
169:LSAF,美国核心股票指数
169:LSAT,AlphaFactor战术重点
169:LSEQ,Harbor长短期股权ETF
169:LSGR,聚焦成长型ETF
169:LSPD,Lightspeed
169:LST,Leuthold选择行业
169:LSVD,LSV纪律价值ETF
169:LTAX,Nomura免税美国ETF
169:LTC,LTC Properties
169:LTH,Life Time Group
169:LTL,标普通信服务两倍做多
169:LTM,LATAM Airlines
169:LTPZ,ICE 15年期美国国债
169:LTTI,20年以上国债与目标
169:LU,陆控
169:LUCK,Lucky Strike
169:LUMN,Lumen Technologies
169:LUV,西南航空
169:LUXE,全球奢侈品50指数ETF
169:LVLN,标普美元精选杠杆贷款
169:LVS,金沙集团
169:LVWR,LiveWire Group
169:LVWR.WS,
169:LW,蓝威斯顿控股
169:LXFR,Luxfer Holdings
169:LXP,LXP Industrial Trust
169:LXPpC,LXP Industrial优先C
169:LXU,LSB Industries
169:LYB,利安德巴塞尔
169:LYG,劳埃德银行
169:LYV,Live Nation
169:LZB,La-Z-Boy
169:LZM,Lifezone Metals
169:LZM.WS,
169:M,梅西百货
169:MA,万事达
169:MAA,MAA房产信托
169:MAApI,MAA房产信托优先I
169:MAC,马塞里奇房产
169:MADE,标普美国制造业ETF
169:MAGG,Madison综合债券ETF
169:MAGN,Magnera
169:MAIN,Main Street Capital
169:MAKX,标普智能工厂指数ETF
169:MAN,万宝盛华
169:MANE,VeraDermics
169:MANI,Man积极收益ETF
169:MANU,曼联
169:MAPP,ICE美银3个月国债
169:MARB,第一信托合并套利ETF
169:MARO,MARA期权收益
169:MAS,马斯可木业
169:MATV,Mativ Holdings
169:MATX,美森
169:MAVF,Matrix Advisors价值
169:MAX,Mediaalpha
169:MBC,MasterBrand
169:MBI,Mbia
169:MBOX,自由日股息ETF
169:MBSD,期限美国抵押支持证券
169:MBSF,Regan浮动利率MBS ETF
169:MBSX,Regan固定利率MBS ETF
169:MC,Moelis A
169:MCB,Metropolitan
169:MCD,麦当劳
169:MCH,中国活跃ETF
169:MCI,Barings Corporate Investors
169:MCK,麦克森
169:MCN,XAI Madison Equity Premium Income Fund
169:MCO,穆迪
169:MCR,Mfs Charter Income Trust
169:MCS,马库斯
169:MCY,默邱利通用
169:MD,Pediatrix Medical
169:MDA,MDA Space
169:MDAA,动态资产配置ETF
169:MDST,核心增强型中收入ETF
169:MDT,美敦力
169:MDU,MDU Resources Group
169:MDV,Modiv
169:MDVpA,Modiv优先A
169:MDY,标普中盘400ETF
169:MDYG,标普中盘400增长ETF
169:MDYV,标普中盘400价值ETF
169:MEC,Mayville Engineering
169:MED,快验保
169:MEDI,罗素3000增长保健
169:MEG,Montrose
169:MEGI,NYLI CBRE
169:MEI,Methode Electronics
169:MEM,新兴市场股票活跃ETF
169:MEME,Roundhill迷因股ETF
169:MEMX,新兴市场活跃ETF
169:MET,大都会人寿
169:METV,Ball元逆指数ETF
169:METpA,大都会人寿优先A
169:METpE,大都会人寿优先存托E
169:METpF,大都会人寿优先存托F
169:MEXX,墨西哥IMI指数3倍做多
169:MFA,MFA Financial
169:MFApB,MFA Financial优先B
169:MFApC,MFA Financial优先C
169:MFC,宏利金融
169:MFDX,RAFI动态多因素发展
169:MFEM,多因素新兴市场指数
169:MFG,瑞穗金融
169:MFM,Mfs Municipal Income Trust
169:MFSB,MFS主动核心增强债券
169:MFSG,MFS主动增长ETF
169:MFSI,MFS主动国际ETF
169:MFSM,MFS主动中期市政债券
169:MFSV,MFS主动价值ETF
169:MFUS,动态多因素美国指数
169:MG,Mistras Group
169:MGA,麦格纳国际
169:MGC,CRSP美国超级大盘ETF
169:MGF,Mfs Government
169:MGK,美国超级大盘增长ETF
169:MGM,美高梅
169:MGMT,Ballast中小盘股ETF
169:MGNR,GLG自然资源ETF
169:MGOV,First Trust政府机会
169:MGV,CRSP美国超级市值
169:MGY,Magnolia Oil & Gas
169:MH,McGraw Hill
169:MHD,Blackrock Muniholdings Fund
169:MHF,Western Asset Municipal High Income Fund
169:MHK,莫霍克工业
169:MHO,MI 家居
169:MHY,Man积极高收益ETF
169:MIAX,Miami International
169:MICC,梦龙
169:MID,美国中型股增长ETF
169:MIDE,标普中型股400
169:MIDU,标普中盘3倍做多ETF
169:MIGO,MIG核心ETF
169:MIN,Mfs Intermediate Income Trust
169:MINO,市政股票型基金ETF
169:MINT,增强型短期活跃ETF
169:MINV,亚洲创新者活跃ETF
169:MINY,战略金属与矿业投资
169:MIR,Mirion Technologies
169:MISL,航空航天和国防
169:MITT,TPG Mortgage
169:MITTpA,TPG Mortgage优先A
169:MITTpB,TPG Mortgage优先B
169:MITTpC,TPG Mortgage优先C
169:MIY,Blackrock Muniyield Michigan Quality Fund
169:MJ,主要替代收获指数ETF
169:MJSC,MUFG日本小盘主动ETF
169:MKC,味好美
169:MKC.V,味好美 V
169:MKL,Markel Group
169:MKOR,Matthews韩国活跃ETF
169:MKTN,MDT市场中性ETF
169:MLDR,富时美国国债3-10年
169:MLI,木勒工业
169:MLM,马丁-玛丽埃塔材料
169:MLP,毛伊岛菠萝食品
169:MLPA,MLP基础设施指数ETF
169:MLPB,MLP基础设施指数ETN
169:MLPD,MLPX ATM买写指数
169:MLPR,MLP指数1.5倍做多ETN
169:MLPX,MLP和能源基础设施
169:MLR,Miller Industries
169:MMCA,加州市政中期ETF
169:MMD,NYLI MacKay
169:MMI,马库斯米利查普
169:MMID,MFS主动中型股ETF
169:MMIN,MacKay市政债券ETF
169:MMIT,NYLI市政中期债券ETF
169:MMK,道富Prime货币市场
169:MMKT,德州资本政府货币市场
169:MMLG,多经理快速成长ETF
169:MMM,3M
169:MMMA,MacKay市政配置ETF
169:MMS,马克西姆斯服务
169:MMSC,罗素2000增长指数ETF
169:MMSD,MacKay市政短久期ETF
169:MMT,Mfs Multimarket Income Trust
169:MMTM,标普1500正动能倾斜
169:MMU,Western Asset Managed Municipals Fund
169:MNA,NYLI并购套利指数
169:MNBD,ALPS中级市政债券ETF
169:MNR,Mach Natural
169:MNRS,Grayscale Bitcoin Miners ETF
169:MNSO,名创优品
169:MNTN,MNTN
169:MO,奥驰亚集团
169:MOD,摩丁制造
169:MOG.A,穆格A
169:MOG.B,穆格B
169:MOGU,蘑菇街
169:MOH,Molina Healthcare
169:MOO,MVIS全球农业指数ETF
169:MORT,美国房地产指数ETF
169:MOS,美国美盛
169:MOTO,智能交通科技ETF
169:MOV,摩凡陀
169:MP,MP Materials
169:MPA,Blackrock Muniyield Pennsylvania Quality Fund
169:MPC,马拉松原油
169:MPL,目标2倍做多MP ETF
169:MPLX,Mplx
169:MPT,Medical Properties
169:MPV,Barings Participation Investors
169:MPX,海洋产品
169:MQY,Blackrock Muniyield Quality Fund
169:MRK,默沙东
169:MRNX,每日目标2倍做多MRNA
169:MRNY,MRNA期权收益策略ETF
169:MRP,Millrose Properties
169:MRSH,威达信
169:MRSK,股票管理风险ETF
169:MS,摩根士丹利
169:MSA,MSA Safety
169:MSB,美莎比信托
169:MSC,新濠影汇
169:MSCI,明晟
169:MSD,Morgan Stanley Emerging Markets Debt Fund
169:MSDL,Morgan Stanley Direct Lending Fund
169:MSFO,MSFT期权收益策略ETF
169:MSGE,Madison Square
169:MSGS,麦迪逊广场花园体育
169:MSI,摩托罗拉解决方案
169:MSIF,MSC Income
169:MSLC,Morgan路径大盘股ETF
169:MSM,MSC Industrial Direct
169:MSOS,纯美国大麻ETF
169:MSOX,MSOS每日杠杆2倍做多
169:MSSM,Morgan中小盘股etf
169:MSTI,Madison短期策略收益
169:MSTY,MSTR期权收益策略ETF
169:MSpA,摩根士丹利优先存托A
169:MSpE,摩根士丹利优先存托E
169:MSpF,摩根士丹利优先存托F
169:MSpI,摩根士丹利优先存托I
169:MSpK,摩根士丹利优先存托K
169:MSpL,摩根士丹利优先存托L
169:MSpO,摩根士丹利优先存托O
169:MSpP,摩根士丹利优先存托P
169:MSpQ,摩根士丹利优先存托Q
169:MT,安赛乐米塔尔
169:MTAL.U,Metals II-U
169:MTB,美国制商银行
169:MTBA,简化MBS ETF
169:MTBpH,美国制商银行优先H
169:MTBpJ,美国制商银行优先存托J
169:MTBpK,美国制商银行优先存托K
169:MTD,梅特勒-托利多
169:MTDR,Matador Resources
169:MTG,Mgic Investment
169:MTGP,抵押加债券基金ETF
169:MTH,Meritage Homes
169:MTN,Vail Resorts
169:MTR,Mesa Royalty Trust
169:MTRN,Materion
169:MTUL,美国动量指数2倍做多
169:MTUS,Metallus
169:MTW,马尼托沃克
169:MTX,Minerals
169:MTZ,MasTec
169:MUA,Blackrock Muniassets Fund
169:MUB,美国国家市政指数ETF
169:MUC,Blackrock Muniholdings California Quality Fund
169:MUFG,三菱日联金融
169:MUJ,Blackrock Muniholdings New Jersey Quality Fund
169:MUNA,2030免税分配阶梯ETF
169:MUNB,2035免税分配阶梯ETF
169:MUNC,2045免税分配阶梯ETF
169:MUND,2055免税分配阶梯ETF
169:MUNI,中级市政债券活跃ETF
169:MUNX,GW&K市政收入ETF
169:MUR,墨菲石油
169:MUSA,墨菲美国
169:MUSE,TCW多部门信贷收益ETF
169:MUSI,美国世纪多部门收入
169:MUSQ,MUSQ全球音乐产业指数
169:MUST,Beta多行业市政债券
169:MUX,McEwen
169:MVO,Mv Oil Trust
169:MVPA,增值ETF
169:MVPL,价值合作伙伴2倍做多
169:MVRL,房地产指数1.5做多ETN
169:MVV,标普中盘400两倍做多
169:MWA,Mueller Water Products
169:MX,美格纳半导体
169:MXE,Mexico Equity & Income Fund
169:MXF,Mexico Fund
169:MXI,全球1200材料行业指数
169:MYE,迈尔斯
169:MYI,Blackrock Muniyield Quality Fund III
169:MYN,Blackrock Muniyield New York Quality Fund
169:MYY,标普中盘400做空ETF
169:MZYX.U,MOZAYYX Acquisition-U
169:MZZ,标普中盘400两倍做空
169:NABL,N-able
169:NAC,Nuveen California Quality Municipal Income Fund
169:NACP,晨星少数民族赋权指数
169:NAD,Nuveen Quality Municipal Income Fund
169:NAIL,住房建设每日3倍做多
169:NAN,Nuveen New York Quality Municipal Income Fund
169:NANR,BMI北美自然资源指数
169:NAT,Nordic American
169:NATL,NCR Atleos
169:NAZ,Nuveen Arizona Quality Municipal Income Fund
169:NBB,Nuveen Taxable
169:NBCE,中国股票ETF
169:NBCM,商品策略ETF
169:NBCR,核心股票ETF
169:NBDS,Neuberger颠覆者ETF
169:NBET,能源转型基础设施ETF
169:NBFC,灵活授信收益ETF
169:NBFR,100管理型10缓冲ETF
169:NBGX,Neuberger成长ETF
169:NBHC,National Bank
169:NBIE,国际核心股票ETF
169:NBJP,日本股票ETF
169:NBOS,期权策略ETF
169:NBR,纳伯斯工业
169:NBSD,短期收益ETF
169:NBSM,Neuberger中小型股ETF
169:NBTR,Berman总回报债券ETF
169:NBXG,Neuberger Next
169:NC,NACCO Industries
169:NCA,Nuveen California Municipal Value Fund
169:NCDL,Nuveen Churchill Direct Lending
169:NCLH,挪威邮轮
169:NCLO,Nuveen AA-BBB CLO
169:NCV,Virtus Convertible & Income Fund
169:NCVpA,Virtus Convertible & Income Fund优先A
169:NCZ,Virtus Convertible & Income Fund Ii
169:NCZpA,Virtus Convertible & Income Fund Ii优先A
169:NDIA,Global X印度活跃ETF
169:NDIV,自然资源红利收益指数
169:NDMO,Nuveen Dynamic Municipal Opportunities Fund
169:NDVG,Nuveen股息增长ETF
169:NE,Noble
169:NE.WS,
169:NE.WS.A,
169:NEA,Nuveen Amt-free
169:NEE,新纪元能源
169:NEEpS,新纪元能源S-U
169:NEEpT,新纪元能源T-U
169:NEEpV,新纪元能源V-U
169:NEM,纽蒙特
169:NEMD,新兴市场债务硬通货
169:NET,Cloudflare
169:NETL,基本收益净租赁房地产
169:NEU,纽马克特
169:NEXA,Nexa Resources
169:NFG,National Fuel Gas
169:NFJ,"Virtus Dividend, Interest & Premium Strategy Fund"
169:NFLT,多部门债券ETF
169:NFLY,NFLX期权收益策略ETF
169:NFRA,全球广泛基础设施
169:NGG,英国电力
169:NGL,NGL Energy Partners
169:NGLpB,NGL Energy优先B
169:NGLpC,NGL Energy优先C
169:NGS,Natural Gas Services
169:NGVC,Natural Grocers
169:NGVT,Ingevity
169:NHI,National Health
169:NHYB,ICE美高收益约束指数
169:NHYM,Nuveen高收益市政
169:NI,尼索思
169:NIC,Nicolet Bankshares
169:NIE,Virtus Equity & Convertible Income Fund
169:NIM,Nuveen Select Maturities Municipal Fund
169:NIO,蔚来
169:NIQ,NIQ Global
169:NITE,夜景基金
169:NJNK,Columbia美国高收益
169:NJR,新泽西能源
169:NKE,耐克
169:NKX,Nuveen California Amt-Free Quality Municipal Income Fund
169:NL,NL Industries
169:NLOP,Net Lease Office
169:NLR,全球铀和核能指数ETF
169:NLY,Annaly Capital
169:NLYpF,Annaly Capital优先F
169:NLYpG,Annaly Capital优先G
169:NLYpI,Annaly Capital优先I
169:NLYpJ,Annaly Capital优先J
169:NMAI,Nuveen Multi-Asset
169:NMAX,Newsmax
169:NMB,简化国家市政债券ETF
169:NMBL,NovaTide灵活配置ETF
169:NMCO,Nuveen Municipal
169:NMG,Nouveau Monde
169:NMI,Nuveen Municipal Income Fund
169:NMM,Navios Maritime
169:NMR,野村控股
169:NMS,Nuveen Minnesota Quality Municipal Income Fund
169:NMT,Nuveen Massachusetts Quality Municipal Income Fund
169:NMZ,Nuveen Municipal High Income Opportunity Fund
169:NNI,Nelnet
169:NNN,NNN REIT
169:NNY,Nuveen New York Municipal Value Fund
169:NOA,北美建筑
169:NOAH,诺亚控股
169:NOC,诺斯罗普·格鲁曼
169:NOG,Northern Oil and Gas
169:NOK,诺基亚
169:NOM,Nuveen Missouri Quality Municipal Income Fund
169:NOMD,Nomad Foods
169:NORW,挪威IMI25/50指数ETF
169:NOTE,FiscalNote Holdings
169:NOTE.WS,
169:NOV,NOV
169:NOW,ServiceNow
169:NP,尼拿纸业
169:NPB,Northpointe
169:NPCT,Nuveen Core Plus
169:NPFD,Nuveen Variable Rate
169:NPK,帕斯托工业
169:NPKI,新园国际
169:NPO,Enpro
169:NPV,Nuveen Virginia Quality Municipal Income Fund
169:NPWR,NET Power
169:NPWR.WS,
169:NQP,Nuveen Pennsylvania Quality Municipal Income Fund
169:NRDY,Nerdy
169:NREF,Nexpoint Real Estate
169:NREFpA,Nexpoint Real优先A
169:NRG,NRG能源
169:NRGD,大石油指数3倍做空ETN
169:NRGU,大石油指数3倍做多ETN
169:NRGV,Energy Vault
169:NRK,Nuveen New York Amt-Free Quality Municipal Income Fund
169:NRP,Natural Resource
169:NRSH,北美近岸价格回报
169:NRT,北欧皇家石油信托
169:NSA,National Storage
169:NSApA,National优先A
169:NSApB,National优先B
169:NSC,诺福克南方
169:NSCI,资产证券化收益ETF
169:NSP,Insperity
169:NTB,毕达菲尔特银行
169:NTR,Nutrien
169:NTSE,新兴市场1.5倍做多
169:NTSI,核心基金1.5倍做多
169:NTST,Netstreit
169:NTSX,美国高效1.5倍做多
169:NTZ,纳图兹家具
169:NU,Nu Holdings
169:NUAG,增强收益美国广泛债券
169:NUBD,美国综合ESG选择指数
169:NUE,纽柯钢铁
169:NUGO,Nuveen增长机会ETF
169:NUGT,黄金矿业2倍做多ETF
169:NUHY,高收益ESG精选指数ETF
169:NUKX,尼古拉斯核子收入ETF
169:NUKZ,核复兴指数ETF
169:NUMI,Nuveen市政收入ETF
169:NUS,如新集团
169:NUSA,彭博MSCI 1-5美国ESG
169:NUV,Nuveen Municipal Value Fund
169:NUVB,Nuvation Bio
169:NUW,Nuveen Amt-Free Municipal Value Fund
169:NVDB,2倍做多NVDA
169:NVDY,NVDA期权收益策略ETF
169:NVG,Nuveen Amt-Free
169:NVGS,Navigator Holdings
169:NVIR,Horizon能源及整治ETF
169:NVO,诺和诺德
169:NVOH,Novo Nordisk A/S
169:NVOX,NVO每日目标2倍做多
169:NVR,NVR
169:NVRI,Enviri
169:NVS,诺华
169:NVST,Envista Holdings
169:NVT,nVent Electric
169:NWAX,New America
169:NWAX.U,New America-U
169:NWAX.WS,
169:NWG,NatWest Group
169:NWLG,Winslow大盘成长股ESG
169:NWN,西北天然气
169:NX,Quanex
169:NXDR,Nextdoor Holdings
169:NXDT,NP多元化房地产信托
169:NXDTpA,NP多元化房地产信托优先A
169:NXE,Nexgen Energy
169:NXG,NXG NextGen
169:NXJ,Nuveen New Jersey Quality Municipal Income Fund
169:NXP,Nuveen Select Tax Free Income Portfolio
169:NXRT,Nexpoint Residential
169:NXTE,AXS绿色阿尔法ETF
169:NXUS,彭博除美元对冲指数
169:NYC,American Strategic
169:NYF,纽约市政指数ETF
169:NYM,AB纽约中级市政ETF
169:NYT,纽约时报
169:NZF,Nuveen Municipal Credit Income Fund
169:O,Realty Income
169:OACP,核心Plus债券ETF
169:OAEM,OneAscent新兴市场
169:OAIM,国际股票交易所买卖
169:OAKG,Oakmark全球大盘股ETF
169:OAKI,Oakmark国际大盘股ETF
169:OAKM,Oakmark美国大盘股ETF
169:OAKpA,Brookfield Oaktree优先A
169:OAKpB,Brookfield Oaktree优先B
169:OALC,OneAscent大盘核心ETF
169:OARK,创新期权收益策略
169:OASC,增强型中小盘ETF
169:OBDC,Blue Owl Capital
169:OBK,Origin Bancorp
169:OBOR,MSCI基础设施暴露指数
169:OC,欧文斯科宁
169:OCIO,ClearShares OCIO ETF
169:ODC,美国石油勘探
169:ODHY,Obra防御性高收益ETF
169:ODV,Osisko Development
169:OEC,Orion
169:OEF,标普100指数
169:OEFA,O'Shares欧洲优质股息
169:OEI,优化权益收益ETF
169:OFG,OFG
169:OFRM,"Once Upon a Farm, PBC"
169:OGCP,Empire State-U 60
169:OGE,OGE Energy
169:OGIG,全球互联网巨头ETF
169:OGN,Organon
169:OGS,One Gas
169:OGSP,高等级结构性产品ETF
169:OHI,Omega Healthcare
169:OI,欧文斯伊利诺斯玻璃
169:OIA,Invesco Municipal Income Opportunities Trust
169:OIH,美国上市石油服务25
169:OII,国际海洋工程
169:OILD,油气勘探生产三倍做空
169:OILT,德州石油天然气
169:OILU,勘探和生产3倍做多
169:OIS,Oil States
169:OKE,欧尼克(万欧卡)
169:OKLO,Oklo
169:OKLS,每日目标2倍做空OKLO
169:OLN,欧林
169:OLP,One Liberty
169:OMAH,目标15伯克希尔精选
169:OMC,宏盟集团
169:OMF,OneMain Holdings
169:OND,随需应变指数ETF
169:ONEO,动态聚焦因子指数ETF
169:ONEV,低波动率聚焦因子指数
169:ONEY,罗素1000收益聚焦因子
169:ONIT,Onity Group
169:ONL,Orion Properties
169:ONLN,ProShares在线零售
169:ONOF,美国风险管理指数ETF
169:ONON,昂跑
169:ONTF,ON24
169:ONTO,Onto Innovation
169:OOMA,Ooma
169:OOSP,机会型结构性产品ETF
169:OPAD,Offerpad Solutions
169:OPER,ClearShares超短期
169:OPFI,OppFi
169:OPFI.WS,
169:OPLN,OPENLANE
169:OPP,R/D战略机会基金
169:OPPE,欧洲机会指数ETF
169:OPPpA,R/D战略机会基金优先A
169:OPPpB,R/D战略机会基金优先B
169:OPTU,Optimum
169:OPY,奥本海默控股
169:OR,Osisko Gold
169:ORA,奥玛特科技
169:ORC,Orchid Island
169:ORCL,甲骨文
169:ORCLpD,甲骨文优先存托D
169:ORI,Old Republic
169:ORN,Orion Group Holdings
169:OSCR,Oscar Health
169:OSEA,Harbor国际混合者ETF
169:OSG,Octave Specialty
169:OSK,Oshkosh
169:OTF,Blue Owl Technology
169:OTIS,奥的斯
169:OUNZ,黄金价格ETF
169:OUSA,美国质量股息指数ETF
169:OUSM,美国小盘股优质股息
169:OUT,OUTFRONT Media
169:OVV,Ovintiv
169:OWL,Blue Owl
169:OWLT,Owlet
169:OWNB,Bitwise Bitcoin Standard Corporations ETF
169:OWNS,CCM保障房MBS ETF
169:OXM,牛津工业
169:OXY,西方石油
169:OXY.WS,
169:PAAA,PGIM AAA CLO ETF
169:PAAS,泛美白银
169:PAB,PGIM活跃综合债券ETF
169:PAC,太平洋航空
169:PACK,Ranpak Holdings
169:PACS,PACS
169:PAG,潘世奇汽车
169:PAGS,Pagseguro Digital
169:PAI,Western Asset Investment Grade Income Fund
169:PAII,Pyrophyte II
169:PAII.U,Pyrophyte II-U
169:PALC,大盘指标旋转指数ETF
169:PALL,LBMA钯金现货价格ETF
169:PAM,Pampa Energy
169:PAMC,中型股多元化指数ETF
169:PAPI,参数股票溢价收益ETF
169:PAR,PAR Technology
169:PARR,Par Pacific
169:PATH,UiPath
169:PAXS,PIMCO Access
169:PAY,Paymentus Holdings
169:PAYC,Paycom Software
169:PB,普罗斯佩里蒂银行
169:PBA,Pembina Pipeline
169:PBD,新能源全球创新指数
169:PBDC,BDC收益ETF
169:PBE,生物技术和基因组ETF
169:PBF,PBF Energy
169:PBH,普雷斯蒂奇
169:PBI,必能宝
169:PBJ,动态食品和饮料指数
169:PBOT,人工智能与自动化ETF
169:PBR,巴西石油
169:PBR.A,巴西石油优先存托
169:PBT,帕米亚盆地皇室信托
169:PBW,WilderHill清洁能源
169:PCCE,波伦资本中国成长ETF
169:PCEF,封闭式基金指数ETF
169:PCF,High Income
169:PCFI,Polen浮动利率收益ETF
169:PCG,太平洋煤气和电力
169:PCGG,Polen资本全球增长ETF
169:PCGpX,太平洋煤气和电力优先A
169:PCHI,Polen高收入ETF
169:PCIG,波伦资本国际成长ETF
169:PCLG,Polen聚焦成长型ETF
169:PCLN,Pictet清洁地球ETF
169:PCLO,AAA私人信贷ETF
169:PCM,Pcm Fund
169:PCN,Pimco Corporate & Income Strategy Fund
169:PCOR,Procore
169:PCQ,Pimco California Municipal Income Fund
169:PCR,VettaFi私人信贷策略
169:PCRB,Putnam ESG核心债券
169:PCY,新兴市场美元流动性
169:PD,PagerDuty
169:PDCC,Pearl Diver Credit
169:PDI,Pimco Dynamic Income Fund
169:PDM,Piedmont Realty
169:PDN,精选发达市场除美1500
169:PDO,PIMCO Dynamic Income
169:PDPA,Pearl Diver Credit 优先A
169:PDS,Precision Drilling
169:PDT,John Hancock Premium Dividend Fund
169:PDX,PIMCO Dynamic
169:PEB,Pebblebrook Hotel
169:PEBpE,Pebblebrook优先E
169:PEBpF,Pebblebrook优先F
169:PEBpG,Pebblebrook优先G
169:PEBpH,Pebblebrook优先H
169:PEG,公共服务企业
169:PEJ,动态休闲娱乐
169:PEMX,Putnam新兴不含中国
169:PEN,Penumbra
169:PEO,Adams Natural Resources Fund
169:PERF,玩美
169:PERF.WS,
169:PEVC,富时PE/VC指数ETF
169:PEW,GrabAGun Digital
169:PEW.WS,
169:PEXL,Pacer美国出口领先ETF
169:PFD,Flaherty & Crumrine Preferred & Income Fund
169:PFE,辉瑞
169:PFFA,美国优先股ETF
169:PFFD,核心美国优先证券ETF
169:PFFL,优先股两倍做多ETN
169:PFFR,Indxx REIT优先股指数
169:PFFV,浮动利率证券指数ETF
169:PFGC,Performance Food
169:PFIG,美国投资1-10级ETF
169:PFIX,简化利率对冲ETF
169:PFL,Pimco Income Strategy Fund
169:PFLD,优先混合证券指数ETF
169:PFLT,PennantPark Floating
169:PFN,Pimco Income Strategy Fund Ii
169:PFO,Flaherty & Crumrine Preferred & Income Opportunity Fund
169:PFRL,PGIM浮动利率收益ETF
169:PFS,Provident Financial
169:PFSI,PennyMac Financial
169:PFUT,普特南可持续未来ETF
169:PFXF,固定可调利率优先证券
169:PG,宝洁
169:PGF,固定利率金融优先证券
169:PGHY,ICE美元高收益约束
169:PGP,Pimco Global Stocksplus & Income Fund
169:PGR,美国前进保险
169:PGRI,Putnam国际股票ETF
169:PGRO,罗素1000增长指数ETF
169:PGX,定利率优先证券ETF
169:PGZ,Principal Real Estate Income Fund
169:PH,派克汉尼汾
169:PHDG,标普500下跌对冲ETF
169:PHEQ,参数对冲股票ETF
169:PHG,飞利浦
169:PHI,菲律宾长途电话
169:PHIN,PHINIA
169:PHK,Pimco High Income Fund
169:PHM,普得集团
169:PHR,Phreesia
169:PHYD,Putnam ESG高收益ETF
169:PHYL,活跃高收益债券ETF
169:PHYS,Sprott Physical-U
169:PICB,标普国际公司债券指数
169:PIFI,Piton中级固定收益ETF
169:PII,北极星
169:PILL,制药行业指数3倍做多
169:PIM,Putnam Master Intermediate Income Trust
169:PINE,Alpine Income
169:PINEpA,Alpine Income优先A
169:PINK,简化医疗保健ETF
169:PINS,Pinterest
169:PIPR,Piper Sandler
169:PJFG,PGIM聚焦成长ETF
169:PJFV,PGIM聚焦价值ETF
169:PJIO,PGIM国际机会ETF
169:PJP,动态药物Intellidex
169:PJT,Pjt Partners
169:PK,Park酒店及度假村
169:PKB,动态建筑与施工ETF
169:PKE,帕克航空航天
169:PKG,美国包装
169:PKST,Peakstone
169:PKX,浦项钢铁
169:PL,Planet Labs
169:PL.WS,
169:PLD,安博
169:PLDR,标普500指数ETF-RBS
169:PLNT,Planet Fitness
169:PLOW,Douglas Dynamics
169:PLTA,2倍做多PLTR
169:PLTM,铂金价格ETF
169:PLTY,PLTR期权收益策略ETF
169:PM,菲利普莫里斯
169:PMIO,PGIM市政收入机会ETF
169:PML,Pimco Municipal Income Fund Ii
169:PMM,Putnam Managed Municipal Income Trust
169:PMMF,iShares Prime货币
169:PMO,Putnam Municipal Opportunities Trust
169:PMT,PennyMac Mortgage
169:PMTpA,PennyMac优先A
169:PMTpB,PennyMac优先B
169:PMTpC,PennyMac优先C
169:PNC,PNC金融服务
169:PNFP,Pinnacle Financial
169:PNFPpA,Pinnacle Financial优先A
169:PNFPpB,Pinnacle Financial优先B
169:PNFPpC,Pinnacle优先存托C
169:PNI,Pimco New York Municipal Income Fund Ii
169:PNNT,Pennantpark
169:PNR,滨特尔
169:PNW,品尼高西方资本
169:POR,波特兰通用电气
169:POST,Post Holdings
169:POW,电气化超级周期ETF
169:POWA,彭博定价权指数ETF
169:POWR,能源生产商可投资市场
169:PPA,SPADE防御指数
169:PPEM,MSCI新兴市场指数ETF
169:PPG,PPG工业
169:PPIE,ESG国际股票ETF
169:PPL,宾州电力
169:PPLC,宾州电力-U
169:PPLT,LBMA铂金价格PM ETF
169:PPT,Putnam Premier Income Trust
169:PPTY,美国多元化房地产
169:PQDI,主光谱优选和收益ETF
169:PQNT,人工智能增强国际股票
169:PQUS,AI增强型美国股票ETF
169:PR,Permian Resources
169:PRA,Proassurance
169:PRAB,IG公共和私人ABS ETF
169:PRAE,PlanRock另类增长ETF
169:PRAY,FIS基督教股票基金
169:PRCS,Parnassus核心精选ETF
169:PREF,频谱优先证券活动ETF
169:PRF,基本面精选美国1000
169:PRFD,太平洋优选和首创基金
169:PRG,PROG Holdings
169:PRGO,培瑞克
169:PRI,Primerica
169:PRIFpD,优先收入基金优先D
169:PRIFpJ,优先收入基金优先J
169:PRIFpK,优先收入基金优先K
169:PRIFpL,优先收入基金优先L
169:PRIM,Primoris Services
169:PRIV,IG公共和私人信贷ETF
169:PRKS,United Parks
169:PRLB,Proto Labs
169:PRM,Perimeter Solutions
169:PRMB,Primo Brands
169:PRSD,短期IG公共和私人信贷
169:PRSU,Pursuit Attractions
169:PRT,PermRock Royalty
169:PRU,保德信金融
169:PRVS,Parnassus价值精选ETF
169:PRXG,Praxis影响大盘成长
169:PRXV,Praxis影响大盘价值
169:PSA,公共存储
169:PSApF,公共存储优先存托F
169:PSApG,公共存储优先存托G
169:PSApH,公共存储优先存托H
169:PSApI,公共存储优先存托I
169:PSApJ,公共存储优先存托J
169:PSApK,公共存储优先存托K
169:PSApL,公共存储优先存托L
169:PSApM,公共存储优先存托M
169:PSApN,公共存储优先存托N
169:PSApO,公共存储优先存托O
169:PSApP,公共存储优先存托P
169:PSApQ,公共存储优先存托Q
169:PSApR,公共存储优先存托R
169:PSApS,公共存储优先存托S
169:PSBD,Palmer Square Capital BDC
169:PSECpA,普罗斯佩克优先A
169:PSF,Cohen & Steers Select Preferred & Income Fund
169:PSFE,Paysafe
169:PSI,动态半导体Intellidex
169:PSIL,致幻剂ETF
169:PSK,利率优先证券指数ETF
169:PSLV,Sprott Physical Silver-U
169:PSN,Parsons
169:PSO,培生
169:PSP,红岩全球上市私募股权
169:PSQ,纳斯达克100指数做空
169:PSQA,Palmer CLO高级债务
169:PSQH,PSQ Holdings
169:PSQH.WS,
169:PSQO,Palmer信贷机会ETF
169:PSR,活跃美国房地产ETF
169:PST,7-10年债券两倍做空
169:PSTG,Everpure
169:PSTL,Postal Realty Trust
169:PSTP,动力缓冲加速策略ETF
169:PSX,Phillips 66
169:PTA,Cohen & Steers Tax-Advantaged Preferred Securities & Income Fund
169:PTBD,美国债券指数ETF
169:PTIN,国际指数ETF
169:PTL,激励500指数ETF
169:PTRB,PGIM总回报债券ETF
169:PTY,PIMCO企业与收入机会
169:PUK,保诚
169:PULS,PGIM超短期债券ETF
169:PULT,ESG超短ETF
169:PUMP,ProPetro Holding
169:PUSH,PGIM超短市政债ETF
169:PVAL,普特南重点大盘价值
169:PVH,PVH
169:PVI,美国AMT-FreeVRDO约束
169:PVL,Permianville Royalty
169:PWB,动态大盘成长
169:PWER,Nomura能源转型ETF
169:PWR,广达
169:PWV,动态大盘价值
169:PWZ,长期核心市政证券ETF
169:PXE,动态能源勘探与生产
169:PXED,AP VIII Queso
169:PXF,精选发达市场除美1000
169:PXH,精选新兴市场350指数
169:PXJ,石油服务Intellidex
169:PYLD,太平洋债券主动基金
169:PYPY,PYPL期权收益策略
169:PYT,Merrill Lynch Depositor 优先 Series GSC-2
169:PZA,国家长期核心市政证券
169:PZT,纽约长期核心市政证券
169:Q,Qnity Electronics
169:QAI,NYLI对冲多策略指数
169:QARP,罗素1000上限因子ETF
169:QBTS,D-Wave Quantum
169:QDEF,质量红利防御指数ETF
169:QDF,北方信托优质股息ETF
169:QDIV,标普500质量高股息
169:QDPL,美大盘股股息乘数400
169:QDVO,CWP增长与收益ETF
169:QEFA,欧澳远东混合A系列
169:QEMM,新兴市场混合A系列
169:QFLR,NASDAQ100管理型ETF
169:QGEN,快而精医药
169:QGRO,美国世纪质量增长指数
169:QGRW,智慧树美国质量增长
169:QID,纳斯达克100两倍做空
169:QIDX,质量收益关注ETF
169:QINT,优质多元化国际股票
169:QIS,简化Multi-QIS替代ETF
169:QLD,纳斯达克100两倍做多
169:QLTA,Aaa上限指数ETF
169:QLTI,GMO国际质量ETF
169:QLTY,GMO美国质量ETF
169:QLV,质量低波动率指数ETF
169:QLVD,发达市场质量低波动率
169:QLVE,质量低波动性指数ETF
169:QPX,Q动态增长ETF
169:QQH,Defender 100指数ETF
169:QQQD,Indxx7指数1倍做空ETF
169:QQQU,Indxx7指数2倍做多ETF
169:QRFT,AI增强美国大盘股ETF
169:QSR,餐饮品牌国际
169:QSU,目标2倍做多QS ETF
169:QTPI,North税收和收益ETF
169:QTWO,Q2 Holdings
169:QUAD,Quad/Graphics
169:QUIZ,Zacks优质国际ETF
169:QULL,中性质量指数2倍做多
169:QUS,美国因子组合A系列
169:QUSA,目标15美国优质收益
169:QVML,标普500多因素指数ETF
169:QVMM,标普中盘400多因素ETF
169:QVMS,标普小盘股多因素指数
169:QVMT,标普500增值价值指数
169:QWLD,世界要素组合指数ETF
169:QXAS,2倍做多另类行情加密
169:QXO,QXO
169:QXOpB,QXO优先存托B
169:R,莱德系统
169:RA,Brookfield Real
169:RAAA,收益AAA CLO 2倍做多
169:RAAR,AAA CLO投资2倍做多
169:RAAX,VanEck真实资产ETF
169:RAAY,AAA CLO年度2倍做多
169:RAC,Rithm Acquisition
169:RAC.U,Rithm Acquisition-U
169:RAC.WS,
169:RACE,法拉利
169:RAFE,RAFI ESG美国指数ETF
169:RAL,Ralliant
169:RAMP,LiveRamp
169:RAVI,FlexShares超短期收益
169:RAYJ,Rayliant日本股票ETF
169:RBA,RB Global
169:RBC,RBC轴承
169:RBLD,美国下一代基础设施
169:RBLX,Roblox
169:RBLY,RBLX期权收益策略ETF
169:RBRK,Rubrik
169:RC,Ready Capital
169:RCI,罗杰斯通信
169:RCL,皇家加勒比邮轮
169:RCLO,BBB-B级CLO ETF
169:RCLR,BBB-B CLO再投资ETF
169:RCLY,BBB-B CLO年度ETF
169:RCS,Pimco Strategic Income Fund
169:RCTR,彭博核电指数ETF
169:RCUS,Arcus Biosciences
169:RCpC,Ready Capital优先C
169:RCpE,Ready Capital优先E
169:RDDT,Reddit
169:RDIV,标普900股息收入ETF
169:RDN,Radian Group
169:RDOG,REIT股息狗指数ETF
169:RDW,Redwire
169:RDY,如瑞迪博士
169:RDYY,RDDT期权收益策略ETF
169:RECS,研究增强美股指数ETF
169:REET,REITS净总回报
169:REFA,贝塔优势研究增强股票
169:REGS,Columbia大盘成长ETF
169:REK,房地产行业做空
169:REKT,分布式账本1倍做空
169:RELX,RELX
169:REMC,研究增强型中型股ETF
169:REMX,MVIS稀土/战略金属
169:RERE,万物新生
169:RES,RPC
169:RESM,研究增强型小型股ETF
169:RETL,零售行业指数3倍做多
169:REVS,研究增强价值指数ETF
169:REW,标普科技板块两倍做空
169:REX,Rex American
169:REXR,雷克斯工业房地产
169:REXRpB,雷克斯工业房地产优先
169:REXRpC,雷克斯工业房地产优先C
169:REZ,全部抵押住宅上限
169:REZI,Resideo Technologies
169:RF,地区金融
169:RFCI,动态核心收入ETF
169:RFDA,美国动态股息优势
169:RFFC,ALPS主动股票机会ETF
169:RFG,标普中盘400纯增长ETF
169:RFI,Cohen & Steers Total Return Realty Fund
169:RFIX,Simplify债券牛市
169:RFL,Rafael Holdings
169:RFLR,美国小盘股管理ETF
169:RFM,RiverNorth Flexible
169:RFMZ,RiverNorth II
169:RFV,标普中盘400纯价值ETF
169:RFpC,地区金融优先存托C
169:RFpE,地区金融优先存托E
169:RFpF,地区金融优先存托F
169:RGA,美国再保险集团
169:RGEF,Rockefeller全球股票
169:RGR,斯特姆-鲁格
169:RGT,Royce Global
169:RH,RH
169:RHI,罗致恒富
169:RHLD,Resolute Holdings
169:RHP,Ryman Hospitality
169:RHRX,RH战术轮换ETF
169:RHTX,RH战术展望ETF
169:RIET,高股息收益率指数ETF
169:RIG,Transocean
169:RIGS,策略收益基金
169:RILA,大猩猩激进增长ETF
169:RINF,TIPS国债利率对冲etf
169:RIO,力拓
169:RIOX,每日目标2倍做多RIOT
169:RISN,Inspire资本增值ETF
169:RISR,FolioBeyond对冲
169:RITA,伊斯兰绿色上限指数
169:RITM,Rithm Capital
169:RITMpA,新住宅投资优先A
169:RITMpB,新住宅投资优先B
169:RITMpC,新住宅投资优先C
169:RITMpD,新住宅投资优先D
169:RITMpE,新住宅投资优先E
169:RITMpF,新住宅投资优先F
169:RIV,RiverNorth机会基金
169:RIVpA,RiverNorth优先A
169:RJDI,GCM股息精选收益ETF
169:RJF,瑞杰金融
169:RJMI,RJ Eagle市政收益ETF
169:RJVI,RJ Eagle垂直收益ETF
169:RKT,Rocket Companies
169:RL,拉夫劳伦
169:RLI,RLI保险
169:RLJ,RLJ Lodging
169:RLJpA,RLJ Lodging优先A
169:RLTY,Cohen & Steers Real
169:RLX,雾芯科技
169:RLY,多资产实际回报ETF
169:RM,Regional Management
169:RMAX,RE/MAX Holdings
169:RMCA,加州市政债券ETF
169:RMD,瑞思迈
169:RMI,RiverNorth
169:RMM,RiverNorth市政收入
169:RMMZ,RiverNorth Managed
169:RMNY,纽约市政债券ETF
169:RMOP,机会性市政债券ETF
169:RMRC,ARMOR核心风险管理ETF
169:RMT,Royce Micro-Cap Trust
169:RND,彭博研发领袖精选指数
169:RNG,RingCentral
169:RNGR,Ranger Energy
169:RNP,Cohen & Steers Reit & Preferred & Income Fund
169:RNR,Renaissancere
169:RNRpF,Renaissancere优先存托F
169:RNRpG,Renaissancere优先存托G
169:RNST,Renasant
169:RNTY,目标12房地产期权收益
169:RNWZ,全球可再生能源收益
169:ROAM,新兴市场股票指数ETF
169:ROBO,全球机器人与自动化
169:RODM,发达市场指数ETF
169:ROG,罗杰斯
169:ROK,罗克韦尔自动化
169:ROKT,Kensho最前沿指数ETF
169:ROL,Rollins
169:ROM,标普科技板块两倍做多
169:RONB,Baron第一原理ETF
169:ROPE,Coastal指南100ETF
169:ROSC,多因素小盘股指数ETF
169:ROUS,多因素大盘股指数ETF
169:RPAR,高级研究风险平价
169:RPC,Ridgepost Capital
169:RPG,标普500纯增长ETF
169:RPM,RPM International
169:RPT,Rithm Property
169:RPTpC,Rithm Property优先C
169:RPV,净值指数ETF
169:RQI,Cohen & Steers Quality Income Realty Fun
169:RRC,Range Resources
169:RRX,Regal Rexnord
169:RS,Reliance
169:RSDE,FT美国股票权重缓冲
169:RSF,RiverNorth Capital
169:RSG,共和废品处理
169:RSHO,Tema美国回流ETF
169:RSI,Rush Street
169:RSJN,FT Vest美国6月缓冲
169:RSKD,Riskified
169:RSMC,美国中小型股ETF
169:RSMR,美股等权重缓冲3月
169:RSMV,相对强度管理波动策略
169:RSP,标普500等权指数ETF
169:RSPA,标普500等权重收益
169:RSPC,等权重通信服务增值
169:RSPD,标普等权非必需消费品
169:RSPE,标普等权ESG精选ETF
169:RSPF,标普500等权重金融
169:RSPG,标普500等权能源ETF
169:RSPH,等权医疗保健指数ETF
169:RSPM,标普500等权重材料ETF
169:RSPN,标普500等权重工业
169:RSPR,等权重房地产指数
169:RSPS,标普500等权重消费品
169:RSPT,等权信息技术指数ETF
169:RSPU,标普等权重公用事业
169:RSSE,9月美国股票等权重
169:RSSL,罗素2000 RIC上限指数
169:RTO,能多洁
169:RTX,雷神技术
169:RVER,Trenchless基金ETF
169:RVI,Robinhood Ventures I
169:RVLV,Revolve Group
169:RVNU,市政基础设施收入债券
169:RVT,Royce Small-Cap
169:RVTY,Revvity
169:RW,Rainwater股票ETF
169:RWEM,新兴市场大盘新一代
169:RWJ,小盘股600收入加权ETF
169:RWK,中盘股400收入加权ETF
169:RWL,标普收益加权指数ETF
169:RWLC,美国大盘下一代指数
169:RWM,罗素2000指数做空ETF
169:RWO,全球精选房地产证券
169:RWR,美国精选REIT指数ETF
169:RWT,Redwood Trust
169:RWTpA,Redwood Trust优先A
169:RWX,非美国精选房地产证券
169:RXD,医疗保健指数2倍做空
169:RXI,非必需消费品指数ETF
169:RXL,医疗保健指数两倍做多
169:RXO,RXO
169:RY,加拿大皇家银行
169:RYAM,Rayonier Advanced
169:RYAN,Ryan Specialty
169:RYLD,罗素2000BuyWriteETF
169:RYLG,罗素半买入/卖出ETF
169:RYN,雷欧尼尔
169:RYZ,Ryerson Holding
169:RZG,小盘股600纯增长ETF
169:RZV,小盘股600纯价值ETF
169:S,SentinelOne
169:SA,Seabridge Gold
169:SAA,标普小盘600两倍做多
169:SABA,Saba Capital
169:SAC,Safeguard Acquisition
169:SAC.U,Safeguard Acquisition-U
169:SAC.WS,
169:SAEF,Schwab Ariel机会ETF
169:SAFE,Safehold
169:SAGP,全球政策机会ETF
169:SAH,索尼克汽车
169:SAM,波斯顿啤酒
169:SAMM,Strategas宏观动量ETF
169:SAMT,宏观主题机会ETF
169:SAN,桑坦德银行
169:SAP,思爱普
169:SAPH,SAP SE ADRhedged
169:SAR,Saratoga Investment
169:SARO,StandardAero
169:SASS,M.D. Sass集中价值ETF
169:SAWG,美国大盘优质增长ETF
169:SAWS,美国小盘优质增长ETF
169:SB,Safe Bulkers
169:SBAR,壁垒收益ETF
169:SBB,标普小盘600做空ETF
169:SBDS,Solo Brands
169:SBH,莎莉美容
169:SBI,Western Asset Intermediate Muni Fund
169:SBIL,政府货币市场ETF
169:SBIO,医疗突破指数ETF
169:SBIT,ProShares UltraShort Bitcoin ETF
169:SBND,贝塔优势短期债券
169:SBR,Sabine Royalty Trust
169:SBS,SABESP
169:SBSI,Southside Bancshares
169:SBSW,Sibanye
169:SBXD,SilverBox
169:SBXD.U,SilverBox-U
169:SBXD.WS,
169:SBXE,SilverBox V
169:SBXE.U,SilverBox V-U
169:SBXE.WS,
169:SBpC,Safe Bulkers优先C
169:SBpD,Safe Bulkers优先D
169:SCAP,基建资本小盘收益ETF
169:SCC,非必需消费品两倍做空
169:SCCO,南方铜业
169:SCCR,Schwab核心债券ETF
169:SCD,Lmp Capital & Income Fund
169:SCDL,美国股息100 2倍做多
169:SCDV,Bahl & Gaynor小盘ETF
169:SCEpG,Southern优先G
169:SCEpL,Southern优先L
169:SCEpM,Southern优先M
169:SCEpN,Southern优先N
169:SCHA,道琼斯小型股股票市场
169:SCHB,美国大宗股票市场指数
169:SCHC,小型公司流动性ETF
169:SCHD,美国股息100指数ETF
169:SCHE,富时新兴指数ETF
169:SCHF,发展（美国除外）指数
169:SCHG,美国大盘成长股票市场
169:SCHH,道琼斯REIT指数ETF
169:SCHI,美国5-10年期公司债券
169:SCHJ,1-5年公司债券指数ETF
169:SCHK,Schwab 1000指数ETF
169:SCHM,道琼斯美国总市值中盘
169:SCHO,美国国债1-3年指数ETF
169:SCHP,彭博美国国债票据ETF
169:SCHQ,美国长期国债指数ETF
169:SCHR,美国国债3-10年期ETF
169:SCHV,美国大盘市值整体股票
169:SCHW,嘉信理财
169:SCHWpD,嘉信理财优先存托D
169:SCHWpJ,嘉信理财优先存托J
169:SCHX,美国大盘股总股票市场
169:SCHY,道琼斯国际股息100ETF
169:SCHZ,美国综合债券指数ETF
169:SCI,Service
169:SCIO,结构化信用收益机会
169:SCJ,MSCI日本小盘股ETF
169:SCL,史提宾
169:SCM,Stellus Capital
169:SCMB,美国核心城市指数ETF
169:SCO,WTI原油指数两倍做空
169:SCUS,Schwab超短期收益ETF
169:SCYB,ICE银行现金高收益
169:SD,Sandridge Energy
169:SDCI,动态商品策略K-1基金
169:SDCP,短期核心加大债券ETF
169:SDD,标普小盘600两倍做空
169:SDEM,50强分红指数ETF
169:SDFI,AB短期收入ETF
169:SDHC,Smith Douglas
169:SDHY,PGIM Short Duration
169:SDIV,全球超级股息指数ETF
169:SDMF,DBi CTA管理期货指数
169:SDOG,部门红利狗指数ETF
169:SDOW,道琼斯指数三倍做空
169:SDP,标普公用事业两倍做空
169:SDRL,Seadrill
169:SDS,标普500指数两倍做空
169:SDY,标普高收益率红利贵族
169:SE,冬海集团
169:SEA,美国全球海空货运ETF
169:SEALpA,Seapeak 优先A
169:SEALpB,Seapeak 优先B
169:SECR,MacKay证券化收益
169:SEE,希悦尔
169:SEF,标普金融精选板块做空
169:SEG,Seaport
169:SEI,Solaris能源
169:SEIX,Seix高级贷款ETF
169:SEM,Select Medical
169:SEMG,Suncoast精选成长ETF
169:SEMI,精选科技ETF
169:SEMR,SEMrush Holdings
169:SEPI,股票溢价收益ETF
169:SES,SES AI
169:SES.WS,
169:SETH,彭博以太坊1倍做空
169:SF,Stifel Financial
169:SFBS,Servisfirst
169:SFGV,Sequoia全球价值ETF
169:SFL,SFL
169:SFLR,股票管理场内ETF
169:SFTX,国际管理风险ETF
169:SFY,美国500成长指数ETF
169:SFYF,SOFI社会50指数ETF
169:SFpB,Stifel优先存托B
169:SFpC,Stifel优先存托C
169:SFpD,Stifel优先存托D
169:SG,Sweetgreen
169:SGDJ,初级黄金矿工指数ETF
169:SGDM,黄金矿工因素指数ETF
169:SGHC,Super Group
169:SGI,Somnigroup
169:SGLC,SGI美国大市值核心ETF
169:SGOL,金条价格ETF
169:SGOV,ICE 0-3月美国国债ETF
169:SGRT,SMART盈利增长30 ETF
169:SGRW,主动小盘成长ETF
169:SGU,Star Group
169:SGVT,政府货币市场ETF
169:SH,标普500指数做空
169:SHAK,Shake Shack
169:SHE,性别多样性指数ETF
169:SHEH,Shell对冲美国存托
169:SHEL,壳牌
169:SHG,新韩金融
169:SHLD,Global X防御科技ETF
169:SHM,ICE1-5年免税宽基债券
169:SHNY,LBMA黄金价格3倍做多
169:SHO,Sunstone Hotel
169:SHOC,彭博美国上市半导体
169:SHOpH,Sunstone Hotel优先H
169:SHOpI,Sunstone Hotel优先I
169:SHPP,全球供应链基础设施
169:SHRT,Gotha短期策略ETF
169:SHUS,分层大盘股对冲ETF
169:SHV,美国短期国债指数ETF
169:SHW,宣伟
169:SHYG,美元流动高收益指数
169:SHYL,美元高收益公司总市场
169:SI,Shoulder Innovations
169:SID,巴西国家黑色冶金
169:SIFI,Ares系统性多部门收益
169:SIG,西格内特珠宝
169:SIHY,Ares系统性高收益ETF
169:SII,SPROTT
169:SIJ,标普工业精选两倍做空
169:SIL,全球银矿业总回报ETF
169:SILA,Sila Realty
169:SILJ,纳斯达克初级白银矿工
169:SIMS,智能基础设施指数ETF
169:SIO,Touchstone战略收入
169:SIOO,标普100目标15派息ETF
169:SITC,SITE Centers
169:SITE,Siteone Landscape
169:SIVR,LBMA白银现货价格ETF
169:SIXA,Meridian兆丰股票ETF
169:SIXH,对冲股票指数期权策略
169:SIXL,低Beta股票策略ETF
169:SIXS,小盘股票ETF
169:SIZE,美国风险加权指数
169:SJB,流动高收益指数做空
169:SJM,JM斯马克
169:SJNK,彭博美国高收益ETF
169:SJT,San Juan Basin
169:SKE,Skeena Resources
169:SKF,标普金融精选两倍做空
169:SKIL,Skillsoft
169:SKLZ,Skillz
169:SKM,韩国SK电信
169:SKT,Tanger
169:SKY,Champion Homes
169:SKYH,Sky Harbour
169:SKYH.WS,
169:SLAI,SOLAI
169:SLB,SLB
169:SLDR,富时美国国债1-3年
169:SLF,永明金融
169:SLG,SL Green Realty
169:SLGN,西尔格控股
169:SLGpI,格林不动产优先I
169:SLJY,SILJ白银矿商备兑看涨
169:SLNZ,TCW高级贷款ETF
169:SLON,Solana指数2倍做多ETF
169:SLQT,SelectQuote
169:SLTY,超短期权收益策略ETF
169:SLV,LBMA白银现货价格ETF
169:SLVM,Sylvamo
169:SLVX,尼古拉斯白银收益ETF
169:SLX,NYSE Arca钢铁指数ETF
169:SLYG,标普小盘股600
169:SLYV,标普600小盘股价值ETF
169:SM,SM Energy
169:SMA,Smartstop
169:SMAP,Amplify中小盘股票
169:SMBK,Smartfinancial
169:SMBS,彭博美国MBS总回报ETF
169:SMC,Summit Midstream
169:SMCY,SMCI期权收益策略ETF
169:SMDD,标普中盘400三倍做空
169:SMDX,标普中小型股多元化
169:SMFG,三井住友金融
169:SMG,斯科兹物种
169:SMHB,小盘股高股息2倍做多
169:SMHI,SEACOR Marine
169:SMIG,中小市值收益增长ETF
169:SMIZ,Zacks中小型盘ETF
169:SMLF,STOXX美国小型股票
169:SMLL,活跃小型股ETF
169:SMLV,美国小盘低波动ETF
169:SMMU,短期市政债券活跃ETF
169:SMN,标普材料行业两倍做空
169:SMOG,全球低碳能源指数ETF
169:SMOX,中小盘核心股票ETF
169:SMP,Standard Motor
169:SMR,NuScale Power
169:SMRF,模块反应堆与核能科技
169:SMRT,SmartRent
169:SMTH,加大核心债券ETF
169:SMWB,Similarweb
169:SN,SharkNinja
169:SNA,实耐宝
169:SNAP,Snap
169:SNDA,Sonida Senior Living
169:SNDR,Schneider National
169:SNN,施乐辉
169:SNOW,Snowflake
169:SNOY,SNOW期权收益策略ETF
169:SNPE,标普500评分筛选指数
169:SNTH,MRP综合股票ETF
169:SNX,新聚思
169:SO,南方电力
169:SOBO,South Bow
169:SOC,Sable Offshore
169:SOEZ,Franklin Solana ETF
169:SOFR,Amplify三星SOFR ETF
169:SOLR,可持续能源ETF
169:SOLV,Solventum
169:SOMN,南方电力-U
169:SON,Sonoco Products
169:SONY,索尼
169:SOR,Source Capital
169:SOS,艾斯欧艾斯
169:SOUL,Soulpower
169:SOUL.U,Soulpower-U
169:SOULr,
169:SOVF,主权资本繁荣基金
169:SOXL,半导体指数3倍做多
169:SOXS,半导体指数3倍做空
169:SOXY,目标12半导体期权收益
169:SOYB,Teucrium大豆指数ETF
169:SPAB,美国综合债券指数ETF
169:SPB,品谱控股
169:SPBO,公司债券指数ETF
169:SPCE,维珍银河
169:SPD,美国股票加下行凸出
169:SPDG,标普行业高收益股息
169:SPDN,标普500指数每日做空
169:SPDV,股息现金流收益率指数
169:SPDW,标普发达BMI美国除外
169:SPE,Special Opportunities Fund
169:SPEM,标普新兴BMI指数ETF
169:SPEU,欧洲总市场指数ETF
169:SPEpC,Special Opportunities Fund优先C
169:SPFF,X美国高收益首选
169:SPG,西蒙地产
169:SPGI,标普全球
169:SPGM,MSCI ACWI IMI指数ETF
169:SPGP,标普500合理价格增长
169:SPGpJ,西蒙地产集团优先J
169:SPH,Suburban Propane
169:SPHB,标普500高贝塔指数ETF
169:SPHD,标普低波动率高股息
169:SPHQ,标普500质量指数ETF
169:SPHR,Sphere
169:SPHY,美国高收益指数ETF
169:SPIB,美国中期公司债券ETF
169:SPIP,美国政府通胀债券指数
169:SPIR,Spire Global
169:SPLB,美国长期公司指数ETF
169:SPLV,标普500低波动率ETF
169:SPMA,Sound Point优先A
169:SPMB,美国MBS指数ETF
169:SPMC,Sound Point
169:SPMD,标普中盘400指数
169:SPME,Sound Point优先B
169:SPMO,标普500动能指数ETF
169:SPNT,SiriusPoint
169:SPOT,Spotify Technology
169:SPPP,Sprott Physical Platinum and Palladium-U
169:SPRE,标普全球REIT上限
169:SPRU,Spruce Power Holding
169:SPSB,美国1-3年公司债券ETF
169:SPSK,道琼斯总回报指数ETF
169:SPSM,标普小盘600
169:SPTB,彭博美国国债指数ETF
169:SPTE,标普全球技术指数
169:SPTI,3-10年期美国国债ETF
169:SPTL,彭博长期美国国债ETF
169:SPTM,标普综合1500指数ETF
169:SPTS,1-3年期美国国债ETF
169:SPTU,美银美国短期国库券
169:SPUC,美国股票加上凸性ETF
169:SPUS,行业排除指数ETF
169:SPUT,股票溢价收入每日看跌
169:SPUU,标普500每日2倍做多
169:SPVM,高动能价值指数ETF
169:SPWO,标普伊斯兰教法
169:SPXC,SPX Technologies
169:SPXE,标普500非能量指数ETF
169:SPXL,标普500每日3倍做多
169:SPXN,非金融房地产指数ETF
169:SPXS,标普500 3倍做空ETF
169:SPXT,标普500除信息技术
169:SPXU,标普500指数三倍做空
169:SPXV,标普500非健康保险ETF
169:SPXX,Nuveen动态覆盖基金
169:SPY,标普500 ETF-SPDR
169:SPYC,美国股票加凸出ETF
169:SPYD,标普500高股息指数ETF
169:SPYG,标普500增长指数ETF
169:SPYM,标普500指数ETF
169:SPYT,标普500收益目标ETF
169:SPYU,标普500全收益4倍做多
169:SPYV,标普500价值指数ETF
169:SPYX,标普500非化石燃料ETF
169:SQM,智利矿业化工
169:SQNS,Sequans
169:SR,Spire
169:SRE,桑普拉能源
169:SRFM,Surf Air
169:SRG,Seritage Growth
169:SRGpA,Seritage Growth优先A
169:SRHQ,美国质量GARP指数ETF
169:SRHR,SRH REIT涵盖呼叫ETF
169:SRI,石通瑞吉
169:SRL,Scully Royalty
169:SRLN,道富黑石高级贷款ETF
169:SROI,全球可持续股票ETF
169:SRS,房地产行业两倍做空
169:SRTY,罗素2000指数三倍做空
169:SRV,Nxg Cushing Midstream Energy Fund
169:SRVR,数据和基础设施房地产
169:SSB,SouthState
169:SSD,辛普森配件制造
169:SSFI,智能板块固定收益ETF
169:SSG,美国半导体两倍做空
169:SSL,南非萨索尔
169:SSO,标普500指数两倍做多
169:SSPY,分层大盘股指数ETF
169:SST,System1
169:SSTK,Shutterstock
169:SSUS,Day Hagan智能板块ETF
169:SSXU,智能行业国际ETF
169:ST,Sensata
169:STAG,Stag Industrial
169:STAX,美国免税短期ETF
169:STBQ,稳定币技术指数ETF
169:STC,斯图尔特信息服务
169:STCE,Schwab加密主题ETF
169:STE,思泰瑞医疗
169:STEL,Stellar
169:STEM,Stem
169:STEW,SRH Total Return
169:STG,尚德机构
169:STHH,NV ADRhedged
169:STIP,美国国债0-5年期债券
169:STK,Columbia Seligman Premium Technology Growth Fund
169:STLA,Stellantis
169:STM,意法半导体
169:STN,斯坦泰克
169:STNG,Scorpio Tankers
169:STPZ,1-5年期通胀挂钩国债
169:STRN,SMART趋势25 ETF
169:STRV,彭博美国大盘股指数
169:STSM,每日目标2倍做空TSM
169:STT,道富
169:STTpG,美国道富优先存托G
169:STUB,StubHub
169:STVN,Stevanato Group
169:STWD,Starwood Property
169:STXD,彭博美国1000股息增长
169:STXE,新兴市场大中盘ETF
169:STXG,彭博美国1000增长
169:STXI,彭博发达大中型总回报
169:STXK,彭博美国600指数ETF
169:STXM,彭博美国400指数ETF
169:STXT,力争总收益债券ETF
169:STXV,彭博美国1000价值
169:STZ,星座品牌
169:SU,森科能源
169:SUB,短期美国国家市政ETF
169:SUI,Sun Communities
169:SUN,太阳石油
169:SUNB,Sunbelt Rentals
169:SUNC,SunocoCorp-U
169:SUPL,供应链物流ETF
169:SUPV,Grupo Supervielle
169:SURE,内部优势ETF
169:SURI,简化推动机遇ETF
169:SUSA,MSCI美国ESG精选指数
169:SUZ,Suzano
169:SVOL,简化波动率溢价ETF
169:SVV,Savers Value Village
169:SW,Smurfit WestRock
169:SWAN,SNetwork黑天鹅核心
169:SWK,史丹利百得
169:SWX,Southwest Gas
169:SWZ,Total Return
169:SXC,SunCoke Energy
169:SXI,Standex
169:SXQG,子午线质量增长ETF
169:SXT,森馨
169:SYF,Synchrony Financial
169:SYFI,AB短期高收益ETF
169:SYFpA,Synchrony优先存托A
169:SYFpB,Synchrony优先存托B
169:SYK,史赛克
169:SYY,西斯科
169:SZK,标普消费品两倍做空
169:SZNE,等权季节性轮换指数
169:T,美国电话电报
169:TABD,泛美债券主动型ETF
169:TAC,Transalta
169:TACK,Fairlead战术部门ETF
169:TACN,主动核心国际股票ETF
169:TACU,主动核心美国股票ETF
169:TAFI,AB税控短期市政ETF
169:TAFL,AB TaxAware多头市政
169:TAFM,AB TaxAware中级市政
169:TAGG,QM美国债券ETF
169:TAGS,Teucrium农业基金ETF
169:TAK,武田制药
169:TAL,好未来
169:TALO,Talos Energy
169:TALV,泛美大型价值主动ETF
169:TAN,MAC全球太阳能指数ETF
169:TAP,摩森康胜B
169:TAP.A,摩森康胜A
169:TAXF,世纪多元化市政债券
169:TAXM,面向马萨诸塞州居民
169:TAXX,税务意识短期ETF
169:TBBB,BBB Foods
169:TBF,20年以上债券指数做空
169:TBFC,Brinsmere基金保守ETF
169:TBFG,Brinsmere基金成长ETF
169:TBG,TBG红利焦点ETF
169:TBI,TrueBlue
169:TBLL,美国国债短期债券指数
169:TBLU,全球水质指数ETF
169:TBN,Tamboran Resources
169:TBT,20年以上债券两倍做空
169:TBUX,Price超短期债券ETF
169:TBX,7-10年债券指数做空
169:TBXU,生物技术指数2倍做多
169:TCAF,资本增值股票ETF
169:TCAI,AI基础设施ETF
169:TCAL,资本增值溢价收益ETF
169:TCBX,Third Coast
169:TCHP,蓝筹股成长型ETF
169:TCI,洲际地产投资
169:TCPB,Thrivent核心增强型
169:TCV,Towle价值ETF
169:TD,道明银行
169:TDAY,USA TODAY
169:TDC,天睿
169:TDF,Templeton Dragon Fund
169:TDG,TransDigm Group
169:TDOC,Teladoc Health
169:TDS,电话和数据系统
169:TDSpU,电话优先存托UU
169:TDSpV,电话数据优先存托VV
169:TDTF,5年目标持续时间提示
169:TDTT,3年目标持续时间提示
169:TDVG,股息增长ETF
169:TDW,潮水
169:TDY,Teledyne
169:TE,T1 Energy
169:TE.WS,
169:TEC,Harbor变型技术ETF
169:TECB,美国技术突破指数ETF
169:TECK,泰克资源
169:TECL,科技行业3倍做多
169:TECS,科技精选行业3倍做空
169:TEI,Templeton Emerging Markets Income Fund
169:TEK,iShares科技机会
169:TEL,泰科电子
169:TEMD,新兴市场债务ETF
169:TEMR,新兴市场股票研究ETF
169:TEN,查科斯能源海运
169:TENpE,查科斯能源海运优先E
169:TENpF,查科斯能源海运优先F
169:TEO,阿根廷电信
169:TEQI,股票收益ETF
169:TESL,Simplify伏特TSLA革命
169:TEVA,梯瓦制药
169:TEX,特雷克斯
169:TEXU,标普500能源2倍做多
169:TFC,Truist Financial
169:TFCpI,Truist优先存托I
169:TFCpO,Truist优先存托O
169:TFCpR,Truist优先存托R
169:TFFI,趋势跟踪固定收益ETF
169:TFI,ICE1年期以上债券
169:TFII,TFI International
169:TFIN,Triumph Financial
169:TFINp,Triumph优先存托C
169:TFLO,Markit美元高收益0-5
169:TFLR,T. Rowe Price浮动
169:TFPM,Triple Flag
169:TFPN,蓝图多资产趋势ETF
169:TFX,泰利福
169:TG,特里迪加
169:TGE,The Generation
169:TGLB,全球股票ETF
169:TGLS,Tecnoglass
169:TGNA,TEGNA
169:TGRT,T.Rowe Price增长ETF
169:TGRW,成长股票ETF
169:TGS,Gas Transporter
169:TGT,塔吉特
169:THC,泰尼特
169:THD,泰国IMI 25/50指数ETF
169:THEQ,T. Rowe对冲股票ETF
169:THG,汉诺威保险
169:THIR,THOR指数轮换ETF
169:THLV,Thor等权低波动率指数
169:THNQ,全球人工智能指数ETF
169:THNR,减肥药物&治疗指数
169:THO,索尔工业
169:THQ,Abrdn Healthcare Opportunities Fund
169:THR,Thermon Group
169:THRO,美国主题轮动主动ETF
169:THTA,SoFi增强收益ETF
169:THW,Abrdn World Healthcare Fund
169:THY,股票动态战术收益ETF
169:THYF,T.Rowe美国高收益ETF
169:TIC,TIC
169:TIER,国际股票研究ETF
169:TIIV,AAM托德国际内在价值
169:TILL,农业策略No K-1 ETF
169:TIMB,TIM
169:TIME,美国核心股票ETF
169:TINS,Templeton国际洞察ETF
169:TINT,智能材料指数ETF
169:TINY,纳米技术指数ETF
169:TIP,美国国债挂钩债券
169:TIPA,2030通胀挂钩分布式
169:TIPB,2035通胀挂钩分布式
169:TIPC,2045通胀挂钩分布式
169:TIPD,2055通胀挂钩分布式
169:TIPX,美国政府通胀挂钩债券
169:TIPZ,美国通胀挂钩国债ETF
169:TISI,Team
169:TJX,The Tjx
169:TK,Teekay
169:TKC,土耳其移动通信
169:TKNQ,代币化技术指数ETF
169:TKO,TKO Group Holdings
169:TKR,铁姆肯
169:TLCI,试金石国际股票ETF
169:TLH,ICE美国10-20年期国债
169:TLK,印尼电信
169:TLTD,非美因素倾斜指数ETF
169:TLTE,晨星新兴市场因素倾斜
169:TLYS,Tilly's
169:TM,丰田汽车
169:TME,腾讯音乐
169:TMF,20年以上债券3倍做多
169:TMH,Toyota Motor
169:TMHC,Taylor Morrison Home
169:TMLP,Tortoise MLP指数ETF
169:TMO,赛默飞世尔
169:TMSL,中小盘ETF
169:TMV,20年以上债券3倍做空
169:TMVE,Thrivent中盘价值ETF
169:TNA,罗素2000 3倍做多ETF
169:TNC,坦能
169:TNET,Trinet Group
169:TNGY,Tortoise能源基金
169:TNK,Teekay Tankers
169:TNL,Travel + Leisure
169:TNUK,Tortoise核能复兴ETF
169:TOAK,短期绝对回报ETF
169:TOGA,Tremblant全球ETF
169:TOK,Kokusai指数-MSCI
169:TOL,托尔兄弟
169:TOLZ,全球基础设施综合指数
169:TOPC,标普500 3%上限ETF
169:TOPT,标普500前20名精选
169:TOST,Toast
169:TOT,美国股票总回报ETF
169:TOTL,双线总回报战术ETF
169:TOTR,总回报ETF
169:TOUS,T.Rowe Price国际股票
169:TOV,美国犹太倡导指数ETF
169:TPB,Turning Point Brands
169:TPC,Tutor Perini
169:TPH,Tri Pointe Homes
169:TPHD,高股息加权BRI指数ETF
169:TPIF,波动加权BRI指数ETF
169:TPL,Texas Pacific Land
169:TPLC,大型股加权BRI指数ETF
169:TPOR,运输FMC上限3倍做多
169:TPR,Tapestry
169:TPRY,目标15 TEPRTantrum
169:TPSC,小盘加权BRI指数ETF
169:TPVG,TriplePoint
169:TPYP,Tortoise北美管道指数
169:TPZ,电气化基础设施ETF
169:TR,Tootsie Roll
169:TRAD.U,Apex Tech Acquisition-U
169:TRAK,ReposiTrak
169:TRC,Tejon Ranch
169:TREX,Trex
169:TRFK,数据传输和通信革命
169:TRFM,Transformers指数ETF
169:TRGP,Targa Resources
169:TRN,Trinity Industries
169:TRND,趋势领航基金指数ETF
169:TRNO,Terreno Realty
169:TROT,国债久期轮换精选债券
169:TROX,Tronox Holdings
169:TRP,TC Energy
169:TRTNpA,特里同国际优先A
169:TRTNpB,特里同国际优先B
169:TRTNpC,特里同国际优先C
169:TRTNpD,特里同国际优先D
169:TRTNpE,特里同国际优先E
169:TRTNpF,特里同国际优先F
169:TRTNpG,特里同国际优先G
169:TRTX,TPG RE Finance Trust
169:TRTXpC,TPG RE Finance优先C
169:TRU,TransUnion
169:TRV,旅行者保险
169:TS,泰纳瑞斯钢铁
169:TSCV,Thrivent小盘价值ETF
169:TSEC,Touchstone证券化收入
169:TSES,美国能源安全指数ETF
169:TSI,Tcw Strategic Income Fund
169:TSIC,美国经典品牌指数ETF
169:TSIr,
169:TSLI,2倍做多TSLA
169:TSLX,Sixth Street专业贷款
169:TSLY,TSLA期权收益策略ETF
169:TSM,台积电
169:TSME,中小型股票ETF
169:TSMY,TSM期权收益策略ETF
169:TSN,泰森食品
169:TSNF,美国未来前沿指数ETF
169:TSPA,美国股票研究ETF
169:TSQ,Townsquare Media
169:TSRS,iREIT红色REITs指数
169:TSSD,美国安全与国防指数
169:TSXD,半导体5强指数2倍做空
169:TSXU,半导体5强指数2倍做多
169:TT,特灵科技
169:TTAM,Titan America
169:TTC,托罗配件
169:TTE,道达尔
169:TTI,脂鲤技术
169:TTOP,加密10精选指数ETF
169:TTT,20年以上债券三倍做空
169:TTXD,标普500信息2倍做空
169:TTXU,标普500信息2倍做多
169:TU,泰勒斯
169:TUA,短期国债期货策略ETF
169:TUSB,Thrivent超短期债券
169:TUYA,涂鸦智能
169:TV,墨西哥电视
169:TVAL,T.Rowe Price价值ETF
169:TWI,泰坦国际
169:TWLO,Twilio
169:TWM,罗素2000两倍做空ETF
169:TWN,Taiwan Fund
169:TWO,Two Harbors
169:TWOpA,Two Harbors优先A
169:TWOpB,Two Harbors优先B
169:TWOpC,Two Harbors优先C
169:TX,特尔尼翁钢铁
169:TXBC,21Shares FTSE Crypto 10 ex-BTC Index ETF
169:TXNM,TXNM Energy
169:TXO,TXO Partners
169:TXS,德州资本股票指数ETF
169:TXT,德事隆
169:TXXI,税务意识中期期限ETF
169:TY,Tri-Continental
169:TYD,7-10年债券3倍做多
169:TYG,Tortoise Energy
169:TYL,泰勒科技
169:TYLG,标普科技精选板块买入
169:TYO,7-10年债券3倍做空
169:TYp,Tri-Continental优先
169:TZA,罗素2000 3倍做空ETF
169:TpA,美国电话优先存托A
169:TpC,美国电话优先存托C
169:U,Unity
169:UA,安德玛C
169:UAA,安德玛
169:UAMY,美国锑
169:UAN,CVR Partners
169:UBER,优步
169:UBOT,机器人与AI 2倍做多
169:UBR,巴西25/50两倍做多
169:UBS,瑞银
169:UBT,20年以上债券两倍做多
169:UCB,美国社区银行
169:UCC,消费者服务两倍做多
169:UCIB,瑞银CMCI指数ETN
169:UCO,WTI原油指数两倍做多
169:UCON,Smith无约束债券ETF
169:UDI,USCF股息收入基金
169:UDIV,美国股息增强精选ETF
169:UDN,美元短期货币投资组合
169:UDOW,道琼斯指数三倍做多
169:UDR,UDR不动产信托
169:UE,Urban Edge
169:UFI,仪化宇辉
169:UGA,Front Month无铅汽油
169:UGE,标普消费品两倍做多
169:UGI,UGI公用事业
169:UGL,黄金分类指数两倍做多
169:UGP,Ultrapar Holdings
169:UHAL,U-Haul Holding
169:UHAL.B,U-Haul Holding N
169:UHS,Universal Health
169:UHT,Universal Health
169:UI,厄比奎蒂
169:UIS,优利系统
169:UJB,流动指数两倍做多
169:UL,联合利华
169:ULE,二倍做多美元欧元汇率
169:ULS,UL Solutions
169:ULST,道富超短期债券ETF
169:ULTY,Ultra期权收益策略ETF
169:UMC,联电
169:UMDD,标普中盘400三倍做多
169:UMH,UMH Properties
169:UMHpD,UMH Properties优先D
169:UMI,中游能源收入基金ETF
169:UNF,第一联合
169:UNFI,联合原生态食品
169:UNG,Front Month天然气ETF
169:UNH,联合健康
169:UNL,美国12个月天然气
169:UNM,尤纳姆
169:UNP,联合太平洋
169:UP,Wheels Up Experience
169:UPAR,UPAR超风险平价ETF
169:UPGD,Raymond James SB股票
169:UPRO,标普500指数三倍做多
169:UPS,联合包裹
169:UPV,欧洲全市值两倍做多
169:UPW,标普公用事业两倍做多
169:URA,全球铀与核元件ETF
169:URAA,铀与核能指数2倍做多
169:URE,房地产行业两倍做多
169:URI,联合租赁
169:URNM,全球铀矿开采指数ETF
169:URSP,2倍做多标普500指数
169:URTH,MSCI世界指数ETF
169:URTY,罗素2000三倍做多ETF
169:USA,Liberty All Star Equity Fund
169:USAC,USA Compression
169:USAI,美国能源基础设施指数
169:USB,美国合众银行
169:USBpA,美合众银行优先存托A
169:USBpH,美合众银行优先存托B
169:USBpP,美合众银行优先存托K
169:USBpQ,美合众银行优先存托L
169:USBpR,美合众银行优先存托M
169:USBpS,美合众银行优先存托O
169:USCA,MSCI美国气候行动
169:USCI,动态商品指数
169:USD,美国半导体两倍做多
169:USDU,彭博美元基金
169:USE,能源商品策略绝对回报
169:USFD,美国食品控股
169:USFE,美国股票ETF
169:USFR,美国国债浮动利率债券
169:USG,黄金策略加收入ETF
169:USL,12个月轻质原油ETF
169:USMD,美国优先科技ETF
169:USML,低波动率美元2倍做多
169:USNA,优莎娜
169:USNG,三星美国天然气ETF
169:USNZ,美国净零途径增强指数
169:USO,轻质低硫原油
169:USPH,美国理疗保健
169:USPX,美国目标市场敞口ETF
169:USRT,房地产投资信托基金
169:USSE,罗素1000指数ETF
169:USSG,MSCI美国精选指数
169:UST,7-10年债券两倍做多
169:UTES,Reaves公用事业ETF
169:UTF,Cohen & Steers Infrastructure Fund
169:UTI,环球技术学院
169:UTL,Unitil
169:UTSL,公用事业3倍做多
169:UTZ,Utz Brands
169:UUP,美元做多货币投资组合
169:UVE,万全保险
169:UVV,环球烟草
169:UWM,罗素2000两倍做多ETF
169:UWMC,UWM Holdings
169:UXI,标普工业板块两倍做多
169:UXRP,彭博XRP指数2倍做多
169:UYG,标普金融板块两倍做多
169:UYM,材料指数两倍做多
169:V,维萨
169:VABS,Newfleet ABS/MBS ETF
169:VAC,万豪度假环球
169:VACI,Viking Acquisition I
169:VACI.U,Viking Acquisition I-U
169:VACI.WS,
169:VAL,华仕伯
169:VAL.WS,
169:VALE,淡水河谷
169:VALQ,美国世纪质量价值ETF
169:VATE,INNOVATE
169:VAW,Vanguard材料ETF
169:VB,CRSP美国小盘股指数
169:VBF,Invesco Bond Fund
169:VBK,CRSP美国小盘增长ETF
169:VBND,核心美国债券指数ETF
169:VBR,CRSP美国小盘价值ETF
169:VCLN,Virtus清洁能源ETF
169:VCOB,Voya核心债券ETF
169:VCR,投资市场非必需消费品
169:VCV,Invesco California Value Municipal Income Trust
169:VDC,投资市场必需消费品
169:VDE,投资市场能源指数ETF
169:VDI,Virtus国际股息ETF
169:VEA,发达全市值非美ETF
169:VEEV,Veeva Systems
169:VEGA,Star Global买卖ETF
169:VEGI,农业生产者市场ETF
169:VEL,Velocity Financial
169:VEM,新兴市场红利ETF
169:VEMY,新兴市场高收益债券
169:VERS,Solactive元宇宙主题
169:VET,朱砂能源
169:VETZ,学院老兵债券ETF
169:VEU,富时环球非美指数ETF
169:VEXC,富时新兴除中国指数
169:VFC,威富
169:VFH,投资市场金融指数ETF
169:VG,Venture Global
169:VGI,Virtus Global Multi-Sector Income Fund
169:VGK,欧洲发达国家全市值
169:VGM,Invesco Trust For Investment Grade Municipals
169:VGRO,Silvant增长机会ETF
169:VGT,信息技术ETF
169:VGVT,政府证券主动型ETF
169:VHI,瓦利化工
169:VHT,美国IMI医疗保健ETF
169:VIA,Via Transportation
169:VICE,AdvisorShares Vice
169:VICI,VICI Properties
169:VIDI,核心国际股票指数ETF
169:VIG,标普美国股息种植者
169:VIK,Viking
169:VIOG,标普小盘股600增长
169:VIOO,标普小盘600指数ETF
169:VIOV,标普600小盘股价值
169:VIPS,唯品会
169:VIRT,Virtu Financial
169:VIS,美国投资市场工业指数
169:VIST,Vista Energy
169:VIV,巴西电信
169:VKQ,Invesco Municipal Trust
169:VLLU,Harbor大盘价值股ETF
169:VLN,Valens Semiconductor
169:VLN.WS,
169:VLO,瓦莱罗能源
169:VLRS,Volaris航空控股
169:VLT,Invesco High Income Trust Ii
169:VLTO,Veralto
169:VLU,标普1500低估值倾斜
169:VMC,火神材料
169:VMI,维蒙特工业
169:VMO,Invesco Municipal Opportunity Trust
169:VMSB,Voya多部门收入ETF
169:VNAM,MSCI越南精选指数ETF
169:VNIE,Vontobel国际股权主动
169:VNLA,短期收益ETF
169:VNO,沃纳多房地产基金
169:VNOpL,沃纳多房地产优先L
169:VNOpM,沃纳多房地产优先M
169:VNOpN,沃纳多房地产优先N
169:VNOpO,沃纳多房地产优先O
169:VNQ,房地产ETF
169:VNSE,沃恩·纳尔逊精选ETF
169:VNT,Vontier
169:VO,美国中盘股指数ETF
169:VOC,VOC Energy
169:VOE,美国中盘股价值指数
169:VOO,标普500ETF
169:VOOG,标普500增长指数ETF
169:VOOV,标普500价值指数ETF
169:VOT,CRSP美国中盘增长ETF
169:VOX,美国电信服务指数ETF
169:VOYA,Voya Financial
169:VOYApB,Voya优先存托B
169:VOYG,Voyager Technologies
169:VPC,Indxx私人信贷指数
169:VPG,Vishay精密集团
169:VPL,发达亚太地区全市值
169:VPU,公用事业ETF
169:VPV,Invesco Pennsylvania Value Municipal Income Trust
169:VPX,周期感知美国股票ETF
169:VRAI,Indxx实物资产收益
169:VRE,Veris Residential
169:VRP,可变利率优先混合证券
169:VRT,维谛技术
169:VRTS,维德思投资
169:VSCO,维多利亚的秘密
169:VSH,威世科技
169:VSHY,Virtus短期高收益债券
169:VSLU,应用金融估值大盘股
169:VSS,富时全球非美小盘ETF
169:VST,Vistra
169:VSTS,Vestis
169:VT,富时全球全指指数ETF
169:VTEB,全国AMT免税市政债券
169:VTES,标普0-7年市政债券
169:VTEX,VTEX
169:VTG,总回报未对冲美元指数
169:VTI,CRSP美国总市场指数
169:VTMX,Vesta Real Estate
169:VTN,Invesco Trust For Investment Grade New York Municipals
169:VTOL,Bristow
169:VTP,美债通胀挂钩债券指数
169:VTR,芬塔
169:VTS,Vitesse Energy
169:VTV,CRSP美国大盘价值指数
169:VUG,美国大盘增长指数ETF
169:VUS,Virtus美国股息ETF
169:VUSE,Vident美国质量
169:VUSI,Voya超短期收益ETF
169:VV,美国大盘股指数ETF
169:VVR,Invesco Senior Income Trust
169:VVV,胜牌
169:VVX,V2X
169:VWO,富时新兴市场A股市场
169:VXF,标普竣工指数ETF
169:VYLD,VIX短期逆日1倍做空
169:VYM,富时高红利收益
169:VYX,NCR Voyix
169:VZ,威瑞森通信
169:W,Wayfair
169:WAB,美国西屋制动
169:WAGN,Pabrai Wagons ETF
169:WAL,阿莱恩斯西部银行
169:WALpA,阿莱恩斯优先存托A
169:WANT,非必需消费品3倍做多
169:WAR,美国科技与航天及国防
169:WAT,沃特世
169:WBI,WaterBridge基础设施
169:WBIF,BullBear价值3000 ETF
169:WBIG,BullBear收益3000 ETF
169:WBIL,BullBear质量3000 ETF
169:WBIY,功率高红利指数ETF
169:WBS,韦伯斯特金融
169:WBSpF,韦伯斯特优先存托F
169:WBSpG,韦伯斯特优先存托G
169:WBX,Wallbox
169:WCAP,WarCap无约束股票ETF
169:WCC,西科国际
169:WCEO,Hypatia女性CEO ETF
169:WCME,WCM发展中世界股票ETF
169:WCMI,WCM国际股票ETF
169:WCN,Waste Connections
169:WCPB,Weitz核心加码债券ETF
169:WD,Walker & Dunlop
169:WDEF,欧洲国防指数基金
169:WDH,水滴
169:WDI,Western Asset
169:WDIV,标普全球股息贵族指数
169:WDS,Woodside Energy
169:WDTE,标普500每周分红ETF
169:WEA,Western Asset Premier Bond Fund
169:WEAT,Teucrium小麦指数ETF
169:WEAV,Weave Communications
169:WEBL,互联网指数3倍做多ETF
169:WEBS,互联网指数3倍做空ETF
169:WEC,威州能源
169:WEEL,绝代期权收益轮动ETF
169:WELL,Welltower
169:WEPN,防务与稀土收益ETF
169:WES,Western Midstream
169:WEX,WEX
169:WF,韩国友利金融
169:WFC,富国银行
169:WFCpA,富国银行优先存托AA
169:WFCpC,富国银行优先存托CC
169:WFCpD,富国银行优先存托DD
169:WFCpL,富国银行优先L
169:WFCpY,富国银行优先存托Y
169:WFCpZ,富国银行优先存托Z
169:WFG,西弗雷泽木业
169:WGO,温尼巴格实业
169:WH,温德姆酒店及度假村
169:WHD,Cactus
169:WHG,Westwood Holdings
169:WHR,惠而浦
169:WHRpA,惠而浦优先存托A
169:WIA,Western Asset Inflation-Linked Income Fund
169:WINN,Harbor长期种植者ETF
169:WIP,通货膨胀挂钩证券精选
169:WISD,Wisdom短久期收益ETF
169:WIT,Wipro
169:WIW,Western Asset Inflation-Linked Opportunities & Income Fund
169:WK,Workiva
169:WKC,World Kinect
169:WLK,Westlake
169:WLKP,Westlake Chemical
169:WLTG,DBS长期增长ETF
169:WLY,约翰威立 A
169:WLYB,约翰威立 B
169:WM,美国废物管理
169:WMB,威廉姆斯
169:WMK,韦斯市场
169:WMS,Advanced Drainage
169:WMSB,Weitz多部门债券ETF
169:WNC,WABASH国立
169:WNTR,1倍做空期权收益MSTR
169:WOLF,Wolfspeed
169:WOMN,晨星妇女赋权指数ETF
169:WOR,Worthington
169:WPAC,White Pearl Acquisition
169:WPAC.U,White Pearl Acquisition-U
169:WPACr,
169:WPC,W. P. Carey
169:WPM,Wheaton Precious
169:WPP,WPP
169:WRB,WR柏克利
169:WRBY,Warby Parker
169:WS,沃辛顿钢铁
169:WSM,威廉姆斯-索诺玛
169:WSO,华斯科
169:WSO.B,华斯科B
169:WSR,Whitestone REIT
169:WST,西氏
169:WT,WisdomTree
169:WTI,W&T海底钻探
169:WTIB,USCF Oil Plus Bitcoin Strategy Fund
169:WTID,能源3倍做空
169:WTIU,能源指数3倍做多ETN
169:WTM,白山保险集团
169:WTMF,管理期货策略基金ETF
169:WTPI,美国大盘股PutWrite
169:WTRE,新经济房地产指数ETF
169:WTRG,Essential
169:WTS,沃茨水工业
169:WTTR,Select Water
169:WTV,美国价值基金ETF
169:WU,西联汇款
169:WWJD,全球希望指数ETF
169:WWW,沃尔弗林集团
169:WXET,Teucrium2倍小麦做多
169:WY,惠好
169:XAGG,Vance收入机会ETF
169:XAR,标普航天与国防行业
169:XB,Single-B美国现金支付
169:XBB,BB美国现金支付高收益
169:XBFR,股票管理型10缓冲ETF
169:XBI,标普生物技术精选行业
169:XC,真实新兴市场指数基金
169:XCCC,现金支付高收益受限
169:XCEM,Beta主题新兴市场
169:XCHG,AB美国股票ETF
169:XCLR,标普三个月Collar ETF
169:XCOR,FundX ETF
169:XES,石油天然气设备和服务
169:XFIV,美国国债5年期
169:XFLH,XFLH Capital
169:XFLH.U,XFLH Capital-U
169:XFLHr,
169:XFLT,XAI Octagon
169:XFLX,FundX灵活ETF
169:XHB,标普房屋建筑商精选
169:XHE,标普医疗保健设备精选
169:XHLF,美国国债6个月期限ETF
169:XHR,Xenia Hotels
169:XHS,标普医疗保健服务精选
169:XHYC,高收益消费周期
169:XHYD,美国现金高收益非周期
169:XHYE,美国高收益能源ETF
169:XHYF,高收益金融及REIT
169:XHYH,高收益医疗保健
169:XHYI,收益核心工业指数ETF
169:XHYT,高收益电信媒体和科技
169:XIDV,新前沿国际红利指数
169:XIFR,XPLR
169:XITK,FactSet创新技术指数
169:XLB,标普材料行业指数ETF
169:XLBI,材料SPDR溢价收益ETF
169:XLC,通信服务精选行业指数
169:XLCI,通讯SPDR溢价收益ETF
169:XLE,能源精选行业指数ETF
169:XLEI,能源SPDR溢价收益ETF
169:XLF,金融精选行业指数ETF
169:XLFI,金融SPDR溢价收益ETF
169:XLG,标普500 50强指数ETF
169:XLI,工业精选板块指数ETF
169:XLII,工业SPDR溢价收益ETF
169:XLK,科技精选行业
169:XLKI,科技SPDR溢价收益ETF
169:XLP,必需消费品精选行业
169:XLRE,房地产行业指数ETF
169:XLRI,房地产SPDR收益ETF
169:XLSI,消费必需品SPDR收益
169:XLSR,道富美国部门轮值ETF
169:XLU,公用事业精选板块
169:XLUI,公用事业SPDR收益ETF
169:XLV,标普医疗保健精选ETF
169:XLVI,医疗保健SPDR优质收益
169:XLY,非必需消费品选择行业
169:XLYI,可选消费SPDR收益ETF
169:XME,金属和矿业精选ETF
169:XMHQ,标普中盘质量指数ETF
169:XMLV,标普中盘400低波动率
169:XMMO,标普中盘400动量ETF
169:XMVM,标普中盘400高动能ETF
169:XNAV,FundX激进型ETF
169:XNTK,NYSE技术指数ETF
169:XOEF,标普500除标普100指数
169:XOM,埃克森美孚
169:XOMO,XOM期权收益策略ETF
169:XONE,美国国债一年期ETF
169:XOP,石油天然气勘探开发
169:XPAY,标普500目标20管理
169:XPER,Xperi
169:XPEV,小鹏汽车
169:XPH,标普制药行业指数ETF
169:XPND,第一信托扩展技术ETF
169:XPO,XPO
169:XPOF,Xponential Fitness
169:XPP,富时中国50两倍做多
169:XPRO,Expro Group
169:XRLX,FundX保守ETF
169:XRMI,标普风险管理收益ETF
169:XRN,Chiron Real
169:XRNpA,Chiron Real优先A
169:XRNpB,Chiron Real优先B
169:XRP,CF XRP-美元参考汇率
169:XRPZ,XRP美元利率纽约变体
169:XRT,标普零售行业指数ETF
169:XSD,标普半导体精选行业
169:XSLV,标普小盘600低波动率
169:XSMO,小型股600动量指数ETF
169:XSOE,新兴市场国有除外企业
169:XSVM,高动量价值指数ETF
169:XSVN,彭博美国国债7年期
169:XSW,标普软件与服务选择
169:XTEN,美国国债10年期
169:XTL,标普电信精选行业ETF
169:XTN,运输精选行业指数ETF
169:XTR,标普尾部风险指数ETF
169:XTRE,三年期美国国债ETF
169:XTWO,两年期美国国债ETF
169:XTWY,美国国债20年期
169:XUDV,VettaFi新前沿美国
169:XV,目标15分配ETF
169:XXI,Twenty One
169:XXRP,2倍做多每日XRP ETF
169:XXV,目标2025派息ETF
169:XYF,小赢科技
169:XYL,赛莱默
169:XYLD,标普500买入指数ETF
169:XYLG,标普500半买入指数ETF
169:XYZ,Block
169:XYZY,XYZ期权收益策略ETF
169:XZO,Exzeo Group
169:YALA,雅乐科技
169:YALL,God Bless美国ETF
169:YANG,富时中国50 3倍做空
169:YBIT,YieldMax Bitcoin Option Income Strategy ETF
169:YCL,二倍做多日元美元汇率
169:YCS,二倍做空美元日元汇率
169:YCY,AA Mission II
169:YCY.U,AA Mission II-U
169:YCY.WS,
169:YEAR,AB超短收益ETF
169:YELP,Yelp
169:YETI,YETI Holdings
169:YEXT,Yext
169:YFFI,专注收益固定收益ETF
169:YFYA,收益为你策略A ETF
169:YGLD,Simplify策略增收
169:YINN,富时中国3倍做多ETF
169:YLD,信安积极高收益ETF
169:YLDW,增强收益机会ETF
169:YMAG,期权收益ETF
169:YMAX,药业基金期权收益ETF
169:YMM,满帮
169:YOLO,顾问共享纯大麻ETF
169:YOU,Clear Secure
169:YPF,阿根廷YPF
169:YRD,宜人智科
169:YSG,逸仙电商
169:YSS,York Space Systems
169:YUM,YUM! Brands
169:YUMC,百胜中国
169:YXI,富时中国50做空
169:YYY,Nasdaq CEF高收益指数
169:YYYM,市政债券封闭式高收益
169:ZBH,齐默巴奥米特控股
169:ZCBA,零息票国债2030到期
169:ZCBB,零息票国债2031到期
169:ZCBC,零息票国债2032到期
169:ZCBE,零息票国债2033到期
169:ZCBF,零息票国债2034到期
169:ZCBG,零息票国债2035到期
169:ZEPP,华米科技
169:ZETA,Zeta Global Holdings
169:ZETX,每日目标2倍做多ZETA
169:ZGN,Ermenegildo Zegna
169:ZH,知乎
169:ZHDG,ZEGA买入对冲ETF
169:ZIG,收购者指数ETF
169:ZIM,以星综合航运
169:ZIP,ZipRecruiter
169:ZKH,震坤行
169:ZROZ,美国银行国债做多
169:ZSB,USCF持续电池金属战略
169:ZSC,USCF可持续商品战略
169:ZSL,白银分类指数两倍做空
169:ZTAX,X-Square市政收入ETF
169:ZTO,中通快递
169:ZTR,Virtus Total
169:ZTS,硕腾
169:ZVIA,Zevia
169:ZWS,Zurn Elkay Water
170:ACCS,ACCESS Newswire
170:ACU,Acme United
170:AEF,abrdn Emerging
170:AEON,AEON Biopharma
170:AGIG,Abundia Global
170:AIB,BlockchAIn
170:AIM,AIM ImmunoTech
170:AIRI,Air Industries Group
170:AMBO,安博教育
170:AMS,American Shared
170:AMZE,Amaze Holdings
170:APT,Alpha Pro Tech
170:APUS,Apimeds
170:AREN,The Arena Group
170:ARMP,Armata医药
170:ASM,Avino Silver & Gold
170:ATCH,AtlasClear Holdings
170:ATNM,Actinium
170:AUST,Austin Gold
170:AWX,Avalon Holdings
170:AXIL,AXIL Brands
170:AZTR,Azitra
170:BATL,Battalion Oil
170:BCHT,Birchtech
170:BCV,Bancroft Fund
170:BCVpA,Bancroft Fund优先A
170:BDL,Flanigan's
170:BESS,Bimergen Energy
170:BESS.WS,
170:BGI,Birks Group
170:BHB,Bar Harbor
170:BHM,Bluerock Homes Trust
170:BKTI,BK Technologies
170:BMNR,BitMine Immersion
170:BQ,波奇宠物
170:BRBS,Blue Ridge
170:BRIA,BrilliA
170:BRN,Barnwell Industries
170:BTG,B2gold
170:BUDA,Buda Juice
170:BURU,Nuburu
170:CANF,Can-fite Biopharma
170:CATX,Perspective
170:CCEL,Cryo-Cell
170:CET,Central Securities
170:CEV,Eaton Vance California Municipal Income Trust
170:CHOW,ChowChow Cloud
170:CIK,Credit Suisse Asset
170:CITR,CitroTech
170:CIX,CompX国际
170:CKX,CKX Lands
170:CLDI,Calidi
170:CLM,Cornerstone Strategic Investment Fund
170:CMCL,Caledonia Mining
170:CMT,Core Molding
170:CNL,Collective Mining
170:COE,51talk
170:COHN,Cohen
170:CPHI,惠普森医药
170:CRF,Cornerstone Total
170:CTGO,Contango ORE
170:CTM,Castellum
170:CVM,CEL-SCI
170:CVR,芝加哥机械
170:CVU,CPI Aerostructures
170:DC,Dakota Gold
170:DDC,日日煮
170:DHY,Credit Suisse High
170:DIT,AMCON Distributing
170:DNN,丹尼森矿业
170:DSS,DSS
170:DVS,Dolly Varden Silver
170:DXF,益生科技
170:EAD,Allspring Income Opportunities Fund
170:ECF,Ellsworth Growth
170:ECFpA,Ellsworth Growth优先A
170:EGG,ENIGMATIG
170:EIM,Eaton Vance Municipal Bond Fund
170:ELA,Envela
170:ELLO,Ellomay Capital
170:ELMD,Electromed
170:EONR,EON Resources
170:EONR.WS,
170:EP,Empire Petroleum
170:EPM,Evolution Petroleum
170:EQX,Equinox Gold
170:ERC,Allspring Multi-Sector Income Fund
170:ERH,Allspring Utilities & High Income Fund
170:ESP,Espey Mfg. & Electronics
170:EVI,EVI Industries
170:EVV,Eaton Vance Ltd Duration Income Fund
170:EXOD,Exodus Movement
170:FAX,Abrdn Asia-Pacific Income Fund
170:FCO,Abrdn Global Income Fund
170:FJET,Starfighters Space
170:FLYX,flyExclusive
170:FLYX.WS,
170:FSI,Flexible Solutions
170:FSP,Franklin Street
170:FTF,Franklin Ltd Duration Income Trust
170:FURY,Fury Gold
170:GAU,Galiano Gold
170:GBR,New Concept Energy
170:GCDT,Green Circle
170:GENC,范科工业
170:GGN,"Gamco Global Gold, Natural Resources & Income Trust"
170:GGNpB,"Gamco Global Gold, Natural Resources & Income Trust优先B"
170:GLDG,Goldmining
170:GLO,Clough Global Opportunities Fund
170:GLQ,Clough Global Equity
170:GLU,Gabelli Global Utility & Income Trust
170:GLUpA,Gabelli Global Utility & Income Trust优先A
170:GLUpB,Gabelli Global Utility & Income Trust优先B
170:GLV,Clough全球股息和收益
170:GNS,Genius Group
170:GORO,黄金资源
170:GPUS,Hyperscale Data
170:GPUSpD,Hyperscale Data优先D
170:GRAF,Graf Global
170:GRAF.U,Graf Global-U
170:GRAF.WS,
170:GRF,Eagle Capital Growth Fund
170:GRO,Brazil Potash
170:GROY,Gold Royalty
170:GROY.WS,
170:GTE,Gran Tierra Energy
170:HCWC,Healthy Choice
170:HSLV,Highlander Silver
170:HYLN,Hyliion Holdings
170:IAF,Abrdn Australia Equity Fund
170:IAUX,i-80 Gold
170:IAUX.WS,
170:IBO,Impact BioMedical
170:IDR,Idaho Strategic
170:IE,Ivanhoe Electric
170:IGC,IGC Pharma
170:IHT,Innsuites
170:IMO,帝国石油
170:INDO,Indonesia Energy
170:INFU,Infusystem
170:INLX,Intellinetics
170:INTT,Intest
170:INUV,Inuvo
170:IOR,Income Opportunity
170:ISOU,IsoEnergy
170:ITP,互联网科技包装
170:ITRG,Integra Resources
170:JAGU,Jaguar Uranium
170:JMG,JM Group
170:JOB,GEE Group
170:KAPA,Kairos Pharma
170:KNRX,Knorex
170:KULR,KULR Technology
170:LCTX,Lineage Cell
170:LEGO,Legato Merger IV
170:LEGO.U,Legato Merger IV-U
170:LEGO.WS,
170:LEGT,Legato Merger
170:LEGT.U,Legato Merger-U
170:LEGT.WS,
170:LGCY,Legacy Education
170:LGL,The LGL Group
170:LGPS,LogProstyle
170:LODE,Comstock
170:LPA,Logistic Properties
170:LSF,Laird Superfood
170:LUD,禄达技术
170:MAIA,MAIA Biotechnology
170:MCRP,Micropolis
170:MGLD,The Marygold
170:MHH,Mastech Digital
170:MI,NFT
170:MINE,Mayfair Gold
170:MITQ,Moving iMage
170:MLSS,Milestone Scientific
170:MMA,Mixed Martial Arts
170:MPTI,M-tron Industries
170:MPU,Mega Matrix
170:MRT,Marti Technologies
170:MSN,Emerson Radio
170:MTA,Metalla Royalty
170:MTNB,Matinas Biopharma
170:MWG,Multi Ways Holdings
170:MXC,Mexco Energy
170:MYND,Mynd
170:MYO,Myomo
170:NAK,Northern Dynasty
170:NBH,Neuberger Municipal
170:NBY,Novabay
170:NCL,Northann
170:NEN,New England Realty
170:NEWP,New Pacific Metals
170:NFGC,New Found Gold
170:NG,NOVAGOLD RESOURCES
170:NGD,New Gold
170:NHC,National Healthcare
170:NHS,Neuberger High Yield
170:NML,Neuberger Energy
170:NNVC,NanoViricides
170:NRO,Neuberger Real Estate
170:NRXS,Neuraxis
170:NSRX,Nasus Pharma
170:NTIP,Network-1
170:OBE,Obsidian Energy
170:OGEN,Oragenics
170:OPHC,合宜银行控股
170:OPPpC,R/D战略机会基金优先C
170:OPTT,Ocean Power
170:ORLA,Orla Mining
170:OSTX,OS Therapies
170:OTH,Off The Hook YS
170:OZ,Belpointe PREP-U
170:PAPL,Pineapple Financial
170:PCGpA,太平洋煤气电力优先A
170:PCGpB,太平洋煤气电力优先B
170:PCGpC,太平洋煤气电力优先C
170:PCGpD,太平洋煤气电力优先D
170:PCGpE,太平洋煤气电力优先E
170:PCGpG,太平洋煤气电力优先G
170:PCGpH,太平洋煤气电力优先H
170:PCGpI,太平洋煤气电力优先I
170:PED,PEDEVCO
170:PHGE,BiomX
170:PHXEp,Phoenix Energy优先A
170:PLAG,美国绿星球
170:PLG,Platinum Group
170:PLX,Protalix
170:PMI,Picard Medical
170:PMNT,Perfect Moment
170:POAS,Phaos Technology
170:PRK,Park National
170:PTHS,Pelthos Therapeutics
170:PTN,Palatin Technologies
170:PW,Power房地产投资信托
170:PWpA,Power房地产优先A
170:PZG,Paramount Gold
170:QNC,Quantum eMotion
170:RCG,Renn Fund
170:REED,Reeds饮料
170:REI,Ring Energy
170:REPX,Riley Exploration
170:RGNT,Regentis
170:RLGT,Radiant Logistics
170:ROLR,High Roller
170:RVP,Retractable
170:RYDE,Ryde Group
170:SACH,Sachem Capital
170:SACHpA,Sachem Capital优先A
170:SBEV,Splash Beverage
170:SEB,Seaboard
170:SER,Serina Therapeutics
170:SIF,Sifco Industries
170:SIM,Group Simec
170:SLI,Standard Lithium
170:SLND,Southland
170:SLND.WS,
170:SLSR,Solaris
170:SMJF,SMJ International
170:SOAR,Volato Group
170:SRXH,SRx Health
170:STRW,Strawberry
170:STXS,趋实医疗设备
170:SVM,希尔威
170:SYNX,Silynxcom
170:TCGL,TechCreate
170:TGB,Taseko Mines
170:TGE.WS,
170:TGEN,Tecogen
170:THM,International Tower
170:TII,Titan Mining
170:TMDE,TMD Energy
170:TMP,Tompkins Financial
170:TMQ,Trilogy Metals
170:TOON,Kartoon Studios
170:TOPP,Toppoint Holdings
170:TOPS,Top Ships
170:TOVX,Theriva Biologics
170:TPET,Trio Petroleum
170:TRT,Trio-Tech
170:TRX,TRX Gold
170:UAC,United Acquisition I
170:UAC.U,United Acquisition I-U
170:UAC.WS,
170:UAVS,AgEagle天线系统
170:UEC,Uranium Energy
170:UMAC,Unusual Machines
170:URG,Ur-能源
170:USAS,Americas Gold
170:USBC,USBC
170:UTG,Reaves Utility Income Fund
170:UUU,Universal Safety
170:UUUU,Energy Fuels
170:VENU,Venu Holding
170:VFL,Abrdn National Municipal Income Fund
170:VGZ,Vista Gold
170:VKI,Invesco Advantage Municipal Income Trust Ii
170:VNRX,Volitionrx
170:VNTG,Vantage
170:VTAK,Catheter Precision
170:VZLA,Vizsla Silver
170:WRN,西方铜金
170:WWR,Westwater Resources
170:WYY,Widepoint
170:XPL,Solitario Resources
170:XTNT,Xtant Medical
170:YCBD,cbdMD
170:ZDGE,Zedge
170:ZONE,CleanCore Solutions
171:AAAA,进取资产配置ETF
171:AAAU,伦敦金定盘价格ETF
171:AAPR,Innovator权益保障ETF
171:AAPW,1.2倍做多AAPL每周
171:AAPX,每日2倍做多苹果ETF
171:AAPY,Kurv产量溢价苹果
171:AAUM,Tema另类资产管理者
171:ABFL,Abacus FCF领袖ETF
171:ABLD,收益率增强型实际资产
171:ABLG,Abacus FCF国际领袖
171:ABLS,自由现金流小盘领导
171:ABOT,风险管理质量创新ETF
171:ABXB,FCF战术高收益ETF
171:ACIO,Aptus领投机会ETF
171:ACSG,小盘成长洞察ETF
171:ACSI,客户满意度可投资指数
171:ACSV,小盘价值洞察ETF
171:ACWV,MSCI全球最低波动率
171:ADFI,Anfield动态固定收益
171:ADME,缩编管理型股票ETF
171:AEMS,Anfield增强市场ETF
171:AESR,美国股票板块轮换
171:AFIF,安菲尔德全球固定收益
171:AFRU,2倍做多AFRM每日ETF
171:AIOO,美股缓冲100保护ETF
171:AJAN,权益明确保护ETF
171:AJUL,2年期权明确定义保护
171:AMDW,AMD每周1.2倍做多ETF
171:AMZP,Kurv亚马逊产量战略
171:AMZW,亚马逊每周1.2倍做多
171:AOCT,2年至2026年10月权益
171:APHU,2倍做多APH每日目标
171:APLX,2倍做多APLD每日ETF
171:APLZ,2倍做空APLD每日ETF
171:APOC,6个月4月/10月权益
171:APRB,Aptus 4月缓冲ETF
171:APRH,溢价收入障碍20-四月
171:APRJ,溢价收入障碍30-四月
171:APRP,标普500缓冲12-4月
171:APRT,大型股缓冲10 4月ETF
171:APRW,大型股缓冲20 4月ETF
171:APRZ,结构化结果ETF-4月
171:APXM,美国股票最大缓冲4月
171:AQEC,AQE核心ETF
171:AQLT,MSCI ACWI质量净值ETF
171:ARCM,储备资本管理ETF
171:ARCX,2倍做多ACHR每日ETF
171:ARKB,ARK 21Shares Bitcoin ETF
171:ARKD,DIET Q1缓冲ETF
171:ARKF,区块链与金融科技创新
171:ARKG,ARK基因组革命ETF
171:ARKK,Ark创新ETF
171:ARKQ,自主技术与机器人ETF
171:ARKT,DIET第四季度缓冲ETF
171:ARKW,ARK下一代互联网ETF
171:ARKX,ARK太空与国防创新ETF
171:ARLU,股票缓冲15无上限4月
171:ARMW,ARM 1.2倍做多周付ETF
171:ARWG,Archer成长型ETF
171:ASTN,每日目标2倍做空ASTS
171:ASTX,2倍做多ASTS每日ETF
171:ATMP,精选MLP指数ETN
171:ATTR,Arin战术尾部风险ETF
171:AUGM,8月美国股票最大缓冲
171:AUGP,标普500缓冲12-8月
171:AUGT,AllianzIM缓冲10月
171:AUGU,股票缓冲15无上限8月
171:AUGW,AllianzIM 20缓冲8月
171:AUGZ,结构化结果ETF-8月
171:AVGW,AVGO每周1.2倍做多ETF
171:AVRY,Avory基础ETF
171:BABW,BABA 1.2倍做多ETF
171:BAGY,Amplify Bitcoin Max Income Covered Call ETF
171:BALI,美大盘溢价收益主动型
171:BALT,定义财富盾ETF
171:BAMA,Brookstone主动ETF
171:BAMB,Brookstone中期债券
171:BAMD,Brookstone红利股票
171:BAMG,Brookstone增长股票
171:BAMO,Brookstone机会ETF
171:BAMU,Brookstone超短债ETF
171:BAMV,Brookstone价值型股票
171:BAMY,Brookstone收益率ETF
171:BAPR,美国股票缓冲ETF-四月
171:BAUG,Innovator缓冲ETF
171:BBAX,亚太地区目标市场敞口
171:BBCA,加拿大目标市场敞口
171:BBEM,新兴市场敞口ETF
171:BBEU,欧洲目标市场暴露指数
171:BBHY,ICE Bofa美国高收益
171:BBIB,美国3-10年期国债ETF
171:BBIN,目标市场暴露指数ETF
171:BBJP,日本目标市场暴露指数
171:BBLB,美国20年期国债ETF
171:BBRE,REIT25-50定制指数ETF
171:BBSB,美国1-3年期国债ETF
171:BBUS,目标市场敞口指数ETF
171:BCCC,Global X Bitcoin Covered Call ETF
171:BCHP,信安聚焦蓝筹ETF
171:BCKT,2030目标收益配置ETF
171:BDEC,创新者缓冲ETF-12月
171:BEGS,2倍做多加密货币
171:BEMB,新兴市场主权企业信贷
171:BESF,Bastion能源ETF
171:BEX,每日2倍做多BE ETF
171:BEZ,2倍做空BE每日ETF
171:BFEB,Innovator股票缓冲2月
171:BFLB,美国股票动态缓冲ETF
171:BGLD,黄金策略季度缓冲ETF
171:BHYB,ICE美国银行国债约束
171:BILT,基础设施活跃ETF
171:BINV,Brandes国际ETF
171:BITK,IBIT 0DTE备兑看涨ETF
171:BITX,2x Bitcoin Strategy ETF
171:BITY,Amplify Bitcoin 2% Monthly Option Income ETF
171:BJAN,创新者美股缓冲ETF
171:BJUL,美国股票缓冲区ETF
171:BJUN,创新者缓冲ETF-6月
171:BKGI,全球基础设施收益ETF
171:BLDG,坎布里亚全球房地产
171:BMAR,创新者缓冲ETF-3月
171:BMAY,创新者缓冲ETF-5月
171:BMNU,2倍做多BMNR每日目标
171:BNDY,Horizon核心债券ETF
171:BNOV,美国股票缓冲ETF
171:BOCT,美股缓冲区ETF10月
171:BOXA,Alpha聚合债券ETF
171:BOXX,Alpha建筑师1-3个月
171:BRKW,BRKB每周1.2倍做多ETF
171:BRLN,iShares浮动利率贷款
171:BSEP,创新者缓冲ETF-9月
171:BSMC,美国中小盘股价值ETF
171:BTCI,NEOS Bitcoin High Income ETF
171:BTCL,T-Rex 2X Long Bitcoin Daily Target ETF
171:BTCO,Invesco Galaxy Bitcoin ETF
171:BTCW,WisdomTree Bitcoin Fund
171:BTCZ,T-Rex 2X Inverse Bitcoin Daily Target ETF
171:BTFL,每日目标2倍做多BITF
171:BUFB,美国大盘缓冲阶梯ETF
171:BUFD,FT阶梯式深度缓冲ETF
171:BUFF,富时阶梯式电力缓冲
171:BUFG,缓冲分配增长ETF
171:BUFH,阶梯式最大缓冲ETF
171:BUFP,PGIM阶梯式标普500
171:BUFQ,阶梯式Nasdaq缓冲ETF
171:BUFR,FT Vest阶梯式缓冲ETF
171:BUFS,阶梯式小型股适度缓冲
171:BUFT,缓冲分配防御性ETF
171:BUFX,阶梯增强适度缓冲ETF
171:BUFY,Vest阶梯国际适度缓冲
171:BUFZ,阶梯式适度缓冲ETF
171:BUSA,Brandes美国价值
171:BUYW,Main BuyWrite ETF
171:BUYZ,颠覆性商业ETF
171:BWTG,Brendan木材TopGun
171:CABZ,自动驾驶汽车与科技
171:CALF,Pacer小盘现金牛市
171:CAOS,Alpha尾部风险ETF
171:CBOA,Calamos Bitcoin Structured Alt Protection ETF – April
171:CBOE,芝加哥期权交易所
171:CBOJ,Calamos Bitcoin Structured Alt Protection ETF – January
171:CBOL,Calamos Laddered Bitcoin Structured Alt Protection ETF
171:CBOO,Calamos Bitcoin Structured Alt Protection ETF – October
171:CBOY,Calamos Bitcoin Structured Alt Protection ETF – July
171:CBTA,Calamos Bitcoin 80 Series Structured Alt Protection ETF – April
171:CBTJ,Calamos Bitcoin 80 Series Structured Alt Protection ETF – January
171:CBTL,Calamos Laddered Bitcoin 80 Series Structured Alt Protection ETF
171:CBTO,Calamos Bitcoin 80 Series Structured Alt Protection ETF
171:CBTY,Calamos Bitcoin 80 Series Structured Alt Protection ETF – July
171:CBXA,Calamos Bitcoin 90 Series Structured Alt Protection ETF – April
171:CBXJ,Calamos Bitcoin 90 Series Structured Alt Protection ETF – January
171:CBXL,Calamos Laddered Bitcoin 90 Series Structured Alt Protection ETF
171:CBXO,Calamos Bitcoin 90 Series Structured Alt Protection ETF
171:CBXY,Calamos Bitcoin 90 Series Structured Alt Protection ETF – July
171:CCUP,2倍做多CRCL每日目标
171:CEFS,萨巴封闭式基金ETF
171:CEFZ,积极收益ETF
171:CEGX,2倍做多CEG每日ETF
171:CEMB,CEMBI广泛多元化ETF
171:CFIT,Cambria固定收益趋势
171:CIFU,2倍做多CIFR每日目标
171:CLSE,多头/空头股票ETF
171:CLSX,2倍做多CLSK每日ETF
171:CLSZ,2倍做空CLSK每日ETF
171:CMCI,UBS到期商品总回报
171:CNAV,Mohr公司Nav ETF
171:CNYA,MSCI中国A国际指数
171:COHX,2倍做多COHR每日ETF
171:COII,COIN增长与收益ETF
171:COIO,2倍做多加速COIN每月
171:COIW,COIN周派息1.2倍做多
171:COMD,Global X商品策略ETF
171:COPA,BITA全球铜矿业精选
171:CORD,2倍做空CRWV每日目标
171:COSW,COST 1.2倍做多ETF
171:COWZ,美国现金牛100指数
171:COZX,2倍做多CORZ每日ETF
171:CPSL,Calamos阶梯标普500
171:CRCD,2倍做空CRCL每日目标
171:CRDU,2倍做多CRDO每日ETF
171:CRMX,2倍做多CRML每日ETF
171:CRWU,2倍做多CRWV每日目标
171:CSEX,每日2倍做多CLS ETF
171:CSM,瑞士信贷130/30大盘股
171:CSTK,Comstock反向股票ETF
171:CTEF,定向股票ETF
171:CTIF,Castellan目标收益ETF
171:CVAR,Cultivar ETF
171:CWII,CRWV增长与收入ETF
171:CWVX,2倍做多CRWV每日ETF
171:DAPR,美股深度缓冲ETF-4月
171:DAUG,美股深度缓冲ETF-8月
171:DDEC,美国深度缓冲ETF-12月
171:DDFD,双向15缓冲ETF-12月
171:DDFF,股票双向15%缓冲-2月
171:DDFJ,双向15缓冲ETF-1月
171:DDFL,双向15缓冲ETF–7月
171:DDFM,股票双向15缓冲-3月
171:DDFN,双向15缓冲ETF-11月
171:DDFO,股票双向15缓冲–10月
171:DDFS,股票双向15缓冲–9月
171:DDLS,动态货币对冲国际小盘
171:DDNQ,成长100双向5缓冲季度
171:DDSQ,双向5缓冲ETF-季度
171:DDTD,双向10缓冲ETF-12月
171:DDTF,股票双向10%缓冲-2月
171:DDTJ,双向10缓冲ETF-1月
171:DDTL,双向10缓冲ETF–7月
171:DDTM,股票双向10缓冲-3月
171:DDTN,双向10缓冲ETF–11月
171:DDTO,股票双向10缓冲–10月
171:DDTS,股票双向10缓冲–9月
171:DDV,定义久期5ETF
171:DDWM,动态货币对冲国际股票
171:DDX,定义久期10ETF
171:DDXX,定义久期20ETF
171:DECM,FT Vest股票缓冲12月
171:DECP,PGIM标普500缓冲12
171:DECT,美国大盘股Buffer 10
171:DECU,股票缓冲15无上限12月
171:DECW,美国大型股Buffer 20
171:DECZ,结构化结果ETF-12月
171:DEFR,Aptus递延收益ETF
171:DFEB,美股深度缓冲ETF-2月
171:DFIC,国际核心股权2 ETF
171:DFIS,国际小盘ETF
171:DFNL,戴维斯选择金融ETF
171:DGJA,股票缓冲与收益-1月
171:DGOC,增强与收益ETF-10月
171:DHDG,股票季度2.5至15缓冲
171:DIHP,国际高盈利ETF
171:DINT,选择国际ETF
171:DISV,国际小盘价值ETF
171:DIVB,美国股息和回购ETF
171:DIVN,Horizon红利收入ETF
171:DJAN,美股深度缓冲ETF-1月
171:DJTU,2倍做多DJT每日目标
171:DJUL,美股深度缓冲ETF-7月
171:DJUN,美股深度缓冲ETF6月
171:DLAG,美股双向缓冲ETF–8月
171:DLFE,美国股票双向缓冲ETF
171:DLNV,美国股票双向缓冲11月
171:DMAR,美股深度缓冲ETF-3月
171:DMAX,iShares大盘最大缓冲
171:DMAY,美股深度缓冲ETF-5月
171:DNOV,美股深度缓冲ETF-11月
171:DOCT,美股深度缓冲ETF10月
171:DOGD,2倍做多DDOG每日ETF
171:DOGG,DJIA Dogs目标收益ETF
171:DOJE,REX-Osprey DOGE ETF
171:DRGN,BITA中国AI精选指数
171:DRNL,无人机自动化2倍做多
171:DRSK,Aptus定义风险ETF
171:DSEP,美股深度缓冲ETF-9月
171:DUBS,Aptus大盘股高收益ETF
171:DURA,晨星股息估值指数
171:DUSA,戴维斯选择美国股票
171:DVVY,景顺多元红利机会ETF
171:DWLD,戴维斯选择全球ETF
171:EALT,美股5-15缓冲ETF-季度
171:EAOA,意识积极分配指数ETF
171:EAOK,意识保守分配指数ETF
171:EAOM,意识中等分配指数ETF
171:EAOR,意识平衡分配指数ETF
171:ECH,智利IMI 25/50指数
171:EDEN,丹麦IMI 25/50指数
171:EDGE,增强型股票1.25倍做多
171:EEMV,新兴市场最低波动指数
171:EFAD,欧澳远东股息大师ETF
171:EFAV,欧澳远东最低波动率
171:EFG,欧澳远东增长指数ETF
171:EFNL,芬兰IMI 25/50指数ETF
171:EFV,欧澳远东价值指数ETF
171:EGUS,MSCI美国增长ESG焦点
171:EHY,以太坊高收益备兑认购
171:EMDV,新兴市场股息指数ETF
171:EMGF,新兴市场股票因素
171:EMHY,高收益债券指数ETF
171:EMTL,双线新兴市场固定收益
171:ENOR,挪威IMI25/50指数ETF
171:ENPX,2倍做多ENPH每日ETF
171:EOSU,2倍做多EOSE每日目标
171:EPRF,标普美国优先股指数
171:EQLT,MSCI新兴市场质量因子
171:ESG,美国ESG精选KPI ETF
171:ESGG,全球ESG精选KPI ETF
171:ESGV,富时美国全盘精选
171:ESK,REX-Osprey ETH+质押
171:ESML,美国小盘扩展关注指数
171:ETHU,以太币2倍做多ETF
171:ETHV,以太坊基准利率指数
171:ETTY,以太坊3%月期权收益
171:ETU,T-Rex 2倍做多以太币
171:EUAD,STOXX欧洲航空航天
171:EUDV,欧洲股息大师指数ETF
171:EUHY,非美高收益指数ETF
171:EUIG,企业回报美元对冲指数
171:EVLU,MSCI新兴市场价值因子
171:EVUS,MSCI美国扩展ESG焦点
171:EWUS,MSCI英国小盘股指数
171:EYLD,新兴股东收益ETF
171:EZBC,Franklin Bitcoin ETF
171:EZET,以太币-美元参考利率
171:EZPZ,CF机构数字资产指数
171:EZU,MSCI EMU指数ETF
171:FAPR,美股缓冲ETF-4月
171:FAUG,美国股票缓冲ETF-8月
171:FB,标普500每日缓冲指数
171:FBCG,罗素1000增长指数ETF
171:FBCV,富达蓝筹价值ETF
171:FBTC,Fidelity Wise Origin Bitcoin Fund
171:FBUF,动态缓冲股票ETF
171:FCLD,Fidelity云计算ETF
171:FCPI,股票通货膨胀指数ETF
171:FCTR,资本大盘因子轮换指数
171:FDEC,美国股票缓冲ETF-12月
171:FDEM,富达新兴市场多因素
171:FDEV,国际多因素指数ETF
171:FDND,道琼斯互联网目标收入
171:FDRV,电动车与未来交通ETF
171:FEBM,FT Vest股票2月缓冲
171:FEBP,PGIM标普500缓冲2月
171:FEBT,大盘股Buffer10 ETF
171:FEBU,安联美国股票缓冲15
171:FEBW,大盘股Buffer20 ETF
171:FEBZ,结构化结果ETF-2月
171:FETH,富达以太坊指数
171:FFDI,富达基本面发展国际
171:FFEB,美国股票缓冲ETF-2月
171:FFEM,富达基本面新兴市场
171:FFF,创始人100 ETF
171:FFGX,富达基本面全球除美国
171:FFLC,基本面大盘核心ETF
171:FFLG,基本面大盘成长ETF
171:FFLV,基本面大盘价值ETF
171:FFOG,富兰克林聚焦增长ETF
171:FFSM,基本面小型中型ETF
171:FGRU,2倍做多FIGR每日目标
171:FHDG,美国股票季度动态缓冲
171:FHEQ,Fidelity对冲股票ETF
171:FJAN,美国股票缓冲ETF-1月
171:FJUL,美国股票缓冲ETF-7月
171:FJUN,美国股票缓冲ETF-6月
171:FLAO,美国股票6个月FLOR5
171:FLBL,富兰克林高级贷款ETF
171:FLDR,低期投资等级因素ETF
171:FLDZ,RiverNorth爱国者ETF
171:FLHY,高收益公司ETF
171:FLIA,国际综合债券ETF
171:FLJJ,美国股票6个月跌停5
171:FLOT,美国浮动利率债券ETF
171:FLQL,美国大盘股指数ETF
171:FLQM,美国中盘股指数ETF
171:FLQS,美国小盘股指数ETF
171:FLXI,景顺灵活收益ETF
171:FLXN,Horizon灵活收益ETF
171:FLYT,2倍做多FLY每日ETF
171:FMAG,富达麦哲伦ETF
171:FMAR,美国股票缓冲ETF-3月
171:FMAY,美国股票缓冲ETF-5月
171:FNOV,美国股票缓冲ETF-11月
171:FOCT,美国股票缓冲ETF-10月
171:FORH,Formidable ETF
171:FOWF,Whitney战争未来指数
171:FPAG,FPA全球股票ETF
171:FPAS,FPA短期政府债券
171:FPFD,富达优先证券和收入
171:FPRO,富达房地产投资ETF
171:FRDM,Freedom 100新兴市场
171:FRNW,富达清洁能源指数ETF
171:FSEP,美国股票缓冲ETF-9月
171:FYEE,收益增强型股票ETF
171:FYLD,外国股东收益率ETF
171:GAA,全球资产配置ETF
171:GAPR,美国股票缓冲ETF-4月
171:GARP,美国质量GARP精选指数
171:GAUG,美国股票8月缓冲
171:GBXA,高盛美国大盘股缓冲
171:GCOW,全球现金股息指数ETF
171:GDE,黄金策略1.8倍做多ETF
171:GDEC,12月美国股票适度缓冲
171:GDMA,动态多资产ETF
171:GDMN,高效黄金加黄金矿业
171:GDT,高效TIPS加码黄金基金
171:GDXW,黄金矿工1.2倍做多ETF
171:GEMD,新兴市场美元债券ETF
171:GEVX,2倍做多GEV每日ETF
171:GFEB,美国股票温和缓冲ETF
171:GHTA,战术分配ETF
171:GHYG,发展市场高收益指数
171:GIF,增长与收入全宇宙ETF
171:GJAN,美国适度缓冲ETF-1月
171:GJUL,美国股票适度缓冲7月
171:GJUN,美国股票适度缓冲6月
171:GLBL,MSCI世界里卡多优势
171:GLDW,黄金周付1.2倍做多ETF
171:GLXU,2倍做多GLXY每日目标
171:GMAR,股票温和缓冲ETF-3月
171:GMAY,美国股票缓冲-5月
171:GMEU,2倍做多GME每日目标
171:GMOM,全球动量指数ETF
171:GNOV,FT美国股票缓冲11月
171:GOCT,美股适度缓冲ETF10月
171:GOLY,黄金支持债券指数ETF
171:GOOP,收益率溢价策略谷歌A
171:GOOW,GOOGL每周1.2倍做多
171:GOOX,每日两倍做多谷歌C
171:GOP,颠覆性共和党交易ETF
171:GOVT,美国国债核心债券
171:GOVZ,银行做多国债本金剥离
171:GROZ,Zacks焦点增长ETF
171:GSEE,新兴市场大中型股ETF
171:GSEP,9月股票适度缓冲ETF
171:GSEW,美国大型股等权重ETF
171:GSID,发达市场大中型股ETF
171:GSST,高盛超短期债券ETF
171:GSUS,美国大中型股指数ETF
171:GSWO,ActiveBeta世界股票NR
171:GTIP,富时高盛国债保值美元
171:GTOC,核心固定收益ETF
171:GTOH,短久期高收益ETF
171:GTOS,Invesco短期债券ETF
171:GVAL,全球价值ETF
171:GVI,美国中级政府/信贷ETF
171:HAUS,住宅REIT ETF
171:HBTC,Fortuna Hedged Bitcoin ETF
171:HCRB,哈特福德核心债券ETF
171:HEEM,新兴市场100%美元对冲
171:HEFA,EAFE 100%对冲美元ETF
171:HEGD,对冲股票美国大盘ETF
171:HELX,基因组发展ETF
171:HEMI,股票溢价收益ETF
171:HFGO,大盘股成长型ETF
171:HFSI,策略收益ETF
171:HIMU,高收益市政主动型ETF
171:HODL,VanEck Bitcoin ETF
171:HOII,HOOD增长与收益ETF
171:HOOW,HOOD每周1.2倍做多ETF
171:HTUS,Hull战术美国ETF
171:HUMN,人形机器人ETF
171:HYBL,道富黑石高收益ETF
171:HYD,高收益市政债券转换
171:HYDB,高收益系统性债券指数
171:HYGW,Cboe HYG买入指数ETF
171:HYHG,高收益率国债对冲ETF
171:HYIN,流动性替代信贷ETF
171:HYKE,Vest 2年期利率对冲
171:IAGG,10%发行人上限指数ETF
171:IAUI,NEOS黄金高收入ETF
171:IBHF,2026长期高收益和收入
171:IBHG,2027长期高收益和收入
171:IBHH,2028年长期高收益ETF
171:IBHI,2029年长期高收益ETF
171:IBHJ,彭博2030长期高收益
171:IBHK,2031期限高收益和收入
171:IBHL,彭博2032高收益和收入
171:IBMO,标普调整后2026年ETF
171:IBMP,标普调整后2027年ETF
171:IBMQ,标普调整后2028年ETF
171:IBMR,2029年期限市政债券
171:IBMS,无市政可赎回2030指数
171:IBMT,无市政系列可赎回2031
171:ICF,房地产专业指数ETF
171:ICLO,浮动利率债券ETF
171:ICOW,国际现金牛100指数
171:ICSH,iShares超短期债券
171:ICVT,美国可转换债券ETF
171:IDUB,国际增强收益ETF
171:IDV,道琼斯EPAC精选股息
171:IDVZ,波伦国际股息收入ETF
171:IEDI,美国消费者焦点ETF
171:IEFA,欧澳远东可投资指数
171:IEO,美国精选石油勘探生产
171:IETC,美国科技独立ETF
171:IFRA,美国基础设施指数ETF
171:IGE,标普北美自然资源部门
171:IGEB,投资级系统性债券ETF
171:IGHG,企业投资等级做空ETF
171:IGLD,黄金策略目标收益ETF
171:IGRO,晨星非美股息增长指数
171:IGV,北美技术软件指数ETF
171:IMF,Invesco管理期货策略
171:IMFL,非美动态多因素ETF
171:IMTG,景顺机构MBS ETF
171:INDA,MSCI印度指数ETF
171:INTL,主要国际ETF
171:INTM,Invesco中级市政ETF
171:IPAV,全球X基础设施发展
171:IQDG,国际质量红利增长
171:IQM,富兰克林智能机器ETF
171:IREX,2倍做多IREN每日ETF
171:IREZ,2倍做空IREN每日ETF
171:IROC,高收益市政债券ETF
171:ISBG,IncomeSTKd 1x Bitcoin & 1x Gold Premium ETF
171:ISMF,管理期货活跃ETF
171:ISPY,标普500每日备兑看涨
171:ISSB,IncomeSTKd 1x US Stocks & 1x Bitcoin Premium ETF
171:ISVL,小型股集中价值ETF
171:ITA,美国精选国防指数ETF
171:ITB,美国精选住房建设
171:ITM,中级国家市政
171:ITOL,Tema国际耐用品质ETF
171:ITWO,罗素2000每日备兑
171:IVVB,大盘股深度季度阶梯
171:IVVM,大盘股中等季度阶梯
171:IVVW,CBOE标普500增强
171:IWMI,罗素2000高收入ETF
171:IWMW,CBOE富时罗素IWM指数
171:IYJ,罗素工业上限指数ETF
171:IYLD,晨星多资产高收入
171:IYRI,NEOS房地产高收益ETF
171:IYT,标普运输行业FMC上限
171:IYZ,罗素电信上限指数ETF
171:IZRL,ARK以色列创新指数ETF
171:JAJL,6个月股权保护ETF
171:JANB,Aptus 1月缓冲ETF
171:JANH,溢价收入屏障20-1月
171:JANI,股票缓冲15无上限一月
171:JANJ,溢价收入屏障30-1月
171:JANM,FT Vest美国股票1月
171:JANP,标普500缓冲12-1月
171:JANT,美国大盘股缓冲10一月
171:JANU,股票缓冲15无上限1月
171:JANW,美国大盘股缓冲20一月
171:JANZ,结构化结果ETF-1月
171:JBBB,B-BBB CLO ETF
171:JCPB,摩根大通核心加债券
171:JCPI,通胀管理债券ETF
171:JEMA,新兴市场股票ETF
171:JMST,超短期市政收入ETF
171:JMUB,摩根大通市政ETF
171:JNEU,美股缓冲15无上限6月
171:JOBX,2倍做多JOBY每日ETF
171:JOYT,股票和期权总回报ETF
171:JPHY,主动高收益ETF
171:JPIB,全球债券机会ETF
171:JPLD,摩根大通有限期限债券
171:JUCY,Aptus增效收益ETF
171:JULB,Aptus 7月缓冲ETF
171:JULH,7月创新收入屏障20
171:JULJ,7月创新收入屏障30
171:JULM,股票最大缓冲ETF-7月
171:JULP,标普500价格回报7月
171:JULT,大型股缓冲10 7月ETF
171:JULU,7月股票缓冲15无上限
171:JULW,大型股缓冲20 7月ETF
171:JULZ,标普500缓冲保护7月
171:JUNM,FT美国6月最大缓冲
171:JUNP,标普500缓冲12 6月
171:JUNT,美国大盘股缓冲10
171:JUNW,美国大盘股缓冲20
171:JUNZ,结构化结果ETF-6月
171:JXX,转型增长ETF
171:KAMO,信贷机会ETF
171:KAPR,罗素2000指数ETF-4月
171:KAUG,8月小盘股动力缓冲ETF
171:KCOP,铜矿与矿业增强收益
171:KDEC,12月小型股动力缓冲
171:KFEB,小盘股动力缓冲ETF2月
171:KGLD,Kurv黄金增强收益ETF
171:KHPI,Kensington对冲溢价
171:KJAN,罗素2000指数ETF-1月
171:KJUL,罗素2000指数ETF-7月
171:KJUN,美国小型股动力缓冲
171:KMAR,小盘股强力缓冲-3月
171:KMAY,美国小盘股缓冲5月
171:KNG,Cboe标普500红利收入
171:KNOV,11月美国小盘股电力
171:KNOW,基本面第一ETF
171:KOCT,罗素2000指数ETF-10月
171:KONG,强大堡垒ETF
171:KSEP,罗素2000指数-9月
171:KSLV,Kurv白银增强收益ETF
171:KTUP,2倍做多KTOS每日ETF
171:KWT,精选规模流动性上限
171:KYLD,Kurv高收益ETF
171:LABX,2倍做多ALAB每日ETF
171:LAPR,溢价收益15缓冲ETF
171:LBO,公开上市私募ETF
171:LCAP,信安资本增值精选ETF
171:LCF,Touchstone美国大盘股
171:LCOW,标普500优质现金流
171:LDDR,LifeX 2035收益桶ETF
171:LEAD,领导者股息指数ETF
171:LENS,Sarmaya主题ETF
171:LEUX,2倍做多LEU每日ETF
171:LFAI,2050长寿收益ETF
171:LFAO,2055长寿收益ETF
171:LFAW,2060长寿收益ETF
171:LFBE,2065长寿收益ETF
171:LFDR,LifeX持久收益
171:LIAE,2050通货膨胀保护长寿
171:LIAM,2055通货膨胀保护长寿
171:LIAU,2060通货膨胀保护长寿
171:LIBD,2065通胀保值长寿收益
171:LIFT,2028目标收益配置ETF
171:LIMI,BITA全球锂电池金属
171:LITX,2倍做多LITE每日ETF
171:LJAN,溢价收入屏障15-1月
171:LJUL,7月高收益15缓冲ETF
171:LKOR,公司债券价值指数ETF
171:LLII,LLY增长与收益ETF
171:LNOK,每日目标2倍做多NOK
171:LOCT,收益15缓冲ETF-10月
171:LQDI,BlackRock对冲债券
171:LQDW,Cboe LQD买入指数ETF
171:LRCU,2倍做多LRCX每日ETF
171:LUNL,每日目标2倍做多LUNR
171:LVDS,基础数据科学价值ETF
171:LVHI,国际低波动高股息对冲
171:LYLD,Cambria大盘股东
171:MAGA,美国第一指数ETF
171:MAGC,中国七大科技巨头ETF
171:MAGO,辉煌七巨头收益增强型
171:MAGS,Roundhill宏伟七ETF
171:MAGX,每日2倍做多宏伟七ETF
171:MAGY,瑰丽7备兑看涨ETF
171:MAMB,大使收入指数ETF
171:MARM,股票最大缓冲ETF-3月
171:MARS,空间与技术ETF
171:MART,美国大盘股缓冲10ETF
171:MARU,股票缓冲15无上限MAR
171:MARW,美国大盘股缓冲20三月
171:MARZ,结构化结果ETF-3月
171:MAXJ,6月iShares大盘股缓冲
171:MAYM,美国股票最大缓冲ETF
171:MAYP,标普500缓冲12-5月
171:MAYT,美国大盘股缓冲10-5月
171:MAYU,美国股票缓冲15无上限
171:MAYW,美国大市值缓冲20-5月
171:MAYZ,结构化结果ETF-5月
171:MBBA,主动抵押贷款支持证券
171:MBBB,美BBB公司债券指数ETF
171:MBCC,蓝筹股核心指数ETF
171:MBND,Nuveen市政债券ETF
171:MBNE,市政债券ESG ETF
171:MCOW,标普400 FCF贵族指数
171:MDBX,2倍做多MDB每日ETF
171:MDEV,医疗器械指数ETF
171:MDLV,Morgan大盘股市值ETF
171:MDPL,红利加码指数ETF
171:MEAR,iShares短期市政债券
171:MEMY,MEME股票收益爆破ETF
171:METW,META每周1.2倍做多ETF
171:MFUL,Mindful保守型ETF
171:MFUT,Chesapeake纯趋势ETF
171:MIG,美国投资公司债券
171:MILK,Pacer美国现金债券ETF
171:MINN,明尼苏达市政债券ETF
171:MLN,ICE长久全国市政转型
171:MLPI,MLP能源基础设施收益
171:MMAX,大盘股最大缓冲市场
171:MOAT,Wide Moat关注指数ETF
171:MOTG,护城河焦点指数ETF
171:MOTI,全球非美护城河焦点
171:MPLY,垄断ETF
171:MPRO,ProCap指数ETF
171:MRCP,标普500缓冲12-3月
171:MRGR,标普合并套利指数ETF
171:MSFW,MSFT每周1.2倍做多ETF
171:MSFX,微软每日2倍做多ETF
171:MSFY,Kurv微软产量溢价战略
171:MSII,MSTR增长与收益ETF
171:MSMR,Sheffield管理风险ETF
171:MSOO,2倍做多加速MSTR每月
171:MSSS,精选细分行业指数ETF
171:MSST,MSTR表现与分配目标25
171:MSTB,市场状态战术贝塔ETF
171:MSTK,MSTR 0DTE看涨期权ETF
171:MSTQ,拉萨市场国家战术ETF
171:MSTU,2倍做多MSTR每日目标
171:MSTW,MSTR每周1.2倍做多ETF
171:MSTZ,2倍做空MSTR每日目标
171:MTRA,国际成长焦点ETF
171:MTUM,美国动量SR变异ETF
171:MUNY,标普纽约AMT-债券指数
171:MVAL,晨星美国广义宽护城河
171:MVFD,成交量因子红利树
171:MVFG,成交量全球无约束
171:MYLD,微和小盘股股东收益率
171:NANC,颠覆性民主交易ETF
171:NAPR,成长100强力缓冲-4月
171:NAUG,8月增长100动力缓冲
171:NBIZ,2倍做空NBIS每日ETF
171:NDEC,12月100动力缓冲ETF
171:NDOW,Anydrus优势ETF
171:NEAR,iShares短期债券
171:NEBX,2倍做多NBIS每日ETF
171:NEHI,Neos以太坊高收益ETF
171:NELS,Nelson精选ETF
171:NERD,全球视频游戏软件
171:NFEB,成长-100动力缓冲ETF
171:NFLP,Kurv产量溢价Netflix
171:NFLU,2倍做多NFLX每日目标
171:NFLW,NFLX每周1.2倍做多ETF
171:NIHI,MSCI EAFE高收入ETF
171:NJAN,成长100强力缓冲-1月
171:NJUL,成长100强力缓冲-7月
171:NJUN,增长100动力缓冲ETF
171:NLSI,NEOS多空股票收益ETF
171:NMAR,100强力缓冲ETF-3月
171:NMAY,成长100动力缓冲5月
171:NNEX,每日2倍做多NNE ETF
171:NNOV,11月成长100动力缓冲
171:NOBL,标普股息贵族指数ETF
171:NOCT,纳斯达克100指数ETF
171:NODE,VanEck上链经济ETF
171:NOVM,11月美国股票最大缓冲
171:NOVP,标普500缓冲12-11月
171:NOVZ,结构化结果ETF-11月
171:NPFE,NPF核心股票ETF
171:NSEP,成长100动力缓冲-9月
171:NUDM,国际发达市场股票指数
171:NUDV,ESG美国高股息指数ETF
171:NUEM,ESG新兴市场股权ETF
171:NULC,ESG美国大型股指数ETF
171:NULG,美国大盘成长指数ETF
171:NULV,美国大盘价值指数ETF
171:NUMG,美国中盘成长指数ETF
171:NUMV,美国中盘价值指数ETF
171:NURE,短期房地产投资信托
171:NUSC,ESG美国小盘指数ETF
171:NVBT,SPDR标普500信托
171:NVBU,11月美国股票缓冲
171:NVBW,美国大盘股缓冲十一月
171:NVDO,2倍做多加速NVDA每月
171:NVDQ,T-Rex 2倍做空NVIDIA
171:NVDW,NVDA每周1.2倍做多
171:NVDX,T-Rex 2倍做多NVIDIA
171:NVII,NVDA增长与收益ETF
171:NVIT,NVDA表现与分配目标25
171:NVTX,2倍做多NVTS每日ETF
171:NXTI,NEXT无形核心指数ETF
171:OBND,机会主义债券ETF
171:OCTB,Aptus 10月缓冲ETF
171:OCTH,收益20壁垒ETF-10月
171:OCTJ,收益30壁垒ETF-10月
171:OCTM,10月美国股票最大缓冲
171:OCTP,标普500缓冲12–10月
171:OCTT,美国大盘缓冲10十月
171:OCTU,AllianzIM美国股票
171:OCTW,美国大盘缓冲20十月
171:OCTZ,结构化结果ETF-10月
171:OILK,商品平衡原油指数ETF
171:OMFL,动态多因素指数ETF
171:OMFS,罗素动态多因素ETF
171:ONDL,每日目标2倍做多ONDS
171:ONDU,2倍做多ONDS每日ETF
171:ONEH,股票对冲ETF
171:ONEZ,TrueShares季节性ETF
171:OPEX,2倍做多OPEN每日ETF
171:ORO,Arrow Valtoro ETF
171:OSCV,Opus小盘价值ETF
171:OVB,叠加股份核心债券ETF
171:OVF,叠加股票外国股票ETF
171:OVL,叠加股票大盘股ETF
171:OVLH,叠加股票对冲大盘股
171:OVM,叠加股票市政债券ETF
171:OVS,叠加股票小盘股ETF
171:OVT,叠加股票短期债券ETF
171:PAAU,2倍做多PAAS每日目标
171:PAPR,美股功率缓冲ETF-4月
171:PATX,2倍做多PATH每日ETF
171:PAUG,美股强力缓冲ETF-8月
171:PAVE,美国基础设施发展指数
171:PAWZ,FactSet宠物护理指数
171:PAYH,标普对冲结构化高收益
171:PAYM,标普对冲结构中等收益
171:PAYR,增强收益ETF
171:PBAP,标普500缓冲20–4月
171:PBAU,标普500缓冲20-8月
171:PBDE,标普500缓冲20-12月
171:PBFB,标普500缓冲20-2月
171:PBFR,标普500缓冲20ETF
171:PBJA,标普500缓冲20–1月
171:PBJL,标普500缓冲20–7月
171:PBJN,标普500缓冲20-6月
171:PBL,PGIM投资组合镇流器
171:PBMR,标普500缓冲20-3y
171:PBMY,标普500缓冲20-5y
171:PBNV,标普500缓冲20-11月
171:PBOC,标普500缓冲20-10月
171:PBP,标普BuyWrite指数ETF
171:PBSE,标普500缓冲20-9月
171:PBTP,美国通胀挂钩国债指数
171:PBUS,MSCI美国指数ETF
171:PCI,公司债券5-10年期ETF
171:PCL,公司债券10+年期ETF
171:PCS,公司债券0-5年期ETF
171:PDEC,美国股票动力缓冲12月
171:PEX,直接上市私募股权指数
171:PFEB,美股强力缓冲ETF-2月
171:PICK,精选金属和采矿生产商
171:PIEL,国际出口领军者指数
171:PIEQ,Principal国际股票
171:PIPE,MLP与能源基础设施ETF
171:PIT,VanEck商品策略ETF
171:PJAN,创新美国股票功率缓冲
171:PJBF,PGIM更好未来ETF
171:PJFM,PGIM专注中盘ETF
171:PJUL,标普500指数ETF-7月
171:PJUN,标普500价格回报6月
171:PLGI,PL成长与收益ETF
171:PLOO,2倍做多加速PLTR每月
171:PLTI,PLTR增长与收益ETF
171:PLTW,PLTR每周1.2倍做多
171:PLU,每日目标2倍做多PL
171:PMAP,标普500最大缓冲4月
171:PMAR,美国股票动力缓冲3月
171:PMAU,标普500最大缓冲-8月
171:PMAY,美国股票动力缓冲5月
171:PMDE,标普500最大缓冲12月
171:PMFB,PGIM标准最大缓冲ETF
171:PMJA,PGIM标普500最大缓冲
171:PMJL,标普500最大缓冲-7月
171:PMJN,6月PGIM标普500ETF
171:PMMR,PGIM标普500-3月
171:PMMY,PGIM标普500缓冲5月
171:PMNV,标普500ETF–11月
171:PMOC,标普500最大缓冲10月
171:PMSE,标普500最大缓冲-9月
171:PNOV,标普500价格回报11月
171:POCT,美股功率缓冲ETF-10月
171:PONX,2倍做多PONY每日ETF
171:PRNT,总3D打印指数ETF
171:PSCJ,天鹅SOS保守型7月ETF
171:PSCQ,Swan SOS保守型ETF
171:PSCW,Swan SOS保守4月ETF
171:PSCX,Swan SOS保守一月ETF
171:PSDM,PGIM短期多部门债券
171:PSEP,美国股票动力缓冲ETF
171:PSFD,Swan SOS Flex一月ETF
171:PSFF,Swan SOS基金ETF
171:PSFJ,天鹅SOSFlex7月ETF
171:PSFM,Swan SOS Flex4月ETF
171:PSFO,Swan SOS弹性ETF
171:PSH,PGIM短期高收益ETF
171:PSMD,Swan SOS中度一月ETF
171:PSMJ,标普500ETF-Pacer
171:PSMO,Swan SOS中等ETF
171:PSMR,Swan SOS中度4月ETF
171:PTEU,Trendpilot欧洲指数
171:PTLC,美国大盘股指数ETF
171:PTMC,中盘股Trendpilot
171:PVEX,可转换股票ETF
171:PWS,Pacer财富保护指数ETF
171:QBER,季度做空对冲ETF
171:QBF,Innovator Uncapped Bitcoin 20 Floor ETF – Quarterly
171:QBSF,美国股票缓冲15 ETF
171:QBTX,2倍做多QBTS每日ETF
171:QBUL,季度做多对冲ETF
171:QCAP,NASDAQ100保守缓冲ETF
171:QCJA,纳斯达克100保守-1月
171:QCJL,FT Vest纳斯达克100
171:QCOC,纳斯达克100保守缓冲
171:QDEC,纳斯达克缓冲ETF-12月
171:QDTE,0DTE备兑看涨策略ETF
171:QETH,ETH/USD汇率ETF
171:QFHD,标普500质量FCF高股息
171:QFRD,标普500 FCF研发领先
171:QHY,美国高收益公司债券
171:QIG,WisdomTree美国债券
171:QJUN,纳斯达克100缓冲6月
171:QLC,质量大盘指数ETF
171:QMAG,纳斯达克100适度缓冲
171:QMAR,纳斯达克缓冲ETF–3月
171:QMFE,2月Nasdaq-100缓冲ETF
171:QMMY,5月NASDAQ100中度缓冲
171:QMNV,11月纳斯达克100温和
171:QSIG,美国短期公司债券ETF
171:QSOL,Solana参考利率ETF
171:QSPT,纳斯达克100缓冲ETF
171:QTAC,Q3全季战术优势ETF
171:QTAP,成长加速3倍做多
171:QTJA,增长加速3倍做多-1月
171:QTJL,创新者加速3倍做多
171:QTOC,增长加速3倍做多-10月
171:QUAL,MSCI美国行业中性质量
171:QUBX,2倍做多QUBT每日ETF
171:QUVU,Hartford质量价值ETF
171:QVOY,Q3全赛季活跃轮换ETF
171:RB,罗素2000每日缓冲指数
171:RBLU,2倍做多RBLX每日目标
171:RBUF,美国小盘股10季度缓冲
171:RDFI,动态固定收益ETF
171:RDTE,罗素2000备兑看涨
171:RDVI,红利增长优胜目标收益
171:RDWU,2倍做多RDW每日目标
171:REGL,中盘股息贵族指数ETF
171:REM,全部抵押贷款上限ETF
171:RGTU,2倍做多RGTI每日ETF
171:RKTL,每日目标2倍做多RKT
171:RMIF,LHA风险管理收益ETF
171:RMME,政府货币市场ETF
171:ROBN,2倍做多HOOD每日目标
171:ROMO,解决股票动量指数ETF
171:RPHS,对冲市场策略ETF
171:RSBA,债券&套利2倍做多
171:RSBT,债券管理期货2倍做多
171:RSBY,回报债券期货2倍做多
171:RSEE,Rareview系统股票ETF
171:RSSB,股票&债券2倍做多
171:RSST,股票管理期货2倍做多
171:RSSX,Return Stacked U.S. Stocks & Gold/Bitcoin ETF
171:RSSY,美股期货收益2倍做多
171:RTAI,税收优惠收入ETF
171:RTRE,总回报债券ETF
171:RULE,自适应核心ETF
171:RVRB,Reverb Etf
171:RYSE,Vest 10年期利率对冲
171:SATO,货币股票信托和ETPs
171:SAUG,小型股8月适度缓冲
171:SBTU,2倍做多SBET每日ETF
171:SCEC,Sterling增强型核心
171:SCEP,对冲股票溢价收益ETF
171:SCLZ,Swan增强红利收益ETF
171:SCMC,多策略收益ETF
171:SCNM,国家市政债券ETF
171:SCOW,标普600 FCF贵族指数
171:SDVD,SMID上升股息收益
171:SECT,主要板块轮动ETF
171:SECU,证券化收入主动ETF
171:SEIM,美国大盘动量因子ETF
171:SEIQ,美国大盘优质因子ETF
171:SEIV,美国大盘价值因子ETF
171:SELV,低波动性美国大盘ETF
171:SEPM,9月FT Vest美国股票
171:SEPP,标普500缓冲12-9月
171:SEPT,大盘股9月缓冲10
171:SEPU,九月股票缓冲15无上限
171:SEPW,大盘股9月缓冲20
171:SEPZ,Cboe标普500缓冲保护
171:SFEB,美国小型股温和缓冲
171:SFTY,Horizon管理风险ETF
171:SHAG,美国短期综合收益
171:SHDG,标普500买卖策略
171:SHYD,高收益市政债券
171:SHYM,短久期高收益Muni主动
171:SIXD,美国大盘6个月缓冲10
171:SIXF,6个月缓冲10 2月/8月
171:SIXJ,标普500价格回报
171:SIXO,美国大盘股6个月缓冲
171:SIXP,6个月缓冲10 3月/9月
171:SIXZ,6个月缓冲10 5月/11月
171:SLVP,精选银矿生产商
171:SMAX,大盘股9月最大缓冲
171:SMAY,美国小型股缓冲-5月
171:SMB,短期全美市政指数ETF
171:SMDV,罗素2000股利增长ETF
171:SMIN,印度小盘股指数ETF
171:SMMD,罗素2500指数ETF
171:SMMV,MSCI最低波动指数
171:SMOT,美国中小市值重点壕沟
171:SMQ,做空创新100月度ETF
171:SMU,2倍做多SMR每日ETF
171:SMUP,2倍做多SMR每日目标
171:SMZ,2倍做空SMR每日ETF
171:SNAV,Mohr行业导航ETF
171:SNDU,2倍做多SNDK每日目标
171:SNOU,2倍做多SNOW每日目标
171:SNOV,FT美国小盘缓冲11月
171:SNPD,标普高收益股息贵族
171:SNPG,标普500成长评分
171:SNPX,每日2倍做多SNPS ETF
171:SNXX,2倍做多SNDK每日ETF
171:SOLM,3%月期权收益ETF
171:SOLX,2倍做多SOL每日目标
171:SPBU,Buffer15无上限配置
171:SPBW,安联Buffer20配置ETF
171:SPBX,安联6个月Buffer10
171:SPCI,航天产业收益爆破ETF
171:SPCZ,增强型并购前SPAC ETF
171:SPIN,美国股票溢价收益ETF
171:SPLS,美股PLUS主动型债券
171:SPYA,Twin Oak耐久ETF
171:SPYH,标普500对冲股票收益
171:SPYI,NEOS标普500高收入ETF
171:SQMX,FT Vest美国股票缓冲
171:SRPU,2倍做多SRPT每日ETF
171:SSK,SOL+质押1倍做多ETF
171:STBF,业绩信托短债ETF
171:STEN,大盘股9月10%目标缓冲
171:STOT,双线短期总回报战术
171:STOX,Horizon核心股票ETF
171:SVAL,罗素聚焦价值精选ETF
171:SVIX,短期VIX期货做空ETF
171:SVXY,短期恐慌0.5倍做空
171:SYLD,股东收益ETF
171:SYSB,固定收益均衡风险指数
171:TAIL,尾部风险ETF
171:TAPR,股票定义至2027年4月
171:TBJL,20年国债9缓冲ETF-7月
171:TDAQ,创新100成长每日收益
171:TDAX,TDAQ 1.3倍做多提升
171:TDEC,FT Vest新兴市场缓冲
171:TDV,技术股息贵族指数ETF
171:TDVI,FT Vest科技股息收益
171:TEMT,2倍做多TEM每日ETF
171:TEMX,资本新兴市场不含中国
171:TEND,大盘股10%目标缓冲
171:TENJ,大盘股10%缓冲六月ETF
171:TENM,大盘股10%缓冲三月ETF
171:TEST,TSLA表现与分配目标25
171:TETH,CME CF以太币
171:TFJL,20年国债5级ETF-季度
171:TGLR,LAFFER股票收益
171:TILT,美国因素倾斜指数ETF
171:TJAN,创新者股权定保-2年
171:TJUL,SPDR标普500信托ETF
171:TJUN,新兴市场缓冲ETF–6月
171:TLDR,阶梯式国债ETF
171:TLTI,NEOS收益20年以上国债
171:TLTP,彭博美国国债20
171:TLTW,OTM买卖策略指数ETF
171:TLTX,国债增强收益ETF
171:TMAR,新兴市场缓冲3月
171:TMAT,MSCI ACWI指数ETF
171:TMDV,罗素股利精英指数ETF
171:TMFC,Motley Fool100指数
171:TMFE,资本效率100指数ETF
171:TMFG,全球机会ETF
171:TMFM,中盘成长型ETF
171:TMFS,小盘股成长型ETF
171:TMFX,新兴指数ETF
171:TOCT,股票定义保护ETF
171:TOKE,Cambria大麻ETF
171:TOLL,Tema耐用品质ETF
171:TOS,战略解决方案ETF
171:TOXR,XRP美元利率纽约变式
171:TPAY,标普500目标10管理
171:TRIO,MC Trio股票缓冲ETF
171:TRPA,哈特福德AAA CLO ETF
171:TRSY,ICE美国国债短期债券
171:TRTY,三位一体ETF
171:TSEP,9月FT Vest新兴市场
171:TSII,TSLA增长与收入ETF
171:TSLO,2倍做多加速TSLA每月
171:TSLP,Kurv产量溢价特斯拉
171:TSLT,T-Rex 2倍做多特斯拉
171:TSLW,TSLA周息1.2倍做多
171:TSLZ,T-Rex 2倍做空特斯拉
171:TSOL,CF索拉纳纽约变体ETF
171:TSPX,Twin Oak活跃机会ETF
171:TSYW,国债周付1.2倍做多ETF
171:TTDU,2倍做多TTD每日ETF
171:TUSI,超短收益ETF
171:TWOX,标准普尔500指数
171:TYA,简化中期国债期货策略
171:TYLD,Cambria战术收益ETF
171:UAPR,美股超强力缓冲-四月
171:UAUG,标普500价格回报8月
171:UBEW,UBER 1.2倍做多ETF
171:UDEC,标普500价格回报12月
171:UFEB,标普500价格回报2月
171:UFOD,Capital UFO披露ETF
171:UJAN,创新者美国股票超缓冲
171:UJUL,美股超缓冲ETF-7月
171:UJUN,Innovator超级缓冲6月
171:UMAR,美国股票超缓冲3月
171:UMAY,美国股票超缓冲5月
171:UNHW,UNH周付1.2倍做多ETF
171:UNOV,Innovator缓冲11月
171:UNX,2倍做多U每日ETF
171:UOCT,美股超缓冲ETF十月
171:UPSD,Aptus大盘股上涨型
171:UPSX,2倍做多UPST每日ETF
171:URAN,BITA全球铀和核能精选
171:USAX,2倍做多USAR每日ETF
171:USEP,美国股票超缓冲ETF9月
171:USEW,Cambria美国等权重ETF
171:USHY,美国高收益约束ETF
171:USLN,美国杠杆贷款广谱精选
171:USMF,WisdomTree美国多因素
171:USMV,美国最低波动率ETF
171:UVIX,多头波动期货两倍做多
171:UVXY,恐慌指数1.5倍做多
171:UX,Roundhill铀ETF
171:UXAP,美股无封顶加速器4月
171:UXJA,FT Vest无封顶加速器
171:UXJL,美国股票无封顶加速器
171:UXOC,10月美国股票无上限
171:VAMO,威尔士价值和动量ETF
171:VCEB,MSCI美国公司SRI ETF
171:VCRM,Vanguard核心免税债券
171:VDIG,股息增长主动型ETF
171:VEGN,美国素食气候指数ETF
171:VFMF,美国多因素ETF
171:VFMO,美国动量因素ETF
171:VFMV,美国最小波动率ETF
171:VFQY,美国品质因素ETF
171:VFVA,美国价值因素ETF
171:VGHY,高收益主动ETF
171:VGMS,多部门收益债券ETF
171:VIXM,中期期货恐慌指数ETF
171:VIXY,短期期货恐慌指数ETF
171:VLUE,美国增强价值指数ETF
171:VMAX,Hartford美国价值ETF
171:VNM,越南本地指数ETF
171:VOYX,2倍做多VOYG每日ETF
171:VSDB,短久期债券ETF
171:VSDM,Vanguard短期免税债券
171:VSGX,富时全球全盘指数ETF
171:VTEC,标普加州市政债券ETF
171:VTEI,中期全国无市政债券
171:VTEL,标普无AMT债券指数ETF
171:VUSB,美国财政风向标1年期
171:VUSG,美国增长主动型ETF
171:VUSV,美国价值主动型ETF
171:VWID,WMC国际股息ETF
171:VXX,标普500短期期货回报
171:VXZ,标普500 VIX期货回报
171:WDCX,2倍做多WDC每日ETF
171:WDNA,生物进化指数ETF
171:WEED,Roundhill大麻ETF
171:WEEK,Roundhill每周国库券
171:WLDR,亲和世界领袖指数ETF
171:WLDU,2倍做多全球股票每日
171:WMTI,WMT增长与收益ETF
171:WPAY,每周派息1.2倍做多
171:WQTM,经典量子计算指数基金
171:WTAI,人工智能与创新指数
171:WTLS,高效做多做空美国股票
171:WUGI,AXS神秘特效一代经济
171:WULX,2倍做多WULF每日ETF
171:WZRD,机会主义交易者ETF
171:XAPR,美国股票增强适度缓冲
171:XAUG,股票增强和缓冲8月
171:XBAP,加速9缓冲2倍做多-4月
171:XBJA,股票缓冲2倍做多
171:XBJL,美股加速9缓冲2倍做多
171:XBOC,股票加速9缓冲2倍做多
171:XBOX,超短久期不分红目标
171:XDAT,富兰克林指数数据ETF
171:XDEC,美股增强中等2倍做多
171:XDIV,标普500无股息目标ETF
171:XDQQ,2倍做多成长加速ETF
171:XDSQ,美国股票加速2倍做多
171:XDTE,看涨期权覆盖策略ETF
171:XEMD,多元化流动性1-10年期
171:XEML,欧洲总市场领导者指数
171:XFEB,美国股票增强2倍做多
171:XIDE,12月股票缓冲溢价收入
171:XIJN,美国股票6月溢价收益
171:XIMR,股权缓冲溢价收益ETF
171:XISE,9月股票缓冲溢价收益
171:XJAN,美国股票1月增强缓冲
171:XJH,标普中盘可持续性筛选
171:XJR,小盘600可持续性筛选
171:XJUL,增强适度缓冲7月
171:XJUN,增强适度缓冲2倍做多
171:XMAR,股票增强适度缓冲-3月
171:XMAY,5月美股增强&适度缓冲
171:XMPT,城市债券封闭式基金
171:XNOV,FT股票增强缓冲11月
171:XOCT,股票10月增强中等缓冲
171:XOEX,标普500价值评分
171:XRPK,2倍做多XRP每日目标
171:XRPM,XRP3%月期权收益ETF
171:XRPR,REX-Osprey XRP ETF
171:XSEP,适度缓冲2倍做多9月
171:XSHD,小型600低波动高股息
171:XSHQ,标普SmallCap质量指标
171:XTAP,增强3倍做多ETF-4月
171:XTJA,股票加速3倍做多
171:XTJL,股票加速加3倍做多
171:XTOC,美国股票加速3倍做多
171:XUSP,无上限加速美国ETF
171:XVOL,活跃对冲美国股票ETF
171:XVV,标普500可持续发展ETF
171:YBTC,Roundhill Bitcoin Covered Call Strategy ETF
171:YDEC,FT国际股票缓冲12月
171:YETH,以太坊认购策略ETF
171:YJUN,国际股票缓冲ETF-6月
171:YMAR,国际股票缓冲ETF-3月
171:YSEP,国际股票中度缓冲ETF
171:ZALT,美股10缓冲ETF-季度
171:ZAPR,股票定义保护1年4月
171:ZAUG,1年8月股票定义
171:ZDEK,股票定义保护–1年期
171:ZECP,收益一致投资组合ETF
171:ZFEB,股票定义保护-1年2月
171:ZJAN,创新者股权定保1年1月
171:ZJUL,1年期股权保护ETF
171:ZJUN,股票型定义保护ETF
171:ZMAR,公平定义保护-1年3月
171:ZMAY,股票型保护1年5个月
171:ZNOV,1年11月股票定义保护
171:ZOCT,1年10月权益定义
171:ZSEP,1年9月股票定义
171:ZVOL,Volatility溢价加
185:AACB,Artius II
185:AACBR,
185:AACBU,Artius II-U
185:AACIU,Armada Acquisition III-U
185:AACOU,Abony I-U
185:AADR,多尔西赖特ADR ETF
185:AAEQ,美国股票2 ETF
185:AAL,美国航空
185:AALG,2倍做多AAL每日ETF
185:AAME,美国大西洋
185:AAOI,应用光电
185:AAON,艾伦建材
185:AAPB,AAPL每日2倍做多ETF
185:AAPD,苹果公司每日1倍做空
185:AAPG,亚盛医药
185:AAPL,苹果
185:AAPU,AAPL每日2倍做多ETF
185:AARD,Aardvark
185:AAUS,Architect美国股票ETF
185:AAVM,全球因子股票ETF
185:AAXJ,亚太非日本IMI指数ETF
185:ABCL,AbCellera Biologics
185:ABCS,Alpha资本美国小中盘
185:ABI,先锋资产收益ETF
185:ABIG,Argent大盘ETF
185:ABNB,爱彼迎
185:ABNG,2倍做多ABNB每日ETF
185:ABOS,Acumen
185:ABSI,Absci
185:ABUS,Arbutus Biopharma
185:ABVE,Above Food
185:ABVEW,
185:ABVX,Abivax
185:ACAAU,Averin-U
185:ACAD,阿卡迪亚
185:ACDC,ProFrac Holding
185:ACEP,核心股票投资组合ETF
185:ACGL,艾奇资本
185:ACGLN,艾奇资本优先存托G
185:ACGLO,艾奇资本优先存托F
185:ACHC,阿卡迪亚医疗保健
185:ACIU,AC Immune
185:ACIW,ACI环球
185:ACLS,亚舍立科技
185:ACLX,Arcellx
185:ACMR,盛美
185:ACNT,Ascent Industries
185:ACRS,Aclaris Therapeutics
185:ACRV,Acrivon Therapeutics
185:ACT,Enact Holdings
185:ACTG,阿卡西亚
185:ACTU,Actuate
185:ACWI,MSCI ACWI指数ETF
185:ACWX,ACWI除美国外指数ETF
185:ADAC,American Drive
185:ADACU,American Drive-U
185:ADACW,
185:ADAG,天演药业
185:ADAM,Adamas
185:ADAMG,Adamas 9.125% 20300401
185:ADAMH,Adamas 9.875% 20301001
185:ADAMI,Adamas 9.125% 20290701
185:ADAML,Adamas优先F
185:ADAMM,Adamas优先E
185:ADAMN,Adamas优先D
185:ADAMO,Adamas 9.25% 20310401
185:ADAMZ,Adamas优先G
185:ADBE,奥多比
185:ADBG,2倍做多ADBE每日ETF
185:ADEA,Adeia
185:ADI,亚德诺
185:ADMA,ADMA Biologics
185:ADP,自动数据处理
185:ADPT,Adaptive
185:ADSK,欧特克
185:ADTN,亚川
185:ADUS,爱德斯
185:ADV,Advantage Solutions
185:AEAQ,Activate Energy
185:AEAQU,Activate Energy-U
185:AEAQW,
185:AEBI,Aebi Schmidt
185:AEIS,先进能源工业
185:AEP,美国电力
185:AEVA,Aeva Technologies
185:AFCG,Advanced Flower
185:AFJK,Aimei Health
185:AFJKR,
185:AFJKU,Aimei Health-U
185:AFOS,ARS聚焦机会策略ETF
185:AFRM,Affirm Holdings
185:AFSC,聚焦美国小盘股主动型
185:AFYA,Afya
185:AGEM,新兴市场分红主动型
185:AGGA,动态核心美国固定收益
185:AGIO,Agios
185:AGIX,人工智能通用智能指数
185:AGMB,AgomAb
185:AGMI,STOXX银矿商指数ETF
185:AGNC,美国资本代理
185:AGNCL,美资本代理优先存托G
185:AGNCM,美资本代理优先存托D
185:AGNCN,美资本代理优先存托C
185:AGNCO,美资本代理优先存托E
185:AGNCP,美资本代理优先存托F
185:AGNCZ,美国资本代理优先存托H
185:AGNG,老龄化人口专题ETF
185:AGYS,诶吉利斯
185:AGZD,利率对冲美国总债券
185:AIA,亚洲50指数ETF
185:AIFD,TCW人工智能ETF
185:AIFU,智能未来
185:AIMS,Acuitas小盘主动ETF
185:AIOT,PowerFleet
185:AIP,Arteris
185:AIPI,REX AI股票溢价收益
185:AIPO,人工智能电力设施指数
185:AIQ,人工智能和大数据指数
185:AIRO,AIRO Group
185:AIRR,美国工业复兴指数ETF
185:AIRS,AirSculpt
185:AIRTP,Air T 优先
185:AISP,Airship AI Holdings
185:AIXI,小i机器人
185:AKAM,阿克迈
185:AKTS,Aktis Oncology
185:ALAB,Astera
185:ALBG,2倍做多ALB每日ETF
185:ALCO,阿里科
185:ALDF,Aldel Financial II
185:ALDFU,Aldel Financial II-U
185:ALDFW,
185:ALEC,Alector
185:ALF,Centurion
185:ALFUU,Centurion-U
185:ALFUW,
185:ALGM,Allegro
185:ALGN,艾利科技
185:ALGT,忠诚旅游
185:ALHC,Alignment Healthcare
185:ALIL,Argent专注小盘股ETF
185:ALIS,Calisa
185:ALISR,
185:ALISU,Calisa-U
185:ALKS,阿尔凯默斯
185:ALKT,Alkami Technology
185:ALLO,Allogene
185:ALLT,艾奥特
185:ALLW,桥水全天候ETF
185:ALMS,Alumis
185:ALNT,Allient
185:ALNY,阿尔尼拉姆制药
185:ALOT,AstroNova
185:ALOV,Aldabra 4 Liquidity
185:ALOVU,Aldabra 4 Liquidity-U
185:ALOVW,
185:ALPS,Alps
185:ALRM,Alarm.com控股
185:ALT,Altimmune
185:ALTY,超级股息替代指数ETF
185:ALVO,Alvotech
185:ALVOW,
185:ALXO,ALX Oncology
185:AMAL,Amalgamated
185:AMAT,应用材料
185:AMBA,安霸
185:AMBR,Amber International
185:AMCX,AMC网络
185:AMD,超威半导体
185:AMDD,每日AMD 1倍做空ETF
185:AMDG,杠杆份额2倍做多AMD
185:AMDL,每日2倍做多AMD ETF
185:AMGN,安进
185:AMID,Argent中盘ETF
185:AMKR,艾马克技术
185:AMLX,Amylyx
185:AMPH,Amphastar
185:AMRX,Amneal
185:AMSC,美国超导
185:AMSF,Amerisafe
185:AMTX,Aemetis
185:AMUN,短期市政收益主动ETF
185:AMUU,每日AMD 2倍做多ETF
185:AMWD,伍德马克
185:AMYY,收益增强2倍做多AMD
185:AMZD,亚马逊每日1倍做空
185:AMZN,亚马逊
185:AMZU,亚马逊2倍每日做多
185:AMZZ,每日2倍做多AMZN ETF
185:ANAB,AnaptysBio
185:ANDE,安德森斯
185:ANEL,每日目标2倍做多ANET
185:ANGI,Angi
185:ANGL,美高天使收益约束指数
185:ANGO,AngioDynamics
185:ANIK,阿尼卡医疗
185:ANIP,阿尼制药
185:ANL,阿诺医药
185:ANNX,Annexon
185:ANSC,Agriculture
185:ANSCU,Agriculture-U
185:ANSCW,
185:ANTA,Antalpha Platform
185:ANTX,AN2 Therapeutics
185:ANV,可自动赎回NVDA ETF
185:AOHY,高收益机会ETF
185:AOSL,阿尔法和欧米伽半导体
185:AOTG,AOT成长与创新ETF
185:AOUT,American Outdoor
185:APA,阿帕奇石油
185:APAD,A Paradise
185:APADR,
185:APADU,A Paradise-U
185:APEI,美国公共教育
185:APGE,Apogee Therapeutics
185:API,声网
185:APLD,Applied Digital
185:APLS,Apellis
185:APOG,Apogee Enterprises
185:APP,Applovin
185:APPF,Appfolio
185:APPN,Appian
185:APPX,2倍做多APP每日ETF
185:APXT,Apex Treasury
185:APXTU,Apex Treasury-U
185:APXTW,
185:APYX,Apyx Medical
185:AQST,Aquestive
185:AQWA,全球清洁水行业ETF
185:ARAI,Arrive AI
185:ARAY,精确射线
185:ARCB,ArcBest
185:ARCC,阿瑞斯资本
185:ARCI,Archimedes Tech III
185:ARCIU,Archimedes Tech III-U
185:ARCIW,
185:ARCT,Arcturus医疗
185:ARDX,Ardelyx
185:ARGX,argenx
185:ARHS,Arhaus
185:ARKR,Ark Restaurants
185:ARLP,Alliance Resource
185:ARM,Arm Holdings
185:ARMG,2倍做多ARM每日ETF
185:AROW,箭牌金融
185:ARQ,Arq
185:ARQT,Arcutis
185:ARRY,Array Technologies
185:ARTC,Art Technology
185:ARTCU,Art Technology-U
185:ARTCW,
185:ARTNA,自流资源
185:ARTV,Artiva
185:ARVN,Arvinas
185:ARVR,Indxx元宇宙指数ETF
185:ARWR,Arrowhead Pharmaceuticals
185:ASCI,国际小盘股主动型
185:ASMB,Assembly Biosciences
185:ASMG,2倍做多ASML每日ETF
185:ASML,阿斯麦
185:ASMU,每日2倍做多ASML ETF
185:ASND,Ascendis Pharma
185:ASO,Academy
185:ASPS,Altisource Portfolio
185:ASPSW,
185:ASPSZ,
185:ASRV,Ameriserv Financial
185:ASST,Strive
185:ASTE,雅达电子工业
185:ASTL,Algoma Steel Group
185:ASTLW,
185:ASTS,AST SpaceMobile
185:ASYS,阿姆科技
185:ATAI,AtaiBeckley
185:ATAT,亚朵
185:ATEC,阿尔法泰克控股
185:ATII,Archimedes Tech SPAC
185:ATIIU,Archimedes Tech SPAC-U
185:ATIIW,
185:ATLC,Atlanticus Holdings
185:ATLCL,Atlanticus Holdings 6.125% 20261130
185:ATLCP,Atlanticus优先 B
185:ATLCZ,Atlanticus Holdings 9.25% 20290131
185:ATLN,Atlantic
185:ATNI,大西洋电讯
185:ATRA,Atara
185:ATRC,AtriCure
185:ATRO,Astronics
185:AUBN,奥本银行
185:AUDC,奥科
185:AUGO,Aura Minerals
185:AUMI,全球纯金矿商指数ETF
185:AUPH,Aurinia
185:AUR,Aurora Innovation
185:AURA,Aura Biosciences
185:AUROW,
185:AUTL,Autolus Therapeutics
185:AVAH,Aveanna Healthcare
185:AVAV,Aerovironment
185:AVBH,Avidbank Holdings
185:AVBP,Arrivent
185:AVGB,Avantis信用ETF
185:AVGG,Leverage2倍做多AVGO
185:AVGO,博通
185:AVGU,2倍做多AVGO每日ETF
185:AVGX,AVGO每日目标2倍做多
185:AVIR,Atea
185:AVL,每日AVGO 2倍做多
185:AVNW,阿维亚网络
185:AVO,Mission Produce
185:AVOS,Avos全球股票ETF
185:AVPT,AvePoint
185:AVR,Anteris Technologies
185:AVS,每日AVGO 1倍做空
185:AVT,安富利
185:AVUQ,Avantis美国质量ETF
185:AVXC,新兴市场除中国股票
185:AVXL,Anavex Life Sciences
185:AVXX,每日目标2倍做多AVAV
185:AWRE,艾卫
185:AXIN,Axiom Intelligence
185:AXINR,
185:AXINU,Axiom Intelligence-U
185:AXON,Axon Enterprise
185:AXPG,2倍做多AXP日报ETF
185:AXSM,Axsome Therapeutics
185:AXTI,AXT
185:AZI,中驰车福
185:AZTA,Azenta
185:AZYY,收益增强2倍做多AMZN
185:BABU,每日2倍做多BABA ETF
185:BABX,阿里巴巴2倍做多
185:BACC,Blue Acquisition
185:BACCR,
185:BACCU,Blue Acquisition-U
185:BAER,Bridger Aerospace
185:BAERW,
185:BAFE,Brown咨询灵活股票
185:BAIG,2倍做多BBAI每日ETF
185:BAIV,国际价值精选ETF
185:BALQ,纳斯达克溢价收益主动
185:BAND,Bandwidth
185:BANF,BancFirst银行
185:BANFP,BancFirst银行 优先
185:BANR,邦纳
185:BANX,ArrowMark Financial
185:BASG,可持续增长ETF
185:BASV,可持续价值ETF
185:BATRA,Atlanta Braves A
185:BATRK,Atlanta Braves C
185:BAYA,Bayview Acquisition
185:BAYAR,
185:BAYAU,Bayview Acquisition-U
185:BBB,Cyber Hornet S&P 500 and Bitcoin 75/25 Strategy ETF
185:BBCQ,Bleichroeder II
185:BBCQU,Bleichroeder II-U
185:BBCQW,
185:BBH,MVIS美国上市生物技术
185:BBIO,BridgeBio Pharma
185:BBNX,Beta Bionics
185:BBOT,BridgeBio
185:BBSI,巴瑞特商业服务
185:BBYY,2倍做多BABA ETF
185:BCAR,D. Boral ARC I
185:BCARU,D. Boral ARC I-U
185:BCARW,
185:BCAX,Bicara Therapeutics
185:BCBP,BCB银行
185:BCFN,Baron金融ETF
185:BCG,Binah Capital Group
185:BCIC,BCP Investment
185:BCLO,BBB-B CLO主动型ETF
185:BCML,BayCom
185:BCPC,拜切
185:BCRX,Biocryst医药
185:BCTK,Baron科技ETF
185:BCYC,Bicycle Therapeutics
185:BDCI,BTC Development
185:BDCIU,BTC Development-U
185:BDCIW,
185:BDGS,Bridges资本战术ETF
185:BDSX,Biodesix
185:BDTX,Black Diamond
185:BDVL,自律波动率股票主动型
185:BDYN,动态股票型ETF
185:BEAG,Bold Eagle
185:BEAGR,
185:BEAGU,Bold Eagle-U
185:BEAM,Beam Therapeutics
185:BEDY,梅隆增强股息与收益
185:BEEP,Mobile
185:BEEX,蜂巢ETF
185:BEEZ,Honeytree美国股票
185:BEG,2倍做多BE每日ETF
185:BELFA,Bel FuseA
185:BELFB,Bel FuseB
185:BELT,美国精选股票主动ETF
185:BETR,Better Home
185:BETRW,
185:BFST,Business First
185:BGC,BGC Group
185:BGIN,BGIN
185:BGL,Blue Gold
185:BGRN,美元绿色债券精选ETF
185:BGRO,iShares大盘成长ETF
185:BHDG,Nicholas Bitcoin Tail ETF
185:BHF,Brighthouse Financial
185:BHFAL,Brighthouse 6.25% 20580915
185:BHFAM,Brighthouse优先存托D
185:BHFAN,Brighthouse优先存托C
185:BHFAO,Brighthouse优先存托B
185:BHFAP,Brighthouse优先存托A
185:BHST,BioHarvest Sciences
185:BIB,生物技术指数两倍做多
185:BIDG,2倍做多BIDU每日ETF
185:BIDU,百度
185:BIIB,渤健
185:BILI,哔哩哔哩
185:BIOA,BioAge Labs
185:BIOX,Bioceres Crop
185:BIRD,Allbirds
185:BIS,生物技术指数两倍做空
185:BITF,Bitfarms
185:BITS,Global X Blockchain and Bitcoin Strategy ETF
185:BIXI,比特币基础设施收购
185:BIXIU,比特币基础设施收购-U
185:BIXIW,
185:BJK,MVIS全球游戏指数ETF
185:BJRI,Bjs餐饮
185:BKCH,区块链指数ETF
185:BKHA,Black Hawk
185:BKHAR,
185:BKHAU,Black Hawk-U
185:BKMI,纽约梅隆市政中级ETF
185:BKMS,市政短久期ETF
185:BKNG,Booking Holdings
185:BKR,Baker Hughes
185:BL,BlackLine
185:BLBD,Blue Bird
185:BLCN,区块链经济指数ETF
185:BLCR,iShares大盘股核心
185:BLDP,巴拉德动力系统
185:BLFY,Blue Foundry
185:BLKB,布莱克波特科技
185:BLLN,BillionToOne
185:BLMN,Bloomin'Brands
185:BLRK,Bluerock Acquisition
185:BLRKU,Bluerock Acquisition-U
185:BLRKW,
185:BLSG,2倍做多BLSH每日ETF
185:BLUW,Blue Water
185:BLUWU,Blue Water-U
185:BLUWW,
185:BLZE,Backblaze
185:BLZR,Trailblazer
185:BLZRU,Trailblazer-U
185:BLZRW,
185:BMAX,REX Bitcoin Corporate Treasury Convertible Bond ETF
185:BMBL,Bumble
185:BMEA,Biomea Fusion
185:BMNG,2倍做多BMNR每日ETF
185:BMOP,纽约梅隆市政机会ETF
185:BMRC,马林银行
185:BMRN,拜玛林制药
185:BND,美国总浮动调整ETF
185:BNDP,彭博美国通用浮动调整
185:BNDW,全球总体浮动调整综合
185:BNDX,全球累计浮动调整RIC
185:BNR,燃石医学
185:BNTX,BioNTech
185:BOED,每日BA 1倍做空ETF
185:BOEG,份额2倍做多BA每日ETF
185:BOEU,每日BA 2倍做多ETF
185:BOKF,BOK银行
185:BOLD,Boundless Bio
185:BOOM,DMC Global
185:BOTT,工业机器人与自动化
185:BOTZ,全球机器人与人工智能
185:BPOP,大众银行
185:BPRN,普林斯顿银行
185:BPYPM,Brookfield优先A
185:BPYPN,Brookfield优先3
185:BPYPO,Brookfield优先2
185:BPYPP,Brookfield优先1
185:BRAG,Bragg Gaming Group
185:BRAI,Braiin
185:BRCB,Black Rock Coffee
185:BREM,新兴市场债券主动ETF
185:BRES,美国股票精选ETF
185:BRHY,iShares高收益主动
185:BRID,Bridgford Foods
185:BRKD,每日BRKB 1倍做空ETF
185:BRKR,布鲁克
185:BRKRP,布鲁克优先A
185:BRKU,每日BRKB 2倍做多ETF
185:BRLT,Brilliant Earth
185:BRNS,Barinthus
185:BRNY,美国因子轮换ETF
185:BRR,ProCap Financial
185:BRRR,CoinShares Bitcoin ETF
185:BRTR,iShares总回报主动
185:BRZE,Braze
185:BSCQ,公司债券2026指数ETF
185:BSCR,公司债券2027指数
185:BSCS,公司债券2028指数
185:BSCT,公司债券2029指数ETF
185:BSCU,公司债券2030指数ETF
185:BSCV,公司债券2031指数ETF
185:BSCW,2032公司债券ETF
185:BSCX,美元公司债券2033
185:BSCY,景顺美元公司债券2034
185:BSCZ,美元公司债券2035指数
185:BSET,巴西特家具
185:BSJQ,高收益公司债券2026
185:BSJR,公司债券2027指数ETF
185:BSJS,高收益公司债券2028
185:BSJT,高收益公司债券ETF
185:BSJU,2030年美元高收益债券
185:BSJV,美元高收益债券2031
185:BSJW,高收益债券2032ETF
185:BSJX,美元高收益2033指数
185:BSMQ,市政债券2026指数ETF
185:BSMR,市政债券2027指数ETF
185:BSMS,市政债券2028指数ETF
185:BSMT,2029市政债券指数ETF
185:BSMU,市政债券2030指数ETF
185:BSMV,市政债券2031指数ETF
185:BSMW,景顺2032市政债券ETF
185:BSMY,2034市政债券ETF
185:BSMZ,美市政债券2035指数
185:BSRR,塞拉银行
185:BSSX,景顺2033市政债券ETF
185:BSVN,Bank7
185:BSVO,标普0-7年市政债券
185:BSY,Bentley Systems
185:BTF,CoinShares Bitcoin and Ether ETF
185:BTGD,STKd 100% Bitcoin & 100% Gold ETF
185:BTMD,biote
185:BTOC,Armlogi Holding
185:BTQ,BTQ Technologies
185:BTSG,BrightSpring Health
185:BTSGU,BrightSpring Health-U
185:BU,每日目标2倍做多B ETF
185:BUFC,AB保守缓冲ETF
185:BUFI,AB国际缓冲ETF
185:BUFM,AB中度缓冲ETF
185:BUG,Indxx网络安全指数ETF
185:BULD,机器人和3D打印ETF
185:BULG,2倍做多BULL每日ETF
185:BULX,2倍做多BULL每日ETF
185:BUSE,First Busey
185:BUSEP,First Busey优先存托B
185:BVS,Bioventus
185:BWAY,Brainsway
185:BWFG,Bankwell Financial
185:BWIN,The Baldwin Group
185:BWMN,Bowman Consulting
185:BYND,Beyond Meat
185:BZ,BOSS直聘
185:BZAI,Blaize Holdings
185:BZUN,宝尊电商
185:CA,ICE广义液体加州市政
185:CABA,Cabaletta Bio
185:CAC,卡姆登国家银行
185:CACC,Credit Acceptance
185:CADL,Candel Therapeutics
185:CAEP,Cantor Equity III
185:CAFG,美国小盘股现金增长
185:CAI,Caris Life Sciences
185:CAIQ,纳斯达克自动赎回收益
185:CAKE,起司工坊
185:CALI,iShares短期加州市政
185:CALM,卡尔梅尔食品
185:CAMP,CAMP4 Therapeutics
185:CAMT,康特科技
185:CAN,嘉楠科技
185:CANC,Tema肿瘤学ETF
185:CANQ,纳斯达克股票与收益
185:CAPN,Cayson
185:CAPNR,
185:CAPNU,Cayson-U
185:CAPR,Capricor
185:CAPT,Captivision
185:CAQUU,Cambridge-U
185:CAR,安飞士
185:CARE,Carter Bankshares
185:CARG,CarGurus
185:CARL,Carlsmed
185:CART,Maplebear
185:CARY,天使橡树收益ETF
185:CARZ,电动未来汽车生态系统
185:CASH,Pathward Financial
185:CASS,卡斯信息系统
185:CAST,FreeCast
185:CASY,Casey's
185:CATH,标普500天主教价值ETF
185:CATY,国泰万通金控
185:CBC,Central Bancompany
185:CBFV,CB金融服务
185:CBLL,CeriBell
185:CBNK,Capital Bancorp
185:CBRL,CB乡村店
185:CBSH,科默斯银行
185:CCAP,Crescent Capital
185:CCB,Coastal Financial
185:CCBG,Capital City Bank
185:CCC,CCC Intelligent
185:CCCC,C4 Therapeutics
185:CCD,Calamos Dynamic
185:CCEC,Capital Clean Energy
185:CCEP,可口可乐欧洲太平洋
185:CCFE,重点股权ETF
185:CCII,Cohen Circle II
185:CCIIU,Cohen Circle II-U
185:CCIIW,
185:CCIX,Churchill
185:CCIXU,Churchill-U
185:CCIXW,
185:CCLD,CareCloud
185:CCLDO,CareCloud优先B
185:CCNE,CNB金融
185:CCNEP,CNB金融优先存托A
185:CCNR,核心商品自然资源ETF
185:CCOI,Cogent通讯
185:CCRN,Cross Country
185:CCSB,碳集合短期债券ETF
185:CCSI,Consensus Cloud
185:CCSO,解决方案美国股票ETF
185:CCXI,Churchill Capital XI
185:CCXIU,Churchill Capital XI-U
185:CCXIW,
185:CD,Chaince Digital
185:CDC,高息100长/现货波动
185:CDIG,城市不同投资全球股票
185:CDL,大盘股高息100加权
185:CDLX,Cardlytics
185:CDNA,CareDx
185:CDNL,Cardinal Infrastructure
185:CDNS,铿腾电子
185:CDW,CDW
185:CDXS,Codexis
185:CDZI,加的斯
185:CDZIP,加的斯优先存托A
185:CECO,CECO环保
185:CEFA,发达非美天主教价值
185:CEG,Constellation Energy
185:CENT,Central Garden & Pet
185:CENTA,Central Garden&Pet A
185:CENX,世纪铝业
185:CEPF,Cantor Equity IV
185:CEPI,REX加密股票溢价收益
185:CEPO,Cantor Equity
185:CEPS,Cantor Equity VI
185:CEPT,Cantor
185:CEPV,Cantor Equit
185:CERS,Cerus
185:CERT,Certara
185:CEVA,Ceva
185:CFA,美国大盘500波动加权
185:CFFI,C&F金融
185:CFFN,国会联邦金融
185:CFLT,Confluent
185:CFO,大盘500长/现货波动
185:CG,凯雷集团
185:CGABL,凯雷集团 4.625% 20610515
185:CGBD,Carlyle Secured
185:CGC,Canopy Growth
185:CGCT,Cartesian
185:CGCTU,Cartesian-U
185:CGCTW,
185:CGEM,Cullinan
185:CGNT,Cognyte Software
185:CGNX,康耐视
185:CGO,Calamos Global Total
185:CGON,CG Oncology
185:CHA,霸王茶姬
185:CHAC,Crane Harbor
185:CHACR,
185:CHACU,Crane Harbor-U
185:CHAR,Charlton Aria
185:CHARR,
185:CHARU,Charlton Aria-U
185:CHCO,City Holding
185:CHDN,Churchill Downs
185:CHEC,Chenghe III
185:CHECU,Chenghe III-U
185:CHECW,
185:CHEF,The Chefs' Warehouse
185:CHGX,金融美国无化石燃料
185:CHI,Calamos转换收入基金
185:CHKP,Check Point Software
185:CHMG,Chemung Financial
185:CHPG,ChampionsGate
185:CHPGR,
185:CHPGU,ChampionsGate-U
185:CHPS,Solactive导体ESG筛选
185:CHPX,人工智能半导体与量子
185:CHRD,Chord Energy
185:CHRI,标普500基督教指数
185:CHRS,Coherus Oncology
185:CHRW,罗宾逊全球物流
185:CHSCL,CHS优先B4
185:CHSCM,CHS优先B3
185:CHSCN,CHS优先B2
185:CHSCO,CHS优先B1
185:CHSCP,CHS优先
185:CHTR,特许通讯
185:CHW,Calamos Global
185:CHY,Calamos Convertible
185:CHYM,Chime Financial
185:CIBR,网络安全指数ETF
185:CIFG,2倍做多CIFR每日ETF
185:CIFR,Cipher Digital
185:CIGI,高力国际集团
185:CINF,辛辛那提金融
185:CLAR,Clarus
185:CLBK,哥伦比亚金融
185:CLBT,Cellebrite DI
185:CLFD,克利尔菲尔德通讯
185:CLLS,Cellectis
185:CLMB,Climb Global
185:CLMT,Calumet
185:CLNE,Clean Energy Fuels
185:CLOA,iShares AAA CLO
185:CLOD,Solactive云计算
185:CLOU,Indxx全球云计算指数
185:CLOV,Clover Health
185:CLPS,华钦科技
185:CLSM,目标领先行业中等ETF
185:CLYM,Climb Bio
185:CMBM,Cambium Networks
185:CMBO,动态美国利率ETF
185:CMCO,哥伦布-麦金农
185:CMCSA,康卡斯特
185:CME,芝加哥商品交易所
185:CMGG,2倍做多CMG每日ETF
185:CMII,Columbus Circle II
185:CMIIU,Columbus Circle II-U
185:CMIIW,
185:CMPR,Cimpress
185:CMPS,COMPASS Pathways
185:CMRC,Commerce.com
185:CMTL,康姆泰克通讯
185:CNCG,2倍做多CNC每日ETF
185:CNCK,Coincheck Group
185:CNDT,Conduent
185:CNOB,ConnectOne
185:CNOBP,ConnectOne优先存托A
185:CNQQ,Rayliant中国科技创新
185:CNTA,Centessa
185:CNTB,康乃德生物
185:CNXC,Concentrix
185:CNXN,PC Connection
185:COCO,The Vita Coco
185:COGT,Cogent Biosciences
185:COHU,科休半导体
185:COIG,杠杆份额2倍做多COIN
185:COIN,Coinbase Global
185:COKE,可口可乐装瓶
185:COLA,Columbus Acquisition
185:COLAR,
185:COLAU,Columbus Acquisition-U
185:COLB,哥伦比亚银行系统
185:COLL,Collegium
185:COLM,哥伦比亚户外
185:COMT,标普GSCI动态滚动ETF
185:CONI,2倍做空COIN每日ETF
185:CONL,COIN每日2倍做多ETF
185:CONX,每日2倍做多COIN ETF
185:COO,库珀医疗
185:COPJ,Sprott小型铜矿ETF
185:COPP,Sprott铜矿商ETF
185:CORO,iShares国际国家轮换
185:CORZ,Core Scientific
185:CORZW,
185:CORZZ,
185:COST,好市多
185:COTG,2倍做多COST每日ETF
185:COWG,美国大盘现金增长
185:COWS,现金流红利领导者
185:COYY,2倍做多COIN ETF
185:CPAG,复合美国综合债券指数
185:CPB,Campbell's
185:CPHC,坎特伯雷帕克控股
185:CPHY,复合高收益公司债指数
185:CPIX,坎伯兰药业
185:CPLS,AB核心加大债券ETF
185:CPRT,科帕特
185:CPSS,Consumer Portfolio
185:CPZ,Calamos Long/Short
185:CRAC,Crown Reserve
185:CRACR,
185:CRACU,Crown Reserve-U
185:CRACW,
185:CRAI,CRA国际
185:CRAN,Crane Harbor II
185:CRANR,
185:CRANU,Crane Harbor II-U
185:CRAQ,Cal Redwood
185:CRAQR,
185:CRAQU,Cal Redwood-U
185:CRBU,Caribou Biosciences
185:CRCG,2倍做多CRCL每日ETF
185:CRCT,Cricut
185:CRDO,Credo Technology
185:CRESY,Cresud
185:CRMD,CorMedix
185:CRMG,2倍做多CRM每日ETF
185:CRML,Critical Metals
185:CRMT,美国汽车行
185:CRMU,2倍做多CRML每日ETF
185:CRNC,Cerence
185:CRNT,Ceragon网络
185:CRNX,Crinetics
185:CRON,Cronos Group
185:CROX,卡骆驰
185:CRSP,CRISPR Therapeutics
185:CRSR,Corsair Gaming
185:CRTO,科韬
185:CRUS,凌云半导体
185:CRVL,CorVel
185:CRVS,Corvus
185:CRWD,CrowdStrike Holdings
185:CRWG,2倍做多CRWV每日ETF
185:CRWL,2倍做多CRWD每日ETF
185:CRWV,CoreWeave
185:CSB,美小盘股高息100波动
185:CSCL,每日CSCO 2倍做多ETF
185:CSCO,思科
185:CSCS,每日CSCO 1倍做空ETF
185:CSGP,科斯塔
185:CSGS,CSG系统国际
185:CSIQ,阿特斯太阳能
185:CSPI,CSP
185:CSQ,Calamos Strategic Total Return Fund
185:CSTE,Caesarstone
185:CSTL,Castle Biosciences
185:CSWC,西南资本
185:CSX,CSX运输
185:CTAAU,ClearThink 1-U
185:CTAS,信达思
185:CTBI,大众信托合众银行
185:CTEC,全球清洁技术指数ETF
185:CTKB,Cytek Biosciences
185:CTLP,Cantaloupe
185:CTMX,CytomX Therapeutics
185:CTNM,Contineum
185:CTRN,Citi Trends
185:CTSH,高知特
185:CUB,Lionheart
185:CUBWU,Lionheart-U
185:CUBWW,
185:CURR,CURRENC Group
185:CUSD,超短久期ETF
185:CVBF,CVB金融
185:CVCO,卡寇工业
185:CVGI,商用汽车
185:CVGW,卡拉沃养殖
185:CVLT,康沃系统
185:CVNX,每日2倍做多CVNA ETF
185:CVRX,CVRx
185:CWCO,Consolidated Water
185:CWST,Casella Waste
185:CXSE,中国企业指数ETF
185:CYCU,Cycurion
185:CYTK,Cytokinetics
185:CZAR,Solactive自然垄断
185:CZR,凯撒娱乐
185:CZWI,Citizens Community
185:DAAQ,Digital Asset
185:DAAQU,Digital Asset-U
185:DAAQW,
185:DADS,数字资产债务策略ETF
185:DAIC,CID
185:DAICW,
185:DAK,Dakota主动股票ETF
185:DAKT,达科电子
185:DALI,Wright DALI 指数
185:DAPP,数字资产权益指数ETF
185:DASH,Doordash
185:DAVE,Dave
185:DAVEW,
185:DAWN,Day One
185:DAX,德国法兰克福DAX
185:DBCA,D. Boral Acquisition I
185:DBCAU,D. Boral Acquisition I-U
185:DBCAW,
185:DBSC,深水海滨小型股ETF
185:DBX,Dropbox
185:DCBO,Docebo
185:DCOM,迪募社区银行
185:DCOMG,迪募社区银行 9% 20340715
185:DCOMP,Dime Community优先A
185:DDI,DoubleDown
185:DDIV,动量加股息收益指数
185:DDOG,Datadog
185:DECO,数字资产生态系统ETF
185:DEMZ,民主党大盘核心ETF
185:DFGP,全球核心增大收入ETF
185:DFGX,国际核心固定收益ETF
185:DFNS,T3 Defense
185:DFTX,Definium
185:DGCB,Dimensional全球信贷
185:DGICA,多尼戈尔股份A
185:DGICB,多尼戈尔股份B
185:DGII,美国迪进国际
185:DGLO,美国去全球化指数ETF
185:DGRE,新兴市场质量红利增长
185:DGRS,美国小盘优质红利增长
185:DGRW,美国优质股息增长
185:DH,Definitive
185:DHC,Diversified
185:DHCNI,Diversified 5.625% 20420801
185:DHCNL,Diversified 6.25% 20460201
185:DHIL,Diamond Hill
185:DIBS,1stdibs.com
185:DIME,CoinShares另类币ETF
185:DIOD,Diodes
185:DIVD,Altrius全球股息ETF
185:DJT,特朗普媒体科技
185:DJTWW,
185:DKNG,DraftKings
185:DKNX,每日目标2倍做多DKNG
185:DLLL,2倍做多DELL每日ETF
185:DLO,DLocal
185:DLTH,德卢斯控股
185:DLTR,美元树
185:DMAA,Drugs Made In
185:DMAAR,
185:DMAAU,Drugs Made In-U
185:DMII,Drugs America
185:DMIIR,
185:DMIIU,Drugs America-U
185:DMLP,多尔切斯特
185:DMRC,数字标识
185:DMXF,选择ESG筛选净指数ETF
185:DNLI,Denali
185:DNMX,DynamixIII
185:DNMXU,DynamixIII-U
185:DNMXW,
185:DNNG,2倍做多DNN每日ETF
185:DNUT,Krispy Kreme
185:DOCU,DocuSign
185:DOMO,Domo
185:DOO,BRP
185:DORM,Dorman
185:DOX,Amdocs
185:DOYU,斗鱼
185:DPZ,达美乐比萨
185:DRDB,Roman DBDR
185:DRDBU,Roman DBDR-U
185:DRDBW,
185:DRH,DiamondRock
185:DRIV,自发和电动汽车指数
185:DRNZ,VettaFi无人机指数ETF
185:DRS,Leonardo DRS
185:DRVN,Driven Brands
185:DSAC,Daedalus Special
185:DSACU,Daedalus Special-U
185:DSACW,
185:DSGN,Design Therapeutics
185:DSGR,Distribution
185:DSGX,笛卡尔物流系统集团
185:DSP,Viant Technology
185:DSWL,德斯维尔工业
185:DSY,大树云
185:DTCR,数据中心和数字设施
185:DTSQ,DT Cloud Star
185:DTSQR,
185:DTSQU,DT Cloud Star-U
185:DUKH,海洋公园高收益ETF
185:DUKX,海洋公园国际ETF
185:DUOG,2倍做多DUOL每日ETF
185:DUOL,多邻国
185:DVAL,罗素1000价值ETF
185:DVGR,DAC 3D股息增长ETF
185:DVIN,定义波动率工业指数
185:DVLU,多尔西赖特动量加值
185:DVOL,动量外加低波动率指数
185:DVQQ,语法定义波动率指数
185:DVRE,定义波动率房地产指数
185:DVSP,语法定义大盘股500
185:DVUT,定义波动公用事业指数
185:DVXB,定义波动率材料指数
185:DVXC,定义波动通信服务指数
185:DVXE,定义波动率能量指数
185:DVXF,定义波动率金融指数
185:DVXK,定义波动率技术指数
185:DVXP,波动率必需消费品指数
185:DVXV,波动率医疗保健指数
185:DVXY,波动非必需消费品指数
185:DVY,道琼斯美国精选股息
185:DWAS,小盘股技术领导者
185:DWAW,FSM全市值ETF
185:DWSH,Dorsey Wright短期ETF
185:DWSN,道森地探
185:DWUS,FSM美国核心ETF
185:DXCM,德康医疗
185:DXLG,Destination XL Group
185:DXPE,DXP Enterprises
185:DYFI,IDX动态固定收益ETF
185:DYN,Dyne
185:DYNB,动态配置债券ETF
185:DYOR,Insight Digital II
185:DYORU,Insight Digital II-U
185:DYORW,
185:DYTA,SGI动态战术ETF
185:EA,艺电
185:EART,稀土与关键材料指数
185:EASY,防御性股息增长ETF
185:EBAY,eBay
185:EBC,Eastern Bankshares
185:EBI,Longview优势ETF
185:EBIZ,电子商务指数ETF
185:EBMT,Eagle
185:EBON,亿邦国际
185:ECOW,现金牛100指数ETF
185:ECPG,安可资本
185:ECX,亿咖通科技
185:EDAP,EDAP TMS
185:EDIT,Editas Medicine
185:EDUC,Educational
185:EEE,75%标普500-25%以太坊
185:EEFT,嘉银通
185:EEMA,新兴市场亚洲定制封顶
185:EFAS,MSCI EAFE 50强分红
185:EFRA,绿色基础设施和工业
185:EFSC,Enterprise
185:EFSCP,Enterprisel优先存托A
185:EGGQ,NestYield愿景ETF
185:EGHA,EGH
185:EGHAR,
185:EGHAU,EGH-U
185:EGHT,8x8
185:EH,亿航智能
185:EHLS,羊群做多/做空ETF
185:EHTH,易康
185:EIKN,Eikon Therapeutics
185:EKG,纳斯达克健康科技ETF
185:ELFY,电气化基础设施指数
185:ELIL,每日LLY 2倍做多
185:ELIS,每日LLY 1倍做空
185:ELPW,亿珑能源
185:ELVN,Enliven
185:EMAT,Evolution Metals & Technologies
185:EMB,EMBI全球核心指数ETF
185:EMBC,Embecta
185:EMCB,新兴市场公司债券基金
185:EMEQ,聚焦新兴市场股票ETF
185:EMIF,标普新兴市场基础设施
185:EMIS,Emmis
185:EMISR,
185:EML,The Eastern
185:EMPD,Empery Digital
185:EMXC,新兴市场除中国外指数
185:EMXF,选择筛选5%发行人上限
185:ENDW,Cambria捐赠风格ETF
185:ENHI,增强型国际主动ETF
185:ENHU,增强型大盘核心ETF
185:ENLT,Enlight Renewable
185:ENPH,Enphase Energy
185:ENSG,恩赛因
185:ENTA,Enanta
185:ENTG,英特格
185:ENVX,Enovix
185:ENZL,新西兰IMI25/50 ETF
185:EOLS,Evolus
185:EPSN,Epsilon Energy
185:EQIX,易昆尼克斯
185:EQPT,EquipmentShare.com
185:EQRR,美国大盘股增长率指数
185:ERAS,Erasca
185:ERET,富时发展绿色目标
185:ERIC,爱立信
185:ERIE,伊瑞保险
185:ERII,Energy Recovery
185:ERNZ,TruesShares积极收益
185:ESCA,攀登者
185:ESGD,EAFE扩展ESG焦点指数
185:ESGE,新兴市场扩展ESG焦点
185:ESGU,美国ESG扩展焦点指数
185:ESLT,埃尔比特系统
185:ESMV,美国ESG减少碳目标ETF
185:ESN,基本40股票ETF
185:ESPO,视频游戏与电子竞技
185:ESPR,Esperion
185:ETEC,晨星全球新兴绿色技术
185:ETHA,以太币-美元参考利率
185:ETHB,CF以太币美元参考汇率
185:ETHM,Dynamix
185:ETHMU,Dynamix-U
185:ETHMW,
185:ETON,Eton Pharmaceuticals
185:ETOR,eToro
185:ETRL,2倍做多ETOR每日ETF
185:EUFN,MSCI欧洲财务指数ETF
185:EVCM,EverCommerce
185:EVER,EverQuote
185:EVGO,EVgo
185:EVGOW,
185:EVMT,电动汽车金属商品策略
185:EVO,Evotec
185:EVOX,Evolution Global
185:EVOXU,Evolution Global-U
185:EVOXW,
185:EVPF,优选证券与收益
185:EVRG,Evergy
185:EVSD,Eaton Vance短期收益
185:EVYM,Eaton高收益市政
185:EWBC,华美
185:EWCZ,European Wax Center
185:EWJV,MSCI日本价值指数ETF
185:EWTX,Edgewise
185:EWZS,MSCI巴西小盘股指数
185:EXC,爱克斯龙
185:EXE,Expand Energy
185:EXEL,伊克力西斯
185:EXFY,Expensify
185:EXLS,伊克赛尔服务控股
185:EXPE,Expedia
185:EXPI,eXp World Holdings
185:EXPO,毅博科技咨询
185:EXTR,极速网络
185:EXUS,聚焦国际核心ETF
185:EYE,National Vision
185:EYEG,AB公司债券ETF
185:EYPT,EyePoint
185:EZMO,EZ-MO大盘动能指数ETF
185:EZPW,艾茨克普
185:EZRO,防御性轮动指数ETF
185:FA,First Advantage
185:FAAA,富达AAA CLO ETF
185:FAAR,可替代绝对回报策略
185:FAB,纳斯达克多头价值指数
185:FACT,FACT II
185:FACTU,FACT II-U
185:FACTW,
185:FAD,纳斯达克多头成长指数
185:FALN,美高收益封顶指数ETF
185:FANG,Diamondback Energy
185:FARM,Farmer Bros
185:FAST,快扣
185:FATE,Fate Therapeutics
185:FBIZ,第一商业金融服务
185:FBL,META每日2倍做多ETF
185:FBNC,First Bancorp
185:FBOT,富达颠覆性自动化ETF
185:FBYD,Falcon's Beyond
185:FBYY,META收益增强2倍做多
185:FCA,AlphaDEX中国指数ETF
185:FCAL,加州市高收入ETF
185:FCBC,第一社区银行股份
185:FCEF,CEF收入机会ETF
185:FCEL,燃料电池能源
185:FCFS,第一富金融服务
185:FCLO,富达CLO ETF
185:FCNCA,第一公民银行股份
185:FCNCN,第一公民银行优先存托E
185:FCNCO,第一公民银行优先C
185:FCNCP,第一公民优先存托A
185:FCTE,全周期趋势ETF
185:FCVT,战略可转换证券ETF
185:FCXG,2倍做多FCX日报ETF
185:FDBC,Fidelity D & D
185:FDCF,富达颠覆性通信ETF
185:FDFF,富达颠覆性金融ETF
185:FDIF,富达颠覆者ETF
185:FDIG,加密行业和数字支付
185:FDIQ,地区银行指数ETF
185:FDIV,聚焦美国股息ETF
185:FDMT,4D Molecular
185:FDNI,道琼斯国际互联网ETF
185:FDRS,创始人主导型指数ETF
185:FDRX,创始人主导型2倍做多
185:FDT,AlphaDEX非美发达市场
185:FDTS,非美国发达市场小盘股
185:FDTX,富达颠覆性科技ETF
185:FDUS,Fidus Investment
185:FEAM,5E Advanced
185:FEAT,战术期权收益策略指数
185:FEIM,高频电子
185:FELE,富兰克林电子
185:FEM,AlphaDEX新兴市场指数
185:FEMB,新兴市场本地货币债券
185:FEMS,AlphaDEX新兴市场小盘
185:FEP,AlphaDEX欧洲指数ETF
185:FEPI,REX创新股票溢价收益
185:FER,Ferrovial
185:FERA,Fifth Era
185:FERAR,
185:FERAU,Fifth Era-U
185:FEUZ,欧元区指数ETF
185:FEX,AlphaDEX大盘核心ETF
185:FFBC,First
185:FFIC,法拉盛金融
185:FFIN,第一金融银行股份
185:FFIV,F5
185:FFUT,Fidelity管理期货ETF
185:FGBI,First Guaranty
185:FGBIP,First 优先存托A
185:FGII,FG Imperii Acquisition
185:FGIIU,FG Imperii Acquisition-U
185:FGIIW,
185:FGM,AlphaDEX德国指数ETF
185:FGMC,FG Merger
185:FGMCR,
185:FGMCU,FG Merger-U
185:FGNX,FG Nexus
185:FGNXP,FG Nexus优先
185:FGSI,成长实力&目标收益ETF
185:FHB,First Hawaiian
185:FHTX,Foghorn
185:FIBK,First Interstate
185:FICS,国际发达资本实力ETF
185:FID,标普国际股息贵族指数
185:FIGG,2倍做多FIG每日ETF
185:FIGR,Figure Technology
185:FIGX,FIGX Capital
185:FIGXU,FIGX Capital-U
185:FIGXW,
185:FINW,FinWise
185:FINX,INDXX全球金融主题
185:FIP,FTAI Infrastructure
185:FISI,金融机构
185:FISV,费哲金融服务
185:FITB,五三银行
185:FITBI,五三银行优先存托 I
185:FITBM,五三银行优先存托M
185:FITBO,五三银行优先存托K
185:FITBP,五三银行优先存托A
185:FIVE,Five Below
185:FIVN,Five9
185:FIVY,Dorsey战术混合期权
185:FIXD,Smith机会固定收益ETF
185:FIZZ,National Beverage
185:FJP,AlphaDEX日本指数ETF
185:FKU,AlphaDEX英国指数ETF
185:FLDB,Fidelity短期债券ETF
185:FLEX,伟创力
185:FLGT,Fulgent Genetics
185:FLN,AlphaDEX拉丁美洲ETF
185:FLNC,Fluence Energy
185:FLWS,1-800-FLOWERS.COM
185:FLX,闪送
185:FLXS,弗莱克斯蒂尔工业
185:FLY,Firefly Aerospace
185:FLYW,Flywire
185:FMB,管理型市场ETF
185:FMBH,First Mid Bancshares
185:FMED,富达颠覆性医疗ETF
185:FMET,元宇宙指数ETF
185:FMHI,第一信托城市高收入
185:FMTM,聚焦美国动量ETF
185:FMUB,富达市政债券机会ETF
185:FMUN,富达系统性市政债券
185:FNK,AlphaDEX中值指数ETF
185:FNKO,Funko
185:FNLC,第一万通金控
185:FNWB,First Northwest
185:FNX,AlphaDEX中盘核心ETF
185:FNY,AlphaDEX中期成长ETF
185:FOLD,爱美医疗
185:FORM,FormFactor
185:FORR,佛罗斯特研究
185:FORTY,配方系统
185:FOSL,福斯尔
185:FOX,福克斯B
185:FOXA,福克斯A
185:FOXF,福克斯工厂控股
185:FPA,非日本亚太指数ETF
185:FPXE,IPOX 100欧洲指数
185:FPXI,IPOX国际指数ETF
185:FRBA,First Bank
185:FRD,Friedman Industries
185:FRDD,Direxion每日F做空ETF
185:FRDU,每日F 2倍做多ETF
185:FRME,第一招商股份
185:FRMEP,第一招商股份优先存托A
185:FRMI,Fermi
185:FROG,JFrog
185:FRPH,FRP Holdings
185:FRPT,Freshpet
185:FRSH,Freshworks
185:FRST,Primis Financial
185:FRWD,Nomura转型技术ETF
185:FSBC,Five Star Bancorp
185:FSCS,SMID资本实力指数ETF
185:FSGS,SMID增长强度指数ETF
185:FSHP,Flag Ship
185:FSHPR,
185:FSHPU,Flag Ship-U
185:FSLR,第一太阳能
185:FSLY,Fastly
185:FSTR,LB福斯特
185:FSUN,FirstSun Capital
185:FSV,Firstservice
185:FSZ,AlphaDEX瑞士指数ETF
185:FTA,大盘价值指数ETF
185:FTAG,Indxx全球农业指数ETF
185:FTAI,FTAI Aviation
185:FTAIM,Fortress优先D
185:FTAIN,Fortress优先C
185:FTC,AlphaDEX大盘成长ETF
185:FTCS,资本实力指数
185:FTDR,Frontdoor
185:FTDS,股息强度指数ETF
185:FTGC,主动型商品战略ETF
185:FTGS,增长强度指数ETF
185:FTHI,第一信托BuyWrite收入
185:FTNT,飞塔信息
185:FTQI,纳斯达克买入收益ETF
185:FTRE,Fortrea Holdings
185:FTRI,自然资源收入指数ETF
185:FTSL,高级贷款基金ETF
185:FTSM,增强短期到期ETF
185:FTXG,纳斯达克智能食品饮料
185:FTXH,纳斯达克美国智能药品
185:FTXL,美智能半导体指数ETF
185:FTXN,纳斯达克智能油气指数
185:FTXO,美国智能银行指数ETF
185:FTXR,纳斯达克智能交通指数
185:FULC,Fulcrum Therapeutics
185:FULT,富尔顿金融
185:FULTP,富尔顿金融优先存托A
185:FUNC,马里兰第一联合
185:FUND,Sprott Focus Trust
185:FUSE,Fusemachines
185:FUTG,2倍做多FUTU每日ETF
185:FUTU,富途控股
185:FV,焦点五指数ETF
185:FVAV,Fortress Value V
185:FVC,赖特动态焦点五ETF
185:FWONA,Liberty Formula One A
185:FWONK,Liberty Formula One C
185:FWRD,福沃运输
185:FWRG,First Watch
185:FYC,AlphaDEX小盘成长ETF
185:FYT,AlphaDEX小盘价值ETF
185:FYX,AlphaDEX小盘核心ETF
185:GABC,德美银行
185:GAIA,Gaia
185:GAIN,格拉德斯通投资
185:GAING,格拉德斯通投资 7.125% 20310501
185:GAINI,格拉德斯通投资 7.875% 20300201
185:GAINN,格拉德斯通投资 5% 20260501
185:GAINZ,格拉德斯通投资 4.875% 20281101
185:GAMB,Gambling.com Group
185:GANX,Gain Therapeutics
185:GARY,芒果成长ETF
185:GASS,斯蒂加斯海运
185:GAUZ,Gauzy
185:GAVA,雪崩基准汇率指数ETF
185:GBDC,Golub Capital BDC
185:GBLI,Global Indemnity
185:GBUG,Sprott主动型金银矿工
185:GCL,GCL Global
185:GCLWW,
185:GCMG,Gcm Grosvenor
185:GCT,大健云仓
185:GDEN,黄金娱乐
185:GDEV,GDEV
185:GDEVW,
185:GDFN,Tema国际国防创新ETF
185:GDRX,Goodrx
185:GDS,万国数据
185:GECC,Great Elm Capital
185:GECCG,Great Elm Capital 7.75% 20301231
185:GECCH,Great Elm Capital 8.125% 20291231
185:GECCI,Great Elm Capital 8.5% 20290430
185:GECCO,Great Elm Capital 5.875% 20260630
185:GEG,Great Elm
185:GEGGL,Great Elm 7.25% 20270630
185:GEHC,GE HealthCare
185:GEME,太平洋NoS全球新兴
185:GEMG,2倍做多GEMI每日ETF
185:GEMI,Gemini Space Station
185:GEN,Gen Digital
185:GENB,Generate Biomedicines
185:GENK,GEN Restaurant
185:GENVR,
185:GEOS,Geospace Technologies
185:GERN,杰龙
185:GEVG,2倍做多GEV每日ETF
185:GEW,Cambria全球EW ETF
185:GFGF,Guru热门股票ETF
185:GFLW,自由现金流增长ETF
185:GFS,Globalfoundries
185:GGLL,每日GOOGL 2倍做多
185:GGLS,GOOGL每日1倍做空
185:GH,Guardant Health
185:GHRS,GH Research
185:GIG,GigCapital7
185:GIGGU,GigCapital7-U
185:GIGGW,
185:GIII,G-III Apparel
185:GILD,吉利德科学
185:GILT,吉来特卫星网络
185:GIND,高盛印度股票ETF
185:GINX,SGI增强型全球收益ETF
185:GIW,GigInternational1
185:GIWWR,
185:GIWWU,GigCapital8-U
185:GIXXU,GigCapital9-U
185:GKAT,Scharf全球机会ETF
185:GLAD,格拉德斯通资本
185:GLBE,Global-E Online
185:GLCR,冰岛全球总回报净值
185:GLDB,另类FIAT1.25倍做多
185:GLDD,大湖船坞
185:GLDI,黄金流动103指数ETN
185:GLDY,黄金增强期权收益ETF
185:GLGG,2倍做多GLXY每日ETF
185:GLIBA,GCI Liberty A
185:GLIBK,GCI Liberty C
185:GLNG,Golar LNG
185:GLOO,Gloo Holdings
185:GLOW,VictoryShares股票ETF
185:GLPG,Galapagos
185:GLPI,Gaming And Leisure
185:GLRE,绿光资本
185:GLUE,Monte Rosa
185:GLWG,2倍做多GLW每日ETF
185:GLXY,Galaxy Digital
185:GMAB,Genmab
185:GNMA,美国GNMA债券指数ETF
185:GNOM,基因组学指数
185:GNTX,真泰克
185:GO,Grocery Outlet
185:GOGO,Gogo
185:GOOD,格拉德斯通商业
185:GOODN,格拉德斯通商业优先E
185:GOODO,格拉德斯通商业优先G
185:GOOG,谷歌C
185:GOOGL,谷歌A
185:GOSS,Gossamer Bio
185:GOU,2倍做多GOOGL每日ETF
185:GOVI,ICE 1-30年到期美债
185:GPAC,General Purpose Acquisition
185:GPACU,General Purpose Acquisition-U
185:GPACW,
185:GPAT,GP-Act III
185:GPATU,GP-Act III-U
185:GPATW,
185:GPCR,硕迪生物
185:GPIQ,纳斯达克100溢价收益
185:GPIX,标普500溢价收益ETF
185:GPRE,绿色平原
185:GPRF,优先股票和混合型证券
185:GPRO,Gopro
185:GPT,阿尔法图谱ETF
185:GQQQ,Astoria美国优质成长
185:GRAB,Grab Holdings
185:GRABW,
185:GRAG,2倍做多GRAB每日ETF
185:GRAL,Grail
185:GREE,Greenidge Generation
185:GREEL,Greenidge Generation 8.5% 20261031
185:GRFS,基立福
185:GRID,纳斯达克清洁智能电网
185:GRIN,国际现金流增长指数
185:GRPN,Groupon
185:GRVY,Gravity
185:GRW,TCW持久增长ETF
185:GSAT,全球星
185:GSBC,南方万通金控
185:GSGO,高盛增长机会ETF
185:GSHD,Goosehead Insurance
185:GSHR,Gesher Acquisition
185:GSHRU,Gesher Acquisition-U
185:GSHRW,
185:GSIB,主题全球系统银行ETF
185:GSIT,GSI Technology
185:GSRF,GSR IV
185:GSRFR,
185:GSRFU,GSR IV-U
185:GT,固特异轮胎橡胶
185:GTEN,Gores Holdings X
185:GTENU,Gores Holdings X-U
185:GTENW,
185:GTERA,Globa Terra
185:GTERR,
185:GTERU,Globa Terra-U
185:GTERW,
185:GTLB,GitLab
185:GTM,ZoomInfo
185:GTOP,高盛科技机会ETF
185:GTOQ,高收益系统性债券ETF
185:GTPE,世界私募股权回报指数
185:GTR,目标范围基金ETF
185:GTX,Garrett Motion
185:GUSE,增强型美国股票ETF
185:GUTS,Fractyl Health
185:GVLE,高盛价值机会ETF
185:GWRS,Global Water
185:GXDW,主题轮动全收益指数
185:HACQU,HCM IV Acquisition-U
185:HAFC,韩美金融
185:HAIN,海恩时富
185:HALO,奥洛兹美医疗
185:HAS,孩之宝
185:HAVA,Harvard Ave
185:HAVAR,
185:HAVAU,Harvard Ave-U
185:HBAN,亨廷顿银行
185:HBANL,亨廷顿银行优先存托J
185:HBANM,亨廷顿银行优先存托I
185:HBANP,亨廷顿银行优先存托H
185:HBANZ,亨廷顿银行优先存托L
185:HBCP,Home合众银行
185:HBDC,BDC公司债券TR指数ETF
185:HBNC,哈里逊合众银行
185:HBR,HBAR-USD参考汇率
185:HBT,HBT Financial
185:HCAC,Hall Chadwick
185:HCACR,
185:HCACU,Hall Chadwick-U
185:HCAT,Health Catalyst
185:HCICU,Hennessy Capital VIII-U
185:HCKT,哈克特服务
185:HCM,和黄医药
185:HCMA,HCM III
185:HCMAU,HCM III-U
185:HCMAW,
185:HCOW,Amplify COWS备兑看涨
185:HCSG,医疗保健服务
185:HDL,海底捞
185:HEAL,HealthTech ETF
185:HECO,对冲数字资产生态系统
185:HELE,海伦特洛伊家电
185:HELP,Cybin
185:HEPS,D-MARKET Electronic
185:HEQQ,纳斯达克对冲阶梯叠加
185:HERD,摇钱树基金指数ETF
185:HERE,奇梦岛
185:HERO,视频游戏和电竞ETF
185:HFSP,TradersAI大盘股权益
185:HFWA,Heritage金融银行
185:HHS,哈特-汉克斯
185:HIDE,建筑师高胀和通缩ETF
185:HIFS,欣厄姆银行
185:HIMX,奇景光电
185:HIMZ,每日目标2倍做多HIMS
185:HISF,高收益战略重点ETF
185:HLAL,Shariah美国指数ETF
185:HLIT,谐波
185:HLMN,Hillman Solutions
185:HLNE,Hamilton Lane
185:HLXC,Helix Acquisition III
185:HMYY,2倍做多收益增强HIMS
185:HNDL,纳斯达克7交易指数ETF
185:HNNA,Hennessy Advisors
185:HNNAZ,Hennessy Advisors 4.875% 20261231
185:HNST,The Honest
185:HNVR,Hanover Bancorp
185:HODU,每日2倍做多HOOD ETF
185:HOFT,胡克家具
185:HOLX,豪洛捷
185:HON,霍尼韦尔
185:HOOD,Robinhood Markets
185:HOOG,2倍做多HOOD每日ETF
185:HOOX,每日目标两倍做多HOOD
185:HOPE,Hope Bancorp
185:HOVNP,霍夫纳尼安优先存托
185:HOWL,Werewolf
185:HOYY,收益增强2倍做多HOOD
185:HPK,HighPeak Energy
185:HQGO,Hartford美国优质成长
185:HQY,Healthequity
185:HRMY,Harmony
185:HROW,Harrow
185:HRTS,Tema心脏健康ETF
185:HRZN,Horizon Technology
185:HSAI,禾赛
185:HSIC,亨利香恩服务
185:HSPT,Horizon Space II
185:HSPTR,
185:HSPTU,Horizon Space II-U
185:HST,美国豪斯特酒店
185:HSTM,健康流科技
185:HTBK,Heritage Commerce
185:HTFL,Heartflow
185:HTHT,华住
185:HTLD,哈特兰快递
185:HTO,H2O
185:HTZ,赫兹
185:HTZWW,
185:HUBG,枢纽
185:HUIZ,慧择
185:HUMA,Humacyte
185:HUMAW,
185:HURC,赫克
185:HURN,休伦咨询
185:HUT,Hut 8
185:HUTG,2倍做多HUT每日ETF
185:HVII,Hennessy Capital
185:HVIIR,
185:HVIIU,Hennessy Capital-U
185:HVMC,Highview Merger
185:HVMCU,Highview Merger-U
185:HVMCW,
185:HWAY,美国基础设施指数
185:HWBK,Hawthorn Bancshares
185:HWC,汉考克惠特尼
185:HWCPZ,汉考克惠特尼 6.25% 20600615
185:HWKN,霍金斯材料
185:HWSM,SMID上限多元价值基金
185:HYBI,NEOS增强型收入信贷
185:HYDR,全球氢指数ETF
185:HYLS,美国银行高收益约束
185:HYP,金鹰动态高速增长ETF
185:HYPR,Hyperfine
185:HYXF,高收益选择ESG筛选ETF
185:HYZD,美高收益公司债券ETF
185:IAC,IAC
185:IACOU,Idea Acquisition-U
185:IALT,系统化另类主动ETF
185:IART,英特格拉生命科学
185:IBAT,全球储能材料指数ETF
185:IBB,生物技术指数ETF
185:IBBQ,纳斯达克生物技术ETF
185:IBCP,独立银行
185:IBEX,IBEX
185:IBGA,2044美国国债指数ETF
185:IBGB,2045到期日美国国债
185:IBGK,2054美国国债指数ETF
185:IBGL,2055到期日美国国债
185:IBIT,iShares Bitcoin Trust ETF
185:IBKR,盈透证券
185:IBOC,国际银行
185:IBOT,BlueStar机器人
185:IBRX,ImmunityBio
185:IBTG,2026美国国债指数ETF
185:IBTH,2027美国国债指数ETF
185:IBTI,2028美国国债指数ETF
185:IBTJ,2029美国国债指数ETF
185:IBTK,2030美国国债指数ETF
185:IBTL,2031美国国债指数ETF
185:IBTM,2032美国国债指数ETF
185:IBTO,2033美国国债指数ETF
185:IBTP,2034美国国债指数ETF
185:IBTQ,2035到期日美国国债
185:ICFI,ICF国际
185:ICHR,Ichor Holdings
185:ICLN,标普全球清洁能源ETF
185:ICLR,Icon
185:ICMB,Investcorp Credit
185:ICOP,STOXX全球铜金属矿
185:ICUI,ICU医疗
185:IDCC,InterDigital
185:IDEF,国防工业活跃ETF
185:IDN,Intellicheck
185:IDVY,国际上涨红利成就者
185:IDXX,IDEXX实验室
185:IDYA,IDEAYA生物科学
185:IEAG,Infinite Eagle
185:IEAGR,
185:IEAGU,Infinite Eagle-U
185:IEF,国债7-10年指数ETF
185:IEI,ICE美国国债3-7年债券
185:IEP,伊坎企业
185:IESC,IES Holdings
185:IEUS,MSCI欧洲小盘指数ETF
185:IFGL,富时发达非美指数ETF
185:IFLO,国际自由现金流指数
185:IFRX,InflaRx
185:IFV,赖特国际焦点五ETF
185:IGAC,Ig Acquisition
185:IGACR,
185:IGACU,Ig Acquisition-U
185:IGF,全球基础设施指数ETF
185:IGIB,5-10年美国公司ETF
185:IGOV,世界政府债券指数ETF
185:IGSB,1-5年美国企业指数ETF
185:IHRT,iHeartMedia
185:III,信息服务
185:IIIV,i3 Verticals
185:IJT,标普小盘股600增长
185:ILIT,STOXX锂矿商生产商
185:ILLUU,Illumination I-U
185:ILMN,Illumina
185:ILPT,Industrial Logistics
185:IMCR,Immunocore
185:IMCV,美国中盘广义价值ETF
185:IMKTA,安格莱斯市场
185:IMMP,Immutep
185:IMMR,浸入科技
185:IMOM,建筑师国际定量动量
185:IMOS,南茂
185:IMRX,Immuneering
185:IMSR,Terrestrial
185:IMSRW,
185:IMVT,Immunovant
185:INAC,Indigo
185:INACR,
185:INACU,Indigo-U
185:INBK,First Internet
185:INBKZ,First Internet 6% 20290630
185:INBX,Inhibrx
185:INCR,Intercure
185:INCY,因塞特医疗
185:IND,Nifty 500指数ETF
185:INDB,美国独立银行
185:INDH,印度对冲股票基金
185:INDV,Indivior
185:INDY,Nifty 50指数ETF
185:INGN,Inogen
185:INMD,InMode
185:INNV,InnovAge Holding
185:INOD,Innodata
185:INRO,美国行业轮动ETF
185:INSG,Inseego
185:INSM,Insmed
185:INTA,Intapp
185:INTC,英特尔
185:INTR,Inter & Co
185:INTU,财捷
185:INTW,2倍做多INTC每日ETF
185:INV,InnVenture
185:INVA,Innoviva
185:IOBT,IO Biotech
185:IONL,2倍做多IONQ每日ETF
185:IONS,伊奥尼斯制药
185:IONX,每日目标2倍做多IONQ
185:IONZ,每日2倍做空IONQ ETF
185:IOSP,英诺斯派材料
185:IOVA,Iovance
185:IOYY,2倍做多IONQ ETF
185:IPAR,依特香水
185:IPCX,Inflection Point
185:IPCXR,
185:IPCXU,Inflection Point-U
185:IPEX,Inflection Point V
185:IPEXR,
185:IPEXU,Inflection Point V-U
185:IPGP,IPG光电
185:IPHA,Innate Pharma
185:IPKW,国际回购成功者ETF
185:IPOD,Dune
185:IPODU,Dune-U
185:IPODW,
185:IQ,爱奇艺
185:IQQQ,NASDAQ-100日覆盖看涨
185:IRDM,铱星通讯
185:IREG,2倍做多IREN每日ETF
185:IREN,IREN
185:IRHO,Iron Horse
185:IRHOR,
185:IRHOU,Iron Horse-U
185:IRMD,Iradimed
185:IRON,Disc Medicine
185:IRTC,iRhythm
185:IRWD,Ironwood医药
185:ISHG,世界政府债券1-3年
185:ISHP,全球电子商务指数ETF
185:ISRG,直觉外科
185:ISSC,创新软件
185:ISTB,美国通用1-5年指数ETF
185:ISTR,Investar Holding
185:ISUL,2倍做多ISRG每日ETF
185:ITHA,ITHAX Acquisition III
185:ITHAU,ITHAX Acquisition III-U
185:ITHAW,
185:ITIC,投资者不动产
185:ITRI,埃创
185:ITRN,Ituran Location
185:IUS,景顺战略美国指数
185:IUSB,美国通用指数ETF
185:IUSG,标普900成长指数ETF
185:IUSV,标普900价值指数ETF
185:IVA,Inventiva
185:IVAL,国际定量价值指数ETF
185:IVSI,IVS国际大型ETF
185:IVSS,IVS美国SMID ETF
185:IVSX,IVS国际SMID ETF
185:IVVD,Invivyd
185:IXUS,MSCI非美IMI指数ETF
185:JACK,Jack In The Box
185:JAKK,Jakks Pacific
185:JANX,Janux Therapeutics
185:JAPN,日本所有者运营商ETF
185:JAZZ,爵士制药
185:JBHT,JB亨特运输服务
185:JBLU,捷蓝航空
185:JBSS,John B. Sanfilippo
185:JCAP,Jefferson Capital
185:JD,京东
185:JDOC,摩根大通医疗保健ETF
185:JEPQ,纳斯达克股票溢价收益
185:JF,J and Friends
185:JFIN,嘉银科技
185:JFU,玖富
185:JGLO,摩根大通全球精选
185:JHAI,全球人工智能ETF
185:JIVE,摩根大通国际价值ETF
185:JJSF,JJSF食品
185:JKHY,杰克亨利
185:JMID,Janus中盘成长Alpha
185:JOUT,约翰逊户外
185:JOYY,欢聚
185:JPEF,摩根大通股票ETF
185:JPY,Lazard日本股票ETF
185:JRVR,詹姆斯河集团控股
185:JSM,Navient 6% 20431215
185:JSMD,小/中盘增长阿尔法ETF
185:JSML,小盘成长型阿尔法ETF
185:JTEK,摩根大通美国科技
185:KALU,凯撒铝业
185:KALV,KalVista
185:KAT,Scharf ETF
185:KBAB,2倍做多BABA每日ETF
185:KBDU,2倍做多BIDU每日ETF
185:KBON,Karbon Capital Partners
185:KBONU,Karbon Capital Partners-U
185:KBONW,
185:KBSX,FST
185:KBWB,纳斯达克银行指数ETF
185:KBWD,金融行业股息收益率
185:KBWP,纳斯达克财险指数
185:KBWY,溢价收益率股票REIT
185:KC,金山云
185:KCHV,Kochav Defense
185:KCHVR,
185:KCHVU,Kochav Defense-U
185:KDK,Kodiak
185:KDP,Keurig Dr Pepper
185:KE,金博尔电子
185:KEAT,Keating主动ETF
185:KELYA,凯利服务A
185:KELYB,凯利服务B
185:KEQU,基瓦尼科技
185:KFFB,肯塔基第一银行
185:KFII,K&F Growth
185:KFIIR,
185:KFIIU,K&F Growth-U
185:KHC,卡夫亨氏
185:KIDS,Orthopediatrics
185:KIQQ,纳斯达克英仕派高收益
185:KJD,2倍做多JD每日ETF
185:KLAC,科磊
185:KLAG,2倍做多KLAC每日ETF
185:KLIC,库力索法半导体
185:KLRS,Kalaris
185:KLTR,Kaltura
185:KLXE,Klx Energy Services
185:KMB,金佰利
185:KMDA,Kamada
185:KMLI,2倍做多MELI每日ETF
185:KMTS,Kestra Medical
185:KNDI,康迪科技
185:KNGZ,标普500行业中性红利
185:KNSA,Kiniksa
185:KOD,Kodiak Sciences
185:KOID,人形和具体化智能指数
185:KOYN,CSLM Digital
185:KOYNU,CSLM Digital-U
185:KOYNW,
185:KPDD,2倍做多PDD每日ETF
185:KPLT,Katapult Holdings
185:KPLTW,
185:KPTI,Karyopharm
185:KQQQ,Kurv科技泰坦精选ETF
185:KRAQU,KRAKacquisition-U
185:KRMA,邻近意识公司指数ETF
185:KRNT,Kornit Digital
185:KRNY,卡尼金融储蓄
185:KROP,农业科技与食品创新
185:KROS,Keros
185:KRT,Karat Packaging
185:KRUS,Kura Sushi USA
185:KRYS,Krystal Biotech
185:KSPI,Joint Stock
185:KTCC,Key Tronic
185:KTOS,克瑞拓斯安全防卫
185:KTWO,K2 Capital Acquisition
185:KTWOR,
185:KTWOU,K2 Capital Acquisition-U
185:KURA,Kura Oncology
185:KVAC,Keen Vision
185:KVACU,Keen Vision-U
185:KVACW,
185:KVHI,KVH通信
185:KWM,K Wave Media
185:KYIV,Kyivstar
185:KYMR,Kymera Therapeutics
185:KYNB,Kyntra Bio
185:KYTX,Kyverna
185:LAB,Standard BioTools
185:LACG,2倍做多LAC每日ETF
185:LAES,SEALSQ
185:LAFA,LaFayette Acquisition
185:LAFAR,
185:LAFAU,LaFayette Acquisition-U
185:LAKE,雷克兰医疗工业
185:LAMR,拉马尔户外广告
185:LAND,Gladstone Land
185:LANDO,Gladstone Land优先B
185:LANDP,Gladstone Land优先C
185:LARK,兰德马克银行
185:LASR,nLIGHT
185:LATA,Galata Acquisition
185:LATAU,Galata Acquisition-U
185:LATAW,
185:LAUR,Laureate Education
185:LAYS,NVDA & AMD 2倍做多
185:LBRDA,Liberty Broadband A
185:LBRDK,Liberty Broadband C
185:LBRDP,Liberty优先A
185:LBRX,LB Pharmaceuticals
185:LBTYA,自由全球
185:LBTYB,自由全球B
185:LBTYK,自由全球C
185:LCCC,Lakeshore III
185:LCCCR,
185:LCCCU,Lakeshore III-U
185:LCDL,2倍做多LCID每日ETF
185:LCDS,基础数据科学大型核心
185:LCID,Lucid Group
185:LCUT,生活时光品牌家具
185:LDEM,5%发行人上限指数ETF
185:LDRX,SGI增强型市场领导者
185:LDSF,低持续时间战略重点
185:LECO,林肯电气控股
185:LEE,李氏企业
185:LEGH,Legacy Housing
185:LEGN,传奇生物
185:LEGR,Indxx区块链指数
185:LENZ,LENZ Therapeutics
185:LESL,Leslie's
185:LEXI,亚历克西斯实用战术
185:LFAC,Leapfrog Acquisition
185:LFACU,Leapfrog Acquisition-U
185:LFACW,
185:LFCR,Lifecore Biomedical
185:LFMD,LifeMD
185:LFMDP,LifeMD优先A
185:LFSC,Emerald生命科学创新
185:LFST,LifeStance Health
185:LFUS,美国力特保险丝
185:LGCF,Solactive美国现金流
185:LGIH,LGI Homes
185:LGN,Legence
185:LGND,Ligand
185:LGO,Largo Resources
185:LGRO,彭博美国1000增长
185:LI,理想汽车
185:LIEN,Chicago Atlantic BDC
185:LIF,Life360
185:LIFE,Ethos Technologies
185:LILA,Liberty Latin A
185:LILAK,Liberty Latin C
185:LIMN,Liminatus Pharma
185:LIN,Linde
185:LINC,林肯教育服务
185:LINE,Lineage
185:LINT,每日2倍做多INTC ETF
185:LITE,Lumentum控股
185:LITP,Sprott锂矿ETF
185:LIVN,LivaNova
185:LKFN,莱克兰金融
185:LKQ,LKQ
185:LKSP,Lake Superior
185:LKSPR,
185:LKSPU,Lake Superior-U
185:LLYVA,Liberty Live A
185:LLYVK,Liberty Live C
185:LMAT,勒梅特微管医疗
185:LMBS,第一信任短期机会ETF
185:LMNR,Limoneira
185:LMNX,2倍做多LMND ETF
185:LMRI,Lumexa Imaging
185:LMTL,每日LMT 2倍做多ETF
185:LMTS,每日LMT 1倍做空ETF
185:LNT,美国联合能源
185:LNTH,Lantheus Holdings
185:LOCO,El Pollo Loco
185:LOGI,罗技
185:LOGO,Alpha品牌消费龙头ETF
185:LOKV,Live Oak Acquisition
185:LOKVU,Live Oak Acquisition-U
185:LOKVW,
185:LOOP,Loop Industries
185:LOPE,大峡谷教育
185:LOT,路特斯科技
185:LOTI,战术性收益ETF
185:LOVE,The Lovesac
185:LPAA,Launch One
185:LPAAU,Launch One-U
185:LPAAW,
185:LPBB,Launch Two
185:LPBBU,Launch Two-U
185:LPBBW,
185:LPCV,Launchpad Cadenza I
185:LPCVU,Launchpad Cadenza I-U
185:LPCVW,
185:LPLA,LPL Financial
185:LPRO,Open Lending
185:LPSN,LivePerson
185:LQDT,Liquidity Services
185:LRCX,拉姆研究
185:LRGE,大盘成长精选ETF
185:LRMR,Larimar
185:LRND,美国大盘股研发领导者
185:LSAK,Lesaka Technologies
185:LSBK,莱克肖尔万通金控
185:LSCC,莱迪思半导体
185:LSTR,莱帝运输
185:LTCC,LTC-USD参考汇率
185:LTRYW,
185:LULG,2倍做多LULU每日ETF
185:LULU,Lululemon Athletica
185:LUNG,Pulmonx
185:LUNR,Intuitive Machines
185:LVHD,低波动性高股息指数
185:LVIG,优势固定收益ETF
185:LWAC,LightWave
185:LWACU,LightWave-U
185:LWACW,
185:LWAY,来福威食品
185:LX,乐信
185:LXEH,丽翔教育
185:LXEO,Lexeo Therapeutics
185:LYEL,Lyell Immunopharma
185:LYFT,Lyft
185:LYTS,LSI设备
185:LZ,Legalzoom.com
185:MAAS,麦思智能
185:MAAY,2倍做多MARA ETF
185:MACI,Melar
185:MACIU,Melar-U
185:MACIW,
185:MANH,曼哈特
185:MAPS,WM Technology
185:MAPSW,
185:MAR,万豪酒店
185:MASI,麦斯莫医疗
185:MASS,908 Devices
185:MAT,美泰
185:MATE,主动趋势增强2倍做多
185:MATW,马修国际
185:MAXI,Bitcoin策略加大收益
185:MAXN,Maxeon Solar
185:MAZE,Maze Therapeutics
185:MBAV,M3-Brigade
185:MBAVU,M3-Brigade U
185:MBAVW,
185:MBB,彭博美国MBS指数ETF
185:MBLY,Mobileye Global
185:MBS,抵押贷款支持证券ETF
185:MBUU,Malibu Boats
185:MBVI,M3-Brigade VI
185:MBVIU,M3-Brigade VI-U
185:MBVIW,
185:MBWM,莫肯特尔银行
185:MBX,MBX Biosciences
185:MCBS,MetroCity Bankshares
185:MCDS,罗素中型股指数ETF
185:MCFT,MasterCraft Boat
185:MCGA,Yorkville
185:MCGAU,Yorkville-U
185:MCGAW,
185:MCHB,Mechanics
185:MCHI,MSCI中国指数ETF
185:MCHP,微芯科技
185:MCHPP,微芯科技优先存托A
185:MCHS,中国主动发现型ETF
185:MCHX,Marchex
185:MCRB,Seres Therapeutics
185:MCRI,Monarch Casino
185:MCW,Mister Car Wash
185:MDB,MongoDB
185:MDGL,Madrigal
185:MDIV,美国资产多元收益ETF
185:MDLN,Medline
185:MDLZ,亿滋国际
185:MDWD,MediWound
185:MEDP,Medpace Holdings
185:MEDX,Horizon Kinetics医疗
185:MELI,Mercadolibre
185:MEMA,主动新兴市场另类策略
185:MEMS,新兴市场主动发现ETF
185:MENS,健永生技
185:MEOH,梅赛尼斯
185:MERC,美世国际
185:MESH,Meshflow Acquisition
185:MESHU,Meshflow Acquisition-U
185:MESHW,
185:MESO,Mesoblast
185:META,Meta
185:METC,Ramaco Resources A
185:METCB,Ramaco Resources B
185:METCI,Ramaco Resources 8.25% 20300731
185:METCZ,Ramaco Resources 8.375% 20291130
185:METD,每日META 1倍做空
185:METL,主动金属与矿工ETF
185:METU,每日META 2倍做多
185:MEVO,M Evo Global
185:MEVOU,M Evo Global-U
185:MEVOW,
185:MFIC,MidCap Financial
185:MFICL,MidCap Financial 8% 20281215
185:MFIG,创新成长指数ETF
185:MFIN,Medallion Financial
185:MFLX,灵活市政高收入ETF
185:MFMO,动量指数ETF
185:MFVL,价值指数ETF
185:MGEE,MGE Energy
185:MGNI,Magnite
185:MGNX,Macrogenics
185:MGPI,MGP Ingredients
185:MGRC,McGrath Rentcorp
185:MGTX,MeiraGTx Holdings
185:MGX,Metagenomi
185:MGYR,Magyar Bancorp
185:MIDD,The Middleby
185:MILN,Indxx千禧主题指数
185:MIRM,Mirum
185:MIST,Milestone
185:MKAM,MKAM ETF
185:MKLY,McKinley
185:MKLYR,
185:MKLYU,McKinley-U
185:MKSI,MKS仪器
185:MKTW,MarketWise
185:MKTX,MarketAxess Holdings
185:MLAAU,Mountain Lake II-U
185:MLAB,Mesa Laboratories
185:MLAC,Mountain Lake
185:MLACR,
185:MLACU,Mountain Lake-U
185:MLCI,Mount Logan
185:MLCIL,Mount Logan 8% 20310131
185:MLCO,新濠博亚娱乐
185:MLKN,MillerKnoll
185:MLYS,Mineralys
185:MMED,MiniMed Group
185:MMLP,Martin Midstream
185:MMSI,Merit Medical
185:MMTX,Miluna Acquisition
185:MMTXU,Miluna Acquisition-U
185:MMTXW,
185:MMYT,MakeMyTrip
185:MNDO,思维终端科技
185:MNDY,monday.com
185:MNKD,曼恩凯德生物医疗
185:MNOV,美第奇新星生物技术
185:MNRO,Monro
185:MNST,怪物饮料
185:MNVT,Moonvest ETF
185:MNY,MoneyHero
185:MNYWW,
185:MNZL,罗素理想评级清真美国
185:MODL,美国西区行业ETF
185:MOLN,Molecular Partners
185:MOMO,挚文集团
185:MOOD,Relative战术分配ETF
185:MORN,晨星
185:MPAA,Motorcar Parts
185:MPB,宾州中部银行
185:MPG,2倍做多MP每日ETF
185:MPLT,MapLight Therapeutics
185:MPWR,Monolithic Power
185:MQ,Marqeta
185:MQQQ,2倍做多创新100每月
185:MRAL,2倍做多MARA每日ETF
185:MRAM,Everspin
185:MRBK,Meridian
185:MRCC,Monroe Capital
185:MRCY,Mercury Systems
185:MRLN,Merlin
185:MRNA,Moderna
185:MRTN,马尔登运输
185:MRVI,Maravai
185:MRVL,迈威尔科技
185:MRVU,每日2倍做多MRVL ETF
185:MRX,Marex
185:MSBI,Midland States
185:MSBIP,Midland优先存托A
185:MSDD,2倍做空MSTR每日ETF
185:MSEX,米德尔赛克斯水务
185:MSFD,每日微软1倍做空ETF
185:MSFL,每日2倍做多MSFT ETF
185:MSFT,微软
185:MSFU,每日微软2倍做多ETF
185:MSLE,Satellos Bioscience
185:MST,2倍做多收益型MSTR
185:MSTP,2倍做多MSTR每日ETF
185:MSTR,Strategy
185:MSTX,每日目标2倍做多MSTR
185:MTCH,Match Group
185:MTLS,Materialise
185:MTRX,Matrix Service
185:MTSI,MACOM Technology
185:MTYY,收益增强2倍做多MSTR
185:MU,美光科技
185:MUD,每日MU 1倍做空
185:MULL,2倍做多MU每日ETF
185:MULT,多部门收入ETF
185:MUU,每日MU 2倍做多
185:MUZEU,Muzero Acquisition-U
185:MVIS,维视图像
185:MVLL,2倍做多MRVL每日ETF
185:MWH,SOLV Energy
185:MXCT,Maxcyte
185:MXL,MaxLinear
185:MYCF,My2026公司债券ETF
185:MYCG,My2027公司债券ETF
185:MYCH,My2028公司债券ETF
185:MYCI,My2029公司债券ETF
185:MYCJ,My2030公司债券ETF
185:MYCK,My2031公司债券ETF
185:MYCL,My2032公司债券ETF
185:MYCM,My2033公司债券ETF
185:MYCN,My2034公司债券ETF
185:MYCO,My2035公司债ETF
185:MYFW,First Western金融
185:MYGN,万基遗传
185:MYHA,My2027高收益公司债
185:MYHB,My2028高收益公司债
185:MYHC,My2029高收益公司债
185:MYHD,My2030高收益公司债
185:MYHE,My2031高收益公司债
185:MYMF,My2026市政债券ETF
185:MYMG,My2027市政债券ETF
185:MYMH,My2028市政债券ETF
185:MYMI,My2029市政债券ETF
185:MYMJ,My2030市政债券ETF
185:MYMK,My2031市政债ETF
185:MYPS,PLAYSTUDIOS
185:MYPSW,
185:MYRG,MYR Group
185:MZTI,
185:NA,纳比特
185:NAII,Natural Alternatives
185:NAKA,Nakamoto
185:NAMM,Namib
185:NAMS,NewAmsterdam Pharma
185:NAMSW,
185:NATH,Nathan's Famous
185:NATO,航空航天和国防指数
185:NAVI,Navient
185:NAVN,Navan
185:NB,NioCorp Developments
185:NBIG,2倍做多NBIS每日ETF
185:NBIL,2倍做多NBIS每日ETF
185:NBIS,Nebius Group
185:NBIX,神经分泌生物科学
185:NBN,东北银行
185:NBP,新桥生物
185:NBTB,NBT Bancorp
185:NBTX,Nanobiotix
185:NCIQ,纳斯达克CME加密指数
185:NCMI,National Cinemedia
185:NCNO,nCino
185:NCPB,核心加债ETF
185:NDAA,360°动态配置ETF
185:NDAQ,纳斯达克
185:NDLS,Noodles
185:NDSN,诺信
185:NEMG,2倍做多NEM每日ETF
185:NEOG,纽勤
185:NETG,2倍做多NET每日ETF
185:NEUP,Neuphoria
185:NEWT,NewtekOne
185:NEWTG,NewtekOne 8.5% 20290601
185:NEWTH,NewtekOne 8.625% 20291015
185:NEWTI,NewtekOne 8% 20280901
185:NEWTO,NewtekOne 8.5% 20310201
185:NEWTP,新泰壹号优先存托B
185:NEWZ,AI能量波动美国全盘
185:NEXN,Nexxen International
185:NFBK,Northfield Bancorp
185:NFE,New Fortress Energy
185:NFLX,奈飞
185:NFRX,基础设施主动型ETF
185:NFTY,NIFTY 50等权重ETF
185:NFXL,每日NFLX 2倍做多
185:NFXS,每日NFLX 1倍做空
185:NGNE,Neurogene
185:NHIC,NewHold Investment
185:NHICU,NewHold Investment-U
185:NHICW,
185:NHPAP,Healthcare优先A
185:NHPBP,Healthcare优先 B
185:NICE,NICE
185:NIKL,Sprott镍矿ETF
185:NIOG,2倍做多NIO每日ETF
185:NIPG,NIP Group
185:NIU,小牛电动
185:NIXT,研究联盟删除指数
185:NKLR,Terra Innovatum
185:NKTX,Nkarta
185:NMFC,New Mountain Finance
185:NMFCZ,New Mountain Finance 8.25% 20281115
185:NMIH,NMI Holdings
185:NMP,NMP Acquisition
185:NMPAR,
185:NMPAU,NMP Acquisition-U
185:NMRA,Neumora
185:NMRK,Newmark Group
185:NNBR,NN
185:NNNN,Anbio Biotechnology
185:NNOX,Nano-x Imaging
185:NOEM,CO2 Energy
185:NOEMR,
185:NOEMU,CO2 Energy-U
185:NOEMW,
185:NOVT,Novanta
185:NOVTU,Novanta-U
185:NOWL,2倍做多NOW每日ETF
185:NPAC,New Providence III
185:NPACU,New Providence III-U
185:NPACW,
185:NPCE,NeuroPace
185:NPFI,Nuveen优选和收益ETF
185:NRC,National Research
185:NRDS,NerdWallet
185:NRES,RREEF全球自然资源ETF
185:NRIM,北沿合众银行
185:NRIX,Nurix Therapeutics
185:NSCR,Nuveen可持续核心ETF
185:NSI,国家安全新兴市场
185:NSIT,Insight Enterprises
185:NSSC,纳普科安全技术
185:NTAP,美国网存
185:NTCT,网侦系统
185:NTES,网易
185:NTGR,NETGEAR
185:NTHI,Neonc
185:NTIC,北方科技国际
185:NTLA,Intellia
185:NTNX,路坦力
185:NTRA,Natera
185:NTRS,北方信托
185:NTRSO,北方信托优先存托E
185:NTSK,Netskope
185:NTWO,Newbury Street II
185:NTWOU,Newbury Street II-U
185:NTWOW,
185:NUAI,New Era Energy
185:NUG,2倍做多NU每日ETF
185:NUGY,黄金矿工2倍做多ETF
185:NUSB,Nuveen超短收益ETF
185:NUVL,Nuvalent
185:NVAX,诺瓦瓦克斯医药
185:NVCR,Novocure
185:NVD,2倍做空NVDA每日ETF
185:NVDA,英伟达
185:NVDD,每日NVDA 1倍做空
185:NVDG,Leverage2倍做多NVDA
185:NVDL,NVDA每日2倍做多ETF
185:NVDS,NVIDIA公司1.5倍做空
185:NVDU,每日NVDA 2倍做多
185:NVMI,Nova
185:NVTS,纳微半导体
185:NVX,NOVONIX
185:NVYY,收益增强2倍做多NVDA
185:NWBI,Northwest Bancshares
185:NWE,NorthWestern
185:NWFL,Norwood Financial
185:NWL,纽威
185:NWPX,NWPX
185:NWS,新闻集团B
185:NWSA,新闻集团
185:NXPI,恩智浦
185:NXST,Nexstar Media Group
185:NXT,Nextpower
185:NXTC,NextCure
185:NXTG,5G和NextG主题指数ETF
185:NYAX,Nayax
185:NYXH,Nyxoah
185:NZAC,巴黎气候指数ETF
185:NZUS,美国气候巴黎调整指数
185:OABI,OmniAb
185:OACC,Oaktree Acquisition
185:OACCU,Oaktree Acquisition-U
185:OACCW,
185:OBA,Oxley Bridge
185:OBAI,Our Bond
185:OBAWU,Oxley Bridge-U
185:OBAWW,
185:OBIL,ICE美银12个月期国债
185:OBIO,Orchestra BioMed
185:OBTC,Osprey Bitcoin Trust-U
185:OCC,Optical Cable
185:OCFC,OceanFirst
185:OCS,Oculis Holding
185:OCSAW,
185:OCSL,Oaktree Specialty
185:OCUL,Ocular Therapeutix
185:ODD,ODDITY Tech
185:ODDS,全球赌博视频游戏竞技
185:ODFL,Old Dominion Freight
185:OFIX,Orthofix Medical
185:OFLX,欧美佳福莱克斯
185:OFS,Ofs Capital
185:OFSSH,Ofs Capital 4.95% 20281031
185:OFSSO,Ofs Capital 7.5% 20280731
185:OGI,Organigram Global
185:OIM,OneIM
185:OIMAU,OneIM-U
185:OIMAW,
185:OKLL,每日2倍做多OKLO ETF
185:OKTA,Okta
185:OKTG,2倍做多OKTA每日ETF
185:OKUR,OnKure
185:OLED,Universal Display
185:OLLI,Ollie's Bargain
185:OLMA,Olema
185:OLPX,Olaplex Holdings
185:OM,Outset Medical
185:OMAB,北方中心机场
185:OMCL,Omnicell
185:OMDA,Omada Health
185:OMER,奥麦罗制药
185:ON,安森美半导体
185:ONB,Old National Bancorp
185:ONBPO,Old National优先存托C
185:ONBPP,Old National优先存托A
185:ONC,百济神州
185:ONCH,1RT Acquisition
185:ONCHU,1RT Acquisition-U
185:ONCHW,
185:ONDG,2倍做多ONDS每日ETF
185:ONEQ,纳斯达克综合指数ETF
185:ONEW,OneWater Marine
185:OOQB,One+One Nasdaq-100 and Bitcoin ETF
185:OOSB,One+One S&P 500 and Bitcoin ETF
185:OPBK,OP Bancorp
185:OPCH,Option Care
185:OPEG,2倍做多OPEN每日ETF
185:OPEN,Opendoor
185:OPENL,
185:OPENW,
185:OPENZ,
185:OPK,OPKO Health
185:OPPJ,日本小盘股对冲股票
185:OPRA,欧朋浏览器
185:OPRT,Oportun Financial
185:OPTZ,优化策略指数ETF
185:ORCS,每日做空ORCL ETF
185:ORCU,每日2倍做多ORCL ETF
185:ORCX,每日目标2倍做多ORCL
185:ORIC,ORIC Pharmaceuticals
185:ORIQ,Origin Investment
185:ORIQU,Origin Investment-U
185:ORIQW,
185:ORKA,Oruka Therapeutics
185:ORLG,2倍做多ORLY每日ETF
185:ORLY,奥莱利
185:ORR,Militia多/空股票ETF
185:OS,OneStream
185:OSBC,Old Second Bancorp
185:OSCG,2倍做多OSCR每日ETF
185:OSCX,每日2倍做多OSCR ETF
185:OSIS,OSI Systems
185:OSUR,奥瑞许科技
185:OTEX,Open Text
185:OTGA,OTG Acquisition I
185:OTGAU,OTG Acquisition I-U
185:OTGAW,
185:OTGL,OTG拉丁美洲ETF
185:OTLY,Oatly Group AB
185:OTTR,奥特泰尔
185:OUST,Ouster
185:OVBC,俄亥俄河谷银行
185:OWLS,OBOOK Holdings
185:OXLC,Oxford Lane Capital
185:OXLCG,Oxford Lane Capital 7.95% 20320229
185:OXLCI,Oxford Lane Capital 8.75% 20300630
185:OXLCL,Oxford Lane Capital 6.75% 20310316
185:OXLCN,Oxford Lane优先N
185:OXLCO,Oxford Lane优先O
185:OXLCP,Oxford Lane优先P
185:OXLCZ,Oxford Lane Capital 5% 20270131
185:OXSQ,Oxford Square
185:OXSQG,Oxford Square 5.5% 20280731
185:OXSQH,Oxford Square 7.75% 20300731
185:OYSE,Oyster II
185:OYSER,
185:OYSEU,Oyster II-U
185:OZEM,GLP-1 &减肥ETF
185:OZK,欧扎克银行
185:OZKAP,欧扎克银行优先A
185:PAA,Plains All American
185:PAACU,Proem I-U
185:PABD,世界气候调整扩展精选
185:PABU,气候MSCI美国ETF
185:PACB,Pacific Biosciences
185:PACH,Pioneer I
185:PACHU,Pioneer I-U
185:PACHW,
185:PAGP,Plains GP
185:PAHC,Phibro Animal Health
185:PAL,Proficient Auto
185:PALD,每日PANW 1倍做空
185:PALOU,Paloma I-U
185:PALU,每日PANW 2倍做多
185:PAMT,PAMT
185:PANG,2倍做多PANW每日ETF
185:PANW,派拓网络
185:PATK,Patrick Industries
185:PATN,纳斯达克国际专利领先
185:PAX,Patria Investments
185:PAYO,Payoneer Global
185:PAYP,PayPay
185:PAYX,沛齐
185:PBEU,BITA欧洲银行指数ETF
185:PBOG,BITA全球油气精选指数
185:PBPH,全球制药和生物技术
185:PBQQ,PGIM阶梯式100缓冲
185:PBRG,2倍做多PBR每日ETF
185:PBYI,Puma Biotechnology
185:PCAP,ProCap
185:PCAPU,ProCap-U
185:PCAPW,
185:PCAR,帕卡
185:PCB,PCB Bancorp
185:PCMM,私人信贷CLO ETF
185:PCRX,Pacira BioSciences
185:PCSC,Perceptive
185:PCTY,Paylocity Holding
185:PCVX,Vaxcyte
185:PDBA,农业商品策略ETF
185:PDBC,最优收益多元商品策略
185:PDD,拼多多
185:PDDL,2倍做多PDD每日ETF
185:PDFS,PDF Solutions
185:PDLB,Ponce Financial
185:PDP,技术领导者指数ETF
185:PDYN,Palladyne AI
185:PDYNW,
185:PEBK,北卡罗来纳国民银行
185:PEBO,Peoples Bancorp
185:PECO,Phillips Edison
185:PEGA,Pegasystems
185:PELI,Pelican
185:PELIR,
185:PELIU,Pelican-U
185:PENG,Penguin Solutions
185:PENN,佩恩国民博彩
185:PEP,百事
185:PEPG,PepGen
185:PEPS,Parametric股票增强型
185:PERI,Perion Network
185:PETS,Petmed Express
185:PEY,美国股息实现50
185:PEZ,消费者产品技术
185:PFBC,保富银行
185:PFDE,纪律型美国股票ETF
185:PFF,上市优先和混合证券
185:PFG,信安金融
185:PFI,金融技术领导者
185:PFIS,人民金融服务
185:PFM,美国广泛股息成就ETF
185:PFOE,探路者聚焦机会ETF
185:PFSA,Profusa
185:PFX,PhenixFIN
185:PFXNZ,PhenixFIN 5.25% 20281101
185:PGAC,Pantages Capital
185:PGACR,
185:PGACU,Pantages Capital-U
185:PGC,皮帕克格拉德斯通金融
185:PGEN,Precigen
185:PGJ,金龙中国指数ETF
185:PGNY,Progyny
185:PHAR,Pharming Group
185:PHAT,Phathom
185:PHO,OMX美国水指数ETF
185:PHVS,Pharvaris
185:PI,Impinj
185:PICS,PicS
185:PID,国际高股利指数ETF
185:PIE,新兴市场技术领导者
185:PIO,OMX全球水指数ETF
185:PIZ,发达市场技术领导者
185:PKOH,帕克俄亥俄控股
185:PKW,美国股票回购
185:PLAB,福尼克斯
185:PLAY,戴夫和巴斯特娱乐
185:PLBL,Polibeli Group
185:PLBY,Playboy
185:PLCE,儿童之家
185:PLMK,Plum Acquisition
185:PLMKU,Plum Acquisition-U
185:PLMKW,
185:PLMR,Palomar Holdings
185:PLPC,Preformed Line
185:PLRX,Pliant Therapeutics
185:PLTD,每日PLTR 1倍做空ETF
185:PLTG,2倍做多PLTR每日ETF
185:PLTK,Playtika Holding
185:PLTR,Palantir
185:PLTU,每日PLTR 2倍做多ETF
185:PLTZ,每日2倍做空PLTR ETF
185:PLUL,2倍做多PLUG每日ETF
185:PLUS,正羽科技
185:PLXS,普雷克萨斯
185:PLYY,收益增强2倍做多PLTR
185:PMBS,PIMCO抵押贷款支持
185:PMTR,Perimeter
185:PMTRU,Perimeter-U
185:PMTRW,
185:PMTS,Cpi卡集团
185:PMVP,Pmv Pharmaceuticals
185:PNBK,爱国者国家合众银行
185:PNQI,纳斯达克互联网ETF
185:PNTG,The Pennant Group
185:PODD,银休特
185:POLE,Andretti
185:POLEU,Andretti-U
185:POLEW,
185:POM,石榴云医
185:PONOU,Pono Capital-U
185:PONY,小马智行
185:POOL,Pool
185:POWI,帕沃英蒂格盛
185:POWL,Powell Industries
185:PPC,Pilgrim's Pride
185:PPH,美国上市药业25 ETF
185:PPHC,Policy Holding
185:PPI,AXS实际资产ETF
185:PPIH,Perma-Pipe
185:PQAP,PGIM100缓冲12ETF4月
185:PQJA,PGIM100缓冲12ETF1月
185:PQJL,PGIM100缓冲12ETF7月
185:PQOC,PGIM100缓冲12ETF10月
185:PRAA,PRA Group
185:PRAX,Praxis
185:PRCT,PROCEPT BioRobotics
185:PRDO,Perdoceo Education
185:PRE,Prenetics Global
185:PRFZ,基本面精选美国1500
185:PRGS,Progress Software
185:PRHIZ,Presurance 9.75% 20280930
185:PRLD,Prelude
185:PRME,Prime Medicine
185:PRMR,RMR优质股票ETF
185:PRN,工业技术领先者
185:PROV,Provident Financial Holdings
185:PRPL,Purple Innovation
185:PRTA,Prothena
185:PRTC,Puretech Health
185:PRVA,Privia Health
185:PSC,Principa美国小型股
185:PSCC,小盘股上限消费必需品
185:PSCD,小盘600非必需消费品
185:PSCE,小盘股600上限能量
185:PSCF,小盘上限金融和房地产
185:PSCH,标普600医疗保健
185:PSCI,标普小盘600上限工业
185:PSCM,标普小盘600封顶材料
185:PSCT,标普小盘600信息技术
185:PSCU,公用事业和通信服务
185:PSEC,普罗斯佩克特资本
185:PSET,美国价格制定者ETF
185:PSKY,Paramount Skydance
185:PSL,消费必需品技术领先
185:PSMT,普尔斯玛特
185:PSNL,Personalis
185:PSNY,极星汽车 A
185:PSNYW,极星汽车 C-1
185:PSTR,PeakShares行业轮动
185:PSWD,Solactive网络安全ESG
185:PTC,PTC
185:PTCT,Ptc Therapeutics
185:PTEN,Patterson-UTI Energy
185:PTF,Wright技术领导者
185:PTGX,Protagonist
185:PTH,医疗技术领导者
185:PTIR,2倍做多PLTR每日ETF
185:PTLO,Portillo's
185:PTNQ,NASDAQ 100指数ETF
185:PTON,Peloton Interactive
185:PTOR,Praetorian Acquisition
185:PTORU,Praetorian Acquisition-U
185:PTORW,
185:PTRN,Pattern Group
185:PUBM,Pubmatic
185:PUI,公用事业技术领导者
185:PWP,Perella Weinberg
185:PWRD,TCW转型系统ETF
185:PXI,能源技术领导者
185:PY,纳斯达克美国股东收益
185:PYPG,2倍做多PYPL每日ETF
185:PYPL,Paypal Holdings
185:PYXS,Pyxis Oncology
185:PYZ,基础材料技术领导者
185:PZZA,棒约翰
185:QABA,纳斯达克社区银行指数
185:QALT,SEI DBi多策略另类ETF
185:QAT,MSCI卡塔尔限制指数
185:QB,Nasdaq100缓冲指数ETF
185:QBIG,Invesco高级QQQ
185:QBTZ,每日2倍做空QBTS
185:QBUF,Nasdaq100季度缓冲10
185:QBY,2倍做多收益增强QBTS
185:QCLN,纳斯达克清洁绿能指数
185:QCLR,NASDAQ季度领口95-110
185:QCMD,每日QCOM 1倍做空ETF
185:QCML,2倍做多QCOM每日ETF
185:QCMU,每日QCOM 2倍做多ETF
185:QCOM,高通
185:QCRH,QCR Holdings
185:QDEL,QuidelOrtho
185:QDTY,100 0DTE备兑看涨策略
185:QETA,Quetta Acquisition
185:QETAR,
185:QETAU,Quetta Acquisition-U
185:QEW,纳斯达克-100等权加权
185:QFIN,奇富科技
185:QGRD,Nasdaq100定义风险ETF
185:QH,趣活
185:QHDG,对冲纳斯达克-100ETF
185:QLDY,闪电价差收益ETF
185:QLYS,科力斯
185:QMCO,昆腾
185:QMID,美国中型股质量增长
185:QMOM,建筑师定量动量指数
185:QNCX,Quince Therapeutics
185:QNST,QuinStreet
185:QNXT,纳斯达克100前30只
185:QOWZ,自由现金流实现者ETF
185:QPUX,2倍每日做多纯量子ETF
185:QQA,NASDAQ100高收益ETF
185:QQDN,超级指数2倍做空ETF
185:QQEW,纳斯达克100等权重
185:QQHG,NASDAQ100对冲优势ETF
185:QQLV,纳斯达克低波动指数
185:QQMG,纳斯达克100 ESG ETF
185:QQQ,纳斯达克100指数ETF
185:QQQA,多尔西赖特动量ETF
185:QQQE,纳斯达克100等权重
185:QQQG,Pacer纳斯达克100
185:QQQH,NEOS纳斯达克100对冲
185:QQQI,NASDAQ100高收入ETF
185:QQQJ,纳斯达克下一代100ETF
185:QQQM,纳斯达克100指数ETF
185:QQQP,2倍做多创新100季度
185:QQQS,创新完成上限指数
185:QQQT,Defiance收益目标ETF
185:QQQX,Nuveen Nasdaq 100
185:QQQY,纳斯达克100周配ETF
185:QQUP,超级指数2倍做多ETF
185:QQWZ,COWZ 100-纳斯达克100
185:QQXL,2倍做多纳斯达克指数
185:QQXT,NASDAQ100科技ETF
185:QRMI,NASDAQ月度净信用ETF
185:QRVO,Qorvo
185:QS,QuantumScape
185:QSEA,Quartzsea
185:QSEAR,
185:QSEAU,Quartzsea-U
185:QSI,Quantum-Si
185:QSIAW,
185:QSIX,纳斯达克100股息倍数
185:QSML,美国小型股质量增长
185:QTEC,NASDAQ科技行业ETF
185:QTOP,纳斯达克100前30指数
185:QTR,NASDAQ季度保护性卖出
185:QTRX,Quanterix
185:QTUM,蓝星机器学习ETF
185:QUMS,Quantumsphere
185:QUMSR,
185:QUMSU,Quantumsphere-U
185:QURE,uniQure
185:QVAL,建筑师定量价值ETF
185:QXQ,SGI增强型纳斯达克ETF
185:QYLD,NASDAQ100指数ETF
185:QYLG,纳斯达克半买进V2ETF
185:RAA,REAL资产配置ETF
185:RAAQ,Real Asset
185:RAAQU,Real Asset-U
185:RAAQW,
185:RAIL,FreightCar America
185:RANG,Range Capital
185:RANGR,
185:RANGU,Range Capital-U
185:RANI,Rani Therapeutics
185:RAPP,Rapport
185:RARE,Ultragenyx
185:RAUS,RACWI美国指数ETF
185:RBB,RBB
185:RBBN,Ribbon
185:RBCAA,Republic Bancorp
185:RBIL,TIPS 1-13个月总回报
185:RCAX,每日目标2倍做多RCAT
185:RCGE,RockCreek全球平等
185:RCKT,Rocket
185:RCKY,Rocky Brands
185:RCMT,RCM Technologies
185:RDAG,Republic Digital
185:RDAGU,Republic Digital-U
185:RDAGW,
185:RDNT,RadNet
185:RDTL,2倍做多RDDT每日ETF
185:RDTY,2000 0DTE备兑看涨
185:RDVY,美国股利增长成就ETF
185:RDWR,Radware
185:RDZN,Roadzen
185:REAI,智能地产ETF
185:REAL,The RealReal
185:REFI,Chicago Atlantic
185:REG,Regency Centers
185:REGCO,Regency Centers优先B
185:REGCP,Regency Centers优先A
185:REGN,再生元制药
185:REIT,房地产投资信托ETF
185:RELL,理查森电子
185:RELY,Remitly Global
185:REMG,投资新兴市场股票ETF
185:RENT,Rent the Runway
185:REPL,Replimune Group
185:REYN,Reynolds Consumer
185:RFAI,RF Acquisition II
185:RFAIR,
185:RFAIU,RF Acquisition II-U
185:RFAM,RF Acquisition III
185:RFAMR,
185:RFAMU,RF Acquisition III-U
185:RFDI,滨河动态国际发展ETF
185:RFEM,第一信托动态新兴市场
185:RFIL,RF Industries
185:RGCO,RGC Resources
185:RGEN,Repligen
185:RGLD,皇家黄金
185:RGLO,投资全球股票ETF
185:RGNX,Regenxbio
185:RGP,Resources Connection
185:RGS,Regis
185:RGTX,每日目标2倍做多RGTI
185:RGTZ,每日2倍做空RGTI
185:RGYY,2倍做多收益增强RGTI
185:RICK,RCI Hospitality
185:RIFR,全球基础设施ETF
185:RIGL,里格尔制药
185:RILY,BRC Group Holdings
185:RILYG,BRC Group Holdings 5% 20261231
185:RILYK,BRC Group Holdings 5.5% 20260331
185:RILYL,BRC Group Holdings优先存托B
185:RILYN,BRC Group Holdings 6.5% 20260930
185:RILYP,BRC Group Holdings优先存托A
185:RILYT,BRC Group Holdings 6% 20280131
185:RILYZ,BRC Group Holdings 5.25% 20280831
185:RING,精选金矿可投资市场
185:RINT,投资国际开发股票ETF
185:RIVN,Rivian Automotive
185:RJET,Republic Airways
185:RKLX,每日目标2倍做多RKLB
185:RKLZ,每日目标2倍做空RKLB
185:RKNG,Defiance零售王者ETF
185:RLAY,Relay Therapeutics
185:RMBS,Rambus
185:RMNI,Rimini Street
185:RNA,Atrium Therapeutics
185:RNAC,Cartesian Therapeutics
185:RNEM,风险分析新兴市场ETF
185:RNGT,Range Capital II
185:RNGTU,Range Capital II-U
185:RNGTW,
185:RNIN,资本美国SMID上限股票
185:RNRG,可再生能源生产者ETF
185:RNW,ReNew Energy Global
185:RNWWW,
185:ROAD,Construction
185:ROBT,纳斯达克CTA人工智能
185:ROCK,Gibraltar Industries
185:ROE,美国等权重质量王ETF
185:ROIV,Roivant Sciences
185:ROKU,Roku
185:ROOT,Root
185:ROP,儒博实业
185:ROST,罗斯百货
185:RPD,Rapid7
185:RPRX,Royalty Pharma
185:RRBI,Red River Bancshares
185:RRGB,红罗宾汉堡连琐店
185:RRR,Red Rock Resorts
185:RSVR,Reservoir Media
185:RSVRW,
185:RTAC,Renatus Tactical
185:RTACU,Renatus Tactical-U
185:RTACW,
185:RTH,MVIS美国零售25指数
185:RTXG,2倍做多RTX每日ETF
185:RTYY,2倍做多收益增强RIOT
185:RUM,Rumble
185:RUMBW,
185:RUN,Sunrun
185:RUNN,Oak运营高效增长ETF
185:RUSC,美国小盘股票ETF
185:RUSHA,Rush Enterprises A
185:RUSHB,Rush Enterprises B
185:RVMD,Revolution Medicines
185:RVMDW,
185:RVNL,2倍做多RIVN每日ETF
185:RVSB,Riverview Bancorp
185:RWAY,Runway Growth
185:RWAYI,Runway Growth 7.25% 20310203
185:RWAYL,Runway Growth 7.5% 20270728
185:RXRX,Recursion
185:RXST,RxSight
185:RXT,Rackspace Technology
185:RYAAY,瑞安航空
185:RYTM,Rhythm
185:RZLV,Rezolve AI
185:SAAQU,Space Asset Acquisition-U
185:SABR,Sabre
185:SAFT,Safety Insurance
185:SAIA,Saia
185:SAIC,科学应用
185:SAIL,SailPoint
185:SAMG,Silvercrest Asset
185:SANA,Sana Biotechnology
185:SANG,Sangoma Technologies
185:SANM,新美亚电子
185:SARK,创新每日1倍做空ETF
185:SATA,Strive 优先A
185:SATG,2倍做多SATS每日ETF
185:SATS,回声星通信
185:SBAC,SBA通信
185:SBC,SBC Medical Group
185:SBCF,Seacoast Banking
185:SBGI,辛克莱
185:SBLK,Star Bulk Carriers
185:SBRA,Sabra Health Care
185:SBU,2倍做多SBUX每日ETF
185:SBUX,星巴克
185:SCAG,司凯奇
185:SCDS,基础数据科学小型核心
185:SCHL,学乐集团
185:SCII,SC II Acquisition
185:SCIIR,
185:SCIIU,SC II Acquisition-U
185:SCLS,动态商品指数回报ETF
185:SCOR,康姆斯克
185:SCPQ,Social Commerce
185:SCPQU,Social Commerce-U
185:SCPQW,
185:SCSC,ScanSource
185:SCVL,Shoe Carnival
185:SCZ,欧澳远东小盘指数ETF
185:SDG,可持续发展指数ETF
185:SDGR,Schrodinger
185:SDHI,Siddhi
185:SDHIR,
185:SDHIU,Siddhi-U
185:SDSI,世纪短期战略收益ETF
185:SDTY,0DTE备兑看涨策略
185:SDVY,中小盘上涨股息指数
185:SEAT,Vivid Seats
185:SEATW,
185:SEDG,Solaredge
185:SEEM,SEI精选新兴市场股票
185:SEER,Seer
185:SEGG,Sports Entertainment
185:SEIC,SEI投资
185:SEIE,SEI精选国际股票ETF
185:SEIS,SEI精选小盘股ETF
185:SEMY,半导体3倍做多ETF
185:SENEA,Seneca Foods A
185:SENEB,Seneca Foods B
185:SENS,Senseonics Holdings
185:SEPN,Septerna
185:SERA,Sera Prognostics
185:SETM,Sprott关键材料指数
185:SFD,Smithfield Foods
185:SFIX,Stitch Fix
185:SFLO,小盘股自由现金流ETF
185:SFM,Sprouts Farmers
185:SFNC,西蒙斯第一国民银行
185:SFST,Southern First
185:SGA,Saga Communications
185:SGC,Superior Group
185:SGHT,Sight Sciences
185:SGMT,Sagimet Biosciences
185:SGP,SpyGlass Pharma
185:SGRY,Surgery Partners
185:SHBI,Shore Bancshares
185:SHC,Sotera
185:SHEN,谢南多厄电讯
185:SHLS,Shoals Technologies
185:SHMD,SCHMID Group
185:SHOO,史蒂夫·马登
185:SHOP,Shopify
185:SHPD,每日SHOP 1倍做空ETF
185:SHPU,每日SHOP 2倍做多ETF
185:SHRY,彭博股东收益率指数
185:SHY,ICE美国1-3年期ETF
185:SIBN,SI-BONE
185:SIGA,西佳科技
185:SIGI,Selective Insurance
185:SIGIP,Selective优先存托B
185:SILC,矽晶电信
185:SIMA,SIM Acquisition
185:SIMAU,SIM Acquisition-U
185:SIMAW,
185:SIMO,慧荣科技
185:SION,Sionna Therapeutics
185:SIRI,Sirius XM Holdings
185:SITM,SiTime
185:SIXG,蓝星互联技术指数
185:SJCP,Alpha核心增强债券ETF
185:SJLD,Alpha低期限ETF
185:SKAIU,
185:SKOR,美国公司债券指数ETF
185:SKRE,KRE每日表现2倍做空
185:SKWD,Skyward Specialty
185:SKYE,Skye Bioscience
185:SKYU,CTA云计算指数2倍做多
185:SKYW,西空航空
185:SKYY,ISE CTA云计算指数ETF
185:SLAB,芯科实验室
185:SLDB,Solid Biosciences
185:SLDE,Slide Insurance
185:SLDP,Solid Power
185:SLDPW,
185:SLM,学贷美
185:SLMBP,SLM信贷优先B
185:SLN,Silence Therapeutics
185:SLP,Simulations Plus
185:SLQD,美元流动投资等级指数
185:SLRC,SLR Investment
185:SLVO,纳斯达克银备兑106
185:SLVR,Sprott白银矿商指数
185:SMBC,Southern Missouri
185:SMCF,Solactive小型股现金
185:SMCI,超微电脑
185:SMCL,Granite2倍做多SMCI
185:SMCO,Hilton中小市值机会
185:SMCX,SMCI每日目标2倍做多
185:SMCZ,每日目标2倍做空SMCI
185:SMH,美国上市半导体25指数
185:SMHX,VanEck无厂半导体ETF
185:SMMT,Summit Therapeutics
185:SMOM,全景板块动量ETF
185:SMRI,武士道资本美国股票
185:SMST,目标2倍做空MSTR
185:SMTC,先科电子
185:SMYY,收益增强2倍做多SMCI
185:SNAG,2倍做多SNAP每日ETF
185:SNBR,Sleep Number
185:SNCY,Sun Country Airlines
185:SND,Smart Sand
185:SNDK,闪迪
185:SNDX,Syndax
185:SNEX,StoneX
185:SNFCA,Security National
185:SNPS,新思科技
185:SNSR,全球物联网主题指数
185:SNT,Senstar
185:SNWV,SANUWAVE Health
185:SNY,赛诺菲-安万特
185:SOCA,Solarius Capital
185:SOCAU,Solarius Capital-U
185:SOCAW,
185:SOCL,社交媒体指数ETF
185:SOFA,每日2倍做多SOFI
185:SOFI,SoFi Technologies
185:SOFX,每日目标2倍做多SOFI
185:SOHOB,Sotherly优先B
185:SOHON,Sotherly Hotels优先D
185:SOHOO,Sotherly Hotels优先C
185:SOHU,搜狐
185:SOLC,Marinade Solana ETF
185:SOLS,Solstice Advanced
185:SOLT,2倍做多Solana ETF
185:SOLZ,Solana ETF
185:SONO,搜诺思
185:SOPH,Sophia Genetics
185:SORN,Soren Acquisition
185:SORNU,Soren Acquisition-U
185:SORNW,
185:SOUN,SoundHound AI
185:SOUNW,
185:SOUX,每日2倍做多SOUN ETF
185:SOXQ,半导体行业指数ETF
185:SOXX,NYSE半导体指数ETF
185:SPAM,Solactive网络安全
185:SPAQ,SPAC主动型ETF
185:SPBC,Simplify US Equity PLUS Bitcoin Strategy ETF
185:SPCT,Liberty One全领域ETF
185:SPCX,SPAC和新发行ETF
185:SPEG,Silver Pegasus
185:SPEGR,
185:SPEGU,Silver Pegasus-U
185:SPFI,South Plains
185:SPIT,F/m翡翠特殊机会ETF
185:SPKL,Spark I Acquisition
185:SPKLU,Spark I Acquisition-U
185:SPKLW,
185:SPOG,2倍做多SPOT每日ETF
185:SPOK,Spok Holdings
185:SPRO,Spero Therapeutics
185:SPRX,Spear Alpha ETF
185:SPRY,ARS Pharmaceuticals
185:SPSC,SPS Commerce
185:SPWH,Sportsman's
185:SPWR,SunPower
185:SPXD,标普500多元权重指数
185:SPYQ,2倍做多SPY季度ETF
185:SQLV,小盘质量价值指数
185:SQQQ,纳斯达克100三倍做空
185:SQS,Sapient品质精选ETF
185:SRAD,Sportradar Group
185:SRCE,1st Source
185:SRET,全球超级股息REIT
185:SRPT,Sarepta
185:SRRK,Scholar Rock Holding
185:SSAC,SPACSphere Acquisition
185:SSACR,
185:SSACU,SPACSphere Acquisition-U
185:SSACW,
185:SSBI,Summit State Bank
185:SSNC,Ss&c Technologies
185:SSP,EW史立普斯报业
185:SSRM,SSR Mining
185:SSS,标普500-标普Solana
185:SSSS,SuRo Capital
185:SSSSL,SuRo Capital 6% 20261230
185:SSYS,Stratasys
185:STAA,Staar Surgical
185:STBA,S&T Bancorp
185:STEP,Stepstone Group
185:STGW,Stagwell
185:STHO,Star Holdings
185:STIM,Neuronetics
185:STKE,Sol Strategies
185:STKL,SunOpta
185:STLD,Steel Dynamics
185:STNC,Hennessy可持续ETF
185:STNE,StoneCo
185:STOK,Stoke Therapeutics
185:STRA,Strategic Education
185:STRC,Palladyne AI
185:STRD,Strategy优先A 10.00%
185:STRF,Strategy优先A 10.00%
185:STRK,Strategy优先A 8.00%
185:STRL,Sterling
185:STRO,Sutro Biopharma
185:STRR,Star Equity
185:STRRP,Star Equity优先A
185:STRS,Stratus Properties
185:STRT,Strattec Security
185:STRZ,Starz
185:STTK,Shattuck
185:STX,希捷科技
185:SUIS,SUI/USD汇率-美元
185:SUMAU,SUMA-U
185:SUPN,Supernus
185:SUPP,TCW转换供应链ETF
185:SUSB,公司ESG焦点指数ETF
185:SUSC,美国企业ESG焦点ETF
185:SUSL,扩展ESG领导者指数ETF
185:SUUN,PowerBank
185:SVA,科兴生物
185:SVAC,Spring Valley III
185:SVACU,Spring Valley III-U
185:SVACW,
185:SVAQ,Silicon Valley Acquisition
185:SVAQU,Silicon Valley Acquisition-U
185:SVAQW,
185:SVC,Service Properties
185:SVCC,Stellar V Capital
185:SVCCU,Stellar V Capital-U
185:SVCCW,
185:SVCO,Silvaco
185:SVIV,Spring Valley IV
185:SVIVU,Spring Valley IV-U
185:SVIVW,
185:SVRA,Savara
185:SWBI,Smith & Wesson
185:SWIM,Latham Group
185:SWKH,SWK Holdings
185:SWKHL,SWK Holdings 9% 20270131
185:SWKS,思佳讯
185:SWP,SWP增长与收益ETF
185:SYBT,Stock Yards Bancorp
185:SYM,Symbotic
185:SYNA,Synaptics
185:SYPR,Sypris Solutions
185:SYRE,Spyre Therapeutics
185:SYZ,美系统性小盘股票ETF
185:SZZL,Sizzle
185:SZZLR,
185:SZZLU,Sizzle-U
185:TACH,Titan Acquisition
185:TACHU,Titan Acquisition-U
185:TACHW,
185:TACO,Berto
185:TACOU,Berto-U
185:TACOW,
185:TACT,Transact
185:TARA,Protara Therapeutics
185:TARK,长期创新2倍做多ETF
185:TARS,Tarsus
185:TASK,TaskUs
185:TATT,TAT Technologies
185:TAVI,Tavia
185:TAVIR,
185:TAVIU,Tavia-U
185:TAX,Cambria税务意识ETF
185:TAXE,中期市政收入ETF
185:TAXI,ICE中期市政债指数
185:TAXS,ICE短期市政债指数
185:TAXT,ICE全期限市政债指数
185:TBBK,The Bancorp
185:TBCH,乌龟海岸
185:TBHC,The Brand House
185:TBIL,美国国债3个月总回报
185:TBLA,Taboola.com
185:TBLAW,
185:TBLD,Thornburg Income
185:TBMC,Trailblazer Merger
185:TBMCR,
185:TBPH,Theravance
185:TBRG,TruBridge
185:TCBI,德州资本银行
185:TCBIO,德州资本银行优先存托B
185:TCBK,特里科银行
185:TCHI,中国技术行业精选上限
185:TCMD,Tactile Systems
185:TCOM,携程
185:TCPC,BlackRock TCP
185:TCRX,TScan Therapeutics
185:TDAC,Translational
185:TDACU,Translational-U
185:TDACW,
185:TDI,Touchstone国际动态
185:TDIV,技术股息指数ETF
185:TDOG,CF狗狗币美元结算价格
185:TDOT,波卡/美元汇率ETF
185:TDSB,ETC Cabana目标Beta
185:TDSC,ETC Cabana目标下降10
185:TDUP,ThredUp
185:TDWD,Tailwind 2.0
185:TDWDR,
185:TDWDU,Tailwind 2.0-U
185:TEAD,Teads
185:TEAM,Atlassian
185:TECH,Bio-Techne
185:TECX,Tectonic
185:TEKX,星河变革科技加速器
185:TEKY,Lazard下一代技术ETF
185:TELA,TELA Bio
185:TEM,Tempus AI
185:TENB,Tenable Holdings
185:TER,泰瑞达
185:TERG,2倍做多TER每日ETF
185:TERN,Terns
185:TEXN,罗素德州股票指数ETF
185:TEXX,德克萨斯州ETF
185:TFNS,T. Rowe Price金融ETF
185:TFSL,Tfs Financial
185:THFF,第一金融
185:THMZ,Lazard股票大趋势ETF
185:THRM,Gentherm
185:THRV,Prospera收入ETF
185:THYM,高收益市政ETF
185:TIGO,米雷康姆国际移动通信
185:TIGR,老虎证券
185:TILE,Interface
185:TITN,Titan Machinery
185:TKNO,Alpha Teknova
185:TLA,可自动赎回TSLA ETF
185:TLG,大型公司成长ETF
185:TLN,Talen Energy
185:TLNC,Talon Capital
185:TLNCU,Talon Capital-U
185:TLNCW,
185:TLRY,Tilray Brands
185:TLS,Telos
185:TLSI,TriSalus Life
185:TLSIW,
185:TLT,国债20+年债券指数ETF
185:TLX,Telix
185:TMB,Thornburg多部门债券
185:TMC,TMC the metals
185:TMCI,Treace Medical
185:TMCWW,
185:TMDX,TransMedics Group
185:TMED,医疗保健ETF
185:TMET,ICE清洁能源转型金属
185:TMNL,多头市政收益ETF
185:TMNS,短期市政收益ETF
185:TMSF,多部门收益ETF
185:TMTSU,Spartacus II-U
185:TMUS,T-Mobile US
185:TMUSI,T-Mobile US 5.5% 20700601
185:TMUSL,T-Mobile US 6.25% 20690901
185:TMUSZ,T-Mobile US 5.5% 20700301
185:TNDM,Tandem Diabetes Care
185:TNGX,Tango Therapeutics
185:TNXP,Tonix
185:TNXT,价格创新领导者ETF
185:TNYA,Tenaya Therapeutics
185:TOWN,唐恩银行
185:TPG,TPG
185:TPGXL,TPG 6.95% 20640315
185:TPLS,Thornburg核心增强
185:TQQQ,纳斯达克100三倍做多
185:TQQY,3倍做多收益增强QQQ
185:TRBF,Angel Oak总回报ETF
185:TRDA,Entrada Therapeutics
185:TREE,LendingTree
185:TRGSU,TRG Latin America-U
185:TRI,汤森路透
185:TRIB,Trinity Biotech
185:TRIN,Trinity Capital
185:TRINI,Trinity Capital 7.875% 20290930
185:TRINZ,Trinity Capital 7.875% 20290330
185:TRIP,猫途鹰
185:TRMB,天宝导航
185:TRMD,Torm
185:TRMK,TrustMark
185:TRNS,Transcat
185:TROW,普信集团
185:TRS,瑞奇包装系统
185:TRST,Trustco Bank
185:TRUC,通信服务TruSector
185:TRUD,非必需消费品精选行业
185:TRUP,Trupanion
185:TRUT,科技精选行业ETF
185:TRVG,Trivago
185:TRVI,Trevi Therapeutics
185:TSAT,Telesat
185:TSBK,Timberland Bancorp
185:TSCM,优质中盘成长型ETF
185:TSCO,拖拉机供应
185:TSDD,TSLA每日2倍做空ETF
185:TSEL,资本美国精选成长ETF
185:TSEM,Tower半导体
185:TSHA,Taysha Gene
185:TSL,Tesla 1.25倍做多
185:TSLA,特斯拉
185:TSLG,Leverage2倍做多TSLA
185:TSLL,2倍做多特斯拉ETF
185:TSLQ,TSLA每日2倍做空
185:TSLR,TSLA每日2倍做多ETF
185:TSLS,1倍做空特斯拉ETF
185:TSMG,杠杆份额2倍做多TSM
185:TSMU,2倍做多TSM每日ETF
185:TSMX,每日TSM 2倍做多
185:TSMZ,每日TSM 1倍做空
185:TSPY,SPY增长与日收益ETF
185:TSUI,SUI/USD汇率-美元ETF
185:TSYX,TSPY 1.3倍做多提升
185:TSYY,收益增强TSLA 2倍做多
185:TTAN,ServiceTitan
185:TTD,The Trade Desk
185:TTEC,TTEC Holdings
185:TTEK,德照科技
185:TTEQ,T.Rowe Price科技
185:TTGT,TechTarget
185:TTMI,TTM科技
185:TTRX,Turn
185:TTWO,Take-Two Interactive
185:TUG,STF战术增长ETF
185:TUGN,STF战术增长与收益ETF
185:TUR,土耳其IMI 25/50指数
185:TURF,自然资源ETF
185:TUSK,Mammoth Energy
185:TVA,Texas Ventures
185:TVACU,Texas Ventures-U
185:TVACW,
185:TVAI,Thayer Ventures
185:TVAIR,
185:TVAIU,Thayer Ventures-U
185:TVGN,Tevogen Bio Holdings
185:TVTX,Travere Therapeutics
185:TW,Tradeweb Markets
185:TWFG,TWFG
185:TWIN,双环
185:TWLV,Twelve Seas III
185:TWLVR,
185:TWLVU,Twelve Seas III-U
185:TWST,Twist Bioscience
185:TXG,10x Genomics
185:TXMD,Therapeuticsmd
185:TXN,德州仪器
185:TXRH,德州公路酒吧
185:TXUE,Thornburg国际股票
185:TXUG,Thornburg国际成长
185:TXXD,2倍做多狗狗币ETF
185:TXXS,2倍做多SUI ETF
185:TYRA,Tyra Biosciences
185:TZOO,旅游族
185:UAE,阿联酋限制指数ETF
185:UAL,联合航空控股
185:UBFO,联合安全银行
185:UBND,Core Plus债券ETF
185:UBRL,2倍做多UBER每日ETF
185:UBSI,联合银行
185:UCL,优克联
185:UCRD,公司债券ETF
185:UCTT,超科林半导体
185:UCYB,网络安全指数2倍做多
185:UDMY,Udemy
185:UECG,2倍做多UEC每日ETF
185:UEIC,Universal
185:UEVM,新兴市场价值动力
185:UFCS,联合火险
185:UFIV,BofA美国5年期国债
185:UFO,S网络空间指数
185:UFPI,UFP Industries
185:UG,United-Guardian
185:UHG,United Homes
185:UITB,核心中间债券ETF
185:UIVM,国际价值动力指数ETF
185:ULBI,Ultralife
185:ULCC,Frontier Group
185:ULH,环球物流控股
185:ULTA,Ulta Beauty
185:ULTI,IncomeMax期权策略ETF
185:ULVM,美国价值动量指数ETF
185:UMBF,UMB金融
185:UMBFO,UMB金融优先存托B
185:UMMA,道琼斯伊斯兰世界ETF
185:UNB,Union Bankshares
185:UNHG,2倍做多UNH每日ETF
185:UNIT,Uniti Group
185:UNIY,彭博美国通用提高收益
185:UNTY,Unity Bancorp
185:UPB,Upstream Bio
185:UPBD,Upbound Group
185:UPGR,Solactive美国设施ESG
185:UPLD,Upland Software
185:UPSG,2倍做多UPS每日ETF
185:UPST,Upstart
185:UPWK,Upwork
185:URBN,都市服饰
185:URGN,乌龙制药
185:URNJ,Sprott小型铀矿ETF
185:USAF,阿特拉斯美国基金
185:USAR,USA Rare Earth
185:USCB,USCB Financial
185:USCL,MSCI美国扩展气候行动
185:USDX,SGI增强型核心ETF
185:USFI,美国固定收益ETF
185:USGG,2倍做多USAR每日ETF
185:USIG,BofA美国公司ETF
185:USIN,7-10年阶梯式国债指数
185:USIO,Usio
185:USLM,美国灰矿建材
185:USMC,纳斯达克美国巨型股票
185:USOI,WTI原油股份ETN
185:USOY,Oil增强期权收益ETF
185:USRD,Solactive美国研发
185:USSH,1-3年阶梯式国债指数
185:USTB,短期债券ETF
185:USVM,美国中小市值价值动力
185:USVN,ICE美国国债7年期ETF
185:USXF,选择ESG筛选指数ETF
185:UTEN,10年期美国国债ETF
185:UTHR,联合治疗
185:UTHY,美国银行30年期国债
185:UTMD,犹他医疗产品
185:UTRE,ICE美国国债3年期ETF
185:UTSI,UT斯达康
185:UTWO,2年期美国国债指数ETF
185:UTWY,ICE银行20年美国国债
185:UUUG,2倍做多UUUU每日ETF
185:UVSP,宾夕法尼亚裕益银行
185:UXIN,优信
185:UYLD,天使橡树超短收益ETF
185:VACH,Voyager
185:VACHU,Voyager-U
185:VACHW,
185:VALG,2倍做多VALE每日ETF
185:VALN,Valneva
185:VAVX,雪崩基准率ETF
185:VBIL,彭博美国国债0-3个月
185:VBNK,VersaBank
185:VC,伟世通
185:VCEL,Vericel
185:VCIC,Vine Hill Capital
185:VCICU,Vine Hill Capital-U
185:VCICW,
185:VCIT,美国5-10年期公司债券
185:VCLT,美国10年以上公司债券
185:VCRB,先锋核心债券ETF
185:VCSH,美国1-5年公司债券ETF
185:VCTR,Victory Capital
185:VCYT,Veracyte
185:VECO,维易科精密仪器
185:VEEA,Veea
185:VEON,VEON
185:VERA,Vera Therapeutics
185:VERI,Veritone
185:VERX,Vertex
185:VFLO,自由现金流ETF
185:VFS,VinFast Auto
185:VGIT,美国国债3-10年期ETF
185:VGLT,美国长期国债指数ETF
185:VGSH,美国国债1-3年期ETF
185:VGSR,Vert全球可持续房地产
185:VGUS,彭博超短国债ETF
185:VHCP,Vine Hill Capital II
185:VHCPU,Vine Hill Capital II-U
185:VHCPW,
185:VHUB,VenHub Global
185:VIASP,Via Renewables优先
185:VIAV,Viavi Solutions
185:VICR,Vicor
185:VIGI,标普非美股息种植者
185:VINP,Vinci Compass
185:VIOT,云米科技
185:VIR,Vir Biotechnology
185:VIRC,Virco Mfg.
185:VISN,Vistance Networks
185:VITL,Vital Farms
185:VLGEA,Village Super Market
185:VLY,硅谷国家银行
185:VLYPN,Valley National优先C
185:VLYPO,Valley National优先B
185:VLYPP,硅谷国家银行优先A
185:VMBS,美国MBS浮动调整ETF
185:VNDA,万达生物制药
185:VNET,世纪互联
185:VNME,Vendome I
185:VNMEU,Vendome I-U
185:VNMEW,
185:VNOM,Viper Energy
185:VNQI,标普全球房地产ETF
185:VOD,沃达丰
185:VOLT,Tema电气化ETF
185:VONE,罗素1000指数ETF
185:VONG,罗素1000增长指数ETF
185:VONV,罗素1000价值指数ETF
185:VOR,Vor Biopharma
185:VOTE,晨星美国大盘股TR美元
185:VPLS,Vanguard核心加大债券
185:VRA,Vera Bradley
185:VREX,Varex Imaging
185:VRIG,景顺浮动利率投资级
185:VRM,Vroom
185:VRNS,Varonis Systems
185:VRSK,Verisk分析
185:VRSN,威瑞信
185:VRTL,2倍做多VRT每日ETF
185:VRTX,福泰制药
185:VSAT,卫讯公司
185:VSDA,股利加速器ETF
185:VSEC,VSE
185:VSECU,VSE-U
185:VSMV,美国多因素最小波动率
185:VSNT,Versant Media Group
185:VSOL,Solana基准利率指数
185:VSTL,每日目标2倍做多VST
185:VTC,美国公司债券指数ETF
185:VTHR,罗素3000指数ETF
185:VTIP,彭博美国0-5年TIPS
185:VTIX,Virtuix
185:VTRS,Viatris
185:VTWG,罗素2000增长指数ETF
185:VTWO,罗素2000指数ETF
185:VTWV,罗素2000价值指数ETF
185:VWAV,VisionWave
185:VWOB,彭博政府上限指数ETF
185:VXUS,环球全资本除美国ETF
185:VYGR,Voyager Therapeutics
185:VYMI,非美高股息收益率ETF
185:WABC,西美银行
185:WABF,Western资产债券ETF
185:WAFD,WaFd
185:WAFDP,华盛顿储蓄优先存托A
185:WAMA,自适应移动平均指数
185:WASH,华盛顿信托银行
185:WAY,Waystar Holding
185:WB,微博
185:WBD,华纳兄弟探索
185:WBTN,Webtoon
185:WCBR,网络安全指数ETF
185:WCLD,新兴云指数ETF
185:WDAF,亚洲国防指数基金
185:WDAY,Workday
185:WDC,西部数据
185:WDFC,WD-40
185:WDGF,全球防务指数基金
185:WEEI,增强型能源收入ETF
185:WEN,温蒂
185:WENN,Wen
185:WENNU,Wen-U
185:WENNW,
185:WERN,沃纳企业
185:WEST,Westrock Coffee
185:WEYS,韦科鞋业
185:WFRD,威德福国际
185:WGMI,CoinShares Bitcoin Mining ETF
185:WGS,GeneDx Holdings
185:WGSWW,
185:WHF,WhiteHorse Finance
185:WHFCL,WhiteHorse Finance 7.875% 20280915
185:WIMA,国际自适应移动平均线
185:WIMI,微美全息
185:WINA,威玛克工贸
185:WING,Wingstop
185:WISE,生成式人工智能指数
185:WIX,Wix.com
185:WKEY,WISeKey
185:WLAC,Willow Lane
185:WLACU,Willow Lane-U
185:WLACW,
185:WLDN,Willdan Group
185:WLFC,威利斯金融租赁
185:WLIIU,Willow Lane II-U
185:WLTH,Wealthfront
185:WMG,华纳音乐
185:WMT,沃尔玛
185:WNEB,Western New England
185:WOOD,全球木材及林业指数
185:WOOF,Petco Health
185:WPRT,西港燃料
185:WRD,文远知行
185:WRLD,环球验收
185:WRND,全球股票研发领导者
185:WSBC,韦斯银行
185:WSBCO,韦斯银行优先存托B
185:WSBF,沃特财务
185:WSFS,WSFS金融
185:WSGE,沃伦街全球股票ETF
185:WSML,MSCI世界小型股指数
185:WTBA,West Bancorporation
185:WTBN,Bianco固定收益总回报
185:WTFC,信达金融
185:WTFCN,信达金融优先存托F
185:WTIP,WisdomTree通胀基金
185:WTMU,核心阶梯式市政基金
185:WTMY,高收入阶梯式市政基金
185:WTW,韦莱韬悦
185:WVE,Wave Life Sciences
185:WW,慧俪轻体
185:WWD,伍德沃德
185:WYNN,永利度假村
185:XAIX,人工智能和大数据
185:XBCI,NEOS Boosted Bitcoin High Income ETF
185:XBIL,ICE美银6个月期国库券
185:XBIT,Xbiotech
185:XBTY,GraniteShares YieldBOOST Bitcoin ETF
185:XCBE,X3 Acquisition
185:XCBEU,X3 Acquisition-U
185:XCBEW,
185:XCH,智能充电
185:XCNY,标普新兴市场不含中国
185:XDEF,欧洲国防航天网络安全
185:XEL,埃克西尔能源
185:XELLL,埃克西尔能源 6.25% 20851015
185:XENE,Xenon制药
185:XERS,Xeris Biopharma
185:XGN,Exagen
185:XMAG,BITA美国500指数ETF
185:XMTR,Xometry
185:XNCR,Xencor
185:XNET,迅雷
185:XOMA,XOMA Royalty
185:XOMAO,临床研究优先存托B
185:XOMAP,标记临床研究优先A
185:XOMX,每日XOM 2倍做多ETF
185:XOMZ,每日XOM 1倍做空ETF
185:XOVR,ERShares公私交叉ETF
185:XP,XP
185:XPEG,2倍做多XPEV每日ETF
185:XQQI,1.5倍做多纳斯达克100
185:XRAY,登士柏
185:XRPC,XRP-USD参考汇率
185:XRPI,XRP ETF
185:XRPN,Armada
185:XRPNU,Armada-U
185:XRPNW,
185:XRPT,2倍做多XRP ETF
185:XRX,施乐
185:XRXDW,
185:XSLL,Xsolla SPAC 1
185:XSLLU,Xsolla SPAC 1-U
185:XSLLW,
185:XSPI,1.5倍做多标普500
185:XT,晨星指数技术指数
185:XXX,75%标普500-25% XRP
185:XYZG,2倍做多XYZ每日ETF
185:YB,元保
185:YBMN,BMNR期权收益ETF
185:YBST,单一股票宇宙2倍做多
185:YBTY,高收益股票2倍做多
185:YDES,YD Bio
185:YDESW,
185:YHNA,Yhn Acquisition
185:YHNAR,
185:YHNAU,Yhn Acquisition-U
185:YI,1药网
185:YLDE,增强收益ETF
185:YMT,一亩田
185:YNOT,Horizon数字前沿ETF
185:YOKE,Yoke核心ETF
185:YORW,The York Water
185:YQ,一起教育科技
185:YQQQ,N100期权收益策略ETF
185:YSPY,3倍做多收益增强SPY
185:YXT,云学堂
185:Z,Zillow Group C
185:ZAP,Global X美国电气化
185:ZBIO,Zenas BioPharma
185:ZBRA,斑马技术
185:ZD,Ziff Davis
185:ZG,Zillow Group A
185:ZHOG,F/m机会收益ETF
185:ZION,齐昂银行
185:ZIONP,齐昂银行优先存托A
185:ZKP,Lafayette Digital Acquisition I
185:ZKPU,Lafayette Digital Acquisition I-U
185:ZKPW,
185:ZLAB,再鼎医药
185:ZM,Zoom通讯
185:ZMUN,市政债券可赎回指数
185:ZNTL,Zentalis
185:ZS,Zscaler
185:ZTEN,10年期美国期限企业
185:ZTOP,高收益百强品质精选
185:ZTRE,ICE 3年期美国目标
185:ZTWO,ICE 2年期美国目标
185:ZUMZ,Zumiez
185:ZVRA,Zevra
185:ZYME,Zymeworks
186:AACG,Ata Creativity
186:ABAT,American Battery
186:ABEO,Abeona Therapeutics
186:ABLV,Able View Global
186:ABLVW,
186:ABTC,American Bitcoin
186:ABTS,Abits Group
186:ABVC,ABVC BioPharma
186:ACB,Aurora Cannabis
186:ACCL,卓远
186:ACET,Adicet Bio
186:ACFN,Acorn Energy
186:ACHV,Achieve Life
186:ACIC,American Coastal
186:ACNB,ACNB
186:ACOG,Alpha Cognition
186:ACON,Aclarion
186:ACONW,
186:ACXP,Acurx
186:ADGM,Adagio Medical
186:ADIL,Adial
186:ADSE,Ads-Tec Energy
186:ADSEW,
186:ADTX,Aditxt
186:ADUR,Aduro Clean
186:ADVB,Advanced Biomed
186:ADXN,Addex Therapeutics
186:AEC,Anfield Energy
186:AEHL,羚羊控股
186:AEHR,Aehr Test Systems
186:AEI,Alset
186:AEMD,Aethlon Medical
186:AENT,Alliance
186:AENTW,
186:AERT,Aeries Technology
186:AERTW,
186:AEYE,AudioEye
186:AFBI,Affinity Bancshares
186:AFRI,Forafric Global
186:AFRIW,
186:AGAE,Allied Gaming
186:AGCC,Agencia
186:AGEN,艾吉纳斯
186:AGH,Aureus Greenway
186:AGMH,安高盟
186:AGPU,Axe Compute
186:AGRZ,Agroz
186:AHCO,AdaptHealth
186:AHG,Akso Health
186:AHMA,Ambitions Enterprise
186:AIDX,20/20 Biolabs
186:AIFF,Firefly Neuroscience
186:AIHS,森淼科技
186:AIIO,Robo.ai
186:AIIOW,
186:AIMD,Ainos
186:AIMDW,
186:AIOS,爱奥斯科技
186:AIRE,reAlpha Tech
186:AIRG,Airgain
186:AIRJ,AirJoule
186:AIRJW,
186:AIRT,Air T
186:AISPW,
186:AIXC,AIxCrypto
186:AKAN,Akanda
186:AKBA,Akebia Therapeutics
186:AKTX,Akari Therapeutics
186:ALAR,Alarum Techno
186:ALBT,Avalon Globocare
186:ALCY,Alchemy Investments
186:ALCYU,Alchemy Investments-U
186:ALCYW,
186:ALDX,Aldeyra Therapeutics
186:ALGS,Aligos
186:ALLR,Allarity
186:ALM,Almonty Industries
186:ALMU,Aeluma
186:ALOY,REalloys
186:ALRS,Alerus Financial
186:ALTI,AlTi Global
186:ALTO,Alto Ingredients
186:ALTS,ALT5 Sigma
186:ALZN,Alzamend Neuro
186:AMCI,AMC Robotics
186:AMIX,Autonomix Medical
186:AMOD,Alpha Modus
186:AMODW,
186:AMPG,AmpliTech Group
186:AMPGR,
186:AMPGZ,
186:AMPL,Amplitude
186:AMRN,阿玛琳
186:AMST,Amesite
186:ANGH,Anghami
186:ANGHW,
186:ANIX,Anixa Biosciences
186:ANNA,AleAnna
186:ANNAW,
186:ANPA,Rich Sparkle
186:ANY,Sphere 3d
186:APAC,StoneBridge II
186:APACR,
186:APACU,StoneBridge II-U
186:APC,ARKO Petroleum
186:APLM,冠科美博
186:APLMW,
186:APM,知临集团
186:APPS,Digital Turbine
186:APRE,Aprea Therapeutics
186:APVO,Aptevo Therapeutics
186:APWC,亚太电线电缆
186:AQB,AquaBounty Technologies
186:AQMS,Aqua Metals
186:ARBB,ARB IOT Group
186:ARBE,Arbe Robotics
186:ARBEW,
186:ARBK,Argo Blockchain
186:AREB,American Rebel
186:AREBW,
186:AREC,American Resources
186:ARKO,ARKO
186:ARQQ,Arqit Quantum
186:ARQQW,
186:ARTL,Artelo Biosciences
186:ARTW,Art's-Way制造
186:ASBP,Aspire Biopharma
186:ASBPW,
186:ASLE,AerSale
186:ASNS,Actelis Networks
186:ASPC,A SPAC III
186:ASPCR,
186:ASPCU,A SPAC III-U
186:ASPI,ASP Isotopes
186:ASRT,Assertio Holdings
186:ASTC,Astrotech
186:ASTH,Astrana Health
186:ASTI,旭日升科技
186:ASUR,Asure Software
186:ATCX,Atlas Technical
186:ATER,Aterian
186:ATEX,Anterix
186:ATGL,Alpha Technology
186:ATHE,Alterity
186:ATHR,Aether Holdings
186:ATLO,Ames National
186:ATLX,Atlas Lithium
186:ATOM,Atomera
186:ATON,AlphaTON
186:ATOS,Atossa Therapeutics
186:ATPC,Agape ATP
186:ATXG,盈喜集团
186:ATYR,aTyr Pharma
186:AUID,authID
186:AURE,Aurelion
186:AUUD,Auddia
186:AVTX,Avalo Therapeutics
186:AVX,AVAX One
186:AXG,华赢控股
186:AXGN,Axogen
186:AYTU,Aytu BioPharma
186:AZ,A2Z Cust2Mate
186:BAFN,BayFirst Financial
186:BANL,CBL International
186:BAOS,宝盛
186:BBCP,Concrete Pumping
186:BBGI,比斯利广播
186:BBLG,Bone Biologics
186:BBLGW,
186:BCAB,Bioatla
186:BCAL,加州银行
186:BCDA,Biocardia
186:BCGWW,
186:BCTX,BriaCell
186:BCTXL,
186:BCTXZ,
186:BDMD,拜尔德医疗
186:BDMDW,
186:BDRX,Biodexa
186:BEAT,HeartBeam
186:BEATW,
186:BEEM,Beam
186:BENF,Beneficient
186:BENFW,
186:BFC,Bank First
186:BFRG,Bullfrog AI Holdings
186:BFRGW,
186:BFRI,Biofrontera
186:BFRIW,
186:BGLC,BioNexus Gene Lab
186:BGLWW,
186:BGM,博美集团
186:BGMS,Bio Green Med
186:BGMSP,Bio Green Med优先
186:BHRB,Burke & Herbert
186:BIAF,bioAffinity
186:BIAFW,
186:BIVI,BioVie
186:BIVIW,
186:BIYA,工务园
186:BJDX,Bluejay Diagnostics
186:BKYI,Bio-key国际
186:BLFS,BioLife Solutions
186:BLIN,Bridgeline Digital
186:BLIV,BeLive Holdings
186:BLNE,Beeline Holdings
186:BLNK,Blink Charging
186:BLRX,BioLineRx
186:BLTE,Belite Bio
186:BMGL,Basel Medical
186:BMHL,蓝山控股
186:BMM,Blue Moon Metals
186:BMR,Beamr Imaging
186:BMRA,Biomerica
186:BNAI,Brand Engagement
186:BNAIW,
186:BNBX,BNB Plus
186:BNC,CEA Industries
186:BNCWW,
186:BNGO,Bionano Genomics
186:BNKK,Bonk
186:BNRG,Brenmiller Energy
186:BNTC,Benitec Biopharma
186:BNZI,Banzai
186:BNZIW,
186:BODI,The Beachbody
186:BOF,BranchOut Food
186:BOLT,Bolt Biotherapeutics
186:BON,天美生物
186:BOSC,BOS科技
186:BOTJ,詹姆斯金融银行
186:BOXL,宝视来
186:BPAC,Bullpen Parlay
186:BPACR,
186:BPACU,Blueport-U
186:BRBI,BRBI BR
186:BRFH,Barfresh Food
186:BRLS,Borealis Foods
186:BRLSW,
186:BRRWW,
186:BRTX,Biorestorative
186:BSAA,BEST SPAC
186:BSAAR,
186:BSAAU,BEST SPAC-U
186:BSBK,Bogota Financial
186:BTAI,Bioxcel Therapeutics
186:BTBD,BT Brands
186:BTBDW,
186:BTBT,比特数字
186:BTCS,BTCS
186:BTCT,BTC Digital
186:BTDR,Bitdeer
186:BTM,Bitcoin Depot
186:BTMWW,
186:BTOG,比特起源
186:BTTC,Black Titan
186:BULL,微牛
186:BULLW,
186:BUUU,BUUU
186:BVC,BitVentures
186:BVFL,BV Financial
186:BWB,Bridgewater
186:BWBBP,Bridgewater优先存托A
186:BWEN,Broadwind
186:BYAH,朴荷生物
186:BYFC,百老汇金融
186:BYRN,Byrna Technologies
186:BYSI,万春医药
186:BZAIW,
186:BZFD,BuzzFeed
186:BZFDW,
186:CAAS,中汽系统
186:CABR,Caring Brands
186:CALC,CalciMedica
186:CAPS,Capstone Holding
186:CAPTW,
186:CBAT,中比能源
186:CBIO,Crescent
186:CBK,Commercial Bancgroup
186:CBUS,Cibus
186:CCG,车车科技
186:CCGWW,
186:CCHH,CCH Holdings
186:CCTG,CCSC Technology
186:CDIO,Cardio Diagnostics
186:CDIOW,
186:CDRO,Codere Online
186:CDROW,
186:CDT,CDT
186:CDTG,城道通环保
186:CDTTW,
186:CELC,Celcuity
186:CELH,Celsius Holdings
186:CELU,Celularity
186:CELUW,
186:CELZ,Creative Medical
186:CENN,Cenntro
186:CETX,Cemtrex
186:CETY,Clean Energy
186:CFBK,CF Bankshares
186:CGEN,Compugen医疗
186:CGTL,创智环球
186:CGTX,Cognition
186:CHAI,Core AI
186:CHCI,康斯托克控股
186:CHNR,中国天然资源
186:CHR,悦享控股
186:CHSN,香颂国际
186:CIGL,Concorde
186:CIIT,Tianci
186:CING,Cingulate
186:CINGW,
186:CISO,CISO Global
186:CISS,C3is
186:CIVB,Civista Bancshares
186:CJMB,Callan JMB
186:CLDX,塞德斯医疗
186:CLGN,Collplant
186:CLIK,力奇服务
186:CLIR,ClearSign
186:CLNN,Clene
186:CLPT,ClearPoint Neuro
186:CLRB,Cellectar
186:CLRO,ClearOne通讯
186:CLSK,CleanSpark
186:CLSKW,
186:CLST,Catalyst Bancorp
186:CLWT,欧陆科仪
186:CMCT,Creative Media
186:CMMB,Chemomab
186:CMND,Clearmind Medicine
186:CMPX,Compass Therapeutics
186:CMTV,Community Bancorp
186:CNCKW,
186:CNET,中网载线
186:CNEY,中北能
186:CNSP,CNS Pharmaceuticals
186:CNTN,Canton Strategic
186:CNTX,Context Therapeutics
186:CNTY,世纪赌场
186:CNVS,Cineverse
186:COCH,Envoy Medical
186:COCHW,
186:COCP,Cocrystal Pharma
186:CODA,Coda Octopus Group
186:CODX,Co-diagnostics
186:COEP,Coeptis Therapeutics
186:COEPW,
186:COFS,ChoiceOne Financial
186:COOT,Australian Oilseeds
186:COOTW,
186:CORT,Corcept Therapeutics
186:COSM,Cosmos Health
186:COYA,Coya Therapeutics
186:CPBI,Central Plains
186:CPOP,华流文化
186:CPRX,Catalyst
186:CPSH,Cps Technologies
186:CRBP,Corbus
186:CRDF,Cardiff Oncology
186:CRDL,Cardiol Therapeutics
186:CRE,Cre8 Enterprise
186:CREG,Smart Powerr
186:CREX,Creative Realities
186:CRGO,Freightos
186:CRGOW,
186:CRIS,居里
186:CRMLW,
186:CRVO,CervoMed
186:CRWS,Crown Crafts
186:CSAI,Cloudastructure
186:CSBR,Champions Oncology
186:CTNT,Cheetah Net
186:CTOR,Citius Oncology
186:CTRM,Castor Maritime
186:CTSO,Cytosorbents
186:CTW,CTW Cayman
186:CTXR,Citius
186:CUE,Cue Biopharma
186:CULP,卡尔普纺织
186:CUPR,Cuprina Holdings
186:CURI,CuriosityStream
186:CURX,Curanex
186:CV,CapsoVision
186:CVKD,Cadrenal
186:CVV,CVD设备
186:CWBC,Community West
186:CWD,CaliberCos
186:CXAI,CXApp
186:CXAIW,
186:CXDO,Crexendo
186:CYCN,Cyclerion
186:CYCUW,
186:CYN,Cyngn
186:CYPH,Cypherpunk Technologies
186:CYRX,Cryoport
186:CZFS,Citizens Financial Services
186:CZNC,市民北方
186:DAIO,Data I/O
186:DARE,Dare Bioscience
186:DBGI,Digital Brands Group
186:DBVT,DBV Technologies
186:DCGO,DocGo
186:DCOY,Decoy
186:DCTH,迪卡斯
186:DCX,数字货币X
186:DEFT,Defi Technologies
186:DERM,Journey Medical
186:DEVS,DevvStream
186:DFDV,Defi Development
186:DFDVW,
186:DFLI,Dragonfly Energy
186:DFLIW,
186:DFNSW,
186:DFSC,DEFSEC Technologies
186:DFSCW,
186:DGNX,Diginex
186:DGXX,Digi Power
186:DJCO,每日期刊
186:DKI,黑瞳科技
186:DLHC,DLH Holdings
186:DLPN,Dolphin
186:DLXY,Delixy Holdings
186:DMAC,Diamedica
186:DMRA,Damora Therapeutics
186:DNTH,Dianthus
186:DOGZ,多尼斯
186:DOMH,Dominari Holdings
186:DPRO,Draganfly
186:DRCT,Direct Digital
186:DRIO,DarioHealth
186:DRMA,Dermata Therapeutics
186:DRMAW,
186:DRTS,Alpha Tau Medical
186:DRTSW,
186:DRUG,Bright Minds
186:DSYWW,
186:DTCK,Davis Commodities
186:DTCX,Datacentrex
186:DTI,Drilling Tools
186:DTIL,Precision
186:DTSS,数海信息
186:DTST,Data Storage
186:DTSTW,
186:DUO,房多多
186:DUOT,Duos Technologies
186:DVLT,Datavault AI
186:DWTX,Dogwood
186:DXR,Daxor
186:DXST,鼎信控股
186:DYAI,Dyadic国际
186:ECBK,ECB Bancorp
186:ECOR,electroCore
186:ECXWW,
186:EDBL,Edible Garden AG
186:EDBLW,
186:EDHL,Everbright Digital
186:EDRY,EuroDry
186:EDSA,Edesa Biotech
186:EDTK,王道科技
186:EEIQ,EpicQuest Education
186:EFOI,Energy Focus
186:EFSI,Eagle Financial
186:EFTY,Thrive Capital
186:EGAN,eGain
186:EGBN,伊格尔合众银行
186:EHGO,一修哥
186:EHLD,Euroholdings
186:EJH,e家快服
186:EKSO,Ekso Bionics
186:ELAB,PMGC Holdings
186:ELBM,Electra Battery
186:ELDN,Eledon
186:ELE,Elemental Royalty
186:ELOG,东源
186:ELSE,伊莱克森
186:ELTK,Eltek
186:ELTX,Elicio Therapeutics
186:ELUT,Elutia
186:ELVA,Electrovaya
186:ELVR,Elevra Lithium
186:ELWT,Elauwit Connection
186:EM,怪兽充电
186:EMPG,Empro Group
186:ENGN,enGene Holdings
186:ENGNW,
186:ENGS,Energys Group
186:ENLV,Enlivex
186:ENSC,Ensysce Biosciences
186:ENTX,Entera Bio
186:ENVB,Enveric Biosciences
186:EOSE,Eos Energy
186:EPOW,E-Power
186:EPRX,Eupraxia
186:EPSM,Epsium
186:EQ,Equillium
186:ERNA,Ernexa
186:ERNAW,
186:ESEA,Euroseas
186:ESHA,ESH Acquisition
186:ESHAR,
186:ESLA,Estrella
186:ESLAW,
186:ESOA,Energy Services
186:ESQ,Esquire Financial
186:ESTA,Establishment Labs
186:ETS,Elite Express
186:EU,enCore Energy
186:EUDA,EUDA Health
186:EUDAW,
186:EURK,Eureka Acquisition
186:EURKR,
186:EURKU,Eureka Acquisition-U
186:EVAX,Evaxion
186:EVGN,Evogene
186:EVLV,Evolv Technologies
186:EVLVW,
186:EVTV,Envirotech Vehicles
186:EXAS,精密科学
186:EXOZ,eXoZymes
186:EZGO,易电行
186:EZRA,Reliance Global
186:FAMI,农米良品
186:FATN,FatPipe
186:FBGL,FBS Global
186:FBIO,Fortress Biotech
186:FBIOP,FortressBiotech优先A
186:FBLA,FB Bancorp
186:FBLG,FibroBiologics
186:FBRX,Forte Biosciences
186:FBYDW,
186:FCAP,第一资本
186:FCCO,第一社区
186:FCHL,Fitness Champs
186:FCUV,Focus Universal
186:FDSB,Fifth District
186:FEBO,晖宝
186:FEED,ENvue Medical
186:FEMY,Femasys
186:FENC,Fennec制药
186:FFAI,法拉第未来
186:FFAIW,
186:FGI,FGI Industries
186:FGIWW,
186:FGL,Founder Group
186:FIEE,FiEE
186:FKWL,Franklin Wireless
186:FLD,Fold Holdings
186:FLDDW,
186:FLL,Full House Resorts
186:FLNA,Filana Therapeutics
186:FLNT,Fluent
186:FLUX,Flux Power Holdings
186:FLYE,Fly-E
186:FMAO,Farmers & Merchants
186:FMFC,Kandal M Venture
186:FMNB,Farmers National
186:FMST,Foremost Clean
186:FMSTW,
186:FNGR,FingerMotion
186:FNUC,Frontier
186:FNWD,Finward
186:FOFO,Hang Feng Technology
186:FONR,福纳
186:FORA,Forian
186:FOXX,Foxx Development
186:FOXXW,
186:FRAF,富兰克林金融服务
186:FRGT,Freight Technologies
186:FRHC,Freedom Holding
186:FRMM,Forum Markets
186:FRSX,Foresight Autonomous
186:FSBW,Fs Bancorp
186:FSEA,First Seacoast
186:FTCI,FTC Solar
186:FTEK,燃料技术
186:FTFT,富册金融科技集团
186:FTHM,Fathom Holdings
186:FTLF,FitLife Brands
186:FTRK,FAST TRACK
186:FUFU,BitFuFu
186:FUFUW,
186:FUSB,First US Bancshares
186:FUSEW,
186:FVCB,FVCBankcorp
186:FVN,未来愿景
186:FVNNR,
186:FVNNU,未来愿景-U
186:FWDI,福沃德工业
186:FXNC,First National
186:GALT,Galectin
186:GAME,GameSquare
186:GBFH,GBank Financial
186:GCBC,格林县万通金控
186:GCTK,GlucoTrack
186:GDC,GD Culture Group
186:GDHG,金生游乐
186:GDTC,CytoMed Therapeutics
186:GDYN,Grid Dynamics
186:GELS,Gelteq
186:GEVO,Gevo
186:GFAI,Guardforce AI
186:GFAIW,
186:GGAL,加利西亚金融
186:GGR,Gogoro
186:GGROW,
186:GGRP,The Glimpse Group
186:GIBO,GIBO Holdings
186:GIBOW,
186:GIFT,Giftify
186:GIGM,和信超媒体
186:GIPR,Generation Income
186:GIPRW,
186:GITS,Global Interactive
186:GLBS,Globus Maritime
186:GLE,Global Engine Group
186:GLMD,Galmed
186:GLSI,Greenwich
186:GLXG,迦里仕人才
186:GMEX,GMEX Robotics
186:GMHS,家游控股
186:GMM,环球墨非
186:GNLN,Greenlane Holdings
186:GNLX,Genelux
186:GNPX,Genprex
186:GNSS,Genasys
186:GNTA,Genenta Science
186:GOAI,Eva Live
186:GOCO,GoHealth
186:GOVX,GeoVax Labs
186:GP,Greenpower Motor
186:GRAN,均富资本
186:GRCE,Grace Therapeutics
186:GRDX,GridAI Technologies
186:GRI,GRI Bio
186:GRML,Greenland Mines
186:GRMLW,
186:GRNQ,绿专资本
186:GROW,美国全球投资者
186:GRRR,大猩猩科技
186:GRRRW,
186:GRWG,GrowGeneration
186:GSIW,一盈证券
186:GSM,Ferroglobe
186:GSUN,金太阳
186:GTBP,GT Biopharma
186:GTEC,格陵兰科技
186:GTIM,恋上餐厅
186:GURE,海湾资源
186:GV,Visionary Holdings
186:GVH,Globavend Holdings
186:GWAV,Greenwave
186:GXAI,Gaxos
186:GYRE,Gyre Therapeutics
186:GYRO,旋翼物业
186:HAO,浩希健康
186:HBIO,哈佛生物科学
186:HBNB,Hotel101 Global
186:HCAI,华谌科技
186:HCHL,Happy City
186:HCTI,Healthcare Triangle
186:HCWB,HCW Biologics
186:HDSN,哈德森科技
186:HERZ,Herzfeld Credit
186:HFBL,Home Federal Bancorp
186:HFFG,HF Foods
186:HGBL,Heritage Global
186:HIHO,骇维金属加工
186:HIND,Vyome
186:HIT,Health In Tech
186:HITI,High Tide
186:HIVE,HIVE Digital
186:HKIT,海天网络
186:HKPD,生研生物
186:HLP,宏力型钢
186:HMR,Heidmar Maritime
186:HNRG,Hallador Energy
186:HOLO,盟云全息
186:HOLOW,
186:HOTH,Hoth Therapeutics
186:HOUR,Hour Loop
186:HOVR,New Horizon Aircraft
186:HOVRW,
186:HPAI,Helport AI
186:HPAIW,
186:HQI,HireQuest
186:HRTX,Heron Therapeutics
186:HSCS,HeartSciences
186:HSCSW,
186:HSDT,Solana
186:HTCO,High-Trend
186:HTCR,HeartCore
186:HTLM,HomesToLife
186:HTOO,Fusion Fuel Green
186:HUBC,Hub Cyber Security
186:HUBCW,
186:HUBCZ,
186:HUDI,华迪国际
186:HUHU,虎虎科技
186:HURA,TuHURA Biosciences
186:HWH,HWH International
186:HXHX,昊鑫控股
186:HYFM,Hydrofarm
186:HYFT,MindWalk
186:HYMC,Hycroft Mining
186:HYNE,Hoyne Bancorp
186:HYPD,Hyperion DeFi
186:IBAC,IB Acquisition
186:IBACR,
186:IBG,Innovation Beverage
186:IBIO,iBio
186:ICCC,伊芙美尔医疗
186:ICCM,IceCure Medical
186:ICG,聪链集团
186:ICON,Icon Energy
186:ICU,SeaStar Medical
186:ICUCW,
186:IDAI,T Stamp
186:IFBD,讯鸟软件
186:IGIC,International
186:IINN,Inspira Technologies
186:IINNW,
186:IKT,Inhibikase
186:ILAG,Intelligent Living
186:IMA,ImageneBio
186:IMCC,IM Cannabis
186:IMDX,Insight Molecular
186:IMMX,Immix Biopharma
186:IMNM,Immunome
186:IMNN,Imunon
186:IMPP,Imperial
186:IMPPP,Imperial优先A
186:IMRN,免疫子制药
186:IMTE,综合媒体科技
186:IMTX,Immatics
186:IMUX,Immunic
186:IMXI,国际货币快递
186:INAB,In8bio
186:INBS,Intelligent Bio
186:INDI,indie Semiconductor
186:INDP,Indaptus
186:INEO,INNEOVA Holdings
186:INHD,INNO HOLDINGS
186:INKT,MiNK Therapeutics
186:INLF,因立夫
186:INM,InMed
186:INMB,INmune Bio
186:INO,伊诺维奥制药
186:INSE,Inspired
186:INTG,The Intergroup
186:INTJ,慧悦财经
186:INTS,Intensity
186:INTZ,Intrusion
186:INVE,单片机微系统
186:INVZ,Innoviz Technologies
186:INVZW,
186:IONR,ioneer
186:IOTR,iOThree
186:IPDN,Professional
186:IPM,Intelligent
186:IPSC,Century Therapeutics
186:IPST,IP Strategy
186:IPW,iPower
186:IPWR,Ideal Power
186:IPX,IperionX
186:IQST,iQSTEL
186:IRD,Opus Genetics
186:IRIX,艾里德克斯
186:ISBA,Isabella Bank
186:ISPC,iSpecimen
186:ISPR,雾麻科技
186:ITOC,iTonic Holdings
186:ITRM,Iterum Therapeutics
186:IVDA,Iveda Solutions
186:IVDAW,
186:IVF,INVO Fertility
186:IXHL,Incannex Healthcare
186:IZEA,IZEA Worldwide
186:IZM,拍明芯城
186:JAGX,Jaguar Health
186:JBDI,JBDI Holdings
186:JBIO,Jade Biosciences
186:JCSE,佳益净科控股
186:JCTC,朱伊特卡梅伦贸易
186:JDZG,课标科技
186:JEM,707 Cayman Holdings
186:JFB,JFB Construction
186:JFBR,Jeffs' Brands
186:JFBRW,
186:JG,极光
186:JL,即亮集团
186:JLHL,巨龙控股
186:JMSB,John Marshall
186:JRSH,Jerash Holdings
186:JSPR,Jasper Therapeutics
186:JSPRW,
186:JTAI,Jet.AI
186:JUNS,Jupiter
186:JVA,Coffee Holding
186:JWEL,聚好商城
186:JXG,金铉集团
186:JYD,佳裕达
186:JYNT,The Joint
186:JZ,见知教育
186:JZXN,九紫新能
186:KALA,KALA BIO
186:KARO,Karooooo
186:KDKRW,
186:KG,Kestrel Group
186:KGEI,Kolibri Global
186:KIDZ,Classover
186:KIDZW,
186:KINS,金石保险
186:KITT,Nauticus Robotics
186:KITTW,
186:KMRK,K-Tech Solutions
186:KOPN,高平电子
186:KOSS,高斯电子
186:KPRX,Kiora制药
186:KRKR,36氪
186:KRMD,KORU Medical
186:KRRO,Korro Bio
186:KSCP,Knightscope
186:KTTA,Pasithea
186:KTTAW,
186:KUST,Kustom Entertainment
186:KWMWW,
186:KXIN,开心
186:KYIVW,
186:KZIA,Kazia Therapeutics
186:KZR,Kezar Life Sciences
186:LASE,Laser Photonics
186:LAWR,Robot
186:LBGJ,利邦厨具
186:LCFY,Locafy
186:LCFYW,
186:LCNB,LCNB
186:LE,Lands'End
186:LEDS,旭明光电
186:LEXX,Lexaria Bioscience
186:LFS,LEIFRAS
186:LFVN,Lifevantage
186:LFWD,Lifeward
186:LGCB,传丞环球
186:LGCL,罗科仕
186:LGHL,狮子集团控股
186:LGVN,Longeveron
186:LHAI,Linkhome
186:LHSW,索威尔
186:LICN,理臣国际
186:LIDR,AEye
186:LIDRW,
186:LIMNW,
186:LIND,Lindblad
186:LINK,互联电子
186:LIQT,Liqtech
186:LITS,Lite
186:LIVE,Live Ventures
186:LIXT,Lixte Biotechnology
186:LMB,Limbach Holdings
186:LMFA,Lm Funding America
186:LNAI,Lunai
186:LNKB,LINKBANCORP
186:LNKS,Linkers Industries
186:LNSR,Lensar
186:LNZA,LanzaTech Global
186:LNZAW,
186:LOAN,曼哈顿大桥投资股份
186:LOBO,萝贝
186:LONA,LeonaBio
186:LOTWW,
186:LPCN,Lipocine
186:LPTH,LightPath
186:LQDA,Liquidia
186:LRE,Lead Real Estate
186:LRHC,La Rosa Holdings
186:LSE,雷神能源
186:LSH,Lakeside
186:LSTA,Lisata Therapeutics
186:LTBR,Lightbridge
186:LTRN,Lantern Pharma
186:LTRX,创力
186:LUCD,Lucid Diagnostics
186:LUCY,Innovative Eyewear
186:LUCYW,
186:LVLU,Lulu's Fashion
186:LVO,LiveOne
186:LWLG,Lightwave Logic
186:LXRX,莱斯康制药
186:LZMH,联掌门户
186:MAGH,Magnitude
186:MAMA,Mama's Creations
186:MAMK,迈克丽斯
186:MAMO,Massimo
186:MARA,MARA Holdings
186:MARPS,海洋石油信托
186:MASK,三易科技
186:MATH,Metalpha Technology
186:MAYS,梅斯物业
186:MB,牛大人
186:MBAI,Check-cap
186:MBBC,Marathon Bancorp
186:MBIN,Merchants
186:MBINL,Merchants优先存托E
186:MBINM,Merchants优先存托D
186:MBINN,Merchants优先存托C
186:MBIO,Mustang Bio
186:MBNKO,Medallion Bank优先G
186:MBOT,Microbot Medical
186:MBRX,Moleculin Biotech
186:MCTA,Charming Medical
186:MDAI,Spectral AI
186:MDAIW,
186:MDBH,MDB Capital Holdings
186:MDCX,Medicus Pharma
186:MDCXW,
186:MDIA,MediaCo Holding
186:MDRR,Medalist Diversified
186:MDXG,MiMedx Group
186:MDXH,MDxHealth
186:MEGL,智富融资
186:MEHA,Functional Brands
186:MFI,移动财经
186:MGIH,禧图集团
186:MGN,Megan Holdings
186:MGRT,美华创富
186:MGRX,Mangoceuticals
186:MIGI,Mawson
186:MIMI,Mint
186:MIND,MIND Technology
186:MIRA,MIRA
186:MITK,Mitek Systems
186:MKDW,澔鸿科技
186:MKDWW,
186:MKZR,MacKenzie Realty
186:MLEC,Moolec Science SA
186:MLECW,
186:MLGO,MicroAlgo
186:MLTX,MoonLake
186:MNDR,Mobile-health
186:MNPR,Monopar Therapeutics
186:MNSB,MainStreet Bank
186:MNSBP,MainStreet优先存托A
186:MNTK,Montauk Renewables
186:MNTS,Momentus
186:MNTSW,
186:MOB,Mobilicom
186:MOBBW,
186:MOBX,Mobix Labs
186:MOBXW,
186:MODD,Modular Medical
186:MOVE,Movano
186:MRDN,Meridian Holdings
186:MREO,Mereo Biopharma
186:MRKR,Marker Therapeutics
186:MRM,MEDIROM Healthcare
186:MRNO,Murano Global
186:MRNOW,
186:MSAI,MultiSensor AI
186:MSAIW,
186:MSGM,Motorsport Games
186:MSGY,Masonglory
186:MSS,Maison Solutions
186:MSW,明成集团
186:MTC,海川证券
186:MTEK,Maris-Tech
186:MTEKW,
186:MTEN,铭腾
186:MTEX,寰泰生技
186:MTVA,MetaVia
186:MVBF,MVB Financial
186:MVST,微宏控股
186:MVSTW,
186:MWYN,Marwynn Holdings
186:MYSE,Myseum
186:MYSEW,
186:MYSZ,My Size
186:NAAS,能链智电
186:NAGE,Niagen
186:NAMI,进馨科技
186:NAMMW,
186:NATR,天然阳光产品
186:NAUT,Nautilus
186:NBBK,NB Bancorp
186:NBRGU,Newbridge收购-U
186:NCEL,NewcelX
186:NCEW,新世纪
186:NCI,思宏国际
186:NCNA,Nucana
186:NCPL,Netcapital
186:NCPLW,
186:NCRA,Nocera
186:NCSM,NCS Multistage
186:NCT,Intercont
186:NCTY,第九城市
186:NDRA,恩德拉生命科学
186:NECB,东北社区银行
186:NEGG,新蛋
186:NEO,Neogenomics
186:NEON,Neonode
186:NEOV,NeoVolta
186:NEOVW,
186:NEPH,Nephros
186:NERV,Minerva
186:NESR,国家能源服务
186:NEXM,Nexmetals
186:NEXT,NextDecade
186:NGEN,NervGen Pharma
186:NHTC,然健环球
186:NIOBW,
186:NIVF,NewGenIVF Group
186:NIVFW,
186:NIXX,Nixxy
186:NIXXW,
186:NKSH,National Bankshares
186:NKTR,内克塔治疗
186:NMTC,NeuroOne Medical
186:NN,NextNav
186:NNAVW,
186:NNDM,Nano Dimension
186:NNE,Nano Nuclear
186:NODK,NI Holdings
186:NOMA,Nomadar
186:NOTV,Inotiv
186:NPT,网塑科技
186:NRSN,NeuroSense
186:NRSNW,
186:NRXP,NRX Therapeutics
186:NRXPW,
186:NSPR,InspireMD
186:NSTS,NSTS Bancorp
186:NSYS,Nortech Systems
186:NTCL,网班科技
186:NTRB,Nutriband
186:NTRBW,
186:NTRP,NextTrip
186:NTWK,纳索尔科技
186:NUAIW,
186:NUCL,Eagle Nuclear
186:NUCLW,
186:NUTR,NusaTrip
186:NUTX,Nutex Health
186:NUWE,Nuwellis
186:NVA,Nova Minerals
186:NVAWW,
186:NVCT,Nuvectis Pharma
186:NVEC,NVE
186:NVNI,Nvni Group
186:NVNIW,
186:NVNO,enVVeno Medical
186:NVVE,Nuvve Holding
186:NVVEW,
186:NWGL,刺梨工坊
186:NWTG,Newton Golf
186:NXGL,NexGel
186:NXGLW,
186:NXL,Nexalin Technology
186:NXPL,NextPlat
186:NXPLW,
186:NXTS,Nexentis
186:NXTT,Next Technology
186:NXXT,NextNRG
186:OABIW,
186:OAKU,Oak Woods
186:OAKUR,
186:OAKUU,Oak Woods-U
186:OAKUW,
186:OBT,Orange County
186:OCCI,OFS Credit
186:OCCIM,OFS Credit优先F
186:OCCIN,OFS Credit优先E
186:OCCIO,OFS Credit优先C
186:OCG,东方文化
186:OCGN,Ocugen
186:ODVWZ,
186:ODYS,Odysight.ai
186:OESX,Orion Energy Systems
186:OFAL,至一建筑
186:OIO,OIO Group
186:OIOWW,
186:OKYO,Okyo Pharma
186:OLB,The OLB Group
186:OLOX,Olenox Industries
186:OMEX,奥德赛海洋探索
186:OMH,Ohmyhome
186:OMSE,OMS Energy
186:ONCO,Onconetix
186:ONCY,Oncolytics Biotech
186:ONDS,Ondas
186:ONEG,一建筑
186:ONFO,Onfolio Holdings
186:ONFOW,
186:ONMD,OneMedNet
186:ONMDW,
186:OPAL,OPAL Fuels
186:OPRX,Optimizerx
186:OPTX,Syntec Optics
186:OPTXW,
186:OPXS,Optex Systems
186:ORBS,Eightco Holdings
186:ORGN,Origin Materials
186:ORGNW,
186:ORGO,Organogenesis
186:ORIO,Orion Digital
186:ORIS,闽东红集团
186:ORKT,Orangekloud
186:ORMP,Oramed
186:ORRF,Orrstown Financial
186:OSPN,OneSpan
186:OSRH,OSR Holdings
186:OSRHW,
186:OSS,One Stop Systems
186:OST,奥斯汀科技
186:OSW,Onespaworld Holdings
186:OTLK,Outlook Therapeutics
186:OVID,Ovid Therapeutics
186:OVLY,橡木谷银行
186:OXBR,Oxbridge Re
186:OXBRW,
186:PALI,Palisade Bio
186:PANL,Pangaea Logistics
186:PARK,Park Dental
186:PASG,Passage Bio
186:PASW,平安生物
186:PAVM,PAVmed
186:PAVS,幸福来
186:PAYS,Paysign
186:PBFS,Pioneer Bancorp
186:PBHC,Pathfinder Bancorp
186:PBM,Psyence Biomedical
186:PBMWW,
186:PC,Premium Catering
186:PCLA,PicoCELA
186:PCSA,Processa
186:PCT,PureCycle
186:PCTTU,PureCycle-U
186:PCTTW,
186:PCYO,Pure Cycle
186:PDC,Perpetuals
186:PDEX,Pro-Dex
186:PDSB,PDS Biotechnology
186:PESI,佩尔马福克斯环境服务
186:PETZ,天地荟
186:PFAI,Pinnacle Food
186:PGY,Pagaya Technologies
186:PGYWW,
186:PHIO,Phio Pharmaceuticals
186:PHOE,Phoenix Asia
186:PHUN,Phunware
186:PIII,P3 Health Partners
186:PIIIW,
186:PKBK,帕克合众银行
186:PLBC,Plumas Bancorp
186:PLRZ,Polyrizon
186:PLSE,脉冲生物科学
186:PLSM,Pulsenmore
186:PLTS,Platinum Analytics
186:PLUG,普拉格能源
186:PLUR,Pluri
186:PLUT,贝德斯金融
186:PLYX,Polaryx Therapeutics
186:PMAX,安林财经印刷
186:PMCB,PharmaCyte Biotech
186:PMEC,Primech Holdings
186:PMN,ProMIS Neurosciences
186:PN,斯凯蒙太阳能
186:PNRG,PrimeEnergy
186:POCI,Precision Optics
186:PODC,PodcastOne
186:POET,Poet Technologies
186:POLA,Polar Power
186:POWW,Outdoor Holding
186:POWWP,Outdoor Holding优先A
186:PPBT,Purple Biotech
186:PPCB,Propanc Biopharma
186:PPSI,先驱电气
186:PPTA,Perpetua Resources
186:PRCH,Porch Group
186:PRENW,
186:PRFX,PRF Technologies
186:PRHI,Presurance
186:PROF,Profound Medical
186:PROK,ProKidney
186:PROP,Prairie Operating
186:PRPO,Precipio
186:PRQR,ProQR Therapeutics
186:PRSO,Peraso
186:PRTH,Priority Technology
186:PRTS,CarParts.com
186:PRZO,ParaZero
186:PSHG,Performance Shipping
186:PSIG,PS International
186:PSIX,国际电力解决方案
186:PSTV,Plus Therapeutics
186:PTLE,长安能源
186:PTNM,Pitanium
186:PULM,Pulmatrix
186:PURR,Hyperliquid Strategies
186:PVLA,Palvella
186:PXLW,美国像素
186:PXS,Pyxis Tankers
186:PYPD,PolyPid
186:QCLS,Q/C Technologies
186:QMMM,QMMM Holdings
186:QNRX,Quoin
186:QNTM,Quantum BioPharma
186:QRHC,Quest Resource
186:QTI,QT Imaging
186:QTTB,Q32 Bio
186:QUBT,Quantum Computing
186:QUCY,Mainz Biomed
186:QUIK,快辑半导体
186:QVCGA,QVC Group A
186:QVCGP,QVC Group优先A
186:RADX,Radiopharm
186:RAIN,Rain Enhancement
186:RAINW,
186:RAND,兰德资本
186:RAVE,Rave Restaurant
186:RAY,雷特控股
186:RAYA,雷亚电子
186:RBKB,Rhinebeck Bancorp
186:RBNE,Robin
186:RCAT,Red Cat Holdings
186:RCEL,AVITA Medical
186:RCKTW,
186:RCON,研控科技
186:RCT,RedCloud Holdings
186:RDAC,龙腾收购
186:RDACR,
186:RDACU,龙腾收购-U
186:RDCM,RADCOM
186:RDGT,九洲大药房
186:RDHL,Redhill Biopharma
186:RDI,Reading A
186:RDIB,Reading B
186:RDNW,RideNow
186:RDVT,Red Violet
186:RDZNW,
186:REAX,The Real Brokerage
186:REBN,Reborn Coffee
186:RECT,大徳
186:REE,REE Automotive
186:REFR,Research Frontiers
186:REKR,Rekor Systems
186:RENX,RenX Enterprises
186:RETO,瑞图生态
186:REVB,Revelation
186:REVBW,
186:RGC,脑再生科技
186:RGTI,Rigetti Computing
186:RGTIW,
186:RIBB,Ribbon Acquisition
186:RIBBR,
186:RIBBU,Ribbon Acquisition-U
186:RIME,Algorhythm Holdings
186:RIOT,Riot Platforms
186:RITR,域塔物流科技
186:RKDA,阿凯迪亚生物科学
186:RKLB,Rocket Lab
186:RLMD,Relmada Therapeutics
186:RLYB,Rallybio
186:RMBI,Richmond Mutual
186:RMCF,洛矶山巧克力工厂
186:RMCO,Royalty Management
186:RMCOW,
186:RMR,The RMR Group
186:RMSG,Real Messenger
186:RMSGW,
186:RMTI,罗克韦尔医药
186:RNAZ,TransCode
186:RNTX,Rein Therapeutics
186:RNXT,RenovoRx
186:ROC,ROC Energy
186:ROMA,罗马绿色金融
186:RPAY,Repay Holdings
186:RPGL,Republic Power Group
186:RPID,Rapid Micro
186:RR,Richtech Robotics
186:RSSS,Research Solutions
186:RUBI,Rubico
186:RVPH,Reviva
186:RVSN,Rail Vision
186:RVSNW,
186:RVYL,Ryvyl
186:RYET,软云科技
186:RYM,RYTHM
186:RYOJ,rYojbaba
186:RZLT,Rezolute
186:RZLVW,
186:SABS,SAB Biotherapeutics
186:SABSW,
186:SAFX,XCF Global
186:SAGT,Sagtec Global
186:SAIH,SAIHEAT
186:SAIHW,
186:SATL,Satellogic
186:SATLW,
186:SBCWW,
186:SBET,Sharplink
186:SBFG,SB Financial Group
186:SBFM,Sunshine Biopharma
186:SBFMW,
186:SBLX,StableX
186:SCAGW,
186:SCKT,Socket Mobile
186:SCLX,Scilex Holding
186:SCLXW,
186:SCNI,Scinai
186:SCNX,Scienture Holdings
186:SCWO,374Water
186:SCYX,Scynexis
186:SCZM,Santacruz Silver Mining
186:SDA,盛大科技
186:SDAWW,
186:SDM,数智集团
186:SDOT,Sadot Group
186:SDST,Stardust Power
186:SDSTW,
186:SEED,奥瑞金种业
186:SELF,Global Self Storage
186:SELX,Semilux
186:SERV,Serve Robotics
186:SEV,Aptera Motors
186:SEVN,Seven Hills Realty
186:SEZL,Sezzle
186:SFBC,Sound Financial
186:SFHG,星辉云印
186:SFWL,盛丰物流
186:SGLY,奇点未来
186:SGML,Sigma Lithium
186:SGMO,Sangamo Therapeutics
186:SGRP,Spar Group
186:SHAZ,SharonAI Holdings
186:SHFS,SHF Holdings
186:SHFSW,
186:SHIM,Shimmick
186:SHIP,Seanergy Maritime
186:SHMDW,
186:SHPH,Shuttle
186:SIDU,Sidus Space
186:SIEB,Siebert Financial
186:SIFY,Sify Technologies
186:SILO,Silo Pharma
186:SINT,SINTX Technologies
186:SJ,思享无限
186:SKBL,Skyline Builders
186:SKIN,The Beauty Health
186:SKK,SKK
186:SKYQ,Sky Quarry
186:SKYT,SkyWater Technology
186:SKYX,SKYX Platforms
186:SLE,Super League
186:SLGB,智慧物流
186:SLGL,Sol-gel
186:SLMT,Brera Holdings
186:SLNG,Stabilis Solutions
186:SLNH,Soluna Holdings
186:SLNHP,Soluna Holdings优先A
186:SLNO,Soleno Therapeutics
186:SLS,SELLAS Life Sciences
186:SLSN,Solesence
186:SLXN,Silexion
186:SLXNW,
186:SMID,Smith-Midland
186:SMPL,易美味
186:SMSI,Smith Micro Software
186:SMTI,Sanara
186:SMTK,SmartKem
186:SMX,SMX
186:SMXT,Solarmax Technology
186:SMXWW,
186:SNAL,蜗牛游戏
186:SNDL,SNDL
186:SNES,SenesTech
186:SNGX,Soligenix
186:SNOA,Sonoma制药
186:SNSE,Sensei
186:SNTG,叁腾科技
186:SNTI,Senti Biosciences
186:SNYR,Synergy CHC
186:SOBR,SOBR
186:SOGP,Sound Group
186:SONM,DNA X
186:SOPA,Society Pass
186:SORA,AsiaStrategy
186:SOTK,Sono-Tek
186:SOWG,Sow Good
186:SPAI,Safe Pro Group
186:SPCB,Supercom
186:SPHL,Springview
186:SPPL,Simpple
186:SPRB,Spruce
186:SPRC,SciSparc
186:SPT,Sprout Social
186:SPWRW,
186:SQFT,Presidio Property
186:SQFTP,Presidio优先D
186:SQFTW,
186:SRBK,SR Bancorp
186:SRTA,Strata
186:SRTAW,
186:SRTS,Sensus Healthcare
186:SRZN,Surrozen
186:SRZNW,
186:SSEA,STARRY SEA
186:SSEAR,
186:SSEAU,STARRY SEA-U
186:SSII,SS Innovations
186:SSM,Sono Group
186:SSTI,SoundThinking
186:STAK,斯塔克
186:STEX,Streamex
186:STFS,星际时尚
186:STI,Solidion Technology
186:STKH,Steakholder Foods
186:STKS,The One
186:STSS,Sharps Technology
186:STSSW,
186:SUGP,荣志集团
186:SUIG,SUI Group
186:SUNE,SUNation Energy
186:SUNS,Sunrise Realty
186:SUPX,SuperX AI
186:SURG,SurgePays
186:SVRE,Saver O
186:SVREW,
186:SVRN,OceanPal
186:SWAG,Stran
186:SWAGW,
186:SWMR,Swarmer
186:SWVL,Swvl Holdings
186:SWVLW,
186:SXTC,苏轩堂
186:SXTP,60 Degrees
186:SXTPW,
186:SY,新氧
186:TALK,Talkspace
186:TALKW,
186:TANH,碳博士控股
186:TAOP,淘屏
186:TAOX,TAO Synergies
186:TAYD,泰勒设备
186:TBH,Brag House Holdings
186:TC,团车
186:TCBS,Texas Community
186:TCRT,Alaunos
186:TCX,Tucows
186:TDIC,Dreamland
186:TDTH,Trident Digital
186:TELO,Telomir
186:TENX,Tenax Therapeutics
186:TGHL,THE GROWHUB
186:TGL,Treasure Global
186:TGTX,TG Therapeutics
186:TH,Target Hospitality
186:THCH,Tims天好
186:THH,TryHard
186:THRY,Thryv Holdings
186:TIL,Instil Bio
186:TIPT,Tiptree
186:TIVC,Tivic Health
186:TJGC,TJGC Group
186:TKLF,Tokyo Lifestyle
186:TLF,Tandy Leather
186:TLIH,Ten-League
186:TLPH,Talphera
186:TLSA,Tiziana Life
186:TNMG,TNL Mediagene
186:TNON,Tenon Medical
186:TNONW,
186:TOI,The Oncology
186:TOIIW,
186:TOMZ,TOMI Environmental
186:TONX,TON Strategy
186:TOP,中阳金融集团
186:TORO,Toro
186:TOUR,途牛
186:TOYO,TOYO
186:TPCS,TechPrecision
186:TPST,Tempest Therapeutics
186:TRAW,Traws Pharma
186:TRNR,Interactive Strength
186:TRON,Tron
186:TROO,盟军
186:TRSG,同日科技
186:TRUG,TruGolf Holdings
186:TSSI,TSS
186:TULP,Bloomia Holdings
186:TURB,Turbo Energy
186:TVGNW,
186:TVRD,Tvardi Therapeutics
186:TWAV,TaoWeave
186:TWG,富原集团
186:TYGO,Tigo Energy
186:UBCP,联合合众银行
186:UBXG,有家保险
186:UCAR,优品车
186:UCFI,中国粮投
186:UCFIW,
186:UFG,Uni-Fuels Holdings
186:UFPT,UFP Technologies
186:UGRO,Urban-gro
186:UHGWW,
186:UK,优客工场
186:UNCY,Unicycive
186:UOKA,明大嘉和
186:UONE,Urban One
186:UONEK,Urban One D
186:UPC,大自然药业
186:UPXI,Upexi
186:UROY,Uranium Royalty
186:USAU,美国黄金
186:USEA,United Maritime
186:USEG,美国能源
186:USGO,U.S. GoldMining
186:USGOW,
186:UYSC,UY Scuti
186:UYSCR,
186:UYSCU,UY Scuti-U
186:VABK,Virginia National
186:VALU,Value Line
186:VANI,Vivani Medical
186:VBIX,Viewbix
186:VCIG,VCI Global
186:VEEAW,
186:VEEE,Twin Vee PowerCats
186:VELO,Velocity
186:VERU,Veru
186:VFF,Village Farms国际
186:VFSWW,
186:VGAS,Verde Clean Fuels
186:VGASW,
186:VHC,Virnetx Holding
186:VIVO,美鼎生物
186:VIVS,VivoSim Labs
186:VKTX,Viking Therapeutics
186:VMAR,Vision Marine
186:VMD,Viemed Healthcare
186:VMET,Versamet Royalties
186:VNCE,文斯控股
186:VOXR,Vox Royalty
186:VRAX,Virax Biolabs Group
186:VRCA,Verrica
186:VRDN,Viridian
186:VRME,Verifyme
186:VRRM,Verra Mobility
186:VS,Versus Systems
186:VSA,童程童美
186:VSEE,VSee Health
186:VSEEW,
186:VSME,VS MEDIA Holdings
186:VSTD,Vestand
186:VSTM,Verastem
186:VTGN,Vistagen
186:VTSI,VirTra
186:VTVT,vTv Therapeutics
186:VUZI,Vuzix
186:VVOS,Vivos
186:VWAVW,
186:VYNE,VYNE
186:WAFU,华富教育
186:WAI,天成科技
186:WALD,Waldencast
186:WALDW,
186:WATT,Energous
186:WAVE,Eco Wave Power
186:WBUY,Webuy Global
186:WCT,惠程控股
186:WETH,伟大奇科技
186:WETO,Wetour
186:WFCF,Where Food Comes
186:WFF,WF Holding
186:WGRX,Wellgistics
186:WHLR,Wheeler Real Estate
186:WHLRD,Wheeler Real优先D
186:WHLRL,
186:WHLRP,Wheeler Real优先B
186:WHWK,Whitehawk
186:WILC,G.Willi-Food
186:WKHS,Workhorse Group
186:WKSP,Worksport
186:WLDS,Wearable Devices
186:WLDSW,
186:WNW,美物科技
186:WOK,沃氪医疗
186:WORX,SCWorx
186:WRAP,Wrap Technologies
186:WSBK,Winchester Bancorp
186:WSC,WillScot Holdings
186:WSHP,WeShop Holdings
186:WSTN,Westin Acquisition
186:WSTNR,
186:WSTNU,Westin Acquisition-U
186:WTF,华通证券
186:WTG,Wintergreen
186:WTGUR,
186:WTGUU,Wintergreen-U
186:WTO,联代科技
186:WULF,TeraWulf
186:WVVI,维拉美特酒庄
186:WVVIP,维拉美特酒庄优先
186:WXM,山友暖通
186:WYFI,WhiteFiber
186:WYHG,荣业食品
186:XAIR,Beyond Air
186:XBIO,Xenetic Biosciences
186:XBP,XBP Global
186:XBPEW,
186:XCUR,Exicure
186:XELB,Xcel Brands
186:XFOR,X4 Pharmaceuticals
186:XHG,XChange
186:XHLD,TEN Holdings
186:XLO,Xilio Therapeutics
186:XOS,Xos
186:XOSWW,
186:XPEL,XPEL
186:XPON,Expion360
186:XRTX,XORTX Therapeutics
186:XTIA,XTI Aerospace
186:XTKG,X3 Holdings
186:XTLB,Xtl生物制药
186:XWEL,XWELL
186:XWIN,XMax
186:XXII,22nd Century
186:YAAS,有信云
186:YDDL,One and one Green
186:YDKG,悦航阳光
186:YHC,LQR House
186:YHGJ,运鸿绿色CTI
186:YIBO,星图国际
186:YJ,云集
186:YMAT,家星控股
186:YOUL,优蓝
186:YSXT,益盛鑫
186:YTRA,Yatra Online
186:YYAI,AiRWA
186:YYGH,YY Group
186:ZBAI,阿提夫控股
186:ZBAO,致保科技
186:ZCMD,众巢医学
186:ZDAI,DirectBooking
186:ZENA,ZenaTech
186:ZENV,Zenvia
186:ZEO,Zeo Energy
186:ZEOWW,
186:ZGM,道元集团
186:ZJK,中金科
186:ZJYL,中进医疗
186:ZKIN,正康国际
186:ZNB,Zeta Network
186:ZOOZ,ZOOZ Strategy
186:ZOOZW,
186:ZSPC,zSpace
186:ZSTK,ZeroStack
186:ZTEK,Zentek
186:ZURA,Zura Bio
186:ZYBT,正业生物
89:861001,能源设备与服务
89:861002,石油、天然气与消费用燃料
89:861003,化学制品
89:861004,建筑材料
89:861005,容器与包装
89:861006,金属与采矿
89:861007,纸类与林业产品
89:861008,航空航天与国防
89:861009,建筑产品
89:861010,建筑与工程
89:861011,电气设备
89:861012,工业集团企业
89:861013,机械制造
89:861014,贸易公司与经销商
89:861015,商业服务与商业用品
89:861016,专业服务
89:861017,航空货运与物流
89:861018,客运航空公司
89:861019,海上运输
89:861020,地面运输
89:861021,交通基本设施
89:861022,汽车零部件
89:861023,汽车
89:861024,家庭耐用消费品
89:861025,休闲设备与用品
89:861026,纺织品、服装与奢侈品
89:861027,酒店、餐馆与休闲
89:861028,综合消费者服务
89:861029,经销商
89:861031,多品类零售
89:861032,专营零售
89:861033,日常消费品分销和零售
89:861034,饮料
89:861035,食品
89:861036,烟草
89:861037,居家用品
89:861038,个人护理用品
89:861039,医疗保健设备与用品
89:861040,医疗保健提供商与服务
89:861041,医疗保健技术
89:861042,生物科技
89:861043,制药
89:861044,生命科学工具和服务
89:861045,商业银行
89:861047,金融服务
89:861048,消费信贷
89:861049,资本市场
89:861050,抵押房地产投资信托（REITs）
89:861051,保险
89:861052,信息技术服务
89:861053,软件
89:861054,通信设备
89:861055,电脑与外围设备
89:861056,电子设备、仪器和元件
89:861057,半导体产品与设备
89:861058,综合电信业务
89:861059,无线电信业务
89:861060,媒体
89:861061,娱乐
89:861062,互动媒体与服务
89:861063,电力公用事业
89:861064,燃气公用事业
89:861065,复合型公用事业
89:861066,水公用事业
89:861067,独立电力生产商与能源贸易商
89:861068,多元化REIT
89:861070,能源
89:861071,原材料
89:861072,工业
89:861073,非日常生活消费品
89:861074,日常消费品
89:861075,医疗保健
89:861076,金融
89:861077,信息技术
89:861078,通讯业务
89:861079,公用事业
89:861080,房地产
89:861081,能源
89:861082,原材料
89:861083,资本品
89:861084,商业和专业服务
89:861085,运输
89:861086,汽车与汽车零部件
89:861087,耐用消费品与服装
89:861088,消费者服务
89:861089,非必需消费品分销和零售
89:861090,日常消费品分销和零售
89:861091,食品、饮料与烟草
89:861092,家庭与个人用品
89:861093,医疗保健设备与服务
89:861094,制药、生物科技和生命科学
89:861095,银行
89:861096,金融服务
89:861097,保险
89:861098,软件与服务
89:861099,技术硬件与设备
89:861100,半导体产品与设备
89:861101,电信业务
89:861102,媒体与娱乐
89:861103,公用事业
89:861104,房地产投资信托（REITs）
89:861105,石油与天然气钻井
89:861106,石油天然气设备与服务
89:861107,综合性石油与天然气企业
89:861108,石油与天然气的勘探与生产
89:861109,石油与天然气的炼制和营销
89:861110,石油与天然气的储存和运输
89:861111,煤与消费用燃料
89:861112,商品化工
89:861113,多种化学制品
89:861114,化肥与农用药剂
89:861115,工业气体
89:861116,特种化学制品
89:861117,建筑材料
89:861118,金属、玻璃和塑料容器
89:861119,纸和塑料包装产品和材料
89:861120,铝
89:861121,多种金属与采矿
89:861122,铜
89:861123,黄金
89:861124,贵重金属与矿石
89:861125,白银
89:861126,钢铁
89:861127,林业产品
89:861128,纸制品
89:861129,航天航空与国防
89:861130,建筑产品
89:861131,建筑与工程
89:861132,电气部件与设备
89:861133,重型电气设备
89:861134,工业集团企业
89:861135,建筑机械和重型运输设备
89:861136,农用农业机械
89:861137,工业机械和用品及零部件
89:861138,贸易公司与经销商
89:861139,商业印刷
89:861140,环境与设施服务
89:861141,办公服务与用品
89:861142,综合支持服务
89:861143,安全和报警服务
89:861144,人力资源与就业服务
89:861145,调查和咨询服务
89:861146,航空货运与物流
89:861147,客运航空公司
89:861148,海上运输
89:861149,铁路运输
89:861151,机场服务
89:861152,公路与铁路
89:861154,汽车零件与设备
89:861155,轮胎与橡胶
89:861156,汽车制造商
89:861157,摩托车制造商
89:861158,消费电子产品
89:861159,家庭装饰品
89:861160,住宅建筑
89:861161,家用电器
89:861162,家用器具与特殊消费品
89:861163,休闲用品
89:861164,服装、服饰与奢侈品
89:861165,鞋类
89:861166,纺织品
89:861167,赌场与赌博
89:861168,酒店、度假村与豪华游轮
89:861169,休闲设施
89:861170,餐馆
89:861171,教育服务
89:861172,特殊消费者服务
89:861173,经销商
89:861177,服装零售
89:861178,电脑与电子产品零售
89:861179,家庭装潢零售
89:861180,其他专卖店
89:861181,汽车零售
89:861182,家庭装饰零售
89:861183,药品零售
89:861184,食品分销商
89:861185,食品零售
89:861186,日常消费品零售
89:861187,啤酒酿造商
89:861188,酿酒商与葡萄酒商
89:861189,软饮料与不含酒精饮料
89:861190,农产品与服务
89:861191,包装食品与肉类
89:861192,烟草
89:861193,居家用品
89:861194,个人护理用品
89:861195,医疗保健设备
89:861196,医疗保健用品
89:861197,保健护理产品经销商
89:861198,保健护理服务
89:861199,保健护理机构
89:861200,管理型保健护理
89:861201,医疗保健技术
89:861202,生物科技
89:861203,制药
89:861204,生命科学工具和服务
89:861205,综合性银行
89:861206,区域性银行
89:861208,综合金融服务
89:861209,多领域控股
89:861210,特殊金融服务
89:861211,消费信贷
89:861212,资产管理与托管银行
89:861213,投资银行业与经纪业
89:861214,综合性资本市场
89:861215,金融交易所和数据
89:861216,抵押房地产投资信托
89:861217,保险经纪商
89:861218,人寿与健康保险
89:861219,多元化保险
89:861220,财产与意外伤害保险
89:861221,再保险
89:861222,信息科技咨询与其它服务
89:861224,互联网服务和基础设施
89:861225,应用软件
89:861226,系统软件
89:861227,通信设备
89:861228,电脑硬件、储存设备及电脑周边
89:861229,电子设备和仪器
89:861230,电子元件
89:861231,电子制造服务
89:861232,技术产品经销商
89:861233,半导体材料与设备
89:861234,半导体产品
89:861235,非传统电信运营商
89:861236,综合电信业务
89:861237,无线电信业务
89:861238,广告
89:861239,广播
89:861240,有线和卫星电视
89:861241,出版
89:861242,电影和娱乐
89:861243,互动家庭娱乐
89:861244,互动媒体与服务
89:861245,电力公用事业
89:861246,燃气公用事业
89:861247,复合型公用事业
89:861248,水公用事业
89:861249,独立电力生产商与能源贸易商
89:861250,新能源发电业者
89:861251,多样化房地产投资信托
89:861263,房地产管理和开发
89:861264,工业REIT
89:861265,酒店及度假村REIT
89:861266,写字楼REIT
89:861267,医疗保健REIT
89:861268,住宅REIT
89:861269,零售REIT
89:861270,专门REIT
89:861271,房地产管理和开发
89:861272,数据处理和外包服务
89:861273,地面货运
89:861274,地面客运
89:861275,多品类零售
89:861276,商业与住宅抵押贷款金融
89:861277,交易与支付处理服务
89:861278,工业REIT
89:861279,酒店及度假村REIT
89:861280,写字楼REIT
89:861281,医疗保健REIT
89:861282,多户住宅REIT
89:861283,单户住宅REIT
89:861284,零售REIT
89:861285,其他专门REIT
89:861286,自助式仓储REIT
89:861287,电信塔REIT
89:861288,林地REIT
89:861289,数据中心REIT
89:861290,多样化房地产活动
89:861291,房地产经营公司
89:861292,房地产开发
89:861293,房地产服务
89:862001,能源ETF
89:862002,原材料ETF
89:862003,工业ETF
89:862004,可选消费ETF
89:862005,必选消费ETF
89:862006,医疗保健ETF
89:862007,金融ETF
89:862008,科技ETF
89:862009,通讯业务ETF
89:862010,公共事业ETF
89:862011,房地产ETF
89:862201,人工智能ETF
89:862202,原油ETF
89:862203,美联储降息受益ETF
89:862205,自动驾驶汽车ETF
89:862206,生物科技ETF
89:862207,大麻ETF
89:862208,新兴亚太ETF
89:862209,互联网ETF
89:862210,日本ETF
89:862211,长期政府债券ETF
89:862212,7大科技公司ETF
89:862213,英伟达相关ETF
89:862214,小市值ETF
89:862215,国债通胀保值证券ETF
89:862216,美国国债ETF
89:862217,短期国债ETF
89:862218,比特币ETF
89:862219,加密货币ETF
89:862220,以太坊ETF
89:862221,黄金ETF
89:862222,房地产投资信托基金ETF
89:862223,机器人技术ETF
89:862224,半导体ETF
89:862225,水ETF
89:862226,政府债券ETF
89:862228,单一股票ETF
89:862229,主动权益ETF
89:862230,被动权益ETF
89:862232,稀有金属ETF
89:862901,非洲ETF
89:862902,泛亚洲ETF
89:862903,亚太发达地区ETF
89:862904,欧洲发达地区ETF
89:862905,发达市场ETF
89:862906,新兴亚太地区ETF
89:862907,新兴市场ETF
89:862909,全球ETF
89:862910,除美国外全球ETF
89:862911,拉丁美洲ETF
89:862912,中东ETF
89:862913,北美ETF
89:862914,日本ETF
89:862915,印度ETF
89:865002,无人驾驶
89:865004,苹果概念股
89:865007,锂电池
89:865008,特斯拉概念
89:865009,现代服务业
89:865013,区块链
89:865014,奢侈品
89:865017,量子科技
89:865019,智能家居
89:865022,核电
89:865024,生物质能
89:865028,巴菲特持股
89:865031,页岩油
89:865032,天然气
89:865035,虚拟现实
89:865036,医疗保险
89:865038,光纤
89:865039,互联网金融
89:865040,智慧城市
89:865045,3D打印
89:865048,数字音乐
89:865049,AR概念股
89:865050,物联网
89:865051,网络安全
89:865052,财产管理
89:865053,半导体
89:865054,新能源汽车
89:865056,大数据
89:865057,太阳能
89:865060,智能穿戴
89:865061,生物疫苗
89:865062,军工
89:865063,5G
89:865064,人工智能
89:865071,流媒体
89:865072,特朗普概念
89:865073,科技股
89:865074,文化传媒
89:865077,生物医药
89:865078,云计算
89:865079,移动支付
89:865082,集成电路
89:865083,网络游戏
89:865087,新能源
89:865088,传感器
89:865089,无线充电
89:865090,光伏概念
89:865091,大麻概念股
89:865092,稀有金属
89:865093,节能环保
89:865094,在线教育
89:865095,新材料
89:865096,物流
89:865103,婴儿概念
89:865106,电子商务
89:865108,软件外包
89:865114,新零售
89:865115,芯片概念
89:865124,WSB概念
89:865130,阿里巴巴概念
89:865131,腾讯概念
89:865133,元宇宙
89:865134,SaaS概念
89:865135,中概股指数
89:865137,太空探索
89:865138,数据中心
89:865139,社交媒体
89:865140,印度概念
89:865145,马斯克概念
89:865147,充电桩
89:865151,ESG概念
89:865154,基础建设
89:865161,猴痘概念
89:865162,基因编辑
89:865165,激光雷达
89:865166,人形机器人
89:865169,氢能源
89:865170,无人机
89:865171,阿尔茨海默病
89:865174,先进封装
89:865176,卫星通信
89:865177,AIGC概念
89:865180,CPO(共封装光学)
89:865181,MR（混合现实）
89:865182,固态电池
89:865183,减肥药
89:865184,印度科技
89:865185,中概科技
89:865186,ChatGPT
89:865187,机器人
89:865188,飞行汽车
89:865189,多模态 AI(Sora)
89:865190,AI终端
89:865191,英伟达概念
89:865193,MAG7
89:865195,商业航天
89:865197,加密货币
89:865198,自动驾驶出租车
89:865199,佩洛西概念
89:865200,休闲娱乐
89:865201,金融科技
89:865202,交易经纪商
89:865203,电视广播
89:865204,MLB概念
89:865205,韩国概念
89:865206,中国台湾
89:865207,德国概念
89:865208,智利概念
89:865209,阿根廷
89:865210,土耳其
89:865211,信用卡概念
89:865212,咖啡
89:865213,移动游戏
89:865214,约会经济
89:865215,环保
89:865216,素食概念
89:865217,南非概念
89:865218,巴西
89:865219,著名的meme股
89:865220,美国时尚
89:865221,Wallstreetbets概念
89:865222,床垫
89:865223,工业概念
89:865224,FAANG
89:865225,FANG
89:865226,GAMAM
89:865227,抗衰退股票
89:865228,电子科技
89:865229,癌症研究
89:865230,大型制药
89:865231,牛肉
89:865232,阿联酋概念
89:865233,百慕大
89:865234,Reddit概念
89:865235,古老的公司
89:865236,单身派对股票
89:865237,中型肿瘤
89:865238,生物科技
89:865239,NBA股票
89:865240,美国食品公司
89:865241,休闲餐饮股票
89:865242,苏打水股票
89:865243,音乐股票
89:865244,NFL股票
89:865245,鞋子股票
89:865246,电子游戏股票
89:865247,VR股票
89:865248,快速消费品股票
89:865249,航运概念
89:865250,酒类股
89:865251,TaaS概念
89:865252,低成本航空
89:865253,五巨头
89:865254,美国软件股
89:865255,对冲基金
89:865256,软件股票
89:865257,家族企业
89:865258,大型科技股票
89:865259,报纸股票
89:865260,新闻股票
89:865261,单一发行概念
89:865262,美国科技股
89:865263,动名词概念
89:865264,全球金融科技指数
89:865265,MAMAA
89:865266,大型软件公司
89:865268,低市值肿瘤
89:865269,美国卡车运输
U31F:0GUSDT.P,0G/Tether Perpetual
U31F:1000000CHEEMSUSDT.P,1000000*Cheems/Tether Perpetual
U31F:1000000MOGUSDT.P,1000000*Mog Coin/Tether Perpetual
U31F:1000000VINUUSDT.P,
U31F:10000COQUSDT.P,
U31F:10000ELONUSDT.P,
U31F:10000LADYSUSDT.P,
U31F:10000NFTUSDT.P,
U31F:10000QUBICUSDT.P,10000*Qubic/Tether Perpetual
U31F:10000SATSUSDT.P,10000*SATS/Tether Perpetual
U31F:10000WENUSDT.P,
U31F:10000WHYUSDT.P,
U31F:1000BONKUSDC.P,1000*Bonk/USDC Perpetual
U31F:1000BONKUSDT.P,1000*Bonk/Tether Perpetual
U31F:1000BTTUSDT.P,1000*BitTorrent/Tether Perpetual
U31F:1000CATUSDT.P,1000*Simon'sCat/Tether Perpetual
U31F:1000FLOKIUSDT.P,1000*FLOKI/Tether Perpetual
U31F:1000LUNCUSDT.P,1000*TerraClassic/Tether Perpetual
U31F:1000NEIROCTOUSDC.P,1000*Neiro/USDC Perpetual
U31F:1000NEIROCTOUSDT.P,1000*Neiro/Tether Perpetual
U31F:1000PEPEUSDC.P,1000*Pepe/USDC Perpetual
U31F:1000PEPEUSDT.P,1000*Pepe/Tether Perpetual
U31F:1000RATSUSDT.P,1000*rats/Tether Perpetual
U31F:1000SHIBUSDC.P,1000*Shiba Inu/USDC Perpetual
U31F:1000SHIBUSDT.P,1000*Shiba Inu/Tether Perpetual
U31F:1000TAGUSDT.P,1000*Tagger/Tether Perpetual
U31F:1000TOSHIUSDT.P,1000*Toshi/Tether Perpetual
U31F:1000TURBOUSDT.P,1000*Turbo/Tether Perpetual
U31F:1000XECUSDT.P,1000*eCash/Tether Perpetual
U31F:1000XUSDT.P,
U31F:1CATUSDT.P,
U31F:1INCHUSDT.P,1inch/Tether Perpetual
U31F:2ZUSDT.P,DoubleZero/Tether Perpetual
U31F:4USDT.P,4/Tether Perpetual
U31F:A2ZUSDT.P,
U31F:A8USDT.P,
U31F:AAVEUSD.P,Aave/US Dollar Perpetual
U31F:AAVEUSDC.P,Aave/USDC Perpetual
U31F:AAVEUSDT.P,Aave/Tether Perpetual
U31F:ACEUSDT.P,Fusionist/Tether Perpetual
U31F:ACHUSDT.P,Alchemy Pay/Tether Perpetual
U31F:ACTUSDT.P,Act I : The AI Prophecy/Tether Perpetual
U31F:ACUUSDT.P,Acurast/Tether Perpetual
U31F:ACXUSDT.P,Across Protocol/Tether Perpetual
U31F:ADAUSD.P,Cardano/US Dollar Perpetual
U31F:ADAUSDC.P,
U31F:ADAUSDT.P,Cardano/Tether Perpetual
U31F:AERGOUSDT.P,Aergo/Tether Perpetual
U31F:AEROUSDT.P,Aerodrome Finance/Tether Perpetual
U31F:AEVOUSDC.P,Aevo/USDC Perpetual
U31F:AEVOUSDT.P,Aevo/Tether Perpetual
U31F:AGIUSDT.P,Delysium/Tether Perpetual
U31F:AGLDUSDT.P,Adventure Gold/Tether Perpetual
U31F:AGTUSDT.P,
U31F:AI16ZUSDC.P,
U31F:AI16ZUSDT.P,
U31F:AIAUSDT.P,
U31F:AINUSDT.P,
U31F:AIOUSDT.P,OLAXBT/Tether Perpetual
U31F:AIOZUSDT.P,AIOZ Network/Tether Perpetual
U31F:AIUSDT.P,
U31F:AIXBTUSDT.P,aixbt/Tether Perpetual
U31F:AKEUSDT.P,AKEDO/Tether Perpetual
U31F:AKROUSDT.P,
U31F:AKTUSDT.P,Akash Network/Tether Perpetual
U31F:ALCHUSDT.P,Alchemist AI/Tether Perpetual
U31F:ALEOUSDT.P,
U31F:ALGOUSDT.P,Algorand/Tether Perpetual
U31F:ALICEUSDT.P,MyNeighborAlice/Tether Perpetual
U31F:ALLOUSDT.P,Allora/Tether Perpetual
U31F:ALPACAUSDT.P,
U31F:ALPHAUSDT.P,
U31F:ALPINEUSDT.P,Alpine F1 Team Fan Token/Tether Perpetual
U31F:ALTUSDT.P,Altlayer/Tether Perpetual
U31F:ALUUSDT.P,
U31F:AMBUSDT.P,
U31F:ANCUSDT.P,
U31F:ANIMEUSDT.P,Animecoin/Tether Perpetual
U31F:ANKRUSDT.P,Ankr/Tether Perpetual
U31F:APEUSDC.P,
U31F:APEUSDT.P,ApeCoin/Tether Perpetual
U31F:APEXUSDT.P,ApeX Protocol/Tether Perpetual
U31F:API3USDT.P,API3/Tether Perpetual
U31F:APRUSDT.P,aPriori/Tether Perpetual
U31F:APTUSD.P,Aptos/US Dollar Perpetual
U31F:APTUSDC.P,
U31F:APTUSDT.P,Aptos/Tether Perpetual
U31F:ARBUSDC.P,Arbitrum/USDC Perpetual
U31F:ARBUSDT.P,Arbitrum/Tether Perpetual
U31F:ARCUSDT.P,AI Rig Complex/Tether Perpetual
U31F:ARIAUSDT.P,AriaAI/Tether Perpetual
U31F:ARKMUSDT.P,Arkham/Tether Perpetual
U31F:ARKUSDT.P,Ark/Tether Perpetual
U31F:ARPAUSDT.P,ARPA/Tether Perpetual
U31F:ARUSDT.P,Arweave/Tether Perpetual
U31F:ASPUSDT.P,Aspecta/Tether Perpetual
U31F:ASRUSDT.P,AS Roma Fan Token/Tether Perpetual
U31F:ASTERUSDC.P,Aster/USDC Perpetual
U31F:ASTERUSDT.P,Aster/Tether Perpetual
U31F:ASTRUSDT.P,Astar/Tether Perpetual
U31F:ATAUSDT.P,
U31F:ATHUSDT.P,Aethir/Tether Perpetual
U31F:ATOMUSDC.P,
U31F:ATOMUSDT.P,Cosmos/Tether Perpetual
U31F:ATUSDT.P,APRO/Tether Perpetual
U31F:AUCTIONUSDT.P,Bounce Token/Tether Perpetual
U31F:AUDIOUSDT.P,
U31F:AUSDT.P,Vaulta/Tether Perpetual
U31F:AVAAIUSDT.P,avaai.top/Tether Perpetual
U31F:AVAILUSDT.P,
U31F:AVAUSDT.P,AVA/Tether Perpetual
U31F:AVAXUSD.P,Avalanche/US Dollar Perpetual
U31F:AVAXUSDC.P,
U31F:AVAXUSDT.P,Avalanche/Tether Perpetual
U31F:AVLUSDT.P,Avalon Labs/Tether Perpetual
U31F:AVNTUSDT.P,Avantis/Tether Perpetual
U31F:AWEUSDT.P,AWE/Tether Perpetual
U31F:AXLUSDT.P,Axelar/Tether Perpetual
U31F:AXSUSDT.P,Axie Infinity/Tether Perpetual
U31F:AZTECUSDT.P,Aztec/Tether Perpetual
U31F:B2USDT.P,BSquaredNetwork/Tether Perpetual
U31F:B3USDT.P,B3/Tether Perpetual
U31F:BABYUSDT.P,Babylon/Tether Perpetual
U31F:BADGERUSDT.P,
U31F:BAKEUSDT.P,
U31F:BALUSDT.P,
U31F:BANANAS31USDT.P,BananaForScale/Tether Perpetual
U31F:BANANAUSDT.P,Banana Gun/Tether Perpetual
U31F:BANDUSDT.P,Band/Tether Perpetual
U31F:BANKUSDT.P,Lorenzo Protocol/Tether Perpetual
U31F:BANUSDT.P,Comedian/Tether Perpetual
U31F:BARDUSDT.P,Lombard/Tether Perpetual
U31F:BATUSDT.P,Basic Attention Token/Tether Perpetual
U31F:BBUSDT.P,BounceBit/Tether Perpetual
U31F:BCHUSD.P,BitcoinCash/US Dollar Perpetual
U31F:BCHUSDC.P,Bitcoin Cash/USDC Perpetual
U31F:BCHUSDT.P,Bitcoin Cash/Tether Perpetual
U31F:BDXNUSDT.P,
U31F:BEAMUSDT.P,Beam/Tether Perpetual
U31F:BEATUSDT.P,Audiera/Tether Perpetual
U31F:BELUSDT.P,Bella Protocol/Tether Perpetual
U31F:BERAUSDT.P,Berachain/Tether Perpetual
U31F:BICOUSDT.P,Biconomy/Tether Perpetual
U31F:BIGTIMEUSDT.P,Big Time/Tether Perpetual
U31F:BIOUSDT.P,Bio Protocol/Tether Perpetual
U31F:BIRBUSDT.P,Moonbirds/Tether Perpetual
U31F:BLASTUSDT.P,Blast/Tether Perpetual
U31F:BLESSUSDT.P,Bless/Tether Perpetual
U31F:BLUAIUSDT.P,Bluwhale/Tether Perpetual
U31F:BLURUSDT.P,Blur/Tether Perpetual
U31F:BLZUSDT.P,
U31F:BMTUSDT.P,Bubblemaps/Tether Perpetual
U31F:BNBUSDC.P,BNB/USDC Perpetual
U31F:BNBUSDT.P,BNB/Tether Perpetual
U31F:BNTUSDT.P,Bancor/Tether Perpetual
U31F:BNXUSDT.P,
U31F:BOBAUSDT.P,Boba Network/Tether Perpetual
U31F:BOBBOBUSDT.P,BOB/Tether Perpetual
U31F:BOMEUSDT.P,BOOK OF MEME/Tether Perpetual
U31F:BONDUSDT.P,
U31F:BRETTUSDT.P,Brett/Tether Perpetual
U31F:BREVUSDT.P,Brevis/Tether Perpetual
U31F:BROCCOLIUSDT.P,CZ's Dog/Tether Perpetual
U31F:BRUSDT.P,Bedrock/Tether Perpetual
U31F:BSUUSDT.P,Baby Shark Universe/Tether Perpetual
U31F:BSVUSDT.P,Bitcoin SV/Tether Perpetual
U31F:BSWUSDT.P,
U31F:BTCUSD.210625,
U31F:BTCUSD.210924,
U31F:BTCUSD.211231,
U31F:BTCUSD.220325,
U31F:BTCUSD.220624,
U31F:BTCUSD.220930,
U31F:BTCUSD.221230,
U31F:BTCUSD.230331,
U31F:BTCUSD.230630,
U31F:BTCUSD.230929,
U31F:BTCUSD.231229,
U31F:BTCUSD.240329,
U31F:BTCUSD.240628,
U31F:BTCUSD.240927,
U31F:BTCUSD.241227,
U31F:BTCUSD.250328,
U31F:BTCUSD.250627,
U31F:BTCUSD.250926,
U31F:BTCUSD.251226,
U31F:BTCUSD.260327,Bitcoin/US Dollar (Mar 2026)
U31F:BTCUSD.260626,Bitcoin/US Dollar (Jun 2026)
U31F:BTCUSD.260925,Bitcoin/US Dollar (Sep 2026)
U31F:BTCUSD.P,Bitcoin/US Dollar Perpetual
U31F:BTCUSDC.230331,
U31F:BTCUSDC.230407,
U31F:BTCUSDC.230414,
U31F:BTCUSDC.230421,
U31F:BTCUSDC.230428,
U31F:BTCUSDC.230505,
U31F:BTCUSDC.230512,
U31F:BTCUSDC.230519,
U31F:BTCUSDC.230526,
U31F:BTCUSDC.230602,
U31F:BTCUSDC.230609,
U31F:BTCUSDC.230616,
U31F:BTCUSDC.230623,
U31F:BTCUSDC.230630,
U31F:BTCUSDC.230707,
U31F:BTCUSDC.230714,
U31F:BTCUSDC.230721,
U31F:BTCUSDC.230728,
U31F:BTCUSDC.230804,
U31F:BTCUSDC.230811,
U31F:BTCUSDC.230818,
U31F:BTCUSDC.230825,
U31F:BTCUSDC.230901,
U31F:BTCUSDC.230908,
U31F:BTCUSDC.230915,
U31F:BTCUSDC.230922,
U31F:BTCUSDC.230929,
U31F:BTCUSDC.231006,
U31F:BTCUSDC.231013,
U31F:BTCUSDC.231020,
U31F:BTCUSDC.231027,
U31F:BTCUSDC.231103,
U31F:BTCUSDC.231110,
U31F:BTCUSDC.231117,
U31F:BTCUSDC.231124,
U31F:BTCUSDC.231201,
U31F:BTCUSDC.231208,
U31F:BTCUSDC.231215,
U31F:BTCUSDC.231222,
U31F:BTCUSDC.231229,
U31F:BTCUSDC.240105,
U31F:BTCUSDC.240112,
U31F:BTCUSDC.240119,
U31F:BTCUSDC.240126,
U31F:BTCUSDC.240202,
U31F:BTCUSDC.240209,
U31F:BTCUSDC.240216,
U31F:BTCUSDC.240223,
U31F:BTCUSDC.240301,
U31F:BTCUSDC.240308,
U31F:BTCUSDC.240315,
U31F:BTCUSDC.240322,
U31F:BTCUSDC.240329,
U31F:BTCUSDC.240405,
U31F:BTCUSDC.240412,
U31F:BTCUSDC.240419,
U31F:BTCUSDC.240426,
U31F:BTCUSDC.240503,
U31F:BTCUSDC.240510,
U31F:BTCUSDC.240517,
U31F:BTCUSDC.240524,
U31F:BTCUSDC.240531,
U31F:BTCUSDC.240607,
U31F:BTCUSDC.240614,
U31F:BTCUSDC.240621,
U31F:BTCUSDC.240628,
U31F:BTCUSDC.240705,
U31F:BTCUSDC.240712,
U31F:BTCUSDC.240719,
U31F:BTCUSDC.240726,
U31F:BTCUSDC.240802,
U31F:BTCUSDC.240809,
U31F:BTCUSDC.240816,
U31F:BTCUSDC.240823,
U31F:BTCUSDC.240830,
U31F:BTCUSDC.240906,
U31F:BTCUSDC.240913,
U31F:BTCUSDC.240920,
U31F:BTCUSDC.240927,
U31F:BTCUSDC.241004,
U31F:BTCUSDC.241011,
U31F:BTCUSDC.241018,
U31F:BTCUSDC.241025,
U31F:BTCUSDC.241101,
U31F:BTCUSDC.241108,
U31F:BTCUSDC.241115,
U31F:BTCUSDC.241122,
U31F:BTCUSDC.241129,
U31F:BTCUSDC.241206,
U31F:BTCUSDC.241213,
U31F:BTCUSDC.241220,
U31F:BTCUSDC.241227,
U31F:BTCUSDC.250103,
U31F:BTCUSDC.250110,
U31F:BTCUSDC.250117,
U31F:BTCUSDC.250124,
U31F:BTCUSDC.250131,
U31F:BTCUSDC.250207,
U31F:BTCUSDC.250214,
U31F:BTCUSDC.250221,
U31F:BTCUSDC.250228,
U31F:BTCUSDC.250307,
U31F:BTCUSDC.250314,
U31F:BTCUSDC.250328,
U31F:BTCUSDC.250425,
U31F:BTCUSDC.250627,
U31F:BTCUSDC.250926,
U31F:BTCUSDC.251226,
U31F:BTCUSDC.P,Bitcoin/USDC Perpetual
U31F:BTCUSDT.250321,
U31F:BTCUSDT.250404,
U31F:BTCUSDT.250411,
U31F:BTCUSDT.250418,
U31F:BTCUSDT.250425,
U31F:BTCUSDT.250502,
U31F:BTCUSDT.250509,
U31F:BTCUSDT.250516,
U31F:BTCUSDT.250523,
U31F:BTCUSDT.250530,
U31F:BTCUSDT.250606,
U31F:BTCUSDT.250613,
U31F:BTCUSDT.250620,
U31F:BTCUSDT.250627,
U31F:BTCUSDT.250704,
U31F:BTCUSDT.250711,
U31F:BTCUSDT.250718,
U31F:BTCUSDT.250725,
U31F:BTCUSDT.250801,
U31F:BTCUSDT.250808,
U31F:BTCUSDT.250815,
U31F:BTCUSDT.250822,
U31F:BTCUSDT.250829,
U31F:BTCUSDT.250905,
U31F:BTCUSDT.250912,
U31F:BTCUSDT.250919,
U31F:BTCUSDT.250926,
U31F:BTCUSDT.251003,
U31F:BTCUSDT.251010,
U31F:BTCUSDT.251017,
U31F:BTCUSDT.251024,
U31F:BTCUSDT.251031,
U31F:BTCUSDT.251107,
U31F:BTCUSDT.251114,
U31F:BTCUSDT.251121,
U31F:BTCUSDT.251128,
U31F:BTCUSDT.251205,
U31F:BTCUSDT.251212,
U31F:BTCUSDT.251219,
U31F:BTCUSDT.251226,
U31F:BTCUSDT.260102,
U31F:BTCUSDT.260109,
U31F:BTCUSDT.260116,
U31F:BTCUSDT.260123,
U31F:BTCUSDT.260130,
U31F:BTCUSDT.260206,
U31F:BTCUSDT.260213,
U31F:BTCUSDT.260220,
U31F:BTCUSDT.260227,
U31F:BTCUSDT.260306,
U31F:BTCUSDT.260313,
U31F:BTCUSDT.260320,Bitcoin/Tether (Mar 2026)
U31F:BTCUSDT.260327,Bitcoin/Tether (Mar 2026)
U31F:BTCUSDT.260403,Bitcoin/Tether (Apr 2026)
U31F:BTCUSDT.260424,Bitcoin/Tether (Apr 2026)
U31F:BTCUSDT.260529,Bitcoin/Tether (May 2026)
U31F:BTCUSDT.260626,Bitcoin/Tether (Jun 2026)
U31F:BTCUSDT.260925,Bitcoin/Tether (Sep 2026)
U31F:BTCUSDT.261225,Bitcoin/Tether (Dec 2026)
U31F:BTCUSDT.P,Bitcoin/Tether Perpetual
U31F:BTRUSDT.P,Bitlayer/Tether Perpetual
U31F:BTTUSDT.P,
U31F:BUSDT.P,BUILDon/Tether Perpetual
U31F:C98USDT.P,Coin98/Tether Perpetual
U31F:CAKEUSDT.P,PancakeSwap/Tether Perpetual
U31F:CAMPUSDT.P,Camp Network/Tether Perpetual
U31F:CARVUSDT.P,CARV/Tether Perpetual
U31F:CATIUSDT.P,Catizen/Tether Perpetual
U31F:CCUSDT.P,Canton Network/Tether Perpetual
U31F:CELOUSDT.P,Celo/Tether Perpetual
U31F:CELRUSDT.P,
U31F:CETUSUSDT.P,Cetus Protocol/Tether Perpetual
U31F:CFGUSDT.P,Centrifuge/Tether Perpetual
U31F:CFXUSDT.P,Conflux/Tether Perpetual
U31F:CGPTUSDT.P,ChainGPT/Tether Perpetual
U31F:CHESSUSDT.P,
U31F:CHILLGUYUSDT.P,Just a chill guy/Tether Perpetual
U31F:CHRUSDT.P,Chromia/Tether Perpetual
U31F:CHZUSDC.P,
U31F:CHZUSDT.P,Chiliz/Tether Perpetual
U31F:CKBUSDT.P,Nervos Network/Tether Perpetual
U31F:CLANKERUSDT.P,tokenbot/Tether Perpetual
U31F:CLOUDUSDT.P,Cloud/Tether Perpetual
U31F:CLOUSDT.P,Yei Finance/Tether Perpetual
U31F:COAIUSDT.P,ChainOpera AI/Tether Perpetual
U31F:COMBOUSDT.P,
U31F:COMMONUSDT.P,
U31F:COMPUSDT.P,Compound/Tether Perpetual
U31F:COOKIEUSDT.P,Cookie DAO/Tether Perpetual
U31F:COOKUSDT.P,Cook Finance/Tether Perpetual
U31F:COREUSDT.P,Core/Tether Perpetual
U31F:COSUSDT.P,
U31F:COTIUSDT.P,COTI/Tether Perpetual
U31F:COWUSDT.P,CoW Protocol/Tether Perpetual
U31F:CPOOLUSDT.P,
U31F:CROSSUSDT.P,CROSS/Tether Perpetual
U31F:CROUSDT.P,Cronos/Tether Perpetual
U31F:CRVUSDC.P,Curve DAO Token/USDC Perpetual
U31F:CRVUSDT.P,Curve DAO Token/Tether Perpetual
U31F:CTCUSDT.P,Creditcoin/Tether Perpetual
U31F:CTKUSDT.P,Shentu/Tether Perpetual
U31F:CTSIUSDT.P,
U31F:CUDISUSDT.P,
U31F:CUSDT.P,Chainbase/Tether Perpetual
U31F:CVCUSDT.P,Civic/Tether Perpetual
U31F:CVXUSDT.P,Convex Finance/Tether Perpetual
U31F:CYBERUSDT.P,Cyber/Tether Perpetual
U31F:CYSUSDT.P,Cysic/Tether Perpetual
U31F:DAMUSDT.P,
U31F:DASHUSDT.P,Dash/Tether Perpetual
U31F:DATAUSDT.P,
U31F:DBRUSDT.P,deBridge/Tether Perpetual
U31F:DEEPUSDT.P,DeepBook Protocol/Tether Perpetual
U31F:DEGENUSDT.P,Degen/Tether Perpetual
U31F:DENTUSDT.P,
U31F:DEXEUSDT.P,DeXe/Tether Perpetual
U31F:DGBUSDT.P,
U31F:DIAUSDT.P,DIA/Tether Perpetual
U31F:DMCUSDT.P,
U31F:DODOUSDT.P,
U31F:DOGEUSD.P,Dogecoin/US Dollar Perpetual
U31F:DOGEUSDC.P,Dogecoin/USDC Perpetual
U31F:DOGEUSDT.251031,
U31F:DOGEUSDT.251107,
U31F:DOGEUSDT.251114,
U31F:DOGEUSDT.251121,
U31F:DOGEUSDT.251128,
U31F:DOGEUSDT.251205,
U31F:DOGEUSDT.251212,
U31F:DOGEUSDT.251219,
U31F:DOGEUSDT.251226,
U31F:DOGEUSDT.260102,
U31F:DOGEUSDT.260109,
U31F:DOGEUSDT.260116,
U31F:DOGEUSDT.260123,
U31F:DOGEUSDT.260130,
U31F:DOGEUSDT.260206,
U31F:DOGEUSDT.260213,
U31F:DOGEUSDT.260220,
U31F:DOGEUSDT.260227,
U31F:DOGEUSDT.260306,
U31F:DOGEUSDT.260313,
U31F:DOGEUSDT.260320,Dogecoin/Tether (Mar 2026)
U31F:DOGEUSDT.260327,Dogecoin/Tether (Mar 2026)
U31F:DOGEUSDT.260403,Dogecoin/Tether (Apr 2026)
U31F:DOGEUSDT.260424,Dogecoin/Tether (Apr 2026)
U31F:DOGEUSDT.P,Dogecoin/Tether Perpetual
U31F:DOGSUSDT.P,
U31F:DOGUSDT.P,Dog/Tether Perpetual
U31F:DOLOUSDT.P,Dolomite/Tether Perpetual
U31F:DOODUSDT.P,Doodles/Tether Perpetual
U31F:DOTUSD.P,Polkadot/US Dollar Perpetual
U31F:DOTUSDC.P,Polkadot/USDC Perpetual
U31F:DOTUSDT.P,Polkadot/Tether Perpetual
U31F:DRIFTUSDT.P,Drift/Tether Perpetual
U31F:DUSKUSDT.P,Dusk/Tether Perpetual
U31F:DYDXUSDT.P,dYdX/Tether Perpetual
U31F:DYMUSDT.P,Dymension/Tether Perpetual
U31F:EDENUSDT.P,OpenEden/Tether Perpetual
U31F:EDUUSDT.P,Open Campus/Tether Perpetual
U31F:EGLDUSDT.P,MultiversX/Tether Perpetual
U31F:EIGENUSDC.P,EigenCloud/USDC Perpetual
U31F:EIGENUSDT.P,EigenLayer/Tether Perpetual
U31F:ELSAUSDT.P,HeyElsa/Tether Perpetual
U31F:ELXUSDT.P,
U31F:ENAUSDC.P,Ethena/USDC Perpetual
U31F:ENAUSDT.P,Ethena/Tether Perpetual
U31F:ENJUSDT.P,Enjin Coin/Tether Perpetual
U31F:ENSOUSDT.P,Enso/Tether Perpetual
U31F:ENSUSDT.P,Ethereum Name Service/Tether Perpetual
U31F:EOSUSD.P,
U31F:EOSUSDC.P,
U31F:EOSUSDT.P,
U31F:EPICUSDT.P,Epic Chain/Tether Perpetual
U31F:EPTUSDT.P,
U31F:ERAUSDT.P,Caldera/Tether Perpetual
U31F:ESPORTSUSDT.P,Yooldo/Tether Perpetual
U31F:ESPUSDT.P,Espresso/Tether Perpetual
U31F:ESUSDT.P,Eclipse/Tether Perpetual
U31F:ETCUSD.P,EthereumClassic/US Dollar Perpetual
U31F:ETCUSDC.P,Ethereum Classic/USDC Perpetual
U31F:ETCUSDT.P,Ethereum Classic/Tether Perpetual
U31F:ETHFIUSDC.P,ether.fi/USDC Perpetual
U31F:ETHFIUSDT.P,ether.fi/Tether Perpetual
U31F:ETHUSD.210625,
U31F:ETHUSD.210924,
U31F:ETHUSD.211231,
U31F:ETHUSD.220325,
U31F:ETHUSD.220624,
U31F:ETHUSD.220930,
U31F:ETHUSD.221230,
U31F:ETHUSD.230331,
U31F:ETHUSD.230630,
U31F:ETHUSD.230929,
U31F:ETHUSD.231229,
U31F:ETHUSD.240329,
U31F:ETHUSD.240628,
U31F:ETHUSD.240927,
U31F:ETHUSD.241227,
U31F:ETHUSD.250328,
U31F:ETHUSD.250627,
U31F:ETHUSD.250926,
U31F:ETHUSD.251226,
U31F:ETHUSD.260327,Ethereum/US Dollar (Mar 2026)
U31F:ETHUSD.260626,Ethereum/US Dollar (Jun 2026)
U31F:ETHUSD.260925,Ethereum/US Dollar (Sep 2026)
U31F:ETHUSD.P,Ethereum/US Dollar Perpetual
U31F:ETHUSDC.230331,
U31F:ETHUSDC.230407,
U31F:ETHUSDC.230414,
U31F:ETHUSDC.230421,
U31F:ETHUSDC.230428,
U31F:ETHUSDC.230505,
U31F:ETHUSDC.230512,
U31F:ETHUSDC.230519,
U31F:ETHUSDC.230526,
U31F:ETHUSDC.230602,
U31F:ETHUSDC.230609,
U31F:ETHUSDC.230616,
U31F:ETHUSDC.230623,
U31F:ETHUSDC.230630,
U31F:ETHUSDC.230707,
U31F:ETHUSDC.230714,
U31F:ETHUSDC.230721,
U31F:ETHUSDC.230728,
U31F:ETHUSDC.230804,
U31F:ETHUSDC.230811,
U31F:ETHUSDC.230818,
U31F:ETHUSDC.230825,
U31F:ETHUSDC.230901,
U31F:ETHUSDC.230908,
U31F:ETHUSDC.230915,
U31F:ETHUSDC.230922,
U31F:ETHUSDC.230929,
U31F:ETHUSDC.231006,
U31F:ETHUSDC.231013,
U31F:ETHUSDC.231020,
U31F:ETHUSDC.231027,
U31F:ETHUSDC.231103,
U31F:ETHUSDC.231110,
U31F:ETHUSDC.231117,
U31F:ETHUSDC.231124,
U31F:ETHUSDC.231201,
U31F:ETHUSDC.231208,
U31F:ETHUSDC.231215,
U31F:ETHUSDC.231222,
U31F:ETHUSDC.231229,
U31F:ETHUSDC.240105,
U31F:ETHUSDC.240112,
U31F:ETHUSDC.240119,
U31F:ETHUSDC.240126,
U31F:ETHUSDC.240202,
U31F:ETHUSDC.240209,
U31F:ETHUSDC.240216,
U31F:ETHUSDC.240223,
U31F:ETHUSDC.240301,
U31F:ETHUSDC.240308,
U31F:ETHUSDC.240315,
U31F:ETHUSDC.240322,
U31F:ETHUSDC.240329,
U31F:ETHUSDC.240405,
U31F:ETHUSDC.240412,
U31F:ETHUSDC.240419,
U31F:ETHUSDC.240426,
U31F:ETHUSDC.240503,
U31F:ETHUSDC.240510,
U31F:ETHUSDC.240517,
U31F:ETHUSDC.240524,
U31F:ETHUSDC.240531,
U31F:ETHUSDC.240607,
U31F:ETHUSDC.240614,
U31F:ETHUSDC.240621,
U31F:ETHUSDC.240628,
U31F:ETHUSDC.240705,
U31F:ETHUSDC.240712,
U31F:ETHUSDC.240719,
U31F:ETHUSDC.240726,
U31F:ETHUSDC.240802,
U31F:ETHUSDC.240809,
U31F:ETHUSDC.240816,
U31F:ETHUSDC.240823,
U31F:ETHUSDC.240830,
U31F:ETHUSDC.240906,
U31F:ETHUSDC.240913,
U31F:ETHUSDC.240920,
U31F:ETHUSDC.240927,
U31F:ETHUSDC.241004,
U31F:ETHUSDC.241011,
U31F:ETHUSDC.241018,
U31F:ETHUSDC.241025,
U31F:ETHUSDC.241101,
U31F:ETHUSDC.241108,
U31F:ETHUSDC.241115,
U31F:ETHUSDC.241122,
U31F:ETHUSDC.241129,
U31F:ETHUSDC.241206,
U31F:ETHUSDC.241213,
U31F:ETHUSDC.241220,
U31F:ETHUSDC.241227,
U31F:ETHUSDC.250103,
U31F:ETHUSDC.250110,
U31F:ETHUSDC.250117,
U31F:ETHUSDC.250124,
U31F:ETHUSDC.250131,
U31F:ETHUSDC.250207,
U31F:ETHUSDC.250214,
U31F:ETHUSDC.250221,
U31F:ETHUSDC.250228,
U31F:ETHUSDC.250307,
U31F:ETHUSDC.250314,
U31F:ETHUSDC.250328,
U31F:ETHUSDC.250425,
U31F:ETHUSDC.250627,
U31F:ETHUSDC.250926,
U31F:ETHUSDC.251226,
U31F:ETHUSDC.P,Ethereum/USDC Perpetual
U31F:ETHUSDT.250321,
U31F:ETHUSDT.250404,
U31F:ETHUSDT.250411,
U31F:ETHUSDT.250418,
U31F:ETHUSDT.250425,
U31F:ETHUSDT.250502,
U31F:ETHUSDT.250509,
U31F:ETHUSDT.250516,
U31F:ETHUSDT.250523,
U31F:ETHUSDT.250530,
U31F:ETHUSDT.250606,
U31F:ETHUSDT.250613,
U31F:ETHUSDT.250620,
U31F:ETHUSDT.250627,
U31F:ETHUSDT.250704,
U31F:ETHUSDT.250711,
U31F:ETHUSDT.250718,
U31F:ETHUSDT.250725,
U31F:ETHUSDT.250801,
U31F:ETHUSDT.250808,
U31F:ETHUSDT.250815,
U31F:ETHUSDT.250822,
U31F:ETHUSDT.250829,
U31F:ETHUSDT.250905,
U31F:ETHUSDT.250912,
U31F:ETHUSDT.250919,
U31F:ETHUSDT.250926,
U31F:ETHUSDT.251003,
U31F:ETHUSDT.251010,
U31F:ETHUSDT.251017,
U31F:ETHUSDT.251024,
U31F:ETHUSDT.251031,
U31F:ETHUSDT.251107,
U31F:ETHUSDT.251114,
U31F:ETHUSDT.251121,
U31F:ETHUSDT.251128,
U31F:ETHUSDT.251205,
U31F:ETHUSDT.251212,
U31F:ETHUSDT.251219,
U31F:ETHUSDT.251226,
U31F:ETHUSDT.260102,
U31F:ETHUSDT.260109,
U31F:ETHUSDT.260116,
U31F:ETHUSDT.260123,
U31F:ETHUSDT.260130,
U31F:ETHUSDT.260206,
U31F:ETHUSDT.260213,
U31F:ETHUSDT.260220,
U31F:ETHUSDT.260227,
U31F:ETHUSDT.260306,
U31F:ETHUSDT.260313,
U31F:ETHUSDT.260320,Ethereum/Tether (Mar 2026)
U31F:ETHUSDT.260327,Ethereum/Tether (Mar 2026)
U31F:ETHUSDT.260403,Ethereum/Tether (Apr 2026)
U31F:ETHUSDT.260424,Ethereum/Tether (Apr 2026)
U31F:ETHUSDT.260529,Ethereum/Tether (May 2026)
U31F:ETHUSDT.260626,Ethereum/Tether (Jun 2026)
U31F:ETHUSDT.260925,Ethereum/Tether (Sep 2026)
U31F:ETHUSDT.261225,Ethereum/Tether (Dec 2026)
U31F:ETHUSDT.P,Ethereum/Tether Perpetual
U31F:ETHWUSDT.P,
U31F:EULUSDT.P,Euler/Tether Perpetual
U31F:EVAAUSDT.P,EVAA Protocol/Tether Perpetual
U31F:FARTCOINUSDC.P,Fartcoin/USDC Perpetual
U31F:FARTCOINUSDT.P,Fartcoin/Tether Perpetual
U31F:FDUSDUSDT.P,
U31F:FETUSDT.P,
U31F:FFUSDT.P,Falcon Finance/Tether Perpetual
U31F:FHEUSDT.P,
U31F:FIDAUSDT.P,Bonfida/Tether Perpetual
U31F:FIGHTUSDT.P,FIGHT/Tether Perpetual
U31F:FILUSD.P,Filecoin/US Dollar Perpetual
U31F:FILUSDC.P,Filecoin/USDC Perpetual
U31F:FILUSDT.P,Filecoin/Tether Perpetual
U31F:FIOUSDT.P,FIO Protocol/Tether Perpetual
U31F:FISUSDT.P,
U31F:FITFIUSDT.P,
U31F:FLMUSDT.P,
U31F:FLOCKUSDT.P,FLock.io/Tether Perpetual
U31F:FLOWUSDT.P,Flow/Tether Perpetual
U31F:FLRUSDT.P,Flare/Tether Perpetual
U31F:FLUIDUSDT.P,Fluid/Tether Perpetual
U31F:FLUXUSDT.P,Flux/Tether Perpetual
U31F:FOGOUSDT.P,Fogo/Tether Perpetual
U31F:FOLKSUSDT.P,Folks Finance/Tether Perpetual
U31F:FORMUSDT.P,Four/Tether Perpetual
U31F:FORTHUSDT.P,
U31F:FOXYUSDT.P,
U31F:FRAGUSDT.P,
U31F:FTMUSDT.P,
U31F:FTTUSDT.P,
U31F:FUELUSDT.P,
U31F:FUNUSDT.P,
U31F:FUSDT.P,SynFutures/Tether Perpetual
U31F:FWOGUSDT.P,
U31F:FXSUSDT.P,
U31F:GALAUSDT.P,Gala/Tether Perpetual
U31F:GALUSDT.P,
U31F:GASUSDT.P,Gas/Tether Perpetual
U31F:GIGAUSDT.P,Gigachad/Tether Perpetual
U31F:GIGGLEUSDT.P,Giggle Fund/Tether Perpetual
U31F:GLMRUSDT.P,
U31F:GLMUSDT.P,Golem/Tether Perpetual
U31F:GMTUSDC.P,
U31F:GMTUSDT.P,GMT/Tether Perpetual
U31F:GMXUSDT.P,GMX/Tether Perpetual
U31F:GNOUSDT.P,Gnosis/Tether Perpetual
U31F:GOATUSDT.P,Goatseus Maximus/Tether Perpetual
U31F:GODSUSDT.P,Gods Unchained/Tether Perpetual
U31F:GPSUSDT.P,GoPlus Security/Tether Perpetual
U31F:GRASSUSDT.P,Grass/Tether Perpetual
U31F:GRIFFAINUSDT.P,GRIFFAIN/Tether Perpetual
U31F:GRTUSDT.P,The Graph/Tether Perpetual
U31F:GTCUSDT.P,
U31F:GUNUSDT.P,GUNZ/Tether Perpetual
U31F:GUSDT.P,
U31F:HAEDALUSDT.P,Haedal Protocol/Tether Perpetual
U31F:HANAUSDT.P,Hana Network/Tether Perpetual
U31F:HBARUSDC.P,Hedera/USDC Perpetual
U31F:HBARUSDT.P,Hedera/Tether Perpetual
U31F:HEIUSDT.P,Heima/Tether Perpetual
U31F:HEMIUSDT.P,Hemi/Tether Perpetual
U31F:HFTUSDT.P,Hashflow/Tether Perpetual
U31F:HIFIUSDT.P,
U31F:HIGHUSDT.P,Highstreet/Tether Perpetual
U31F:HIPPOUSDT.P,sudeng/Tether Perpetual
U31F:HIVEUSDT.P,Hive/Tether Perpetual
U31F:HMSTRUSDT.P,Hamster Kombat/Tether Perpetual
U31F:HNTUSDT.P,Helium/Tether Perpetual
U31F:HOLOUSDT.P,Holoworld AI/Tether Perpetual
U31F:HOMEUSDT.P,Defi App/Tether Perpetual
U31F:HOOKUSDT.P,Hooked Protocol/Tether Perpetual
U31F:HOTUSDT.P,
U31F:HPOS10IUSDT.P,HarryPotterObamaSonic10Inu/Tether Perpetual
U31F:HUMAUSDT.P,Huma Finance/Tether Perpetual
U31F:HUSDC.P,Humanity Protocol/USDC Perpetual
U31F:HUSDT.P,Humanity Protocol/Tether Perpetual
U31F:HYPERUSDT.P,Hyperlane/Tether Perpetual
U31F:HYPEUSDC.P,Hyperliquid/USDC Perpetual
U31F:HYPEUSDT.P,Hyperliquid/Tether Perpetual
U31F:ICNTUSDC.P,Impossible Cloud Network/USDC Perpetual
U31F:ICNTUSDT.P,Impossible Cloud Network/Tether Perpetual
U31F:ICPUSDC.P,Internet Computer/USDC Perpetual
U31F:ICPUSDT.P,Internet Computer/Tether Perpetual
U31F:ICXUSDT.P,ICON/Tether Perpetual
U31F:IDEXUSDT.P,
U31F:IDUSDT.P,SPACE ID/Tether Perpetual
U31F:ILVUSDT.P,Illuvium/Tether Perpetual
U31F:IMXUSDT.P,Immutable/Tether Perpetual
U31F:INITUSDT.P,Initia/Tether Perpetual
U31F:INJUSDC.P,Injective/USDC Perpetual
U31F:INJUSDT.P,Injective/Tether Perpetual
U31F:INUSDT.P,INFINIT/Tether Perpetual
U31F:INXUSDT.P,Infinex/Tether Perpetual
U31F:IOSTUSDT.P,IOST/Tether Perpetual
U31F:IOTAUSDT.P,IOTA/Tether Perpetual
U31F:IOTXUSDT.P,IoTeX/Tether Perpetual
U31F:IOUSDT.P,io.net/Tether Perpetual
U31F:IPUSDC.P,Story/USDC Perpetual
U31F:IPUSDT.P,Story/Tether Perpetual
U31F:IRYSUSDT.P,Irys/Tether Perpetual
U31F:JASMYUSDT.P,JasmyCoin/Tether Perpetual
U31F:JCTUSDT.P,Janction/Tether Perpetual
U31F:JELLYJELLYUSDT.P,Jelly-My-Jelly/Tether Perpetual
U31F:JOEUSDT.P,
U31F:JSTUSDT.P,JUST/Tether Perpetual
U31F:JTOUSDT.P,Jito/Tether Perpetual
U31F:JUPUSDT.P,Jupiter/Tether Perpetual
U31F:JUSDT.P,
U31F:KAIAUSDT.P,Kaia/Tether Perpetual
U31F:KAITOUSDT.P,KAITO/Tether Perpetual
U31F:KASUSDT.P,Kaspa/Tether Perpetual
U31F:KATUSDT.P,Katana Network/Tether Perpetual
U31F:KAVAUSDT.P,Kava/Tether Perpetual
U31F:KDAUSDT.P,
U31F:KERNELUSDT.P,KernelDAO/Tether Perpetual
U31F:KEYUSDT.P,
U31F:KGENUSDT.P,KGeN/Tether Perpetual
U31F:KITEUSDT.P,Kite/Tether Perpetual
U31F:KLAYUSDT.P,
U31F:KMNOUSDT.P,Kamino Finance/Tether Perpetual
U31F:KNCUSDT.P,Kyber Network Crystal v2/Tether Perpetual
U31F:KOMAUSDT.P,
U31F:KSMUSDT.P,Kusama/Tether Perpetual
U31F:KUSDT.P,
U31F:L3USDT.P,Layer3/Tether Perpetual
U31F:LABUSDT.P,LAB/Tether Perpetual
U31F:LAUSDT.P,Lagrange/Tether Perpetual
U31F:LAYERUSDT.P,
U31F:LDOUSDC.P,
U31F:LDOUSDT.P,Lido DAO/Tether Perpetual
U31F:LEVERUSDT.P,
U31F:LFTUSDT.P,
U31F:LIGHTUSDT.P,Bitlight/Tether Perpetual
U31F:LINAUSDT.P,
U31F:LINEAUSDT.P,Linea/Tether Perpetual
U31F:LINKUSD.P,Chainlink/US Dollar Perpetual
U31F:LINKUSDC.P,Chainlink/USDC Perpetual
U31F:LINKUSDT.P,Chainlink/Tether Perpetual
U31F:LISTAUSDT.P,Lista DAO/Tether Perpetual
U31F:LITUSDT.P,
U31F:LOOKSUSDT.P,
U31F:LOOMUSDT.P,
U31F:LPTUSDT.P,Livepeer/Tether Perpetual
U31F:LQTYUSDT.P,Liquity/Tether Perpetual
U31F:LRCUSDT.P,Loopring/Tether Perpetual
U31F:LSKUSDT.P,Lisk/Tether Perpetual
U31F:LTCUSD.P,Litecoin/US Dollar Perpetual
U31F:LTCUSDC.P,Litecoin/USDC Perpetual
U31F:LTCUSDT.P,Litecoin/Tether Perpetual
U31F:LTOUSDT.P,
U31F:LUMIAUSDT.P,Lumia/Tether Perpetual
U31F:LUNA2USDC.P,
U31F:LUNA2USDT.P,Terra/Tether Perpetual
U31F:LUNAUSD.P,
U31F:LUNAUSDT.P,
U31F:LYNUSDT.P,Everlyn AI/Tether Perpetual
U31F:MAGICUSDT.P,Treasure/Tether Perpetual
U31F:MAGMAUSDT.P,Magma Finance/Tether Perpetual
U31F:MAJORUSDT.P,
U31F:MANAUSD.P,
U31F:MANAUSDT.P,Decentraland/Tether Perpetual
U31F:MANTAUSDT.P,Manta Network/Tether Perpetual
U31F:MASAUSDT.P,
U31F:MASKUSDT.P,Mask Network/Tether Perpetual
U31F:MATICUSDC.P,
U31F:MATICUSDT.P,
U31F:MAVIAUSDT.P,Heroes of Mavia/Tether Perpetual
U31F:MAVUSDT.P,Maverick Protocol/Tether Perpetual
U31F:MBLUSDT.P,
U31F:MBOXUSDT.P,MOBOX/Tether Perpetual
U31F:MDTUSDT.P,
U31F:MEGAUSDT.P,MegaETH/Tether Perpetual
U31F:MELANIAUSDT.P,Official Melania Meme/Tether Perpetual
U31F:MEMEFIUSDT.P,
U31F:MEMEUSDT.P,Memecoin/Tether Perpetual
U31F:MERLUSDT.P,Merlin Chain/Tether Perpetual
U31F:METISUSDT.P,Metis/Tether Perpetual
U31F:METUSDT.P,Meteora/Tether Perpetual
U31F:MEUSDT.P,Magic Eden/Tether Perpetual
U31F:MEWUSDT.P,cat in a dogs world/Tether Perpetual
U31F:MILKUSDT.P,
U31F:MINAUSDT.P,Mina/Tether Perpetual
U31F:MIRAUSDT.P,Mira/Tether Perpetual
U31F:MITOUSDT.P,Mitosis/Tether Perpetual
U31F:MKRUSDT.P,
U31F:MLNUSDT.P,Enzyme/Tether Perpetual
U31F:MMTUSDT.P,Momentum/Tether Perpetual
U31F:MNTUSD.P,Mantle/US Dollar Perpetual
U31F:MNTUSDC.P,Mantle/USDC Perpetual
U31F:MNTUSDT.251031,
U31F:MNTUSDT.251107,
U31F:MNTUSDT.251114,
U31F:MNTUSDT.251121,
U31F:MNTUSDT.251128,
U31F:MNTUSDT.251205,
U31F:MNTUSDT.251212,
U31F:MNTUSDT.251219,
U31F:MNTUSDT.251226,
U31F:MNTUSDT.260102,
U31F:MNTUSDT.260109,
U31F:MNTUSDT.260116,
U31F:MNTUSDT.260123,
U31F:MNTUSDT.260130,
U31F:MNTUSDT.260206,
U31F:MNTUSDT.260213,
U31F:MNTUSDT.260220,
U31F:MNTUSDT.260227,
U31F:MNTUSDT.260306,
U31F:MNTUSDT.260313,
U31F:MNTUSDT.260320,Mantle/Tether (Mar 2026)
U31F:MNTUSDT.260327,Mantle/Tether (Mar 2026)
U31F:MNTUSDT.260403,Mantle/Tether (Apr 2026)
U31F:MNTUSDT.260424,Mantle/Tether (Apr 2026)
U31F:MNTUSDT.P,Mantle/Tether Perpetual
U31F:MOCAUSDT.P,Moca Network/Tether Perpetual
U31F:MONUSDT.P,
U31F:MOODENGUSDC.P,MooDeng/USDC Perpetual
U31F:MOODENGUSDT.P,MooDeng/Tether Perpetual
U31F:MORPHOUSDT.P,Morpho/Tether Perpetual
U31F:MOVEUSDT.P,Movement/Tether Perpetual
U31F:MOVRUSDT.P,Moonriver/Tether Perpetual
U31F:MTLUSDT.P,Metal DAO/Tether Perpetual
U31F:MUBARAKUSDT.P,Mubarak/Tether Perpetual
U31F:MUSDT.P,MemeCore/Tether Perpetual
U31F:MVLUSDT.P,
U31F:MYRIAUSDT.P,
U31F:MYROUSDT.P,
U31F:MYXUSDT.P,MYX Finance/Tether Perpetual
U31F:NAORISUSDT.P,Naoris Protocol/Tether Perpetual
U31F:NEARUSD.P,NEARProtocol/US Dollar Perpetual
U31F:NEARUSDC.P,
U31F:NEARUSDT.P,NEAR Protocol/Tether Perpetual
U31F:NEOUSDT.P,Neo/Tether Perpetual
U31F:NEWTUSDT.P,Newton Protocol/Tether Perpetual
U31F:NFPUSDT.P,NFPrompt/Tether Perpetual
U31F:NIGHTUSDT.P,Midnight/Tether Perpetual
U31F:NILUSDT.P,Nillion/Tether Perpetual
U31F:NKNUSDT.P,
U31F:NMRUSDT.P,Numeraire/Tether Perpetual
U31F:NOMUSDT.P,Nomina/Tether Perpetual
U31F:NOTUSDC.P,Notcoin/USDC Perpetual
U31F:NOTUSDT.P,Notcoin/Tether Perpetual
U31F:NSUSDT.P,
U31F:NTRNUSDT.P,Neutron/Tether Perpetual
U31F:NULSUSDT.P,
U31F:NXPCUSDT.P,NEXPACE/Tether Perpetual
U31F:OBOLUSDT.P,
U31F:OBTUSDT.P,
U31F:OCEANUSDT.P,
U31F:OGNUSDT.P,Origin Protocol/Tether Perpetual
U31F:OGUSDT.P,OG Fan Token/Tether Perpetual
U31F:OKBUSDT.P,OKB/Tether Perpetual
U31F:OLUSDT.P,Open Loot/Tether Perpetual
U31F:OMGUSDT.P,
U31F:OMNIUSDT.P,
U31F:OMUSDT.P,
U31F:ONDOUSDC.P,Ondo/USDC Perpetual
U31F:ONDOUSDT.P,Ondo/Tether Perpetual
U31F:ONEUSDT.P,Harmony/Tether Perpetual
U31F:ONGUSDT.P,Ontology Gas/Tether Perpetual
U31F:ONTUSDT.P,Ontology/Tether Perpetual
U31F:OPENUSDT.P,OpenLedger/Tether Perpetual
U31F:OPNUSDT.P,Opinion/Tether Perpetual
U31F:OPUSD.P,Optimism/US Dollar Perpetual
U31F:OPUSDC.P,Optimism/USDC Perpetual
U31F:OPUSDT.P,Optimism/Tether Perpetual
U31F:ORBSUSDT.P,Orbs/Tether Perpetual
U31F:ORCAUSDT.P,Orca/Tether Perpetual
U31F:ORDERUSDT.P,Orderly/Tether Perpetual
U31F:ORDIUSDC.P,ORDI/USDC Perpetual
U31F:ORDIUSDT.P,ORDI/Tether Perpetual
U31F:ORNUSDT.P,
U31F:OSMOUSDT.P,
U31F:OXTUSDT.P,Orchid/Tether Perpetual
U31F:PARTIUSDT.P,Particle Network/Tether Perpetual
U31F:PAXGUSDC.P,PAX Gold/USDC Perpetual
U31F:PAXGUSDT.P,PAX Gold/Tether Perpetual
U31F:PEAQUSDT.P,peaq/Tether Perpetual
U31F:PENDLEUSDC.P,Pendle/USDC Perpetual
U31F:PENDLEUSDT.P,Pendle/Tether Perpetual
U31F:PENGUUSDC.P,Pudgy Penguins/USDC Perpetual
U31F:PENGUUSDT.P,Pudgy Penguins/Tether Perpetual
U31F:PEOPLEUSDT.P,ConstitutionDAO/Tether Perpetual
U31F:PERPUSDT.P,
U31F:PHAUSDT.P,Phala Network/Tether Perpetual
U31F:PHBUSDT.P,
U31F:PIEVERSEUSDT.P,Pieverse/Tether Perpetual
U31F:PIGGYUSDT.P,
U31F:PIPPINUSDT.P,pippin/Tether Perpetual
U31F:PIRATEUSDT.P,
U31F:PIXELUSDT.P,Pixels/Tether Perpetual
U31F:PIXFIUSDT.P,
U31F:PLAYSOUTUSDT.P,PlaysOut/Tether Perpetual
U31F:PLUMEUSDT.P,Plume/Tether Perpetual
U31F:PNUTUSDC.P,Peanut the Squirrel/USDC Perpetual
U31F:PNUTUSDT.P,Peanut the Squirrel/Tether Perpetual
U31F:POLUSDC.P,Polygon/USDC Perpetual
U31F:POLUSDT.P,Polygon/Tether Perpetual
U31F:POLYXUSDT.P,Polymesh/Tether Perpetual
U31F:PONKEUSDT.P,Ponke/Tether Perpetual
U31F:POPCATUSDC.P,Popcat/USDC Perpetual
U31F:POPCATUSDT.P,Popcat/Tether Perpetual
U31F:PORTALUSDT.P,Portal/Tether Perpetual
U31F:POWERUSDT.P,Power Protocol/Tether Perpetual
U31F:POWRUSDT.P,Powerledger/Tether Perpetual
U31F:PRCLUSDT.P,
U31F:PRIMEUSDT.P,
U31F:PROMPTUSDT.P,Wayfinder/Tether Perpetual
U31F:PROMUSDT.P,Prom/Tether Perpetual
U31F:PROVEUSDT.P,Succinct/Tether Perpetual
U31F:PTBUSDT.P,Portal To Bitcoin/Tether Perpetual
U31F:PUFFERUSDT.P,Puffer/Tether Perpetual
U31F:PUMPBTCUSDT.P,PumpBTC/Tether Perpetual
U31F:PUMPFUNUSDC.P,Pump.fun/USDC Perpetual
U31F:PUMPFUNUSDT.P,Pump.fun/Tether Perpetual
U31F:PUMPUSDT.P,
U31F:PUNDIXUSDT.P,PundiX/Tether Perpetual
U31F:PYRUSDT.P,VulcanForged/Tether Perpetual
U31F:PYTHUSDT.P,Pyth Network/Tether Perpetual
U31F:QIUSDT.P,
U31F:QNTUSDT.P,Quant/Tether Perpetual
U31F:QTUMUSDT.P,Qtum/Tether Perpetual
U31F:QUICKUSDT.P,
U31F:QUSDT.P,Quack AI/Tether Perpetual
U31F:RADUSDT.P,
U31F:RAREUSDT.P,SuperRare/Tether Perpetual
U31F:RAVEUSDT.P,RaveDAO/Tether Perpetual
U31F:RAYDIUMUSDT.P,Raydium/Tether Perpetual
U31F:RAYUSDT.P,
U31F:RDNTUSDT.P,Radiant Capital/Tether Perpetual
U31F:RECALLUSDT.P,Recall/Tether Perpetual
U31F:REDUSDT.P,RedStone/Tether Perpetual
U31F:REEFUSDT.P,
U31F:RENDERUSDT.P,Render/Tether Perpetual
U31F:RENUSDT.P,
U31F:REQUSDT.P,Request/Tether Perpetual
U31F:RESOLVUSDC.P,Resolv/USDC Perpetual
U31F:RESOLVUSDT.P,Resolv/Tether Perpetual
U31F:REZUSDT.P,Renzo/Tether Perpetual
U31F:RIFUSDT.P,
U31F:RIVERUSDT.P,River/Tether Perpetual
U31F:RLCUSDT.P,iExec RLC/Tether Perpetual
U31F:RLSUSDT.P,Rayls/Tether Perpetual
U31F:RLUSDUSDT.P,Ripple USD/Tether Perpetual
U31F:ROAMUSDT.P,Roam/Tether Perpetual
U31F:ROBOUSDT.P,Fabric Protocol/Tether Perpetual
U31F:RONINUSDT.P,Ronin/Tether Perpetual
U31F:RONUSDT.P,
U31F:ROSEUSDT.P,Oasis/Tether Perpetual
U31F:RPLUSDT.P,Rocket Pool/Tether Perpetual
U31F:RSRUSDT.P,Reserve Rights/Tether Perpetual
U31F:RSS3USDT.P,
U31F:RUNEUSDT.P,THORChain/Tether Perpetual
U31F:RVNUSDT.P,Ravencoin/Tether Perpetual
U31F:SAFEUSDT.P,Safe/Tether Perpetual
U31F:SAGAUSDT.P,Saga/Tether Perpetual
U31F:SAHARAUSDC.P,Sahara AI/USDC Perpetual
U31F:SAHARAUSDT.P,Sahara AI/Tether Perpetual
U31F:SANDUSDC.P,
U31F:SANDUSDT.P,The Sandbox/Tether Perpetual
U31F:SAPIENUSDT.P,Sapien/Tether Perpetual
U31F:SAROSUSDT.P,
U31F:SCAUSDT.P,
U31F:SCRTUSDT.P,Secret/Tether Perpetual
U31F:SCRUSDT.P,Scroll/Tether Perpetual
U31F:SCUSDT.P,Siacoin/Tether Perpetual
U31F:SDUSDT.P,
U31F:SEIUSDC.P,Sei/USDC Perpetual
U31F:SEIUSDT.P,Sei/Tether Perpetual
U31F:SENDUSDT.P,
U31F:SENTUSDT.P,Sentient/Tether Perpetual
U31F:SERAPHUSDT.P,
U31F:SFPUSDT.P,SafePal/Tether Perpetual
U31F:SHELLUSDT.P,MyShell/Tether Perpetual
U31F:SIGNUSDT.P,Sign/Tether Perpetual
U31F:SIRENUSDT.P,siren/Tether Perpetual
U31F:SKATEUSDT.P,
U31F:SKLUSDT.P,SKALE/Tether Perpetual
U31F:SKRUSDT.P,Solana Mobile Seeker/Tether Perpetual
U31F:SKYAIUSDT.P,
U31F:SKYUSDT.P,Sky/Tether Perpetual
U31F:SLERFUSDT.P,
U31F:SLFUSDT.P,
U31F:SLPUSDT.P,Smooth Love Potion/Tether Perpetual
U31F:SNTUSDT.P,Status/Tether Perpetual
U31F:SNXUSDT.P,Synthetix/Tether Perpetual
U31F:SOLAYERUSDT.P,Solayer/Tether Perpetual
U31F:SOLOUSDT.P,
U31F:SOLUSD.P,Solana/US Dollar Perpetual
U31F:SOLUSDC.240614,
U31F:SOLUSDC.240621,
U31F:SOLUSDC.240628,
U31F:SOLUSDC.240705,
U31F:SOLUSDC.240712,
U31F:SOLUSDC.240719,
U31F:SOLUSDC.240726,
U31F:SOLUSDC.240802,
U31F:SOLUSDC.240809,
U31F:SOLUSDC.240816,
U31F:SOLUSDC.240823,
U31F:SOLUSDC.240830,
U31F:SOLUSDC.240906,
U31F:SOLUSDC.240913,
U31F:SOLUSDC.240920,
U31F:SOLUSDC.240927,
U31F:SOLUSDC.241004,
U31F:SOLUSDC.241011,
U31F:SOLUSDC.241018,
U31F:SOLUSDC.241025,
U31F:SOLUSDC.241101,
U31F:SOLUSDC.241108,
U31F:SOLUSDC.241115,
U31F:SOLUSDC.241122,
U31F:SOLUSDC.241129,
U31F:SOLUSDC.241206,
U31F:SOLUSDC.241213,
U31F:SOLUSDC.241220,
U31F:SOLUSDC.241227,
U31F:SOLUSDC.250103,
U31F:SOLUSDC.250110,
U31F:SOLUSDC.250117,
U31F:SOLUSDC.250124,
U31F:SOLUSDC.250131,
U31F:SOLUSDC.250207,
U31F:SOLUSDC.250214,
U31F:SOLUSDC.250221,
U31F:SOLUSDC.250228,
U31F:SOLUSDC.250307,
U31F:SOLUSDC.250314,
U31F:SOLUSDC.250328,
U31F:SOLUSDC.P,Solana/USDC Perpetual
U31F:SOLUSDT.250321,
U31F:SOLUSDT.250404,
U31F:SOLUSDT.250411,
U31F:SOLUSDT.250418,
U31F:SOLUSDT.250425,
U31F:SOLUSDT.250502,
U31F:SOLUSDT.250509,
U31F:SOLUSDT.250516,
U31F:SOLUSDT.250523,
U31F:SOLUSDT.250530,
U31F:SOLUSDT.250606,
U31F:SOLUSDT.250613,
U31F:SOLUSDT.250620,
U31F:SOLUSDT.250627,
U31F:SOLUSDT.250704,
U31F:SOLUSDT.250711,
U31F:SOLUSDT.250718,
U31F:SOLUSDT.250725,
U31F:SOLUSDT.250801,
U31F:SOLUSDT.250808,
U31F:SOLUSDT.250815,
U31F:SOLUSDT.250822,
U31F:SOLUSDT.250829,
U31F:SOLUSDT.250905,
U31F:SOLUSDT.250912,
U31F:SOLUSDT.250919,
U31F:SOLUSDT.250926,
U31F:SOLUSDT.251003,
U31F:SOLUSDT.251010,
U31F:SOLUSDT.251017,
U31F:SOLUSDT.251024,
U31F:SOLUSDT.251031,
U31F:SOLUSDT.251107,
U31F:SOLUSDT.251114,
U31F:SOLUSDT.251121,
U31F:SOLUSDT.251128,
U31F:SOLUSDT.251205,
U31F:SOLUSDT.251212,
U31F:SOLUSDT.251219,
U31F:SOLUSDT.251226,
U31F:SOLUSDT.260102,
U31F:SOLUSDT.260109,
U31F:SOLUSDT.260116,
U31F:SOLUSDT.260123,
U31F:SOLUSDT.260130,
U31F:SOLUSDT.260206,
U31F:SOLUSDT.260213,
U31F:SOLUSDT.260220,
U31F:SOLUSDT.260227,
U31F:SOLUSDT.260306,
U31F:SOLUSDT.260313,
U31F:SOLUSDT.260320,Solana/Tether (Mar 2026)
U31F:SOLUSDT.260327,Solana/Tether (Mar 2026)
U31F:SOLUSDT.260403,Solana/Tether (Apr 2026)
U31F:SOLUSDT.260424,Solana/Tether (Apr 2026)
U31F:SOLUSDT.P,Solana/Tether Perpetual
U31F:SOLVUSDT.P,Solv Protocol/Tether Perpetual
U31F:SOMIUSDT.P,Somnia/Tether Perpetual
U31F:SONICUSDT.P,Sonic SVM/Tether Perpetual
U31F:SOONUSDT.P,SOON/Tether Perpetual
U31F:SOPHUSDT.P,Sophon/Tether Perpetual
U31F:SOSOUSDT.P,SoSoValue/Tether Perpetual
U31F:SPACEUSDT.P,Spacecoin/Tether Perpetual
U31F:SPECUSDT.P,
U31F:SPELLUSDT.P,Spell Token/Tether Perpetual
U31F:SPKUSDT.P,Spark/Tether Perpetual
U31F:SPORTFUNUSDT.P,Sport.Fun/Tether Perpetual
U31F:SPXUSDC.P,SPX6900/USDC Perpetual
U31F:SPXUSDT.P,SPX6900/Tether Perpetual
U31F:SQDUSDT.P,Subsquid/Tether Perpetual
U31F:SRMUSDT.P,
U31F:SSVUSDT.P,ssv.network/Tether Perpetual
U31F:STABLEUSDT.P,Stable/Tether Perpetual
U31F:STBLUSDT.P,STBL/Tether Perpetual
U31F:STEEMUSDT.P,Steem/Tether Perpetual
U31F:STGUSDT.P,Stargate Finance/Tether Perpetual
U31F:STMXUSDT.P,
U31F:STORJUSDT.P,Storj/Tether Perpetual
U31F:STOUSDT.P,StakeStone/Tether Perpetual
U31F:STRAXUSDT.P,
U31F:STRKUSDC.P,Starknet/USDC Perpetual
U31F:STRKUSDT.P,Starknet/Tether Perpetual
U31F:STXUSDT.P,Stacks/Tether Perpetual
U31F:SUIUSD.P,Sui/US Dollar Perpetual
U31F:SUIUSDC.P,Sui/USDC Perpetual
U31F:SUIUSDT.P,Sui/Tether Perpetual
U31F:SUNDOGUSDT.P,
U31F:SUNUSDT.P,Sun/Tether Perpetual
U31F:SUPERUSDT.P,SuperVerse/Tether Perpetual
U31F:SUSDT.P,Sonic/Tether Perpetual
U31F:SUSHIUSDT.P,SushiSwap/Tether Perpetual
U31F:SWARMSUSDT.P,Swarms/Tether Perpetual
U31F:SWEATUSDC.P,
U31F:SWEATUSDT.P,
U31F:SWELLUSDT.P,
U31F:SXPUSDT.P,Solar/Tether Perpetual
U31F:SXTUSDT.P,Space and Time/Tether Perpetual
U31F:SYNUSDT.P,Synapse/Tether Perpetual
U31F:SYRUPUSDT.P,Maple Finance/Tether Perpetual
U31F:SYSUSDT.P,Syscoin/Tether Perpetual
U31F:TACUSDT.P,TAC Protocol/Tether Perpetual
U31F:TAIKOUSDT.P,Taiko/Tether Perpetual
U31F:TAIUSDT.P,
U31F:TANSSIUSDT.P,
U31F:TAOUSDC.P,Bittensor/USDC Perpetual
U31F:TAOUSDT.P,Bittensor/Tether Perpetual
U31F:TAUSDT.P,Trusta.AI/Tether Perpetual
U31F:THETAUSDT.P,Theta Network/Tether Perpetual
U31F:THEUSDT.P,THENA/Tether Perpetual
U31F:TIAUSDC.P,Celestia/USDC Perpetual
U31F:TIAUSDT.P,Celestia/Tether Perpetual
U31F:TLMUSDT.P,Alien Worlds/Tether Perpetual
U31F:TNSRUSDT.P,Tensor/Tether Perpetual
U31F:TOKENUSDT.P,
U31F:TONUSD.P,Toncoin/US Dollar Perpetual
U31F:TONUSDC.P,Toncoin/USDC Perpetual
U31F:TONUSDT.P,Toncoin/Tether Perpetual
U31F:TOWNSUSDT.P,Towns/Tether Perpetual
U31F:TRBUSDT.P,Tellor/Tether Perpetual
U31F:TREEUSDT.P,Treehouse/Tether Perpetual
U31F:TRIAUSDT.P,Tria/Tether Perpetual
U31F:TROYUSDT.P,
U31F:TRUMPUSDC.P,OFFICIAL TRUMP/USDC Perpetual
U31F:TRUMPUSDT.P,OFFICIAL TRUMP/Tether Perpetual
U31F:TRUSTUSDT.P,Intuition/Tether Perpetual
U31F:TRUTHUSDT.P,Swarm Network/Tether Perpetual
U31F:TRUUSDT.P,TrueFi/Tether Perpetual
U31F:TRXUSDT.P,TRON/Tether Perpetual
U31F:TSTBSCUSDT.P,Test/Tether Perpetual
U31F:TURTLEUSDT.P,Turtle/Tether Perpetual
U31F:TUSDT.P,Threshold/Tether Perpetual
U31F:TUTUSDT.P,Tutorial/Tether Perpetual
U31F:TWTUSDT.P,Trust Wallet Token/Tether Perpetual
U31F:UAIUSDT.P,UnifAI Network/Tether Perpetual
U31F:UBUSDT.P,Unibase/Tether Perpetual
U31F:UMAUSDT.P,UMA/Tether Perpetual
U31F:UNFIUSDT.P,
U31F:UNIUSD.P,Uniswap/US Dollar Perpetual
U31F:UNIUSDC.P,Uniswap/USDC Perpetual
U31F:UNIUSDT.P,Uniswap/Tether Perpetual
U31F:USD1USDT.P,WorldLibertyFinancialUSD/Tether Perpetual
U31F:USDCUSDT.P,USDC/Tether Perpetual
U31F:USDEUSDT.P,Ethena USDe/Tether Perpetual
U31F:USELESSUSDT.P,Useless Coin/Tether Perpetual
U31F:USTCUSDT.P,TerraClassicUSD/Tether Perpetual
U31F:USUALUSDT.P,Usual/Tether Perpetual
U31F:USUSDT.P,Talus Network/Tether Perpetual
U31F:UXLINKUSDT.P,
U31F:VANAUSDT.P,Vana/Tether Perpetual
U31F:VANRYUSDT.P,Vanar Chain/Tether Perpetual
U31F:VELODROMEUSDT.P,Velodrome Finance/Tether Perpetual
U31F:VELOUSDT.P,Velodrome Finance/Tether Perpetual
U31F:VELVETUSDT.P,Velvet/Tether Perpetual
U31F:VETUSDT.P,VeChain/Tether Perpetual
U31F:VFYUSDT.P,zkVerify/Tether Perpetual
U31F:VICUSDT.P,
U31F:VIDTUSDT.P,
U31F:VINEUSDT.P,Vine Coin/Tether Perpetual
U31F:VIRTUALUSDC.P,Virtuals Protocol/USDC Perpetual
U31F:VIRTUALUSDT.P,Virtuals Protocol/Tether Perpetual
U31F:VOXELUSDT.P,
U31F:VRAUSDT.P,
U31F:VTHOUSDT.P,
U31F:VVVUSDT.P,Venice Token/Tether Perpetual
U31F:WALUSDT.P,Walrus/Tether Perpetual
U31F:WAVESUSDT.P,Waves/Tether Perpetual
U31F:WAXPUSDT.P,WAX/Tether Perpetual
U31F:WCTUSDT.P,WalletConnect Token/Tether Perpetual
U31F:WETUSDT.P,Humidifi/Tether Perpetual
U31F:WHITEWHALEUSDT.P,The White Whale/Tether Perpetual
U31F:WIFUSD.P,dogwifhat/US Dollar Perpetual
U31F:WIFUSDC.P,dogwifhat/USDC Perpetual
U31F:WIFUSDT.P,dogwifhat/Tether Perpetual
U31F:WLDUSDC.P,Worldcoin/USDC Perpetual
U31F:WLDUSDT.P,Worldcoin/Tether Perpetual
U31F:WLFIUSDC.P,World Liberty Financial/USDC Perpetual
U31F:WLFIUSDT.P,World Liberty Financial/Tether Perpetual
U31F:WOOUSDT.P,WOO/Tether Perpetual
U31F:WUSDT.P,Wormhole/Tether Perpetual
U31F:XAIUSDT.P,Xai/Tether Perpetual
U31F:XANUSDT.P,Anoma/Tether Perpetual
U31F:XAUTUSDC.P,Tether Gold/USDC Perpetual
U31F:XAUTUSDT.P,Tether Gold/Tether Perpetual
U31F:XCHUSDT.P,
U31F:XCNUSDT.P,Onyxcoin/Tether Perpetual
U31F:XDCUSDT.P,XDC Network/Tether Perpetual
U31F:XEMUSDT.P,
U31F:XIONUSDT.P,XION/Tether Perpetual
U31F:XLMUSD.P,Stellar/US Dollar Perpetual
U31F:XLMUSDC.P,Stellar/USDC Perpetual
U31F:XLMUSDT.P,Stellar/Tether Perpetual
U31F:XMRUSDC.P,Monero/USDC Perpetual
U31F:XMRUSDT.P,Monero/Tether Perpetual
U31F:XNOUSDT.P,
U31F:XNYUSDT.P,Codatta/Tether Perpetual
U31F:XPINUSDT.P,XPIN Network/Tether Perpetual
U31F:XPLUSDT.P,Plasma/Tether Perpetual
U31F:XRPUSD.P,XRP/US Dollar Perpetual
U31F:XRPUSDC.P,XRP/USDC Perpetual
U31F:XRPUSDT.251024,
U31F:XRPUSDT.251031,
U31F:XRPUSDT.251107,
U31F:XRPUSDT.251114,
U31F:XRPUSDT.251121,
U31F:XRPUSDT.251128,
U31F:XRPUSDT.251205,
U31F:XRPUSDT.251212,
U31F:XRPUSDT.251219,
U31F:XRPUSDT.251226,
U31F:XRPUSDT.260102,
U31F:XRPUSDT.260109,
U31F:XRPUSDT.260116,
U31F:XRPUSDT.260123,
U31F:XRPUSDT.260130,
U31F:XRPUSDT.260206,
U31F:XRPUSDT.260213,
U31F:XRPUSDT.260220,
U31F:XRPUSDT.260227,
U31F:XRPUSDT.260306,
U31F:XRPUSDT.260313,
U31F:XRPUSDT.260320,XRP/Tether (Mar 2026)
U31F:XRPUSDT.260327,XRP/Tether (Mar 2026)
U31F:XRPUSDT.260403,XRP/Tether (Apr 2026)
U31F:XRPUSDT.260424,XRP/Tether (Apr 2026)
U31F:XRPUSDT.P,XRP/Tether Perpetual
U31F:XTERUSDT.P,
U31F:XTZUSDT.P,Tezos/Tether Perpetual
U31F:XVGUSDT.P,Verge/Tether Perpetual
U31F:XVSUSDT.P,Venus/Tether Perpetual
U31F:YALAUSDT.P,
U31F:YBUSDT.P,YieldBasis/Tether Perpetual
U31F:YFIUSDT.P,yearn.finance/Tether Perpetual
U31F:YGGUSDT.P,Yield Guild Games/Tether Perpetual
U31F:YZYUSDT.P,YZY MONEY/Tether Perpetual
U31F:ZAMAUSDT.P,Zama/Tether Perpetual
U31F:ZBCNUSDT.P,Zebec Network/Tether Perpetual
U31F:ZBTUSDT.P,ZEROBASE/Tether Perpetual
U31F:ZECUSDT.P,Zcash/Tether Perpetual
U31F:ZENTUSDT.P,
U31F:ZENUSDT.P,Horizen/Tether Perpetual
U31F:ZEREBROUSDT.P,Zerebro/Tether Perpetual
U31F:ZETAUSDT.P,ZetaChain/Tether Perpetual
U31F:ZEUSUSDT.P,
U31F:ZILUSDT.P,Zilliqa/Tether Perpetual
U31F:ZKCUSDT.P,Boundless/Tether Perpetual
U31F:ZKJUSDT.P,
U31F:ZKPUSDT.P,zkPass/Tether Perpetual
U31F:ZKUSDT.P,ZKsync/Tether Perpetual
U31F:ZORAUSDT.P,ZORA/Tether Perpetual
U31F:ZRCUSDT.P,
U31F:ZROUSDT.P,LayerZero/Tether Perpetual
U31F:ZRXUSDT.P,0x Protocol/Tether Perpetual
U31X:0GUSDT,0G/Tether
U31X:1INCHUSDT,1inch/Tether
U31X:2ZUSDC,DoubleZero/USDC
U31X:2ZUSDT,DoubleZero/Tether
U31X:A8USDT,Ancient8/Tether
U31X:AAPLXUSDT,Apple tokenized stock/Tether
U31X:AAVEUSDC,Aave/USDC
U31X:AAVEUSDT,Aave/Tether
U31X:ACHUSDT,Alchemy Pay/Tether
U31X:ACSUSDT,Access Protocol/Tether
U31X:ADAEUR,Cardano/Euro
U31X:ADAMNT,Cardano/Mantle
U31X:ADAUSDC,Cardano/USDC
U31X:ADAUSDT,Cardano/Tether
U31X:AEROUSDT,Aerodrome Finance/Tether
U31X:AEVOUSDT,Aevo/Tether
U31X:AFCUSDT,Arsenal Fan Token/Tether
U31X:AFGUSDT,
U31X:AGIUSDT,Delysium/Tether
U31X:AGLDUSDT,Adventure Gold/Tether
U31X:AI16ZUSDT,
U31X:AIOZUSDT,AIOZ Network/Tether
U31X:AIXBTUSDC,aixbt/USDC
U31X:AIXBTUSDT,aixbt/Tether
U31X:AKIUSDT,
U31X:ALCHUSDT,Alchemist AI/Tether
U31X:ALGOBTC,Algorand/Bitcoin
U31X:ALGOUSDC,Algorand/USDC
U31X:ALGOUSDT,Algorand/Tether
U31X:ALMANAKUSDT,Almanak/Tether
U31X:ALTUSDT,Altlayer/Tether
U31X:AMIUSDT,Amnis Finance/Tether
U31X:AMZNXUSDT,Amazon tokenized stock/Tether
U31X:ANIMEUSDT,Animecoin/Tether
U31X:ANKRUSDT,Ankr/Tether
U31X:AOUSDT,AO/Tether
U31X:APEUSDC,ApeCoin/USDC
U31X:APEUSDT,ApeCoin/Tether
U31X:APEXMNT,ApeX Protocol/Mantle
U31X:APEXUSDC,ApeX Protocol/USDC
U31X:APEXUSDT,ApeX Protocol/Tether
U31X:APPUSDT,
U31X:APTUSDC,Aptos/USDC
U31X:APTUSDT,Aptos/Tether
U31X:ARBUSDC,Arbitrum/USDC
U31X:ARBUSDT,Arbitrum/Tether
U31X:ARKMUSDT,Arkham/Tether
U31X:ARTUSDT,
U31X:ARTYUSDT,Artyfact/Tether
U31X:ARUSDC,Arweave/USDC
U31X:ARUSDT,Arweave/Tether
U31X:ASRRUSDT,
U31X:ASTERUSDT,Aster/Tether
U31X:ATHUSDT,Aethir/Tether
U31X:ATOMUSDC,Cosmos/USDC
U31X:ATOMUSDT,Cosmos/Tether
U31X:AURORAUSDT,Aurora/Tether
U31X:AUSDT,Vaulta/Tether
U31X:AVAILUSDT,Avail/Tether
U31X:AVAUSDT,AVA/Tether
U31X:AVAXEUR,Avalanche/Euro
U31X:AVAXUSDC,Avalanche/USDC
U31X:AVAXUSDT,Avalanche/Tether
U31X:AVLUSDT,Avalon Labs/Tether
U31X:AVNTUSDT,Avantis/Tether
U31X:AXLUSDT,Axelar/Tether
U31X:AXSUSDT,Axie Infinity/Tether
U31X:AZTECUSDT,Aztec/Tether
U31X:B3TRUSDC,
U31X:B3TRUSDT,
U31X:B3USDT,B3/Tether
U31X:BABY1USDT,Babylon/Tether
U31X:BABYDOGEUSDT,Baby Doge Coin/Tether
U31X:BANUSDT,Comedian/Tether
U31X:BARDUSDT,Lombard/Tether
U31X:BATUSDT,Basic Attention Token/Tether
U31X:BBSOLMNT,Bybit Staked SOL/Mantle
U31X:BBSOLSOL,Bybit Staked SOL/Solana
U31X:BBSOLUSDC,Bybit Staked SOL/USDC
U31X:BBSOLUSDT,Bybit Staked SOL/Tether
U31X:BBUSDT,BounceBit/Tether
U31X:BCHUSDC,Bitcoin Cash/USDC
U31X:BCHUSDT,Bitcoin Cash/Tether
U31X:BCUTUSDT,
U31X:BDXNUSDT,BONDEX/Tether
U31X:BEAMUSDT,Beam/Tether
U31X:BELUSDT,Bella Protocol/Tether
U31X:BERAUSDC,Berachain/USDC
U31X:BERAUSDT,Berachain/Tether
U31X:BICOUSDT,Biconomy/Tether
U31X:BIRBUSDT,Moonbirds/Tether
U31X:BLASTUSDT,Blast/Tether
U31X:BLURUSDT,Blur/Tether
U31X:BMTUSDT,Bubblemaps/Tether
U31X:BNBUSDC,BNB/USDC
U31X:BNBUSDT,BNB/Tether
U31X:BOBAUSDT,Boba Network/Tether
U31X:BOMBUSDT,
U31X:BOMEUSDT,BOOK OF MEME/Tether
U31X:BONKUSDC,Bonk/USDC
U31X:BONKUSDT,Bonk/Tether
U31X:BRETTUSDC,Brett/USDC
U31X:BRETTUSDT,Brett/Tether
U31X:BREVUSDT,Brevis/Tether
U31X:BRUSDT,Bedrock/Tether
U31X:BSBUSDT,Block Street/Tether
U31X:BTCAED,Bitcoin/UAE Dirham
U31X:BTCBRL,Bitcoin/Brazilian Real
U31X:BTCBRZ,
U31X:BTCDAI,Bitcoin/Dai
U31X:BTCEUR,Bitcoin/Euro
U31X:BTCPLN,Bitcoin/Zloty
U31X:BTCRLUSD,Bitcoin/Ripple USD
U31X:BTCTRY,Bitcoin/Turkish Lira
U31X:BTCUSDC,Bitcoin/USDC
U31X:BTCUSDE,Bitcoin/Ethena USDe
U31X:BTCUSDQ,
U31X:BTCUSDR,
U31X:BTCUSDT,Bitcoin/Tether
U31X:BTCXUSD,Bitcoin/StraitsX USD
U31X:BTTUSDT,BitTorrent/Tether
U31X:C98USDT,Coin98/Tether
U31X:CAKEUSDT,PancakeSwap/Tether
U31X:CAMPUSDT,Camp Network/Tether
U31X:CARVUSDT,CARV/Tether
U31X:CATIEUR,Catizen/Euro
U31X:CATIUSDC,Catizen/USDC
U31X:CATIUSDT,Catizen/Tether
U31X:CATUSDT,Simon's Cat/Tether
U31X:CBKUSDT,Cobak Token/Tether
U31X:CCUSDC,Canton Network/USDC
U31X:CCUSDT,Canton Network/Tether
U31X:CELOUSDT,Celo/Tether
U31X:CFGUSDT,Centrifuge/Tether
U31X:CGPTUSDT,ChainGPT/Tether
U31X:CHILLGUYUSDT,Just a chill guy/Tether
U31X:CHZUSDC,Chiliz/USDC
U31X:CHZUSDT,Chiliz/Tether
U31X:CITYUSDT,Manchester City Fan Token/Tether
U31X:CLOUDUSDT,Cloud/Tether
U31X:CMETHUSDT,Mantle Restaked Ether/Tether
U31X:COAUSDT,
U31X:COINXUSDT,Coinbase tokenized stock/Tether
U31X:COMMONUSDT,COMMON/Tether
U31X:COMPUSDT,Compound/Tether
U31X:COOKIEUSDT,Cookie DAO/Tether
U31X:COOKUSDT,mETH Protocol/Tether
U31X:COQUSDT,
U31X:COREUSDT,Core/Tether
U31X:CORNUSDT,Corn/Tether
U31X:CPOOLUSDT,Clearpool/Tether
U31X:CRCLXUSDT,Circle tokenized stock/Tether
U31X:CRVUSDC,Curve DAO Token/USDC
U31X:CRVUSDT,Curve DAO Token/Tether
U31X:CSPRUSDT,Casper/Tether
U31X:CTAUSDT,Cross The Ages/Tether
U31X:CTCUSDT,Creditcoin/Tether
U31X:CUDISUSDT,CUDIS/Tether
U31X:CYBERUSDT,Cyber/Tether
U31X:DAIUSDT,Dai/Tether
U31X:DBRUSDT,deBridge/Tether
U31X:DEEPUSDT,DeepBook Protocol/Tether
U31X:DEFIUSDT,
U31X:DEGENUSDT,Degen/Tether
U31X:DGBUSDT,DigiByte/Tether
U31X:DIAMUSDT,DIAM/Tether
U31X:DMAILUSDT,
U31X:DOGEEUR,Dogecoin/Euro
U31X:DOGEMNT,Dogecoin/Mantle
U31X:DOGEUSDC,Dogecoin/USDC
U31X:DOGEUSDT,Dogecoin/Tether
U31X:DOGSEUR,DOGS/Euro
U31X:DOGSUSDC,DOGS/USDC
U31X:DOGSUSDT,DOGS/Tether
U31X:DOLOUSDT,Dolomite/Tether
U31X:DOMEUSDT,
U31X:DOODUSDT,Doodles/Tether
U31X:DOTBTC,Polkadot/Bitcoin
U31X:DOTUSDC,Polkadot/USDC
U31X:DOTUSDT,Polkadot/Tether
U31X:DRIFTUSDT,Drift/Tether
U31X:DUELUSDT,
U31X:DYDXUSDC,dYdX/USDC
U31X:DYDXUSDT,dYdX/Tether
U31X:DYMUSDT,Dymension/Tether
U31X:EATUSDT,375ai/Tether
U31X:EGLDUSDT,MultiversX/Tether
U31X:EGP1USDT,
U31X:EIGENUSDC,EigenLayer/USDC
U31X:EIGENUSDT,EigenLayer/Tether
U31X:ELDEUSDT,
U31X:ELIZAOSUSDT,elizaOS/Tether
U31X:ELONUSDT,Dogelon Mars/Tether
U31X:ELSAUSDT,HeyElsa/Tether
U31X:ELXUSDT,
U31X:ENAEUR,Ethena/Euro
U31X:ENAMNT,Ethena/Mantle
U31X:ENAUSDC,Ethena/USDC
U31X:ENAUSDT,Ethena/Tether
U31X:ENJUSDT,Enjin Coin/Tether
U31X:ENSOUSDT,Enso/Tether
U31X:ENSUSDC,Ethereum Name Service/USDC
U31X:ENSUSDT,Ethereum Name Service/Tether
U31X:EPTUSDT,Balance/Tether
U31X:ERAMNT,
U31X:ERAUSDT,Caldera/Tether
U31X:ESEUSDT,Eesee/Tether
U31X:ESUSDT,BBSOL/Tether
U31X:ETCUSDT,Ethereum Classic/Tether
U31X:ETHAED,Ethereum/UAE Dirham
U31X:ETHBRL,Ethereum/Brazilian Real
U31X:ETHBTC,Ethereum/Bitcoin
U31X:ETHDAI,Ethereum/Dai
U31X:ETHEUR,Ethereum/Euro
U31X:ETHFIUSDT,ether.fi/Tether
U31X:ETHMNT,Ethereum/Mantle
U31X:ETHPLN,Ethereum/Zloty
U31X:ETHRLUSD,Ethereum/Ripple USD
U31X:ETHTRY,Ethereum/Turkish Lira
U31X:ETHUSDC,Ethereum/USDC
U31X:ETHUSDE,Ethereum/Ethena USDe
U31X:ETHUSDT,Ethereum/Tether
U31X:ETHWUSDT,EthereumPoW/Tether
U31X:EVERUSDT,
U31X:FETUSDC,Artificial Superintelligence Alliance/USDC
U31X:FETUSDT,Artificial Superintelligence Alliance/Tether
U31X:FFUSDT,Falcon Finance/Tether
U31X:FHEUSDT,Mind Network/Tether
U31X:FIDAUSDT,Bonfida/Tether
U31X:FIGHTUSDT,FIGHT/Tether
U31X:FILUSDC,Filecoin/USDC
U31X:FILUSDT,Filecoin/Tether
U31X:FITFIUSDT,Step App/Tether
U31X:FLIPUSDT,Chainflip/Tether
U31X:FLOCKUSDT,FLock.io/Tether
U31X:FLOKIUSDC,FLOKI/USDC
U31X:FLOKIUSDT,FLOKI/Tether
U31X:FLOWUSDT,Flow/Tether
U31X:FLRUSDT,Flare/Tether
U31X:FLUIDUSDT,Fluid/Tether
U31X:FOGOUSDT,Fogo/Tether
U31X:FORTUSDT,Forta/Tether
U31X:FOXYUSDT,Foxy/Tether
U31X:FRAGUSDT,
U31X:FRAXUSDT,Frax/Tether
U31X:FTTUSDT,FTX Token/Tether
U31X:FUELUSDT,Fuel Network/Tether
U31X:FUSDT,SynFutures/Tether
U31X:FXSUSDT,
U31X:G3USDT,
U31X:G7USDT,
U31X:GAIBUSDT,GAIB/Tether
U31X:GALAUSDC,
U31X:GALAUSDT,Gala/Tether
U31X:GALFTUSDT,
U31X:GAMEUSDT,GAME by Virtuals/Tether
U31X:GLMRUSDT,Moonbeam/Tether
U31X:GMTUSDC,GMT/USDC
U31X:GMTUSDT,GMT/Tether
U31X:GMXUSDT,GMX/Tether
U31X:GOATUSDT,Goatseus Maximus/Tether
U31X:GODSUSDT,Gods Unchained/Tether
U31X:GOOGLXUSDT,Alphabet tokenized stock/Tether
U31X:GPSUSDT,GoPlus Security/Tether
U31X:GRASSUSDT,Grass/Tether
U31X:GRTUSDT,The Graph/Tether
U31X:GSWIFTUSDT,
U31X:GTAIUSDT,GT Protocol/Tether
U31X:GUSDT,Gravity/Tether
U31X:HAEDALUSDT,Haedal Protocol/Tether
U31X:HBARMNT,Hedera/Mantle
U31X:HBARUSDC,Hedera/USDC
U31X:HBARUSDT,Hedera/Tether
U31X:HFTUSDC,Hashflow/USDC
U31X:HFTUSDT,Hashflow/Tether
U31X:HMNT,Humanity Protocol/Mantle
U31X:HMSTRUSDC,Hamster Kombat/USDC
U31X:HMSTRUSDT,Hamster Kombat/Tether
U31X:HNTUSDT,Helium/Tether
U31X:HOLOUSDT,Holoworld AI/Tether
U31X:HOMEUSDT,Defi App/Tether
U31X:HOODXUSDT,Robinhood tokenized stock/Tether
U31X:HOOKUSDT,Hooked Protocol/Tether
U31X:HPOS10IUSDT,HarryPotterObamaSonic10Inu/Tether
U31X:HTXUSDT,HTX/Tether
U31X:HUMAUSDT,Huma Finance/Tether
U31X:HUSDC,Humanity Protocol/USDC
U31X:HUSDT,Humanity Protocol/Tether
U31X:HYPERUSDT,Hyperlane/Tether
U31X:HYPEUSDT,Hyperliquid/Tether
U31X:ICNTUSDC,Impossible Cloud Network/USDC
U31X:ICNTUSDT,Impossible Cloud Network/Tether
U31X:ICPUSDC,Internet Computer/USDC
U31X:ICPUSDT,Internet Computer/Tether
U31X:ICXUSDT,ICON/Tether
U31X:IDUSDT,SPACE ID/Tether
U31X:IMUUSDT,Immunefi/Tether
U31X:IMXUSDT,Immutable/Tether
U31X:INITUSDT,Initia/Tether
U31X:INJUSDC,Injective/USDC
U31X:INJUSDT,Injective/Tether
U31X:INSPUSDT,Inspect/Tether
U31X:INTERUSDT,Inter Milan Fan Token/Tether
U31X:IOUSDT,io.net/Tether
U31X:IPUSDT,Story/Tether
U31X:IZIUSDT,Izumi Finance/Tether
U31X:JASMYUSDC,JasmyCoin/USDC
U31X:JASMYUSDT,JasmyCoin/Tether
U31X:JEFFUSDT,
U31X:JSTUSDT,JUST/Tether
U31X:JTOUSDC,Jito/USDC
U31X:JTOUSDT,Jito/Tether
U31X:JUPUSDC,Jupiter/USDC
U31X:JUPUSDT,Jupiter/Tether
U31X:JUSDT,
U31X:JUVUSDT,Juventus Fan Token/Tether
U31X:KAIAUSDT,Kaia/Tether
U31X:KASTAUSDT,
U31X:KASUSDC,Kaspa/USDC
U31X:KASUSDT,Kaspa/Tether
U31X:KAVAUSDT,Kava/Tether
U31X:KCSUSDT,KuCoin Token/Tether
U31X:KDAUSDT,
U31X:KILOUSDT,KiloEx/Tether
U31X:KMNOUSDT,Kamino Finance/Tether
U31X:KSMUSDT,Kusama/Tether
U31X:KUBUSDT,KUB Coin/Tether
U31X:KUSDT,
U31X:L3USDT,Layer3/Tether
U31X:LADYSUSDT,
U31X:LAMNT,
U31X:LAUSDT,Lagrange/Tether
U31X:LAVAUSDT,Lava Network/Tether
U31X:LAYERUSDT,Solayer/Tether
U31X:LBTCUSDT,Lombard Staked BTC/Tether
U31X:LDOUSDC,Lido DAO/USDC
U31X:LDOUSDT,Lido DAO/Tether
U31X:LFTUSDT,
U31X:LINEAUSDT,Linea/Tether
U31X:LINKEUR,Chainlink/Euro
U31X:LINKUSDC,Chainlink/USDC
U31X:LINKUSDT,Chainlink/Tether
U31X:LITKEYUSDT,
U31X:LITUSDT,Litentry/Tether
U31X:LLUSDT,
U31X:LMWRUSDT,LimeWire/Tether
U31X:LOOKSUSDT,
U31X:LRCUSDT,Loopring/Tether
U31X:LTCBTC,Litecoin/Bitcoin
U31X:LTCEUR,Litecoin/Euro
U31X:LTCMNT,Litecoin/Mantle
U31X:LTCUSDC,Litecoin/USDC
U31X:LTCUSDT,Litecoin/Tether
U31X:LUNAIUSDT,Luna by Virtuals/Tether
U31X:LUNAUSDT,Terra/Tether
U31X:LUNCUSDC,Terra Classic/USDC
U31X:LUNCUSDT,Terra Classic/Tether
U31X:MAGICUSDT,Treasure/Tether
U31X:MAJORUSDT,Major/Tether
U31X:MANABTC,
U31X:MANAUSDC,Decentraland/USDC
U31X:MANAUSDT,Decentraland/Tether
U31X:MANTAUSDT,Manta Network/Tether
U31X:MANTRAUSDT,MANTRA/Tether
U31X:MASAUSDT,
U31X:MASKUSDT,Mask Network/Tether
U31X:MAVIAUSDT,Heroes of Mavia/Tether
U31X:MBOXUSDT,MOBOX/Tether
U31X:MBXUSDT,MARBLEX/Tether
U31X:MCDXUSDT,McDonald's tokenized stock/Tether
U31X:MCRTUSDT,MagicCraft/Tether
U31X:MDAOUSDT,
U31X:MEEUSDT,Medieval Empires/Tether
U31X:MEMEFIUSDT,
U31X:MEMEUSDT,Memecoin/Tether
U31X:MERLUSDT,Merlin Chain/Tether
U31X:METAXUSDT,Meta tokenized stock/Tether
U31X:METHETH,Mantle Staked Ether/Ethereum
U31X:METHUSDT,Mantle Staked Ether/Tether
U31X:METUSDC,Meteora/USDC
U31X:METUSDT,Meteora/Tether
U31X:MEUSDT,Magic Eden/Tether
U31X:MEWUSDC,cat in a dogs world/USDC
U31X:MEWUSDT,cat in a dogs world/Tether
U31X:MILKUSDT,
U31X:MINAUSDT,Mina/Tether
U31X:MMTUSDT,Momentum/Tether
U31X:MNTBTC,Mantle/Bitcoin
U31X:MNTRLUSD,Mantle/Ripple USD
U31X:MNTUSD1,Mantle/World Liberty Financial USD
U31X:MNTUSDC,Mantle/USDC
U31X:MNTUSDE,Mantle/Ethena USDe
U31X:MNTUSDT,Mantle/Tether
U31X:MOCAUSDT,Moca Network/Tether
U31X:MODEUSDT,
U31X:MOGUSDT,Mog Coin/Tether
U31X:MONPROUSDT,MON/Tether
U31X:MONUSDT,
U31X:MORPHOUSDT,Morpho/Tether
U31X:MOVEUSDC,Movement/USDC
U31X:MOVEUSDT,Movement/Tether
U31X:MOVRUSDT,Moonriver/Tether
U31X:MOZUSDT,
U31X:MPLXUSDT,Metaplex/Tether
U31X:MVLUSDT,MVL/Tether
U31X:MVUSDT,
U31X:MXUSDT,MX Token/Tether
U31X:MYRIAUSDT,
U31X:MYROUSDT,
U31X:NAKAUSDT,Nakamoto Games/Tether
U31X:NAVXUSDT,NAVI Protocol/Tether
U31X:NEAREUR,NEAR Protocol/Euro
U31X:NEARUSDC,NEAR Protocol/USDC
U31X:NEARUSDT,NEAR Protocol/Tether
U31X:NEIROCTOUSDT,Neiro/Tether
U31X:NEONUSDT,Neon EVM/Tether
U31X:NEWTUSDT,Newton Protocol/Tether
U31X:NEXOUSDT,Nexo/Tether
U31X:NFTUSDT,AINFT/Tether
U31X:NIBIUSDT,Nibiru/Tether
U31X:NIGHTUSDT,Midnight/Tether
U31X:NOMUSDT,Nomina/Tether
U31X:NOTUSDC,Notcoin/USDC
U31X:NOTUSDT,Notcoin/Tether
U31X:NRNUSDT,
U31X:NSUSDT,Sui Name Service/Tether
U31X:NVDAXUSDT,NVIDIA tokenized stock/Tether
U31X:NXPCMNT,NEXPACE/Mantle
U31X:NXPCUSDT,NEXPACE/Tether
U31X:NYMUSDT,NYM/Tether
U31X:OASUSDT,Oasys/Tether
U31X:OBOLUSDT,Obol/Tether
U31X:OBTUSDT,Orbiter Finance/Tether
U31X:ODOSUSDT,
U31X:OIKUSDT,
U31X:OLUSDT,Open Loot/Tether
U31X:OMUSDT,
U31X:ONDOEUR,Ondo/Euro
U31X:ONDOMNT,Ondo/Mantle
U31X:ONDOUSDC,Ondo/USDC
U31X:ONDOUSDT,Ondo/Tether
U31X:ONEUSDT,Harmony/Tether
U31X:OPNUSDT,Opinion/Tether
U31X:OPUSDC,Optimism/USDC
U31X:OPUSDT,Optimism/Tether
U31X:ORDERUSDT,Orderly/Tether
U31X:ORDIUSDC,ORDI/USDC
U31X:ORDIUSDT,ORDI/Tether
U31X:ORTUSDT,
U31X:PAALUSDT,PAAL AI/Tether
U31X:PARTIUSDT,Particle Network/Tether
U31X:PAWSUSDT,
U31X:PELLUSDT,
U31X:PENDLEUSDC,
U31X:PENDLEUSDT,Pendle/Tether
U31X:PENGUINUSDT,Nietzschean Penguin/Tether
U31X:PENGUUSDT,Pudgy Penguins/Tether
U31X:PEOPLEUSDT,ConstitutionDAO/Tether
U31X:PEPEEUR,Pepe/Euro
U31X:PEPEMNT,Pepe/Mantle
U31X:PEPEUSDC,Pepe/USDC
U31X:PEPEUSDT,Pepe/Tether
U31X:PERPUSDT,
U31X:PIEVERSEUSDT,Pieverse/Tether
U31X:PINEYEUSDT,
U31X:PIRATEUSDT,Pirate Nation/Tether
U31X:PIXFIUSDT,
U31X:PLUMEUSDT,Plume/Tether
U31X:PNUTUSDT,Peanut the Squirrel/Tether
U31X:POLUSDC,Polygon/USDC
U31X:POLUSDT,Polygon/Tether
U31X:PONKEUSDT,Ponke/Tether
U31X:POPCATUSDT,Popcat/Tether
U31X:PORT3USDT,
U31X:PORTALSUSDT,Portals/Tether
U31X:PORTALUSDT,Portal/Tether
U31X:PRCLUSDT,Parcl/Tether
U31X:PRIMEUSDT,Echelon Prime/Tether
U31X:PROVEUSDT,Succinct/Tether
U31X:PSGUSDT,Paris Saint-Germain Fan Token/Tether
U31X:PSTAKEUSDT,
U31X:PUFFERUSDT,Puffer/Tether
U31X:PUFFUSDT,Puff The Dragon/Tether
U31X:PUMPBTCUSDT,PumpBTC/Tether
U31X:PUMPMNT,PumpBTC/Mantle
U31X:PUMPUSDC,PumpBTC/USDC
U31X:PUMPUSDT,PumpBTC/Tether
U31X:PURSEUSDT,
U31X:PYBOBOUSDT,Capybobo/Tether
U31X:PYTHUSDC,Pyth Network/USDC
U31X:PYTHUSDT,Pyth Network/Tether
U31X:PYUSDUSDT,PayPal USD/Tether
U31X:QNTUSDT,Quant/Tether
U31X:QORPOUSDT,QORPO WORLD/Tether
U31X:QTUMUSDT,Qtum/Tether
U31X:RACAUSDT,
U31X:RATSUSDT,rats/Tether
U31X:RDNTUSDT,Radiant Capital/Tether
U31X:RECALLUSDT,Recall/Tether
U31X:REDUSDT,RedStone/Tether
U31X:RENDERUSDC,Render/USDC
U31X:RENDERUSDT,Render/Tether
U31X:RESOLVUSDT,Resolv/Tether
U31X:RLUSDUSDT,Ripple USD/Tether
U31X:ROAMUSDT,Roam/Tether
U31X:ROBOUSDT,Fabric Protocol/Tether
U31X:ROOTUSDT,
U31X:ROSEUSDT,Oasis/Tether
U31X:RPLUSDT,Rocket Pool/Tether
U31X:RSS3USDT,RSS3/Tether
U31X:RUNEUSDT,THORChain/Tether
U31X:RVNUSDT,Ravencoin/Tether
U31X:SAFEUSDT,Safe/Tether
U31X:SAHARAUSDT,Sahara AI/Tether
U31X:SANDBTC,
U31X:SANDUSDC,The Sandbox/USDC
U31X:SANDUSDT,The Sandbox/Tether
U31X:SAROSUSDT,Saros/Tether
U31X:SATSUSDT,SATS/Tether
U31X:SCAUSDT,Scallop/Tether
U31X:SCORUSDT,SCOR/Tether
U31X:SCRTUSDT,Secret/Tether
U31X:SCRUSDT,Scroll/Tether
U31X:SCUSDT,Siacoin/Tether
U31X:SDUSDT,Stader/Tether
U31X:SEIUSDC,Sei/USDC
U31X:SEIUSDT,Sei/Tether
U31X:SENDUSDT,Suilend/Tether
U31X:SENTUSDT,Sentient/Tether
U31X:SERAPHUSDT,
U31X:SFUNDUSDT,Seedify.fund/Tether
U31X:SHARDSUSDT,
U31X:SHIBEUR,Shiba Inu/Euro
U31X:SHIBUSDC,Shiba Inu/USDC
U31X:SHIBUSDT,Shiba Inu/Tether
U31X:SHRAPUSDT,
U31X:SIDUSUSDT,
U31X:SIGNUSDT,Sign/Tether
U31X:SISUSDT,Symbiosis/Tether
U31X:SKATEUSDT,Skate/Tether
U31X:SKRUSDT,Solana Mobile Seeker/Tether
U31X:SKYUSDT,Sky/Tether
U31X:SLPUSDT,Smooth Love Potion/Tether
U31X:SNXUSDT,Synthetix/Tether
U31X:SOLAED,Solana/UAE Dirham
U31X:SOLBRL,Solana/Brazilian Real
U31X:SOLBTC,Solana/Bitcoin
U31X:SOLEUR,Solana/Euro
U31X:SOLMNT,Solana/Mantle
U31X:SOLOUSDT,
U31X:SOLUSDC,Solana/USDC
U31X:SOLUSDE,Solana/Ethena USDe
U31X:SOLUSDT,Solana/Tether
U31X:SOLVUSDT,Solv Protocol/Tether
U31X:SOMIUSDT,Somnia/Tether
U31X:SONICUSDT,Sonic SVM/Tether
U31X:SOSOUSDT,SoSoValue/Tether
U31X:SPECUSDT,
U31X:SPELLUSDT,Spell Token/Tether
U31X:SPKUSDT,Spark/Tether
U31X:SPXUSDC,SPX6900/USDC
U31X:SPXUSDT,SPX6900/Tether
U31X:SQDUSDT,Subsquid/Tether
U31X:SQRUSDT,
U31X:SQTUSDT,
U31X:SSVUSDT,ssv.network/Tether
U31X:STABLEUSDT,Stable/Tether
U31X:STETHEUR,Lido Staked ETH/Euro
U31X:STETHUSDT,Lido Staked ETH/Tether
U31X:STOPUSDT,
U31X:STREAMUSDT,Streamflow/Tether
U31X:STRKUSDC,Starknet/USDC
U31X:STRKUSDT,Starknet/Tether
U31X:STXUSDC,Stacks/USDC
U31X:STXUSDT,Stacks/Tether
U31X:SUIMNT,Sui/Mantle
U31X:SUIUSDC,Sui/USDC
U31X:SUIUSDT,Sui/Tether
U31X:SUNDOGUSDT,SUNDOG/Tether
U31X:SUNUSDT,Sun/Tether
U31X:SUPRAUSDT,SUPRA/Tether
U31X:SUSDC,Sonic/USDC
U31X:SUSDT,Sonic/Tether
U31X:SUSHIUSDT,SushiSwap/Tether
U31X:SVLUSDT,Slash Vision Labs/Tether
U31X:SWEATUSDT,SWEAT/Tether
U31X:SWELLUSDC,Swell Network/USDC
U31X:SWELLUSDT,Swell Network/Tether
U31X:SXTUSDT,Space and Time/Tether
U31X:SYNDUSDT,Syndicate/Tether
U31X:TACUSDT,TAC Protocol/Tether
U31X:TAIKOUSDT,Taiko/Tether
U31X:TAIUSDT,TARS AI/Tether
U31X:TAUSDT,Trusta.AI/Tether
U31X:TELUSDT,Telcoin/Tether
U31X:THETAUSDT,Theta Network/Tether
U31X:TIAUSDC,Celestia/USDC
U31X:TIAUSDT,Celestia/Tether
U31X:TIMEUSDT,Chrono.tech/Tether
U31X:TNSRUSDT,Tensor/Tether
U31X:TOKENUSDT,TokenFi/Tether
U31X:TONEUR,Toncoin/Euro
U31X:TONUSDC,Toncoin/USDC
U31X:TONUSDT,Toncoin/Tether
U31X:TOSHIUSDT,Toshi/Tether
U31X:TOWNSUSDC,Towns/USDC
U31X:TOWNSUSDT,Towns/Tether
U31X:TRCUSDT,
U31X:TREEUSDT,Treehouse/Tether
U31X:TRIAUSDT,Tria/Tether
U31X:TRUMPMNT,OFFICIAL TRUMP/Mantle
U31X:TRUMPUSDC,OFFICIAL TRUMP/USDC
U31X:TRUMPUSDT,OFFICIAL TRUMP/Tether
U31X:TRVLUSDT,
U31X:TRXUSDC,TRON/USDC
U31X:TRXUSDT,TRON/Tether
U31X:TSLAXUSDT,Tesla tokenized stock/Tether
U31X:TUNAUSDT,DefiTuna/Tether
U31X:TURBOSUSDT,
U31X:TUSDUSDT,TrueUSD/Tether
U31X:TWTUSDT,Trust Wallet Token/Tether
U31X:ULTIUSDT,
U31X:UMAUSDT,UMA/Tether
U31X:UNIUSDC,Uniswap/USDC
U31X:UNIUSDT,Uniswap/Tether
U31X:USATUSDT,USAT/Tether
U31X:USD1USDT,World Liberty Financial USD/Tether
U31X:USDCBRL,USDC/Brazilian Real
U31X:USDCEUR,USDC/Euro
U31X:USDCUSDT,USDC/Tether
U31X:USDDUSDT,USDD/Tether
U31X:USDEUSDC,Ethena USDe/USDC
U31X:USDEUSDT,Ethena USDe/Tether
U31X:USDQUSDT,
U31X:USDRUSDT,
U31X:USDTAED,Tether/UAE Dirham
U31X:USDTBRL,Tether/Brazilian Real
U31X:USDTBRZ,
U31X:USDTBUSDT,Ethena Labs/Tether
U31X:USDTEUR,Tether/Euro
U31X:USDTPLN,Tether/Zloty
U31X:USDTTRY,Tether/Turkish Lira
U31X:USDYUSDT,Ondo US Dollar Yield/Tether
U31X:USTCUSDT,TerraClassicUSD/Tether
U31X:UUSDT,Union/Tether
U31X:UXLINKUSDT,UXLINK/Tether
U31X:VANAUSDT,Vana/Tether
U31X:VANRYUSDT,Vanar Chain/Tether
U31X:VELOUSDT,Velodrome Finance/Tether
U31X:VENOMUSDT,Venom/Tether
U31X:VETUSDT,VeChain/Tether
U31X:VICUSDT,Viction/Tether
U31X:VINUUSDT,Vita Inu/Tether
U31X:VIRTUALMNT,Virtuals Protocol/Mantle
U31X:VIRTUALUSDC,Virtuals Protocol/USDC
U31X:VIRTUALUSDT,Virtuals Protocol/Tether
U31X:VOOIUSDT,VOOI/Tether
U31X:VRAUSDT,
U31X:VTHOUSDT,VeThor Token/Tether
U31X:VVVUSDT,Venice Token/Tether
U31X:WALUSDT,Walrus/Tether
U31X:WAVESUSDT,Waves/Tether
U31X:WAXPUSDT,WAX/Tether
U31X:WBTCBTC,Wrapped Bitcoin/Bitcoin
U31X:WBTCUSDT,Wrapped Bitcoin/Tether
U31X:WCTUSDT,WalletConnect Token/Tether
U31X:WEETHETH,Wrapped eETH/Ethereum
U31X:WEMIXUSDT,WEMIX/Tether
U31X:WENUSDT,
U31X:WETUSDT,Humidifi/Tether
U31X:WHITEWHALEUSDT,The White Whale/Tether
U31X:WIFEUR,dogwifhat/Euro
U31X:WIFUSDC,dogwifhat/USDC
U31X:WIFUSDT,dogwifhat/Tether
U31X:WLDEUR,Worldcoin/Euro
U31X:WLDUSDC,Worldcoin/USDC
U31X:WLDUSDT,Worldcoin/Tether
U31X:WLFIUSDT,World Liberty Financial/Tether
U31X:WOOUSDT,WOO/Tether
U31X:WUSDC,
U31X:WUSDT,Wormhole/Tether
U31X:XAIUSDT,Xai/Tether
U31X:XANUSDT,Anoma/Tether
U31X:XAUTUSDT,Tether Gold/Tether
U31X:XAVAUSDT,Avalaunch/Tether
U31X:XCADUSDT,
U31X:XDCUSDT,XDC Network/Tether
U31X:XECUSDT,
U31X:XEMUSDT,NEM/Tether
U31X:XIONUSDT,XION/Tether
U31X:XLMBTC,Stellar/Bitcoin
U31X:XLMUSDC,Stellar/USDC
U31X:XLMUSDT,Stellar/Tether
U31X:XOUSDT,
U31X:XPLUSDT,Plasma/Tether
U31X:XRPBTC,XRP/Bitcoin
U31X:XRPEUR,XRP/Euro
U31X:XRPMNT,XRP/Mantle
U31X:XRPRLUSD,XRP/Ripple USD
U31X:XRPUSDC,XRP/USDC
U31X:XRPUSDT,XRP/Tether
U31X:XTERUSDT,Xterio/Tether
U31X:XTZUSDT,Tezos/Tether
U31X:XUSDT,
U31X:XUSDUSDT,StraitsX USD/Tether
U31X:YBUSDT,YieldBasis/Tether
U31X:YFIUSDT,yearn.finance/Tether
U31X:ZAMAUSDT,Zama/Tether
U31X:ZBTUSDT,ZEROBASE/Tether
U31X:ZENTUSDT,Zentry/Tether
U31X:ZENUSDT,Horizen/Tether
U31X:ZEREBROUSDT,Zerebro/Tether
U31X:ZEROUSDT,
U31X:ZETAUSDT,ZetaChain/Tether
U31X:ZEXUSDT,Zeta/Tether
U31X:ZIGUSDT,ZIGChain/Tether
U31X:ZILUSDT,Zilliqa/Tether
U31X:ZKCUSDT,Boundless/Tether
U31X:ZKJUSDT,Polyhedra Network/Tether
U31X:ZKLUSDT,
U31X:ZKPUSDT,zkPass/Tether
U31X:ZKUSDC,ZKsync/USDC
U31X:ZKUSDT,ZKsync/Tether
U31X:ZORAUSDT,ZORA/Tether
U31X:ZRCUSDT,Zircuit/Tether
U31X:ZROUSDC,LayerZero/USDC
U31X:ZROUSDT,LayerZero/Tether
U31X:ZRXUSDT,0x Protocol/Tether
U31X:ZTXUSDT,
U32F:0GUSDT.P,
U32F:1000000MOGUSDT.P,
U32F:1000BONKUSDC.P,
U32F:1000BONKUSDT.P,
U32F:1000CATUSDT.P,
U32F:1000RATSUSDT.P,
U32F:1000SATSUSDT.P,
U32F:1000XECUSDT.P,
U32F:1INCHUSDT.P,
U32F:1MBABYDOGEUSDT.P,
U32F:1MCHEEMSUSDT.P,
U32F:2ZUSDT.P,
U32F:4USDT.P,
U32F:A2ZUSDT.P,
U32F:AAVEUSD.P,
U32F:AAVEUSDC.P,
U32F:AAVEUSDT.P,
U32F:ACEUSDT.P,
U32F:ACHUSDT.P,
U32F:ACTUSDT.P,
U32F:ACUUSDT.P,
U32F:ACXUSDT.P,
U32F:ADAUSD.P,
U32F:ADAUSDC.P,
U32F:ADAUSDT.P,
U32F:AERGOUSDT.P,
U32F:AEROUSDT.P,
U32F:AEVOUSDT.P,
U32F:AGIUSDT.P,
U32F:AGLDUSDT.P,
U32F:AINUSDT.P,
U32F:AIOUSDT.P,
U32F:AIUSDT.P,
U32F:AIXBTUSDT.P,
U32F:AKTUSDT.P,
U32F:ALCHUSDT.P,
U32F:ALGOUSDC.P,
U32F:ALGOUSDT.P,
U32F:ALICEUSDT.P,
U32F:ALLOUSDT.P,
U32F:ALTUSDT.P,
U32F:ANIMEUSDT.P,
U32F:ANKRUSDT.P,
U32F:APEUSDT.P,
U32F:API3USDT.P,
U32F:APPUSDT.P,
U32F:APRUSDT.P,
U32F:APTUSD.P,
U32F:APTUSDC.P,
U32F:APTUSDT.P,
U32F:ARBUSDC.P,
U32F:ARBUSDT.P,
U32F:ARCUSDT.P,
U32F:ARIAUSDT.P,
U32F:ARKMUSDT.P,
U32F:ARKUSDT.P,
U32F:ARPAUSDT.P,
U32F:ARUSDT.P,
U32F:ASRUSDT.P,
U32F:ASTERUSDT.P,
U32F:ASTRUSDT.P,
U32F:ATAUSDT.P,
U32F:ATHUSDT.P,
U32F:ATOMUSDT.P,
U32F:ATUSDT.P,
U32F:AUCTIONUSDT.P,
U32F:AUSDT.P,
U32F:AVAUSDT.P,
U32F:AVAXUSD.P,
U32F:AVAXUSDC.P,
U32F:AVAXUSDT.P,
U32F:AVNTUSDT.P,
U32F:AWEUSDT.P,
U32F:AXLUSDT.P,
U32F:AXSUSDT.P,
U32F:AZTECUSDT.P,
U32F:B2USDT.P,
U32F:B3USDT.P,
U32F:BABYUSDT.P,
U32F:BANANAS31USDT.P,
U32F:BANANAUSDT.P,
U32F:BANDUSDT.P,
U32F:BANKUSDT.P,
U32F:BANUSDT.P,
U32F:BARDUSDT.P,
U32F:BASUSDT.P,
U32F:BATUSDT.P,
U32F:BBUSDT.P,
U32F:BCHUSD.P,
U32F:BCHUSDC.P,
U32F:BCHUSDT.P,
U32F:BEAMUSDT.P,
U32F:BEATUSDT.P,
U32F:BELUSDT.P,
U32F:BERAUSDC.P,
U32F:BERAUSDT.P,
U32F:BGBUSDT.P,
U32F:BGSCUSDT.P,
U32F:BICOUSDT.P,
U32F:BIGTIMEUSDT.P,
U32F:BIOUSDC.P,
U32F:BIOUSDT.P,
U32F:BIRBUSDT.P,
U32F:BLASTUSDT.P,
U32F:BLESSUSDT.P,
U32F:BLURUSDT.P,
U32F:BMTUSDT.P,
U32F:BNBUSDC.P,
U32F:BNBUSDT.P,
U32F:BNTUSDT.P,
U32F:BOBUSDT.P,
U32F:BOMEUSDC.P,
U32F:BOMEUSDT.P,
U32F:BRETTUSDT.P,
U32F:BREVUSDT.P,
U32F:BROCCOLIUSDT.P,
U32F:BRUSDT.P,
U32F:BSUUSDT.P,
U32F:BSVUSDT.P,
U32F:BTCUSD.260327,
U32F:BTCUSD.260626,
U32F:BTCUSD.P,
U32F:BTCUSDC.P,
U32F:BTCUSDT.P,
U32F:BUSDT.P,
U32F:C98USDT.P,
U32F:CAKEUSDT.P,
U32F:CAMPUSDT.P,
U32F:CARVUSDT.P,
U32F:CATIUSDT.P,
U32F:CELOUSDT.P,
U32F:CELRUSDT.P,
U32F:CETUSUSDT.P,
U32F:CFGUSDT.P,
U32F:CFXUSDT.P,
U32F:CGPTUSDT.P,
U32F:CHILLGUYUSDT.P,
U32F:CHRUSDT.P,
U32F:CHZUSDT.P,
U32F:CKBUSDT.P,
U32F:CLANKERUSDT.P,
U32F:CLOUSDT.P,
U32F:COAIUSDT.P,
U32F:COMPUSDT.P,
U32F:COOKIEUSDT.P,
U32F:COREUSDT.P,
U32F:COSTUSDT.P,
U32F:COTIUSDT.P,
U32F:COWUSDT.P,
U32F:CROSSUSDT.P,
U32F:CROUSDT.P,
U32F:CRVUSDC.P,
U32F:CRVUSDT.P,
U32F:CTCUSDT.P,
U32F:CTKUSDT.P,
U32F:CTSIUSDT.P,
U32F:CUSDT.P,
U32F:CVCUSDT.P,
U32F:CVXUSDT.P,
U32F:CYBERUSDT.P,
U32F:CYSUSDT.P,
U32F:DASHUSDT.P,
U32F:DEEPUSDT.P,
U32F:DEGENUSDT.P,
U32F:DENTUSDT.P,
U32F:DEXEUSDT.P,
U32F:DFUSDT.P,
U32F:DIAUSDT.P,
U32F:DOGEUSD.P,
U32F:DOGEUSDC.P,
U32F:DOGEUSDT.P,
U32F:DOGSUSDT.P,
U32F:DOLOUSDT.P,
U32F:DOODUSDT.P,
U32F:DOTUSD.P,
U32F:DOTUSDC.P,
U32F:DOTUSDT.P,
U32F:DRIFTUSDT.P,
U32F:DYDXUSDT.P,
U32F:DYMUSDT.P,
U32F:EDENUSDT.P,
U32F:EGLDUSDT.P,
U32F:EIGENUSDC.P,
U32F:EIGENUSDT.P,
U32F:ELSAUSDT.P,
U32F:ENAUSDC.P,
U32F:ENAUSDT.P,
U32F:ENJUSDT.P,
U32F:ENSOUSDT.P,
U32F:ENSUSDC.P,
U32F:ENSUSDT.P,
U32F:EPICUSDT.P,
U32F:ERAUSDT.P,
U32F:ESPORTSUSDT.P,
U32F:ESPUSDT.P,
U32F:ETCUSD.P,
U32F:ETCUSDC.P,
U32F:ETCUSDT.P,
U32F:ETHFIUSDC.P,
U32F:ETHFIUSDT.P,
U32F:ETHUSD.260327,
U32F:ETHUSD.260626,
U32F:ETHUSD.P,
U32F:ETHUSDC.P,
U32F:ETHUSDT.P,
U32F:ETHWUSDT.P,
U32F:EULUSDT.P,
U32F:FARTCOINUSDC.P,
U32F:FARTCOINUSDT.P,
U32F:FETUSDT.P,
U32F:FFUSDT.P,
U32F:FIDAUSDT.P,
U32F:FIGHTUSDT.P,
U32F:FILUSD.P,
U32F:FILUSDC.P,
U32F:FILUSDT.P,
U32F:FLOCKUSDT.P,
U32F:FLOKIUSDT.P,
U32F:FLOWUSDT.P,
U32F:FLUIDUSDT.P,
U32F:FLUXUSDT.P,
U32F:FOGOUSDT.P,
U32F:FOLKSUSDT.P,
U32F:FORMUSDT.P,
U32F:FORTHUSDT.P,
U32F:FRAXUSDT.P,
U32F:FUNTOKENUSDT.P,
U32F:FUNUSDT.P,
U32F:FUSDT.P,
U32F:GALAUSDC.P,
U32F:GALAUSDT.P,
U32F:GASUSDT.P,
U32F:GIGAUSDT.P,
U32F:GIGGLEUSDT.P,
U32F:GLMUSDT.P,
U32F:GMTUSDT.P,
U32F:GMXUSDT.P,
U32F:GNOUSDT.P,
U32F:GOATUSDT.P,
U32F:GPSUSDT.P,
U32F:GRASSUSDT.P,
U32F:GRIFFAINUSDT.P,
U32F:GRTUSDT.P,
U32F:GTCUSDT.P,
U32F:GUNUSDT.P,
U32F:GUSDT.P,
U32F:GWEIUSDT.P,
U32F:HAEDALUSDT.P,
U32F:HBARUSDC.P,
U32F:HBARUSDT.P,
U32F:HEIUSDT.P,
U32F:HFTUSDT.P,
U32F:HIPPOUSDT.P,
U32F:HIVEUSDT.P,
U32F:HMSTRUSDT.P,
U32F:HNTUSDT.P,
U32F:HOLOUSDT.P,
U32F:HOMEUSDT.P,
U32F:HOTUSDT.P,
U32F:HUMAUSDT.P,
U32F:HUSDT.P,
U32F:HYPERUSDT.P,
U32F:HYPEUSDT.P,
U32F:ICNTUSDT.P,
U32F:ICPUSDT.P,
U32F:ICXUSDT.P,
U32F:IDOLUSDT.P,
U32F:IDUSDT.P,
U32F:ILVUSDT.P,
U32F:IMXUSDT.P,
U32F:INITUSDT.P,
U32F:INJUSDT.P,
U32F:INUSDT.P,
U32F:INXUSDT.P,
U32F:IOSTUSDT.P,
U32F:IOTAUSDT.P,
U32F:IOTXUSDT.P,
U32F:IOUSDT.P,
U32F:IPUSDC.P,
U32F:IPUSDT.P,
U32F:IRUSDT.P,
U32F:IRYSUSDT.P,
U32F:JASMYUSDT.P,
U32F:JCTUSDT.P,
U32F:JOEUSDT.P,
U32F:JSTUSDT.P,
U32F:JTOUSDT.P,
U32F:JUPUSDT.P,
U32F:KAIAUSDT.P,
U32F:KAITOUSDC.P,
U32F:KAITOUSDT.P,
U32F:KASUSDT.P,
U32F:KAVAUSDT.P,
U32F:KERNELUSDT.P,
U32F:KGENUSDT.P,
U32F:KITEUSDT.P,
U32F:KMNOUSDT.P,
U32F:KNCUSDT.P,
U32F:KSMUSDT.P,
U32F:LABUSDT.P,
U32F:LAUSDT.P,
U32F:LAYERUSDT.P,
U32F:LDOUSDT.P,
U32F:LIGHTUSDT.P,
U32F:LINEAUSDT.P,
U32F:LINKUSD.P,
U32F:LINKUSDC.P,
U32F:LINKUSDT.P,
U32F:LISTAUSDT.P,
U32F:LITUSDT.P,
U32F:LPTUSDT.P,
U32F:LQTYUSDT.P,
U32F:LRCUSDT.P,
U32F:LSKUSDT.P,
U32F:LTCUSD.P,
U32F:LTCUSDC.P,
U32F:LTCUSDT.P,
U32F:LUMIAUSDT.P,
U32F:LUNAUSDT.P,
U32F:LUNCUSDT.P,
U32F:LYNUSDT.P,
U32F:MAGICUSDT.P,
U32F:MAGMAUSDT.P,
U32F:MANAUSDT.P,
U32F:MANTAUSDT.P,
U32F:MANTRAUSDT.P,
U32F:MASKUSDT.P,
U32F:MAVUSDT.P,
U32F:MBOXUSDT.P,
U32F:MEGAUSDT.P,
U32F:MELANIAUSDT.P,
U32F:MEMEUSDT.P,
U32F:MERLUSDT.P,
U32F:METISUSDT.P,
U32F:METUSDT.P,
U32F:MEUSDT.P,
U32F:MEWUSDT.P,
U32F:MINAUSDT.P,
U32F:MIRAUSDT.P,
U32F:MITOUSDT.P,
U32F:MLNUSDT.P,
U32F:MMTUSDT.P,
U32F:MOCAUSDT.P,
U32F:MONUSDT.P,
U32F:MOODENGUSDT.P,
U32F:MORPHOUSDT.P,
U32F:MOVEUSDT.P,
U32F:MOVRUSDT.P,
U32F:MTLUSDT.P,
U32F:MUBARAKUSDT.P,
U32F:MUSDT.P,
U32F:MYXUSDT.P,
U32F:NAORISUSDT.P,
U32F:NEARUSD.P,
U32F:NEARUSDC.P,
U32F:NEARUSDT.P,
U32F:NEIROCTOUSDT.P,
U32F:NEOUSDC.P,
U32F:NEOUSDT.P,
U32F:NEWTUSDT.P,
U32F:NFPUSDT.P,
U32F:NIGHTUSDT.P,
U32F:NILUSDT.P,
U32F:NMRUSDT.P,
U32F:NOMUSDT.P,
U32F:NOTUSDT.P,
U32F:NTRNUSDT.P,
U32F:NXPCUSDT.P,
U32F:OGNUSDT.P,
U32F:OGUSDT.P,
U32F:OLUSDT.P,
U32F:OMUSDT.P,
U32F:ONDOUSDC.P,
U32F:ONDOUSDT.P,
U32F:ONEUSDT.P,
U32F:ONGUSDT.P,
U32F:ONTUSDT.P,
U32F:OPENUSDT.P,
U32F:OPNUSDT.P,
U32F:OPUSD.P,
U32F:OPUSDC.P,
U32F:OPUSDT.P,
U32F:ORCAUSDT.P,
U32F:ORDERUSDT.P,
U32F:ORDIUSDC.P,
U32F:ORDIUSDT.P,
U32F:OXTUSDT.P,
U32F:PARTIUSDT.P,
U32F:PAXGUSDT.P,
U32F:PEAQUSDT.P,
U32F:PENDLEUSDT.P,
U32F:PENGUUSDC.P,
U32F:PENGUUSDT.P,
U32F:PEOPLEUSDT.P,
U32F:PEPEUSDC.P,
U32F:PEPEUSDT.P,
U32F:PHAUSDT.P,
U32F:PHBUSDT.P,
U32F:PIEVERSEUSDT.P,
U32F:PIPPINUSDT.P,
U32F:PIUSDC.P,
U32F:PIUSDT.P,
U32F:PIXELUSDT.P,
U32F:PLUMEUSDT.P,
U32F:PNUTUSDC.P,
U32F:PNUTUSDT.P,
U32F:POLUSDC.P,
U32F:POLUSDT.P,
U32F:POLYXUSDT.P,
U32F:POPCATUSDC.P,
U32F:POPCATUSDT.P,
U32F:PORTALUSDT.P,
U32F:POWERUSDT.P,
U32F:POWRUSDT.P,
U32F:PROMUSDT.P,
U32F:PROVEUSDT.P,
U32F:PUFFERUSDT.P,
U32F:PUMPUSDT.P,
U32F:PUNDIXUSDT.P,
U32F:PYRUSDT.P,
U32F:PYTHUSDT.P,
U32F:QNTUSDT.P,
U32F:QTUMUSDT.P,
U32F:QUSDT.P,
U32F:RAREUSDT.P,
U32F:RAVEUSDT.P,
U32F:RAYUSDT.P,
U32F:RDNTUSDT.P,
U32F:RECALLUSDT.P,
U32F:REDUSDT.P,
U32F:RENDERUSDT.P,
U32F:RESOLVUSDT.P,
U32F:REZUSDT.P,
U32F:RIVERUSDT.P,
U32F:RLSUSDT.P,
U32F:ROBOUSDT.P,
U32F:RONUSDT.P,
U32F:ROSEUSDT.P,
U32F:RPLUSDT.P,
U32F:RSRUSDT.P,
U32F:RUNEUSDT.P,
U32F:RVNUSDT.P,
U32F:SAFEUSDT.P,
U32F:SAGAUSDT.P,
U32F:SAHARAUSDT.P,
U32F:SANDUSDT.P,
U32F:SANTOSUSDT.P,
U32F:SAPIENUSDT.P,
U32F:SCRTUSDT.P,
U32F:SCRUSDT.P,
U32F:SEIUSDT.P,
U32F:SENTUSDT.P,
U32F:SFPUSDT.P,
U32F:SHELLUSDT.P,
U32F:SHIBUSDC.P,
U32F:SHIBUSDT.P,
U32F:SIGNUSDT.P,
U32F:SIRENUSDT.P,
U32F:SKLUSDT.P,
U32F:SKRUSDT.P,
U32F:SKYAIUSDT.P,
U32F:SKYUSDT.P,
U32F:SLPUSDT.P,
U32F:SNTUSDT.P,
U32F:SNXUSDT.P,
U32F:SOLUSD.P,
U32F:SOLUSDC.P,
U32F:SOLUSDT.P,
U32F:SOLVUSDT.P,
U32F:SOMIUSDT.P,
U32F:SONICUSDT.P,
U32F:SOONUSDT.P,
U32F:SOPHUSDT.P,
U32F:SPACEUSDT.P,
U32F:SPELLUSDT.P,
U32F:SPKUSDT.P,
U32F:SPXUSDT.P,
U32F:SQDUSDT.P,
U32F:SSVUSDT.P,
U32F:STABLEUSDT.P,
U32F:STBLUSDT.P,
U32F:STEEMUSDT.P,
U32F:STGUSDT.P,
U32F:STORJUSDT.P,
U32F:STOUSDT.P,
U32F:STRKUSDC.P,
U32F:STRKUSDT.P,
U32F:STXUSDC.P,
U32F:STXUSDT.P,
U32F:SUIUSD.P,
U32F:SUIUSDC.P,
U32F:SUIUSDT.P,
U32F:SUNUSDT.P,
U32F:SUPERUSDT.P,
U32F:SUSDT.P,
U32F:SUSHIUSDT.P,
U32F:SXTUSDT.P,
U32F:SYNUSDT.P,
U32F:SYRUPUSDT.P,
U32F:SYSUSDT.P,
U32F:TACUSDT.P,
U32F:TAGUSDT.P,
U32F:TAIKOUSDT.P,
U32F:TAIUSDT.P,
U32F:TAKEUSDT.P,
U32F:TAOUSDT.P,
U32F:THETAUSDT.P,
U32F:THEUSDT.P,
U32F:TIAUSDC.P,
U32F:TIAUSDT.P,
U32F:TLMUSDT.P,
U32F:TNSRUSDT.P,
U32F:TONUSDC.P,
U32F:TONUSDT.P,
U32F:TOSHIUSDT.P,
U32F:TOWNSUSDT.P,
U32F:TRBUSDT.P,
U32F:TREEUSDT.P,
U32F:TRIAUSDT.P,
U32F:TRUMPUSDC.P,
U32F:TRUMPUSDT.P,
U32F:TRUSTUSDT.P,
U32F:TRUUSDT.P,
U32F:TRXUSD.P,
U32F:TRXUSDC.P,
U32F:TRXUSDT.P,
U32F:TSTBSCUSDT.P,
U32F:TURBOUSDT.P,
U32F:TUSDT.P,
U32F:TUTUSDT.P,
U32F:UAIUSDT.P,
U32F:UBUSDT.P,
U32F:UMAUSDT.P,
U32F:UNIUSD.P,
U32F:UNIUSDC.P,
U32F:UNIUSDT.P,
U32F:USDCUSDT.P,
U32F:USELESSUSDT.P,
U32F:USTCUSDT.P,
U32F:USUALUSDT.P,
U32F:USUSDT.P,
U32F:VANAUSDC.P,
U32F:VANAUSDT.P,
U32F:VANRYUSDT.P,
U32F:VELODROMEUSDT.P,
U32F:VELOUSDT.P,
U32F:VELVETUSDT.P,
U32F:VETUSDT.P,
U32F:VICUSDT.P,
U32F:VINEUSDT.P,
U32F:VIRTUALUSDT.P,
U32F:VTHOUSDT.P,
U32F:VVVUSDT.P,
U32F:WALUSDT.P,
U32F:WAVESUSDT.P,
U32F:WAXPUSDT.P,
U32F:WCTUSDT.P,
U32F:WETUSDT.P,
U32F:WIFUSD.P,
U32F:WIFUSDC.P,
U32F:WIFUSDT.P,
U32F:WLDUSDC.P,
U32F:WLDUSDT.P,
U32F:WLFIUSDC.P,
U32F:WLFIUSDT.P,
U32F:WOOUSDT.P,
U32F:WUSDT.P,
U32F:XAIUSDT.P,
U32F:XANUSDT.P,
U32F:XAUTUSDT.P,
U32F:XDCUSDT.P,
U32F:XLMUSD.P,
U32F:XLMUSDC.P,
U32F:XLMUSDT.P,
U32F:XMRUSDT.P,
U32F:XPINUSDT.P,
U32F:XPLUSDT.P,
U32F:XRPUSD.P,
U32F:XRPUSDC.P,
U32F:XRPUSDT.P,
U32F:XTZUSDT.P,
U32F:XVGUSDT.P,
U32F:XVSUSDT.P,
U32F:YBUSDT.P,
U32F:YGGUSDT.P,
U32F:ZAMAUSDT.P,
U32F:ZBCNUSDT.P,
U32F:ZBTUSDT.P,
U32F:ZECUSDT.P,
U32F:ZENUSDT.P,
U32F:ZEREBROUSDT.P,
U32F:ZETAUSDT.P,
U32F:ZILUSDT.P,
U32F:ZKCUSDT.P,
U32F:ZKJUSDT.P,
U32F:ZKPUSDT.P,
U32F:ZKUSDT.P,
U32F:ZORAUSDT.P,
U32F:ZROUSDT.P,
U32F:ZRXUSDT.P,
U32X:0GUSDT,
U32X:10SETUSDT,
U32X:1INCHUSDT,
U32X:2ZUSDT,
U32X:A2ZUSDT,
U32X:A47USDT,
U32X:A8USDT,
U32X:AAVEBTC,
U32X:AAVEUSDC,
U32X:AAVEUSDT,
U32X:ABUSDT,
U32X:ACEUSDT,
U32X:ACHUSDT,
U32X:ACMUSDT,
U32X:ACTUSDT,
U32X:ACXUSDT,
U32X:ADAEUR,
U32X:ADAUSDC,
U32X:ADAUSDT,
U32X:AERGOUSDT,
U32X:AEROUSDT,
U32X:AEVOUSDT,
U32X:AFCUSDT,
U32X:AGLDUSDT,
U32X:AIAUSDT,
U32X:AIAVUSDT,
U32X:AINUSDT,
U32X:AIOUSDT,
U32X:AITECHUSDT,
U32X:AIUSDT,
U32X:AIXBTUSDT,
U32X:ALCHUSDT,
U32X:ALGOUSDC,
U32X:ALGOUSDT,
U32X:ALICEUSDT,
U32X:ALLOUSDT,
U32X:ALMANAKUSDT,
U32X:ALPHUSDT,
U32X:ALPINEUSDT,
U32X:ALTUSDT,
U32X:ALUSDT,
U32X:AMPUSDT,
U32X:ANIMEUSDT,
U32X:ANKRUSDT,
U32X:APEUSDT,
U32X:API3USDT,
U32X:APRUSDT,
U32X:APTUSDC,
U32X:APTUSDT,
U32X:AQTUSDT,
U32X:ARBUSDC,
U32X:ARBUSDT,
U32X:ARGUSDT,
U32X:ARIAIPUSDT,
U32X:ARIAUSDT,
U32X:ARKMUSDT,
U32X:ARKUSDT,
U32X:ARPAUSDT,
U32X:ARTXUSDT,
U32X:ARUSDC,
U32X:ARUSDT,
U32X:ASRUSDT,
U32X:ASTERUSDT,
U32X:ASTRUSDT,
U32X:ATHUSDT,
U32X:ATMUSDT,
U32X:ATOMUSDT,
U32X:AUCTIONUSDT,
U32X:AUDIOUSDT,
U32X:AUSDT,
U32X:AVAILUSDT,
U32X:AVAUSDT,
U32X:AVAXBTC,
U32X:AVAXEUR,
U32X:AVAXUSDC,
U32X:AVAXUSDT,
U32X:AVNTUSDT,
U32X:AWEUSDT,
U32X:AXLUSDT,
U32X:AXSUSDT,
U32X:B2USDT,
U32X:BABYDOGEUSDT,
U32X:BABYUSDT,
U32X:BALUSDT,
U32X:BANANAS31USDT,
U32X:BANANAUSDT,
U32X:BANDUSDT,
U32X:BANKUSDT,
U32X:BANUSDT,
U32X:BARDUSDT,
U32X:BARUSDT,
U32X:BATUSDT,
U32X:BAYUSDT,
U32X:BBUSDT,
U32X:BCHUSDC,
U32X:BCHUSDT,
U32X:BDXNUSDT,
U32X:BEAMUSDT,
U32X:BERAUSDT,
U32X:BGBBRL,
U32X:BGBBTC,
U32X:BGBETH,
U32X:BGBEUR,
U32X:BGBUSDC,
U32X:BGBUSDT,
U32X:BGSCUSDT,
U32X:BGSOLUSDT,
U32X:BICOUSDT,
U32X:BIGTIMEUSDT,
U32X:BIOUSDT,
U32X:BIRBUSDT,
U32X:BLASTUSDT,
U32X:BLESSUSDT,
U32X:BLUEUSDT,
U32X:BLUMUSDT,
U32X:BLURUSDT,
U32X:BMTUSDT,
U32X:BNBUSDC,
U32X:BNBUSDT,
U32X:BNTUSDT,
U32X:BOMEUSDT,
U32X:BONKUSDT,
U32X:BOSUSDT,
U32X:BRETTUSDT,
U32X:BREVUSDT,
U32X:BROCCOLIUSDT,
U32X:BRUSDT,
U32X:BSBUSDT,
U32X:BSUUSDT,
U32X:BSVUSDT,
U32X:BTCBRL,
U32X:BTCEUR,
U32X:BTCRLUSD,
U32X:BTCUSD1,
U32X:BTCUSDC,
U32X:BTCUSDE,
U32X:BTCUSDT,
U32X:BTCWUSD,
U32X:BTRUSDT,
U32X:BTTUSDT,
U32X:BTWUSDT,
U32X:BUSDT,
U32X:BYTEUSDT,
U32X:C98USDT,
U32X:CAKEUSDT,
U32X:CAMPUSDT,
U32X:CARVUSDT,
U32X:CATIUSDT,
U32X:CBKUSDT,
U32X:CELOUSDT,
U32X:CELRUSDT,
U32X:CESSUSDT,
U32X:CETUSUSDT,
U32X:CFXUSDT,
U32X:CGNUSDT,
U32X:CGPTUSDT,
U32X:CHEEMSUSDT,
U32X:CHESSUSDT,
U32X:CHILLGUYUSDT,
U32X:CHRUSDT,
U32X:CHZUSDT,
U32X:CKBUSDT,
U32X:CLANKERUSDT,
U32X:COAIUSDT,
U32X:COLLECTUSDT,
U32X:COMMONUSDT,
U32X:COMPUSDT,
U32X:COOKIEUSDT,
U32X:COQUSDT,
U32X:COREUSDT,
U32X:COTIUSDT,
U32X:COWUSDT,
U32X:CPOOLUSDT,
U32X:CREOUSDT,
U32X:CROSSUSDT,
U32X:CROUSDT,
U32X:CRVBTC,
U32X:CRVUSDT,
U32X:CSPRUSDT,
U32X:CTCUSDT,
U32X:CTSIUSDT,
U32X:CUDISUSDT,
U32X:CUSDT,
U32X:CVCUSDT,
U32X:CVXUSDT,
U32X:CYBERUSDT,
U32X:CYSUSDT,
U32X:DAIUSDC,
U32X:DAIUSDT,
U32X:DBRUSDT,
U32X:DEEPUSDT,
U32X:DEGENUSDT,
U32X:DENTUSDT,
U32X:DGRAMUSDT,
U32X:DMCUSDT,
U32X:DNUSDT,
U32X:DODOUSDT,
U32X:DOGEBTC,
U32X:DOGEEUR,
U32X:DOGEUSD1,
U32X:DOGEUSDC,
U32X:DOGEUSDT,
U32X:DOGSUSDT,
U32X:DOGUSDT,
U32X:DOODUSDT,
U32X:DOTUSDC,
U32X:DOTUSDT,
U32X:DRIFTUSDT,
U32X:DTECUSDT,
U32X:DUCKUSDT,
U32X:DUSDT,
U32X:DUSKUSDT,
U32X:DYDXUSDT,
U32X:DYMUSDT,
U32X:EDENUSDT,
U32X:EGL1USDT,
U32X:EGLDUSDT,
U32X:EIGENUSDT,
U32X:ELAUSDT,
U32X:ELIZAOSUSDT,
U32X:ELONUSDT,
U32X:ENAEUR,
U32X:ENAUSDT,
U32X:ENJUSDT,
U32X:ENSOUSDT,
U32X:ENSUSDT,
U32X:EPTUSDT,
U32X:ERAUSDT,
U32X:ESIMUSDT,
U32X:ESPORTSUSDT,
U32X:ESUSDT,
U32X:ETCBTC,
U32X:ETCUSDT,
U32X:ETHBRL,
U32X:ETHBTC,
U32X:ETHEUR,
U32X:ETHFIUSDT,
U32X:ETHRLUSD,
U32X:ETHUSD1,
U32X:ETHUSDC,
U32X:ETHUSDE,
U32X:ETHUSDT,
U32X:ETHWUSDT,
U32X:FARTCOINUSDT,
U32X:FETUSDC,
U32X:FETUSDT,
U32X:FFUSDT,
U32X:FHEUSDT,
U32X:FIDAUSDT,
U32X:FILETH,
U32X:FILUSDC,
U32X:FILUSDT,
U32X:FLKUSDT,
U32X:FLOCKUSDT,
U32X:FLOKIUSDT,
U32X:FLOWUSDT,
U32X:FLUXUSDT,
U32X:FOGOUSDT,
U32X:FORMUSDT,
U32X:FRAXUSDT,
U32X:FROGGIEUSDT,
U32X:FTTUSDT,
U32X:FUELUSDT,
U32X:FUNUSDT,
U32X:FUSDT,
U32X:GAIAUSDT,
U32X:GAIBUSDT,
U32X:GALAUSDT,
U32X:GALFANUSDT,
U32X:GAME2USDT,
U32X:GASUSDT,
U32X:GHOUSDT,
U32X:GHSTUSDT,
U32X:GLMRUSDT,
U32X:GLMUSDT,
U32X:GMTUSDT,
U32X:GMXUSDT,
U32X:GNOUSDT,
U32X:GNSUSDT,
U32X:GOATUSDT,
U32X:GODSUSDT,
U32X:GOMININGUSDT,
U32X:GPSUSDT,
U32X:GRASSUSDT,
U32X:GRTUSDT,
U32X:GUNUSDT,
U32X:GUSDT,
U32X:GWEIUSDT,
U32X:HAEDALUSDT,
U32X:HBARUSDT,
U32X:HEIUSDT,
U32X:HFTUSDT,
U32X:HIGHUSDT,
U32X:HIPPOUSDT,
U32X:HIVEUSDT,
U32X:HMSTRUSDT,
U32X:HNTUSDT,
U32X:HOLDUSDT,
U32X:HOLOUSDT,
U32X:HOMEUSDT,
U32X:HOOKUSDT,
U32X:HOTUSDT,
U32X:HTXUSDT,
U32X:HUMAUSDT,
U32X:HUSDT,
U32X:HYPERUSDT,
U32X:HYPEUSDT,
U32X:IAGUSDT,
U32X:ICNTUSDT,
U32X:ICPUSDC,
U32X:ICPUSDT,
U32X:ICXUSDT,
U32X:IDEXUSDT,
U32X:IDOLUSDT,
U32X:IDUSDT,
U32X:IKAUSDT,
U32X:ILVUSDT,
U32X:IMUUSDT,
U32X:IMXUSDT,
U32X:INITUSDT,
U32X:INJUSDC,
U32X:INJUSDT,
U32X:INTERUSDT,
U32X:INUSDT,
U32X:IOSTUSDT,
U32X:IOTXUSDT,
U32X:IOUSDT,
U32X:IPUSDT,
U32X:IQUSDT,
U32X:IRUSDT,
U32X:IRYSUSDT,
U32X:JASMYUSDT,
U32X:JCTUSDT,
U32X:JELLYJELLYUSDT,
U32X:JOEUSDT,
U32X:JSTUSDT,
U32X:JTOUSDT,
U32X:JUPUSDT,
U32X:JUSDT,
U32X:JUVUSDT,
U32X:KAIAUSDT,
U32X:KAITOUSDT,
U32X:KASUSDT,
U32X:KAVAUSDT,
U32X:KERNELUSDT,
U32X:KGENUSDT,
U32X:KITEUSDT,
U32X:KLVUSDT,
U32X:KMNOUSDT,
U32X:KNCUSDT,
U32X:KOMAUSDT,
U32X:KSMUSDT,
U32X:KUBUSDT,
U32X:KUSDT,
U32X:L3USDT,
U32X:LABUSDT,
U32X:LATUSDT,
U32X:LAUSDT,
U32X:LAYERUSDT,
U32X:LAZIOUSDT,
U32X:LDOUSDT,
U32X:LIGHTUSDT,
U32X:LINEAUSDT,
U32X:LINKBTC,
U32X:LINKEUR,
U32X:LINKUSDC,
U32X:LINKUSDT,
U32X:LISTAUSDT,
U32X:LITUSDT,
U32X:LMWRUSDT,
U32X:LNQUSDT,
U32X:LPTUSDT,
U32X:LQTYUSDT,
U32X:LRCUSDT,
U32X:LSKUSDT,
U32X:LTCBTC,
U32X:LTCETH,
U32X:LTCEUR,
U32X:LTCUSDC,
U32X:LTCUSDT,
U32X:LUMIAUSDT,
U32X:LUNAUSDT,
U32X:LUNCUSDT,
U32X:MAGICUSDT,
U32X:MAGMAUSDT,
U32X:MAKUSDT,
U32X:MANAUSDT,
U32X:MANTAUSDT,
U32X:MANTRAUSDT,
U32X:MAPOUSDT,
U32X:MASAUSDT,
U32X:MASKUSDT,
U32X:MASUSDT,
U32X:MAVUSDT,
U32X:MAXEXCHANGEUSDT,
U32X:MBLUSDT,
U32X:MBOXUSDT,
U32X:MEMEUSDT,
U32X:MERLUSDT,
U32X:METISUSDT,
U32X:METUSDT,
U32X:MEUSDT,
U32X:MEWUSDT,
U32X:MGOUSDT,
U32X:MILKUSDT,
U32X:MINAUSDT,
U32X:MIRAUSDT,
U32X:MLUSDT,
U32X:MMTUSDT,
U32X:MOCAUSDT,
U32X:MOEWUSDT,
U32X:MOGUSDT,
U32X:MONUSDT,
U32X:MOODENGUSDT,
U32X:MORPHOUSDT,
U32X:MOVEUSDT,
U32X:MOVRUSDT,
U32X:MTLUSDT,
U32X:MUBARAKUSDT,
U32X:MUSDT,
U32X:MXUSDT,
U32X:MYXUSDT,
U32X:NAORISUSDT,
U32X:NEAREUR,
U32X:NEARUSDC,
U32X:NEARUSDT,
U32X:NEIROCTOUSDT,
U32X:NEOUSDT,
U32X:NEROUSDT,
U32X:NESSUSDT,
U32X:NEWTUSDT,
U32X:NEXOUSDT,
U32X:NFPUSDT,
U32X:NFTUSDT,
U32X:NILUSDT,
U32X:NKNUSDT,
U32X:NMRUSDT,
U32X:NODEUSDT,
U32X:NOMUSDT,
U32X:NOTUSDT,
U32X:NPCUSDT,
U32X:NSUSDT,
U32X:NTRNUSDT,
U32X:NXPCUSDT,
U32X:NYMUSDT,
U32X:OBOLUSDT,
U32X:OGNUSDT,
U32X:OGUSDT,
U32X:OMUSDT,
U32X:ONDOEUR,
U32X:ONDOUSDC,
U32X:ONDOUSDT,
U32X:ONEUSDT,
U32X:ONGUSDT,
U32X:ONTUSDT,
U32X:OPENUSDT,
U32X:OPNUSDT,
U32X:OPUSDC,
U32X:OPUSDT,
U32X:ORBSUSDT,
U32X:ORCAUSDT,
U32X:ORDERUSDT,
U32X:ORDIUSDT,
U32X:OSMOUSDT,
U32X:OXTUSDT,
U32X:PARTIUSDT,
U32X:PAXGUSDT,
U32X:PCIUSDT,
U32X:PEAQUSDT,
U32X:PENDLEUSDT,
U32X:PENGUINUSDT,
U32X:PENGUUSDT,
U32X:PEOPLEUSDT,
U32X:PEPEEUR,
U32X:PEPEUSDC,
U32X:PEPEUSDT,
U32X:PERPUSDT,
U32X:PHAUSDT,
U32X:PHBUSDT,
U32X:PIUSDT,
U32X:PIXELUSDT,
U32X:PLANCKUSDT,
U32X:PLUMEUSDT,
U32X:PNUTUSDT,
U32X:POLUSDC,
U32X:POLUSDT,
U32X:POLYXUSDT,
U32X:PONDUSDT,
U32X:PORTALUSDT,
U32X:PORTOUSDT,
U32X:POWERUSDT,
U32X:POWRUSDT,
U32X:PRAIUSDT,
U32X:PRCLUSDT,
U32X:PRIMEUSDT,
U32X:PROMPTUSDT,
U32X:PROMUSDT,
U32X:PROPSUSDT,
U32X:PROVEUSDT,
U32X:PSGUSDT,
U32X:PUBLICUSDT,
U32X:PUFFERUSDT,
U32X:PUMPBTCUSDT,
U32X:PUMPUSDT,
U32X:PUNDIXUSDT,
U32X:PUSDT,
U32X:PYRUSDT,
U32X:PYTHUSDT,
U32X:PYUSDUSDT,
U32X:QKCUSDT,
U32X:QNTUSDT,
U32X:QTUMUSDT,
U32X:QUBICUSDT,
U32X:QUICKUSDT,
U32X:QUSDT,
U32X:RAREUSDT,
U32X:RATSUSDT,
U32X:RAVEUSDT,
U32X:RAYUSDT,
U32X:RDACUSDT,
U32X:RDNTUSDT,
U32X:RECALLUSDT,
U32X:REDUSDT,
U32X:RENDERUSDC,
U32X:RENDERUSDT,
U32X:RESOLVUSDT,
U32X:REZUSDT,
U32X:RHEAUSDT,
U32X:RIFUSDT,
U32X:RIVERUSDT,
U32X:RLCUSDT,
U32X:RLSUSDT,
U32X:RLUSDUSDC,
U32X:RLUSDUSDT,
U32X:ROAMUSDT,
U32X:ROBOUSDT,
U32X:ROLLUSDT,
U32X:RONUSDT,
U32X:ROSEUSDT,
U32X:RPLUSDT,
U32X:RSRUSDT,
U32X:RSS3USDT,
U32X:RTXUSDT,
U32X:RUNEUSDT,
U32X:RVNUSDT,
U32X:RVVUSDT,
U32X:RWAUSDT,
U32X:SAFEUSDT,
U32X:SAGAUSDT,
U32X:SAHARAUSDT,
U32X:SANDUSDT,
U32X:SANTOSUSDT,
U32X:SAPIENUSDT,
U32X:SAROSUSDT,
U32X:SATSUSDT,
U32X:SCAUSDT,
U32X:SDEXUSDT,
U32X:SDUSDT,
U32X:SEIUSDT,
U32X:SENTUSDT,
U32X:SFPUSDT,
U32X:SHELLUSDT,
U32X:SHIBEUR,
U32X:SHIBUSDC,
U32X:SHIBUSDT,
U32X:SIGNUSDT,
U32X:SKLUSDT,
U32X:SKRUSDT,
U32X:SKYUSDT,
U32X:SLPUSDT,
U32X:SNEKUSDT,
U32X:SNTUSDT,
U32X:SNXUSDT,
U32X:SOLBTC,
U32X:SOLEUR,
U32X:SOLOUSDT,
U32X:SOLUSD1,
U32X:SOLUSDC,
U32X:SOLUSDE,
U32X:SOLUSDT,
U32X:SOLVUSDT,
U32X:SOMIUSDT,
U32X:SONICUSDT,
U32X:SOONUSDT,
U32X:SOPHUSDT,
U32X:SPACEUSD1,
U32X:SPACEUSDT,
U32X:SPELLUSDT,
U32X:SPKUSDT,
U32X:SSVUSDT,
U32X:STABLEUSDT,
U32X:STETHUSDT,
U32X:STGUSDT,
U32X:STORJUSDT,
U32X:STOUSDT,
U32X:STRAXUSDT,
U32X:STRKUSDT,
U32X:STXUSDC,
U32X:STXUSDT,
U32X:SUIEUR,
U32X:SUIUSD1,
U32X:SUIUSDC,
U32X:SUIUSDT,
U32X:SUNDOGUSDT,
U32X:SUNUSDT,
U32X:SUPERUSDT,
U32X:SUSDT,
U32X:SUSHIUSDT,
U32X:SWARMSUSDT,
U32X:SWCHUSDT,
U32X:SWEATUSDT,
U32X:SWELLUSDT,
U32X:SXPUSDT,
U32X:SXTUSDT,
U32X:SYNUSDT,
U32X:SYRUPUSDT,
U32X:SYSUSDT,
U32X:TACUSDT,
U32X:TAGUSDT,
U32X:TAIKOUSDT,
U32X:TANSSIUSDT,
U32X:TAOUSDC,
U32X:TAOUSDT,
U32X:TCOMUSDT,
U32X:THEUSDT,
U32X:THQUSDT,
U32X:TIAUSDT,
U32X:TLMUSDT,
U32X:TLOSUSDT,
U32X:TNSRUSDT,
U32X:TONEUR,
U32X:TONUSDC,
U32X:TONUSDT,
U32X:TOSHIUSDT,
U32X:TOWNSUSDT,
U32X:TOWNUSDT,
U32X:TRADOORUSDT,
U32X:TRBUSDT,
U32X:TREEUSDT,
U32X:TRIAUSDT,
U32X:TRUMPUSDC,
U32X:TRUMPUSDT,
U32X:TRUSTUSDT,
U32X:TRUUSDT,
U32X:TRXBTC,
U32X:TRXETH,
U32X:TRXUSDC,
U32X:TRXUSDT,
U32X:TURBOUSDT,
U32X:TUSDT,
U32X:TUSDUSDT,
U32X:TUTUSDT,
U32X:TWTUSDT,
U32X:U2UUSDT,
U32X:UAIUSDT,
U32X:UMAUSDT,
U32X:UNIUSDC,
U32X:UNIUSDT,
U32X:UPCUSDT,
U32X:USATUSDT,
U32X:USD1USDC,
U32X:USD1USDT,
U32X:USDCEUR,
U32X:USDCUSD,
U32X:USDCUSDT,
U32X:USDEUSDC,
U32X:USDEUSDT,
U32X:USDSUSDT,
U32X:USDTBRL,
U32X:USDTEUR,
U32X:USDTUSD,
U32X:USTCUSDT,
U32X:USUALUSDT,
U32X:USUSDT,
U32X:UXLINKUSDT,
U32X:VANAUSDT,
U32X:VANRYUSDT,
U32X:VELODROMEUSDT,
U32X:VELOUSDT,
U32X:VELVETUSDT,
U32X:VERTUSDT,
U32X:VETUSDT,
U32X:VFYUSDT,
U32X:VICUSDT,
U32X:VINEUSDT,
U32X:VIRTUALUSDT,
U32X:VOOIUSDT,
U32X:VSNUSDT,
U32X:VTHOUSDT,
U32X:WAIUSDT,
U32X:WALUSDT,
U32X:WARDUSDT,
U32X:WAVESUSDT,
U32X:WAXPUSDT,
U32X:WBTCUSDT,
U32X:WCTUSDT,
U32X:WEETHUSDT,
U32X:WEMIXUSDT,
U32X:WIFEUR,
U32X:WIFUSDT,
U32X:WINUSDT,
U32X:WLDEUR,
U32X:WLDUSDC,
U32X:WLDUSDT,
U32X:WLFIUSDT,
U32X:WOOUSDT,
U32X:WUSDT,
U32X:WUSDUSDT,
U32X:XAIUSDT,
U32X:XAUTUSDT,
U32X:XCXUSDT,
U32X:XDCUSDT,
U32X:XIONUSDT,
U32X:XLMUSDC,
U32X:XLMUSDT,
U32X:XPLUSDT,
U32X:XRPBTC,
U32X:XRPETH,
U32X:XRPEUR,
U32X:XRPRLUSD,
U32X:XRPUSD1,
U32X:XRPUSDC,
U32X:XRPUSDT,
U32X:XTERUSDT,
U32X:XTZUSDT,
U32X:XUSDT,
U32X:YBUSDT,
U32X:YFIUSDT,
U32X:YGGUSDT,
U32X:YZYUSDT,
U32X:ZAMAUSDT,
U32X:ZBCNUSDT,
U32X:ZBTUSDT,
U32X:ZECUSDT,
U32X:ZENTUSDT,
U32X:ZENUSDT,
U32X:ZEREBROUSDT,
U32X:ZETAUSDT,
U32X:ZIGUSDT,
U32X:ZILUSDT,
U32X:ZKCUSDT,
U32X:ZKJUSDT,
U32X:ZKLUSDT,
U32X:ZKUSDT,
U32X:ZORAUSDT,
U32X:ZRCUSDT,
U32X:ZROUSDT,
U32X:ZRXUSDT,
U32X:ZTCUSDT,
UBAF:0GUSDT.P,0G/Tether Perpetual
UBAF:1000000BOBUSDT.P,1000000*Build On BNB/Tether Perpetual
UBAF:1000000MOGUSDT.P,1000000*Mog Coin/Tether Perpetual
UBAF:1000BONKUSDC.P,1000*Bonk/USDC Perpetual
UBAF:1000BONKUSDT.P,1000*Bonk/Tether Perpetual
UBAF:1000CATUSDT.P,1000*Simon's Cat/Tether Perpetual
UBAF:1000CHEEMSUSDT.P,1000*Cheems/Tether Perpetual
UBAF:1000FLOKIUSDT.P,1000*FLOKI/Tether Perpetual
UBAF:1000LUNCUSDT.P,1000*Terra Classic/Tether Perpetual
UBAF:1000PEPEUSDC.P,1000*Pepe/USDC Perpetual
UBAF:1000PEPEUSDT.P,1000*Pepe/Tether Perpetual
UBAF:1000RATSUSDT.P,1000*rats/Tether Perpetual
UBAF:1000SATSUSDT.P,1000*SATS/Tether Perpetual
UBAF:1000SHIBUSDC.P,1000*Shiba Inu/USDC Perpetual
UBAF:1000SHIBUSDT.P,1000*Shiba Inu/Tether Perpetual
UBAF:1000WHYUSDT.P,
UBAF:1000XECUSDT.P,1000*eCash/Tether Perpetual
UBAF:1000XUSDT.P,
UBAF:1INCHUSDT.P,1inch/Tether Perpetual
UBAF:1MBABYDOGEUSDT.P,1M*Baby Doge Coin/Tether Perpetual
UBAF:2ZUSDT.P,DoubleZero/Tether Perpetual
UBAF:42USDT.P,
UBAF:4USDT.P,4/Tether Perpetual
UBAF:A2ZUSDT.P,Arena-Z/Tether Perpetual
UBAF:AAVEUSD.P,Aave/US Dollar Perpetual
UBAF:AAVEUSDC.P,Aave/USDC Perpetual
UBAF:AAVEUSDT.P,Aave/Tether Perpetual
UBAF:ACEUSDT.P,Fusionist/Tether Perpetual
UBAF:ACHUSDT.P,Alchemy Pay/Tether Perpetual
UBAF:ACTUSDT.P,Act I : The AI Prophecy/Tether Perpetual
UBAF:ACUUSDT.P,Acurast/Tether Perpetual
UBAF:ACXUSDT.P,Across Protocol/Tether Perpetual
UBAF:ADAUSD.250926,
UBAF:ADAUSD.P,Cardano/US Dollar Perpetual
UBAF:ADAUSDC.P,Cardano/USDC Perpetual
UBAF:ADAUSDT.P,Cardano/Tether Perpetual
UBAF:AERGOUSDT.P,Aergo/Tether Perpetual
UBAF:AEROUSDT.P,Aerodrome Finance/Tether Perpetual
UBAF:AEVOUSDT.P,Aevo/Tether Perpetual
UBAF:AGIXUSDT.P,
UBAF:AGLDUSDT.P,Adventure Gold/Tether Perpetual
UBAF:AGTUSDT.P,Alaya Governance Token/Tether Perpetual
UBAF:AI16ZUSDT.P,
UBAF:AIAUSDT.P,
UBAF:AINUSDT.P,Infinity Ground/Tether Perpetual
UBAF:AIOTUSDT.P,OKZOO/Tether Perpetual
UBAF:AIOUSDT.P,OLAXBT/Tether Perpetual
UBAF:AIUSDT.P,Sleepless AI/Tether Perpetual
UBAF:AIXBTUSDT.P,aixbt/Tether Perpetual
UBAF:AKEUSDT.P,AKEDO/Tether Perpetual
UBAF:AKTUSDT.P,Akash Network/Tether Perpetual
UBAF:ALCHUSDT.P,Alchemist AI/Tether Perpetual
UBAF:ALGOUSD.P,
UBAF:ALGOUSDT.P,Algorand/Tether Perpetual
UBAF:ALICEUSDT.P,MyNeighborAlice/Tether Perpetual
UBAF:ALLOUSDT.P,Allora/Tether Perpetual
UBAF:ALPACAUSDT.P,
UBAF:ALPHAUSDT.P,
UBAF:ALPINEUSDT.P,Alpine F1 Team Fan Token/Tether Perpetual
UBAF:ALTUSDT.P,Altlayer/Tether Perpetual
UBAF:AMBUSDT.P,
UBAF:ANIMEUSDT.P,Animecoin/Tether Perpetual
UBAF:ANKRUSDT.P,Ankr/Tether Perpetual
UBAF:APEUSD.P,
UBAF:APEUSDT.P,ApeCoin/Tether Perpetual
UBAF:API3USDT.P,API3/Tether Perpetual
UBAF:APRUSDT.P,aPriori/Tether Perpetual
UBAF:APTUSD.P,Aptos/US Dollar Perpetual
UBAF:APTUSDT.P,Aptos/Tether Perpetual
UBAF:ARBUSDC.P,Arbitrum/USDC Perpetual
UBAF:ARBUSDT.P,Arbitrum/Tether Perpetual
UBAF:ARCUSDT.P,AI Rig Complex/Tether Perpetual
UBAF:ARIAUSDT.P,AriaAI/Tether Perpetual
UBAF:ARKMUSDT.P,Arkham/Tether Perpetual
UBAF:ARKUSDT.P,Ark/Tether Perpetual
UBAF:ARPAUSDT.P,ARPA/Tether Perpetual
UBAF:ARUSDT.P,Arweave/Tether Perpetual
UBAF:ASRUSDT.P,AS Roma Fan Token/Tether Perpetual
UBAF:ASTERUSDT.P,Aster/Tether Perpetual
UBAF:ASTRUSDT.P,Astar/Tether Perpetual
UBAF:ATAUSDT.P,Automata Network/Tether Perpetual
UBAF:ATHUSDT.P,Aethir/Tether Perpetual
UBAF:ATOMUSD.P,
UBAF:ATOMUSDT.P,Cosmos/Tether Perpetual
UBAF:ATUSDT.P,APRO/Tether Perpetual
UBAF:AUCTIONUSDT.P,Bounce Token/Tether Perpetual
UBAF:AUSDT.P,Vaulta/Tether Perpetual
UBAF:AVAAIUSDT.P,AVA/Tether Perpetual
UBAF:AVAUSDT.P,AVA/Tether Perpetual
UBAF:AVAXUSD.P,Avalanche/US Dollar Perpetual
UBAF:AVAXUSDC.P,Avalanche/USDC Perpetual
UBAF:AVAXUSDT.P,Avalanche/Tether Perpetual
UBAF:AVNTUSDT.P,Avantis/Tether Perpetual
UBAF:AWEUSDT.P,AWE/Tether Perpetual
UBAF:AXLUSDT.P,Axelar/Tether Perpetual
UBAF:AXSUSD.P,
UBAF:AXSUSDT.P,Axie Infinity/Tether Perpetual
UBAF:AZTECUSDT.P,Aztec/Tether Perpetual
UBAF:B2USDT.P,BSquared Network/Tether Perpetual
UBAF:B3USDT.P,B3/Tether Perpetual
UBAF:BABYUSDT.P,Babylon/Tether Perpetual
UBAF:BADGERUSDT.P,
UBAF:BAKEUSDT.P,
UBAF:BALUSDT.P,
UBAF:BANANAS31USDT.P,Banana For Scale/Tether Perpetual
UBAF:BANANAUSDT.P,Banana Gun/Tether Perpetual
UBAF:BANDUSDT.P,Band/Tether Perpetual
UBAF:BANKUSDT.P,Lorenzo Protocol/Tether Perpetual
UBAF:BANUSDT.P,Comedian/Tether Perpetual
UBAF:BARDUSDT.P,Lombard/Tether Perpetual
UBAF:BASUSDT.P,BNB Attestation Service/Tether Perpetual
UBAF:BATUSDT.P,Basic Attention Token/Tether Perpetual
UBAF:BBUSDT.P,BounceBit/Tether Perpetual
UBAF:BCHUSD.250926,
UBAF:BCHUSD.P,Bitcoin Cash/US Dollar Perpetual
UBAF:BCHUSDC.P,Bitcoin Cash/USDC Perpetual
UBAF:BCHUSDT.P,Bitcoin Cash/Tether Perpetual
UBAF:BDXNUSDT.P,
UBAF:BEAMXUSDT.P,Beam/Tether Perpetual
UBAF:BEATUSDT.P,Audiera/Tether Perpetual
UBAF:BELUSDT.P,Bella Protocol/Tether Perpetual
UBAF:BERAUSDT.P,Berachain/Tether Perpetual
UBAF:BICOUSDT.P,Biconomy/Tether Perpetual
UBAF:BIDUSDT.P,
UBAF:BIGTIMEUSDT.P,Big Time/Tether Perpetual
UBAF:BIOUSDC.P,Bio Protocol/USDC Perpetual
UBAF:BIOUSDT.P,Bio Protocol/Tether Perpetual
UBAF:BIRBUSDT.P,Moonbirds/Tether Perpetual
UBAF:BLESSUSDT.P,Bless/Tether Perpetual
UBAF:BLUAIUSDT.P,Bluwhale/Tether Perpetual
UBAF:BLURUSDT.P,Blur/Tether Perpetual
UBAF:BLZUSDT.P,
UBAF:BMTUSDT.P,Bubblemaps/Tether Perpetual
UBAF:BNBUSD.250926,
UBAF:BNBUSD.251226,
UBAF:BNBUSD.260327,BNB/US Dollar (Mar 2026)
UBAF:BNBUSD.260626,BNB/US Dollar (Jun 2026)
UBAF:BNBUSD.P,BNB/US Dollar Perpetual
UBAF:BNBUSDC.P,BNB/USDC Perpetual
UBAF:BNBUSDT.P,BNB/Tether Perpetual
UBAF:BNTUSDT.P,Bancor/Tether Perpetual
UBAF:BNXUSDT.P,
UBAF:BOBUSDT.P,Build On BNB/Tether Perpetual
UBAF:BOMEUSDC.P,BOOK OF MEME/USDC Perpetual
UBAF:BOMEUSDT.P,BOOK OF MEME/Tether Perpetual
UBAF:BONDUSDT.P,
UBAF:BRETTUSDT.P,Brett/Tether Perpetual
UBAF:BREVUSDT.P,Brevis/Tether Perpetual
UBAF:BROCCOLI714USDT.P,CZ's Dog/Tether Perpetual
UBAF:BROCCOLIF3BUSDT.P,Broccoli/Tether Perpetual
UBAF:BRUSDT.P,Bedrock/Tether Perpetual
UBAF:BSVUSDT.P,Bitcoin SV/Tether Perpetual
UBAF:BSWUSDT.P,
UBAF:BTCSTUSDT.P,
UBAF:BTCUSD.250926,
UBAF:BTCUSD.251226,
UBAF:BTCUSD.260327,Bitcoin/US Dollar (Mar 2026)
UBAF:BTCUSD.260626,Bitcoin/US Dollar (Jun 2026)
UBAF:BTCUSD.P,Bitcoin/US Dollar Perpetual
UBAF:BTCUSDC.P,Bitcoin/USDC Perpetual
UBAF:BTCUSDT.250926,
UBAF:BTCUSDT.251226,
UBAF:BTCUSDT.260327,Bitcoin/Tether (Mar 2026)
UBAF:BTCUSDT.260626,Bitcoin/Tether (Jun 2026)
UBAF:BTCUSDT.P,Bitcoin/Tether Perpetual
UBAF:BTRUSDT.P,Bitlayer/Tether Perpetual
UBAF:BULLAUSDT.P,Bulla/Tether Perpetual
UBAF:BUSDT.P,BUILDon/Tether Perpetual
UBAF:C98USDT.P,Coin98/Tether Perpetual
UBAF:CAKEUSDT.P,PancakeSwap/Tether Perpetual
UBAF:CARVUSDT.P,CARV/Tether Perpetual
UBAF:CATIUSDT.P,Catizen/Tether Perpetual
UBAF:CCUSDT.P,Canton/Tether Perpetual
UBAF:CELOUSDT.P,Celo/Tether Perpetual
UBAF:CELRUSDT.P,Celer Network/Tether Perpetual
UBAF:CETUSUSDT.P,Cetus Protocol/Tether Perpetual
UBAF:CFGUSDT.P,Centrifuge/Tether Perpetual
UBAF:CFXUSDT.P,Conflux/Tether Perpetual
UBAF:CGPTUSDT.P,ChainGPT/Tether Perpetual
UBAF:CHESSUSDT.P,
UBAF:CHILLGUYUSDT.P,Just a chill guy/Tether Perpetual
UBAF:CHRUSDT.P,Chromia/Tether Perpetual
UBAF:CHZUSD.P,
UBAF:CHZUSDT.P,Chiliz/Tether Perpetual
UBAF:CKBUSDT.P,Nervos Network/Tether Perpetual
UBAF:CLANKERUSDT.P,tokenbot/Tether Perpetual
UBAF:CLOUSDT.P,Yei Finance/Tether Perpetual
UBAF:COAIUSDT.P,ChainOpera AI/Tether Perpetual
UBAF:COLLECTUSDT.P,Collect on Fanable/Tether Perpetual
UBAF:COMBOUSDT.P,
UBAF:COMMONUSDT.P,
UBAF:COMPUSDT.P,Compound/Tether Perpetual
UBAF:COOKIEUSDT.P,Cookie DAO/Tether Perpetual
UBAF:COSUSDT.P,Contentos/Tether Perpetual
UBAF:COTIUSDT.P,COTI/Tether Perpetual
UBAF:COWUSDT.P,CoW Protocol/Tether Perpetual
UBAF:CROSSUSDT.P,CROSS/Tether Perpetual
UBAF:CRVUSDC.P,Curve DAO Token/USDC Perpetual
UBAF:CRVUSDT.P,Curve DAO Token/Tether Perpetual
UBAF:CTKUSDT.P,Shentu/Tether Perpetual
UBAF:CTSIUSDT.P,Cartesi/Tether Perpetual
UBAF:CUDISUSDT.P,
UBAF:CUSDT.P,Chainbase/Tether Perpetual
UBAF:CVCUSDT.P,Civic/Tether Perpetual
UBAF:CVXUSDT.P,Convex Finance/Tether Perpetual
UBAF:CYBERUSDT.P,Cyber/Tether Perpetual
UBAF:CYSUSDT.P,Cysic/Tether Perpetual
UBAF:DAMUSDT.P,Reservoir/Tether Perpetual
UBAF:DARUSDT.P,
UBAF:DASHUSDT.P,Dash/Tether Perpetual
UBAF:DEEPUSDT.P,DeepBook Protocol/Tether Perpetual
UBAF:DEGENUSDT.P,Degen/Tether Perpetual
UBAF:DEGOUSDT.P,Dego Finance/Tether Perpetual
UBAF:DENTUSDT.P,Dent/Tether Perpetual
UBAF:DEXEUSDT.P,DeXe/Tether Perpetual
UBAF:DFUSDT.P,
UBAF:DGBUSDT.P,
UBAF:DIAUSDT.P,DIA/Tether Perpetual
UBAF:DMCUSDT.P,
UBAF:DODOXUSDT.P,DODO/Tether Perpetual
UBAF:DOGEUSD.P,Dogecoin/US Dollar Perpetual
UBAF:DOGEUSDC.P,Dogecoin/USDC Perpetual
UBAF:DOGEUSDT.P,Dogecoin/Tether Perpetual
UBAF:DOGSUSD.P,
UBAF:DOGSUSDT.P,DOGS/Tether Perpetual
UBAF:DOLOUSDT.P,Dolomite/Tether Perpetual
UBAF:DOODUSDT.P,Doodles/Tether Perpetual
UBAF:DOTUSD.250926,
UBAF:DOTUSD.P,Polkadot/US Dollar Perpetual
UBAF:DOTUSDT.P,Polkadot/Tether Perpetual
UBAF:DRIFTUSDT.P,Drift/Tether Perpetual
UBAF:DUSDT.P,DAR Open Network/Tether Perpetual
UBAF:DUSKUSDT.P,Dusk/Tether Perpetual
UBAF:DYDXUSDT.P,dYdX/Tether Perpetual
UBAF:DYMUSDT.P,Dymension/Tether Perpetual
UBAF:EDENUSDT.P,OpenEden/Tether Perpetual
UBAF:EDUUSDT.P,Open Campus/Tether Perpetual
UBAF:EGLDUSD.P,
UBAF:EGLDUSDT.P,MultiversX/Tether Perpetual
UBAF:EIGENUSDT.P,EigenLayer/Tether Perpetual
UBAF:ELSAUSDT.P,HeyElsa/Tether Perpetual
UBAF:ENAUSDC.P,Ethena/USDC Perpetual
UBAF:ENAUSDT.P,Ethena/Tether Perpetual
UBAF:ENJUSDT.P,Enjin Coin/Tether Perpetual
UBAF:ENSOUSDT.P,Enso/Tether Perpetual
UBAF:ENSUSD.P,
UBAF:ENSUSDT.P,Ethereum Name Service/Tether Perpetual
UBAF:EPICUSDT.P,Epic Chain/Tether Perpetual
UBAF:EPTUSDT.P,
UBAF:ERAUSDT.P,Caldera/Tether Perpetual
UBAF:ESPORTSUSDT.P,Yooldo/Tether Perpetual
UBAF:ESPUSDT.P,Espresso/Tether Perpetual
UBAF:ETCUSD.P,Ethereum Classic/US Dollar Perpetual
UBAF:ETCUSDT.P,Ethereum Classic/Tether Perpetual
UBAF:ETHBTC.P,Ethereum/Bitcoin Perpetual
UBAF:ETHFIUSDC.P,ether.fi/USDC Perpetual
UBAF:ETHFIUSDT.P,ether.fi/Tether Perpetual
UBAF:ETHUSD.250926,
UBAF:ETHUSD.251226,
UBAF:ETHUSD.260327,Ethereum/US Dollar (Mar 2026)
UBAF:ETHUSD.260626,Ethereum/US Dollar (Jun 2026)
UBAF:ETHUSD.P,Ethereum/US Dollar Perpetual
UBAF:ETHUSDC.P,Ethereum/USDC Perpetual
UBAF:ETHUSDT.250926,
UBAF:ETHUSDT.251226,
UBAF:ETHUSDT.260327,Ethereum/Tether (Mar 2026)
UBAF:ETHUSDT.260626,Ethereum/Tether (Jun 2026)
UBAF:ETHUSDT.P,Ethereum/Tether Perpetual
UBAF:ETHWUSDT.P,EthereumPoW/Tether Perpetual
UBAF:EULUSDT.P,Euler/Tether Perpetual
UBAF:EVAAUSDT.P,EVAA Protocol/Tether Perpetual
UBAF:FARTCOINUSDT.P,Fartcoin/Tether Perpetual
UBAF:FETUSDT.P,Artificial Superintelligence Alliance/Tether Perpetual
UBAF:FFUSDT.P,Falcon Finance/Tether Perpetual
UBAF:FHEUSDT.P,Mind Network/Tether Perpetual
UBAF:FIDAUSDT.P,Bonfida/Tether Perpetual
UBAF:FIGHTUSDT.P,FIGHT/Tether Perpetual
UBAF:FILUSD.P,Filecoin/US Dollar Perpetual
UBAF:FILUSDC.P,Filecoin/USDC Perpetual
UBAF:FILUSDT.P,Filecoin/Tether Perpetual
UBAF:FIOUSDT.P,FIO Protocol/Tether Perpetual
UBAF:FISUSDT.P,
UBAF:FLMUSDT.P,
UBAF:FLOCKUSDT.P,FLock.io/Tether Perpetual
UBAF:FLOWUSDT.P,Flow/Tether Perpetual
UBAF:FLUIDUSDT.P,Fluid/Tether Perpetual
UBAF:FLUXUSDT.P,Flux/Tether Perpetual
UBAF:FOGOUSDT.P,Fogo/Tether Perpetual
UBAF:FOLKSUSDT.P,Folks Finance/Tether Perpetual
UBAF:FORMUSDT.P,Four/Tether Perpetual
UBAF:FORTHUSDT.P,Ampleforth Governance Token/Tether Perpetual
UBAF:FRAXUSDT.P,Frax/Tether Perpetual
UBAF:FTMUSDT.P,
UBAF:FTTUSDT.P,
UBAF:FUNUSDT.P,FUNToken/Tether Perpetual
UBAF:FUSDT.P,SynFutures/Tether Perpetual
UBAF:FXSUSDT.P,
UBAF:GALAUSD.P,
UBAF:GALAUSDT.P,Gala/Tether Perpetual
UBAF:GASUSDT.P,Gas/Tether Perpetual
UBAF:GHSTUSDT.P,
UBAF:GIGGLEUSDT.P,Giggle Fund/Tether Perpetual
UBAF:GLMRUSDT.P,
UBAF:GLMUSDT.P,Golem/Tether Perpetual
UBAF:GMTUSD.P,
UBAF:GMTUSDT.P,GMT/Tether Perpetual
UBAF:GMXUSDT.P,GMX/Tether Perpetual
UBAF:GOATUSDT.P,Goatseus Maximus/Tether Perpetual
UBAF:GPSUSDT.P,GoPlus Security/Tether Perpetual
UBAF:GRASSUSDT.P,Grass/Tether Perpetual
UBAF:GRIFFAINUSDT.P,GRIFFAIN/Tether Perpetual
UBAF:GRTUSDT.P,The Graph/Tether Perpetual
UBAF:GTCUSDT.P,Gitcoin/Tether Perpetual
UBAF:GUAUSDT.P,SUPERFORTUNE/Tether Perpetual
UBAF:GUNUSDT.P,GUNZ/Tether Perpetual
UBAF:GUSDT.P,Gravity/Tether Perpetual
UBAF:GWEIUSDT.P,ETHGas/Tether Perpetual
UBAF:HAEDALUSDT.P,Haedal Protocol/Tether Perpetual
UBAF:HANAUSDT.P,Hana Network/Tether Perpetual
UBAF:HBARUSDC.P,Hedera/USDC Perpetual
UBAF:HBARUSDT.P,Hedera/Tether Perpetual
UBAF:HEIUSDT.P,Heima/Tether Perpetual
UBAF:HEMIUSDT.P,Hemi/Tether Perpetual
UBAF:HFTUSDT.P,Hashflow/Tether Perpetual
UBAF:HIFIUSDT.P,
UBAF:HIGHUSDT.P,Highstreet/Tether Perpetual
UBAF:HIPPOUSDT.P,sudeng/Tether Perpetual
UBAF:HIVEUSDT.P,Hive/Tether Perpetual
UBAF:HMSTRUSDT.P,Hamster Kombat/Tether Perpetual
UBAF:HOLOUSDT.P,Holoworld AI/Tether Perpetual
UBAF:HOMEUSDT.P,Defi App/Tether Perpetual
UBAF:HOOKUSDT.P,Hooked Protocol/Tether Perpetual
UBAF:HOTUSDT.P,Holo/Tether Perpetual
UBAF:HUMAUSDT.P,Huma Finance/Tether Perpetual
UBAF:HUSDT.P,Humanity Protocol/Tether Perpetual
UBAF:HYPERUSDT.P,Hyperlane/Tether Perpetual
UBAF:HYPEUSDT.P,Hyperliquid/Tether Perpetual
UBAF:ICNTUSDT.P,Impossible Cloud Network/Tether Perpetual
UBAF:ICPUSDT.P,Internet Computer/Tether Perpetual
UBAF:ICXUSD.P,
UBAF:ICXUSDT.P,ICON/Tether Perpetual
UBAF:IDEXUSDT.P,
UBAF:IDOLUSDT.P,MEET48/Tether Perpetual
UBAF:IDUSDT.P,SPACE ID/Tether Perpetual
UBAF:ILVUSDT.P,Illuvium/Tether Perpetual
UBAF:IMXUSDT.P,Immutable/Tether Perpetual
UBAF:INITUSDT.P,Initia/Tether Perpetual
UBAF:INJUSDT.P,Injective/Tether Perpetual
UBAF:INUSDT.P,INFINIT/Tether Perpetual
UBAF:INXUSDT.P,Infinex/Tether Perpetual
UBAF:IOSTUSDT.P,IOST/Tether Perpetual
UBAF:IOTAUSDT.P,IOTA/Tether Perpetual
UBAF:IOTXUSDT.P,IoTeX/Tether Perpetual
UBAF:IOUSDT.P,io.net/Tether Perpetual
UBAF:IPUSDC.P,Story/USDC Perpetual
UBAF:IPUSDT.P,Story/Tether Perpetual
UBAF:IRUSDT.P,Infrared/Tether Perpetual
UBAF:IRYSUSDT.P,Irys/Tether Perpetual
UBAF:JASMYUSDT.P,JasmyCoin/Tether Perpetual
UBAF:JCTUSDT.P,Janction/Tether Perpetual
UBAF:JELLYJELLYUSDT.P,Jelly-My-Jelly/Tether Perpetual
UBAF:JOEUSDT.P,JOE/Tether Perpetual
UBAF:JSTUSDT.P,JUST/Tether Perpetual
UBAF:JTOUSDT.P,Jito/Tether Perpetual
UBAF:JUPUSDT.P,Jupiter/Tether Perpetual
UBAF:KAIAUSDT.P,Kaia/Tether Perpetual
UBAF:KAITOUSDC.P,KAITO/USDC Perpetual
UBAF:KAITOUSDT.P,KAITO/Tether Perpetual
UBAF:KASUSDT.P,Kaspa/Tether Perpetual
UBAF:KATUSDT.P,Katana Network/Tether Perpetual
UBAF:KAVAUSDT.P,Kava/Tether Perpetual
UBAF:KDAUSDT.P,
UBAF:KERNELUSDT.P,KernelDAO/Tether Perpetual
UBAF:KEYUSDT.P,
UBAF:KGENUSDT.P,KGeN/Tether Perpetual
UBAF:KITEUSDT.P,Kite/Tether Perpetual
UBAF:KLAYUSDT.P,
UBAF:KMNOUSDT.P,Kamino Finance/Tether Perpetual
UBAF:KNCUSD.P,
UBAF:KNCUSDT.P,Kyber Network Crystal v2/Tether Perpetual
UBAF:KOMAUSDT.P,Koma Inu/Tether Perpetual
UBAF:KSMUSDT.P,Kusama/Tether Perpetual
UBAF:LABUSDT.P,LAB/Tether Perpetual
UBAF:LAUSDT.P,Lagrange/Tether Perpetual
UBAF:LAYERUSDT.P,Solayer/Tether Perpetual
UBAF:LDOUSDT.P,Lido DAO/Tether Perpetual
UBAF:LEVERUSDT.P,
UBAF:LIGHTUSDT.P,Bitlight/Tether Perpetual
UBAF:LINAUSDT.P,
UBAF:LINEAUSDT.P,Linea/Tether Perpetual
UBAF:LINKUSD.250926,
UBAF:LINKUSD.P,Chainlink/US Dollar Perpetual
UBAF:LINKUSDC.P,Chainlink/USDC Perpetual
UBAF:LINKUSDT.P,Chainlink/Tether Perpetual
UBAF:LISTAUSDT.P,Lista DAO/Tether Perpetual
UBAF:LITUSDT.P,Litentry/Tether Perpetual
UBAF:LOKAUSDT.P,
UBAF:LOOMUSDT.P,
UBAF:LPTUSDT.P,Livepeer/Tether Perpetual
UBAF:LQTYUSDT.P,Liquity/Tether Perpetual
UBAF:LRCUSDT.P,Loopring/Tether Perpetual
UBAF:LSKUSDT.P,Lisk/Tether Perpetual
UBAF:LTCUSD.250926,
UBAF:LTCUSD.P,Litecoin/US Dollar Perpetual
UBAF:LTCUSDC.P,Litecoin/USDC Perpetual
UBAF:LTCUSDT.P,Litecoin/Tether Perpetual
UBAF:LUMIAUSDT.P,Lumia/Tether Perpetual
UBAF:LUNA2USDT.P,Terra/Tether Perpetual
UBAF:LYNUSDT.P,Everlyn AI/Tether Perpetual
UBAF:MAGICUSDT.P,Treasure/Tether Perpetual
UBAF:MAGMAUSDT.P,Magma Finance/Tether Perpetual
UBAF:MANAUSD.P,
UBAF:MANAUSDT.P,Decentraland/Tether Perpetual
UBAF:MANTAUSDT.P,Manta Network/Tether Perpetual
UBAF:MANTRAUSDT.P,MANTRA/Tether Perpetual
UBAF:MASKUSDT.P,Mask Network/Tether Perpetual
UBAF:MAVIAUSDT.P,Heroes of Mavia/Tether Perpetual
UBAF:MAVUSDT.P,Maverick Protocol/Tether Perpetual
UBAF:MBOXUSDT.P,MOBOX/Tether Perpetual
UBAF:MDTUSDT.P,
UBAF:MEGAUSDT.P,MegaETH/Tether Perpetual
UBAF:MELANIAUSDT.P,Official Melania Meme/Tether Perpetual
UBAF:MEMEFIUSDT.P,
UBAF:MEMEUSDT.P,Memecoin/Tether Perpetual
UBAF:MERLUSDT.P,Merlin Chain/Tether Perpetual
UBAF:METISUSDT.P,Metis/Tether Perpetual
UBAF:METUSDT.P,Meteora/Tether Perpetual
UBAF:MEUSDT.P,Magic Eden/Tether Perpetual
UBAF:MEWUSDT.P,cat in a dogs world/Tether Perpetual
UBAF:MILKUSDT.P,
UBAF:MINAUSDT.P,Mina/Tether Perpetual
UBAF:MIRAUSDT.P,Mira/Tether Perpetual
UBAF:MITOUSDT.P,Mitosis/Tether Perpetual
UBAF:MKRUSDT.P,
UBAF:MLNUSDT.P,Enzyme/Tether Perpetual
UBAF:MMTUSDT.P,Momentum/Tether Perpetual
UBAF:MOCAUSDT.P,Moca Network/Tether Perpetual
UBAF:MONUSDT.P,Monad/Tether Perpetual
UBAF:MOODENGUSDT.P,Moo Deng/Tether Perpetual
UBAF:MORPHOUSDT.P,Morpho/Tether Perpetual
UBAF:MOVEUSDT.P,Movement/Tether Perpetual
UBAF:MOVRUSDT.P,Moonriver/Tether Perpetual
UBAF:MTLUSDT.P,Metal DAO/Tether Perpetual
UBAF:MUBARAKUSDT.P,Mubarak/Tether Perpetual
UBAF:MUSDT.P,MemeCore/Tether Perpetual
UBAF:MYROUSDT.P,
UBAF:MYXUSDT.P,MYX Finance/Tether Perpetual
UBAF:NAORISUSDT.P,Naoris Protocol/Tether Perpetual
UBAF:NEARUSD.P,NEAR Protocol/US Dollar Perpetual
UBAF:NEARUSDC.P,NEAR Protocol/USDC Perpetual
UBAF:NEARUSDT.P,NEAR Protocol/Tether Perpetual
UBAF:NEIROETHUSDT.P,
UBAF:NEIROUSDT.P,Neiro Ethereum/Tether Perpetual
UBAF:NEOUSDC.P,Neo/USDC Perpetual
UBAF:NEOUSDT.P,Neo/Tether Perpetual
UBAF:NEWTUSDT.P,Newton Protocol/Tether Perpetual
UBAF:NFPUSDT.P,NFPrompt/Tether Perpetual
UBAF:NIGHTUSDT.P,Midnight/Tether Perpetual
UBAF:NILUSDT.P,Nillion/Tether Perpetual
UBAF:NKNUSDT.P,
UBAF:NMRUSDT.P,Numeraire/Tether Perpetual
UBAF:NOMUSDT.P,Nomina/Tether Perpetual
UBAF:NOTUSDT.P,Notcoin/Tether Perpetual
UBAF:NTRNUSDT.P,Neutron/Tether Perpetual
UBAF:NULSUSDT.P,
UBAF:NXPCUSDT.P,NEXPACE/Tether Perpetual
UBAF:OBOLUSDT.P,
UBAF:OCEANUSDT.P,
UBAF:OGNUSDT.P,Origin Protocol/Tether Perpetual
UBAF:OGUSDT.P,OG Fan Token/Tether Perpetual
UBAF:OLUSDT.P,Open Loot/Tether Perpetual
UBAF:OMGUSDT.P,
UBAF:OMNIUSDT.P,
UBAF:OMUSDT.P,
UBAF:ONDOUSDT.P,Ondo/Tether Perpetual
UBAF:ONEUSDT.P,Harmony/Tether Perpetual
UBAF:ONGUSDT.P,Ontology Gas/Tether Perpetual
UBAF:ONTUSDT.P,Ontology/Tether Perpetual
UBAF:ONUSDT.P,Orochi Network/Tether Perpetual
UBAF:OPENUSDT.P,OpenLedger/Tether Perpetual
UBAF:OPNUSDT.P,Opinion/Tether Perpetual
UBAF:OPUSD.P,Optimism/US Dollar Perpetual
UBAF:OPUSDT.P,Optimism/Tether Perpetual
UBAF:ORBSUSDT.P,
UBAF:ORCAUSDT.P,Orca/Tether Perpetual
UBAF:ORDERUSDT.P,Orderly/Tether Perpetual
UBAF:ORDIUSDC.P,ORDI/USDC Perpetual
UBAF:ORDIUSDT.P,ORDI/Tether Perpetual
UBAF:OXTUSDT.P,Orchid/Tether Perpetual
UBAF:PARTIUSDT.P,Particle Network/Tether Perpetual
UBAF:PAXGUSDT.P,PAX Gold/Tether Perpetual
UBAF:PENDLEUSDT.P,Pendle/Tether Perpetual
UBAF:PENGUUSDC.P,Pudgy Penguins/USDC Perpetual
UBAF:PENGUUSDT.P,Pudgy Penguins/Tether Perpetual
UBAF:PEOPLEUSDT.P,ConstitutionDAO/Tether Perpetual
UBAF:PERPUSDT.P,
UBAF:PHAUSDT.P,Phala Network/Tether Perpetual
UBAF:PHBUSDT.P,Phoenix/Tether Perpetual
UBAF:PIEVERSEUSDT.P,Pieverse/Tether Perpetual
UBAF:PIPPINUSDT.P,pippin/Tether Perpetual
UBAF:PIXELUSDT.P,Pixels/Tether Perpetual
UBAF:PLAYUSDT.P,PlaysOut/Tether Perpetual
UBAF:PLUMEUSDT.P,Plume/Tether Perpetual
UBAF:PNUTUSDC.P,Peanut the Squirrel/USDC Perpetual
UBAF:PNUTUSDT.P,Peanut the Squirrel/Tether Perpetual
UBAF:POLUSDT.P,POL/Tether Perpetual
UBAF:POLYXUSDT.P,Polymesh/Tether Perpetual
UBAF:PONKEUSDT.P,
UBAF:POPCATUSDT.P,Popcat /Tether Perpetual
UBAF:PORT3USDT.P,
UBAF:PORTALUSDT.P,Portal/Tether Perpetual
UBAF:POWERUSDT.P,Power Protocol/Tether Perpetual
UBAF:POWRUSDT.P,Powerledger/Tether Perpetual
UBAF:PROMPTUSDT.P,Wayfinder/Tether Perpetual
UBAF:PROMUSDT.P,Prom/Tether Perpetual
UBAF:PROVEUSDT.P,Succinct/Tether Perpetual
UBAF:PTBUSDT.P,Portal To Bitcoin/Tether Perpetual
UBAF:PUFFERUSDT.P,Puffer/Tether Perpetual
UBAF:PUMPBTCUSDT.P,pumpBTC /Tether Perpetual
UBAF:PUMPUSDT.P,Pump.fun/Tether Perpetual
UBAF:PUNDIXUSDT.P,PundiX/Tether Perpetual
UBAF:PYTHUSDT.P,Pyth Network/Tether Perpetual
UBAF:QNTUSDT.P,Quant/Tether Perpetual
UBAF:QTUMUSDT.P,Qtum/Tether Perpetual
UBAF:QUICKUSDT.P,
UBAF:QUSDT.P,Quack AI/Tether Perpetual
UBAF:RADUSDT.P,
UBAF:RAREUSDT.P,SuperRare/Tether Perpetual
UBAF:RAVEUSDT.P,RaveDAO/Tether Perpetual
UBAF:RAYSOLUSDT.P,Raydium/Tether Perpetual
UBAF:RAYUSDT.P,
UBAF:RDNTUSDT.P,Radiant Capital/Tether Perpetual
UBAF:RECALLUSDT.P,Recall/Tether Perpetual
UBAF:REDUSDT.P,RedStone/Tether Perpetual
UBAF:REEFUSDT.P,
UBAF:REIUSDT.P,
UBAF:RENDERUSDT.P,Render/Tether Perpetual
UBAF:RENUSDT.P,
UBAF:RESOLVUSDT.P,Resolv/Tether Perpetual
UBAF:REZUSDT.P,Renzo/Tether Perpetual
UBAF:RIFUSDT.P,Rootstock Infrastructure Framework/Tether Perpetual
UBAF:RIVERUSDT.P,River/Tether Perpetual
UBAF:RLCUSDT.P,iExec RLC/Tether Perpetual
UBAF:RLSUSDT.P,Rayls/Tether Perpetual
UBAF:ROBOUSDT.P,Fabric Protocol/Tether Perpetual
UBAF:RONINUSDT.P,Ronin/Tether Perpetual
UBAF:ROSEUSD.P,
UBAF:ROSEUSDT.P,Oasis/Tether Perpetual
UBAF:RPLUSDT.P,Rocket Pool/Tether Perpetual
UBAF:RSRUSDT.P,Reserve Rights/Tether Perpetual
UBAF:RUNEUSD.P,
UBAF:RUNEUSDT.P,THORChain/Tether Perpetual
UBAF:RVNUSDT.P,Ravencoin/Tether Perpetual
UBAF:RVVUSDT.P,
UBAF:SAFEUSDT.P,Safe/Tether Perpetual
UBAF:SAGAUSDT.P,Saga/Tether Perpetual
UBAF:SAHARAUSDT.P,Sahara AI/Tether Perpetual
UBAF:SANDUSD.P,
UBAF:SANDUSDT.P,The Sandbox/Tether Perpetual
UBAF:SANTOSUSDT.P,Santos FC Fan Token/Tether Perpetual
UBAF:SAPIENUSDT.P,Sapien/Tether Perpetual
UBAF:SCRTUSDT.P,Secret/Tether Perpetual
UBAF:SCRUSDT.P,Scroll/Tether Perpetual
UBAF:SCUSDT.P,
UBAF:SEIUSDT.P,Sei/Tether Perpetual
UBAF:SENTUSDT.P,Sentient/Tether Perpetual
UBAF:SFPUSDT.P,SafePal/Tether Perpetual
UBAF:SHELLUSDT.P,MyShell/Tether Perpetual
UBAF:SIGNUSDT.P,Sign/Tether Perpetual
UBAF:SIRENUSDT.P,siren/Tether Perpetual
UBAF:SKATEUSDT.P,
UBAF:SKLUSDT.P,SKALE/Tether Perpetual
UBAF:SKRUSDT.P,Solana Mobile Seeker/Tether Perpetual
UBAF:SKYAIUSDT.P,SKYAI/Tether Perpetual
UBAF:SKYUSDT.P,Sky/Tether Perpetual
UBAF:SLERFUSDT.P,
UBAF:SLPUSDT.P,Smooth Love Potion/Tether Perpetual
UBAF:SNTUSDT.P,
UBAF:SNXUSDT.P,Synthetix/Tether Perpetual
UBAF:SOLUSD.250926,
UBAF:SOLUSD.251226,
UBAF:SOLUSD.260327,Solana/US Dollar (Mar 2026)
UBAF:SOLUSD.260626,Solana/US Dollar (Jun 2026)
UBAF:SOLUSD.P,Solana/US Dollar Perpetual
UBAF:SOLUSDC.P,Solana/USDC Perpetual
UBAF:SOLUSDT.P,Solana/Tether Perpetual
UBAF:SOLVUSDT.P,Solv Protocol/Tether Perpetual
UBAF:SOMIUSDT.P,Somnia/Tether Perpetual
UBAF:SONICUSDT.P,Sonic SVM/Tether Perpetual
UBAF:SOONUSDT.P,SOON/Tether Perpetual
UBAF:SOPHUSDT.P,Sophon/Tether Perpetual
UBAF:SPACEUSDT.P,Spacecoin/Tether Perpetual
UBAF:SPELLUSDT.P,Spell Token/Tether Perpetual
UBAF:SPKUSDT.P,Spark/Tether Perpetual
UBAF:SPORTFUNUSDT.P,Sport.Fun/Tether Perpetual
UBAF:SPXUSDT.P,SPX6900/Tether Perpetual
UBAF:SQDUSDT.P,Subsquid/Tether Perpetual
UBAF:SSVUSDT.P,ssv.network/Tether Perpetual
UBAF:STABLEUSDT.P,Stable/Tether Perpetual
UBAF:STBLUSDT.P,STBL/Tether Perpetual
UBAF:STEEMUSDT.P,Steem/Tether Perpetual
UBAF:STGUSDT.P,Stargate Finance/Tether Perpetual
UBAF:STMXUSDT.P,
UBAF:STORJUSDT.P,Storj/Tether Perpetual
UBAF:STOUSDT.P,StakeStone/Tether Perpetual
UBAF:STPTUSDT.P,
UBAF:STRAXUSDT.P,
UBAF:STRKUSDT.P,Starknet/Tether Perpetual
UBAF:STXUSDT.P,Stacks/Tether Perpetual
UBAF:SUIUSD.P,Sui/US Dollar Perpetual
UBAF:SUIUSDC.P,Sui/USDC Perpetual
UBAF:SUIUSDT.P,Sui/Tether Perpetual
UBAF:SUNUSDT.P,Sun/Tether Perpetual
UBAF:SUPERUSDT.P,SuperVerse/Tether Perpetual
UBAF:SUSDT.P,Sonic/Tether Perpetual
UBAF:SUSHIUSDT.P,SushiSwap/Tether Perpetual
UBAF:SWARMSUSDT.P,Swarms/Tether Perpetual
UBAF:SWELLUSDT.P,
UBAF:SXPUSDT.P,
UBAF:SXTUSDT.P,Space and Time/Tether Perpetual
UBAF:SYNUSDT.P,Synapse/Tether Perpetual
UBAF:SYRUPUSDT.P,Maple Finance/Tether Perpetual
UBAF:SYSUSDT.P,Syscoin/Tether Perpetual
UBAF:TACUSDT.P,TAC Protocol/Tether Perpetual
UBAF:TAGUSDT.P,Tagger/Tether Perpetual
UBAF:TAIKOUSDT.P,Taiko/Tether Perpetual
UBAF:TAKEUSDT.P,OVERTAKE/Tether Perpetual
UBAF:TANSSIUSDT.P,
UBAF:TAOUSDT.P,Bittensor/Tether Perpetual
UBAF:TAUSDT.P,Trusta.AI/Tether Perpetual
UBAF:THETAUSD.P,
UBAF:THETAUSDT.P,Theta Network/Tether Perpetual
UBAF:THEUSDT.P,THENA/Tether Perpetual
UBAF:TIAUSDC.P,Celestia/USDC Perpetual
UBAF:TIAUSDT.P,Celestia/Tether Perpetual
UBAF:TLMUSDT.P,Alien Worlds/Tether Perpetual
UBAF:TNSRUSDT.P,Tensor/Tether Perpetual
UBAF:TOKENUSDT.P,
UBAF:TONUSDT.P,Toncoin/Tether Perpetual
UBAF:TOSHIUSDT.P,Toshi/Tether Perpetual
UBAF:TOWNSUSDT.P,Towns/Tether Perpetual
UBAF:TRADOORUSDT.P,Tradoor/Tether Perpetual
UBAF:TRBUSDT.P,Tellor/Tether Perpetual
UBAF:TREEUSDT.P,Treehouse/Tether Perpetual
UBAF:TRIAUSDT.P,Tria/Tether Perpetual
UBAF:TROYUSDT.P,
UBAF:TRUMPUSDC.P,OFFICIAL TRUMP/USDC Perpetual
UBAF:TRUMPUSDT.P,OFFICIAL TRUMP/Tether Perpetual
UBAF:TRUSTUSDT.P,Intuition/Tether Perpetual
UBAF:TRUTHUSDT.P,Swarm Network/Tether Perpetual
UBAF:TRUUSDT.P,TrueFi/Tether Perpetual
UBAF:TRXUSD.P,TRON/US Dollar Perpetual
UBAF:TRXUSDT.P,TRON/Tether Perpetual
UBAF:TSTUSDT.P,Test/Tether Perpetual
UBAF:TURBOUSDT.P,Turbo/Tether Perpetual
UBAF:TURTLEUSDT.P,Turtle/Tether Perpetual
UBAF:TUSDT.P,Threshold/Tether Perpetual
UBAF:TUTUSDT.P,Tutorial/Tether Perpetual
UBAF:TWTUSDT.P,Trust Wallet Token/Tether Perpetual
UBAF:UAIUSDT.P,UnifAI Network/Tether Perpetual
UBAF:UBUSDT.P,Unibase/Tether Perpetual
UBAF:UMAUSDT.P,UMA/Tether Perpetual
UBAF:UNFIUSDT.P,
UBAF:UNIUSD.P,Uniswap/US Dollar Perpetual
UBAF:UNIUSDC.P,Uniswap/USDC Perpetual
UBAF:UNIUSDT.P,Uniswap/Tether Perpetual
UBAF:USDCUSDT.P,USDC/Tether Perpetual
UBAF:USELESSUSDT.P,Useless Coin/Tether Perpetual
UBAF:USTCUSDT.P,TerraClassicUSD/Tether Perpetual
UBAF:USUALUSDT.P,Usual/Tether Perpetual
UBAF:USUSDT.P,Talus Network/Tether Perpetual
UBAF:UXLINKUSDT.P,
UBAF:VANAUSDT.P,Vana/Tether Perpetual
UBAF:VANRYUSDT.P,Vanar Chain/Tether Perpetual
UBAF:VELODROMEUSDT.P,Velodrome Finance/Tether Perpetual
UBAF:VELVETUSDT.P,Velvet/Tether Perpetual
UBAF:VETUSD.P,
UBAF:VETUSDT.P,VeChain/Tether Perpetual
UBAF:VFYUSDT.P,
UBAF:VICUSDT.P,Viction/Tether Perpetual
UBAF:VIDTUSDT.P,
UBAF:VINEUSDT.P,Vine Coin/Tether Perpetual
UBAF:VIRTUALUSDT.P,Virtuals Protocol/Tether Perpetual
UBAF:VOXELUSDT.P,
UBAF:VTHOUSDT.P,VeThor Token/Tether Perpetual
UBAF:VVVUSDT.P,Venice Token/Tether Perpetual
UBAF:WALUSDT.P,Walrus/Tether Perpetual
UBAF:WAVESUSDT.P,
UBAF:WAXPUSDT.P,WAX/Tether Perpetual
UBAF:WCTUSDT.P,WalletConnect Token/Tether Perpetual
UBAF:WETUSDT.P,Humidifi/Tether Perpetual
UBAF:WIFUSD.P,dogwifhat/US Dollar Perpetual
UBAF:WIFUSDC.P,dogwifhat/USDC Perpetual
UBAF:WIFUSDT.P,dogwifhat/Tether Perpetual
UBAF:WLDUSD.P,Worldcoin/US Dollar Perpetual
UBAF:WLDUSDC.P,Worldcoin/USDC Perpetual
UBAF:WLDUSDT.P,Worldcoin/Tether Perpetual
UBAF:WLFIUSDC.P,World Liberty Financial/USDC Perpetual
UBAF:WLFIUSDT.P,World Liberty Financial/Tether Perpetual
UBAF:WOOUSDT.P,WOO/Tether Perpetual
UBAF:WUSDT.P,Wormhole/Tether Perpetual
UBAF:XAIUSDT.P,Xai/Tether Perpetual
UBAF:XANUSDT.P,Anoma/Tether Perpetual
UBAF:XCNUSDT.P,
UBAF:XEMUSDT.P,
UBAF:XLMUSD.P,Stellar/US Dollar Perpetual
UBAF:XLMUSDT.P,Stellar/Tether Perpetual
UBAF:XMRUSDT.P,Monero/Tether Perpetual
UBAF:XNYUSDT.P,Codatta/Tether Perpetual
UBAF:XPINUSDT.P,XPIN Network/Tether Perpetual
UBAF:XPLUSDT.P,Plasma/Tether Perpetual
UBAF:XRPUSD.250926,
UBAF:XRPUSD.251226,
UBAF:XRPUSD.260327,XRP/US Dollar (Mar 2026)
UBAF:XRPUSD.260626,XRP/US Dollar (Jun 2026)
UBAF:XRPUSD.P,XRP/US Dollar Perpetual
UBAF:XRPUSDC.P,XRP/USDC Perpetual
UBAF:XRPUSDT.P,XRP/Tether Perpetual
UBAF:XTZUSD.P,
UBAF:XTZUSDT.P,Tezos/Tether Perpetual
UBAF:XVGUSDT.P,Verge/Tether Perpetual
UBAF:XVSUSDT.P,Venus/Tether Perpetual
UBAF:YALAUSDT.P,
UBAF:YBUSDT.P,YieldBasis/Tether Perpetual
UBAF:YFIUSDT.P,yearn.finance/Tether Perpetual
UBAF:YGGUSDT.P,Yield Guild Games/Tether Perpetual
UBAF:ZAMAUSDT.P,Zama/Tether Perpetual
UBAF:ZBTUSDT.P,ZEROBASE/Tether Perpetual
UBAF:ZECUSDC.P,Zcash/USDC Perpetual
UBAF:ZECUSDT.P,Zcash/Tether Perpetual
UBAF:ZENUSDT.P,Horizen/Tether Perpetual
UBAF:ZEREBROUSDT.P,Zerebro/Tether Perpetual
UBAF:ZETAUSDT.P,ZetaChain/Tether Perpetual
UBAF:ZILUSD.P,
UBAF:ZILUSDT.P,Zilliqa/Tether Perpetual
UBAF:ZKCUSDT.P,Boundless/Tether Perpetual
UBAF:ZKJUSDT.P,Polyhedra Network/Tether Perpetual
UBAF:ZKPUSDT.P,zkPass/Tether Perpetual
UBAF:ZKUSDT.P,ZKsync/Tether Perpetual
UBAF:ZORAUSDT.P,ZORA/Tether Perpetual
UBAF:ZRCUSDT.P,
UBAF:ZROUSDT.P,LayerZero/Tether Perpetual
UBAF:ZRXUSDT.P,0x Protocol/Tether Perpetual
UBAF:币安人生USDT.P,
UBAX:0GBNB,
UBAX:0GFDUSD,
UBAX:0GTRY,0G/Turkish Lira
UBAX:0GUSDC,0G/USDC
UBAX:0GUSDT,0G/Tether
UBAX:1000CATBNB,
UBAX:1000CATFDUSD,
UBAX:1000CATTRY,1000*Simon's Cat/Turkish Lira
UBAX:1000CATUSDC,1000*Simon's Cat/USDC
UBAX:1000CATUSDT,1000*Simon's Cat/Tether
UBAX:1000CHEEMSUSDC,1000*Cheems/USDC
UBAX:1000CHEEMSUSDT,1000*Cheems/Tether
UBAX:1000SATSFDUSD,
UBAX:1000SATSTRY,1000*SATS/Turkish Lira
UBAX:1000SATSUSDC,1000*SATS/USDC
UBAX:1000SATSUSDT,1000*SATS/Tether
UBAX:1INCHBTC,1inch/Bitcoin
UBAX:1INCHUSDC,1inch/USDC
UBAX:1INCHUSDT,1inch/Tether
UBAX:1MBABYDOGEFDUSD,
UBAX:1MBABYDOGETRY,1M*Baby Doge Coin/Turkish Lira
UBAX:1MBABYDOGEUSDC,1M*Baby Doge Coin/USDC
UBAX:1MBABYDOGEUSDT,1M*Baby Doge Coin/Tether
UBAX:2ZBNB,
UBAX:2ZFDUSD,
UBAX:2ZTRY,DoubleZero/Turkish Lira
UBAX:2ZUSDC,DoubleZero/USDC
UBAX:2ZUSDT,DoubleZero/Tether
UBAX:A2ZUSDC,Arena-Z/USDC
UBAX:A2ZUSDT,
UBAX:AAVEBTC,Aave/Bitcoin
UBAX:AAVEETH,Aave/Ethereum
UBAX:AAVEFDUSD,
UBAX:AAVETRY,Aave/Turkish Lira
UBAX:AAVEU,Aave/Union
UBAX:AAVEUSDC,Aave/USDC
UBAX:AAVEUSDT,Aave/Tether
UBAX:ABTC,
UBAX:ACATRY,
UBAX:ACAUSDT,
UBAX:ACETRY,Fusionist/Turkish Lira
UBAX:ACEUSDT,Fusionist/Tether
UBAX:ACHBTC,
UBAX:ACHTRY,Alchemy Pay/Turkish Lira
UBAX:ACHUSDC,Alchemy Pay/USDC
UBAX:ACHUSDT,Alchemy Pay/Tether
UBAX:ACMTRY,AC Milan Fan Token/Turkish Lira
UBAX:ACMUSDT,AC Milan Fan Token/Tether
UBAX:ACTEUR,
UBAX:ACTFDUSD,
UBAX:ACTTRY,Act I : The AI Prophecy/Turkish Lira
UBAX:ACTUSDC,Act I : The AI Prophecy/USDC
UBAX:ACTUSDT,Act I : The AI Prophecy/Tether
UBAX:ACXTRY,Across Protocol/Turkish Lira
UBAX:ACXUSDC,Across Protocol/USDC
UBAX:ACXUSDT,Across Protocol/Tether
UBAX:ADABNB,Cardano/BNB
UBAX:ADABRL,Cardano/Brazilian Real
UBAX:ADABTC,Cardano/Bitcoin
UBAX:ADAETH,Cardano/Ethereum
UBAX:ADAEUR,Cardano/Euro
UBAX:ADAFDUSD,Cardano/First Digital USD
UBAX:ADAIDR,Cardano/Rupiah
UBAX:ADAJPY,Cardano/Yen
UBAX:ADATRY,Cardano/Turkish Lira
UBAX:ADAU,Cardano/Union
UBAX:ADAUSD1,Cardano/World Liberty Financial USD
UBAX:ADAUSDC,Cardano/USDC
UBAX:ADAUSDT,Cardano/Tether
UBAX:ADXBTC,AdEx/Bitcoin
UBAX:ADXETH,
UBAX:ADXUSDT,AdEx/Tether
UBAX:AETH,
UBAX:AEURUSDT,Anchored Coins AEUR/Tether
UBAX:AEVOBTC,
UBAX:AEVOFDUSD,
UBAX:AEVOTRY,Aevo/Turkish Lira
UBAX:AEVOUSDC,Aevo/USDC
UBAX:AEVOUSDT,Aevo/Tether
UBAX:AFDUSD,
UBAX:AGLDBTC,
UBAX:AGLDUSDT,Adventure Gold/Tether
UBAX:AIBNB,
UBAX:AIBTC,
UBAX:AIFDUSD,
UBAX:AITRY,Sleepless AI/Turkish Lira
UBAX:AIUSDT,Sleepless AI/Tether
UBAX:AIXBTTRY,aixbt/Turkish Lira
UBAX:AIXBTUSDC,aixbt/USDC
UBAX:AIXBTUSDT,aixbt/Tether
UBAX:AKROUSDT,
UBAX:ALCXUSDT,Alchemix/Tether
UBAX:ALGOBTC,Algorand/Bitcoin
UBAX:ALGOTRY,Algorand/Turkish Lira
UBAX:ALGOUSDC,Algorand/USDC
UBAX:ALGOUSDT,Algorand/Tether
UBAX:ALICETRY,MyNeighborAlice/Turkish Lira
UBAX:ALICEUSDT,MyNeighborAlice/Tether
UBAX:ALLOBNB,
UBAX:ALLOTRY,Allora/Turkish Lira
UBAX:ALLOUSDC,Allora/USDC
UBAX:ALLOUSDT,Allora/Tether
UBAX:ALPACAUSDT,
UBAX:ALPHAUSDT,
UBAX:ALPINETRY,Alpine F1 Team Fan Token/Turkish Lira
UBAX:ALPINEUSDT,Alpine F1 Team Fan Token/Tether
UBAX:ALTBNB,Altlayer/BNB
UBAX:ALTBTC,Altlayer/Bitcoin
UBAX:ALTFDUSD,
UBAX:ALTTRY,Altlayer/Turkish Lira
UBAX:ALTUSDC,Altlayer/USDC
UBAX:ALTUSDT,Altlayer/Tether
UBAX:AMPTRY,Amp/Turkish Lira
UBAX:AMPUSDT,Amp/Tether
UBAX:ANCUSDT,
UBAX:ANIMEFDUSD,
UBAX:ANIMETRY,Animecoin/Turkish Lira
UBAX:ANIMEUSDC,Animecoin/USDC
UBAX:ANIMEUSDT,Animecoin/Tether
UBAX:ANKRBTC,
UBAX:ANKRTRY,Ankr/Turkish Lira
UBAX:ANKRUSDT,Ankr/Tether
UBAX:APEBTC,
UBAX:APEFDUSD,
UBAX:APETRY,ApeCoin/Turkish Lira
UBAX:APEUSDC,ApeCoin/USDC
UBAX:APEUSDT,ApeCoin/Tether
UBAX:API3BTC,
UBAX:API3TRY,API3/Turkish Lira
UBAX:API3USDC,API3/USDC
UBAX:API3USDT,API3/Tether
UBAX:APTBTC,Aptos/Bitcoin
UBAX:APTETH,Aptos/Ethereum
UBAX:APTEUR,Aptos/Euro
UBAX:APTFDUSD,Aptos/First Digital USD
UBAX:APTJPY,Aptos/Yen
UBAX:APTTRY,Aptos/Turkish Lira
UBAX:APTUSDC,Aptos/USDC
UBAX:APTUSDT,Aptos/Tether
UBAX:ARBBTC,Arbitrum/Bitcoin
UBAX:ARBETH,Arbitrum/Ethereum
UBAX:ARBEUR,Arbitrum/Euro
UBAX:ARBFDUSD,
UBAX:ARBIDR,Arbitrum/Rupiah
UBAX:ARBTC,Arweave/Bitcoin
UBAX:ARBTRY,Arbitrum/Turkish Lira
UBAX:ARBTUSD,Arbitrum/TrueUSD
UBAX:ARBUSDC,Arbitrum/USDC
UBAX:ARBUSDT,Arbitrum/Tether
UBAX:ARDRBTC,
UBAX:ARDRUSDT,Ardor/Tether
UBAX:ARFDUSD,
UBAX:ARKMBNB,
UBAX:ARKMBTC,
UBAX:ARKMFDUSD,
UBAX:ARKMTRY,Arkham/Turkish Lira
UBAX:ARKMUSDC,Arkham/USDC
UBAX:ARKMUSDT,Arkham/Tether
UBAX:ARKTRY,Ark/Turkish Lira
UBAX:ARKUSDT,Ark/Tether
UBAX:ARPABTC,
UBAX:ARPATRY,ARPA/Turkish Lira
UBAX:ARPAUSDT,ARPA/Tether
UBAX:ARTRY,Arweave/Turkish Lira
UBAX:ARUSDC,Arweave/USDC
UBAX:ARUSDT,Arweave/Tether
UBAX:ASRTRY,AS Roma Fan Token/Turkish Lira
UBAX:ASRUSDT,AS Roma Fan Token/Tether
UBAX:ASTERIDR,Aster/Rupiah
UBAX:ASTERTRY,Aster/Turkish Lira
UBAX:ASTERU,Aster/Union
UBAX:ASTERUSD1,Aster/World Liberty Financial USD
UBAX:ASTERUSDC,Aster/USDC
UBAX:ASTERUSDT,Aster/Tether
UBAX:ASTRBTC,
UBAX:ASTRUSDT,Astar/Tether
UBAX:ATABTC,
UBAX:ATAUSDT,Automata Network/Tether
UBAX:ATBNB,
UBAX:ATMTRY,Atletico De Madrid Fan Token/Turkish Lira
UBAX:ATMUSDT,Atletico De Madrid Fan Token/Tether
UBAX:ATOMBTC,Cosmos/Bitcoin
UBAX:ATOMETH,
UBAX:ATOMEUR,Cosmos/Euro
UBAX:ATOMFDUSD,Cosmos/First Digital USD
UBAX:ATOMTRY,Cosmos/Turkish Lira
UBAX:ATOMUSDC,Cosmos/USDC
UBAX:ATOMUSDT,Cosmos/Tether
UBAX:ATRY,Vaulta/Turkish Lira
UBAX:ATTRY,APRO/Turkish Lira
UBAX:ATUSDC,APRO/USDC
UBAX:ATUSDT,APRO/Tether
UBAX:AUCTIONBTC,
UBAX:AUCTIONFDUSD,
UBAX:AUCTIONTRY,Bounce Token/Turkish Lira
UBAX:AUCTIONUSDC,Bounce Token/USDC
UBAX:AUCTIONUSDT,Bounce Token/Tether
UBAX:AUDIOBTC,
UBAX:AUDIOTRY,Audius/Turkish Lira
UBAX:AUDIOUSDT,Audius/Tether
UBAX:AUSDC,Vaulta/USDC
UBAX:AUSDT,Vaulta/Tether
UBAX:AUTOUSDT,
UBAX:AVABTC,AVA/Bitcoin
UBAX:AVAUSDT,AVA/Tether
UBAX:AVAXBNB,
UBAX:AVAXBRL,Avalanche/Brazilian Real
UBAX:AVAXBTC,Avalanche/Bitcoin
UBAX:AVAXETH,Avalanche/Ethereum
UBAX:AVAXEUR,Avalanche/Euro
UBAX:AVAXFDUSD,Avalanche/First Digital USD
UBAX:AVAXIDR,Avalanche/Rupiah
UBAX:AVAXTRY,Avalanche/Turkish Lira
UBAX:AVAXU,Avalanche/Union
UBAX:AVAXUSD1,Avalanche/World Liberty Financial USD
UBAX:AVAXUSDC,Avalanche/USDC
UBAX:AVAXUSDT,Avalanche/Tether
UBAX:AVNTTRY,Avantis/Turkish Lira
UBAX:AVNTUSDC,Avantis/USDC
UBAX:AVNTUSDT,Avantis/Tether
UBAX:AWEBTC,
UBAX:AWEUSDT,AWE/Tether
UBAX:AXLBTC,Axelar/Bitcoin
UBAX:AXLTRY,Axelar/Turkish Lira
UBAX:AXLUSDT,Axelar/Tether
UBAX:AXSBNB,
UBAX:AXSBTC,Axie Infinity/Bitcoin
UBAX:AXSETH,
UBAX:AXSTRY,Axie Infinity/Turkish Lira
UBAX:AXSUSDC,Axie Infinity/USDC
UBAX:AXSUSDT,Axie Infinity/Tether
UBAX:BABYBNB,
UBAX:BABYEUR,
UBAX:BABYFDUSD,
UBAX:BABYTRY,Babylon/Turkish Lira
UBAX:BABYUSDC,Babylon/USDC
UBAX:BABYUSDT,Babylon/Tether
UBAX:BADGERUSDT,
UBAX:BAKEBTC,
UBAX:BAKETRY,
UBAX:BAKEUSDT,
UBAX:BALUSDT,
UBAX:BANANABNB,
UBAX:BANANABTC,
UBAX:BANANAFDUSD,Banana Gun/First Digital USD
UBAX:BANANAS31USDC,Banana For Scale/USDC
UBAX:BANANAS31USDT,Banana For Scale/Tether
UBAX:BANANATRY,Banana Gun/Turkish Lira
UBAX:BANANAUSDC,Banana Gun/USDC
UBAX:BANANAUSDT,Banana Gun/Tether
UBAX:BANDBTC,Band/Bitcoin
UBAX:BANDUSDT,Band/Tether
UBAX:BANKTRY,Lorenzo Protocol/Turkish Lira
UBAX:BANKUSDC,Lorenzo Protocol/USDC
UBAX:BANKUSDT,Lorenzo Protocol/Tether
UBAX:BARDBNB,
UBAX:BARDFDUSD,
UBAX:BARDTRY,Lombard/Turkish Lira
UBAX:BARDUSDC,Lombard/USDC
UBAX:BARDUSDT,Lombard/Tether
UBAX:BARTRY,FC Barcelona Fan Token/Turkish Lira
UBAX:BARUSDT,FC Barcelona Fan Token/Tether
UBAX:BATBTC,Basic Attention Token/Bitcoin
UBAX:BATUSDT,Basic Attention Token/Tether
UBAX:BBBNB,
UBAX:BBBTC,
UBAX:BBFDUSD,
UBAX:BBTRY,BounceBit/Turkish Lira
UBAX:BBUSDC,BounceBit/USDC
UBAX:BBUSDT,BounceBit/Tether
UBAX:BCHBNB,Bitcoin Cash/BNB
UBAX:BCHBTC,Bitcoin Cash/Bitcoin
UBAX:BCHEUR,Bitcoin Cash/Euro
UBAX:BCHFDUSD,Bitcoin Cash/First Digital USD
UBAX:BCHJPY,Bitcoin Cash/Yen
UBAX:BCHTRY,Bitcoin Cash/Turkish Lira
UBAX:BCHU,Bitcoin Cash/Union
UBAX:BCHUSD1,Bitcoin Cash/World Liberty Financial USD
UBAX:BCHUSDC,Bitcoin Cash/USDC
UBAX:BCHUSDT,Bitcoin Cash/Tether
UBAX:BEAMXTRY,Beam/Turkish Lira
UBAX:BEAMXUSDC,Beam/USDC
UBAX:BEAMXUSDT,Beam/Tether
UBAX:BELBTC,
UBAX:BELTRY,Bella Protocol/Turkish Lira
UBAX:BELUSDT,Bella Protocol/Tether
UBAX:BERABNB,
UBAX:BERABTC,
UBAX:BERAFDUSD,
UBAX:BERATRY,Berachain/Turkish Lira
UBAX:BERAUSDC,Berachain/USDC
UBAX:BERAUSDT,Berachain/Tether
UBAX:BFUSDUSDC,BFUSD/USDC
UBAX:BFUSDUSDT,BFUSD/Tether
UBAX:BICOBTC,
UBAX:BICOUSDT,Biconomy/Tether
UBAX:BIFIUSDT,Beefy/Tether
UBAX:BIGTIMEUSDC,Big Time/USDC
UBAX:BIGTIMEUSDT,Big Time/Tether
UBAX:BIOBNB,
UBAX:BIOFDUSD,
UBAX:BIOTRY,Bio Protocol/Turkish Lira
UBAX:BIOUSDC,Bio Protocol/USDC
UBAX:BIOUSDT,Bio Protocol/Tether
UBAX:BLURTRY,Blur/Turkish Lira
UBAX:BLURUSDC,Blur/USDC
UBAX:BLURUSDT,Blur/Tether
UBAX:BMTBNB,
UBAX:BMTFDUSD,
UBAX:BMTTRY,Bubblemaps/Turkish Lira
UBAX:BMTUSDC,Bubblemaps/USDC
UBAX:BMTUSDT,Bubblemaps/Tether
UBAX:BNBARS,BNB/Argentine Peso
UBAX:BNBBRL,BNB/Brazilian Real
UBAX:BNBBTC,BNB/Bitcoin
UBAX:BNBETH,BNB/Ethereum
UBAX:BNBEUR,BNB/Euro
UBAX:BNBFDUSD,BNB/First Digital USD
UBAX:BNBIDR,BNB/Rupiah
UBAX:BNBJPY,BNB/Yen
UBAX:BNBTRY,BNB/Turkish Lira
UBAX:BNBTUSD,BNB/TrueUSD
UBAX:BNBU,BNB/Union
UBAX:BNBUSD,BNB/US Dollar
UBAX:BNBUSD1,BNB/World Liberty Financial USD
UBAX:BNBUSDC,BNB/USDC
UBAX:BNBUSDT,BNB/Tether
UBAX:BNSOLSOL,Binance Staked SOL/Solana
UBAX:BNSOLUSDT,Binance Staked SOL/Tether
UBAX:BNTUSDT,Bancor/Tether
UBAX:BNXUSDT,
UBAX:BOMEEUR,
UBAX:BOMEFDUSD,
UBAX:BOMEIDR,BOOK OF MEME/Rupiah
UBAX:BOMETRY,BOOK OF MEME/Turkish Lira
UBAX:BOMEUSDC,BOOK OF MEME/USDC
UBAX:BOMEUSDT,BOOK OF MEME/Tether
UBAX:BONDUSDT,
UBAX:BONKBRL,Bonk/Brazilian Real
UBAX:BONKFDUSD,Bonk/First Digital USD
UBAX:BONKTRY,Bonk/Turkish Lira
UBAX:BONKUSDC,Bonk/USDC
UBAX:BONKUSDT,Bonk/Tether
UBAX:BREVBNB,Brevis/BNB
UBAX:BREVTRY,Brevis/Turkish Lira
UBAX:BREVUSDC,Brevis/USDC
UBAX:BREVUSDT,Brevis/Tether
UBAX:BROCCOLI714USDC,CZ's Dog/USDC
UBAX:BROCCOLI714USDT,CZ's Dog/Tether
UBAX:BSWTRY,
UBAX:BSWUSDT,
UBAX:BTCARS,Bitcoin/Argentine Peso
UBAX:BTCBRL,Bitcoin/Brazilian Real
UBAX:BTCDAI,Bitcoin/Dai
UBAX:BTCEUR,Bitcoin/Euro
UBAX:BTCEURI,Bitcoin/Eurite
UBAX:BTCFDUSD,Bitcoin/First Digital USD
UBAX:BTCIDR,Bitcoin/Rupiah
UBAX:BTCJPY,Bitcoin/Yen
UBAX:BTCMXN,Bitcoin/Mexican Peso
UBAX:BTCPLN,Bitcoin/Zloty
UBAX:BTCRON,
UBAX:BTCTRY,Bitcoin/Turkish Lira
UBAX:BTCTUSD,Bitcoin/TrueUSD
UBAX:BTCU,Bitcoin/Union
UBAX:BTCUAH,
UBAX:BTCUSD,Bitcoin/US Dollar
UBAX:BTCUSD1,Bitcoin/World Liberty Financial USD
UBAX:BTCUSDC,Bitcoin/USDC
UBAX:BTCUSDT,Bitcoin/Tether
UBAX:BTCZAR,
UBAX:BTSUSDT,
UBAX:BTTCTRY,BitTorrent/Turkish Lira
UBAX:BTTCUSDT,BitTorrent/Tether
UBAX:C98USDT,Coin98/Tether
UBAX:CAKEBNB,PancakeSwap/BNB
UBAX:CAKEBTC,PancakeSwap/Bitcoin
UBAX:CAKETRY,PancakeSwap/Turkish Lira
UBAX:CAKEUSDC,PancakeSwap/USDC
UBAX:CAKEUSDT,PancakeSwap/Tether
UBAX:CATITRY,Catizen/Turkish Lira
UBAX:CATIUSDC,Catizen/USDC
UBAX:CATIUSDT,Catizen/Tether
UBAX:CBNB,
UBAX:CELOBTC,Celo/Bitcoin
UBAX:CELOTRY,Celo/Turkish Lira
UBAX:CELOUSDT,Celo/Tether
UBAX:CELRUSDT,Celer Network/Tether
UBAX:CETUSTRY,Cetus Protocol/Turkish Lira
UBAX:CETUSUSDC,Cetus Protocol/USDC
UBAX:CETUSUSDT,Cetus Protocol/Tether
UBAX:CFDUSD,
UBAX:CFGTRY,Centrifuge/Turkish Lira
UBAX:CFGUSDC,Centrifuge/USDC
UBAX:CFGUSDT,Centrifuge/Tether
UBAX:CFXBTC,Conflux/Bitcoin
UBAX:CFXTRY,Conflux/Turkish Lira
UBAX:CFXUSDC,Conflux/USDC
UBAX:CFXUSDT,Conflux/Tether
UBAX:CGPTUSDC,ChainGPT/USDC
UBAX:CGPTUSDT,ChainGPT/Tether
UBAX:CHESSUSDC,
UBAX:CHESSUSDT,
UBAX:CHRBTC,
UBAX:CHRUSDT,Chromia/Tether
UBAX:CHZBNB,
UBAX:CHZBTC,Chiliz/Bitcoin
UBAX:CHZTRY,Chiliz/Turkish Lira
UBAX:CHZUSDC,Chiliz/USDC
UBAX:CHZUSDT,Chiliz/Tether
UBAX:CITYTRY,Manchester City Fan Token/Turkish Lira
UBAX:CITYUSDT,Manchester City Fan Token/Tether
UBAX:CKBTRY,Nervos Network/Turkish Lira
UBAX:CKBUSDC,Nervos Network/USDC
UBAX:CKBUSDT,Nervos Network/Tether
UBAX:COMBOUSDT,
UBAX:COMPBTC,
UBAX:COMPTRY,Compound/Turkish Lira
UBAX:COMPUSDC,Compound/USDC
UBAX:COMPUSDT,Compound/Tether
UBAX:COOKIEUSDC,Cookie DAO/USDC
UBAX:COOKIEUSDT,Cookie DAO/Tether
UBAX:COSTRY,Contentos/Turkish Lira
UBAX:COSUSDT,Contentos/Tether
UBAX:COTIBTC,
UBAX:COTITRY,COTI/Turkish Lira
UBAX:COTIUSDC,COTI/USDC
UBAX:COTIUSDT,COTI/Tether
UBAX:COWTRY,CoW Protocol/Turkish Lira
UBAX:COWUSDC,CoW Protocol/USDC
UBAX:COWUSDT,CoW Protocol/Tether
UBAX:CROUSDT,
UBAX:CRVBTC,Curve DAO Token/Bitcoin
UBAX:CRVTRY,Curve DAO Token/Turkish Lira
UBAX:CRVUSDC,Curve DAO Token/USDC
UBAX:CRVUSDT,Curve DAO Token/Tether
UBAX:CTKBNB,Shentu/BNB
UBAX:CTKBTC,Shentu/Bitcoin
UBAX:CTKUSDT,Shentu/Tether
UBAX:CTRY,Chainbase/Turkish Lira
UBAX:CTSIBTC,Cartesi/Bitcoin
UBAX:CTSIUSDT,Cartesi/Tether
UBAX:CUSDC,Chainbase/USDC
UBAX:CUSDT,Chainbase/Tether
UBAX:CVCUSDC,Civic/USDC
UBAX:CVCUSDT,Civic/Tether
UBAX:CVXUSDC,
UBAX:CVXUSDT,Convex Finance/Tether
UBAX:CYBERBNB,Cyber/BNB
UBAX:CYBERBTC,Cyber/Bitcoin
UBAX:CYBERETH,Cyber/Ethereum
UBAX:CYBERFDUSD,Cyber/First Digital USD
UBAX:CYBERTRY,Cyber/Turkish Lira
UBAX:CYBERUSDC,Cyber/USDC
UBAX:CYBERUSDT,Cyber/Tether
UBAX:DAIJPY,Dai/Yen
UBAX:DASHBTC,Dash/Bitcoin
UBAX:DASHETH,
UBAX:DASHTRY,Dash/Turkish Lira
UBAX:DASHUSDC,Dash/USDC
UBAX:DASHUSDT,Dash/Tether
UBAX:DATABTC,
UBAX:DATAUSDT,
UBAX:DCRUSDT,Decred/Tether
UBAX:DEGOUSDT,Dego Finance/Tether
UBAX:DENTETH,
UBAX:DENTTRY,Dent/Turkish Lira
UBAX:DENTUSDT,Dent/Tether
UBAX:DEXEUSDT,DeXe/Tether
UBAX:DFUSDC,
UBAX:DFUSDT,
UBAX:DGBUSDT,DigiByte/Tether
UBAX:DIABTC,
UBAX:DIAUSDT,DIA/Tether
UBAX:DNTUSDT,
UBAX:DOCKUSDT,
UBAX:DODOBTC,
UBAX:DODOTRY,DODO/Turkish Lira
UBAX:DODOUSDT,DODO/Tether
UBAX:DOGEBRL,Dogecoin/Brazilian Real
UBAX:DOGEBTC,Dogecoin/Bitcoin
UBAX:DOGEEUR,Dogecoin/Euro
UBAX:DOGEFDUSD,Dogecoin/First Digital USD
UBAX:DOGEIDR,Dogecoin/Rupiah
UBAX:DOGEJPY,Dogecoin/Yen
UBAX:DOGETRY,Dogecoin/Turkish Lira
UBAX:DOGETUSD,
UBAX:DOGEU,Dogecoin/Union
UBAX:DOGEUSD1,Dogecoin/World Liberty Financial USD
UBAX:DOGEUSDC,Dogecoin/USDC
UBAX:DOGEUSDT,Dogecoin/Tether
UBAX:DOGSFDUSD,
UBAX:DOGSIDR,DOGS/Rupiah
UBAX:DOGSTRY,DOGS/Turkish Lira
UBAX:DOGSUSDC,DOGS/USDC
UBAX:DOGSUSDT,DOGS/Tether
UBAX:DOLOBNB,
UBAX:DOLOFDUSD,
UBAX:DOLOTRY,Dolomite/Turkish Lira
UBAX:DOLOUSDC,Dolomite/USDC
UBAX:DOLOUSDT,Dolomite/Tether
UBAX:DOTBNB,Polkadot/BNB
UBAX:DOTBRL,
UBAX:DOTBTC,Polkadot/Bitcoin
UBAX:DOTETH,Polkadot/Ethereum
UBAX:DOTEUR,Polkadot/Euro
UBAX:DOTFDUSD,Polkadot/First Digital USD
UBAX:DOTTRY,Polkadot/Turkish Lira
UBAX:DOTUSDC,Polkadot/USDC
UBAX:DOTUSDT,Polkadot/Tether
UBAX:DTRY,DAR Open Network/Turkish Lira
UBAX:DUSDT,DAR Open Network/Tether
UBAX:DUSKBTC,Dusk/Bitcoin
UBAX:DUSKUSDT,Dusk/Tether
UBAX:DYDXBTC,
UBAX:DYDXFDUSD,
UBAX:DYDXTRY,dYdX/Turkish Lira
UBAX:DYDXUSDC,dYdX/USDC
UBAX:DYDXUSDT,dYdX/Tether
UBAX:DYMTRY,Dymension/Turkish Lira
UBAX:DYMUSDC,Dymension/USDC
UBAX:DYMUSDT,Dymension/Tether
UBAX:EDENBNB,
UBAX:EDENFDUSD,
UBAX:EDENTRY,OpenEden/Turkish Lira
UBAX:EDENUSDC,OpenEden/USDC
UBAX:EDENUSDT,OpenEden/Tether
UBAX:EDUTRY,Open Campus/Turkish Lira
UBAX:EDUUSDT,Open Campus/Tether
UBAX:EGLDBNB,
UBAX:EGLDBTC,MultiversX/Bitcoin
UBAX:EGLDETH,MultiversX/Ethereum
UBAX:EGLDEUR,MultiversX/Euro
UBAX:EGLDFDUSD,
UBAX:EGLDRON,
UBAX:EGLDTRY,MultiversX/Turkish Lira
UBAX:EGLDUSDC,MultiversX/USDC
UBAX:EGLDUSDT,MultiversX/Tether
UBAX:EIGENBTC,
UBAX:EIGENFDUSD,EigenLayer/First Digital USD
UBAX:EIGENTRY,EigenLayer/Turkish Lira
UBAX:EIGENUSDC,EigenLayer/USDC
UBAX:EIGENUSDT,EigenLayer/Tether
UBAX:ELFUSDT,
UBAX:ENABNB,
UBAX:ENABRL,
UBAX:ENABTC,Ethena/Bitcoin
UBAX:ENAFDUSD,Ethena/First Digital USD
UBAX:ENATRY,Ethena/Turkish Lira
UBAX:ENAUSDC,Ethena/USDC
UBAX:ENAUSDT,Ethena/Tether
UBAX:ENJBTC,
UBAX:ENJTRY,Enjin Coin/Turkish Lira
UBAX:ENJUSDC,Enjin Coin/USDC
UBAX:ENJUSDT,Enjin Coin/Tether
UBAX:ENSBTC,
UBAX:ENSFDUSD,
UBAX:ENSOBNB,Enso/BNB
UBAX:ENSOFDUSD,
UBAX:ENSOTRY,Enso/Turkish Lira
UBAX:ENSOUSDC,Enso/USDC
UBAX:ENSOUSDT,Enso/Tether
UBAX:ENSTRY,Ethereum Name Service/Turkish Lira
UBAX:ENSUSDC,Ethereum Name Service/USDC
UBAX:ENSUSDT,Ethereum Name Service/Tether
UBAX:EOSUSDT,
UBAX:EPICUSDC,Epic Chain/USDC
UBAX:EPICUSDT,Epic Chain/Tether
UBAX:ERABNB,Caldera/BNB
UBAX:ERAFDUSD,Caldera/First Digital USD
UBAX:ERATRY,Caldera/Turkish Lira
UBAX:ERAUSDC,Caldera/USDC
UBAX:ERAUSDT,Caldera/Tether
UBAX:ESPTRY,Espresso/Turkish Lira
UBAX:ESPUSDC,Espresso/USDC
UBAX:ESPUSDT,Espresso/Tether
UBAX:ETCBNB,
UBAX:ETCBTC,Ethereum Classic/Bitcoin
UBAX:ETCETH,
UBAX:ETCFDUSD,Ethereum Classic/First Digital USD
UBAX:ETCTRY,Ethereum Classic/Turkish Lira
UBAX:ETCUSDC,Oasis/USDC
UBAX:ETCUSDT,Ethereum Classic/Tether
UBAX:ETHARS,Ethereum/Argentine Peso
UBAX:ETHBRL,Ethereum/Brazilian Real
UBAX:ETHBTC,Ethereum/Bitcoin
UBAX:ETHDAI,Ethereum/Dai
UBAX:ETHEUR,Ethereum/Euro
UBAX:ETHEURI,Ethereum/Eurite
UBAX:ETHFDUSD,Ethereum/First Digital USD
UBAX:ETHFIFDUSD,
UBAX:ETHFITRY,ether.fi/Turkish Lira
UBAX:ETHFIUSDC,ether.fi/USDC
UBAX:ETHFIUSDT,ether.fi/Tether
UBAX:ETHIDR,Ethereum/Rupiah
UBAX:ETHJPY,Ethereum/Yen
UBAX:ETHMXN,Ethereum/Mexican Peso
UBAX:ETHPLN,Ethereum/Zloty
UBAX:ETHTRY,Ethereum/Turkish Lira
UBAX:ETHTUSD,Ethereum/TrueUSD
UBAX:ETHU,Ethereum/Union
UBAX:ETHUSD,Ethereum/US Dollar
UBAX:ETHUSD1,Ethereum/World Liberty Financial USD
UBAX:ETHUSDC,Ethereum/USDC
UBAX:ETHUSDT,Ethereum/Tether
UBAX:ETHZAR,
UBAX:EULBNB,
UBAX:EULFDUSD,
UBAX:EULTRY,Euler/Turkish Lira
UBAX:EULUSDC,Euler/USDC
UBAX:EULUSDT,Euler/Tether
UBAX:EUREURI,EURC/Eurite
UBAX:EURIUSDC,Eurite/USDC
UBAX:EURIUSDT,Eurite/Tether
UBAX:EURUSDC,EURC/USDC
UBAX:EURUSDT,EURC/Tether
UBAX:FARMUSDT,Harvest Finance/Tether
UBAX:FDUSDTRY,First Digital USD/Turkish Lira
UBAX:FDUSDUSDC,First Digital USD/USDC
UBAX:FDUSDUSDT,First Digital USD/Tether
UBAX:FETBNB,Artificial Superintelligence Alliance/BNB
UBAX:FETBTC,Artificial Superintelligence Alliance/Bitcoin
UBAX:FETFDUSD,
UBAX:FETJPY,Artificial Superintelligence Alliance/Yen
UBAX:FETTRY,Artificial Superintelligence Alliance/Turkish Lira
UBAX:FETUSDC,Artificial Superintelligence Alliance/USDC
UBAX:FETUSDT,Artificial Superintelligence Alliance/Tether
UBAX:FFBNB,
UBAX:FFFDUSD,Falcon Finance/First Digital USD
UBAX:FFTRY,Falcon Finance/Turkish Lira
UBAX:FFUSDC,Falcon Finance/USDC
UBAX:FFUSDT,Falcon Finance/Tether
UBAX:FIDABTC,
UBAX:FIDATRY,Bonfida/Turkish Lira
UBAX:FIDAUSDT,Bonfida/Tether
UBAX:FILBTC,Filecoin/Bitcoin
UBAX:FILETH,
UBAX:FILFDUSD,Filecoin/First Digital USD
UBAX:FILTRY,Filecoin/Turkish Lira
UBAX:FILUSDC,Filecoin/USDC
UBAX:FILUSDT,Filecoin/Tether
UBAX:FIOBTC,
UBAX:FIOUSDT,FIO Protocol/Tether
UBAX:FIROUSDT,
UBAX:FISBTC,
UBAX:FISUSDT,
UBAX:FLMBTC,
UBAX:FLMUSDT,
UBAX:FLOKIFDUSD,FLOKI/First Digital USD
UBAX:FLOKIIDR,FLOKI/Rupiah
UBAX:FLOKITRY,FLOKI/Turkish Lira
UBAX:FLOKIUSDC,FLOKI/USDC
UBAX:FLOKIUSDT,FLOKI/Tether
UBAX:FLOWBTC,
UBAX:FLOWUSDT,Flow/Tether
UBAX:FLUXBTC,
UBAX:FLUXUSDC,Flux/USDC
UBAX:FLUXUSDT,Flux/Tether
UBAX:FOGOTRY,Fogo/Turkish Lira
UBAX:FOGOUSDC,Fogo/USDC
UBAX:FOGOUSDT,Fogo/Tether
UBAX:FORMTRY,Four/Turkish Lira
UBAX:FORMUSDC,Four/USDC
UBAX:FORMUSDT,Four/Tether
UBAX:FORTHBTC,
UBAX:FORTHUSDT,Ampleforth Governance Token/Tether
UBAX:FRAXUSDT,Frax/Tether
UBAX:FTMUSDT,
UBAX:FTRY,SynFutures/Turkish Lira
UBAX:FTTUSDT,FTX Token/Tether
UBAX:FUNUSDC,
UBAX:FUNUSDT,FUNToken/Tether
UBAX:FUSDC,SynFutures/USDC
UBAX:FUSDT,SynFutures/Tether
UBAX:FXSUSDT,
UBAX:GALABRL,
UBAX:GALABTC,
UBAX:GALAETH,Gala/Ethereum
UBAX:GALAEUR,
UBAX:GALAFDUSD,
UBAX:GALATRY,Gala/Turkish Lira
UBAX:GALAUSDC,Gala/USDC
UBAX:GALAUSDT,Gala/Tether
UBAX:GALUSDT,
UBAX:GASBTC,Gas/Bitcoin
UBAX:GASTRY,Gas/Turkish Lira
UBAX:GASUSDT,Gas/Tether
UBAX:GHSTUSDT,
UBAX:GIGGLETRY,Giggle Fund/Turkish Lira
UBAX:GIGGLEUSDC,Giggle Fund/USDC
UBAX:GIGGLEUSDT,Giggle Fund/Tether
UBAX:GLMBTC,Golem/Bitcoin
UBAX:GLMRBTC,
UBAX:GLMRUSDT,Moonbeam/Tether
UBAX:GLMUSDT,Golem/Tether
UBAX:GMTBTC,
UBAX:GMTEUR,
UBAX:GMTTRY,GMT/Turkish Lira
UBAX:GMTUSDC,GMT/USDC
UBAX:GMTUSDT,GMT/Tether
UBAX:GMXUSDC,GMX/USDC
UBAX:GMXUSDT,GMX/Tether
UBAX:GNOUSDT,Gnosis/Tether
UBAX:GNSUSDT,Gains Network/Tether
UBAX:GPSBNB,
UBAX:GPSFDUSD,
UBAX:GPSTRY,GoPlus Security/Turkish Lira
UBAX:GPSUSDC,GoPlus Security/USDC
UBAX:GPSUSDT,GoPlus Security/Tether
UBAX:GRTBTC,The Graph/Bitcoin
UBAX:GRTETH,
UBAX:GRTEUR,
UBAX:GRTFDUSD,
UBAX:GRTTRY,The Graph/Turkish Lira
UBAX:GRTUSDC,
UBAX:GRTUSDT,The Graph/Tether
UBAX:GTCUSDT,Gitcoin/Tether
UBAX:GTRY,Gravity/Turkish Lira
UBAX:GUNBNB,GUNZ/BNB
UBAX:GUNFDUSD,
UBAX:GUNTRY,GUNZ/Turkish Lira
UBAX:GUNUSDC,GUNZ/USDC
UBAX:GUNUSDT,GUNZ/Tether
UBAX:GUSDT,Gravity/Tether
UBAX:HAEDALBNB,
UBAX:HAEDALFDUSD,
UBAX:HAEDALTRY,Haedal Protocol/Turkish Lira
UBAX:HAEDALUSDC,Haedal Protocol/USDC
UBAX:HAEDALUSDT,Haedal Protocol/Tether
UBAX:HARDUSDT,
UBAX:HBARBNB,Hedera/BNB
UBAX:HBARBTC,Hedera/Bitcoin
UBAX:HBARFDUSD,Hedera/First Digital USD
UBAX:HBARIDR,Hedera/Rupiah
UBAX:HBARTRY,Hedera/Turkish Lira
UBAX:HBARUSDC,Hedera/USDC
UBAX:HBARUSDT,Hedera/Tether
UBAX:HEIBTC,
UBAX:HEITRY,Heima/Turkish Lira
UBAX:HEIUSDC,Heima/USDC
UBAX:HEIUSDT,Heima/Tether
UBAX:HEMIBNB,
UBAX:HEMIFDUSD,
UBAX:HEMITRY,HEMI/Turkish Lira
UBAX:HEMIUSDC,HEMI/USDC
UBAX:HEMIUSDT,HEMI/Tether
UBAX:HFTBTC,
UBAX:HFTUSDT,Hashflow/Tether
UBAX:HIFIUSDT,
UBAX:HIGHTRY,Highstreet/Turkish Lira
UBAX:HIGHUSDT,Highstreet/Tether
UBAX:HIVEBTC,
UBAX:HIVEFDUSD,
UBAX:HIVETRY,Hive/Turkish Lira
UBAX:HIVEUSDC,Hive/USDC
UBAX:HIVEUSDT,Hive/Tether
UBAX:HMSTRFDUSD,
UBAX:HMSTRTRY,Hamster Kombat/Turkish Lira
UBAX:HMSTRUSDC,Hamster Kombat/USDC
UBAX:HMSTRUSDT,Hamster Kombat/Tether
UBAX:HOLOBNB,
UBAX:HOLOFDUSD,
UBAX:HOLOTRY,Holoworld AI/Turkish Lira
UBAX:HOLOUSDC,Holoworld AI/USDC
UBAX:HOLOUSDT,Holoworld AI/Tether
UBAX:HOMEBNB,
UBAX:HOMEFDUSD,
UBAX:HOMETRY,Defi App/Turkish Lira
UBAX:HOMEUSDC,Defi App/USDC
UBAX:HOMEUSDT,Defi App/Tether
UBAX:HOOKUSDT,Hooked Protocol/Tether
UBAX:HOTETH,
UBAX:HOTTRY,Holo/Turkish Lira
UBAX:HOTUSDT,Holo/Tether
UBAX:HUMABNB,
UBAX:HUMAFDUSD,
UBAX:HUMATRY,Huma Finance/Turkish Lira
UBAX:HUMAUSDC,Huma Finance/USDC
UBAX:HUMAUSDT,Huma Finance/Tether
UBAX:HYPERBNB,
UBAX:HYPERFDUSD,
UBAX:HYPERTRY,Hyperlane/Turkish Lira
UBAX:HYPERUSDC,Hyperlane/USDC
UBAX:HYPERUSDT,Hyperlane/Tether
UBAX:ICPBTC,Internet Computer/Bitcoin
UBAX:ICPETH,
UBAX:ICPEUR,Internet Computer/Euro
UBAX:ICPFDUSD,Internet Computer/First Digital USD
UBAX:ICPTRY,Internet Computer/Turkish Lira
UBAX:ICPUSDC,Internet Computer/USDC
UBAX:ICPUSDT,Internet Computer/Tether
UBAX:ICXBTC,
UBAX:ICXUSDT,ICON/Tether
UBAX:IDBTC,
UBAX:IDEXUSDC,IDEX/USDC
UBAX:IDEXUSDT,IDEX/Tether
UBAX:IDTRY,SPACE ID/Turkish Lira
UBAX:IDUSDT,SPACE ID/Tether
UBAX:ILVBTC,
UBAX:ILVUSDC,Illuvium/USDC
UBAX:ILVUSDT,Illuvium/Tether
UBAX:IMXBTC,
UBAX:IMXUSDC,Immutable/USDC
UBAX:IMXUSDT,Immutable/Tether
UBAX:INITBNB,
UBAX:INITFDUSD,
UBAX:INITTRY,Initia/Turkish Lira
UBAX:INITUSDC,Initia/USDC
UBAX:INITUSDT,Initia/Tether
UBAX:INJBNB,Injective/BNB
UBAX:INJBTC,Injective/Bitcoin
UBAX:INJETH,
UBAX:INJFDUSD,Injective/First Digital USD
UBAX:INJTRY,Injective/Turkish Lira
UBAX:INJUSDC,Injective/USDC
UBAX:INJUSDT,Injective/Tether
UBAX:IOBNB,
UBAX:IOBTC,
UBAX:IOFDUSD,
UBAX:IOSTUSDT,IOST/Tether
UBAX:IOTABTC,IOTA/Bitcoin
UBAX:IOTAETH,
UBAX:IOTATRY,IOTA/Turkish Lira
UBAX:IOTAUSDC,IOTA/USDC
UBAX:IOTAUSDT,IOTA/Tether
UBAX:IOTRY,io.net/Turkish Lira
UBAX:IOTXBTC,
UBAX:IOTXETH,
UBAX:IOTXJPY,IoTeX/Yen
UBAX:IOTXUSDT,IoTeX/Tether
UBAX:IOUSDC,io.net/USDC
UBAX:IOUSDT,io.net/Tether
UBAX:IQUSDT,IQ/Tether
UBAX:IRISUSDT,
UBAX:JASMYTRY,JasmyCoin/Turkish Lira
UBAX:JASMYUSDT,JasmyCoin/Tether
UBAX:JOEBTC,
UBAX:JOEUSDT,JOE/Tether
UBAX:JSTBTC,JUST/Bitcoin
UBAX:JSTUSDT,JUST/Tether
UBAX:JTOFDUSD,
UBAX:JTOTRY,Jito/Turkish Lira
UBAX:JTOUSDC,Jito/USDC
UBAX:JTOUSDT,Jito/Tether
UBAX:JUPFDUSD,Jupiter/First Digital USD
UBAX:JUPTRY,Jupiter/Turkish Lira
UBAX:JUPUSDC,Jupiter/USDC
UBAX:JUPUSDT,Jupiter/Tether
UBAX:JUVTRY,Juventus Fan Token/Turkish Lira
UBAX:JUVUSDC,Juventus Fan Token/USDC
UBAX:JUVUSDT,Juventus Fan Token/Tether
UBAX:KAIAUSDC,Kaia/USDC
UBAX:KAIAUSDT,Kaia/Tether
UBAX:KAITOBTC,
UBAX:KAITOFDUSD,
UBAX:KAITOTRY,KAITO/Turkish Lira
UBAX:KAITOUSDC,KAITO/USDC
UBAX:KAITOUSDT,KAITO/Tether
UBAX:KAVABTC,Kava/Bitcoin
UBAX:KAVAUSDT,Kava/Tether
UBAX:KDABTC,
UBAX:KDAUSDT,
UBAX:KERNELBNB,
UBAX:KERNELFDUSD,
UBAX:KERNELTRY,KernelDAO/Turkish Lira
UBAX:KERNELUSDC,KernelDAO/USDC
UBAX:KERNELUSDT,KernelDAO/Tether
UBAX:KGSTU,KGST/Union
UBAX:KGSTUSDT,KGST/Tether
UBAX:KITEBNB,
UBAX:KITETRY,Kite/Turkish Lira
UBAX:KITEUSDC,Kite/USDC
UBAX:KITEUSDT,Kite/Tether
UBAX:KLAYUSDT,
UBAX:KMDBTC,
UBAX:KMDUSDT,
UBAX:KMNOUSDC,Kamino Finance/USDC
UBAX:KMNOUSDT,Kamino Finance/Tether
UBAX:KNCBTC,Kyber Network Crystal v2/Bitcoin
UBAX:KNCUSDT,Kyber Network Crystal v2/Tether
UBAX:KSMBTC,
UBAX:KSMTRY,Kusama/Turkish Lira
UBAX:KSMUSDT,Kusama/Tether
UBAX:LABNB,Lagrange/BNB
UBAX:LAFDUSD,
UBAX:LATRY,Lagrange/Turkish Lira
UBAX:LAUSDC,Lagrange/USDC
UBAX:LAUSDT,Lagrange/Tether
UBAX:LAYERBNB,
UBAX:LAYERBTC,
UBAX:LAYERFDUSD,
UBAX:LAYERTRY,Solayer/Turkish Lira
UBAX:LAYERUSDC,Solayer/USDC
UBAX:LAYERUSDT,Solayer/Tether
UBAX:LAZIOTRY,S.S. Lazio Fan Token/Turkish Lira
UBAX:LAZIOUSDT,S.S. Lazio Fan Token/Tether
UBAX:LDOBTC,
UBAX:LDOFDUSD,Lido DAO/First Digital USD
UBAX:LDOTRY,Lido DAO/Turkish Lira
UBAX:LDOUSDC,Lido DAO/USDC
UBAX:LDOUSDT,Lido DAO/Tether
UBAX:LEVERTRY,
UBAX:LEVERUSDT,
UBAX:LINEABNB,
UBAX:LINEAFDUSD,
UBAX:LINEATRY,Linea/Turkish Lira
UBAX:LINEAUSDC,Linea/USDC
UBAX:LINEAUSDT,Linea/Tether
UBAX:LINKBNB,
UBAX:LINKBRL,Chainlink/Brazilian Real
UBAX:LINKBTC,Chainlink/Bitcoin
UBAX:LINKETH,Chainlink/Ethereum
UBAX:LINKEUR,Chainlink/Euro
UBAX:LINKFDUSD,Chainlink/First Digital USD
UBAX:LINKJPY,Chainlink/Yen
UBAX:LINKTRY,Chainlink/Turkish Lira
UBAX:LINKU,Chainlink/Union
UBAX:LINKUSD1,ChainLink/World Liberty Financial USD
UBAX:LINKUSDC,Chainlink/USDC
UBAX:LINKUSDT,Chainlink/Tether
UBAX:LISTABNB,
UBAX:LISTAFDUSD,
UBAX:LISTATRY,Lista DAO/Turkish Lira
UBAX:LISTAUSDC,
UBAX:LISTAUSDT,Lista DAO/Tether
UBAX:LITUSDT,
UBAX:LOKABTC,
UBAX:LOKAUSDT,
UBAX:LPTBNB,
UBAX:LPTBTC,Livepeer/Bitcoin
UBAX:LPTJPY,Livepeer/Yen
UBAX:LPTTRY,Livepeer/Turkish Lira
UBAX:LPTUSDC,Livepeer/USDC
UBAX:LPTUSDT,Livepeer/Tether
UBAX:LQTYUSDT,Liquity/Tether
UBAX:LRCBTC,
UBAX:LRCETH,
UBAX:LRCTRY,Loopring/Turkish Lira
UBAX:LRCUSDT,Loopring/Tether
UBAX:LSKBTC,Lisk/Bitcoin
UBAX:LSKUSDC,Lisk/USDC
UBAX:LSKUSDT,Lisk/Tether
UBAX:LTCBNB,Litecoin/BNB
UBAX:LTCBRL,Litecoin/Brazilian Real
UBAX:LTCBTC,Litecoin/Bitcoin
UBAX:LTCETH,Litecoin/Ethereum
UBAX:LTCEUR,Litecoin/Euro
UBAX:LTCFDUSD,Litecoin/First Digital USD
UBAX:LTCJPY,Litecoin/Yen
UBAX:LTCTRY,Litecoin/Turkish Lira
UBAX:LTCU,Litecoin/Union
UBAX:LTCUSD1,Litecoin/World Liberty Financial USD
UBAX:LTCUSDC,Litecoin/USDC
UBAX:LTCUSDT,Litecoin/Tether
UBAX:LTOBTC,
UBAX:LTOUSDT,
UBAX:LUMIATRY,Lumia/Turkish Lira
UBAX:LUMIAUSDT,Lumia/Tether
UBAX:LUNATRY,Terra/Turkish Lira
UBAX:LUNAUSDC,Terra/USDC
UBAX:LUNAUSDT,Terra/Tether
UBAX:LUNCTRY,Terra Classic/Turkish Lira
UBAX:LUNCUSDC,Terra Classic/USDC
UBAX:LUNCUSDT,Terra Classic/Tether
UBAX:MAGICBTC,Treasure/Bitcoin
UBAX:MAGICTRY,Treasure/Turkish Lira
UBAX:MAGICUSDC,Treasure/USDC
UBAX:MAGICUSDT,Treasure/Tether
UBAX:MANABTC,
UBAX:MANAETH,
UBAX:MANATRY,Decentraland/Turkish Lira
UBAX:MANAUSDT,Decentraland/Tether
UBAX:MANTABTC,
UBAX:MANTAFDUSD,Manta Network/First Digital USD
UBAX:MANTAIDR,Manta Network/Rupiah
UBAX:MANTATRY,Manta Network/Turkish Lira
UBAX:MANTAUSDC,Manta Network/USDC
UBAX:MANTAUSDT,Manta Network/Tether
UBAX:MANTRATRY,MANTRA/Turkish Lira
UBAX:MANTRAUSDC,MANTRA/USDC
UBAX:MANTRAUSDT,MANTRA/Tether
UBAX:MASKTRY,Mask Network/Turkish Lira
UBAX:MASKUSDC,Mask Network/USDC
UBAX:MASKUSDT,Mask Network/Tether
UBAX:MATICUSDT,
UBAX:MAVBTC,
UBAX:MAVTRY,Maverick Protocol/Turkish Lira
UBAX:MAVUSDC,Maverick Protocol/USDC
UBAX:MAVUSDT,Maverick Protocol/Tether
UBAX:MBLUSDT,MovieBloc/Tether
UBAX:MBOXTRY,MOBOX/Turkish Lira
UBAX:MBOXUSDT,MOBOX/Tether
UBAX:MDTUSDT,Measurable Data Token/Tether
UBAX:MDXUSDT,
UBAX:MEBTC,
UBAX:MEFDUSD,Magic Eden/First Digital USD
UBAX:MEMEFDUSD,
UBAX:MEMETRY,Memecoin/Turkish Lira
UBAX:MEMEUSDC,Memecoin/USDC
UBAX:MEMEUSDT,Memecoin/Tether
UBAX:METISTRY,Metis/Turkish Lira
UBAX:METISUSDT,Metis/Tether
UBAX:METRY,Magic Eden/Turkish Lira
UBAX:METTRY,Meteora/Turkish Lira
UBAX:METUSDC,Meteora/USDC
UBAX:METUSDT,Meteora/Tether
UBAX:MEUSDC,Magic Eden/USDC
UBAX:MEUSDT,Magic Eden/Tether
UBAX:MINABTC,
UBAX:MINATRY,Mina/Turkish Lira
UBAX:MINAUSDC,Mina/USDC
UBAX:MINAUSDT,Mina/Tether
UBAX:MIRABNB,
UBAX:MIRAFDUSD,
UBAX:MIRATRY,Mira/Turkish Lira
UBAX:MIRAUSDC,Mira/USDC
UBAX:MIRAUSDT,Mira/Tether
UBAX:MITOBNB,
UBAX:MITOFDUSD,
UBAX:MITOTRY,Mitosis/Turkish Lira
UBAX:MITOUSDC,Mitosis/USDC
UBAX:MITOUSDT,Mitosis/Tether
UBAX:MKRBTC,
UBAX:MKRTRY,
UBAX:MKRUSDC,
UBAX:MKRUSDT,
UBAX:MLNUSDT,Enzyme/Tether
UBAX:MMTBNB,
UBAX:MMTTRY,Momentum/Turkish Lira
UBAX:MMTUSDC,Momentum/USDC
UBAX:MMTUSDT,Momentum/Tether
UBAX:MORPHOBNB,
UBAX:MORPHOFDUSD,
UBAX:MORPHOTRY,Morpho/Turkish Lira
UBAX:MORPHOUSDC,Morpho/USDC
UBAX:MORPHOUSDT,Morpho/Tether
UBAX:MOVEBNB,
UBAX:MOVEBTC,
UBAX:MOVEFDUSD,
UBAX:MOVETRY,Movement/Turkish Lira
UBAX:MOVEUSDC,Movement/USDC
UBAX:MOVEUSDT,Movement/Tether
UBAX:MOVRBTC,
UBAX:MOVRTRY,Moonriver/Turkish Lira
UBAX:MOVRUSDT,Moonriver/Tether
UBAX:MTLBTC,
UBAX:MTLUSDT,Metal DAO/Tether
UBAX:MUBARAKTRY,Mubarak/Turkish Lira
UBAX:MUBARAKUSDC,Mubarak/USDC
UBAX:MUBARAKUSDT,Mubarak/Tether
UBAX:NBSUSDT,
UBAX:NEARBNB,
UBAX:NEARBRL,NEAR Protocol/Brazilian Real
UBAX:NEARBTC,NEAR Protocol/Bitcoin
UBAX:NEARETH,
UBAX:NEAREUR,NEAR Protocol/Euro
UBAX:NEARFDUSD,
UBAX:NEARJPY,NEAR Protocol/Yen
UBAX:NEARTRY,NEAR Protocol/Turkish Lira
UBAX:NEARU,NEAR Protocol/Union
UBAX:NEARUSD1,NEAR Protocol/World Liberty Financial USD
UBAX:NEARUSDC,NEAR Protocol/USDC
UBAX:NEARUSDT,NEAR Protocol/Tether
UBAX:NEIROFDUSD,
UBAX:NEIROIDR,Neiro/Rupiah
UBAX:NEIROJPY,
UBAX:NEIROTRY,Neiro Ethereum/Turkish Lira
UBAX:NEIROUSDC,Neiro Ethereum/USDC
UBAX:NEIROUSDT,Neiro Ethereum/Tether
UBAX:NEOBTC,Neo/Bitcoin
UBAX:NEOTRY,Neo/Turkish Lira
UBAX:NEOUSDC,Neo/USDC
UBAX:NEOUSDT,Neo/Tether
UBAX:NEWTBNB,
UBAX:NEWTFDUSD,
UBAX:NEWTTRY,Newton Protocol/Turkish Lira
UBAX:NEWTUSDC,Newton Protocol/USDC
UBAX:NEWTUSDT,Newton Protocol/Tether
UBAX:NEXOBTC,Nexo/Bitcoin
UBAX:NEXOUSDT,Nexo/Tether
UBAX:NFPBTC,
UBAX:NFPFDUSD,
UBAX:NFPTRY,NFPrompt/Turkish Lira
UBAX:NFPUSDT,NFPrompt/Tether
UBAX:NIGHTBNB,Midnight/BNB
UBAX:NIGHTTRY,Midnight/Turkish Lira
UBAX:NIGHTUSDC,Midnight/USDC
UBAX:NIGHTUSDT,Midnight/Tether
UBAX:NILBNB,
UBAX:NILFDUSD,
UBAX:NILTRY,Nillion/Turkish Lira
UBAX:NILUSDC,Nillion/USDC
UBAX:NILUSDT,Nillion/Tether
UBAX:NKNBTC,
UBAX:NKNUSDT,
UBAX:NMRBTC,
UBAX:NMRTRY,Numeraire/Turkish Lira
UBAX:NMRUSDC,Numeraire/USDC
UBAX:NMRUSDT,Numeraire/Tether
UBAX:NOMFDUSD,
UBAX:NOMTRY,Nomina/Turkish Lira
UBAX:NOMUSDC,Nomina/USDC
UBAX:NOMUSDT,Nomina/Tether
UBAX:NOTFDUSD,Notcoin/First Digital USD
UBAX:NOTTRY,Notcoin/Turkish Lira
UBAX:NOTUSDC,Notcoin/USDC
UBAX:NOTUSDT,Notcoin/Tether
UBAX:NTRNBNB,
UBAX:NTRNTRY,Neutron/Turkish Lira
UBAX:NTRNUSDT,Neutron/Tether
UBAX:NULSUSDT,
UBAX:NXPCBNB,
UBAX:NXPCFDUSD,
UBAX:NXPCTRY,NEXPACE/Turkish Lira
UBAX:NXPCUSDC,NEXPACE/USDC
UBAX:NXPCUSDT,NEXPACE/Tether
UBAX:OCEANUSDT,
UBAX:OGBTC,
UBAX:OGNBTC,
UBAX:OGNTRY,Origin Protocol/Turkish Lira
UBAX:OGNUSDT,Origin Protocol/Tether
UBAX:OGTRY,OG Fan Token/Turkish Lira
UBAX:OGUSDT,OG Fan Token/Tether
UBAX:OMBTC,
UBAX:OMGUSDT,
UBAX:OMNIBTC,
UBAX:OMNIFDUSD,
UBAX:OMNITRY,
UBAX:OMNIUSDC,
UBAX:OMNIUSDT,
UBAX:OMTRY,
UBAX:OMUSDC,
UBAX:OMUSDT,
UBAX:ONDOIDR,Ondo/Rupiah
UBAX:ONDOTRY,Ondo/Turkish Lira
UBAX:ONDOUSDC,Ondo/USDC
UBAX:ONDOUSDT,Ondo/Tether
UBAX:ONETRY,Harmony/Turkish Lira
UBAX:ONEUSDT,Harmony/Tether
UBAX:ONGBTC,Ontology Gas/Bitcoin
UBAX:ONGUSDT,Ontology Gas/Tether
UBAX:ONTBTC,Ontology/Bitcoin
UBAX:ONTTRY,Ontology/Turkish Lira
UBAX:ONTUSDC,Ontology/USDC
UBAX:ONTUSDT,Ontology/Tether
UBAX:OPBTC,Optimism/Bitcoin
UBAX:OPENBNB,OpenLedger/BNB
UBAX:OPENFDUSD,OpenLedger/First Digital USD
UBAX:OPENTRY,OpenLedger/Turkish Lira
UBAX:OPENUSDC,OpenLedger/USDC
UBAX:OPENUSDT,OpenLedger/Tether
UBAX:OPETH,
UBAX:OPEUR,
UBAX:OPFDUSD,
UBAX:OPNBNB,Opinion/BNB
UBAX:OPNTRY,Opinion/Turkish Lira
UBAX:OPNU,Opinion/Union
UBAX:OPNUSD1,Opinion/World Liberty Financial USD
UBAX:OPNUSDC,Opinion/USDC
UBAX:OPNUSDT,Opinion/Tether
UBAX:OPTRY,Optimism/Turkish Lira
UBAX:OPUSDC,Optimism/USDC
UBAX:OPUSDT,Optimism/Tether
UBAX:ORCATRY,Orca/Turkish Lira
UBAX:ORCAUSDC,Orca/USDC
UBAX:ORCAUSDT,Orca/Tether
UBAX:ORDIBTC,
UBAX:ORDIFDUSD,
UBAX:ORDITRY,ORDI/Turkish Lira
UBAX:ORDIUSDC,ORDI/USDC
UBAX:ORDIUSDT,ORDI/Tether
UBAX:ORNUSDT,
UBAX:OSMOUSDC,Osmosis/USDC
UBAX:OSMOUSDT,Osmosis/Tether
UBAX:OXTBTC,
UBAX:OXTUSDT,Orchid/Tether
UBAX:PARTIBNB,Particle Network/BNB
UBAX:PARTIFDUSD,Particle Network/First Digital USD
UBAX:PARTITRY,Particle Network/Turkish Lira
UBAX:PARTIUSDC,Particle Network/USDC
UBAX:PARTIUSDT,Particle Network/Tether
UBAX:PAXGBTC,PAX Gold/Bitcoin
UBAX:PAXGTRY,PAX Gold/Turkish Lira
UBAX:PAXGU,PAX Gold/Union
UBAX:PAXGUSD1,PAX Gold/World Liberty Financial USD
UBAX:PAXGUSDC,PAX Gold/USDC
UBAX:PAXGUSDT,PAX Gold/Tether
UBAX:PDAUSDT,
UBAX:PENDLEBTC,Pendle/Bitcoin
UBAX:PENDLEFDUSD,
UBAX:PENDLETRY,Pendle/Turkish Lira
UBAX:PENDLEUSDC,Pendle/USDC
UBAX:PENDLEUSDT,Pendle/Tether
UBAX:PENGUFDUSD,
UBAX:PENGUTRY,Pudgy Penguins/Turkish Lira
UBAX:PENGUUSDC,Pudgy Penguins/USDC
UBAX:PENGUUSDT,Pudgy Penguins/Tether
UBAX:PEOPLEBTC,
UBAX:PEOPLEFDUSD,
UBAX:PEOPLETRY,ConstitutionDAO/Turkish Lira
UBAX:PEOPLEUSDC,ConstitutionDAO/USDC
UBAX:PEOPLEUSDT,ConstitutionDAO/Tether
UBAX:PEPEBRL,Pepe/Brazilian Real
UBAX:PEPEEUR,Pepe/Euro
UBAX:PEPEFDUSD,Pepe/First Digital USD
UBAX:PEPEJPY,Pepe/Yen
UBAX:PEPETRY,Pepe/Turkish Lira
UBAX:PEPEU,Pepe/Union
UBAX:PEPEUSD1,Pepe/World Liberty Financial USD
UBAX:PEPEUSDC,Pepe/USDC
UBAX:PEPEUSDT,Pepe/Tether
UBAX:PERLUSDT,
UBAX:PERPUSDT,
UBAX:PHABTC,
UBAX:PHATRY,Phala Network/Turkish Lira
UBAX:PHAUSDC,Phala Network/USDC
UBAX:PHAUSDT,Phala Network/Tether
UBAX:PHBBTC,
UBAX:PHBTRY,Phoenix/Turkish Lira
UBAX:PHBUSDT,Phoenix/Tether
UBAX:PIVXBTC,
UBAX:PIVXUSDT,PIVX/Tether
UBAX:PIXELTRY,Pixels/Turkish Lira
UBAX:PIXELUSDC,Pixels/USDC
UBAX:PIXELUSDT,Pixels/Tether
UBAX:PLUMEBNB,
UBAX:PLUMEFDUSD,
UBAX:PLUMETRY,Plume/Turkish Lira
UBAX:PLUMEUSDC,Plume/USDC
UBAX:PLUMEUSDT,Plume/Tether
UBAX:PNUTBRL,
UBAX:PNUTBTC,
UBAX:PNUTEUR,
UBAX:PNUTFDUSD,
UBAX:PNUTTRY,Peanut the Squirrel/Turkish Lira
UBAX:PNUTUSDC,Peanut the Squirrel/USDC
UBAX:PNUTUSDT,Peanut the Squirrel/Tether
UBAX:POLBNB,POL/BNB
UBAX:POLBRL,POL/Brazilian Real
UBAX:POLBTC,POL/Bitcoin
UBAX:POLETH,POL/Ethereum
UBAX:POLEUR,POL/Euro
UBAX:POLFDUSD,POL/First Digital USD
UBAX:POLIDR,Polygon/Rupiah
UBAX:POLJPY,POL/Yen
UBAX:POLSUSDT,
UBAX:POLTRY,POL/Turkish Lira
UBAX:POLUSDC,POL/USDC
UBAX:POLUSDT,POL/Tether
UBAX:POLYXBTC,
UBAX:POLYXTRY,Polymesh/Turkish Lira
UBAX:POLYXUSDT,Polymesh/Tether
UBAX:PONDUSDT,Marlin/Tether
UBAX:PORTALBNB,
UBAX:PORTALBTC,
UBAX:PORTALFDUSD,
UBAX:PORTALTRY,Portal/Turkish Lira
UBAX:PORTALUSDT,Portal/Tether
UBAX:PORTOTRY,FC Porto Fan Token/Turkish Lira
UBAX:PORTOUSDT,FC Porto Fan Token/Tether
UBAX:POWRBTC,
UBAX:POWRETH,
UBAX:POWRUSDT,Powerledger/Tether
UBAX:PROMUSDT,Prom/Tether
UBAX:PROVEBNB,
UBAX:PROVEFDUSD,
UBAX:PROVETRY,
UBAX:PROVEUSDC,Succinct/USDC
UBAX:PROVEUSDT,Succinct/Tether
UBAX:PSGTRY,Paris Saint-Germain Fan Token/Turkish Lira
UBAX:PSGUSDT,Paris Saint-Germain Fan Token/Tether
UBAX:PUMPTRY,Pump.fun/Turkish Lira
UBAX:PUMPUSDC,Pump.fun/USDC
UBAX:PUMPUSDT,Pump.fun/Tether
UBAX:PUNDIXUSDC,PundiX/USDC
UBAX:PUNDIXUSDT,PundiX/Tether
UBAX:PYRBTC,
UBAX:PYRUSDT,VulcanForged/Tether
UBAX:PYTHBTC,Pyth Network/Bitcoin
UBAX:PYTHFDUSD,
UBAX:PYTHTRY,Pyth Network/Turkish Lira
UBAX:PYTHUSDC,Pyth Network/USDC
UBAX:PYTHUSDT,Pyth Network/Tether
UBAX:QIUSDT,BENQI/Tether
UBAX:QKCUSDT,QuarkChain/Tether
UBAX:QNTBTC,Quant/Bitcoin
UBAX:QNTUSDC,Quant/USDC
UBAX:QNTUSDT,Quant/Tether
UBAX:QTUMBTC,
UBAX:QTUMETH,
UBAX:QTUMTRY,Qtum/Turkish Lira
UBAX:QTUMUSDC,Qtum/USDC
UBAX:QTUMUSDT,Qtum/Tether
UBAX:QUICKOLDUSDT,
UBAX:QUICKUSDT,Quickswap/Tether
UBAX:RADTRY,Radworks/Turkish Lira
UBAX:RADUSDT,Radworks/Tether
UBAX:RAREBTC,
UBAX:RARETRY,SuperRare/Turkish Lira
UBAX:RAREUSDC,SuperRare/USDC
UBAX:RAREUSDT,SuperRare/Tether
UBAX:RAYFDUSD,
UBAX:RAYTRY,Raydium/Turkish Lira
UBAX:RAYUSDC,Raydium/USDC
UBAX:RAYUSDT,Raydium/Tether
UBAX:RDNTTRY,Radiant Capital/Turkish Lira
UBAX:RDNTUSDT,Radiant Capital/Tether
UBAX:REDBTC,
UBAX:REDFDUSD,
UBAX:REDTRY,RedStone/Turkish Lira
UBAX:REDUSDC,RedStone/USDC
UBAX:REDUSDT,RedStone/Tether
UBAX:REIUSDT,
UBAX:RENDERBRL,Render/Brazilian Real
UBAX:RENDERBTC,Render/Bitcoin
UBAX:RENDEREUR,Render/Euro
UBAX:RENDERFDUSD,
UBAX:RENDERIDR,Render/Rupiah
UBAX:RENDERTRY,Render/Turkish Lira
UBAX:RENDERUSDC,Render/USDC
UBAX:RENDERUSDT,Render/Tether
UBAX:RENUSDT,
UBAX:REPUSDT,
UBAX:REQBTC,
UBAX:REQUSDT,Request/Tether
UBAX:RESOLVBNB,
UBAX:RESOLVFDUSD,
UBAX:RESOLVTRY,Resolv/Turkish Lira
UBAX:RESOLVUSDC,Resolv/USDC
UBAX:RESOLVUSDT,Resolv/Tether
UBAX:REZTRY,Renzo/Turkish Lira
UBAX:REZUSDC,Renzo/USDC
UBAX:REZUSDT,Renzo/Tether
UBAX:RIFBTC,
UBAX:RIFUSDT,Rootstock Infrastructure Framework/Tether
UBAX:RLCBTC,
UBAX:RLCETH,iExec RLC/Ethereum
UBAX:RLCUSDT,iExec RLC/Tether
UBAX:RLUSDU,Ripple USD/Union
UBAX:RLUSDUSDT,Ripple USD/Tether
UBAX:ROBOTRY,Fabric Protocol/Turkish Lira
UBAX:ROBOUSDC,Fabric Protocol/USDC
UBAX:ROBOUSDT,Fabric Protocol/Tether
UBAX:RONINBTC,
UBAX:RONINFDUSD,
UBAX:RONINTRY,Ronin/Turkish Lira
UBAX:RONINUSDT,Ronin/Tether
UBAX:ROSEBTC,Oasis/Bitcoin
UBAX:ROSETRY,Oasis/Turkish Lira
UBAX:ROSEUSDC,Ethereum Classic/USDC
UBAX:ROSEUSDT,Oasis/Tether
UBAX:RPLUSDC,Rocket Pool/USDC
UBAX:RPLUSDT,Rocket Pool/Tether
UBAX:RSRTRY,Reserve Rights/Turkish Lira
UBAX:RSRUSDC,Reserve Rights/USDC
UBAX:RSRUSDT,Reserve Rights/Tether
UBAX:RUNEBTC,THORChain/Bitcoin
UBAX:RUNEETH,
UBAX:RUNEFDUSD,
UBAX:RUNEUSDC,THORChain/USDC
UBAX:RUNEUSDT,THORChain/Tether
UBAX:RVNBTC,
UBAX:RVNTRY,Ravencoin/Turkish Lira
UBAX:RVNUSDC,Ravencoin/USDC
UBAX:RVNUSDT,Ravencoin/Tether
UBAX:SAGABNB,
UBAX:SAGABTC,Saga/Bitcoin
UBAX:SAGAFDUSD,Saga/First Digital USD
UBAX:SAGATRY,Saga/Turkish Lira
UBAX:SAGAUSDC,Saga/USDC
UBAX:SAGAUSDT,Saga/Tether
UBAX:SAHARABNB,
UBAX:SAHARAFDUSD,
UBAX:SAHARATRY,Sahara AI/Turkish Lira
UBAX:SAHARAUSDC,Sahara AI/USDC
UBAX:SAHARAUSDT,Sahara AI/Tether
UBAX:SANDBTC,The Sandbox/Bitcoin
UBAX:SANDFDUSD,
UBAX:SANDTRY,The Sandbox/Turkish Lira
UBAX:SANDUSDC,The Sandbox/USDC
UBAX:SANDUSDT,The Sandbox/Tether
UBAX:SANTOSBTC,Santos FC Fan Token/Bitcoin
UBAX:SANTOSTRY,Santos FC Fan Token/Turkish Lira
UBAX:SANTOSUSDT,Santos FC Fan Token/Tether
UBAX:SAPIENBNB,
UBAX:SAPIENTRY,Sapien/Turkish Lira
UBAX:SAPIENUSDC,Sapien/USDC
UBAX:SAPIENUSDT,Sapien/Tether
UBAX:SBNB,Sonic/BNB
UBAX:SBTC,Sonic/Bitcoin
UBAX:SCETH,
UBAX:SCRBTC,
UBAX:SCRFDUSD,
UBAX:SCRIDR,Scroll/Rupiah
UBAX:SCRTBTC,
UBAX:SCRTRY,Scroll/Turkish Lira
UBAX:SCRTUSDT,Secret/Tether
UBAX:SCRUSDT,Scroll/Tether
UBAX:SCUSDT,Siacoin/Tether
UBAX:SEIBNB,
UBAX:SEIBTC,Sei/Bitcoin
UBAX:SEIFDUSD,
UBAX:SEIJPY,Sei/Yen
UBAX:SEITRY,Sei/Turkish Lira
UBAX:SEIUSDC,Sei/USDC
UBAX:SEIUSDT,Sei/Tether
UBAX:SENTTRY,Sentient/Turkish Lira
UBAX:SENTUSDC,Sentient/USDC
UBAX:SENTUSDT,Sentient/Tether
UBAX:SETH,
UBAX:SEUR,Sonic/Euro
UBAX:SFDUSD,
UBAX:SFPBTC,
UBAX:SFPUSDT,SafePal/Tether
UBAX:SHELLBNB,
UBAX:SHELLBTC,
UBAX:SHELLFDUSD,
UBAX:SHELLTRY,MyShell/Turkish Lira
UBAX:SHELLUSDC,MyShell/USDC
UBAX:SHELLUSDT,MyShell/Tether
UBAX:SHIBBRL,Shiba Inu/Brazilian Real
UBAX:SHIBDOGE,
UBAX:SHIBEUR,Shiba Inu/Euro
UBAX:SHIBFDUSD,Shiba Inu/First Digital USD
UBAX:SHIBJPY,Shiba Inu/Yen
UBAX:SHIBTRY,Shiba Inu/Turkish Lira
UBAX:SHIBUSDC,Shiba Inu/USDC
UBAX:SHIBUSDT,Shiba Inu/Tether
UBAX:SIGNBNB,Sign/BNB
UBAX:SIGNFDUSD,Sign/First Digital USD
UBAX:SIGNTRY,Sign/Turkish Lira
UBAX:SIGNUSDC,Sign/USDC
UBAX:SIGNUSDT,Sign/Tether
UBAX:SKLBTC,
UBAX:SKLTRY,SKALE/Turkish Lira
UBAX:SKLUSDC,SKALE/USDC
UBAX:SKLUSDT,SKALE/Tether
UBAX:SKYBTC,Sky/Bitcoin
UBAX:SKYTRY,Sky/Turkish Lira
UBAX:SKYUSDC,Sky/USDC
UBAX:SKYUSDT,Sky/Tether
UBAX:SLFBTC,
UBAX:SLFTRY,
UBAX:SLFUSDC,
UBAX:SLFUSDT,
UBAX:SLPETH,
UBAX:SLPTRY,Smooth Love Potion/Turkish Lira
UBAX:SLPUSDT,Smooth Love Potion/Tether
UBAX:SNXBTC,
UBAX:SNXTRY,Synthetix/Turkish Lira
UBAX:SNXUSDC,Synthetix/USDC
UBAX:SNXUSDT,Synthetix/Tether
UBAX:SOLARS,
UBAX:SOLBNB,Solana/BNB
UBAX:SOLBRL,Solana/Brazilian Real
UBAX:SOLBTC,Solana/Bitcoin
UBAX:SOLETH,Solana/Ethereum
UBAX:SOLEUR,Solana/Euro
UBAX:SOLFDUSD,Solana/First Digital USD
UBAX:SOLIDR,Solana/Rupiah
UBAX:SOLJPY,Solana/Yen
UBAX:SOLMXN,Solana/Mexican Peso
UBAX:SOLTRY,Solana/Turkish Lira
UBAX:SOLTUSD,Solana/TrueUSD
UBAX:SOLU,Solana/Union
UBAX:SOLUSD,Solana/US Dollar
UBAX:SOLUSD1,Solana/World Liberty Financial USD
UBAX:SOLUSDC,Solana/USDC
UBAX:SOLUSDT,Solana/Tether
UBAX:SOLVBNB,Solv Protocol/BNB
UBAX:SOLVFDUSD,Solv Protocol/First Digital USD
UBAX:SOLVTRY,Solv Protocol/Turkish Lira
UBAX:SOLVUSDC,Solv Protocol/USDC
UBAX:SOLVUSDT,Solv Protocol/Tether
UBAX:SOMIBNB,
UBAX:SOMIFDUSD,
UBAX:SOMITRY,Somnia/Turkish Lira
UBAX:SOMIUSDC,Somnia/USDC
UBAX:SOMIUSDT,Somnia/Tether
UBAX:SOPHBNB,
UBAX:SOPHFDUSD,Sophon/First Digital USD
UBAX:SOPHTRY,Sophon/Turkish Lira
UBAX:SOPHUSDC,Sophon/USDC
UBAX:SOPHUSDT,Sophon/Tether
UBAX:SPELLTRY,Spell Token/Turkish Lira
UBAX:SPELLUSDT,Spell Token/Tether
UBAX:SPKBNB,
UBAX:SPKFDUSD,
UBAX:SPKTRY,Spark/Turkish Lira
UBAX:SPKUSDC,Spark/USDC
UBAX:SPKUSDT,Spark/Tether
UBAX:SRMUSDT,
UBAX:SSVBTC,
UBAX:SSVETH,
UBAX:SSVUSDC,ssv.network/USDC
UBAX:SSVUSDT,ssv.network/Tether
UBAX:STEEMBTC,Steem/Bitcoin
UBAX:STEEMETH,Steem/Ethereum
UBAX:STEEMUSDC,Steem/USDC
UBAX:STEEMUSDT,Steem/Tether
UBAX:STGBTC,
UBAX:STGUSDT,Stargate Finance/Tether
UBAX:STOBNB,
UBAX:STOFDUSD,
UBAX:STORJBTC,
UBAX:STORJTRY,Storj/Turkish Lira
UBAX:STORJUSDT,Storj/Tether
UBAX:STOTRY,StakeStone/Turkish Lira
UBAX:STOUSDC,StakeStone/USDC
UBAX:STOUSDT,StakeStone/Tether
UBAX:STRATUSDT,
UBAX:STRAXBTC,
UBAX:STRAXTRY,Stratis/Turkish Lira
UBAX:STRAXUSDT,Stratis/Tether
UBAX:STRKFDUSD,
UBAX:STRKTRY,Starknet/Turkish Lira
UBAX:STRKUSDC,Starknet/USDC
UBAX:STRKUSDT,Starknet/Tether
UBAX:STRY,Sonic/Turkish Lira
UBAX:STXBNB,
UBAX:STXBTC,Stacks/Bitcoin
UBAX:STXFDUSD,
UBAX:STXTRY,Stacks/Turkish Lira
UBAX:STXUSDC,Stacks/USDC
UBAX:STXUSDT,Stacks/Tether
UBAX:SUIBNB,Sui/BNB
UBAX:SUIBRL,Sui/Brazilian Real
UBAX:SUIBTC,Sui/Bitcoin
UBAX:SUIEUR,Sui/Euro
UBAX:SUIFDUSD,Sui/First Digital USD
UBAX:SUIIDR,Sui/Rupiah
UBAX:SUIJPY,Sui/Yen
UBAX:SUITRY,Sui/Turkish Lira
UBAX:SUIU,Sui/Union
UBAX:SUIUSD1,Sui/World Liberty Financial USD
UBAX:SUIUSDC,Sui/USDC
UBAX:SUIUSDT,Sui/Tether
UBAX:SUNTRY,Sun/Turkish Lira
UBAX:SUNUSDT,Sun/Tether
UBAX:SUPERBTC,SuperVerse/Bitcoin
UBAX:SUPERTRY,SuperVerse/Turkish Lira
UBAX:SUPERUSDT,SuperVerse/Tether
UBAX:SUSDC,Sonic/USDC
UBAX:SUSDT,Sonic/Tether
UBAX:SUSHIBTC,
UBAX:SUSHITRY,SushiSwap/Turkish Lira
UBAX:SUSHIUSDC,SushiSwap/USDC
UBAX:SUSHIUSDT,SushiSwap/Tether
UBAX:SXPBTC,
UBAX:SXPTRY,Solar/Turkish Lira
UBAX:SXPUSDT,Solar/Tether
UBAX:SXTBNB,
UBAX:SXTFDUSD,
UBAX:SXTTRY,Space and Time/Turkish Lira
UBAX:SXTUSDC,Space and Time/USDC
UBAX:SXTUSDT,Space and Time/Tether
UBAX:SYNUSDC,Synapse/USDC
UBAX:SYNUSDT,Synapse/Tether
UBAX:SYRUPTRY,Maple Finance/Turkish Lira
UBAX:SYRUPUSDC,Maple Finance/USDC
UBAX:SYRUPUSDT,Maple Finance/Tether
UBAX:SYSBTC,
UBAX:SYSUSDT,Syscoin/Tether
UBAX:TAOBTC,Bittensor/Bitcoin
UBAX:TAOFDUSD,Bittensor/First Digital USD
UBAX:TAOIDR,Bittensor/Rupiah
UBAX:TAOJPY,Bittensor/Yen
UBAX:TAOTRY,Bittensor/Turkish Lira
UBAX:TAOU,Bittensor/Union
UBAX:TAOUSD1,Bittensor/World Liberty Financial USD
UBAX:TAOUSDC,Bittensor/USDC
UBAX:TAOUSDT,Bittensor/Tether
UBAX:TFUELBTC,Theta Fuel/Bitcoin
UBAX:TFUELUSDT,Theta Fuel/Tether
UBAX:THEFDUSD,
UBAX:THETABTC,Theta Network/Bitcoin
UBAX:THETATRY,Theta Network/Turkish Lira
UBAX:THETAUSDC,Theta Network/USDC
UBAX:THETAUSDT,Theta Network/Tether
UBAX:THETRY,THENA/Turkish Lira
UBAX:THEUSDC,THENA/USDC
UBAX:THEUSDT,THENA/Tether
UBAX:TIABTC,Celestia/Bitcoin
UBAX:TIAFDUSD,
UBAX:TIAIDR,Celestia/Rupiah
UBAX:TIATRY,Celestia/Turkish Lira
UBAX:TIAUSDC,Celestia/USDC
UBAX:TIAUSDT,Celestia/Tether
UBAX:TKOIDR,Toko Token/Rupiah
UBAX:TKOUSDT,Toko Token/Tether
UBAX:TLMTRY,Alien Worlds/Turkish Lira
UBAX:TLMUSDC,Alien Worlds/USDC
UBAX:TLMUSDT,Alien Worlds/Tether
UBAX:TNSRFDUSD,
UBAX:TNSRTRY,Tensor/Turkish Lira
UBAX:TNSRUSDC,Tensor/USDC
UBAX:TNSRUSDT,Tensor/Tether
UBAX:TONBTC,
UBAX:TONFDUSD,Toncoin/First Digital USD
UBAX:TONIDR,Toncoin/Rupiah
UBAX:TONTRY,Toncoin/Turkish Lira
UBAX:TONUSDC,Toncoin/USDC
UBAX:TONUSDT,Toncoin/Tether
UBAX:TORNUSDT,
UBAX:TOWNSBNB,
UBAX:TOWNSFDUSD,
UBAX:TOWNSTRY,Towns/Turkish Lira
UBAX:TOWNSUSDC,Towns/USDC
UBAX:TOWNSUSDT,Towns/Tether
UBAX:TRBBTC,
UBAX:TRBTRY,Tellor/Turkish Lira
UBAX:TRBUSDC,Tellor/USDC
UBAX:TRBUSDT,Tellor/Tether
UBAX:TREEBNB,
UBAX:TREEFDUSD,
UBAX:TREETRY,Treehouse/Turkish Lira
UBAX:TREEUSDC,Treehouse/USDC
UBAX:TREEUSDT,Treehouse/Tether
UBAX:TRIBEUSDT,
UBAX:TRUMPBRL,OFFICIAL TRUMP/Brazilian Real
UBAX:TRUMPEUR,OFFICIAL TRUMP/Euro
UBAX:TRUMPFDUSD,OFFICIAL TRUMP/First Digital USD
UBAX:TRUMPJPY,OFFICIAL TRUMP/Yen
UBAX:TRUMPTRY,OFFICIAL TRUMP/Turkish Lira
UBAX:TRUMPUSDC,OFFICIAL TRUMP/USDC
UBAX:TRUMPUSDT,OFFICIAL TRUMP/Tether
UBAX:TRUTRY,TrueFi/Turkish Lira
UBAX:TRUUSDT,TrueFi/Tether
UBAX:TRXBNB,TRON/BNB
UBAX:TRXBTC,TRON/Bitcoin
UBAX:TRXETH,TRON/Ethereum
UBAX:TRXEUR,TRON/Euro
UBAX:TRXFDUSD,
UBAX:TRXJPY,TRON/Yen
UBAX:TRXTRY,TRON/Turkish Lira
UBAX:TRXU,TRON/Union
UBAX:TRXUSD1,TRON/World Liberty Financial USD
UBAX:TRXUSDC,TRON/USDC
UBAX:TRXUSDT,TRON/Tether
UBAX:TRXXRP,TRON/XRP
UBAX:TSTFDUSD,
UBAX:TSTTRY,Test/Turkish Lira
UBAX:TSTUSDC,Test/USDC
UBAX:TSTUSDT,Test/Tether
UBAX:TURBOTRY,Turbo/Turkish Lira
UBAX:TURBOUSDC,Turbo/USDC
UBAX:TURBOUSDT,Turbo/Tether
UBAX:TURTLEBNB,
UBAX:TURTLEFDUSD,
UBAX:TURTLETRY,Turtle/Turkish Lira
UBAX:TURTLEUSDC,Turtle/USDC
UBAX:TURTLEUSDT,Turtle/Tether
UBAX:TUSDC,Threshold/USDC
UBAX:TUSDT,Threshold/Tether
UBAX:TUSDUSDT,TrueUSD/Tether
UBAX:TUTUSDC,Tutorial/USDC
UBAX:TUTUSDT,Tutorial/Tether
UBAX:TWTTRY,Trust Wallet Token/Turkish Lira
UBAX:TWTUSDC,Trust Wallet Token/USDC
UBAX:TWTUSDT,Trust Wallet Token/Tether
UBAX:UIDR,Union/Rupiah
UBAX:UMABTC,
UBAX:UMATRY,UMA/Turkish Lira
UBAX:UMAUSDC,UMA/USDC
UBAX:UMAUSDT,UMA/Tether
UBAX:UNIBTC,Uniswap/Bitcoin
UBAX:UNIETH,Uniswap/Ethereum
UBAX:UNIFDUSD,Uniswap/First Digital USD
UBAX:UNITRY,Uniswap/Turkish Lira
UBAX:UNIU,Uniswap/Union
UBAX:UNIUSD1,Uniswap/World Liberty Financial USD
UBAX:UNIUSDC,Uniswap/USDC
UBAX:UNIUSDT,Uniswap/Tether
UBAX:USD1U,World Liberty Financial USD/Union
UBAX:USD1USDC,World Liberty Financial USD/USDC
UBAX:USD1USDT,World Liberty Financial USD/Tether
UBAX:USDCBRL,USDC/Brazilian Real
UBAX:USDCCZK,
UBAX:USDCIDR,USDC/Rupiah
UBAX:USDCMXN,USDC/Mexican Peso
UBAX:USDCPLN,USDC/Zloty
UBAX:USDCRON,
UBAX:USDCTRY,USDC/Turkish Lira
UBAX:USDCUSD,USDC/US Dollar
UBAX:USDCUSDT,USDC/Tether
UBAX:USDEUSDC,Ethena USDe/USDC
UBAX:USDEUSDT,Ethena USDe/Tether
UBAX:USDPUSDT,Pax Dollar/Tether
UBAX:USDTARS,Tether/Argentine Peso
UBAX:USDTBRL,Tether/Brazilian Real
UBAX:USDTCOP,Tether/Colombian Peso
UBAX:USDTDAI,Tether/Dai
UBAX:USDTIDR,Tether/Rupiah
UBAX:USDTMXN,Tether/Mexican Peso
UBAX:USDTPLN,Tether/Zloty
UBAX:USDTTRY,Tether/Turkish Lira
UBAX:USDTUAH,Tether/Hryvnia
UBAX:USDTUSD,Tether/US Dollar
UBAX:USDTUSDT,
UBAX:USDTZAR,Tether/Rand
UBAX:USTCTRY,TerraClassicUSD/Turkish Lira
UBAX:USTCUSDT,TerraClassicUSD/Tether
UBAX:USUALBTC,
UBAX:USUALFDUSD,
UBAX:USUALTRY,Usual/Turkish Lira
UBAX:USUALUSDC,Usual/USDC
UBAX:USUALUSDT,Usual/Tether
UBAX:UTKUSDC,
UBAX:UTKUSDT,xMoney/Tether
UBAX:UTRY,Union/Turkish Lira
UBAX:UUSDC,United Stables/USDC
UBAX:UUSDT,United Stables/Tether
UBAX:VANAFDUSD,
UBAX:VANATRY,Vana/Turkish Lira
UBAX:VANAUSDC,Vana/USDC
UBAX:VANAUSDT,Vana/Tether
UBAX:VANRYTRY,Vanar Chain/Turkish Lira
UBAX:VANRYUSDC,Vanar Chain/USDC
UBAX:VANRYUSDT,Vanar Chain/Tether
UBAX:VELODROMEUSDC,Velodrome Finance/USDC
UBAX:VELODROMEUSDT,Velodrome Finance/Tether
UBAX:VETBNB,
UBAX:VETBTC,VeChain/Bitcoin
UBAX:VETETH,
UBAX:VETEUR,VeChain/Euro
UBAX:VETTRY,VeChain/Turkish Lira
UBAX:VETUSDC,VeChain/USDC
UBAX:VETUSDT,VeChain/Tether
UBAX:VICTRY,Viction/Turkish Lira
UBAX:VICUSDT,Viction/Tether
UBAX:VIRTUALIDR,Virtuals Protocol/Rupiah
UBAX:VIRTUALTRY,Virtuals Protocol/Turkish Lira
UBAX:VIRTUALUSDC,Virtuals Protocol/USDC
UBAX:VIRTUALUSDT,Virtuals Protocol/Tether
UBAX:VOXELUSDT,
UBAX:VTHOTRY,
UBAX:VTHOUSDT,VeThor Token/Tether
UBAX:WALBNB,Walrus/BNB
UBAX:WALFDUSD,Walrus/First Digital USD
UBAX:WALTRY,Walrus/Turkish Lira
UBAX:WALUSDC,Walrus/USDC
UBAX:WALUSDT,Walrus/Tether
UBAX:WANBTC,Wanchain/Bitcoin
UBAX:WANUSDT,Wanchain/Tether
UBAX:WAVESUSDT,
UBAX:WAXPBTC,
UBAX:WAXPUSDT,WAX/Tether
UBAX:WBETHETH,Wrapped Beacon ETH/Ethereum
UBAX:WBETHUSDT,Wrapped Beacon ETH/Tether
UBAX:WBTC,
UBAX:WBTCBTC,Wrapped Bitcoin/Bitcoin
UBAX:WBTCETH,Wrapped Bitcoin/Ethereum
UBAX:WBTCUSDT,Wrapped Bitcoin/Tether
UBAX:WCTBNB,
UBAX:WCTFDUSD,
UBAX:WCTTRY,WalletConnect Token/Turkish Lira
UBAX:WCTUSDC,WalletConnect Token/USDC
UBAX:WCTUSDT,WalletConnect Token/Tether
UBAX:WFDUSD,
UBAX:WIFBRL,
UBAX:WIFBTC,dogwifhat/Bitcoin
UBAX:WIFEUR,dogwifhat/Euro
UBAX:WIFFDUSD,dogwifhat/First Digital USD
UBAX:WIFIDR,dogwifhat/Rupiah
UBAX:WIFTRY,dogwifhat/Turkish Lira
UBAX:WIFUSDC,dogwifhat/USDC
UBAX:WIFUSDT,dogwifhat/Tether
UBAX:WINEUR,WINkLink/Euro
UBAX:WINGUSDT,
UBAX:WINTRX,WINkLink/TRON
UBAX:WINUSDT,WINkLink/Tether
UBAX:WLDBTC,Worldcoin/Bitcoin
UBAX:WLDEUR,Worldcoin/Euro
UBAX:WLDFDUSD,Worldcoin/First Digital USD
UBAX:WLDIDR,Worldcoin/Rupiah
UBAX:WLDTRY,Worldcoin/Turkish Lira
UBAX:WLDUSDC,Worldcoin/USDC
UBAX:WLDUSDT,Worldcoin/Tether
UBAX:WLFIBRL,
UBAX:WLFIEUR,World Liberty Financial/Euro
UBAX:WLFITRY,World Liberty Financial/Turkish Lira
UBAX:WLFIU,World Liberty Financial/Union
UBAX:WLFIUSD1,World Liberty Financial/World Liberty Financial USD
UBAX:WLFIUSDC,World Liberty Financial/USDC
UBAX:WLFIUSDT,World Liberty Financial/Tether
UBAX:WOOUSDT,WOO/Tether
UBAX:WTRY,Wormhole/Turkish Lira
UBAX:WUSDC,Wormhole/USDC
UBAX:WUSDT,Wormhole/Tether
UBAX:XAITRY,Xai/Turkish Lira
UBAX:XAIUSDC,Xai/USDC
UBAX:XAIUSDT,Xai/Tether
UBAX:XECTRY,eCash/Turkish Lira
UBAX:XECUSDT,eCash/Tether
UBAX:XLMBTC,Stellar/Bitcoin
UBAX:XLMETH,Stellar/Ethereum
UBAX:XLMEUR,Stellar/Euro
UBAX:XLMFDUSD,Stellar/First Digital USD
UBAX:XLMJPY,Stellar/Yen
UBAX:XLMTRY,Stellar/Turkish Lira
UBAX:XLMUSDC,Stellar/USDC
UBAX:XLMUSDT,Stellar/Tether
UBAX:XMRUSDT,
UBAX:XNOBTC,
UBAX:XNOUSDT,Nano/Tether
UBAX:XPLBNB,
UBAX:XPLFDUSD,Plasma/First Digital USD
UBAX:XPLTRY,Plasma/Turkish Lira
UBAX:XPLUSDC,Plasma/USDC
UBAX:XPLUSDT,Plasma/Tether
UBAX:XRPBNB,XRP/BNB
UBAX:XRPBRL,XRP/Brazilian Real
UBAX:XRPBTC,XRP/Bitcoin
UBAX:XRPETH,XRP/Ethereum
UBAX:XRPEUR,XRP/Euro
UBAX:XRPFDUSD,XRP/First Digital USD
UBAX:XRPIDR,XRP/Rupiah
UBAX:XRPJPY,XRP/Yen
UBAX:XRPMXN,XRP/Mexican Peso
UBAX:XRPRLUSD,XRP/Ripple USD
UBAX:XRPTRY,XRP/Turkish Lira
UBAX:XRPTUSD,XRP/TrueUSD
UBAX:XRPU,XRP/Union
UBAX:XRPUSD1,XRP/World Liberty Financial USD
UBAX:XRPUSDC,XRP/USDC
UBAX:XRPUSDT,XRP/Tether
UBAX:XTZBTC,Tezos/Bitcoin
UBAX:XTZTRY,Tezos/Turkish Lira
UBAX:XTZUSDC,Tezos/USDC
UBAX:XTZUSDT,Tezos/Tether
UBAX:XUSDUSDT,StraitsX USD/Tether
UBAX:XVGETH,
UBAX:XVGTRY,Verge/Turkish Lira
UBAX:XVGUSDC,Verge/USDC
UBAX:XVGUSDT,Verge/Tether
UBAX:XVSBNB,Venus/BNB
UBAX:XVSBTC,Venus/Bitcoin
UBAX:XVSTRY,
UBAX:XVSUSDT,Venus/Tether
UBAX:YBBNB,
UBAX:YBFDUSD,
UBAX:YBTRY,YieldBasis/Turkish Lira
UBAX:YBUSDC,YieldBasis/USDC
UBAX:YBUSDT,YieldBasis/Tether
UBAX:YFIBTC,
UBAX:YFIUSDT,yearn.finance/Tether
UBAX:YGGBTC,
UBAX:YGGTRY,
UBAX:YGGUSDC,Yield Guild Games/USDC
UBAX:YGGUSDT,Yield Guild Games/Tether
UBAX:ZAMATRY,Zama/Turkish Lira
UBAX:ZAMAUSDC,Zama/USDC
UBAX:ZAMAUSDT,Zama/Tether
UBAX:ZBTBNB,
UBAX:ZBTFDUSD,
UBAX:ZBTTRY,ZEROBASE/Turkish Lira
UBAX:ZBTUSDC,ZEROBASE/USDC
UBAX:ZBTUSDT,ZEROBASE/Tether
UBAX:ZECBTC,Zcash/Bitcoin
UBAX:ZECETH,Zcash/Ethereum
UBAX:ZECU,Zcash/Union
UBAX:ZECUSD1,Zcash/World Liberty Financial USD
UBAX:ZECUSDC,Zcash/USDC
UBAX:ZECUSDT,Zcash/Tether
UBAX:ZENBTC,Horizen/Bitcoin
UBAX:ZENUSDC,Horizen/USDC
UBAX:ZENUSDT,Horizen/Tether
UBAX:ZILETH,
UBAX:ZILIDR,Zilliqa/Rupiah
UBAX:ZILTRY,Zilliqa/Turkish Lira
UBAX:ZILUSDT,Zilliqa/Tether
UBAX:ZKBTC,
UBAX:ZKCBNB,
UBAX:ZKCFDUSD,
UBAX:ZKCTRY,Boundless/Turkish Lira
UBAX:ZKCUSDC,Boundless/USDC
UBAX:ZKCUSDT,Boundless/Tether
UBAX:ZKFDUSD,
UBAX:ZKPTRY,zkPass/Turkish Lira
UBAX:ZKPUSDC,zkPass/USDC
UBAX:ZKPUSDT,zkPass/Tether
UBAX:ZKTRY,ZKsync/Turkish Lira
UBAX:ZKUSDC,ZKsync/USDC
UBAX:ZKUSDT,ZKsync/Tether
UBAX:ZROBTC,
UBAX:ZROFDUSD,LayerZero/First Digital USD
UBAX:ZROTRY,LayerZero/Turkish Lira
UBAX:ZROUSDC,LayerZero/USDC
UBAX:ZROUSDT,LayerZero/Tether
UBAX:ZRXBTC,
UBAX:ZRXUSDT,0x Protocol/Tether
UDC:1INCHUSD,
UDC:AAVEUSD,Aave
UDC:ACMUSD,
UDC:ADAUSD,Cardano
UDC:AKROUSD,
UDC:ALGOUSD,Algorand
UDC:ALPACAUSD,
UDC:ALPHAUSD,
UDC:AMPUSD,
UDC:ANCUSD,
UDC:ANKRUSD,
UDC:APEUSD,
UDC:API3USD,
UDC:ARDRUSD,
UDC:ASRUSD,
UDC:ATOMUSD,Cosmos
UDC:AUDIOUSD,
UDC:AUTOUSD,
UDC:AVAXUSD,Avalanche
UDC:AXSUSD,
UDC:BADGERUSD,
UDC:BAKEUSD,
UDC:BALUSD,
UDC:BANDUSD,
UDC:BATUSD,
UDC:BCHUSD,Bitcoin Cash
UDC:BELUSD,
UDC:BNBUSD,BinanceCoin
UDC:BNTUSD,
UDC:BNXUSD,
UDC:BONDUSD,
UDC:BTCUSD,Bitcoin
UDC:BTSUSD,
UDC:CAKEUSD,
UDC:CELOUSD,
UDC:CELRUSD,
UDC:CHZUSD,
UDC:CKBUSD,
UDC:COCOSUSD,
UDC:COMBOUSD,
UDC:COMPUSD,
UDC:CROUSD,
UDC:CRVUSD,Curve
UDC:CTKUSD,
UDC:CVCUSD,
UDC:CVXUSD,
UDC:DASHUSD,
UDC:DCRUSD,
UDC:DIAUSD,
UDC:DNTUSD,
UDC:DOCKUSD,
UDC:DODOUSD,
UDC:DOGEUSD,DogeCoin
UDC:DOTUSD,Polkadot
UDC:DYDXUSD,
UDC:EGLDUSD,
UDC:ELFUSD,
UDC:ENJUSD,
UDC:ENSUSD,Ens
UDC:EOSUSD,
UDC:EPICUSD,
UDC:ERNUSD,
UDC:ETCUSD,Ethereum Classic
UDC:ETHUSD,Ethereum
UDC:FETUSD,Fetch.ai
UDC:FILUSD,
UDC:FIOUSD,
UDC:FIROUSD,
UDC:FLMUSD,
UDC:FLOWUSD,
UDC:FTMUSD,
UDC:FTTUSD,
UDC:GALAUSD,Gala Games
UDC:GALUSD,
UDC:GMTUSD,
UDC:GNOUSD,
UDC:GRTUSD,The Graph
UDC:GTCUSD,
UDC:GUSD,
UDC:HARDUSD,
UDC:HBARUSD,Hedera
UDC:HIGHUSD,
UDC:HOTUSD,
UDC:ICPUSD,Internet Computer
UDC:ICXUSD,
UDC:INJUSD,
UDC:IOSTUSD,
UDC:IOTAUSD,Miota
UDC:IRISUSD,
UDC:KLAYUSD,
UDC:KMDUSD,
UDC:KNCUSD,
UDC:KSMUSD,
UDC:LDOUSD,
UDC:LINKUSD,ChainLink
UDC:LITUSD,
UDC:LPTUSD,Livepeer
UDC:LRCUSD,
UDC:LTCUSD,Litecoin
UDC:LTOUSD,
UDC:LUMIAUSD,
UDC:LUNAUSD,
UDC:LUNCUSD,
UDC:MANAUSD,
UDC:MASKUSD,
UDC:MATICUSD,
UDC:MBOXUSD,
UDC:MDXUSD,
UDC:MKRUSD,
UDC:MLNUSD,
UDC:MOVRUSD,
UDC:NBSUSD,
UDC:NEARUSD,Near
UDC:NEOUSD,
UDC:NULSUSD,
UDC:OCEANUSD,
UDC:OGNUSD,
UDC:OMGUSD,
UDC:ONEUSD,Harmony
UDC:ONGUSD,
UDC:ONTUSD,
UDC:OPUSD,Optimism
UDC:ORNUSD,
UDC:PDAUSD,
UDC:PEOPLEUSD,
UDC:PERLUSD,
UDC:PERPUSD,
UDC:PHAUSD,
UDC:POLSUSD,
UDC:POLUSD,
UDC:POWRUSD,
UDC:PSGUSD,
UDC:QTUMUSD,
UDC:QUICKOLDUSD,
UDC:QUICKUSD,
UDC:RAREUSD,
UDC:REIUSD,
UDC:RENDERUSD,
UDC:RENUSD,
UDC:REPUSD,
UDC:ROSEUSD,
UDC:RUNEUSD,
UDC:RVNUSD,Ravencoin
UDC:SANDUSD,Sandbox
UDC:SFPUSD,
UDC:SHIBUSD,Shiba Inu
UDC:SKLUSD,
UDC:SNXUSD,
UDC:SOLUSD,Solana
UDC:SRMUSD,
UDC:STEEMUSD,
UDC:STGUSD,
UDC:STORJUSD,
UDC:STRATUSD,
UDC:STRAXUSD,
UDC:STXUSD,
UDC:SUIUSD,SUI
UDC:SUSD,
UDC:SUSHIUSD,Sushiswap
UDC:SYSUSD,
UDC:THETAUSD,ThetaNetwork
UDC:TIAUSD,
UDC:TKOUSD,
UDC:TLMUSD,
UDC:TONUSD,
UDC:TORNUSD,
UDC:TRIBEUSD,
UDC:TRUMPUSD,offcial-trump
UDC:TRUUSD,
UDC:TRXUSD,
UDC:UMAUSD,
UDC:UNIUSD,Uniswap
UDC:USDCUSD,USD Coin
UDC:USDTUSD,USDT
UDC:VETUSD,Vechain
UDC:WAVESUSD,
UDC:WIFUSD,
UDC:WINGUSD,
UDC:WINUSD,
UDC:XECUSD,
UDC:XLMUSD,Stellar
UDC:XMRUSD,
UDC:XRPUSD,Ripple
UDC:XTZUSD,
UDC:XVGUSD,
UDC:XVSUSD,
UDC:YFIUSD,
UDC:YGGUSD,
UDC:ZECUSD,
UDC:ZILUSD,Zilliqa
UDC:ZRXUSD,
