market_code,security_name
169:A,Agilent Technologies
169:AA,Alcoa
169:AAA,Alternative Access First Priority CLO Bond ETF
169:AAAC,Columbia AAA CLO ETF
169:AAMI,Acadian Asset
169:AAP,Advance Auto Parts
169:AAT,American Assets
169:AAUC,Allied Gold
169:AB,Alliancebernstein Holding
169:ABBV,Abbvie
169:ABCB,Ameris Bancorp
169:ABEQ,Absolute Select Value ETF
169:ABEV,Ambev
169:ABG,Asbury Automotive Group
169:ABM,ABM Industries
169:ABNY,YieldMax ABNB Option Income Strategy ETF
169:ABR,Arbor Realty Trust
169:ABRpD,Arbor Realty Trust Pref D
169:ABRpE,Arbor Realty Trust Pref E
169:ABRpF,Arbor Realty Trust Pref F
169:ABT,Abbott Laboratories
169:ABX,Abacus Global
169:ACA,Arcosa
169:ACCO,ACCO Brands
169:ACEI,Innovator Equity Autocallable Income Strategy ETF
169:ACEL,Accel Entertainment
169:ACES,ALPS Clean Energy ETF
169:ACGR,American Century Large Cap Growth ETF
169:ACH,Accendra Health
169:ACHR,Archer Aviation
169:ACHR.WS,
169:ACI,Albertsons
169:ACII,Innovator Index Autocallable Income Strategy ETF
169:ACKY,VistaShares Target 15 ACKtivist Distribution ETF
169:ACLC,American Century Large Cap Equity ETF
169:ACLO,TCW AAA CLO ETF
169:ACM,AECOM
169:ACN,Accenture
169:ACP,abrdn Income Credit
169:ACPpA,abrdn Income Pref A
169:ACR,ACRES Commercial
169:ACRE,Ares Commercial Real Estate
169:ACRpC,ACRES Pref C
169:ACRpD,ACRES Pref D
169:ACV,Virtus
169:ACVA,ACV Auctions
169:ACVF,American Conservative Values ETF
169:ACVT,Advent Convertible Bond ETF
169:ACYN,FT Vest Laddered Autocallable Barrier & Income ETF
169:AD,Array Digital
169:ADC,Agree Realty
169:ADCT,ADC Therapeutics
169:ADCpA,Agree Pref A ADR
169:ADIV,Guinness Atkinson Asia Pacific Dividend Builder ETF
169:ADM,Archer-Daniels-Midland
169:ADNT,Adient
169:ADPV,Adaptiv Select ETF
169:ADT,ADT
169:ADVE,Matthews Asia Dividend Active ETF
169:ADX,Adams Diversified
169:AEE,Ameren
169:AEG,Aegon
169:AEM,Agnico Eagle Mines
169:AEO,American Eagle Outfitters
169:AER,Aercap Holdings
169:AERO,Aeromexico
169:AES,The Aes
169:AESI,Atlas Energy
169:AETH,Bitwise Trendwise Ethereum and Treasuries Rotation Strategy ETF
169:AEXA,American Exceptionalism Acquisition
169:AFB,AllianceBernstein
169:AFG,American Financial Group
169:AFIX,Allspring Broad Market Core Bond ETF
169:AFK,VanEck Africa Index ETF
169:AFL,Aflac
169:AFLG,First Trust Active Factor Large Cap ETF
169:AFMC,First Trust Active Factor Mid Cap ETF
169:AFSM,First Trust Active Factor Small Cap ETF
169:AG,First Majestic
169:AGBK,AGI
169:AGCO,Agco
169:AGD,abrdn Global Dynamic
169:AGG,iShares Core U.S. Aggregate Bond ETF
169:AGGH,Simplify Aggregate Bond ETF
169:AGGS,Harbor Disciplined Bond ETF
169:AGGY,WisdomTree Yield Enhanced U.S. Aggregate Bond Fund
169:AGI,Alamos Gold
169:AGIQ,SoFi Agentic AI ETF
169:AGL,agilon health
169:AGM,Federal Agricultural Mortgage C
169:AGM.A,Federal Agricultural Mortgage A
169:AGMpD,Federal Agricultural Mortgage Pref D
169:AGMpE,Federal Agricultural Mortgage Pref E
169:AGMpF,Federal Agricultural Mortgage Pref F
169:AGMpG,Federal Agricultural Mortgage Pref G
169:AGMpH,Brookfield Pref H
169:AGO,Assured Guaranty
169:AGOX,Adaptive Alpha Opportunities ETF
169:AGQ,ProShares Ultra Silver
169:AGQI,First Trust Active Global Quality Income ETF
169:AGRH,iShares Interest Rate Hedged US Aggregate Bond ETF
169:AGRO,Adecoagro
169:AGRW,Allspring LT Large Growth ETF
169:AGX,Argan
169:AGZ,iShares Agency Bond ETF
169:AHLT,American Beacon AHL Trend ETF
169:AHLpD,Aspen Insurance Holdings Pref D
169:AHLpE,Aspen Insurance Holdings Pref E ADR
169:AHLpF,Aspen Insurance Holdings Pref F ADR
169:AHR,American Healthcare
169:AHRT,AH Realty Trust
169:AHRTpA,AH Realty Trust Pref A
169:AHT,Ashford Hospitality Trust
169:AHTpD,Ashford Hospitality Trust Pref D
169:AHTpF,Ashford Hospitality Trust Pref F
169:AHTpG,Ashford Hospitality Trust Pref G
169:AHTpH,Ashford Hospitality Trust Pref H
169:AHTpI,Ashford Hospitality Trust Pref I
169:AHYB,American Century Select High Yield ETF
169:AI,C3.ai
169:AIBD,Direxion Daily AI and Big Data Bear 2X ETF
169:AIBU,Direxion Daily AI and Big Data Bull 2X ETF
169:AIEQ,Amplify AI Powered Equity ETF
169:AIG,American
169:AII,American Integrity
169:AIIA,AI Infrastructure
169:AIIA.U,AI Infrastructure-U
169:AIIAr,
169:AIN,Albany International
169:AINP,Allspring Income Plus ETF
169:AINT,FINQ DOLLAR NEUTRAL U.S. Large Cap AI-Managed Equity ETF
169:AIO,Virtus Artificial
169:AIR,AAR
169:AIS,VistaShares Artificial Intelligence Supercycle ETF
169:AIT,Applied Industrial Technologies
169:AIUP,FINQ FIRST U.S. Large Cap AI-Managed Equity ETF
169:AIV,Apartment Investment And Management
169:AIVC,Amplify Bloomberg AI Value Chain ETF
169:AIVI,WisdomTree International AI Enhanced Value Fund
169:AIVL,WisdomTree U.S. AI Enhanced Value Fund
169:AIYY,YieldMax AI Option Income Strategy ETF
169:AIZ,Assurant
169:AJG,Arthur J. Gallagher
169:AKA,a.k.a. Brands
169:AKAF,The Frontier Economic Fund
169:AKO.A,Andina Bottling A ADS
169:AKO.B,Andina Bottling B ADS
169:AKR,Acadia Realty Trust
169:AKRE,Akre Focus ETF
169:AL,Air Lease
169:ALAI,Alger AI Enablers & Adopters ETF
169:ALB,Albemarle
169:ALBpA,Albemarle Pref A ADR
169:ALC,Alcon
169:ALG,Alamo Group
169:ALH,Alliance Laundry
169:ALIT,Alight
169:ALK,Alaska Air Group
169:ALL,The Allstate
169:ALLE,Allegion Public
169:ALLY,Ally Financial
169:ALLpH,The Allstate Pref H ADR
169:ALLpI,The Allstate Pref I ADR
169:ALLpJ,The Allstate Pref J ADR
169:ALRG,Allspring LT Large Core ETF
169:ALSN,Allison Transmission Holdings
169:ALTG,Alta Equipment
169:ALTGpA,Alta Equipment Pref A ADR
169:ALTL,Pacer Lunt Large Cap Alternator ETF
169:ALUB,Alussa Energy
169:ALUB.U,Alussa Energy-U
169:ALUB.WS,
169:ALV,Autoliv
169:ALX,Alexander'S
169:AM,Antero Midstream
169:AMAX,Adaptive Hedged Multi-Asset Income ETF
169:AMBP,Ardagh Metal
169:AMBQ,Ambiq Micro
169:AMC,AMC Entertainment Holdings
169:AMCR,Amcor
169:AMDY,YieldMax AMD Option Income Strategy ETF
169:AME,Ametek
169:AMG,Affiliated Managers Group
169:AMH,American Homes 4
169:AMHpG,American Homes 4 Rent Pref G
169:AMHpH,American Homes 4 Rent Pref H
169:AMJB,Alerian MLP Index ETN
169:AMLP,Alerian MLP ETF
169:AMN,Amn Healthcare Services
169:AMOM,QRAFT AI-Enhanced U.S. Large Cap Momentum ETF
169:AMP,Ameriprise Financial
169:AMPX,Amprius Technologies
169:AMPX.WS,
169:AMPY,Amplify Energy
169:AMR,Alpha Metallurgical
169:AMRC,Ameresco
169:AMRZ,Amrize
169:AMT,American Tower
169:AMTB,Amerant Bancorp A
169:AMTD,AMTD IDEA
169:AMTM,Amentum Holdings
169:AMUB,ETRACS Alerian MLP Index ETN Series B
169:AMWL,American Well
169:AMX,America Mobile
169:AMZA,InfraCap MLP ETF
169:AMZY,YieldMax AMZN Option Income Strategy ETF
169:AN,Autonation
169:ANDG,Andersen
169:ANET,Arista Networks
169:ANEW,ProShares MSCI Transformational Changes ETF
169:ANF,Abercrombie & Fitch
169:ANGX,Angel
169:ANGpD,American National Pref D ADR
169:ANRO,Alto Neuroscience
169:ANVS,Annovis Bio
169:AOA,iShares Core 80/20 Aggressive Allocation ETF
169:AOD,abrdn Total Dynamic
169:AOK,iShares Core 30/70 Conservative Allocation ETF
169:AOM,iShares Core 40/60 Moderate Allocation ETF
169:AOMR,Angel Oak
169:AON,Aon
169:AOR,iShares Core 60/40 Balanced Allocation ETF
169:AORT,Artivion
169:AOS,A. O. Smith
169:AOTS,AOT Software Platform ETF
169:AP,Ampco-Pittsburgh
169:APAM,Artisan Partners
169:APCB,Activepassive Core Bond ETF
169:APD,Air Products and Chemicals
169:APG,APi Group
169:APH,Amphenol
169:APIE,ActivePassive International Equity ETF
169:APLE,Apple Hospitality
169:APLU,Allspring Core Plus ETF
169:APLY,YieldMax AAPL Option Income Strategy ETF
169:APMU,Activepassive Intermediate Municipal Bond ETF
169:APO,Apollo Global
169:APOpA,Apollo Global Pref A
169:APTV,Aptiv
169:APUE,Activepassive US Equity ETF
169:AQN,Algonquin Power
169:AR,Antero Resources
169:ARB,AltShares Merger Arbitrage ETF
169:ARCO,Arcos Dorados
169:ARDC,Ares Dynamic Credit
169:ARDT,Ardent Health
169:ARE,Alexandria Real Estate Equities
169:ARES,Ares Management
169:ARESpB,Ares Management Pref B
169:ARGT,Global X MSCI Argentina ETF
169:ARI,Apollo Commercial Real Estate Finance
169:ARIS,Aris Mining
169:ARL,American Realty Investors
169:ARLO,Arlo Technologies
169:ARMH,Arm Holdings PLC ADRhedged
169:ARMK,Aramark
169:AROC,Archrock
169:ARP,PMV Adaptive Risk Parity ETF
169:ARR,Armour Residential Reit
169:ARRpC,Armour Residential Reit Pref C
169:ARTY,iShares Future AI & Tech ETF
169:ARW,Arrow Electronics
169:ARX,Accelerant
169:AS,Amer Sports
169:ASA,Asa Gold
169:ASAN,Asana
169:ASB,Associated Banc
169:ASBpE,Associated Banc Pref E ADR
169:ASBpF,Associated Banc Pref F ADR
169:ASC,Ardmore Shipping
169:ASCE,Allspring SMID Core ETF
169:ASEA,Global X FTSE Southeast Asia ETF
169:ASG,Liberty All-Star
169:ASGI,abrdn Global
169:ASGM,Virtus AlphaSimplex Global Macro ETF
169:ASGN,ASGN
169:ASH,Ashland
169:ASHR,Xtrackers Harvest CSI 300 China A-Shares ETF
169:ASHS,Xtrackers Harvest CSI 500 China-A Shares Small Cap ETF
169:ASIA,Matthews Pacific Tiger Active ETF
169:ASIC,Ategrity Specialty
169:ASIX,AdvanSix
169:ASLV,Allspring Special Large Value ETF
169:ASMF,Virtus AlphaSimplex Managed Futures ETF
169:ASMH,ASML Holding NV ADRhedged
169:ASPN,Aspen Aerogels
169:ASR,Southeast Airport Group
169:ASX,ASEH
169:ATCL,REX Autocallable Income ETF
169:ATEN,A10 Networks
169:ATFV,Alger 35 ETF
169:ATHM,Autohome
169:ATHpA,Athene Pref A ADR
169:ATHpB,Athene Holding Pref B ADR
169:ATHpD,Athene Holding Pref D ADR
169:ATHpE,Athene Pref E ADR
169:ATI,ATI
169:ATKR,Atkore
169:ATMU,Atmus Filtration
169:ATO,Atmos Energy
169:ATR,Aptargroup
169:ATS,ATS
169:AU,Anglogold Ashanti
169:AUAU,Global X Gold Miners ETF
169:AUB,Atlantic Union
169:AUBpA,Atlantic Union Pref A ADR
169:AUNA,Auna
169:AUSF,Global X Adaptive U.S. Factor ETF
169:AUSM,Allspring Ultra Short Municipal ETF
169:AVA,Avista
169:AVAL,Aval Pref ADR
169:AVB,Avalonbay
169:AVBC,Avidia Bancorp
169:AVD,American Vanguard
169:AVDE,Avantis International Equity ETF
169:AVDS,Avantis International Small Cap Equity ETF
169:AVDV,Avantis International Small Cap Value ETF
169:AVEE,Avantis Emerging Markets Small Cap Equity ETF
169:AVEM,Avantis Emerging Markets Equity ETF
169:AVES,Avantis Emerging Markets Value ETF
169:AVGE,Avantis All Equity Markets ETF
169:AVGV,Avantis All Equity Markets Value ETF
169:AVIE,Avantis Inflation Focused Equity ETF
169:AVIG,Avantis Core Fixed Income ETF
169:AVIV,Avantis International Large Cap Value ETF
169:AVK,Advent Convertible
169:AVLC,Avantis U.S. Large Cap Equity ETF
169:AVLV,Avantis U.S. Large Cap Value ETF
169:AVMA,Avantis Moderate Allocation ETF
169:AVMC,Avantis U.S. Mid Cap Equity ETF
169:AVMU,Avantis Core Municipal Fixed Income ETF
169:AVMV,Avantis U.S. Mid Cap Value ETF
169:AVNM,Avantis All International Markets Equity ETF
169:AVNS,Avanos Medical
169:AVNT,Avient
169:AVNV,Avantis All International Markets Value ETF
169:AVRE,Avantis Real Estate ETF
169:AVSC,Avantis U.S. Small Cap Equity ETF
169:AVSD,Avantis Responsible International Equity ETF
169:AVSE,Avantis Responsible Emerging Markets Equity ETF
169:AVSF,Avantis Short-Term Fixed Income ETF
169:AVSU,Avantis Responsible U.S. Equity ETF
169:AVTM,Avantis Total Equity Markets ETF
169:AVTR,Avantor
169:AVUS,Avantis U.S. Equity ETF
169:AVUV,Avantis U.S. Small Cap Value ETF
169:AVY,Avery Dennison
169:AWAY,Amplify Travel Tech ETF
169:AWF,Alliancebernstein Global
169:AWI,Armstrong World Industries
169:AWK,American Water Works
169:AWP,abrdn Global Premier
169:AWR,American States Water
169:AX,Axos Financial
169:AXIA,Axia Energia
169:AXIAp,Axia Energia Pref ADR
169:AXIApC,Axia Energia Pref C ADR
169:AXP,American Express
169:AXR,Amrep
169:AXS,AXIS Capital Holdings
169:AXSpE,AXIS Capital Holdings Pref E ADR
169:AXTA,Axalta Coating Systems
169:AYI,Acuity
169:AZN,Astrazeneca
169:AZO,Autozone
169:AZTD,Aztlan Global Stock Selection DM SMID ETF
169:AZZ,Azz
169:B,Barrick Mining
169:BA,The Boeing
169:BAB,Invesco Taxable Municipal Bond ETF
169:BABA,Alibaba Group
169:BABO,YieldMax BABA Option Income Strategy ETF
169:BAC,Bank Of America
169:BACpB,Bank Of America Pref GG ADR
169:BACpE,Bank Of America Pref E ADR
169:BACpK,Bank Of America Pref HH ADR
169:BACpL,Bank Of America Pref L
169:BACpM,Bank Of America Pref KK ADR
169:BACpN,Bank Of America Pref LL ADR
169:BACpO,Bank Of America Pref NN ADR
169:BACpP,Bank Of America Pref PP ADR
169:BACpQ,Bank Of America Pref QQ ADR
169:BACpS,Bank Of America Pref SS ADR
169:BAH,Booz Allen Hamilton
169:BAI,iShares A.I. Innovation and Tech Active ETF
169:BAK,Braskem Pref ADR
169:BALL,Ball
169:BALY,Bally's
169:BAM,Brookfield Asset
169:BANC,Banc of California
169:BANCpF,Banc of California Pref ADR F
169:BAP,Credicorp
169:BAR,GraniteShares Gold Trust
169:BARK,BARK
169:BATT,Amplify Lithium & Battery Technology ETF
169:BAX,Baxter International
169:BApA,The Boeing Pref A ADR
169:BB,BlackBerry
169:BBAG,JPMorgan BetaBuilders U.S. Aggregate Bond ETF
169:BBAI,BigBear.ai Holdings
169:BBAI.WS,
169:BBAR,Banco BBVA
169:BBBI,BondBloxx BBB Rated 5-10 Year Corporate Bond ETF
169:BBBL,BondBloxx BBB Rated 10+ Year Corporate Bond ETF
169:BBBS,BondBloxx BBB Rated 1-5 Year Corporate Bond ETF
169:BBBY,Bed Bath & Beyond
169:BBBY.WS,
169:BBC,Virtus Biotech Clinical Trials ETF
169:BBCB,JPMorgan BetaBuilders USD Investment Grade Corporate Bond ETF
169:BBD,Bank Bradesco Pref ADR
169:BBDC,Barings BDC
169:BBDO,Bank Bradesco
169:BBHL,BBH Select Large Cap ETF
169:BBHM,BBH Select Mid Cap ETF
169:BBLU,EA Bridgeway Blue Chip ETF
169:BBMC,JPMorgan BetaBuilders U.S. Mid Cap Equity ETF
169:BBN,BlackRock Taxable
169:BBP,Virtus Biotech ETF
169:BBSC,JPMorgan BetaBuilders U.S. Small Cap Equity ETF
169:BBT,Beacon Financial
169:BBU,Brookfield Business
169:BBUC,Brookfield Business
169:BBVA,Bank Bilbao Vizcaya
169:BBW,Build-A-Bear
169:BBWI,Bath & Body Works
169:BBY,Best Buy
169:BC,Brunswick
169:BCAT,BlackRock Capital
169:BCC,Boise Cascade
169:BCD,abrdn Bloomberg All Commodity Longer Dated Strategy K-1 Free ETF
169:BCDF,Horizon Kinetics Blockchain Development ETF
169:BCE,Bce
169:BCGD,Baron Global Durable Advantage ETF
169:BCGS,Bancreek Global Select ETF
169:BCH,Banco de Chile
169:BCHI,GMO Beyond China ETF
169:BCI,abrdn Bloomberg All Commodity Strategy K-1 Free ETF
169:BCIL,Bancreek International Large Cap ETF
169:BCO,The Brink's
169:BCOR,Grayscale Bitcoin Adopters ETF
169:BCPL,BNY Mellon Core Plus ETF
169:BCS,Barclays
169:BCSF,Bain Capital Specialty Finance
169:BCSM,Baron SMID Cap ETF
169:BCSS,Bain Capital GSS
169:BCSS.U,Bain Capital GSS-U
169:BCSS.WS,
169:BCUS,Bancreek U.S. Large Cap ETF
169:BCX,BlackRock Resources
169:BDBT,Bluemonte Core Bond ETF
169:BDC,Belden
169:BDCX,ETRACS Quarterly Pay 1.5x Leveraged MarketVector BDC Liquid Index ETN
169:BDCZ,ETRACS MarketVector Business Development Companies Liquid Index ETN
169:BDIV,AAM Brentview Dividend Growth ETF
169:BDJ,Blackrock Enhanced
169:BDN,Brandywine Realty Trust
169:BDRY,Breakwave Dry Bulk Shipping ETF
169:BDVG,IMGP Berkshire Dividend Growth ETF
169:BDX,"Becton, Dickinson"
169:BE,Bloom Energy
169:BEBE,TGE Value
169:BEBE.U,TGE Value-U
169:BEBE.WS,
169:BEDZ,AdvisorShares Hotel ETF
169:BEKE,BEKE
169:BEN,Franklin Resources
169:BENJ,Horizon Landmark ETF
169:BEP,Brookfield Renewable
169:BEPC,Brookfield Renewable
169:BEPpA,Brookfield Renewable Pref A
169:BERZ,MicroSectors FANG & Innovation -3x Inverse Leveraged ETN
169:BETA,BETA Technologies
169:BETE,ProShares Bitcoin & Ether Equal Weight ETF
169:BETH,ProShares Bitcoin & Ether Market Cap Weight ETF
169:BETZ,Roundhill Sports Betting & iGaming ETF
169:BF.A,Brown-Forman A
169:BF.B,Brown-Forman B
169:BFAM,Bright Horizons
169:BFAP,FT Vest Bitcoin Strategy Floor15 ETF - April
169:BFH,Bread Financial
169:BFHpA,Bread Financial Pref A ADR
169:BFIX,Build Bond Innovation ETF
169:BFJA,FT Vest Bitcoin Strategy Floor15 ETF - January
169:BFJL,FT Vest Bitcoin Strategy Floor15 ETF – July
169:BFLY,Butterfly Network
169:BFOC,FT Vest Bitcoin Strategy Floor15 ETF – October
169:BFOR,Barron's 400 ETF
169:BFRZ,Innovator Equity Managed 100 Buffer ETF
169:BFS,Saul Centers
169:BFSpD,Saul Pref D ADR
169:BFSpE,Saul Pref E ADR
169:BG,Bunge
169:BGB,Blackstone Strategic
169:BGDV,Bahl & Gaynor Dividend ETF
169:BGH,Barings Global Short
169:BGIG,Bahl & Gaynor Income Growth ETF
169:BGR,BlackRock Energy and Resources Trust
169:BGS,B&G Foods
169:BGSF,BGSF
169:BGSI,Boyd Group
169:BGT,BlackRock Floating
169:BGX,Blackstone Long-Short
169:BGY,BlackRock Enhanced
169:BH,Biglari Holdings
169:BH.A,Biglari Holdings A
169:BHC,Bausch Health
169:BHE,Benchmark
169:BHK,BlackRock Core Bond
169:BHP,BHP
169:BHR,Braemar
169:BHRpB,Braemar Pref B
169:BHRpD,Braemar Pref D
169:BHV,BlackRock Virginia
169:BHVN,Biohaven
169:BIBL,Inspire 100 ETF
169:BIDD,iShares International Dividend Active ETF
169:BIGY,YieldMax Target 12 Big 50 Option Income ETF
169:BIII,Black Spade Acquisition III
169:BIII.U,Black Spade Acquisition III-U
169:BIII.WS,
169:BIL,State Street SPDR Bloomberg 1-3 Month T-Bill ETF
169:BILD,Nomura Global Listed Infrastructure ETF
169:BILL,BILL Holdings
169:BILS,State Street SPDR Bloomberg 3-12 Month T-Bill ETF
169:BILZ,PIMCO Ultra Short Government Active Exchange-Traded Fund
169:BINC,iShares Flexible Income Active ETF
169:BINT,Bluemonte Global Equity ETF
169:BIO,Bio-Rad Laboratories A
169:BIO.B,Bio-Rad Laboratories B
169:BIP,Brookfield Infrastructure Partners
169:BIPC,Brookfield Infrastructure
169:BIPpA,Brookfield Infrastructure Partners Pref A13
169:BIPpB,Brookfield Infrastructure Partners Pref A14
169:BIRK,Birkenstock Holding
169:BIT,BlackRock Multi
169:BITB,Bitwise Bitcoin ETF
169:BITC,Bitwise Trendwise Bitcoin and Treasuries Rotation Strategy ETF
169:BITI,ProShares Short Bitcoin ETF
169:BITO,ProShares Bitcoin ETF
169:BITQ,Bitwise Crypto Industry Innovators ETF
169:BITU,ProShares Ultra Bitcoin ETF
169:BITW,Bitwise 10 Crypto Index ETF
169:BIV,Vanguard Intermediate-Term Bond ETF
169:BIZD,VanEck BDC Income ETF
169:BJ,BJ's Wholesale Club
169:BK,New York Mellon
169:BKAG,BNY Mellon Core Bond ETF
169:BKCG,BNY Mellon Concentrated Growth ETF
169:BKCI,BNY Mellon Concentrated International ETF
169:BKD,Brookdale Senior Living
169:BKDV,BNY Mellon Dynamic Value ETF
169:BKE,The Buckle
169:BKEM,BNY Mellon Emerging Markets Equity ETF
169:BKF,iShares MSCI BIC ETF
169:BKFI,BNY Mellon Active Core Bond ETF
169:BKH,Black Hills
169:BKHY,BNY Mellon High Yield ETF
169:BKIE,BNY Mellon International Equity ETF
169:BKKT,Bakkt
169:BKKT.WS,
169:BKLC,BNY Mellon US Large Cap Core Equity ETF
169:BKLN,Invesco Senior Loan ETF
169:BKMC,BNY Mellon US Mid Cap Core Equity ETF
169:BKSE,BNY Mellon US Small Cap Core Equity ETF
169:BKSY,BlackSky Technology
169:BKSY.WS,
169:BKT,BlackRock Income
169:BKU,BankUnited
169:BKUI,BNY Mellon Ultra Short Income ETF
169:BKV,BKV
169:BKpK,New York Mellon Pref K ADR
169:BLCO,Bausch + Lomb
169:BLCV,iShares Large Cap Value Active ETF
169:BLD,Topbuild
169:BLDR,Builders Firstsource
169:BLDX,Impax Global Infrastructure ETF
169:BLES,Inspire Global Hope ETF
169:BLGR,Bluemonte Large Cap Growth ETF
169:BLK,BlackRock
169:BLND,Blend Labs
169:BLOK,Amplify Blockchain Technology ETF
169:BLOX,Nicholas Crypto Income ETF
169:BLSH,Bullish
169:BLST,Bluemonte Short Term Bond ETF
169:BLTD,Bluemonte Long Term Bond ETF
169:BLUC,Bluemonte Large Cap Core ETF
169:BLUI,Bluemonte Diversified Income ETF
169:BLUX,Bluemonte Dynamic Total Market ETF
169:BLV,Vanguard Long-Term Bond ETF
169:BLW,Blackrock Duration
169:BLX,Foreign Trade Bank Of Latin America
169:BMA,Macro Bank
169:BME,BlackRock Health
169:BMED,iShares Health Innovation Active ETF
169:BMEZ,BlackRock Health
169:BMI,Badger Meter
169:BMLpG,Bank Of America Pref 1 ADR
169:BMLpH,Bank Of America Pref 2 ADR
169:BMLpJ,Bank Of America Pref 4 ADR
169:BMLpL,Bank Of America Pref 5 ADR
169:BMN,BlackRock 2037
169:BMNZ,Defiance Daily Target 2X Short BMNR ETF
169:BMO,Bank of Montreal
169:BMVP,Invesco Bloomberg MVP Multi-factor ETF
169:BMY,Bristol-Myers Squibb
169:BN,Brookfield
169:BNDC,FlexShares Core Select Bond Fund
169:BNDD,Quadratic Deflation ETF
169:BNDI,NEOS Enhanced Income Aggregate Bond ETF
169:BNDS,Infrastructure Capital Bond Income ETF
169:BNED,Barnes & Noble Education
169:BNGE,First Trust S-Network Streaming & Gaming ETF
169:BNKD,MicroSectors U.S. Big Banks -3X Inverse Leveraged ETNs
169:BNKU,MicroSectors U.S. Big Banks 3X Leveraged ETNs
169:BNL,Broadstone Net
169:BNO,United States Brent Oil Fund LP
169:BNS,The Bank of Nova Scotia
169:BNT,Brookfield Wealth
169:BOAT,SonicShares Global Shipping ETF
169:BOBP,CORE16 Best of Breed Premier Index ETF
169:BOBS,Bob's
169:BOC,Boston Omaha
169:BOE,Blackrock Enhanced Global
169:BOH,Bank of Hawaii
169:BOHpA,Bank of Hawaii Pref A ADR
169:BOHpB,Bank of Hawaii Pref B ADR
169:BOIL,ProShares Ultra Bloomberg Natural Gas
169:BOND,PIMCO Active Bond Exchange-Traded Fund
169:BOOT,Boot Barn
169:BORR,Borr Drilling
169:BOUT,Innovator IBD Breakout Opportunities ETF
169:BOW,Bowhead
169:BOX,Box
169:BP,BP
169:BPAY,iShares FinTech Active ETF
169:BPH,BP p.l.c. ADRhedged
169:BPI,Grayscale Bitcoin Premium Income ETF
169:BPRE,Bluerock Private
169:BPRO,Bitwise Proficio Currency Debasement ETF
169:BR,Broadridge Financial Solutions
169:BRAZ,Global X Brazil Active ETF
169:BRBR,BellRing Brands
169:BRC,Brady
169:BRCC,BRC
169:BRCE,MFS Blended Research Core Equity ETF
169:BREE,MFS Blended Research Emerging Markets Equity ETF
169:BRF,VanEck Brazil Small-Cap ETF
169:BRIE,MFS Blended Research International Equity ETF
169:BRIF,FIS Bright Portfolios Focused Equity ETF
169:BRK.A,Berkshire Hathaway A
169:BRK.B,Berkshire Hathaway B
169:BRKC,YieldMax BRK.B Option Income Strategy ETF
169:BRO,Brown & Brown
169:BROS,Dutch Bros
169:BRSL,Brightstar
169:BRSP,BrightSpire Capital
169:BRT,BRT Apartments
169:BRW,Saba Capital Income
169:BRX,Brixmor Property
169:BRZU,Direxion Daily MSCI Brazil Bull 2X ETF
169:BSAC,Santander-Chile
169:BSBR,Banco Santander (Brasil)
169:BSL,Blackstone Senior
169:BSM,Black Stone Minerals
169:BSOL,Bitwise Solana Staking ETF
169:BSR,Beacon Selective Risk ETF
169:BST,Blackrock Science
169:BSTP,Innovator Buffer Step-Up Strategy ETF
169:BSTZ,BlackRock Science
169:BSV,Vanguard Short-Term Bond ETF
169:BSX,Boston Scientific
169:BTAL,AGF U.S. Market Neutral Anti-Beta Fund
169:BTC,Grayscale Bitcoin Mini Trust ETF
169:BTCC,Grayscale Bitcoin Covered Call ETF
169:BTE,Baytex Energy
169:BTGO,BitGo Holdings
169:BTI,British American Tobacco
169:BTO,John Hancock
169:BTOP,Bitwise Trendwise BTC/ETH and Treasuries Rotation Strategy ETF
169:BTOT,iShares Total USD Fixed Income Market ETF
169:BTR,Beacon Tactical Risk ETF
169:BTRN,Global X Bitcoin Trend Strategy ETF
169:BTT,BlackRock Municipal 2030
169:BTU,Peabody Energy
169:BTX,BlackRock Technology
169:BTYB,VistaShares BitBonds 5 Yr Enhanced Weekly Distribution ETF
169:BTZ,BlackRock Credit
169:BUCK,Simplify Treasury Option Income ETF
169:BUD,Anheuser-Busch InBev
169:BUI,BlackRock Utilities
169:BUIr,
169:BUL,Pacer US Cash Cows Growth ETF
169:BULZ,MicroSectors FANG & Innovation 3x Leveraged ETNs
169:BUR,Burford Capital
169:BURL,Burlington Stores
169:BUXX,Strive Enhanced Income Short Maturity ETF
169:BUYO,KraneShares Man Buyout Beta Index ETF
169:BUZZ,VanEck Social Sentiment ETF
169:BV,Brightview Holdings
169:BVAL,Bluemonte Large Cap Value ETF
169:BVN,Buenaventura Mining
169:BW,Babcock & Wilcox
169:BWA,Borgwarner
169:BWEB,Bitwise Web3 ETF
169:BWET,Breakwave Tanker Shipping ETF
169:BWG,BrandywineGLOBAL
169:BWLP,Bw Lpg
169:BWMX,Betterware
169:BWOW,Bitwise Dogecoin ETF
169:BWX,SPDR Bloomberg International Treasury Bond ETF
169:BWXT,BWX Technologies
169:BWZ,SPDR Bloomberg Short Term International Treasury Bond ETF
169:BWpA,Babcock & Wilcox Pref A
169:BX,Blackstone
169:BXC,Bluelinx
169:BXMT,Blackstone Mortgage Trust
169:BXMX,Nuveen S&P 500
169:BXP,BXP
169:BXSL,Blackstone Secured
169:BY,Byline Bancorp
169:BYD,Boyd Gaming
169:BYLD,iShares Yield Optimized Bond ETF
169:BYRE,Principal Real Estate Active Opportunities ETF
169:BZH,Beazer Homes USA
169:BZQ,ProShares UltraShort MSCI Brazil Capped
169:C,Citigroup
169:CAAA,First Trust AAA CMBS ETF
169:CAAP,Corporacion America
169:CABO,Cable One
169:CACI,CACI International
169:CAE,CAE
169:CAF,Morgan Stanley China
169:CAFX,Congress Intermediate Bond ETF
169:CAG,ConAgra Brands
169:CAH,Cardinal Health
169:CAIE,Calamos Autocallable Income ETF
169:CAL,Caleres
169:CALX,Calix
169:CALY,Callaway Golf
169:CAM,AB California Intermediate Municipal ETF
169:CAML,Congress Large Cap Growth ETF
169:CAMX,Cambiar Aggressive Value ETF
169:CANE,Teucrium Sugar Fund
169:CANG,Cango
169:CAPE,DoubleLine Shiller CAPE U.S. Equities ETF
169:CAPL,CrossAmerica
169:CARD,MAX Auto Industry -3X Inverse Leveraged ETNs
169:CARK,CastleArk Large Growth ETF
169:CARR,Carrier Global
169:CARS,Cars.com
169:CARU,MAX Auto Industry 3X Leveraged ETNs
169:CAS,Simplify China A Shares PLUS Income ETF
169:CAT,Caterpillar
169:CATF,American Century California Municipal Bond ETF
169:CATO,The Cato
169:CAVA,CAVA Group
169:CB,Chubb
169:CBAN,Colony Bankcorp
169:CBL,CBL & Associates
169:CBLS,Clough Hedged Equity ETF
169:CBNA,Chain Bridge Bancorp
169:CBON,VanEck China Bond ETF
169:CBRE,CBRE GROUP
169:CBSE,Clough Select Equity ETF
169:CBT,Cabot
169:CBU,Community Financial
169:CBZ,CBIZ
169:CC,The Chemours
169:CCEF,Calamos CEF Income & Arbitrage ETF
169:CCI,Crown Castle
169:CCID,Carlyle Credit Pref D
169:CCIF,Carlyle Credit
169:CCJ,Cameco
169:CCK,Crown Holdings
169:CCL,Carnival
169:CCM,Concord Medical Services Holdings
169:CCO,Clear Channel Outdoor Holdings
169:CCOM,Simplify Chinese Commodities Strategy No K-1 ETF
169:CCOR,Core Alternative ETF
169:CCRP,Columbia Corporate Bond ETF
169:CCS,Century Communities
169:CCU,United Breweries
169:CDE,Coeur Mining
169:CDEI,"Calvert US Large-Cap Diversity, Equity and Inclusion Index ETF"
169:CDLR,Cadeler
169:CDP,COPT Defense
169:CDRE,Cadre Holdings
169:CDRpB,CEDAR REALTY TRUST Pref ADR B
169:CDRpC,CEDAR REALTY TRUST Pref C
169:CDX,Simplify High Yield ETF
169:CE,Celanese
169:CEE,The Central
169:CEF,Sprott Physical Gold and Silver-U
169:CEFD,ETRACS Monthly Pay 1.5X Leveraged Closed-End Fund Index ETN
169:CELGr,
169:CEPU,Central Puerto
169:CERY,State Street SPDR Bloomberg Enhanced Roll Yield Commodity Strategy No K-1 ETF
169:CEW,WisdomTree Emerging Currency Strategy Fund
169:CF,CF Industries
169:CFG,Citizens Financial Group
169:CFGpE,Citizens Financial Group Pref E ADR
169:CFGpH,Citizens Financial Group Pref H ADR
169:CFGpI,Citizens Financial Group Pref I ADR
169:CFND,C1 Fund
169:CFR,Cullen/Frost Bankers
169:CFRpB,Cullen/Frost Bankers Pref B ADR
169:CGAU,Centerra Gold
169:CGBL,Capital Group Core Balanced ETF
169:CGCB,Capital Group Core Bond ETF
169:CGCP,Capital Group Core Plus Income ETF
169:CGCV,Capital Group Conservative Equity ETF
169:CGDG,Capital Group Dividend Growers ETF
169:CGDV,Capital Group Dividend Value ETF
169:CGGE,Capital Group Global Equity ETF
169:CGGG,Capital Group U.S. Large Growth ETF
169:CGGO,Capital Group Global Growth Equity ETF
169:CGGR,Capital Group Growth ETF
169:CGHM,Capital Group Municipal High-Income ETF
169:CGHY,Capital Group High Yield Bond ETF
169:CGIB,Capital Group International Bond ETF (USD-Hedged)
169:CGIC,Capital Group International Core Equity ETF
169:CGIE,Capital Group International Equity ETF
169:CGMM,Capital Group U.S. Small and Mid Cap ETF
169:CGMS,Capital Group U.S. Multi-Sector Income ETF
169:CGMU,Capital Group Municipal Income ETF
169:CGNG,Capital Group New Geography Equity ETF
169:CGRO,CoreValues Alpha Greater China Growth ETF
169:CGSD,Capital Group Short Duration Income ETF
169:CGSM,Capital Group Short Duration Municipal Income ETF
169:CGUI,Capital Group Ultra Short Income ETF
169:CGUS,Capital Group Core Equity ETF
169:CGV,Conductor Global Equity Value ETF
169:CGVV,Capital Group U.S. Large Value ETF
169:CGW,Invesco S&P Global Water Index ETF
169:CGXU,Capital Group International Focus Equity ETF
169:CHAT,Roundhill Generative AI & Technology ETF
169:CHAU,Direxion Daily CSI 300 China A Share Bull 2X ETF
169:CHCT,Community Healthcare
169:CHD,Church & Dwight
169:CHE,Chemed
169:CHGG,Chegg
169:CHH,Choice Hotels International
169:CHIQ,Global X MSCI China Consumer Discretionary ETF
169:CHMI,Cherry Hill Mortgage
169:CHMIpA,Cherry Hill Pref A
169:CHMIpB,Cherry Hill Pref B
169:CHPT,ChargePoint
169:CHPY,YieldMax Semiconductor Portfolio Option Income ETF
169:CHT,CHT
169:CHWY,Chewy
169:CI,The Cigna
169:CIA,Citizens
169:CIB,Grupo Cibest Pref ADR
169:CIEN,Ciena
169:CIF,MFS Intermediate
169:CIG,Energy Co Pref ADR
169:CIG.C,Energy Co
169:CII,BlackRock Enhanced Large Cap
169:CIM,Chimera Investment
169:CIMpA,Chimera Investment Pref A
169:CIMpB,Chimera Investment Pref B
169:CIMpC,Chimera Investment Pref C
169:CIMpD,Chimera Investment Pref D
169:CINT,CI&T
169:CION,CION Investment
169:CL,Colgate-Palmolive
169:CLB,Core Laboratories
169:CLBR.U,Colombier Acquisition III-U
169:CLCG,Crossmark Large Cap Growth ETF
169:CLCV,Crossmark Large Cap Value ETF
169:CLDT,Chatham Lodging Trust
169:CLDTpA,Chatham Pref A
169:CLF,Cleveland-Cliffs
169:CLH,Clean Harbors
169:CLIM,Climate Global - Climate Resilient REIT Index ETF
169:CLIP,Global X 1-3 Month T-Bill ETF
169:CLIX,ProShares Long Online/Short Stores ETF
169:CLNK,Bitwise Chainlink ETF
169:CLOB,VanEck AA-BB CLO ETF
169:CLOC,AAM Crescent CLO ETF
169:CLOI,VanEck CLO ETF
169:CLOX,Eldridge AAA CLO ETF
169:CLOZ,Eldridge Bbb-B Clo ETF
169:CLPR,Clipper Realty
169:CLS,Celestica
169:CLVT,Clarivate
169:CLW,Clearwater Paper
169:CLX,The Clorox
169:CM,Canadian Imperial Bank of Commerce
169:CMBS,iShares CMBS ETF
169:CMBT,CMB.TECH
169:CMC,Commercial Metals
169:CMCM,Cheetah Mobile
169:CMDB,Costamare Bulkers
169:CMDT,PIMCO Commodity Strategy Active Exchange-Traded Fund
169:CMDY,iShares Bloomberg Roll Select Commodity Strategy ETF
169:CMF,iShares California Muni Bond ETF
169:CMG,Chipotle Mexican
169:CMI,Cummins
169:CMP,Compass Minerals International
169:CMRE,Costamare
169:CMREpB,Costamare Pref B
169:CMREpC,Costamare Pref C
169:CMREpD,Costamare Pref D
169:CMS,CMS Energy
169:CMSpB,CMS Energy Pref B
169:CMSpC,CMS Energy Pref C ADR
169:CMTG,Claros Mortgage
169:CMU,Mfs High Yield Municipal Trust
169:CNA,CNA Financial
169:CNBS,Amplify Seymour Cannabis ETF
169:CNC,Centene
169:CNEQ,Alger Concentrated Equity ETF
169:CNF,CNFinance Holdings
169:CNH,CNH Industrial
169:CNI,Canadian National Railway
169:CNK,Cinemark Holdings
169:CNM,Core & Main
169:CNMD,CONMED
169:CNNE,Cannae Holdings
169:CNO,CNO Financial Group
169:CNP,Centerpoint Energy
169:CNQ,Canadian Natural Resources
169:CNR,Core Natural
169:CNRG,State Street SPDR S&P Kensho Clean Power ETF
169:CNS,Cohen & Steers
169:CNX,CNX Resources
169:CNXT,VanEck ChiNext ETF
169:COAL,Range Global Coal Index ETF
169:CODI,Compass Diversified
169:CODIpA,Compass Pref A
169:CODIpB,Compass Pref B
169:CODIpC,Compass Pref C
169:COF,Capital One
169:COFpI,Capital One Financial Pref I ADR
169:COFpJ,Capital One Financial Pref J ADR
169:COFpK,Capital One Financial Pref K ADR
169:COFpL,Capital One Financial Pref L ADR
169:COFpN,Capital One Financial Pref N ADR
169:COHR,Coherent
169:COIA,ProShares Ultra COIN
169:COLD,Americold Realty
169:COLO,Global X MSCI Colombia ETF
169:COM,Direxion Auspice Broad Commodity Strategy ETF
169:COMB,GraniteShares Bloomberg Commodity Broad Strategy No K-1 ETF
169:COMP,Compass
169:CON,Concentra Group
169:CONY,YieldMax COIN Option Income Strategy ETF
169:COOK,Traeger
169:COP,Conocophillips
169:COPL,Copley Acquisition
169:COPL.U,Copley Acquisition-U
169:COPL.WS,
169:COPX,Global X Copper Miners ETF
169:COPY,"Tweedy, Browne Insider + Value ETF"
169:COPZ,Defiance Daily Target 2x Long Copper ETF
169:COR,Cencora
169:CORB,AB Core Bond ETF
169:CORN,Teucrium Corn Fund
169:CORP,PIMCO Investment Grade Corporate Bond Index Exchange-Traded Fund
169:COSO,CoastalSouth
169:COTY,Coty
169:COUR,Coursera
169:CP,Canadian Pacific Kansas City
169:CPA,Copa Holdings
169:CPAC,Pacasmayo Cement
169:CPAI,Counterpoint Quantitative Equity ETF
169:CPAY,Corpay
169:CPER,United States Copper Index Fund
169:CPF,Central Pacific Financial
169:CPII,American Beacon Ionic Inflation Protection ETF
169:CPK,Chesapeake Utilities
169:CPLB,NYLI MacKay Core Plus Bond ETF
169:CPNG,Coupang
169:CPNJ,Calamos Nasdaq-100 Structured Alt Protection ETF - June
169:CPNM,Calamos Nasdaq-100 Structured Alt Protection ETF – March
169:CPNQ,Calamos Nasdaq-100 Structured Alt Protection ETF – December
169:CPNS,Calamos Nasdaq-100 Structured Alt Protection ETF – September
169:CPRA,Calamos Russell 2000 Structured Alt Protection ETF – April
169:CPRI,Capri Holdings
169:CPRJ,Calamos Russell 2000 Structured Alt Protection ETF – July
169:CPRO,Calamos Russell 2000 Structured Alt Protection ETF–October
169:CPRY,Calamos Russell 2000 Structured Alt Protection ETF– January
169:CPS,Cooper-standard Holdings
169:CPSA,Calamos S&P 500 Structured Alt Protection ETF–August
169:CPSD,Calamos S&P 500 Structured Alt Protection ETF – December
169:CPSF,Calamos S&P 500 Structured Alt Protection ETF – February
169:CPSJ,Calamos S&P 500 Structured Alt Protection ETF – July
169:CPSM,Calamos S&P 500 Structured Alt Protection ETF – May
169:CPSN,Calamos S&P 500 Structured Alt Protection ETF – November
169:CPSO,Calamos S&P 500 Structured Alt Protection ETF–October
169:CPSP,Calamos S&P 500 Structured Alt Protection ETF – April
169:CPSR,Calamos S&P 500 Structured Alt Protection ETF – March
169:CPST,Calamos S&P 500 Structured Alt Protection ETF-September
169:CPSU,Calamos S&P 500 Structured Alt Protection ETF – June
169:CPSY,Calamos S&P 500 Structured Alt Protection ETF – January
169:CPT,Camden Property Trust
169:CPXR,USCF Daily Target 2X Copper Index ETF
169:CQP,Cheniere Energy Partners
169:CQQQ,Invesco China Technology ETF
169:CR,Crane
169:CRAK,VanEck Oil Refiners ETF
169:CRBG,Corebridge Financial
169:CRBN,iShares Low Carbon Optimized MSCI ACWI ETF
169:CRC,California Resources
169:CRCA,ProShares Ultra CRCL
169:CRCL,Circle
169:CRCO,YieldMax CRCL Option Income Strategy ETF
169:CRD.A,Crawford A
169:CRD.B,Crawford B
169:CRDT,Simplify Opportunistic Income ETF
169:CRED,Columbia Research Enhanced Real Estate ETF
169:CRGY,Crescent Energy
169:CRH,CRH
169:CRI,Carter's
169:CRK,Comstock Resources
169:CRL,Charles River Laboratories International
169:CRM,Salesforce
169:CRPT,First Trust SkyBridge Crypto Industry and Digital Economy ETF
169:CRS,Carpenter Technology
169:CRSH,YieldMax Short TSLA Option Income Strategy ETF
169:CRT,Cross Timbers Royalty Trust
169:CRTC,Xtrackers US National Critical Technologies ETF
169:CRUX,Columbia Core Bond ETF
169:CRXP,Columbia Core Plus Bond ETF
169:CSAN,Cosan
169:CSD,Invesco S&P Spin-Off ETF
169:CSHI,NEOS Enhanced Income 1-3 Month T-Bill ETF
169:CSHP,iShares Enhanced Short-Term Bond Active ETF
169:CSIO,Cohen & Steers Infrastructure Opportunities Active ETF
169:CSL,Carlisle Companies
169:CSMD,Congress SMid Growth ETF
169:CSNR,Cohen & Steers Natural Resources Active ETF
169:CSPF,Cohen & Steers Preferred and Income Opportunities Active ETF
169:CSR,Centerspace
169:CSRE,Cohen & Steers Real Estate Active ETF
169:CSSD,Cohen & Steers Short Duration Preferred and Income Active ETF
169:CSTM,Constellium
169:CSV,Carriage Services
169:CSW,Csw
169:CTA,Simplify Managed Futures Strategy ETF
169:CTAP,Simplify US Equity PLUS Managed Futures Strategy ETF
169:CTApA,EIDP Pref A
169:CTApB,EIDP Pref B
169:CTEV,Claritev
169:CTEX,ProShares S&P Kensho Cleantech ETF
169:CTO,CTO Realty Growth
169:CTOS,Custom Truck One
169:CTOpA,CTO Realty Pref A
169:CTRA,Coterra Energy
169:CTRE,Caretrust Reit
169:CTRI,Centuri
169:CTS,CTS
169:CTVA,Corteva
169:CTWO,Cotwo Advisors Physical European Carbon Allowance Trust
169:CUBE,CubeSmart
169:CUBI,Customers Bancorp
169:CUK,Carnival
169:CURB,Curbline Properties
169:CURE,Direxion Daily Healthcare Bull 3X ETF
169:CURV,Torrid Holdings
169:CUT,Invesco MSCI Global Timber ETF
169:CUZ,Cousins Properties
169:CVE,Cenovus Energy
169:CVEO,Civeo
169:CVI,CVR Energy
169:CVIE,Calvert International Responsible Index ETF
169:CVLC,Calvert US Large-Cap Core Responsible Index ETF
169:CVLG,Covenant Logistics
169:CVMC,Calvert US Mid-Cap Core Responsible Index ETF
169:CVNA,Carvana
169:CVNY,YieldMax CVNA Option Income Strategy ETF
169:CVRD,Madison Covered Call ETF
169:CVRT,Calamos Convertible Equity Alternative ETF
169:CVS,CVS Health
169:CVSA,Covista
169:CVSB,Calvert Ultra-Short Investment Grade ETF
169:CVX,Chevron
169:CVY,Invesco Zacks Multi-Asset Income ETF
169:CW,Curtiss-Wright
169:CWAN,Clearwater Analytics
169:CWB,State Street SPDR Bloomberg Convertible Securities ETF
169:CWEB,Direxion Daily CSI China Internet Index Bull 2X ETF
169:CWEN,Clearway Energy C
169:CWEN.A,Clearway Energy A
169:CWH,Camping World
169:CWI,State Street SPDR MSCI ACWI ex-US ETF
169:CWK,Cushman & Wakefield
169:CWS,AdvisorShares Focused Equity ETF
169:CWT,California Water Service
169:CX,CEMEX
169:CXE,Mfs High Income Municipal Trust
169:CXH,Mfs Investment Grade Municipal Trust
169:CXM,Sprinklr
169:CXRN,Teucrium 2x Daily Corn ETF
169:CXT,Crane NXT
169:CXW,CoreCivic
169:CYD,China Yuchai International
169:CYH,Community Health
169:CZA,Invesco Zacks Mid-Cap ETF
169:CpN,Citigroup Capital XIII Pref
169:CpR,Citigroup Pref II ADR
169:D,Dominion Energy
169:DABS,DoubleLine Asset-Backed Securities ETF
169:DAC,Danaos
169:DAL,Delta Air Lines
169:DAMD,Defiance Daily Target 2X Short AMD ETF
169:DAN,Dana
169:DANA,Dana Limited Volatility ETF
169:DAO,youdao
169:DAR,Darling Ingredients
169:DARP,Grizzle Growth ETF
169:DAT,ProShares Big Data Refiners ETF
169:DAVA,Endava
169:DB,Deutsche Bank
169:DBA,Invesco DB Agriculture Fund
169:DBAW,Xtrackers MSCI All World ex US Hedged Equity ETF
169:DBB,Invesco DB Base Metals Fund
169:DBC,Invesco DB Commodity Index Tracking Fund
169:DBD,Diebold Nixdorf
169:DBE,Invesco DB Energy Fund
169:DBEF,Xtrackers MSCI EAFE Hedged Equity ETF
169:DBEM,Xtrackers MSCI Emerging Markets Hedged Equity ETF
169:DBEU,Xtrackers MSCI Europe Hedged Equity ETF
169:DBEZ,Xtrackers MSCI Eurozone Hedged Equity ETF
169:DBI,Designer Brands
169:DBJP,Xtrackers MSCI Japan Hedged Equity ETF
169:DBL,Doubleline Opportunistic Credit Fund
169:DBMF,iMGP DBi Managed Futures Strategy ETF
169:DBND,DoubleLine Opportunistic Core Bond ETF
169:DBO,Invesco DB Oil Fund
169:DBP,Invesco DB Precious Metals Fund
169:DBRG,DigitalBridge Group
169:DBRGpH,DigitalBridge Pref H
169:DBRGpI,DigitalBridge Pref I
169:DBRGpJ,DigitalBridge Pref J
169:DCH,Dauch
169:DCI,Donaldson
169:DCMT,DoubleLine Commodity Strategy ETF
169:DCO,Ducommun
169:DCOR,Dimensional US Core Equity 1 ETF
169:DCRE,DoubleLine Commercial Real Estate Debt ETF
169:DD,DuPont de Nemours
169:DDD,3D Systems
169:DDDD,YieldMax U.S. Stocks Target Double Distribution ETF
169:DDL,Dingdong (Cayman)
169:DDM,ProShares Ultra Dow30
169:DDS,DILLARD'S
169:DDT,
169:DE,Deere
169:DEA,Easterly Government Properties
169:DEC,Diversified Energy
169:DECK,Deckers Outdoor
169:DEED,First Trust Securitized Plus ETF
169:DEEF,Xtrackers FTSE Developed ex US Multifactor ETF
169:DEEP,Acquirers Small and Micro Deep Value ETF
169:DEFI,Hashdex Commodities Trust
169:DEHP,Dimensional Emerging Markets High Profitability ETF
169:DEI,Douglas Emmett
169:DELL,Dell Technologies
169:DEM,Wisdomtree Emerging Markets High Dividend Fund
169:DEO,Diageo
169:DES,WisdomTree U.S. SmallCap Dividend Fund
169:DESK,VanEck Office and Commercial REIT ETF
169:DEUS,Xtrackers Russell US Multifactor ETF
169:DEW,Wisdomtree Global High Dividend Fund
169:DEXC,Dimensional Emerging Markets ex China Core Equity ETF
169:DFAC,Dimensional US Core Equity 2 ETF
169:DFAE,Dimensional Emerging Core Equity Market ETF
169:DFAI,Dimensional International Core Equity Market ETF
169:DFAR,Dimensional US Real Estate ETF
169:DFAS,Dimensional US Small Cap ETF
169:DFAT,Dimensional US Targeted Value ETF
169:DFAU,Dimensional US Core Equity Market ETF
169:DFAW,Dimensional World Equity ETF
169:DFAX,Dimensional World ex US Core Equity 2 ETF
169:DFCA,Dimensional California Municipal Bond ETF
169:DFCF,Dimensional Core Fixed Income ETF
169:DFE,WisdomTree Europe SmallCap Dividend Fund
169:DFEM,Dimensional Emerging Markets Core Equity 2 ETF
169:DFEN,Direxion Daily Aerospace & Defense Bull 3X ETF
169:DFEV,Dimensional Emerging Markets Value ETF
169:DFGR,Dimensional Global Real Estate ETF
169:DFH,Dream Finders Homes
169:DFII,FT Vest Bitcoin Strategy & Target Income ETF
169:DFIN,Donnelley Financial
169:DFIP,Dimensional Inflation-Protected Securities ETF
169:DFIV,Dimensional International Value ETF
169:DFJ,WisdomTree Japan SmallCap Dividend Fund
169:DFLV,Dimensional US Large Cap Value ETF
169:DFNM,Dimensional National Municipal Bond ETF
169:DFP,Flaherty & Crumrine Dynamic Preferred & Income Fund
169:DFSB,Dimensional Global Sustainability Fixed Income ETF
169:DFSD,Dimensional Short Duration Fixed Income ETF
169:DFSE,Dimensional Emerging Markets Sustainability Core 1 ETF
169:DFSI,Dimensional International Sustainability Core 1 ETF
169:DFSU,Dimensional US Sustainability Core 1 ETF
169:DFSV,Dimensional US Small Cap Value ETF
169:DFTT,DF Tactical 30 ETF
169:DFUS,Dimensional US Equity Market ETF
169:DFUV,Dimensional US Marketwide Value ETF
169:DFVE,DoubleLine Fortune 500 Equal Weight ETF
169:DFVX,Dimensional US Large Cap Vector ETF
169:DG,Dollar General
169:DGIN,VanEck Digital India ETF
169:DGP,DB Gold Double Long ETN
169:DGRO,iShares Core Dividend Growth ETF
169:DGS,WisdomTree Emerging Markets SmallCap Dividend Fund
169:DGT,State Street SPDR Global Dow ETF
169:DGX,Quest Diagnostics
169:DGZ,DB Gold Short ETN
169:DHF,BNY Mellon High Yield Strategies
169:DHI,D.R. Horton
169:DHLX,Diamond Hill Large Cap Concentrated ETF
169:DHR,Danaher
169:DHS,WisdomTree U.S. High Dividend Fund
169:DHSB,Day Hagan Smart Buffer ETF
169:DHT,DHT Holdings
169:DHX,DHI Group
169:DIA,State Street SPDR Dow Jones Industrial Average ETF Trust
169:DIAL,Columbia Diversified Fixed Income Allocation ETF
169:DIAX,Nuveen Dow 30Sm Dynamic Overwrite Fund
169:DIEM,Franklin Emerging Market Core Dividend Tilt Index ETF
169:DIG,ProShares Ultra Energy
169:DIM,WisdomTree International MidCap Dividend Fund
169:DIN,Dine Brands Global
169:DINO,HF Sinclair
169:DIPS,YieldMax Short NVDA Option Income Strategy ETF
169:DIS,The Walt Disney
169:DISO,YieldMax DIS Option Income Strategy ETF
169:DIV,Global X SuperDividend U.S. ETF
169:DIVE,Dana Concentrated Dividend ETF
169:DIVG,Invesco S&P 500 High Dividend Growers ETF
169:DIVI,Franklin International Core Dividend Tilt Index ETF
169:DIVL,Madison Dividend Value ETF
169:DIVO,Amplify CWP Enhanced Dividend Income ETF
169:DIVP,Cullen Enhanced Equity Income ETF
169:DIVS,Guinness Atkinson Dividend Builder ETF
169:DIVY,Sound Equity Dividend Income ETF
169:DIVZ,Polen Dividend Income ETF
169:DJD,Invesco Dow Jones Industrial Average Dividend ETF
169:DJIA,Global X Dow 30 Covered Call ETF
169:DJP,iPath Bloomberg Commodity Index Total Return ETN
169:DK,Delek Us Holdings
169:DKL,Delek Logistics
169:DKS,Dick's Sporting Goods
169:DLB,Dolby Laboratories
169:DLN,WisdomTree U.S. LargeCap Dividend Fund
169:DLNG,Dynagas Lng
169:DLNGpA,Dynagas Lng Pref A
169:DLR,Digital Realty Trust
169:DLRpJ,Digital Realty Trust Pref J
169:DLRpK,Digital Realty Trust Pref K
169:DLRpL,Digital Realty Trust Pref L
169:DLS,WisdomTree International SmallCap Dividend Fund
169:DLX,Deluxe
169:DLY,DoubleLine
169:DMA,Destra Multi
169:DMB,Bny Mellon Municipal Bond Infrastructure Fund
169:DMBS,DoubleLine Mortgage ETF
169:DMO,Western Asset Mortgage Opportunity Fund
169:DMX,DoubleLine Multi-Sector Income ETF
169:DNA,Ginkgo Bioworks
169:DNL,WisdomTree Global ex-U.S. Quality Growth Fund
169:DNOW,DNOW
169:DNP,DNP Select Income
169:DOC,Healthpeak
169:DOCN,DigitalOcean
169:DOCS,Doximity
169:DOG,ProShares Short Dow30
169:DOL,WisdomTree True Developed International Fund
169:DOLE,Dole
169:DON,WisdomTree U.S. MidCap Dividend Fund
169:DOUG,Douglas Elliman
169:DOV,Dover
169:DOW,Dow
169:DPG,Duff & Phelps Utility & Infrastructure Fund
169:DPST,Direxion Daily Regional Banks Bull 3X ETF
169:DQ,Daqo New Energy
169:DRAI,Draco Evolution AI ETF
169:DRAY,YieldMax DKNG Option Income Strategy ETF
169:DRD,DRDGOLD
169:DRES,GMO Domestic Resilience ETF
169:DRI,Darden Restaurants
169:DRIP,Direxion Daily S&P Oil & Gas Exp. & Prod. Bear 2X ETF
169:DRKY,VistaShares Target 15 DRUKMacro Distribution ETF
169:DRLL,Strive U.S. Energy ETF
169:DRN,Direxion Daily Real Estate Bull 3X ETF
169:DRUP,GraniteShares Nasdaq Select Disruptors ETF
169:DRV,Direxion Daily Real Estate Bear 3X ETF
169:DSCO,DoubleLine Securitized Credit ETF
169:DSI,iShares ESG MSCI KLD 400 ETF
169:DSL,Doubleline Income Solutions Fund
169:DSM,Bny Mellon Strategic Municipal Bond Fund
169:DSMC,Distillate Small/Mid Cash Flow ETF
169:DSPY,Tema S&P 500 Historical Weight ETF Strategy
169:DSTL,Distillate U.S. Fundamental Stability & Value ETF
169:DSTX,Distillate International Fundamental Stability & Value ETF
169:DSU,Blackrock Debt Strategies Fund
169:DSX,Diana Shipping
169:DSX.WS,
169:DSXpB,Diana Shipping Pref B
169:DT,Dynatrace
169:DTAN,Sparkline International Intangible Value ETF
169:DTD,WisdomTree U.S. Total Dividend Fund
169:DTE,Dte Energy
169:DTEC,ALPS Disruptive Technologies ETF
169:DTF,Dtf Tax-Free Income 2028 Term Fund
169:DTH,WisdomTree International High Dividend Fund
169:DTM,DT Midstream
169:DTRE,First Trust Alerian Disruptive Technology Real Estate ETF
169:DUG,ProShares UltraShort Energy
169:DUHP,Dimensional US High Profitability ETF
169:DUK,Duke Energy
169:DUKQ,Ocean Park Domestic ETF
169:DUKZ,Ocean Park Diversified Income ETF
169:DUKpA,Duke Energy Pref A ADR
169:DULL,MicroSectors Gold -3X Inverse Leveraged ETNs
169:DUNK,Dana Unconstrained Equity ETF
169:DUSB,Dimensional Ultrashort Fixed Income ETF
169:DUSL,Direxion Daily Industrials Bull 3X ETF
169:DUST,Direxion Daily Gold Miners Index Bear 2X ETF
169:DV,DoubleVerify
169:DVA,DaVita
169:DVDN,Kingsbarn Dividend Opportunity ETF
169:DVN,Devon Energy
169:DVND,Touchstone Dividend Select ETF
169:DVYA,iShares Asia/Pacific Dividend ETF
169:DVYE,iShares Emerging Markets Dividend ETF
169:DWM,WisdomTree International Equity Fund
169:DWMF,WisdomTree International Multifactor Fund
169:DWX,State Street SPDR S&P International Dividend ETF
169:DX,Dynex Capital
169:DXC,DXC Technology
169:DXD,ProShares UltraShort Dow30
169:DXIV,Dimensional International Vector Equity ETF
169:DXJ,WisdomTree Japan Hedged Equity Fund
169:DXUV,Dimensional US Vector Equity ETF
169:DXYZ,Destiny Tech100
169:DXpC,Dynex Capital Pref C
169:DY,Dycom Industries
169:DYLD,LeaderShares Dynamic Yield ETF
169:DYLG,Global X Dow 30 Covered Call & Growth ETF
169:DYNF,iShares U.S. Equity Factor Rotation Active ETF
169:DZZ,DB Gold Double Short ETN
169:E,Eni Spa
169:EAF,GrafTech
169:EAFG,Pacer Developed Markets Cash Cows Growth Leaders ETF
169:EAGG,iShares ESG Aware U.S. Aggregate Bond ETF
169:EAGL,Eagle Capital Select Equity ETF
169:EAPR,Innovator Emerging Markets Power Buffer ETF - April
169:EARN,Ellington Credit
169:EASG,Xtrackers MSCI EAFE Selection Equity ETF
169:EAT,Brinker International
169:EATZ,AdvisorShares Restaurant ETF
169:EBF,Ennis
169:EBIT,Harbor AlphaEdge Small Cap Earners ETF
169:EBND,SPDR Bloomberg Emerging Markets Local Bond ETF
169:EBS,Emergent
169:EBUF,Innovator Emerging Markets 10 Buffer ETF – Quarterly
169:EC,Ecopetrol
169:ECAT,BlackRock ESG
169:ECC,Eagle Point Credit
169:ECCC,Eagle Point Pref C
169:ECCpD,Eagle Point Pref A
169:ECG,Everus Construction
169:ECL,Ecolab
169:ECML,Euclidean Fundamental Value ETF
169:ECNS,iShares MSCI China Small-Cap ETF
169:ECO,Okeanis Eco Tankers
169:ECON,Columbia Research Enhanced Emerging Economies ETF
169:ECVT,Ecovyst
169:ED,Consolidated Edison
169:EDC,Direxion Daily MSCI Emerging Markets Bull 3X ETF
169:EDD,Morgan Stanley Emerging Markets Domestic Debt Fund
169:EDF,Virtus Stone Harbor Emerging Markets Income Fund
169:EDGF,3EDGE Dynamic Fixed Income ETF
169:EDGH,3EDGE Dynamic Hard Assets ETF
169:EDGI,3EDGE Dynamic International Equity ETF
169:EDGQ,Global X Nasdaq-100 Income Edge ETF
169:EDGU,3EDGE Dynamic U.S. Equity ETF
169:EDGX,Global X U.S. 500 Income Edge ETF
169:EDIV,State Street SPDR S&P Emerging Markets Dividend ETF
169:EDN,Distribution and Marketing
169:EDOG,ALPS Emerging Sector Dividend Dogs ETF
169:EDOW,First Trust Dow 30 Equal Weight ETF
169:EDU,New Oriental
169:EDV,Vanguard Extended Duration Treasury ETF
169:EDZ,Direxion Daily MSCI Emerging Markets Bear 3X ETF
169:EE,Excelerate Energy
169:EEA,European Equity Fund
169:EELV,Invesco S&P Emerging Markets Low Volatility ETF
169:EEM,iShares MSCI Emerging Markets ETF
169:EEMO,Invesco S&P Emerging Markets Momentum ETF
169:EEMS,iShares MSCI Emerging Markets Small-Cap ETF
169:EEMX,State Street SPDR MSCI Emerging Markets Fossil Fuel Reserves Free ETF
169:EES,WisdomTree U.S. SmallCap Fund
169:EET,ProShares Ultra MSCI Emerging Markets
169:EETH,ProShares Ether ETF
169:EEV,ProShares UltraShort MSCI Emerging Markets
169:EEX,Emerald Holding
169:EFA,iShares MSCI EAFE ETF
169:EFAA,Invesco MSCI EAFE Income Advantage ETF
169:EFAX,State Street SPDR MSCI EAFE Fossil Fuel Reserves Free ETF
169:EFC,Ellington Financial
169:EFCpB,Ellington Financial Pref B
169:EFCpC,Ellington Financial Pref C
169:EFCpD,Ellington Financial Pref D
169:EFFE,Harbor Osmosis Emerging Markets Resource Efficient ETF
169:EFFI,Harbor Osmosis International Resource Efficient ETF
169:EFIV,State Street SPDR S&P 500 ESG ETF
169:EFO,ProShares Ultra MSCI EAFE
169:EFR,EATON VANCE SENIOR FLOATING-RATE TRUST
169:EFT,Eaton Vance Floating-Rate Income
169:EFU,ProShares UltraShort MSCI EAFE
169:EFX,Equifax
169:EFXT,Enerflex
169:EFZ,ProShares Short MSCI EAFE
169:EG,Everest Group
169:EGGS,NestYield Total Return Guard ETF
169:EGGY,NestYield Dynamic Income ETF
169:EGLE,Global X S&P 500 U.S. Revenue Leaders ETF
169:EGO,Eldorado Gold
169:EGP,EastGroup Properties
169:EGY,Vaalco Energy
169:EHAB,Enhabit
169:EHC,Encompass Health
169:EHI,Western Asset Global High Income Fund
169:EIC,Eagle Point Income
169:EICA,Eagle Point Pref A
169:EICC,Eagle Point Pref C
169:EIDO,iShares MSCI Indonesia ETF
169:EIG,Employers Holdings
169:EIIA,Eagle Point Pref A
169:EINC,VanEck Energy Income ETF
169:EIPI,FT Energy Income Partners Enhanced Income ETF
169:EIPX,FT Energy Income Partners Strategy ETF
169:EIRL,iShares MSCI Ireland ETF
169:EIS,iShares MSCI Israel ETF
169:EIX,Edison International
169:EJAN,Innovator Emerging Markets Power Buffer ETF - January
169:EJUL,Innovator Emerging Markets Power Buffer ETF - July
169:EL,The Estee Lauder
169:ELAN,Elanco Animal Health
169:ELCV,Eventide High Dividend ETF
169:ELD,WisdomTree Emerging Markets Local Debt Fund
169:ELF,e.l.f. Beauty
169:ELM,Elm Market Navigator ETF
169:ELME,Elme Communities
169:ELPC,Energy
169:ELS,Equity Lifestyle Properties
169:ELV,Elevance Health
169:EMA,Emera
169:EMBD,Global X Emerging Markets Bond ETF
169:EMBJ,
169:EMBX,VanEck Emerging Markets Bond ETF
169:EMC,Global X Emerging Markets Great Consumer ETF
169:EMCR,Xtrackers Emerging Markets Carbon Reduction and Climate Improvers ETF
169:EMCS,Xtrackers MSCI Emerging Markets Climate Selection ETF
169:EMD,Western Asset Emerging Markets Debt Fund
169:EMDM,First Trust Bloomberg Emerging Market Democracies ETF
169:EME,EMCOR Group
169:EMES,Harbor Emerging Markets Select ETF
169:EMET,VanEck Copper and Green Metals ETF
169:EMF,Templeton Emerging Markets Fund
169:EMHC,State Street SPDR Bloomberg Emerging Markets USD Bond ETF
169:EMKT,Lazard Emerging Markets Opportunities ETF
169:EMLC,VanEck J.P. Morgan EM Local Currency Bond ETF
169:EMLP,First Trust North American Energy Infrastructure Fund
169:EMM,Global X Emerging Markets ex-China ETF
169:EMMF,WisdomTree Emerging Markets Multifactor Fund
169:EMN,Eastman Chemical
169:EMNT,PIMCO Enhanced Short Maturity Active ESG Exchange-Traded Fund
169:EMO,Clearbridge Energy Midstream Opportunity Fund
169:EMOP,AB Emerging Markets Opportunities ETF
169:EMOT,First Trust S&P 500 Economic Moat ETF
169:EMPB,Efficient Market Portfolio Plus ETF
169:EMQQ,EMQQ The Emerging Markets Internet ETF
169:EMR,Emerson Electric
169:EMSF,Matthews Emerging Markets Sustainable Future Active ETF
169:EMTY,ProShares Decline of the Retail Store ETF
169:ENB,Enbridge
169:ENFR,Alerian Energy Infrastructure ETF
169:ENIC,Enel Chile
169:ENOV,Enovis
169:ENR,Energizer Holdings
169:ENS,Enersys
169:ENVA,Enova International
169:EOCT,Innovator Emerging Markets Power Buffer ETF-October
169:EOD,Allspring Global Dividend Opportunity Fund
169:EOG,EOG Resources
169:EOI,Eaton Vance Enhanced Equity Income Fund
169:EOS,Eaton Vance Enhanced Equity Income Fund II
169:EOT,Eaton Vance National Municipal Opportunities Trust
169:EPAC,Enerpac Tool Group
169:EPAI,Harbor AI Inflection Strategy ETF
169:EPAM,Epam Systems
169:EPC,Edgewell Personal
169:EPD,Enterprise Products
169:EPEM,Harbor Emerging Markets Equity ETF
169:EPHE,iShares MSCI Philippines ETF
169:EPI,WisdomTree India Earnings Fund
169:EPIN,Harbor International Equity ETF
169:EPMB,Harbor Mid Cap Core ETF
169:EPMV,Harbor Mid Cap Value ETF
169:EPOL,iShares MSCI Poland ETF
169:EPP,iShares MSCI Pacific ex Japan ETF
169:EPR,EPR Properties
169:EPRT,Essential Properties
169:EPRpC,EPR Properties Pref C
169:EPRpE,EPR Properties Pref E
169:EPRpG,EPR Properties Pref G
169:EPS,WisdomTree U.S. LargeCap Fund
169:EPSB,Harbor SMID Cap Core ETF
169:EPSV,Harbor SMID Cap Value ETF
169:EPU,iShares MSCI Peru and Global Exposure ETF
169:EPV,ProShares UltraShort FTSE Europe
169:EPpC,EL PASO ENERGY Pref
169:EQAL,Invesco Russell 1000 Equal Weight ETF
169:EQBK,Equity Bancshares
169:EQH,Equitable Holdings
169:EQHpA,Equitable Holdings Pref A ADR
169:EQHpC,Equitable Holdings Pref C ADR
169:EQIN,Columbia U.S. Equity Income ETF
169:EQL,ALPS Equal Sector Weight ETF
169:EQNR,Equinor
169:EQR,Equity Residential
169:EQS,Equus Total Return
169:EQT,Eqt
169:EQTY,Kovitz Core Equity ETF
169:EQWL,Invesco S&P 100 Equal Weight ETF
169:ERO,Ero Copper
169:ERTH,Invesco MSCI Sustainable Future ETF
169:ERX,Direxion Daily Energy Bull 2X ETF
169:ERY,Direxion Daily Energy Bear 2X ETF
169:ES,Eversource
169:ESAB,ESAB
169:ESBA,Empire State-U ES
169:ESBG,"First Trust Enhanced Stocks, Bonds & Gold ETF"
169:ESE,Esco Technologies
169:ESI,Element Solutions
169:ESIM,Eventide International ETF
169:ESIX,State Street SPDR S&P SmallCap 600 ESG ETF
169:ESLG,Eventide Large Cap Growth ETF
169:ESLV,Eventide Large Cap Value ETF
169:ESNT,Essent Group
169:ESRT,Empire State Realty
169:ESS,Essex Property Trust
169:ESSC,Eventide Small Cap ETF
169:ESTC,Elastic
169:ESUM,Eventide US Market ETF
169:ET,Energy Transfer
169:ETB,Eaton Vance Tax-Managed Buy-Write Income Fund
169:ETCO,Grayscale Ethereum Covered Call ETF
169:ETD,Ethan Allen Interiors
169:ETFT,Fundsmith Equity ETF
169:ETG,Eaton Vance Tax Advantaged Global Dividend Income Fund
169:ETH,Grayscale Ethereum Staking Mini ETF
169:ETHD,ProShares UltraShort Ether ETF
169:ETHE,Grayscale Ethereum Staking ETF
169:ETHO,Amplify Etho Climate Leadership U.S. ETF
169:ETHT,ProShares Ultra Ether ETF
169:ETHW,Bitwise Ethereum ETF
169:ETIp,Entergy Texas Pref A
169:ETJ,Eaton Vance Risk-Managed Diversified Equity Income Fund
169:ETN,Eaton
169:ETO,Eaton Vance Tax-Advantaged Global Dividend Opportunities Fund
169:ETR,Entergy
169:ETSY,Etsy
169:ETV,Eaton Vance Tax-Managed Buy-Write Opportunities
169:ETW,Eaton Vance Tax-Managed Global Buy-Write Opportunities Fund
169:ETX,Eaton Vance Municipal Income 2028 Term Trust
169:ETY,Eaton Vance
169:ETpI,Energy Transfer Pref I
169:EUDG,WisdomTree Europe Quality Dividend Growth Fund
169:EUM,ProShares Short MSCI Emerging Markets
169:EUO,ProShares UltraShort Euro
169:EURL,Direxion Daily FTSE Europe Bull 3X ETF
169:EUSA,iShares MSCI U.S.A. Equal Weighted ETF
169:EUSB,iShares ESG Advanced Universal USD Bond ETF
169:EVAC,EQV Ventures II
169:EVAC.U,EQV Ventures II-U
169:EVAC.WS,
169:EVC,Entravision Communications
169:EVEX,Eve Holding
169:EVEX.WS,
169:EVF,Eaton Vance Senior Income Trust
169:EVG,Eaton Vance Short Duration Diversified Income Fund
169:EVH,Evolent Health
169:EVHY,Eaton Vance High Yield ETF
169:EVIM,Eaton Vance Intermediate Municipal Income ETF
169:EVLN,Eaton Vance Floating-Rate ETF
169:EVMN,Evommune
169:EVMO,Eaton Vance Mortgage Opportunities ETF
169:EVN,Eaton Vance Municipal Income Trust
169:EVNT,AltShares Event-Driven ETF
169:EVR,Evercore
169:EVSB,Eaton Vance Ultra-Short Income ETF
169:EVSM,Eaton Vance Short Duration Municipal Income ETF
169:EVT,Eaton Vance Tax-Advantaged
169:EVTC,Evertec
169:EVTL,Vertical Aerospace
169:EVTR,Eaton Vance Total Return Bond ETF
169:EVX,VanEck Environmental Services ETF
169:EW,Edwards Lifesciences
169:EWA,iShares MSCI Australia ETF
169:EWC,iShares MSCI Canada ETF
169:EWD,iShares MSCI Sweden ETF
169:EWG,iShares MSCI Germany ETF
169:EWH,iShares MSCI Hong Kong ETF
169:EWI,iShares MSCI Italy ETF
169:EWJ,iShares MSCI Japan ETF
169:EWK,iShares MSCI Belgium ETF
169:EWL,iShares MSCI Switzerland ETF
169:EWM,iShares MSCI Malaysia ETF
169:EWN,iShares MSCI Netherlands ETF
169:EWO,iShares MSCI Austria ETF
169:EWP,iShares MSCI Spain ETF
169:EWQ,iShares MSCI France ETF
169:EWS,iShares MSCI Singapore ETF
169:EWT,iShares MSCI Taiwan ETF
169:EWU,iShares MSCI United Kingdom ETF
169:EWV,ProShares UltraShort MSCI Japan
169:EWW,iShares MSCI Mexico ETF
169:EWX,State Street SPDR S&P Emerging Markets Small Cap ETF
169:EWY,iShares MSCI South Korea ETF
169:EWZ,iShares MSCI Brazil ETF
169:EXEQ,Wedbush ReturnOnLeadership U.S. Large-Cap ETF
169:EXG,Eaton Vance Tax-Managed Global Diversified Equity Income Fund
169:EXI,iShares Global Industrials ETF
169:EXK,Endeavour Silver
169:EXP,Eagle Materials
169:EXPD,Expeditors International of Washington
169:EXR,Extra Space Storage
169:EZA,iShares MSCI South Africa ETF
169:EZJ,ProShares Ultra MSCI Japan
169:EZM,WisdomTree U.S. MidCap Fund
169:F,Ford Motor
169:FAF,First American Financial
169:FAI,First Trust Bloomberg Artificial Intelligence ETF
169:FAN,First Trust Global Wind Energy ETF
169:FARX,Frontier Asset Absolute Return ETF
169:FAS,Direxion Daily Financial Bull 3X ETF
169:FAZ,Direxion Daily Financial Bear 3X ETF
169:FBDC,FT Confluence BDC & Specialty Finance Income ETF
169:FBIN,Fortune Brands
169:FBK,FB Financial
169:FBND,Fidelity Total Bond ETF
169:FBP,First Bancorp.
169:FBRT,Franklin BSP
169:FBRTpE,Franklin BSP Pref E
169:FBT,First Trust NYSE Arca Biotechnology Index Fund
169:FBY,YieldMax META Option Income Strategy ETF
169:FC,Franklin Covey
169:FCBD,Frontier Asset Core Bond ETF
169:FCF,First Commonwealth Financial
169:FCFY,First Trust S&P 500 Diversified Free Cash Flow ETF
169:FCG,First Trust Natural Gas ETF
169:FCN,FTI Consulting
169:FCOM,Fidelity MSCI Communication Services Index ETF
169:FCOR,Fidelity Corporate Bond ETF
169:FCPT,Four Corners Property Trust
169:FCRS,FutureCrest
169:FCRS.U,FutureCrest-U
169:FCRS.WS,
169:FCSH,Federated Hermes Short Duration Corporate ETF
169:FCT,First Trust Senior Floating Rate Income Fund Ii
169:FCUS,Pinnacle Focused Opportunities ETF
169:FCX,Freeport-McMoRan
169:FDAT,Tactical Advantage ETF
169:FDD,First Trust Stoxx European Select Dividend Index Fund
169:FDG,American Century Focused Dynamic Growth ETF
169:FDHY,Fidelity Enhanced High Yield ETF
169:FDIS,Fidelity MSCI Consumer Discretionary Index ETF
169:FDL,First Trust Morningstar Dividend Leaders Index Fund
169:FDLO,Fidelity Low Volatility Factor ETF
169:FDLS,Inspire Fidelis Multi Factor ETF
169:FDM,First Trust Dow Jones Select MicroCap Index Fund
169:FDMO,Fidelity Momentum Factor ETF
169:FDN,First Trust Dow Jones Internet Index Fund
169:FDP,Fresh Del Monte Produce
169:FDRR,Fidelity Dividend ETF for Rising Rates
169:FDS,FactSet
169:FDV,Federated Hermes U.S. Strategic Dividend ETF
169:FDVV,Fidelity High Dividend ETF
169:FDX,Fedex
169:FE,Firstenergy
169:FEAC,Fidelity Enhanced U.S. All-Cap Equity ETF
169:FEDM,FlexShares ESG & Climate Developed Markets ex-U.S. Core Index Fund
169:FEDU,Four Seasons Education
169:FEGE,First Eagle Global Equity ETF
169:FEIG,FlexShares ESG & Climate Investment Grade Corporate Core Index Fund
169:FELC,Fidelity Enhanced Large Cap Core ETF
169:FELG,Fidelity Enhanced Large Cap Growth ETF
169:FELV,Fidelity Enhanced Large Cap Value ETF
169:FEMD,First Eagle Mid Cap Equity ETF
169:FEMR,Fidelity Enhanced Emerging Markets ETF
169:FENG,Phoenix New Media
169:FENI,Fidelity Enhanced International ETF
169:FENY,Fidelity MSCI Energy Index ETF
169:FEOE,First Eagle Overseas Equity ETF
169:FERG,Ferguson Enterprises
169:FESM,Fidelity Enhanced Small Cap ETF
169:FET,Forum Energy
169:FEUS,FlexShares ESG & Climate U.S. Large Cap Core Index Fund
169:FEZ,State Street SPDR EURO STOXX 50 ETF
169:FF,Futurefuel
169:FFA,First Trust Enhanced Equity Income Fund
169:FFC,Flaherty & Crumrine Preferred & Income Securities Fund Inc
169:FFIU,UVA Unconstrained Medium-Term Fixed Income ETF
169:FFLS,Future Fund Long/Short ETF
169:FFND,One Global ETF
169:FFOX,FundX Future Fund Opportunities ETF
169:FFTY,Innovator IBD 50 ETF
169:FFWM,First Foundation
169:FG,F&G Annuities & Life
169:FGD,First Trust Dow Jones Global Select Dividend Index Fund
169:FGDL,Franklin Responsibly Sourced Gold ETF
169:FGSM,Frontier Asset Global Small Cap Equity ETF
169:FHI,Federated Hermes
169:FHLC,Fidelity MSCI Health Care Index ETF
169:FHN,First Horizon
169:FHNpC,First Horizon Pref C ADR
169:FHNpE,First Horizon Pref E ADR
169:FHNpF,First Horizon Pref F ADR
169:FHNpH,First Horizon Pref H ADR
169:FHYS,Federated Hermes Short Duration High Yield ETF
169:FIAT,YieldMax Short COIN Option Income Strategy ETF
169:FIAX,Nicholas Fixed Income Alternative ETF
169:FICO,Fair Isaac
169:FIDI,Fidelity International High Dividend ETF
169:FIDU,Fidelity MSCI Industrials Index ETF
169:FIG,Figma
169:FIGB,Fidelity Investment Grade Bond ETF
169:FIGS,FIGS
169:FIHL,Fidelis Insurance
169:FIIG,First Trust Intermediate Duration Investment Grade Corporate ETF
169:FINS,Angel Oak Financial
169:FINT,Frontier Asset Total International Equity ETF
169:FINV,FinVolution
169:FIS,Fidelity National
169:FISK,Empire State-U 250
169:FISR,State Street Fixed Income Sector Rotation ETF
169:FITE,State Street SPDR S&P Kensho Future Security ETF
169:FIVA,Fidelity International Value Factor ETF
169:FIW,First Trust Water ETF
169:FIX,Comfort Systems USA
169:FIXP,FolioBeyond Enhanced Fixed Income Premium ETF
169:FIXT,TCW Core Plus Bond ETF
169:FLAG,First Light
169:FLAU,Franklin FTSE Australia ETF
169:FLAX,Franklin FTSE Asia ex Japan ETF
169:FLBR,Franklin FTSE Brazil ETF
169:FLC,Flaherty & Crumrine Total Return Fund
169:FLCA,Franklin FTSE Canada ETF
169:FLCB,Franklin U.S. Core Bond ETF
169:FLCC,Federated Hermes MDT Large Cap Core ETF
169:FLCE,Frontier Asset U.S. Large Cap Equity ETF
169:FLCG,Federated Hermes MDT Large Cap Growth ETF
169:FLCH,Franklin FTSE China ETF
169:FLCO,Franklin Investment Grade Corporate ETF
169:FLCV,Federated Hermes MDT Large Cap Value ETF
169:FLEE,Franklin FTSE Europe ETF
169:FLEU,Franklin FTSE Eurozone ETF
169:FLG,Flagstar Bank
169:FLGB,Franklin FTSE United Kingdom ETF
169:FLGR,Franklin FTSE Germany ETF
169:FLGV,Franklin U.S. Treasury Bond ETF
169:FLGpA,Flagstar Bank Pref ADR
169:FLIN,Franklin FTSE India ETF
169:FLJH,Franklin FTSE Japan Hedged ETF
169:FLJP,Franklin FTSE Japan ETF
169:FLKR,Franklin FTSE South Korea ETF
169:FLLA,Franklin FTSE Latin America ETF
169:FLMB,Franklin Municipal Green Bond ETF
169:FLMI,Franklin Dynamic Municipal Bond ETF
169:FLMX,Franklin FTSE Mexico ETF
169:FLNG,FLEX LNG
169:FLO,Flowers Foods
169:FLOC,Flowco Holdings
169:FLOW,Global X U.S. Cash Flow Kings 100 ETF
169:FLR,Fluor
169:FLRG,Fidelity US Multifactor ETF
169:FLRN,State Street SPDR Bloomberg Investment Grade Floating Rate ETF
169:FLRT,Pacer Aristotle Pacific Floating Rate High Income ETF
169:FLS,Flowserve
169:FLSA,Franklin FTSE Saudi Arabia ETF
169:FLSP,Franklin Systematic Style Premia ETF
169:FLSW,Franklin FTSE Switzerland ETF
169:FLTB,Fidelity Limited Term Bond ETF
169:FLTR,VanEck IG Floating Rate ETF
169:FLTW,Franklin FTSE Taiwan ETF
169:FLUD,Franklin Ultra Short Bond ETF
169:FLUT,Flutter
169:FLV,American Century Focused Large Cap Value ETF
169:FLXR,TCW Flexible Income ETF
169:FLYD,MicroSectors Travel -3x Inverse Leveraged ETNs
169:FLYU,MicroSectors Travel 3x Leveraged ETNs
169:FMAT,Fidelity MSCI Materials Index ETF
169:FMC,FMC
169:FMCE,FM Compounders Equity ETF
169:FMCX,FM Focus Equity ETF
169:FMDE,Fidelity Enhanced Mid Cap ETF
169:FMF,First Trust Managed Futures Strategy Fund
169:FMKT,The Free Markets ETF
169:FMN,Federated Hermes Premier Municipal Income Fund
169:FMNY,First Trust New York Municipal High Income ETF
169:FMQQ,FMQQ The Next Frontier Internet ETF
169:FMS,Fresenius Medical
169:FMTL,First Trust Indxx Critical Metals ETF
169:FMX,Mexican Economic Development
169:FMY,First Trust Mortgage Income Fund
169:FN,Fabrinet
169:FNB,F.N.B.
169:FNCL,Fidelity MSCI Financials Index ETF
169:FND,Floor & Decor
169:FNDA,Schwab Fundamental U.S. Small Company ETF
169:FNDB,Schwab Fundamental U.S. Broad Market ETF
169:FNDC,Schwab Fundamental International Small Equity ETF
169:FNDE,Schwab Fundamental Emerging Markets Equity ETF
169:FNDF,Schwab Fundamental International Equity ETF
169:FNDX,Schwab Fundamental U.S. Large Company ETF
169:FNF,Fidelity National Financial A
169:FNGD,MicroSectors FANG+ Index -3X Inverse Leveraged ETNs
169:FNGG,Direxion Daily NYSE FANG+ Bull 2X ETF
169:FNGO,MicroSectors FANG+ Index 2X Leveraged ETNs
169:FNGS,MicroSectors FANG+ ETNs
169:FNGU,MicroSectors FANG+ 3X Leveraged ETNs
169:FNV,Franco-nevada
169:FOA,Finance Of America
169:FOF,Cohen & Steers Closed-End Opportunity Fund
169:FOPC,Frontier Asset Opportunistic Credit ETF
169:FOR,Forestar
169:FOUR,Shift4 Payments
169:FOURpA,Shift4 Payments Pref A
169:FOXY,Simplify Currency Strategy ETF
169:FPE,First Trust Preferred Securities and Income ETF
169:FPEI,First Trust Institutional Preferred Securities and Income ETF
169:FPF,First Trust Intermediate Duration Preferred & Income Fund
169:FPH,Five Point Holdings
169:FPI,Farmland
169:FPS,Forgent Power
169:FPWR,First Trust EIP Power Solutions ETF
169:FPX,First Trust U.S. Equity Opportunities ETF
169:FQAL,Fidelity Quality Factor ETF
169:FR,First Industrial Realty Trust
169:FRA,Blackrock Floating Rate Income Strategies Fund
169:FREL,Fidelity MSCI Real Estate Index ETF
169:FRGN,Horizon International Equity ETF
169:FRI,First Trust S&P REIT Index Fund
169:FRIZ,Franklin Dividend Growth ETF
169:FRO,Frontline
169:FRT,Federal Realty Investment Trust
169:FRTY,Alger Mid Cap 40 ETF
169:FRTpC,Federal Realty Investment Trust Pref C ADR
169:FSCC,Federated Hermes MDT Small Cap Core ETF
169:FSCO,FS Credit
169:FSEC,Fidelity Investment Grade Securitized ETF
169:FSIG,First Trust Limited Duration Investment Grade Corporate ETF
169:FSK,FS KKR Capital
169:FSM,Fortuna Mining
169:FSMB,First Trust Short Duration Managed Municipal ETF
169:FSMD,Fidelity Small-Mid Multifactor ETF
169:FSML,Franklin Small Cap Enhanced ETF
169:FSOL,Fidelity Solana Fund
169:FSS,Federal Signal
169:FSSL,FS Specialty Lending
169:FSTA,Fidelity MSCI Consumer Staples Index ETF
169:FSYD,Fidelity Sustainable High Yield ETF
169:FT,Franklin Universal Trust
169:FTBD,Fidelity Tactical Bond ETF
169:FTBI,First Trust Balanced Income ETF
169:FTCA,Franklin California Municipal Income ETF
169:FTCB,First Trust Core Investment Grade ETF
169:FTCE,First Trust New Constructs Core Earnings Leaders ETF
169:FTEC,Fidelity MSCI Information Technology Index ETF
169:FTHF,First Trust Emerging Markets Human Flourishing ETF
169:FTHY,First Trust High
169:FTI,TechnipFMC
169:FTIF,First Trust Bloomberg Inflation Sensitive Equity ETF
169:FTK,Flotek Industries
169:FTKI,First Trust Small Cap BuyWrite Income ETF
169:FTLS,First Trust Long/Short Equity ETF
169:FTMA,Franklin Massachusetts Municipal Income ETF
169:FTMH,Franklin Municipal High Yield ETF
169:FTMN,Franklin Minnesota Municipal Income ETF
169:FTMS,Franklin Short-Term Municipal Income ETF
169:FTMU,Franklin Municipal Income ETF
169:FTNJ,Franklin New Jersey Municipal Income ETF
169:FTNY,Franklin New York Municipal Income ETF
169:FTOH,Franklin Ohio Municipal Income ETF
169:FTPA,Franklin Pennsylvania Municipal Income ETF
169:FTRB,Federated Hermes Total Return Bond ETF
169:FTS,Fortis
169:FTSD,Franklin Short Duration U.S. Government ETF
169:FTV,Fortive
169:FTW,Presidio
169:FTW.WS,
169:FTWO,Strive Natural Resources and Security ETF
169:FUBO,FuboTV
169:FUL,H.B. Fuller
169:FUMB,First Trust Ultra Short Duration Municipal ETF
169:FUN,Six Flags
169:FUSI,American Century Multisector Floating Income ETF
169:FUTY,Fidelity MSCI Utilities Index ETF
169:FVAL,Fidelity Value Factor ETF
169:FVD,First Trust Value Line Dividend Index Fund
169:FVR,FrontView REIT
169:FVRR,Fiverr International
169:FWD,AB Disruptors ETF
169:FXA,Invesco CurrencyShares Australian Dollar Trust
169:FXB,Invesco CurrencyShares British Pound Sterling Trust
169:FXC,Invesco CurrencyShares Canadian Dollar Trust
169:FXD,First Trust Consumer Discretionary AlphaDEX Fund
169:FXE,Invesco CurrencyShares Euro Trust
169:FXED,Sound Enhanced Fixed Income ETF
169:FXF,Invesco CurrencyShares Swiss Franc Trust
169:FXG,First Trust Consumer Staples AlphaDEX Fund
169:FXH,First Trust Health Care AlphaDEX Fund
169:FXI,iShares China Large-Cap ETF
169:FXL,First Trust Technology AlphaDEX Fund
169:FXN,First Trust Energy AlphaDEX Fund
169:FXO,First Trust Financials AlphaDEX Fund
169:FXP,ProShares UltraShort FTSE China 50
169:FXR,First Trust Industrials/Producer Durables AlphaDEX Fund
169:FXU,First Trust Utilities AlphaDEX Fund
169:FXY,Invesco CurrencyShares Japanese Yen Trust
169:FXZ,First Trust Materials AlphaDEX Fund
169:G,Genpact
169:GAB,Gabelli Equity Trust
169:GABF,Gabelli Financial Services Opportunities ETF
169:GABpG,Gabelli Equity Trustyx Pref G
169:GABpH,Gabelli Equity Trustyx Pref H
169:GABpK,Gabelli Equity Trustyx Pref K
169:GABr,
169:GAEM,Simplify Gamma Emerging Market Bond ETF
169:GAID,Guinness Atkinson International Dividend Builder ETF
169:GAL,State Street Global Allocation ETF
169:GAM,General American Investors
169:GAMR,Amplify Video Game Leaders ETF
169:GAMpB,General American Investors Pref B
169:GAP,The Gap
169:GARA,Guinness Atkinson Real Assets Income ETF
169:GATX,Gatx
169:GAUD,Guinness Atkinson US Dividend Builder ETF
169:GBAB,Guggenheim Taxable Municipal Bond & Investment Grade Debt Trust
169:GBCI,Glacier Bancorp
169:GBF,iShares Government/Credit Bond ETF
169:GBHI,Gabelli High Income ETF
169:GBIL,Goldman Sachs Access Treasury 0-1 Year ETF
169:GBND,Goldman Sachs Core Bond ETF
169:GBTC,Grayscale Bitcoin Trust ETF
169:GBTG,Global Business
169:GBX,The Greenbrier
169:GCAD,Gabelli Commercial Aerospace & Defense ETF
169:GCAL,Goldman Sachs Dynamic California Municipal Income ETF
169:GCC,WisdomTree Enhanced Commodity Strategy Fund
169:GCO,Genesco
169:GCOR,Goldman Sachs Access U.S. Aggregate Bond ETF
169:GCTS,GCT Semiconductor
169:GCTS.WS,
169:GCV,Gabelli Convertible & Income Securities Fund
169:GD,General Dynamics
169:GDDY,Godaddy
169:GDIV,Harbor Dividend Growth Leaders ETF
169:GDL,Gdl Fund
169:GDLC,Grayscale CoinDesk Crypto 5 ETF
169:GDO,Western Asset Global Corporate Opportunity Fund
169:GDOC,Goldman Sachs Future Health Care Equity ETF
169:GDOG,Grayscale Dogecoin Trust ETF
169:GDOT,Green Dot
169:GDV,The Gabelli
169:GDVpH,The Gabelli Pref H
169:GDVpK,The Gabelli Pref K
169:GDX,VanEck Gold Miners ETF
169:GDXD,MicroSectors Gold Miners -3X Inverse Leveraged ETNs
169:GDXJ,VanEck Junior Gold Miners ETF
169:GDXU,MicroSectors Gold Miners 3X Leveraged ETNs
169:GDXY,YieldMax Gold Miners Option Income Strategy ETF
169:GE,GE Aerospace
169:GEF,Greif A
169:GEF.B,Greif B
169:GEL,Genesis Energy
169:GEM,Goldman Sachs ActiveBeta Emerging Markets Equity ETF
169:GEND,Genter Capital Dividend Income ETF
169:GENI,Genius Sports
169:GENM,Genter Capital Municipal Quality Intermediate ETF
169:GENT,Genter Capital Taxable Quality Intermediate ETF
169:GENW,Genter Capital International Dividend ETF
169:GEO,The GEO Group
169:GEOA,WisdomTree GeoAlpha Opportunities Fund
169:GETY,Getty Images
169:GEV,GE Vernova
169:GF,New Germany Fund
169:GFF,Griffon
169:GFI,Gold Fields
169:GFL,GFL Environmental
169:GFR,Greenfire Resources
169:GGB,Gerdau Pref ADR
169:GGG,Graco
169:GGM,GGM Macro Alignment ETF
169:GGME,Invesco Next Gen Media and Gaming ETF
169:GGOV,iShares Global Government Bond USD Hedged Active ETF
169:GGRW,Gabelli Growth Innovators ETF
169:GGT,Gabelli Multimedia Trust
169:GGTL,Gabelli Global Technology Leaders ETF
169:GGTR,
169:GGTpE,Gabelli Multimedia Pref E
169:GGTpG,Gabelli Multimedia Pref G
169:GGUS,Goldman Sachs MarketBeta Russell 1000 Growth Equity ETF
169:GGZ,Gabelli Global Small & Mid Cap Value Trust
169:GHC,Graham Holdings
169:GHG,Greentree Hospitality
169:GHI,Greystone Housing
169:GHM,Graham
169:GHY,Pgim Global High Yield Fund
169:GHYB,Goldman Sachs Access High Yield Corporate Bond ETF
169:GIAX,Nicholas Global Equity and Income ETF
169:GIB,CGI
169:GIC,Global Industrial
169:GIGB,Goldman Sachs Access Investment Grade Corporate Bond ETF
169:GIGL,Goldman Sachs Corporate Bond ETF
169:GII,State Street SPDR S&P Global Infrastructure ETF
169:GIL,Gildan Activewear
169:GINN,Goldman Sachs Innovate Equity ETF
169:GIS,General Mills
169:GJH,STRATS Trust For United States Cellular Pref
169:GJO,STRATS TRUST FOR WAL-MART STORES Pref
169:GJP,STRATS TRUST FOR DOMINION Pref
169:GJR,STRATS(SM) TRUST FOR PROCTER & GAMBLE Pref
169:GJS,STRATS(SM) TRUST FOR GOLDMAN Pref
169:GJT,STRATS(SM) TRUST FOR ALLSTATE Pref
169:GK,AdvisorShares Gerber Kawasaki ETF
169:GKOS,Glaukos
169:GL,Globe Life
169:GLD,SPDR Gold Shares
169:GLDM,SPDR Gold MiniShares Trust
169:GLDN,Nicholas Gold Income ETF
169:GLED.U,GalaxyEdge Acquisition-U
169:GLIN,VanEck India Growth Leaders ETF
169:GLIX,Lazard Listed Infrastructure ETF
169:GLL,ProShares UltraShort Gold
169:GLNK,Grayscale Chainlink Trust ETF
169:GLOB,Globant
169:GLOF,iShares Global Equity Factor ETF
169:GLOPpA,Gaslog Partners Pref
169:GLOPpB,Gaslog Partners Pref B
169:GLOPpC,Gaslog Partners Pref C
169:GLP,Global Partners
169:GLPpB,Global Partners Pref B
169:GLRY,Inspire Growth ETF
169:GLTR,abrdn Physical Precious Metals Basket Shares ETF
169:GLW,Corning
169:GM,general motors
169:GME,GameStop
169:GME.WS,
169:GMED,Globus Medical
169:GMEY,YieldMax GME Option Income Strategy ETF
169:GMF,State Street SPDR S&P Emerging Asia Pacific ETF
169:GMMA,GammaRoad Market Navigation ETF
169:GMMF,iShares Government Money Market ETF
169:GMNY,Goldman Sachs Dynamic New York Municipal Income ETF
169:GMOC,GMO Ultra-Short Income ETF
169:GMOD,GMO Dynamic Allocation ETF
169:GMOI,GMO International Value ETF
169:GMOV,GMO U.S. Value ETF
169:GMUB,Goldman Sachs Municipal Income ETF
169:GMUN,Goldman Sachs Access Municipal Bond ETF
169:GNE,Genie Energy
169:GNK,Genco Shipping & Trading
169:GNL,Global Net Lease
169:GNLpA,Global Net Pref A
169:GNLpB,Global Net Lease Pref B
169:GNLpD,Global Net Pref D
169:GNLpE,Global Net Pref E
169:GNR,State Street SPDR S&P Global Natural Resources ETF
169:GNRC,Generac Holdings
169:GNT,"Gamco Natural Resources, Gold & Income Trust"
169:GNTpA,"Gamco Natural Resources, Gold & Income Trust Pref A"
169:GNW,Genworth Financial
169:GOAU,U.S. Global GO Gold and Precious Metal Miners ETF
169:GOEX,Global X Gold Explorers ETF
169:GOF,Guggenheim Strategic Opportunities Fund
169:GOLD,Gold.com
169:GOLF,Acushnet Holdings
169:GOLS,Gabelli Opportunities in Live and Sports ETF
169:GOOS,Canada Goose
169:GOOY,YieldMax GOOGL Option Income Strategy ETF
169:GOTU,Gaotu Techedu
169:GPC,Genuine Parts
169:GPGI,GPGI
169:GPI,Group 1 Automotive
169:GPK,Graphic Packaging
169:GPMT,Granite Point
169:GPMTpA,Granite Point Pref A
169:GPN,Global Payments
169:GPOR,Gulfport Energy
169:GPRK,GeoPark
169:GPTY,YieldMax AI & Tech Portfolio Option Income ETF
169:GPZ,VanEck Alternative Asset Manager ETF
169:GQGU,GQG US Equity ETF
169:GQI,Natixis Gateway Quality Income ETF
169:GQRE,FlexShares Global Quality Real Estate Index Fund
169:GRBK,Green Brick
169:GRBKpA,Green Brick Pref A ADR
169:GRC,The Gorman-Rupp
169:GRDN,Guardian Pharmacy
169:GREK,Global X MSCI Greece ETF
169:GRMN,Garmin
169:GRN,iPath Series B Carbon ETN
169:GRNB,VanEck Green Bond ETF
169:GRND,Grindr
169:GRNI,Fundstrat Granny Shots US Large Cap & Income ETF
169:GRNJ,Fundstrat Granny Shots US Small- & Mid-Cap ETF
169:GRNT,Granite Ridge
169:GRNY,Fundstrat Granny Shots U.S. Large Cap ETF
169:GROV,Grove Collaborative
169:GRPM,Invesco S&P MidCap 400 GARP ETF
169:GRPZ,Invesco S&P SmallCap 600 GARP ETF
169:GRX,Gabelli Healthcare & Wellnessrx Trust
169:GS,Goldman Sachs
169:GSBD,Goldman Sachs BDC
169:GSC,Goldman Sachs Small Cap Equity ETF
169:GSEU,Goldman Sachs ActiveBeta Europe Equity ETF
169:GSG,iShares S&P GSCI Commodity-Indexed Trust
169:GSIE,Goldman Sachs ActiveBeta International Equity ETF
169:GSIG,Goldman Sachs Access Investment Grade Corporate 1-5 Year Bond ETF
169:GSJY,Goldman Sachs ActiveBeta Japan Equity ETF
169:GSK,GSK
169:GSKH,GSK plc ADRhedged
169:GSL,Global Ship Lease
169:GSLC,Goldman Sachs ActiveBeta U.S. Large Cap Equity ETF
169:GSLpB,Global Ship Lease Pref B ADR
169:GSOL,Grayscale Solana Staking ETF
169:GSPY,Gotham Enhanced 500 ETF
169:GSSC,Goldman Sachs ActiveBeta U.S. Small Cap Equity ETF
169:GSUI,Grayscale Sui Staking ETF
169:GSY,Invesco Ultra Short Duration ETF
169:GSpA,The Goldman Sachs Group Pref A ADR
169:GSpC,The Goldman Sachs Group Pref C ADR
169:GSpD,The Goldman Sachs Group Pref D ADR
169:GTEK,Goldman Sachs Future Tech Leaders Equity ETF
169:GTES,Gates Industrial
169:GTLS,Chart Industries
169:GTN,Gray Media
169:GTN.A,Gray Media A
169:GTO,Invesco Total Return Bond ETF
169:GTY,Getty Realty
169:GUG,Guggenheim Active
169:GUMI,Goldman Sachs Ultra Short Municipal Income ETF
169:GUNR,FlexShares Morningstar Global Upstream Natural Resources Index Fund
169:GURU,Global X Guru Index ETF
169:GUSA,Goldman Sachs MarketBeta US 1000 Equity ETF
169:GUSH,Direxion Daily S&P Oil & Gas Exp. & Prod. Bull 2X ETF
169:GUT,Gabelli Utility Trust
169:GUTpC,Gabelli Utility Trust Pref C
169:GVA,Granite Construction
169:GVIP,Goldman Sachs Hedge Industry VIP ETF
169:GVLU,Gotham 1000 Value ETF
169:GVUS,Goldman Sachs MarketBeta Russell 1000 Value Equity ETF
169:GWH,ESS Tech
169:GWH.WS,
169:GWRE,Guidewire Software
169:GWW,W.W. Grainger
169:GWX,State Street SPDR S&P International Small Cap ETF
169:GXC,State Street SPDR S&P China ETF
169:GXIG,Global X Investment Grade Corporate Bond ETF
169:GXLC,Global X U.S. 500 ETF
169:GXO,GXO Logistics
169:GXPC,Global X PureCap MSCI Communication Services ETF
169:GXPD,Global X PureCap MSCI Consumer Discretionary ETF
169:GXPE,Global X PureCap MSCI Energy ETF
169:GXPS,Global X PureCap MSCI Consumer Staples ETF
169:GXPT,Global X PureCap MSCI Information Technology ETF
169:GXRP,Grayscale XRP Trust ETF
169:GXUS,Goldman Sachs MarketBeta Total International Equity ETF
169:GYLD,Arrow Dow Jones Global Yield ETF
169:H,Hyatt Hotels
169:HACK,Amplify Cybersecurity ETF
169:HAE,Haemonetics
169:HAFN,Hafnia
169:HAIL,State Street SPDR S&P Kensho Smart Mobility ETF
169:HAKY,Amplify HACK Cybersecurity Covered Call ETF
169:HAL,Halliburton
169:HAP,VanEck Natural Resources ETF
169:HAPI,Harbor Human Capital Factor US Large Cap ETF
169:HAPS,Harbor Human Capital Factor US Small Cap ETF
169:HARD,Simplify Commodities Strategy No K-1 ETF
169:HASI,Hannon Armstrong
169:HAUZ,Xtrackers International Real Estate ETF
169:HAWX,iShares Currency Hedged MSCI ACWI ex U.S. ETF
169:HAYW,Hayward Holdings
169:HBB,Hamilton Beach
169:HBM,Hudbay Minerals
169:HBRD,Invesco U.S. Hybrid Bond ETF
169:HBTA,Horizon Expedition Plus ETF
169:HCA,HCA Healthcare
169:HCC,Warrior Met Coal
169:HCI,HCI Group
169:HCMT,Direxion HCM Tactical Enhanced US ETF
169:HD,The Home Depot
169:HDB,HDFC Bank
169:HDEF,Xtrackers MSCI EAFE High Dividend Yield Equity ETF
169:HDG,ProShares Hedge Replication ETF
169:HDGE,AdvisorShares Ranger Equity Bear ETF
169:HDLB,ETRACS Monthly Pay 2xLeveraged US High Dividend Low Volatility ETN Series B
169:HDMV,First Trust Horizon Managed Volatility Developed International ETF
169:HDUS,Hartford Disciplined US Equity ETF
169:HDV,iShares Core High Dividend ETF
169:HE,Hawaiian Electric Industries
169:HECA,Hedgeye Capital Allocation ETF
169:HEDG,Equable Shares Hedged Equity ETF
169:HEDJ,WisdomTree Europe Hedged Equity Fund
169:HEFT,Hedgeye Fourth Turning ETF
169:HEI,Heico
169:HEI.A,Heico A
169:HELO,JPMorgan Hedged Equity Laddered Overlay ETF
169:HELS,Hedgeye 130/30 Equity ETF
169:HEQ,John Hancock
169:HEQT,Simplify Hedged Equity ETF
169:HESM,Hess Midstream
169:HEWJ,iShares Currency Hedged MSCI Japan ETF
169:HEZU,iShares Currency Hedged MSCI Eurozone ETF
169:HF,DGA Core Plus Absolute Return ETF
169:HFEQ,Unlimited HFEQ Equity Long/Short ETF
169:HFGM,Unlimited HFGM Global Macro ETF
169:HFMF,Unlimited HFMF Managed Futures ETF
169:HFND,Unlimited HFND Multi-Strategy Return Tracker ETF
169:HFRO,Highland
169:HFROpA,Highland Pref A
169:HFROpB,Highland Pref B
169:HFXI,NYLI FTSE International Equity Currency Neutral ETF
169:HG,Hamilton Insurance
169:HGER,Harbor Commodity All-Weather Strategy ETF
169:HGLB,Highland Global Allocation Fund
169:HGRO,Hedgeye Quality Growth ETF
169:HGTY,Hagerty
169:HGV,Hilton Grand Vacations
169:HHH,Howard Hughes
169:HIBL,Direxion Daily S&P 500 High Beta Bull 3X ETF
169:HIBS,Direxion Daily S&P 500 High Beta Bear 3X ETF
169:HIDV,AB US High Dividend ETF
169:HIG,The Hartford Insurance
169:HIGH,Simplify Enhanced Income ETF
169:HIGpG,The Hartford Pref G ADR
169:HII,Huntington Ingalls
169:HIMS,Hims & Hers Health
169:HIO,Western Asset High Income Opportunity Fund
169:HIPO,Hippo Holdings
169:HIPS,GraniteShares HIPS US High Income ETF
169:HIW,Highwoods Properties
169:HIX,Western Asset High
169:HIYY,YieldMax HIMS Option Income Strategy ETF
169:HKD,AMTD Digital
169:HL,Hecla Mining
169:HLF,Herbalife
169:HLI,Houlihan Lokey
169:HLIO,Helios Technologies
169:HLLY,Holley
169:HLLY.WS,
169:HLN,Haleon
169:HLT,Hilton Worldwide
169:HLX,Helix Energy Solutions Group
169:HLpB,Hecla Mining Pref B
169:HMC,Honda Motor
169:HMN,Horace Mann Educators
169:HMOP,Hartford Municipal Opportunities ETF
169:HMY,Harmony Gold Mining
169:HNGE,Hinge Health
169:HNI,Hni
169:HOG,Harley-Davidson
169:HOLA,JPMorgan International Hedged Equity Laddered Overlay ETF
169:HOLD,AdvisorShares North Square McKee Core Reserves ETF
169:HOMB,Home Bancshares
169:HOMZ,Hoya Capital Housing ETF
169:HOOY,YieldMax HOOD Option Income Strategy ETF
169:HOOZ,Defiance Daily Target 2X Short HOOD ETF
169:HOV,Hovnanian Enterprises
169:HP,Helmerich & Payne
169:HPE,Hewlett Packard
169:HPEpC,Hewlett Packard Pref C
169:HPF,John Hancock Preferred Income Fund Ii
169:HPI,John Hancock Preferred Income Fund
169:HPP,Hudson Pacific
169:HPPpC,Hudson Pacific Pref C
169:HPQ,HP
169:HPS,John Hancock Preferred Income Fund Iii
169:HQH,Abrdn Healthcare Investors
169:HQL,Abrdn Life Sciences Investors
169:HR,Healthcare Realty
169:HRB,H&R Block
169:HRI,Herc Holdings
169:HRL,Hormel Foods
169:HRTG,Heritage Insurance
169:HSBC,Hsbc Holdings
169:HSBH,HSBC Holdings plc ADRhedged
169:HSCZ,iShares Currency Hedged MSCI EAFE Small-Cap ETF
169:HSHP,Himalaya Shipping
169:HSMV,First Trust Horizon Managed Volatility Small/Mid ETF
169:HSY,The Hershey
169:HTAB,Hartford Schroders Tax-Aware Bond ETF
169:HTAX,Nomura National High-Yield Municipal Bond ETF
169:HTB,Hometrust Bancshares
169:HTD,John Hancock Tax-Advantaged Dividend Income Fund
169:HTEC,ROBO Global Healthcare Technology and Innovation ETF
169:HTGC,Hercules Capital
169:HTH,Hilltop Holdings
169:HTRB,Hartford Total Return Bond ETF
169:HTT,High Templar
169:HUBB,Hubbell
169:HUBS,Hubspot
169:HUM,Humana
169:HUN,Huntsman
169:HUSV,First Trust Horizon Managed Volatility Domestic ETF
169:HUYA,HUYA
169:HVAC,AdvisorShares HVAC and Industrials ETF
169:HVT,Haverty Furniture
169:HVT.A,Haverty Furniture A
169:HWM,Howmet Aerospace
169:HXL,Hexcel
169:HY,Hyster-Yale
169:HYAC,Haymaker
169:HYAC.U,Haymaker-U
169:HYAC.WS,
169:HYBB,iShares BB Rated Corporate Bond ETF
169:HYBX,TCW High Yield Bond ETF
169:HYDW,Xtrackers Low Beta High Yield Bond ETF
169:HYEM,VanEck Emerging Markets High Yield Bond ETF
169:HYFI,AB High Yield ETF
169:HYG,iShares iBoxx $ High Yield Corporate Bond ETF
169:HYGH,iShares Interest Rate Hedged High Yield Bond ETF
169:HYGV,FlexShares High Yield Value-Scored Bond Index Fund
169:HYI,Western Asset High Yield
169:HYLB,Xtrackers USD High Yield Corporate Bond ETF
169:HYMB,State Street SPDR Nuveen ICE High Yield Municipal Bond ETF
169:HYRM,Xtrackers Risk Managed USD High Yield Strategy ETF
169:HYS,PIMCO 0-5 Year High Yield Corporate Bond Index Exchange-Traded Fund
169:HYSA,BondBloxx USD High Yield Bond Sector Rotation ETF
169:HYSD,Columbia Short Duration High Yield ETF
169:HYT,Blackrock Corporate High Yield Fund
169:HYTI,FT Vest High Yield & Target Income ETF
169:HYTR,Counterpoint High Yield Trend ETF
169:HYUP,Xtrackers High Beta High Yield Bond ETF
169:HZO,MarineMax
169:IAE,Voya Asia Pacific High Dividend Equity Income Fund
169:IAG,Iamgold
169:IAI,iShares U.S. Broker-Dealers & Securities Exchanges ETF
169:IAK,iShares U.S. Insurance ETF
169:IAPR,Innovator International Developed Power Buffer ETF - April
169:IAT,iShares U.S. Regional Banks ETF
169:IAU,iShares Gold Trust
169:IAUG,Innovator International Developed Power Buffer ETF–August
169:IAUM,iShares Gold Trust Micro
169:IBCA,iShares iBonds Dec 2035 Term Corporate ETF
169:IBD,Inspire Corporate Bond ETF
169:IBDR,iShares iBonds Dec 2026 Term Corporate ETF
169:IBDS,iShares iBonds Dec 2027 Term Corporate ETF
169:IBDT,iShares iBonds Dec 2028 Term Corporate ETF
169:IBDU,iShares iBonds Dec 2029 Term Corporate ETF
169:IBDV,iShares iBonds Dec 2030 Term Corporate ETF
169:IBDW,iShares iBonds Dec 2031 Term Corporate ETF
169:IBDX,iShares iBonds Dec 2032 Term Corporate ETF
169:IBDY,iShares iBonds Dec 2033 Term Corporate ETF
169:IBDZ,iShares iBonds Dec 2034 Term Corporate ETF
169:IBFR,Innovator International Developed Managed 10 Buffer ETF
169:IBIC,iShares iBonds Oct 2026 Term TIPS ETF
169:IBID,iShares iBonds Oct 2027 Term TIPS ETF
169:IBIE,iShares iBonds Oct 2028 Term TIPS ETF
169:IBIF,iShares iBonds Oct 2029 Term TIPS ETF
169:IBIG,iShares iBonds Oct 2030 Term TIPS ETF
169:IBIH,iShares iBonds Oct 2031 Term TIPS ETF
169:IBII,iShares iBonds Oct 2032 Term TIPS ETF
169:IBIJ,iShares iBonds Oct 2033 Term TIPS ETF
169:IBIK,iShares iBonds Oct 2034 Term TIPS ETF
169:IBIL,iShares iBonds Oct 2035 Term TIPS ETF
169:IBLC,iShares Blockchain and Tech ETF
169:IBM,IBM
169:IBN,ICICI Bank
169:IBND,SPDR Bloomberg International Corporate Bond ETF
169:IBP,Installed Building
169:IBRN,iShares Neuroscience and Healthcare ETF
169:IBTA,Ibotta
169:IBUF,Innovator International Developed 10 Buffer ETF – Quarterly
169:IBUY,Amplify Online Retail ETF
169:ICAP,Infrastructure Capital Equity Income ETF
169:ICE,Intercontinental Exchange
169:ICL,ICL Group
169:ICOI,Bitwise COIN Option Income Strategy ETF
169:ICPI,iShares 0-1 Year TIPS Bond ETF
169:ICPY,"Tweedy, Browne International Insider + Value ETF"
169:ICRC,Bitwise CRCL Option Income Strategy ETF
169:ICRpA,InPoint Pref A
169:IDA,IDACORP
169:IDE,"Voya Infrastructure, Industrials & Materials Fund"
169:IDEC,Innovator International Developed Power Buffer ETF-December
169:IDEQ,Lazard International Dynamic Equity ETF
169:IDEV,iShares Core MSCI International Developed Markets ETF
169:IDGT,iShares U.S. Digital Infrastructure and Real Estate ETF
169:IDHQ,Invesco S&P International Developed Quality ETF
169:IDLV,Invesco S&P International Developed Low Volatility ETF
169:IDMO,Invesco S&P International Developed Momentum ETF
169:IDNA,iShares Genomics Immunology and Healthcare ETF
169:IDOG,ALPS International Sector Dividend Dogs ETF
169:IDRV,iShares Self-Driving EV and Tech ETF
169:IDT,IDT B
169:IDU,iShares U.S. Utilities ETF
169:IDVO,Amplify CWP International Enhanced Dividend Income ETF
169:IDX,VanEck Indonesia Index ETF
169:IDYN,iShares International Equity Factor Rotation Active ETF
169:IEMG,iShares Core MSCI Emerging Markets ETF
169:IETH,Bitwise Ethereum Option Income Strategy ETF
169:IEUR,iShares Core MSCI Europe ETF
169:IEV,iShares Europe ETF
169:IEX,IDEX
169:IEZ,iShares U.S. Oil Equipment & Services ETF
169:IFEB,Innovator International Developed Power Buffer ETF – February
169:IFED,ETRACS IFED Invest with the Fed TR Index ETN
169:IFF,International Flavors & Fragrances
169:IFLN,Invesco Bloomberg Enhanced Fallen Angels ETF
169:IFLR,Innovator International Developed Managed Floor ETF
169:IFN,Aberdeen India Fund
169:IFS,Intercorp Financial
169:IG,Principal Investment Grade Corporate Active ETF
169:IGA,Voya Global Advantage & Premium Opportunity Fund
169:IGBH,iShares Interest Rate Hedged Long-Term Corporate Bond ETF
169:IGCB,TCW Corporate Bond ETF
169:IGD,Voya Global Equity Dividend & Premium Opportunity Fund
169:IGGY,AB International Growth ETF
169:IGI,Western Asset Investment Grade Opportunity Trust
169:IGLB,iShares 10+ Year Investment Grade Corporate Bond ETF
169:IGM,iShares Expanded Tech Sector ETF
169:IGME,Bitwise GME Option Income Strategy ETF
169:IGPT,Invesco AI and Next Gen Software ETF
169:IGR,Cbre Global Real Estate Income Fund
169:IGTR,Innovator Gradient Tactical Rotation Strategy ETF
169:IH,iHuman
169:IHAK,iShares Cybersecurity and Tech ETF
169:IHD,Voya Emerging Markets High Dividend Equity Fund
169:IHDG,WisdomTree International Hedged Quality Dividend Growth Fund
169:IHE,iShares U.S. Pharmaceuticals ETF
169:IHF,iShares U.S. Healthcare Providers ETF
169:IHG,Intercontinental Hotels
169:IHI,iShares U.S. Medical Devices ETF
169:IHS,IHS Holding
169:IHY,VanEck International High Yield Bond ETF
169:IIF,Morgan Stanley India Investment Fund
169:IIGD,Invesco Investment Grade Defensive ETF
169:IIIN,Insteel Industries
169:IIM,Invesco Value Municipal Income Trust
169:IIPR,Innovative
169:IIPRpA,Innovative PrefA
169:IJAN,Innovator International Developed Power Buffer ETF - January
169:IJH,iShares Core S&P Mid-Cap ETF
169:IJJ,iShares S&P Mid-Cap 400 Value ETF
169:IJK,iShares S&P Mid-Cap 400 Growth ETF
169:IJR,iShares Core S&P Small-Cap ETF
169:IJS,iShares S&P Small-Cap 600 Value ETF
169:IJUL,Innovator International Developed Power Buffer ETF - July
169:IJUN,Innovator International Developed Power Buffer ETF - June
169:ILCB,iShares Morningstar U.S. Equity ETF
169:ILCG,iShares Morningstar Growth ETF
169:ILCV,iShares Morningstar Value ETF
169:ILDR,First Trust Innovation Leaders ETF
169:ILF,iShares Latin America 40 ETF
169:ILOW,AB International Low Volatility Equity ETF
169:ILS,Brookmont Catastrophic Bond ETF
169:ILTB,iShares Core 10+ Year USD Bond ETF
169:IMAR,Innovator International Developed Power Buffer ETF – March
169:IMAX,Imax
169:IMAY,Innovator International Developed Power Buffer ETF – May
169:IMCB,iShares Morningstar Mid-Cap ETF
169:IMCG,iShares Morningstar Mid-Cap Growth ETF
169:IMRA,Bitwise MARA Option Income Strategy ETF
169:IMST,Bitwise MSTR Option Income Strategy ETF
169:IMTB,iShares Core 5-10 Year USD Bond ETF
169:IMTM,iShares MSCI Intl Momentum Factor ETF
169:IMVP,Invesco India ETF
169:INCE,Franklin Income Equity Focus ETF
169:INCM,Franklin Income Focus ETF
169:INCO,Columbia India Consumer ETF
169:INDE,Matthews India Active ETF
169:INDL,Direxion Daily MSCI India Bull 2X ETF
169:INDS,Pacer Industrial Real Estate ETF
169:INDZ,VanEck India Select ETF
169:INEQ,Columbia International Equity Income ETF
169:INFL,Horizon Kinetics Inflation Beneficiaries ETF
169:INFO,Harbor PanAgora Dynamic Large Cap Core ETF
169:INFQ,Infleqtion
169:INFQ.WS,
169:INFY,Infosys
169:ING,ING Groep
169:INGM,Ingram Micro
169:INGR,Ingredion
169:INKM,State Street Income Allocation ETF
169:INMU,iShares Intermediate Muni Income Active ETF
169:INN,Summit Hotel
169:INNpE,Summit Hotel Pref E
169:INNpF,Summit Hotel Pref F
169:INOV,Innovator International Developed Power Buffer ETF – November
169:INQQ,INQQ The India Internet ETF
169:INR,Infinity Natural
169:INSP,Inspire Medical
169:INSW,International Seaways
169:INTF,iShares International Equity Factor ETF
169:INVG,GMO Systematic Investment Grade Credit ETF
169:INVH,Invitation Homes
169:INVN,Alger Russell Innovation ETF
169:INVX,Innovex
169:IOCT,Innovator International Developed Power Buffer ETF - October
169:ION,ProShares S&P Global Core Battery Metals ETF
169:IONQ,IonQ
169:IONQ.WS,
169:IOO,iShares Global 100 ETF
169:IOPP,Simplify Tara India Opportunities ETF
169:IOT,Samsara
169:IP,International Paper
169:IPAC,iShares Core MSCI Pacific ETF
169:IPAY,Amplify Digital Payments ETF
169:IPB,Merrill Lynch Depositor Pref Series 2003-1
169:IPI,Intrepid Potash
169:IPO,Renaissance IPO ETF
169:IPOS,Renaissance International IPO ETF
169:IQDF,FlexShares International Quality Dividend Index Fund
169:IQDY,FlexShares International Quality Dividend Dynamic Index Fund
169:IQHI,NYLI MacKay High Income ETF
169:IQI,Invesco Quality Municipal Income Trust
169:IQLT,iShares MSCI Intl Quality Factor ETF
169:IQMM,ProShares GENIUS Money Market ETF
169:IQRA,NYLI CBRE Real Assets ETF
169:IQSI,NYLI Candriam International Equity ETF
169:IQSM,NYLI Candriam U.S. Mid Cap Equity ETF
169:IQSU,NYLI Candriam U.S. Large Cap Equity ETF
169:IQSZ,Invesco Global Equity Net Zero ETF
169:IQV,IQVIA
169:IR,Ingersoll Rand
169:IRAB,Iris Acquisition
169:IRAB.U,Iris Acquisition-U
169:IRAB.WS,
169:IRE,Defiance Daily Target 2X Long IREN ETF
169:IRET,iREIT MarketVector Quality REIT Index ETF
169:IRM,Iron Mountain
169:IRS,IRSA Investments
169:IRS.WS,
169:IRT,Independence Realty
169:IRTR,iShares LifePath Retirement ETF
169:IRVH,Global X Interest Rate Volatility & Inflation Hedge ETF
169:ISCB,iShares Morningstar Small-Cap ETF
169:ISCF,iShares International Small-Cap Equity Factor ETF
169:ISCG,iShares Morningstar Small-Cap Growth ETF
169:ISCV,iShares Morningstar Small-Cap Value ETF
169:ISD,Pgim High Yield Bond Fund
169:ISEP,Innovator International Developed Power Buffer ETF – September
169:ISMD,Inspire Small/Mid Cap ETF
169:ISRA,VanEck Israel ETF
169:ISWN,Amplify BlackSwan ISWN ETF
169:IT,Gartner
169:ITAN,Sparkline Intangible Value ETF
169:ITDB,iShares LifePath Target Date 2030 ETF
169:ITDC,iShares LifePath Target Date 2035 ETF
169:ITDD,iShares LifePath Target Date 2040 ETF
169:ITDE,iShares LifePath Target Date 2045 ETF
169:ITDF,iShares LifePath Target Date 2050 ETF
169:ITDG,iShares LifePath Target Date 2055 ETF
169:ITDH,iShares LifePath Target Date 2060 ETF
169:ITDI,iShares LifePath Target Date 2065 ETF
169:ITDJ,iShares LifePath Target Date 2070 ETF
169:ITEQ,Amplify BlueStar Israel Technology ETF
169:ITGR,Integer Holdings
169:ITOT,iShares Core S&P Total U.S. Stock Market ETF
169:ITT,ITT
169:ITUB,Itau Unibanco Pref ADR
169:ITW,Illinois Tool Works
169:IVE,iShares S&P 500 Value ETF
169:IVES,Dan IVES Wedbush AI Revolution ETF
169:IVLU,iShares MSCI Intl Value Factor ETF
169:IVOG,Vanguard S&P Mid-Cap 400 Growth ETF
169:IVOL,Quadratic Interest Rate Volatility and Inflation Hedge ETF
169:IVOO,Vanguard S&P Mid-Cap 400 ETF
169:IVOV,Vanguard S&P Mid-Cap 400 Value ETF
169:IVR,Invesco Mortgage Capital
169:IVRS,iShares Future Metaverse Tech and Communications ETF
169:IVRpC,Invesco Mortgage Capital Pref C
169:IVT,Inventrust
169:IVV,iShares Core S&P 500 ETF
169:IVW,iShares S&P 500 Growth ETF
169:IVZ,Invesco
169:IWB,iShares Russell 1000 ETF
169:IWC,iShares Micro-Cap ETF
169:IWD,iShares Russell 1000 Value ETF
169:IWDL,ETRACS 2x Leveraged US Value Factor TR ETN
169:IWF,iShares Russell 1000 Growth ETF
169:IWFG,NYLI Winslow Focused Large Cap Growth ETF
169:IWFL,ETRACS 2x Leveraged US Growth Factor TR ETN
169:IWL,iShares Russell Top 200 ETF
169:IWLG,NYLI Winslow Large Cap Growth ETF
169:IWM,iShares Russell 2000 ETF
169:IWML,ETRACS 2x Leveraged US Size Factor TR ETN
169:IWMY,Defiance R2000 Weekly Distribution ETF
169:IWN,iShares Russell 2000 Value ETF
169:IWO,iShares Russell 2000 Growth ETF
169:IWP,iShares Russell Mid-Cap Growth ETF
169:IWR,iShares Russell Mid-Cap ETF
169:IWS,iShares Russell Mid-Cap Value ETF
169:IWV,iShares Russell 3000 ETF
169:IWX,iShares Russell Top 200 Value ETF
169:IWY,iShares Russell Top 200 Growth ETF
169:IX,ORIX
169:IXC,iShares Global Energy ETF
169:IXG,iShares Global Financials ETF
169:IXJ,iShares Global Healthcare ETF
169:IXN,iShares Global Tech ETF
169:IXP,iShares Global Comm Services ETF
169:IYC,iShares U.S. Consumer Discretionary ETF
169:IYE,iShares U.S. Energy ETF
169:IYF,iShares U.S. Financials ETF
169:IYG,iShares U.S. Financial Services ETF
169:IYH,iShares U.S. Healthcare ETF
169:IYK,iShares U.S. Consumer Staples ETF
169:IYM,iShares U.S. Basic Materials ETF
169:IYR,iShares U.S. Real Estate ETF
169:IYW,iShares U.S. Technology ETF
169:IYY,iShares Dow Jones U.S. ETF
169:J,Jacobs Solutions
169:JA,Janus Henderson AA-A CLO ETF
169:JAAA,Janus Henderson AAA CLO ETF
169:JABS,Janus Henderson Asset-Backed Securities ETF
169:JACS,Jackson Acquisition
169:JACS.U,Jackson Acquisition-U
169:JACSr,
169:JADE,JPMorgan Active Developing Markets Equity ETF
169:JAVA,JPMorgan Active Value ETF
169:JBGS,Jbg Smith
169:JBI,Janus International
169:JBK,Goldman Sachs Capital I Pref
169:JBL,Jabil
169:JBND,JPMorgan Active Bond ETF
169:JBS,JBS
169:JBTM,JBT Marel
169:JCE,Nuveen Core Equity
169:JCHI,JPMorgan Active China ETF
169:JCI,Johnson Controls
169:JDIV,JPMorgan Dividend Leaders ETF
169:JDST,Direxion Daily Junior Gold Miners Index Bear 2X ETF
169:JDVI,John Hancock Disciplined Value International Select ETF
169:JDVL,John Hancock Disciplined Value Select ETF
169:JEDI,Defiance Drone and Modern Warfare ETF
169:JEF,Jefferies Financial
169:JELD,Jeld-wen Holding
169:JEMB,Janus Henderson Emerging Markets Debt Hard Currency ETF
169:JENA,Jena II
169:JENA.U,Jena II-U
169:JENAr,
169:JEPI,JPMorgan Equity Premium Income ETF
169:JETD,MAX Airlines -3X Inverse Leveraged ETNs
169:JETS,U.S. Global Jets ETF
169:JETU,MAX Airlines 3X Leveraged ETNs
169:JFLI,JPMorgan Flexible Income ETF
169:JFLX,JPMorgan Flexible Debt ETF
169:JFR,Nuveen Floating Rate Income Fund
169:JGH,Nuveen Global High Income Fund
169:JGRO,JPMorgan Active Growth ETF
169:JGRW,Jensen Quality Growth ETF
169:JHAC,John Hancock Fundamental All Cap Core ETF
169:JHCB,John Hancock Corporate Bond ETF
169:JHCP,John Hancock Core Plus Bond ETF
169:JHCR,John Hancock Core Bond ETF
169:JHDV,John Hancock U.S. High Dividend ETF
169:JHEM,John Hancock Multifactor Emerging Markets ETF
169:JHG,Janus Henderson
169:JHHY,John Hancock High Yield ETF
169:JHI,John Hancock Investors Trust
169:JHID,John Hancock International High Dividend ETF
169:JHLN,John Hancock Global Senior Loan ETF
169:JHMB,John Hancock Mortgage-Backed Securities ETF
169:JHMD,John Hancock Multifactor Developed International ETF
169:JHML,John Hancock Multifactor Large Cap ETF
169:JHMM,John Hancock Multifactor Mid Cap ETF
169:JHMU,John Hancock Dynamic Municipal Bond ETF
169:JHPI,John Hancock Preferred Income ETF
169:JHS,John Hancock Income Securities Trust
169:JHSC,John Hancock Multifactor Small Cap ETF
169:JHX,James Hardie Industries
169:JIDE,JPMorgan International Dynamic ETF
169:JIG,JPMorgan International Growth ETF
169:JIII,Janus Henderson Income ETF
169:JILL,J.Jill
169:JIRE,JPMorgan International Research Enhanced Equity ETF
169:JKS,JinkoSolar Holding
169:JLL,Jones Lang LaSalle
169:JLQD,Janus Henderson Corporate Bond ETF
169:JLS,Nuveen Mortgage & Income Fund
169:JMBS,Janus Henderson Mortgage-Backed Securities ETF
169:JMEE,JPMorgan Small & Mid Cap Enhanced Equity ETF
169:JMHI,JPMorgan High Yield Municipal ETF
169:JMIA,Jumia Technologies
169:JMM,Nuveen Multi-Market Income Fund
169:JMMF,JPMorgan 100% U.S. Treasury Securities Money Market ETF
169:JMOM,JPMorgan U.S. Momentum Factor ETF
169:JMSI,JPMorgan Sustainable Municipal Income ETF
169:JMTG,JPMorgan Mortgage-Backed Securities ETF
169:JNJ,Johnson & Johnson
169:JNK,State Street SPDR Bloomberg High Yield Bond ETF
169:JNUG,Direxion Daily Junior Gold Miners Index Bull 2X ETF
169:JOBY,Joby Aviation
169:JOBY.WS,
169:JOE,The St. Joe
169:JOET,Virtus Terranova U.S. Quality Momentum ETF
169:JOF,Japan Smaller Capitalization Fund
169:JOJO,ATAC Credit Rotation ETF
169:JPAN,Matthews Japan Active ETF
169:JPC,Nuveen Preferred & Income Opportunities Fund
169:JPEM,JPMorgan Diversified Return Emerging Markets Equity ETF
169:JPIE,JPMorgan Income ETF
169:JPIN,JPMorgan Diversified Return International Equity ETF
169:JPM,Jpmorgan Chase
169:JPMB,JPMorgan USD Emerging Markets Sovereign Bond ETF
169:JPME,JPMorgan Diversified Return U.S. Mid Cap Equity ETF
169:JPMpC,Jpmorgan Chase Pref EE ADR
169:JPMpD,Jpmorgan Chase Pref D ADR
169:JPMpJ,Jpmorgan Chase Pref J ADR
169:JPMpK,Jpmorgan Chase Pref K ADR
169:JPMpL,Jpmorgan Chase Pref LL ADR
169:JPMpM,Jpmorgan Chase Pref MM ADR
169:JPO,YieldMax JP Option Income Strategy ETF
169:JPRE,JPMorgan Realty Income ETF
169:JPSE,JPMorgan Diversified Return U.S. Small Cap Equity ETF
169:JPST,JPMorgan Ultra-Short Income ETF
169:JPSV,JPMorgan Active Small Cap Value ETF
169:JPUS,JPMorgan Diversified Return U.S. Equity ETF
169:JPXN,iShares JPX-Nikkei 400 ETF
169:JQC,Nuveen Credit Strategies Income Fund
169:JQUA,JPMorgan U.S. Quality Factor ETF
169:JRE,Janus Henderson U.S. Real Estate ETF
169:JRI,Nuveen Real Asset Income & Growth Fund
169:JRS,Nuveen Real Estate Income Fund
169:JSCP,JPMorgan Short Duration Core Plus ETF
169:JSI,Janus Henderson Securitized Income ETF
169:JSTC,Adasina Social Justice All Cap Global ETF
169:JUSA,JPMorgan U.S. Research Enhanced Large Cap ETF
169:JUST,Goldman Sachs JUST U.S. Large Cap Equity ETF
169:JVAL,JPMorgan U.S. Value Factor ETF
169:JXI,iShares Global Utilities ETF
169:JXN,Jackson Financial
169:JXNpA,Jackson Pref A ADR
169:KAI,Kadant
169:KARS,KraneShares Electric Vehicles and Future Mobility Index ETF
169:KB,Kb Financial Group
169:KBA,KraneShares Bosera MSCI China A 50 Connect Index ETF
169:KBDC,Kayne Anderson
169:KBE,State Street SPDR S&P Bank ETF
169:KBFR,Innovator U.S. Small Cap Managed 10 Buffer ETF
169:KBH,KB Home
169:KBR,KBR
169:KBUF,KraneShares 90% KWEB Defined Outcome January 2027 ETF
169:KCAC.U,Kensington VI-U
169:KCAI,KraneShares China Alpha Index ETF
169:KCCA,KraneShares California Carbon Allowance Strategy ETF
169:KCE,State Street SPDR S&P Capital Markets ETF
169:KCSH,KraneShares Sustainable Ultra Short Duration Index ETF
169:KD,Kyndryl Holdings
169:KDEF,PLUS Korea Defense Industry Index ETF
169:KDRN,Kingsbarn Tactical Bond ETF
169:KDVD,Keeley Dividend ETF
169:KEMQ,KraneShares Emerging Markets Consumer Technology Index ETF
169:KEMX,KraneShares MSCI Emerging Markets ex China Index ETF
169:KEN,Kenon Holdings
169:KEP,Korea Electric Power
169:KEX,Kirby
169:KEY,Keycorp
169:KEYS,Keysight
169:KEYpI,Keycorp Pref E ADR
169:KEYpJ,Keycorp Pref F ADR
169:KEYpK,Keycorp Pref G ADR
169:KEYpL,Keycorp Pref H ADR
169:KF,Korea Fund
169:KFRC,Kforce
169:KFS,Kingsway Financial Services
169:KFY,Korn Ferry
169:KGC,Kinross Gold
169:KGRN,KraneShares MSCI China Clean Technology Index ETF
169:KGS,Kodiak Gas
169:KHYB,KraneShares Asia Pacific High Income USD Bond ETF
169:KIE,State Street SPDR S&P Insurance ETF
169:KIM,Kimco Realty
169:KIMpL,Kimco Realty Pref L ADR
169:KIMpM,Kimco Realty Pref M ADR
169:KIMpN,Kimco Realty Pref N ADR
169:KIO,KKR Income
169:KKR,Kkr
169:KKRpD,Kkr Pref D
169:KLAR,Klarna
169:KLC,KinderCare Learning
169:KLIP,KraneShares KWEB Covered Call Strategy ETF
169:KLMN,Invesco MSCI North America Climate ETF
169:KLMT,Invesco MSCI Global Climate 500 ETF
169:KMI,Kinder Morgan
169:KMID,Virtus KAR Mid-Cap ETF
169:KMLM,KraneShares Mount Lucas Managed Futures Index Strategy ETF
169:KMPR,Kemper
169:KMT,Kennametal
169:KMX,Carmax
169:KN,Knowles
169:KNCT,Invesco Next Gen Connectivity ETF
169:KNF,Knife River
169:KNO,AXS Knowledge Leaders ETF
169:KNOP,KNOT Offshore
169:KNRG,Simplify Kayne Anderson Energy and Infrastructure Credit ETF
169:KNSL,Kinsale Capital
169:KNTK,Kinetik Holdings
169:KNX,Knight-Swift
169:KO,The Coca-Cola
169:KODK,Eastman Kodak
169:KOF,Coca-Cola FEMSA
169:KOKU,Xtrackers MSCI Kokusai Equity ETF
169:KOLD,ProShares UltraShort Bloomberg Natural Gas
169:KOMP,State Street SPDR S&P Kensho New Economies Composite ETF
169:KOOL,North Shore Equity Rotation ETF
169:KOP,Koppers Holdings
169:KORE,KORE Group Holdings
169:KORP,American Century Diversified Corporate Bond ETF
169:KORU,Direxion Daily MSCI South Korea Bull 3X ETF
169:KOS,Kosmos Energy
169:KPHO,KraneShares Dragon Capital Vietnam Growth Index ETF
169:KPRO,KraneShares 100% KWEB Defined Outcome January 2027 ETF
169:KR,The Kroger
169:KRBN,KraneShares Global Carbon Strategy ETF
169:KRC,Kilroy Realty
169:KRE,State Street SPDR S&P Regional Banking ETF
169:KREF,KKR Real Estate
169:KREFpA,KKR Real Pref A
169:KRG,Kite Realty Group Trust
169:KRMN,Karman Holdings
169:KRO,Kronos Worldwide
169:KRP,Kimbell Royalty
169:KRSP,Rice 3
169:KRSP.U,Rice 3-U
169:KRSP.WS,
169:KRYP,ProShares CoinDesk 20 Crypto ETF
169:KSA,iShares MSCI Saudi Arabia ETF
169:KSPY,KraneShares Hedgeye Hedged Equity Index ETF
169:KSS,Kohl'S
169:KSTR,KraneShares SSE Star Market 50 Index ETF
169:KT,KT
169:KTB,Kontoor Brands
169:KTEC,KraneShares Hang Seng TECH Index ETF
169:KTF,Dws Municipal Income Trust
169:KTH,Structured Products Pref
169:KTN,Structured Products Pref 8%
169:KURE,KraneShares MSCI All China Health Care Index ETF
169:KVLE,KraneShares Value Line Dynamic Dividend Equity Index ETF
169:KVUE,Kenvue
169:KVYO,Klaviyo
169:KW,Kennedy-Wilson
169:KWEB,KraneShares CSI China Internet ETF
169:KWIN,KraneShares Wahed Alternative Income Index ETF
169:KWR,Quaker Chemical
169:KXI,iShares Global Consumer Staples ETF
169:KYN,Kayne Anderson Energy Infrastructure Fund
169:L,Loews
169:LABD,Direxion Daily S&P Biotech Bear 3X ETF
169:LABU,Direxion Daily S&P Biotech Bull 3X ETF
169:LAC,Lithium
169:LAD,Lithia Motors
169:LADR,Ladder Capital
169:LALT,First Trust Multi-Strategy Alternative ETF
169:LANV,Lanvin Group
169:LANV.WS,
169:LAR,Lithium Argentina
169:LAW,CS Disco
169:LAZ,Lazard
169:LB,LandBridge
169:LBAY,Leatherback Long/Short Alternative Yield ETF
169:LBRT,Liberty Energy
169:LC,Lendingclub
169:LCII,LCI Industries
169:LCLG,Logan Capital Broad Innovative Growth ETF
169:LCO,LOGIQ Contrarian Opportunities ETF
169:LCR,Leuthold Core ETF
169:LCTD,iShares World ex U.S. Carbon Transition Readiness Aware Active ETF
169:LCTU,iShares U.S. Carbon Transition Readiness Aware Active ETF
169:LDI,loanDepot
169:LDOS,Leidos Holdings
169:LDP,Cohen & Steers Ltd Duration Preferred & Income Fund
169:LDRC,iShares iBonds 1-5 Year Corporate Ladder ETF
169:LDRH,iShares iBonds 1-5 Year High Yield and Income Ladder ETF
169:LDRI,iShares iBonds 1-5 Year TIPS Ladder ETF
169:LDRT,iShares iBonds 1-5 Year Treasury Ladder ETF
169:LDUR,PIMCO Enhanced Low Duration Active Exchange-Traded Fund
169:LEA,Lear
169:LEG,Leggett & Platt
169:LEMB,iShares J.P. Morgan EM Local Currency Bond ETF
169:LEN,Lennar
169:LEN.B,Lennar B
169:LEO,Bny Mellon Strategic Municipals
169:LEU,Centrus Energy
169:LEVI,Levi Strauss
169:LFEQ,VanEck Long/Flat Trend ETF
169:LFGY,YieldMax Crypto Industry & Tech Portfolio Option Income ETF
169:LFT,Lument Finance
169:LFTpA,Lument Finance Pref A
169:LGDX,Intech S&P Large Cap Diversified Alpha ETF
169:LGH,HCM Defender 500 Index ETF
169:LGHT,Langar Global HealthTech ETF
169:LGI,Lazard Global Total Return and Income Fund
169:LGLV,State Street SPDR US Large Cap Low Volatility Index ETF
169:LGOV,First Trust Long Duration Opportunities ETF
169:LH,Labcorp
169:LHX,L3Harris
169:LII,Lennox
169:LION,Lionsgate Studios
169:LIT,Global X Lithium & Battery Tech ETF
169:LITB,Lightinthebox Holding
169:LITL,Simplify Piper Sandler US Small-Cap PLUS Income ETF
169:LLDR,Global X Long-Term Treasury Ladder ETF
169:LLY,Eli Lilly
169:LLYX,Defiance Daily Target 2X Long LLY ETF
169:LMBO,Direxion Daily Crypto Industry Bull 2X ETF
169:LMND,Lemonade
169:LMT,Lockheed Martin
169:LMUB,iShares Long-Term National Muni Bond ETF
169:LNC,Lincoln National
169:LNCpD,Lincoln National Pref D ADR
169:LND,BrasilAgro – Brazilian Agricultural Real Estate
169:LNG,Cheniere Energy
169:LNGX,Global X U.S. Natural Gas ETF
169:LNN,Lindsay
169:LOAR,Loar
169:LOB,Live Oak Bancshares
169:LOBpA,Live Oak Bancshares Pref A ADR
169:LOCL,Local Bounti
169:LODI,AAM SLC Low Duration Income ETF
169:LOMA,Loma Negra
169:LONZ,PIMCO Senior Loan Active Exchange-Traded Fund
169:LOPP,Gabelli Love Our Planet & People ETF
169:LOUP,Innovator Deepwater Frontier Tech ETF
169:LOW,Lowe's Companies
169:LOWV,AB US Low Volatility Equity ETF
169:LPG,Dorian LPG
169:LPL,LG Display
169:LPRE,Long Pond Real Estate Select ETF
169:LPX,Louisiana-Pacific
169:LQAI,LG QRAFT AI-Powered U.S. Large Cap Core ETF
169:LQD,iShares iBoxx USD Investment Grade Corporate Bond ETF
169:LQDB,iShares BBB Rated Corporate Bond ETF
169:LQDH,iShares Interest Rate Hedged Corporate Bond ETF
169:LQIG,State Street SPDR MarketAxess Investment Grade 400 Corporate Bond ETF
169:LQPE,PEO AlphaQuest Thematic PE ETF
169:LQTI,FT Vest Investment Grade & Target Income ETF
169:LRGC,AB US Large Cap Strategic Equities ETF
169:LRGF,iShares US Equity Factor ETF
169:LRGG,Nomura Focused Large Growth ETF
169:LRN,Stride
169:LRNZ,"TrueShares Technology, AI & Deep Learning ETF"
169:LSAF,LeaderShares AlphaFactor U.S. Core Equity ETF
169:LSAT,LeaderShares AlphaFactor Tactical Focused ETF
169:LSEQ,Harbor Long-Short Equity ETF
169:LSGR,Natixis Loomis Sayles Focused Growth ETF
169:LSPD,Lightspeed
169:LST,Leuthold Select Industries ETF
169:LSVD,LSV Disciplined Value ETF
169:LTAX,Nomura Tax-Free USA ETF
169:LTC,LTC Properties
169:LTH,Life Time Group
169:LTL,ProShares Ultra Communication Services
169:LTM,LATAM Airlines
169:LTPZ,PIMCO 15+ Year U.S. TIPS Index Exchange-Traded Fund
169:LTTI,FT Vest 20+ Year Treasury & Target Income ETF
169:LU,Lufax
169:LUCK,Lucky Strike
169:LUMN,Lumen Technologies
169:LUV,Southwest Airlines
169:LUXE,Emles Luxury Goods ETF
169:LVLN,State Street SPDR S&P Leveraged Loan ETF
169:LVS,Las Vegas Sands
169:LVWR,LiveWire Group
169:LVWR.WS,
169:LW,Lamb Weston Holdings
169:LXFR,Luxfer Holdings
169:LXP,LXP Industrial Trust
169:LXPpC,LXP Industrial Pref C
169:LXU,LSB Industries
169:LYB,Lyondellbasell Industries
169:LYG,Lloyds Banking Group
169:LYV,Live Nation
169:LZB,La-Z-Boy
169:LZM,Lifezone Metals
169:LZM.WS,
169:M,Macy's
169:MA,Mastercard
169:MAA,Mid-America Apartment Communities
169:MAApI,Mid-America Apartment Communities Pref I
169:MAC,The Macerich
169:MADE,iShares U.S. Manufacturing ETF
169:MAGG,Madison Aggregate Bond ETF
169:MAGN,Magnera
169:MAIN,Main Street Capital
169:MAKX,ProShares S&P Kensho Smart Factories ETF
169:MAN,ManpowerGroup
169:MANE,VeraDermics
169:MANI,Man Active Income ETF
169:MANU,Manchester United
169:MAPP,Harbor Multi-Asset Explorer ETF
169:MARB,First Trust Merger Arbitrage ETF
169:MARO,YieldMax MARA Option Income Strategy ETF
169:MAS,Masco
169:MATV,Mativ Holdings
169:MATX,Matson
169:MAVF,Matrix Advisors Value ETF
169:MAX,Mediaalpha
169:MBC,MasterBrand
169:MBI,Mbia
169:MBOX,Freedom Day Dividend ETF
169:MBSD,FlexShares Disciplined Duration MBS Index Fund
169:MBSF,Regan Floating Rate MBS ETF
169:MBSX,Regan Fixed Rate MBS ETF
169:MC,Moelis A
169:MCB,Metropolitan
169:MCD,Mcdonald's
169:MCH,Matthews China Active ETF
169:MCI,Barings Corporate Investors
169:MCK,McKesson
169:MCN,XAI Madison Equity Premium Income Fund
169:MCO,Moody'S
169:MCR,Mfs Charter Income Trust
169:MCS,The Marcus
169:MCY,Mercury General
169:MD,Pediatrix Medical
169:MDA,MDA Space
169:MDAA,Myriad Dynamic Asset Allocation ETF
169:MDST,Westwood Salient Enhanced Midstream Income ETF
169:MDT,Medtronic
169:MDU,MDU Resources Group
169:MDV,Modiv
169:MDVpA,Modiv Pref A
169:MDY,State Street SPDR S&P MidCap 400 ETF Trust
169:MDYG,State Street SPDR S&P 400 Mid Cap Growth ETF
169:MDYV,State Street SPDR S&P 400 Mid Cap Value ETF
169:MEC,Mayville Engineering
169:MED,Medifast
169:MEDI,Harbor Health Care ETF
169:MEG,Montrose
169:MEGI,NYLI CBRE
169:MEI,Methode Electronics
169:MEM,Matthews Emerging Markets Equity Active ETF
169:MEME,Roundhill Meme Stock ETF
169:MEMX,Matthews Emerging Markets ex China Active ETF
169:MET,MetLife
169:METV,Roundhill Ball Metaverse ETF
169:METpA,MetLife Pref A
169:METpE,MetLife Pref E ADR
169:METpF,MetLife Pref F ADR
169:MEXX,Direxion Daily MSCI Mexico Bull 3X ETF
169:MFA,MFA Financial
169:MFApB,MFA Financial Pref B
169:MFApC,MFA Financial Pref C
169:MFC,Manulife Financial
169:MFDX,PIMCO RAFI Dynamic Multi-Factor International Equity ETF
169:MFEM,PIMCO RAFI Dynamic Multi-Factor Emerging Markets Equity ETF
169:MFG,Mizuho Financial Group
169:MFM,Mfs Municipal Income Trust
169:MFSB,MFS Active Core Plus Bond ETF
169:MFSG,MFS Active Growth ETF
169:MFSI,MFS Active International ETF
169:MFSM,MFS Active Intermediate Muni Bond ETF
169:MFSV,MFS Active Value ETF
169:MFUS,PIMCO RAFI Dynamic Multi-Factor U.S. Equity ETF
169:MG,Mistras Group
169:MGA,Magna International
169:MGC,Vanguard Mega Cap ETF
169:MGF,Mfs Government
169:MGK,Vanguard Mega Cap Growth ETF
169:MGM,Mgm Resorts International
169:MGMT,Ballast Small/Mid Cap ETF
169:MGNR,American Beacon GLG Natural Resources ETF
169:MGOV,First Trust Intermediate Government Opportunities ETF
169:MGV,Vanguard Mega Cap Value ETF
169:MGY,Magnolia Oil & Gas
169:MH,McGraw Hill
169:MHD,Blackrock Muniholdings Fund
169:MHF,Western Asset Municipal High Income Fund
169:MHK,Mohawk Industries
169:MHO,M/I Homes
169:MHY,Man Active High Yield ETF
169:MIAX,Miami International
169:MICC,Magnum
169:MID,American Century Mid Cap Growth Impact ETF
169:MIDE,Xtrackers S&P MidCap 400 Scored & Screened ETF
169:MIDU,Direxion Daily Mid Cap Bull 3X ETF
169:MIGO,MIG Core ETF
169:MIN,Mfs Intermediate Income Trust
169:MINO,PIMCO Municipal Income Opportunities Active Exchange-Traded Fund
169:MINT,PIMCO Enhanced Short Maturity Active Exchange-Traded Fund
169:MINV,Matthews Asia Innovators Active ETF
169:MINY,YieldMax Strategic Metals & Mining Portfolio Option Income ETF
169:MIR,Mirion Technologies
169:MISL,First Trust Indxx Aerospace & Defense ETF
169:MITT,TPG Mortgage
169:MITTpA,TPG Mortgage Pref A
169:MITTpB,TPG Mortgage Pref B
169:MITTpC,TPG Mortgage Pref C
169:MIY,Blackrock Muniyield Michigan Quality Fund
169:MJ,Amplify Alternative Harvest ETF
169:MJSC,MUFG Japan Small Cap Active ETF
169:MKC,McCormick
169:MKC.V,McCormick V
169:MKL,Markel Group
169:MKOR,Matthews Korea Active ETF
169:MKTN,Federated Hermes MDT Market Neutral ETF
169:MLDR,Global X Intermediate-Term Treasury Ladder ETF
169:MLI,Mueller Industries
169:MLM,Martin Marietta
169:MLP,Maui Land & Pineapple
169:MLPA,Global X MLP ETF
169:MLPB,ETRACS Alerian MLP Infrastructure Index ETN Series B
169:MLPD,Global X MLP & Energy Infrastructure Covered Call ETF
169:MLPR,ETRACS Quarterly Pay 1.5X Leveraged Alerian MLP Index ETN
169:MLPX,Global X MLP & Energy Infrastructure ETF
169:MLR,Miller Industries
169:MMCA,NYLI MacKay California Muni Intermediate ETF
169:MMD,NYLI MacKay
169:MMI,Marcus & Millichap
169:MMID,MFS Active Mid Cap ETF
169:MMIN,NYLI MacKay Muni Insured ETF
169:MMIT,NYLI MacKay Muni Intermediate ETF
169:MMK,State Street Prime Money Market ETF
169:MMKT,Texas Capital Government Money Market ETF
169:MMLG,First Trust Multi-Manager Large Growth ETF
169:MMM,3M
169:MMMA,NYLI MacKay Muni Allocation ETF
169:MMS,Maximus
169:MMSC,First Trust Multi-Manager Small Cap Opportunities ETF
169:MMSD,NYLI MacKay Muni Short Duration ETF
169:MMT,Mfs Multimarket Income Trust
169:MMTM,State Street SPDR S&P 1500 Momentum Tilt ETF
169:MMU,Western Asset Managed Municipals Fund
169:MNA,NYLI Merger Arbitrage ETF
169:MNBD,ALPS Intermediate Municipal Bond ETF
169:MNR,Mach Natural
169:MNRS,Grayscale Bitcoin Miners ETF
169:MNSO,MNSO
169:MNTN,MNTN
169:MO,Altria Group
169:MOD,Modine Manufacturing
169:MOG.A,Moog A
169:MOG.B,Moog B
169:MOGU,Mogu
169:MOH,Molina Healthcare
169:MOO,VanEck Agribusiness ETF
169:MORT,VanEck Mortgage REIT Income ETF
169:MOS,The Mosaic
169:MOTO,Guinness Atkinson Smart Transportation & Technology ETF
169:MOV,Movado Group
169:MP,MP Materials
169:MPA,Blackrock Muniyield Pennsylvania Quality Fund
169:MPC,Marathon Petroleum
169:MPL,Defiance Daily Target 2X Long MP ETF
169:MPLX,Mplx
169:MPT,Medical Properties
169:MPV,Barings Participation Investors
169:MPX,Marine Products
169:MQY,Blackrock Muniyield Quality Fund
169:MRK,Merck
169:MRNX,Defiance Daily Target 2X Long MRNA ETF
169:MRNY,YieldMax MRNA Option Income Strategy ETF
169:MRP,Millrose Properties
169:MRSH,Marsh & Mclennan
169:MRSK,Toews Agility Shares Managed Risk ETF
169:MS,Morgan Stanley
169:MSA,MSA Safety
169:MSB,Mesabi Trust
169:MSC,Studio City International Holdings
169:MSCI,Msci
169:MSD,Morgan Stanley Emerging Markets Debt Fund
169:MSDL,Morgan Stanley Direct Lending Fund
169:MSFO,YieldMax MSFT Option Income Strategy ETF
169:MSGE,Madison Square
169:MSGS,Madison Square Garden Sports
169:MSI,Motorola Solutions
169:MSIF,MSC Income
169:MSLC,Morgan Stanley Pathway - Large Cap Equity ETF
169:MSM,MSC Industrial Direct
169:MSOS,AdvisorShares Pure US Cannabis ETF
169:MSOX,AdvisorShares MSOS Daily Leveraged ETF
169:MSSM,Morgan Stanley Pathway - Small-Mid Cap Equity ETF
169:MSTI,Madison Short Term Strategic Income ETF
169:MSTY,YieldMax MSTR Option Income Strategy ETF
169:MSpA,Morgan Stanley Pref A ADR
169:MSpE,Morgan Stanley Pref E ADR
169:MSpF,Morgan Stanley Pref F ADR
169:MSpI,Morgan Stanley Pref I ADR
169:MSpK,Morgan Stanley Pref K ADR
169:MSpL,Morgan Stanley Pref L ADR
169:MSpO,Morgan Stanley Pref O ADR
169:MSpP,Morgan Stanley Pref P ADR
169:MSpQ,Morgan Stanley Pref Q ADR
169:MT,Arcelormittal
169:MTAL.U,Metals II-U
169:MTB,M&T Bank
169:MTBA,Simplify MBS ETF
169:MTBpH,M&T Bank Pref H
169:MTBpJ,M&T Bank Pref J ADR
169:MTBpK,M&T Bank Pref K ADR
169:MTD,Mettler-Toledo
169:MTDR,Matador Resources
169:MTG,Mgic Investment
169:MTGP,WisdomTree Mortgage Plus Bond Fund
169:MTH,Meritage Homes
169:MTN,Vail Resorts
169:MTR,Mesa Royalty Trust
169:MTRN,Materion
169:MTUL,ETRACS 2x Leveraged MSCI US Momentum Factor TR ETN
169:MTUS,Metallus
169:MTW,The Manitowoc
169:MTX,Minerals
169:MTZ,MasTec
169:MUA,Blackrock Muniassets Fund
169:MUB,iShares National Muni Bond ETF
169:MUC,Blackrock Muniholdings California Quality Fund
169:MUFG,Mitsubishi Ufj
169:MUJ,Blackrock Muniholdings New Jersey Quality Fund
169:MUNA,Northern Trust 2030 Tax-Exempt Distributing Ladder ETF
169:MUNB,Northern Trust 2035 Tax-Exempt Distributing Ladder ETF
169:MUNC,Northern Trust 2045 Tax-Exempt Distributing Ladder ETF
169:MUND,Northern Trust 2055 Tax-Exempt Distributing Ladder ETF
169:MUNI,PIMCO Intermediate Municipal Bond Active Exchange-Traded Fund
169:MUNX,AMG GW&K Muni Income ETF
169:MUR,Murphy Oil
169:MUSA,Murphy USA
169:MUSE,TCW Multisector Credit Income ETF
169:MUSI,American Century Multisector Income ETF
169:MUSQ,MUSQ Global Music Industry Index ETF
169:MUST,Columbia Multi-Sector Municipal Income ETF
169:MUX,McEwen
169:MVO,Mv Oil Trust
169:MVPA,Miller Value Partners Appreciation ETF
169:MVPL,Miller Value Partners Leverage ETF
169:MVRL,ETRACS Monthly Pay 1.5X Leveraged Mortgage REIT ETN
169:MVV,ProShares Ultra MidCap400
169:MWA,Mueller Water Products
169:MX,Magnachip Semiconductor
169:MXE,Mexico Equity & Income Fund
169:MXF,Mexico Fund
169:MXI,iShares Global Materials ETF
169:MYE,Myers
169:MYI,Blackrock Muniyield Quality Fund III
169:MYN,Blackrock Muniyield New York Quality Fund
169:MYY,ProShares Short MidCap400
169:MZYX.U,MOZAYYX Acquisition-U
169:MZZ,ProShares UltraShort MidCap400
169:NABL,N-able
169:NAC,Nuveen California Quality Municipal Income Fund
169:NACP,Impact Shares NAACP Minority Empowerment ETF
169:NAD,Nuveen Quality Municipal Income Fund
169:NAIL,Direxion Daily Homebuilders & Supplies Bull 3X ETF
169:NAN,Nuveen New York Quality Municipal Income Fund
169:NANR,State Street SPDR S&P North American Natural Resources ETF
169:NAT,Nordic American
169:NATL,NCR Atleos
169:NAZ,Nuveen Arizona Quality Municipal Income Fund
169:NBB,Nuveen Taxable
169:NBCE,Neuberger China Equity ETF
169:NBCM,Neuberger Commodity Strategy ETF
169:NBCR,Neuberger Core Equity ETF
169:NBDS,Neuberger Disrupters ETF
169:NBET,Neuberger Energy Transition & Infrastructure ETF
169:NBFC,Neuberger Flexible Credit Income ETF
169:NBFR,Innovator Nasdaq-100 Managed 10 Buffer ETF
169:NBGX,Neuberger Growth ETF
169:NBHC,National Bank
169:NBIE,Neuberger International Core Equity ETF
169:NBJP,Neuberger Japan Equity ETF
169:NBOS,Neuberger Option Strategy ETF
169:NBR,Nabors Industries
169:NBSD,Neuberger Short Duration Income ETF
169:NBSM,Neuberger Small-Mid Cap ETF
169:NBTR,Neuberger Total Return Bond ETF
169:NBXG,Neuberger Next
169:NC,NACCO Industries
169:NCA,Nuveen California Municipal Value Fund
169:NCDL,Nuveen Churchill Direct Lending
169:NCLH,Norwegian Cruise
169:NCLO,Nuveen AA-BBB CLO ETF
169:NCV,Virtus Convertible & Income Fund
169:NCVpA,Virtus Convertible & Income Fund Pref A
169:NCZ,Virtus Convertible & Income Fund Ii
169:NCZpA,Virtus Convertible & Income Fund Ii Pref A
169:NDIA,Global X India Active ETF
169:NDIV,Amplify Energy & Natural Resources Covered Call ETF
169:NDMO,Nuveen Dynamic Municipal Opportunities Fund
169:NDVG,Nuveen Dividend Growth ETF
169:NE,Noble
169:NE.WS,
169:NE.WS.A,
169:NEA,Nuveen Amt-free
169:NEE,Nextera
169:NEEpS,Nextera S-U
169:NEEpT,Nextera T-U
169:NEEpV,Nextera V-U
169:NEM,Newmont
169:NEMD,Neuberger Emerging Markets Debt Hard Currency ETF
169:NET,Cloudflare
169:NETL,Colterpoint Net Lease Real Estate ETF
169:NEU,Newmarket
169:NEXA,Nexa Resources
169:NFG,National Fuel Gas
169:NFJ,"Virtus Dividend, Interest & Premium Strategy Fund"
169:NFLT,Virtus Newfleet Multi-Sector Bond ETF
169:NFLY,YieldMax NFLX Option Income Strategy ETF
169:NFRA,FlexShares STOXX Global Broad Infrastructure Index Fund
169:NGG,National Grid
169:NGL,NGL Energy Partners
169:NGLpB,NGL Energy Pref B
169:NGLpC,NGL Energy Pref C
169:NGS,Natural Gas Services
169:NGVC,Natural Grocers
169:NGVT,Ingevity
169:NHI,National Health
169:NHYB,Nuveen High Yield Corporate Bond ETF
169:NHYM,Nuveen High Yield Municipal Income ETF
169:NI,Nisource
169:NIC,Nicolet Bankshares
169:NIE,Virtus Equity & Convertible Income Fund
169:NIM,Nuveen Select Maturities Municipal Fund
169:NIO,NIO
169:NIQ,NIQ Global
169:NITE,The Nightview Fund
169:NJNK,Columbia U.S. High Yield ETF
169:NJR,New Jersey Resources
169:NKE,NIKE
169:NKX,Nuveen California Amt-Free Quality Municipal Income Fund
169:NL,NL Industries
169:NLOP,Net Lease Office
169:NLR,VanEck Uranium and Nuclear ETF
169:NLY,Annaly Capital
169:NLYpF,Annaly Capital Pref F
169:NLYpG,Annaly Capital Pref G
169:NLYpI,Annaly Capital Pref I
169:NLYpJ,Annaly Capital Pref J
169:NMAI,Nuveen Multi-Asset
169:NMAX,Newsmax
169:NMB,Simplify National Muni Bond ETF
169:NMBL,NovaTide Flexible Allocation ETF
169:NMCO,Nuveen Municipal
169:NMG,Nouveau Monde
169:NMI,Nuveen Municipal Income Fund
169:NMM,Navios Maritime
169:NMR,Nomura Holdings
169:NMS,Nuveen Minnesota Quality Municipal Income Fund
169:NMT,Nuveen Massachusetts Quality Municipal Income Fund
169:NMZ,Nuveen Municipal High Income Opportunity Fund
169:NNI,Nelnet
169:NNN,NNN REIT
169:NNY,Nuveen New York Municipal Value Fund
169:NOA,North American Construction
169:NOAH,Noah Holdings
169:NOC,Northrop Grumman
169:NOG,Northern Oil and Gas
169:NOK,Nokia
169:NOM,Nuveen Missouri Quality Municipal Income Fund
169:NOMD,Nomad Foods
169:NORW,Global X MSCI Norway ETF
169:NOTE,FiscalNote Holdings
169:NOTE.WS,
169:NOV,NOV
169:NOW,ServiceNow
169:NP,Neenah
169:NPB,Northpointe
169:NPCT,Nuveen Core Plus
169:NPFD,Nuveen Variable Rate
169:NPK,National Presto Industries
169:NPKI,NPK International
169:NPO,Enpro
169:NPV,Nuveen Virginia Quality Municipal Income Fund
169:NPWR,NET Power
169:NPWR.WS,
169:NQP,Nuveen Pennsylvania Quality Municipal Income Fund
169:NRDY,Nerdy
169:NREF,Nexpoint Real Estate
169:NREFpA,Nexpoint Real Pref A
169:NRG,NRG Energy
169:NRGD,MicroSectors U.S. Big Oil -3× Inverse Leveraged ETNs
169:NRGU,MicroSectors U.S. Big Oil 3X Leveraged ETNs
169:NRGV,Energy Vault
169:NRK,Nuveen New York Amt-Free Quality Municipal Income Fund
169:NRP,Natural Resource
169:NRSH,Aztlan North America Nearshoring Stock Selection ETF
169:NRT,North European Oil Royalty Trust
169:NSA,National Storage
169:NSApA,National Pref A
169:NSApB,National Pref B
169:NSC,Norfolk Southern
169:NSCI,Nuveen Securitized Income ETF
169:NSP,Insperity
169:NTB,Butterfield
169:NTR,Nutrien
169:NTSE,WisdomTree Emerging Markets Efficient Core Fund
169:NTSI,WisdomTree International Efficient Core Fund
169:NTST,Netstreit
169:NTSX,WisdomTree U.S. Efficient Core Fund
169:NTZ,Natuzzi S.P.A.
169:NU,Nu Holdings
169:NUAG,Nuveen Enhanced Yield U.S. Aggregate Bond ETF
169:NUBD,Nuveen ESG U.S. Aggregate Bond ETF
169:NUE,Nucor
169:NUGO,Nuveen Growth Opportunities ETF
169:NUGT,Direxion Daily Gold Miners Index Bull 2X ETF
169:NUHY,Nuveen ESG High Yield Corporate Bond ETF
169:NUKX,Nicholas Nuclear Income ETF
169:NUKZ,Range Nuclear Renaissance Index ETF
169:NUMI,Nuveen Municipal Income ETF
169:NUS,Nu Skin Enterprises
169:NUSA,Nuveen ESG 1-5 Year U.S. Aggregate Bond ETF
169:NUV,Nuveen Municipal Value Fund
169:NUVB,Nuvation Bio
169:NUW,Nuveen Amt-Free Municipal Value Fund
169:NVDB,ProShares Ultra NVDA
169:NVDY,YieldMax NVDA Option Income Strategy ETF
169:NVG,Nuveen Amt-Free
169:NVGS,Navigator Holdings
169:NVIR,Horizon Kinetics Energy and Remediation ETF
169:NVO,Novo Nordisk
169:NVOH,Novo Nordisk A/S (B Shares) ADRhedged
169:NVOX,Defiance Daily Target 2X Long NVO ETF
169:NVR,NVR
169:NVRI,Enviri
169:NVS,Novartis
169:NVST,Envista Holdings
169:NVT,nVent Electric
169:NWAX,New America
169:NWAX.U,New America-U
169:NWAX.WS,
169:NWG,Natwest Group
169:NWLG,Nuveen Winslow Large-Cap Growth ESG ETF
169:NWN,Northwest Natural
169:NX,Quanex
169:NXDR,Nextdoor Holdings
169:NXDT,NexPoint Diversified Real Estate Trust.
169:NXDTpA,NexPoint Diversified Real Estate Trust. Pref A
169:NXE,Nexgen Energy
169:NXG,NXG NextGen
169:NXJ,Nuveen New Jersey Quality Municipal Income Fund
169:NXP,Nuveen Select Tax Free Income Portfolio
169:NXRT,Nexpoint Residential
169:NXTE,AXS Green Alpha ETF
169:NXUS,Nuveen International Aggregate Bond ETF
169:NYC,American Strategic
169:NYF,iShares New York Muni Bond ETF
169:NYM,AB New York Intermediate Municipal ETF
169:NYT,The New York Times
169:NZF,Nuveen Municipal Credit Income Fund
169:O,Realty Income
169:OACP,OneAscent Core Plus Bond ETF
169:OAEM,OneAscent Emerging Markets ETF
169:OAIM,OneAscent International Equity ETF
169:OAKG,Oakmark Global Large Cap ETF
169:OAKI,Oakmark International Large Cap ETF
169:OAKM,Oakmark U.S. Large Cap ETF
169:OAKpA,Brookfield Oaktree Pref A
169:OAKpB,Brookfield Oaktree Pref B
169:OALC,OneAscent Large Cap Core ETF
169:OARK,YieldMax Innovation Option Income Strategy ETF
169:OASC,OneAscent Enhanced Small and Mid Cap ETF
169:OBDC,Blue Owl Capital
169:OBK,Origin Bancorp
169:OBOR,KraneShares MSCI One Belt One Road Index ETF
169:OC,Owens Corning
169:OCIO,ClearShares OCIO ETF
169:ODC,Oil-Dri
169:ODHY,Obra Defensive High Yield ETF
169:ODV,Osisko Development
169:OEC,Orion
169:OEF,iShares S&P 100 ETF
169:OEFA,ALPS O'Shares International Developed Quality Dividend ETF
169:OEI,Optimized Equity Income ETF
169:OFG,OFG
169:OFRM,"Once Upon a Farm, PBC"
169:OGCP,Empire State-U 60
169:OGE,OGE Energy
169:OGIG,ALPS O'Shares Global Internet Giants ETF
169:OGN,Organon
169:OGS,One Gas
169:OGSP,Obra High Grade Structured Products ETF
169:OHI,Omega Healthcare
169:OI,O-I Glass
169:OIA,Invesco Municipal Income Opportunities Trust
169:OIH,VanEck Oil Services ETF
169:OII,Oceaneering International
169:OILD,MicroSectors Oil & Gas Exploration & Production -3X Inverse Leveraged ETN
169:OILT,Texas Capital Texas Oil Index ETF
169:OILU,MicroSectors Oil & Gas Exploration & Production 3X Leveraged ETNs
169:OIS,Oil States
169:OKE,Oneok
169:OKLO,Oklo
169:OKLS,Defiance Daily Target 2X Short OKLO ETF
169:OLN,Olin
169:OLP,One Liberty
169:OMAH,VistaShares Target 15 Berkshire Select Income ETF
169:OMC,Omnicom Group
169:OMF,OneMain Holdings
169:OND,ProShares On-Demand ETF
169:ONEO,State Street SPDR Russell 1000 Momentum Focus ETF
169:ONEV,State Street SPDR Russell 1000 Low Volatility Focus ETF
169:ONEY,State Street SPDR Russell 1000 Yield Focus ETF
169:ONIT,Onity Group
169:ONL,Orion Properties
169:ONLN,ProShares Online Retail ETF
169:ONOF,Global X Adaptive U.S. Risk Management ETF
169:ONON,On Holding
169:ONTF,ON24
169:ONTO,Onto Innovation
169:OOMA,Ooma
169:OOSP,Obra Opportunistic Structured Products ETF
169:OPAD,Offerpad Solutions
169:OPER,ClearShares Ultra-Short Maturity ETF
169:OPFI,OppFi
169:OPFI.WS,
169:OPLN,OPENLANE
169:OPP,RiverNorth/DoubleLine Strategic Opportunity
169:OPPE,WisdomTree European Opportunities Fund
169:OPPpA,RiverNorth Pref A
169:OPPpB,RiverNorth Pref B
169:OPTU,Optimum
169:OPY,Oppenheimer Holdings
169:OR,Osisko Gold
169:ORA,Ormat Technologies
169:ORC,Orchid Island
169:ORCL,Oracle
169:ORCLpD,Oracle Pref D ADR
169:ORI,Old Republic
169:ORN,Orion Group Holdings
169:OSCR,Oscar Health
169:OSEA,Harbor International Compounders ETF
169:OSG,Octave Specialty
169:OSK,Oshkosh
169:OTF,Blue Owl Technology
169:OTIS,Otis Worldwide
169:OUNZ,VanEck Merk Gold ETF
169:OUSA,ALPS O'Shares U.S. Quality Dividend ETF
169:OUSM,ALPS O'Shares U.S. Small-Cap Quality Dividend ETF
169:OUT,OUTFRONT Media
169:OVV,Ovintiv
169:OWL,Blue Owl
169:OWLT,Owlet
169:OWNB,Bitwise Bitcoin Standard Corporations ETF
169:OWNS,CCM Affordable Housing MBS ETF
169:OXM,Oxford Industries
169:OXY,Occidental Petroleum
169:OXY.WS,
169:PAAA,PGIM AAA CLO ETF
169:PAAS,Pan American Silver
169:PAB,PGIM Active Aggregate Bond ETF
169:PAC,Pacific Airport
169:PACK,Ranpak Holdings
169:PACS,PACS
169:PAG,Penske Automotive Group
169:PAGS,Pagseguro Digital
169:PAI,Western Asset Investment Grade Income Fund
169:PAII,Pyrophyte II
169:PAII.U,Pyrophyte II-U
169:PALC,Pacer Lunt Large Cap Multi-Factor Alternator ETF
169:PALL,abrdn Physical Palladium Shares ETF
169:PAM,Pampa Energy
169:PAMC,Pacer Lunt MidCap Multi-Factor Alternator ETF
169:PAPI,Parametric Equity Premium Income ETF
169:PAR,PAR Technology
169:PARR,Par Pacific
169:PATH,UiPath
169:PAXS,PIMCO Access
169:PAY,Paymentus Holdings
169:PAYC,Paycom Software
169:PB,Prosperity Bancshares
169:PBA,Pembina Pipeline
169:PBD,Invesco Global Clean Energy ETF
169:PBDC,Putnam BDC Income ETF
169:PBE,Invesco Biotechnology & Genome ETF
169:PBF,PBF Energy
169:PBH,Prestige Consumer Healthcare
169:PBI,Pitney Bowes
169:PBJ,Invesco Food & Beverage ETF
169:PBOT,Pictet AI & Automation ETF
169:PBR,Brazilian Petroleum
169:PBR.A,Brazilian Petroleum-Petrobras Pref ADR
169:PBT,Permian Basin Royalty Trust
169:PBW,Invesco WilderHill Clean Energy ETF
169:PCCE,Polen Capital China Growth ETF
169:PCEF,Invesco CEF Income Composite ETF
169:PCF,High Income
169:PCFI,Polen Floating Rate Income ETF
169:PCG,PG&E
169:PCGG,Polen Capital Global Growth ETF
169:PCGpX,PG&E Pref A
169:PCHI,Polen High Income ETF
169:PCIG,Polen Capital International Growth ETF
169:PCLG,Polen Focus Growth ETF
169:PCLN,Pictet Cleaner Planet ETF
169:PCLO,Virtus Seix AAA Private Credit CLO ETF
169:PCM,Pcm Fund
169:PCN,Pimco Corporate & Income Strategy Fund
169:PCOR,Procore
169:PCQ,Pimco California Municipal Income Fund
169:PCR,Simplify VettaFi Private Credit Strategy ETF
169:PCRB,Putnam ESG Core Bond ETF
169:PCY,Invesco Emerging Markets Sovereign Debt ETF
169:PD,PagerDuty
169:PDCC,Pearl Diver Credit
169:PDI,Pimco Dynamic Income Fund
169:PDM,Piedmont Realty
169:PDN,Invesco RAFI Developed Markets ex-U.S. Small-Mid ETF
169:PDO,PIMCO Dynamic Income
169:PDPA,Pearl Diver Credit Pref A
169:PDS,Precision Drilling
169:PDT,John Hancock Premium Dividend Fund
169:PDX,PIMCO Dynamic
169:PEB,Pebblebrook Hotel
169:PEBpE,Pebblebrook Pref E
169:PEBpF,Pebblebrook Pref F
169:PEBpG,Pebblebrook Pref G
169:PEBpH,Pebblebrook pref H
169:PEG,Public Service
169:PEJ,Invesco Leisure and Entertainment ETF
169:PEMX,Putnam Emerging Markets ex-China ETF
169:PEN,Penumbra
169:PEO,Adams Natural Resources Fund
169:PERF,Perfect
169:PERF.WS,
169:PEVC,Pacer PE/VC ETF
169:PEW,GrabAGun Digital
169:PEW.WS,
169:PEXL,Pacer US Export Leaders ETF
169:PFD,Flaherty & Crumrine Preferred & Income Fund
169:PFE,Pfizer
169:PFFA,Virtus InfraCap U.S. Preferred Stock ETF
169:PFFD,Global X U.S. Preferred ETF
169:PFFL,ETRACS Monthly Pay 2xLeveraged Preferred Stock ETN
169:PFFR,InfraCap REIT Preferred ETF
169:PFFV,Global X Variable Rate Preferred ETF
169:PFGC,Performance Food
169:PFIG,Invesco Fundamental Investment Grade Corporate Bond ETF
169:PFIX,Simplify Interest Rate Hedge ETF
169:PFL,Pimco Income Strategy Fund
169:PFLD,AAM Low Duration Preferred and Income Securities ETF
169:PFLT,PennantPark Floating
169:PFN,Pimco Income Strategy Fund Ii
169:PFO,Flaherty & Crumrine Preferred & Income Opportunity Fund
169:PFRL,PGIM Floating Rate Income ETF
169:PFS,Provident Financial
169:PFSI,PennyMac Financial
169:PFUT,Putnam Sustainable Future ETF
169:PFXF,VanEck Preferred Securities ex Financials ETF
169:PG,The Procter & Gamble
169:PGF,Invesco Financial Preferred ETF
169:PGHY,Invesco Global ex-US High Yield Corporate Bond ETF
169:PGP,Pimco Global Stocksplus & Income Fund
169:PGR,The Progressive
169:PGRI,Putnam International Stock ETF
169:PGRO,Putnam Focused Large Cap Growth ETF
169:PGX,Invesco Preferred ETF
169:PGZ,Principal Real Estate Income Fund
169:PH,Parker-Hannifin
169:PHDG,Invesco S&P 500 Downside Hedged ETF
169:PHEQ,Parametric Hedged Equity ETF
169:PHG,Koninklijke Philips
169:PHI,PLDT
169:PHIN,PHINIA
169:PHK,Pimco High Income Fund
169:PHM,PulteGroup
169:PHR,Phreesia
169:PHYD,Putnam ESG High Yield ETF
169:PHYL,PGIM Active High Yield Bond ETF
169:PHYS,Sprott Physical-U
169:PICB,Invesco International Corporate Bond ETF
169:PIFI,ClearShares Piton Intermediate Fixed Income ETF
169:PII,Polaris
169:PILL,Direxion Daily Pharmaceutical & Medical Bull 3X ETF
169:PIM,Putnam Master Intermediate Income Trust
169:PINE,Alpine Income
169:PINEpA,Alpine Income Pref A
169:PINK,Simplify Health Care ETF
169:PINS,Pinterest
169:PIPR,Piper Sandler
169:PJFG,PGIM Jennison Focused Growth ETF
169:PJFV,PGIM Jennison Focused Value ETF
169:PJIO,PGIM Jennison International Opportunities ETF
169:PJP,Invesco Pharmaceuticals ETF
169:PJT,Pjt Partners
169:PK,Park Hotels & Resorts
169:PKB,Invesco Building & Construction ETF
169:PKE,Park Aerospace
169:PKG,Packaging Corporation Of America
169:PKST,Peakstone
169:PKX,POSCO
169:PL,Planet Labs
169:PL.WS,
169:PLD,Prologis
169:PLDR,Putnam Sustainable Leaders ETF
169:PLNT,Planet Fitness
169:PLOW,Douglas Dynamics
169:PLTA,ProShares Ultra PLTR
169:PLTM,GraniteShares Platinum Trust
169:PLTY,YieldMax PLTR Option Income Strategy ETF
169:PM,Philip Morris
169:PMIO,PGIM Municipal Income Opportunities ETF
169:PML,Pimco Municipal Income Fund Ii
169:PMM,Putnam Managed Municipal Income Trust
169:PMMF,iShares Prime Money Market ETF
169:PMO,Putnam Municipal Opportunities Trust
169:PMT,PennyMac Mortgage
169:PMTpA,PennyMac Pref A
169:PMTpB,PennyMac Pref B
169:PMTpC,PennyMac Pref C
169:PNC,The Pnc Financial
169:PNFP,Pinnacle Financial
169:PNFPpA,Pinnacle Financial Pref A
169:PNFPpB,Pinnacle Financial Pref B
169:PNFPpC,Pinnacle Pref C ADR
169:PNI,Pimco New York Municipal Income Fund Ii
169:PNNT,Pennantpark
169:PNR,Pentair
169:PNW,Pinnacle West Capital
169:POR,Portland General Electric
169:POST,Post Holdings
169:POW,VistaShares Electrification Supercycle ETF
169:POWA,Invesco Bloomberg Pricing Power ETF
169:POWR,iShares U.S. Power Infrastructure ETF
169:PPA,Invesco Aerospace & Defense ETF
169:PPEM,Putnam PanAgora ESG Emerging Markets Equity ETF
169:PPG,PPG Industries
169:PPIE,Putnam PanAgora ESG International Equity ETF
169:PPL,PPL
169:PPLC,PPL-U
169:PPLT,abrdn Physical Platinum Shares ETF
169:PPT,Putnam Premier Income Trust
169:PPTY,U.S. Diversified Real Estate ETF
169:PQDI,Principal Spectrum Preferred and Income ETF
169:PQNT,Pictet AI Enhanced International Equity ETF
169:PQUS,Pictet AI Enhanced US Equity ETF
169:PR,Permian Resources
169:PRA,Proassurance
169:PRAB,State Street IG Public & Private ABS ETF
169:PRAE,PlanRock Alternative Growth ETF
169:PRAY,FIS Christian Stock Fund
169:PRCS,Parnassus Core Select ETF
169:PREF,Principal Spectrum Preferred Securities Active ETF
169:PRF,Invesco RAFI US 1000 ETF
169:PRFD,PIMCO Preferred and Capital Securities Active Exchange-Traded Fund
169:PRG,PROG Holdings
169:PRGO,Perrigo
169:PRI,Primerica
169:PRIFpD,Priority Income Fund Pref D
169:PRIFpJ,Priority Income Fund Pref J
169:PRIFpK,Priority Income Fund Pref K
169:PRIFpL,Priority Income Fund Pref L
169:PRIM,Primoris Services
169:PRIV,State Street IG Public & Private Credit ETF
169:PRKS,United Parks
169:PRLB,Proto Labs
169:PRM,Perimeter Solutions
169:PRMB,Primo Brands
169:PRSD,State Street Short Duration IG Public & Private Credit ETF
169:PRSU,Pursuit Attractions
169:PRT,PermRock Royalty
169:PRU,Prudential Financial
169:PRVS,Parnassus Value Select ETF
169:PRXG,Praxis Impact Large Cap Growth ETF
169:PRXV,Praxis Impact Large Cap Value ETF
169:PSA,Public Storage
169:PSApF,Public Storage Pref F ADR
169:PSApG,Public Storage Pref G ADR
169:PSApH,Public Storage Pref H ADR
169:PSApI,Public Storage Pref I ADR
169:PSApJ,Public Storage Pref J ADR
169:PSApK,Public Storage Pref K ADR
169:PSApL,Public Storage Pref L ADR
169:PSApM,Public Storage Pref M ADR
169:PSApN,Public Storage Pref N ADR
169:PSApO,Public Storage Pref O ADR
169:PSApP,Public Storage Pref P ADR
169:PSApQ,Public Storage Pref Q ADR
169:PSApR,Public Storage Pref R ADR
169:PSApS,Public Storage Pref S ADR
169:PSBD,Palmer Square Capital BDC
169:PSECpA,Prospect Capital Pref A
169:PSF,Cohen & Steers Select Preferred & Income Fund
169:PSFE,Paysafe
169:PSI,Invesco Semiconductors ETF
169:PSIL,AdvisorShares Psychedelics ETF
169:PSK,State Street SPDR ICE Preferred Securities ETF
169:PSLV,Sprott Physical Silver-U
169:PSN,Parsons
169:PSO,Pearson
169:PSP,Invesco Global Listed Private Equity ETF
169:PSQ,ProShares Short QQQ
169:PSQA,Palmer Square CLO Senior Debt ETF
169:PSQH,PSQ Holdings
169:PSQH.WS,
169:PSQO,Palmer Square Credit Opportunities ETF
169:PSR,Invesco Active U.S. Real Estate ETF
169:PST,ProShares UltraShort 7-10 Year Treasury
169:PSTG,Everpure
169:PSTL,Postal Realty Trust
169:PSTP,Innovator Power Buffer Step-Up Strategy ETF
169:PSX,Phillips 66
169:PTA,Cohen & Steers Tax-Advantaged Preferred Securities & Income Fund
169:PTBD,Pacer Trendpilot US Bond ETF
169:PTIN,Pacer Trendpilot International ETF
169:PTL,Inspire 500 ETF
169:PTRB,PGIM Total Return Bond ETF
169:PTY,PIMCO Corporate & Income Opportunity
169:PUK,Prudential
169:PULS,PGIM Ultra Short Bond ETF
169:PULT,Putnam ESG Ultra Short ETF
169:PUMP,ProPetro Holding
169:PUSH,PGIM Ultra Short Municipal Bond ETF
169:PVAL,Putnam Focused Large Cap Value ETF
169:PVH,PVH
169:PVI,Invesco Floating Rate Municipal Income ETF
169:PVL,Permianville Royalty
169:PWB,Invesco Large Cap Growth ETF
169:PWER,Nomura Energy Transition ETF
169:PWR,Quanta Services
169:PWV,Invesco Large Cap Value ETF
169:PWZ,Invesco California AMT-Free Municipal Bond ETF
169:PXE,Invesco Energy Exploration & Production ETF
169:PXED,AP VIII Queso
169:PXF,Invesco RAFI Developed Markets ex-U.S. ETF
169:PXH,Invesco RAFI Emerging Markets ETF
169:PXJ,Invesco Oil & Gas Services ETF
169:PYLD,PIMCO Multisector Bond Active Exchange-Traded Fund
169:PYPY,YieldMax PYPL Option Income Strategy ETF
169:PYT,Merrill Lynch Depositor Pref Series GSC-2
169:PZA,Invesco National AMT-Free Municipal Bond ETF
169:PZT,Invesco New York AMT-Free Municipal Bond ETF
169:Q,Qnity Electronics
169:QAI,NYLI Hedge Multi-Strategy Tracker ETF
169:QARP,Xtrackers Russell 1000 US Quality at a Reasonable Price ETF
169:QBTS,D-Wave Quantum
169:QDEF,FlexShares Quality Dividend Defensive Index Fund
169:QDF,FlexShares Quality Dividend Index Fund
169:QDIV,Global X S&P 500 Quality Dividend ETF
169:QDPL,Pacer Metaurus US Large Cap Dividend Multiplier 400 ETF
169:QDVO,Amplify CWP Growth & Income ETF
169:QEFA,State Street SPDR MSCI EAFE StrategicFactors ETF
169:QEMM,State Street SPDR MSCI Emerging Markets StrategicFactors ETF
169:QFLR,Innovator Nasdaq-100 Managed Floor ETF
169:QGEN,Qiagen
169:QGRO,American Century U.S. Quality Growth ETF
169:QGRW,WisdomTree U.S. Quality Growth Fund
169:QID,ProShares UltraShort QQQ
169:QIDX,Indexperts Quality Earnings Focused ETF
169:QINT,American Century Quality Diversified International ETF
169:QIS,Simplify Multi-QIS Alternative ETF
169:QLD,ProShares Ultra QQQ
169:QLTA,iShares Aaa-A Rated Corporate Bond ETF
169:QLTI,GMO International Quality ETF
169:QLTY,GMO U.S. Quality ETF
169:QLV,FlexShares US Quality Low Volatility Index Fund
169:QLVD,FlexShares Developed Markets ex-US Quality Low Volatility Index Fund
169:QLVE,FlexShares Emerging Markets Quality Low Volatility Index Fund
169:QPX,AdvisorShares Q Dynamic Growth ETF
169:QQH,HCM Defender 100 Index ETF
169:QQQD,Direxion Daily Magnificent 7 Bear 1X ETF
169:QQQU,Direxion Daily Magnificent 7 Bull 2X ETF
169:QRFT,QRAFT AI-Enhanced U.S. Large Cap ETF
169:QSR,Restaurant Brands
169:QSU,Defiance Daily Target 2X Long QS ETF
169:QTPI,North Square RCIM Tax-Advantaged Preferred and Income Securities ETF
169:QTWO,Q2 Holdings
169:QUAD,Quad/Graphics
169:QUIZ,Zacks Quality International ETF
169:QULL,ETRACS 2x Leveraged MSCI US Quality Factor TR ETN
169:QUS,State Street SPDR MSCI USA StrategicFactors ETF
169:QUSA,VistaShares Target 15 USA Quality Income ETF
169:QVML,Invesco S&P 500 QVM Multi-Factor ETF
169:QVMM,Invesco S&P MidCap 400 QVM Multi-Factor ETF
169:QVMS,Invesco S&P SmallCap 600 QVM Multi-Factor ETF
169:QVMT,Invesco S&P 500 Concentrated QVM ETF
169:QWLD,State Street SPDR MSCI World StrategicFactors ETF
169:QXAS,Quantify 2X Daily Alt Season Crypto ETF
169:QXO,QXO
169:QXOpB,QXO Pref B ADR
169:R,Ryder System
169:RA,Brookfield Real
169:RAAA,Reckoner Yield Enhanced AAA CLO ETF
169:RAAR,Reckoner Yield Enhanced AAA CLO Reinvesting ETF
169:RAAX,VanEck Real Assets ETF
169:RAAY,Reckoner Yield Enhanced AAA CLO Annual ETF
169:RAC,Rithm Acquisition
169:RAC.U,Rithm Acquisition-U
169:RAC.WS,
169:RACE,Ferrari
169:RAFE,PIMCO RAFI ESG U.S. ETF
169:RAL,Ralliant
169:RAMP,LiveRamp
169:RAVI,FlexShares Ultra-Short Income Fund
169:RAYJ,Rayliant SMDAM Japan Equity ETF
169:RBA,RB Global
169:RBC,RBC Bearings
169:RBLD,First Trust Alerian U.S. NextGen Infrastructure ETF
169:RBLX,Roblox
169:RBLY,YieldMax RBLX Option Income Strategy ETF
169:RBRK,Rubrik
169:RC,Ready Capital
169:RCI,Rogers Communications
169:RCL,Royal Caribbean Cruises
169:RCLO,Reckoner BBB-B CLO ETF
169:RCLR,Reckoner BBB-B CLO Reinvesting ETF
169:RCLY,Reckoner BBB-B CLO Annual ETF
169:RCS,Pimco Strategic Income Fund
169:RCTR,First Trust Bloomberg Nuclear Power ETF
169:RCUS,Arcus Biosciences
169:RCpC,Ready Capital Pref C
169:RCpE,Ready Capital Pref E
169:RDDT,Reddit
169:RDIV,Invesco S&P Ultra Dividend Revenue ETF
169:RDN,Radian Group
169:RDOG,ALPS REIT Dividend Dogs ETF
169:RDW,Redwire
169:RDY,Dr. Reddy'S Laboratories
169:RDYY,YieldMax RDDT Option Income Strategy ETF
169:RECS,Columbia Research Enhanced Core ETF
169:REET,iShares Global REIT ETF
169:REFA,Columbia Research Enhanced International Equity ETF
169:REGS,Columbia Large Cap Growth ETF
169:REK,ProShares Short Real Estate
169:REKT,Direxion Daily Crypto Industry Bear 1X ETF
169:RELX,RELX
169:REMC,Columbia Research Enhanced Mid Cap ETF
169:REMX,VanEck Rare Earth and Strategic Metals ETF
169:RERE,ATRenew
169:RES,RPC
169:RESM,Columbia Research Enhanced Small Cap ETF
169:RETL,Direxion Daily Retail Bull 3X ETF
169:REVS,Columbia Research Enhanced Value ETF
169:REW,ProShares UltraShort Technology
169:REX,Rex American
169:REXR,Rexford Industrial Realty
169:REXRpB,Rexford Industrial Realty Pref A
169:REXRpC,Rexford Industrial Realty Pref C
169:REZ,iShares Residential and Multisector Real Estate ETF
169:REZI,Resideo Technologies
169:RF,Regions Financial
169:RFCI,RiverFront Dynamic Core Income ETF
169:RFDA,RiverFront Dynamic US Dividend Advantage ETF
169:RFFC,ALPS Active Equity Opportunity ETF
169:RFG,Invesco S&P MidCap 400 Pure Growth ETF
169:RFI,Cohen & Steers Total Return Realty Fund
169:RFIX,Simplify Bond Bull ETF
169:RFL,Rafael Holdings
169:RFLR,Innovator U.S. Small Cap Managed Floor ETF
169:RFM,RiverNorth Flexible
169:RFMZ,RiverNorth II
169:RFV,Invesco S&P MidCap 400 Pure Value ETF
169:RFpC,Regions Financial Pref C ADR
169:RFpE,Regions Financial Pref E ADR
169:RFpF,Regions Financial Pref F ADR
169:RGA,Reinsurance Group of America
169:RGEF,Rockefeller Global Equity ETF
169:RGR,"Sturm, Ruger"
169:RGT,Royce Global
169:RH,RH
169:RHI,Robert Half
169:RHLD,Resolute Holdings
169:RHP,Ryman Hospitality
169:RHRX,RH Tactical Rotation ETF
169:RHTX,RH Tactical Outlook ETF
169:RIET,Hoya Capital High Dividend Yield ETF
169:RIG,Transocean
169:RIGS,RiverFront Strategic Income Fund
169:RILA,Indexperts Gorilla Aggressive Growth ETF
169:RINF,ProShares Inflation Expectations ETF
169:RIO,Rio Tinto
169:RIOX,Defiance Daily Target 2X Long RIOT ETF
169:RISN,Inspire Capital Appreciation ETF
169:RISR,FolioBeyond Alternative Income and Interest Rate Hedge ETF
169:RITA,ETFB Green SRI REITs ETF
169:RITM,Rithm Capital
169:RITMpA,Rithm Capital Pref A
169:RITMpB,Rithm Capital Pref B
169:RITMpC,Rithm Capital Pref C
169:RITMpD,Rithm Capital Pref D
169:RITMpE,Rithm Capital Pref E
169:RITMpF,Rithm Capital Pref F
169:RIV,RiverNorth Opportunities Fund
169:RIVpA,RiverNorth Pref A
169:RJDI,RJ Eagle GCM Dividend Select Income ETF
169:RJF,Raymond James Financial
169:RJMI,RJ Eagle Municipal Income ETF
169:RJVI,RJ Eagle Vertical Income ETF
169:RKT,Rocket Companies
169:RL,Ralph Lauren
169:RLI,RLI
169:RLJ,RLJ Lodging
169:RLJpA,RLJ Lodging Pref A
169:RLTY,Cohen & Steers Real
169:RLX,RLX Technology
169:RLY,State Street Multi-Asset Real Return ETF
169:RM,Regional Management
169:RMAX,RE/MAX Holdings
169:RMCA,Rockefeller California Municipal Bond ETF
169:RMD,ResMed
169:RMI,RiverNorth
169:RMM,RiverNorth Managed Duration Municipal Income
169:RMMZ,RiverNorth Managed
169:RMNY,Rockefeller New York Municipal Bond ETF
169:RMOP,Rockefeller Opportunistic Municipal Bond ETF
169:RMRC,ARMOR Core Risk-Managed ETF
169:RMT,Royce Micro-Cap Trust
169:RND,First Trust Bloomberg R&D Leaders ETF
169:RNG,RingCentral
169:RNGR,Ranger Energy
169:RNP,Cohen & Steers Reit & Preferred & Income Fund
169:RNR,Renaissancere
169:RNRpF,Renaissancere Pref F ADR
169:RNRpG,Renaissancere Pref G ADR
169:RNST,Renasant
169:RNTY,YieldMax Target 12 Real Estate Option Income ETF
169:RNWZ,TrueShares Eagle Global Renewable Energy Income ETF
169:ROAM,Hartford Multifactor Emerging Markets ETF
169:ROBO,ROBO Global Robotics and Automation Index ETF
169:RODM,Hartford Multifactor Developed Markets (ex-US) ETF
169:ROG,Rogers
169:ROK,Rockwell Automation
169:ROKT,State Street SPDR S&P Kensho Final Frontiers ETF
169:ROL,Rollins
169:ROM,ProShares Ultra Technology
169:RONB,Baron First Principles ETF
169:ROPE,Coastal Compass 100 ETF
169:ROSC,Hartford Multifactor Small Cap ETF
169:ROUS,Hartford Multifactor US Equity ETF
169:RPAR,RPAR Risk Parity ETF
169:RPC,Ridgepost Capital
169:RPG,Invesco S&P 500 Pure Growth ETF
169:RPM,RPM International
169:RPT,Rithm Property
169:RPTpC,Rithm Property Pref C
169:RPV,Invesco S&P 500 Pure Value ETF
169:RQI,Cohen & Steers Quality Income Realty Fun
169:RRC,Range Resources
169:RRX,Regal Rexnord
169:RS,Reliance
169:RSDE,FT Vest U.S. Equity Equal Weight Buffer ETF - December
169:RSF,RiverNorth Capital
169:RSG,Republic Services
169:RSHO,Tema American Reshoring ETF
169:RSI,Rush Street
169:RSJN,FT Vest U.S. Equity Equal Weight Buffer ETF - June
169:RSKD,Riskified
169:RSMC,Rockefeller U.S. Small-Mid Cap ETF
169:RSMR,FT Vest U.S. Equity Equal Weight Buffer ETF – March
169:RSMV,Relative Strength Managed Volatility Strategy ETF
169:RSP,Invesco S&P 500 Equal Weight ETF
169:RSPA,Invesco S&P 500 Equal Weight Income Advantage ETF
169:RSPC,Invesco S&P 500 Equal Weight Communication Services ETF
169:RSPD,Invesco S&P 500 Equal Weight Consumer Discretionary ETF
169:RSPE,Invesco ESG S&P 500 Equal Weight ETF
169:RSPF,Invesco S&P 500 Equal Weight Financials ETF
169:RSPG,Invesco S&P 500 Equal Weight Energy ETF
169:RSPH,Invesco S&P 500 Equal Weight Health Care ETF
169:RSPM,Invesco S&P 500 Equal Weight Materials ETF
169:RSPN,Invesco S&P 500 Equal Weight Industrials ETF
169:RSPR,Invesco S&P 500 Equal Weight Real Estate ETF
169:RSPS,Invesco S&P 500 Equal Weight Consumer Staples ETF
169:RSPT,Invesco S&P 500 Equal Weight Technology ETF
169:RSPU,Invesco S&P 500 Equal Weight Utilities ETF
169:RSSE,FT Vest US Equity Equal Weight Buffer ETF-September
169:RSSL,Global X Russell 2000 ETF
169:RTO,Rentokil Initial
169:RTX,RTX
169:RVER,Trenchless Fund ETF
169:RVI,Robinhood Ventures I
169:RVLV,Revolve Group
169:RVNU,Xtrackers Municipal Infrastructure Revenue Bond ETF
169:RVT,Royce Small-Cap
169:RVTY,Revvity
169:RW,Rainwater Equity ETF
169:RWEM,Rayliant Wilshire NxtGen Emerging Markets Equity ETF
169:RWJ,Invesco S&P SmallCap 600 Revenue ETF
169:RWK,Invesco S&P MidCap 400 Revenue ETF
169:RWL,Invesco S&P 500 Revenue ETF
169:RWLC,Rayliant Wilshire NxtGen US Large Cap Equity ETF
169:RWM,ProShares Short Russell2000
169:RWO,State Street SPDR Dow Jones Global Real Estate ETF
169:RWR,State Street SPDR Dow Jones REIT ETF
169:RWT,Redwood Trust
169:RWTpA,Redwood Trust Pref A
169:RWX,State Street SPDR Dow Jones International Real Estate ETF
169:RXD,ProShares UltraShort Health Care
169:RXI,iShares Global Consumer Discretionary ETF
169:RXL,ProShares Ultra Health Care
169:RXO,RXO
169:RY,Royal Bank Of Canada
169:RYAM,Rayonier Advanced
169:RYAN,Ryan Specialty
169:RYLD,Global X Russell 2000 Covered Call ETF
169:RYLG,Global X Russell 2000 Covered Call & Growth ETF
169:RYN,Rayonier
169:RYZ,Ryerson Holding
169:RZG,Invesco S&P SmallCap 600 Pure Growth ETF
169:RZV,Invesco S&P SmallCap 600 Pure Value ETF
169:S,SentinelOne
169:SA,Seabridge Gold
169:SAA,ProShares Ultra SmallCap600
169:SABA,Saba Capital
169:SAC,Safeguard Acquisition
169:SAC.U,Safeguard Acquisition-U
169:SAC.WS,
169:SAEF,Schwab Ariel Opportunities ETF
169:SAFE,Safehold
169:SAGP,Strategas Global Policy Opportunities ETF
169:SAH,Sonic Automotive
169:SAM,The Boston Beer
169:SAMM,Strategas Macro Momentum ETF
169:SAMT,Strategas Macro Thematic Opportunities ETF
169:SAN,Banco Santander
169:SAP,Sap
169:SAPH,SAP SE ADRhedged
169:SAR,Saratoga Investment
169:SARO,StandardAero
169:SASS,M.D. Sass Concentrated Value ETF
169:SAWG,AAM Sawgrass U.S. Large Cap Quality Growth ETF
169:SAWS,AAM Sawgrass U.S. Small Cap Quality Growth ETF
169:SB,Safe Bulkers
169:SBAR,Simplify Barrier Income ETF
169:SBB,ProShares Short SmallCap600
169:SBDS,Solo Brands
169:SBH,Sally Beauty
169:SBI,Western Asset Intermediate Muni Fund
169:SBIL,Simplify Government Money Market ETF
169:SBIO,ALPS Medical Breakthroughs ETF
169:SBIT,ProShares UltraShort Bitcoin ETF
169:SBND,Columbia Short Duration Bond ETF
169:SBR,Sabine Royalty Trust
169:SBS,SABESP
169:SBSI,Southside Bancshares
169:SBSW,Sibanye
169:SBXD,SilverBox
169:SBXD.U,SilverBox-U
169:SBXD.WS,
169:SBXE,SilverBox V
169:SBXE.U,SilverBox V-U
169:SBXE.WS,
169:SBpC,Safe Bulkers Pref C
169:SBpD,Safe Bulkers Pref D
169:SCAP,Infrastructure Capital Small Cap Income ETF
169:SCC,ProShares UltraShort Consumer Discretionary
169:SCCO,Southern Copper
169:SCCR,Schwab Core Bond ETF
169:SCD,Lmp Capital & Income Fund
169:SCDL,ETRACS 2x Leveraged U.S. Dividend Factor TR ETN
169:SCDV,Bahl & Gaynor Small Cap Dividend ETF
169:SCEpG,Southern Pref G
169:SCEpL,Southern Pref L
169:SCEpM,Southern Pref M
169:SCEpN,Southern Pref N
169:SCHA,Schwab U.S. Small-Cap ETF
169:SCHB,Schwab U.S. Broad Market ETF
169:SCHC,Schwab International Small-Cap Equity ETF
169:SCHD,Schwab U.S. Dividend Equity ETF
169:SCHE,Schwab Emerging Markets Equity ETF
169:SCHF,Schwab International Equity ETF
169:SCHG,Schwab U.S. Large-Cap Growth ETF
169:SCHH,Schwab U.S. REIT ETF
169:SCHI,Schwab 5-10 Year Corporate Bond ETF
169:SCHJ,Schwab 1-5 Year Corporate Bond ETF
169:SCHK,Schwab 1000 Index ETF
169:SCHM,Schwab U.S. Mid-Cap ETF
169:SCHO,Schwab Short-Term U.S. Treasury ETF
169:SCHP,Schwab U.S. TIPS ETF
169:SCHQ,Schwab Long-Term U.S. Treasury ETF
169:SCHR,Schwab Intermediate-Term U.S. Treasury ETF
169:SCHV,Schwab U.S. Large-Cap Value ETF
169:SCHW,The Charles Schwab
169:SCHWpD,The Charles Schwab Pref D ADR
169:SCHWpJ,The Charles Schwab Pref J ADR
169:SCHX,Schwab U.S. Large-Cap ETF
169:SCHY,Schwab International Dividend Equity ETF
169:SCHZ,Schwab U.S. Aggregate Bond ETF
169:SCI,Service
169:SCIO,First Trust Structured Credit Income Opportunities ETF
169:SCJ,iShares MSCI Japan Small-Cap ETF
169:SCL,Stepan
169:SCM,Stellus Capital
169:SCMB,Schwab Municipal Bond ETF
169:SCO,ProShares UltraShort Bloomberg Crude Oil
169:SCUS,Schwab UltraShort Income ETF
169:SCYB,Schwab High Yield Bond ETF
169:SD,Sandridge Energy
169:SDCI,USCF SummerHaven Dynamic Commodity Strategy No K-1 Fund
169:SDCP,Virtus Newfleet Short Duration Core Plus Bond ETF
169:SDD,ProShares UltraShort SmallCap600
169:SDEM,Global X MSCI SuperDividend Emerging Markets ETF
169:SDFI,AB Short Duration Income ETF
169:SDHC,Smith Douglas
169:SDHY,PGIM Short Duration
169:SDIV,Global X SuperDividend ETF
169:SDMF,Simplify DBi CTA Managed Futures Index ETF
169:SDOG,ALPS Sector Dividend Dogs ETF
169:SDOW,ProShares UltraPro Short Dow30
169:SDP,ProShares UltraShort Utilities
169:SDRL,Seadrill
169:SDS,ProShares UltraShort S&P500
169:SDY,State Street SPDR S&P Dividend ETF
169:SE,Sea
169:SEA,U.S. Global Sea to Sky Cargo ETF
169:SEALpA,Seapeak Pref A
169:SEALpB,Seapeak Pref N
169:SECR,NYLI MacKay Securitized Income ETF
169:SEE,Sealed Air
169:SEF,ProShares Short Financials
169:SEG,Seaport
169:SEI,Solaris Energy
169:SEIX,Virtus Seix Senior Loan ETF
169:SEM,Select Medical
169:SEMG,Suncoast Select Growth ETF
169:SEMI,Columbia Select Technology ETF
169:SEMR,SEMrush Holdings
169:SEPI,Shelton Equity Premium Income ETF
169:SES,SES AI
169:SES.WS,
169:SETH,ProShares Short Ether ETF
169:SF,Stifel Financial
169:SFBS,Servisfirst
169:SFGV,Sequoia Global Value ETF
169:SFL,SFL
169:SFLR,Innovator Equity Managed Floor ETF
169:SFTX,Horizon International Managed Risk ETF
169:SFY,SoFi Select 500 ETF
169:SFYF,SoFi Social 50 ETF
169:SFpB,Stifel Pref B ADR
169:SFpC,Stifel Pref C ADR
169:SFpD,Stifel Pref D ADR
169:SG,Sweetgreen
169:SGDJ,Sprott Junior Gold Miners ETF
169:SGDM,Sprott Gold Miners ETF
169:SGHC,Super Group
169:SGI,Somnigroup
169:SGLC,SGI U.S. Large Cap Core ETF
169:SGOL,abrdn Physical Gold Shares ETF
169:SGOV,iShares 0-3 Month Treasury Bond ETF
169:SGRT,SMART Earnings Growth 30 ETF
169:SGRW,Harbor Active Small Cap Growth ETF
169:SGU,Star Group
169:SGVT,Schwab Government Money Market ETF
169:SH,ProShares Short S&P 500
169:SHAK,Shake Shack
169:SHE,State Street SPDR MSCI USA Gender Diversity ETF
169:SHEH,Shell plc ADRhedged
169:SHEL,Shell
169:SHG,Shinhan Financial Group
169:SHLD,Global X Defense Tech ETF
169:SHM,State Street SPDR Nuveen ICE Short Term Municipal Bond ETF
169:SHNY,MicroSectors Gold 3X Leveraged ETNs
169:SHO,Sunstone Hotel
169:SHOC,Strive U.S. Semiconductor ETF
169:SHOpH,Sunstone Pref H
169:SHOpI,Sunstone Hotel Pref I
169:SHPP,Pacer Industrials and Logistics ETF
169:SHRT,Gotham Short Strategies ETF
169:SHUS,Stratified LargeCap Hedged ETF
169:SHV,iShares 0–1 Year Treasury Bond ETF
169:SHW,The Sherwin-Williams
169:SHYG,iShares 0-5 Year High Yield Corporate Bond ETF
169:SHYL,Xtrackers Short Duration High Yield Bond ETF
169:SI,Shoulder Innovations
169:SID,National Steel
169:SIFI,Harbor Ares Systematic Multi-Sector Income ETF
169:SIG,Signet Jewelers
169:SIHY,Harbor Ares Systematic High Yield ETF
169:SII,SPROTT
169:SIJ,ProShares UltraShort Industrials
169:SIL,Global X Silver Miners ETF
169:SILA,Sila Realty
169:SILJ,Amplify Junior Silver Miners ETF
169:SIMS,State Street SPDR S&P Kensho Intelligent Structures ETF
169:SIO,Touchstone Strategic Income ETF
169:SIOO,VistaShares Target 15 S&P 100 Distribution ETF
169:SITC,SITE Centers
169:SITE,Siteone Landscape
169:SIVR,abrdn Physical Silver Shares ETF
169:SIXA,ETC 6 Meridian Mega Cap Equity ETF
169:SIXH,ETC 6 Meridian Hedged Equity-Index Option Strategy ETF
169:SIXL,ETC 6 Meridian Low Beta Equity Strategy ETF
169:SIXS,ETC 6 Meridian Small Cap Equity ETF
169:SIZE,iShares MSCI USA Size Factor ETF
169:SJB,ProShares Short High Yield
169:SJM,The J. M. Smucker
169:SJNK,State Street SPDR Bloomberg Short Term High Yield Bond ETF
169:SJT,San Juan Basin
169:SKE,Skeena Resources
169:SKF,ProShares UltraShort Financials
169:SKIL,Skillsoft
169:SKLZ,Skillz
169:SKM,SK Telecom
169:SKT,Tanger
169:SKY,Champion Homes
169:SKYH,Sky Harbour
169:SKYH.WS,
169:SLAI,Solai
169:SLB,SLB
169:SLDR,Global X Short-Term Treasury Ladder ETF
169:SLF,Sun Life Financial
169:SLG,SL Green Realty
169:SLGN,Silgan Holdings
169:SLGpI,SL Green Realty Pref I
169:SLJY,Amplify SILJ Junior Silver Miners Covered Call ETF
169:SLNZ,TCW Senior Loan ETF
169:SLON,ProShares Ultra Solana ETF
169:SLQT,SelectQuote
169:SLTY,YieldMax Ultra Short Option Income Strategy ETF
169:SLV,iShares Silver Trust
169:SLVM,Sylvamo
169:SLVX,Nicholas Silver Income ETF
169:SLX,VanEck Steel ETF
169:SLYG,State Street SPDR S&P 600 Small Cap Growth ETF
169:SLYV,State Street SPDR S&P 600 Small Cap Value ETF
169:SM,SM Energy
169:SMA,Smartstop
169:SMAP,Amplify Small-Mid Cap Equity ETF
169:SMBK,Smartfinancial
169:SMBS,Schwab MortgageBacked Securities ETF
169:SMC,Summit Midstream
169:SMCY,YieldMax SMCI Option Income Strategy ETF
169:SMDD,ProShares UltraPro Short MidCap400
169:SMDX,Intech S&P Small-Mid Cap Diversified Alpha ETF
169:SMFG,Sumitomo Mitsui Financial Group
169:SMG,The Scotts Miracle-Gro
169:SMHB,ETRACS Monthly Pay 2xLeveraged US Small Cap High Dividend ETN Series B
169:SMHI,SEACOR Marine
169:SMIG,Bahl & Gaynor Small/Mid Cap Income Growth ETF
169:SMIZ,Zacks Small/Mid Cap Portfolio ETF
169:SMLF,iShares U.S. Small-Cap Equity Factor ETF
169:SMLL,Harbor Active Small Cap ETF
169:SMLV,State Street SPDR US Small Cap Low Volatility Index ETF
169:SMMU,PIMCO Short Term Municipal Bond Active ETF
169:SMN,ProShares UltraShort Materials
169:SMOG,VanEck Low Carbon Energy ETF
169:SMOX,Horizon Small/Mid Cap Core Equity ETF
169:SMP,Standard Motor
169:SMR,NuScale Power
169:SMRF,"ALPS Nautilus SMR,Nuclear & Technology ETF"
169:SMRT,SmartRent
169:SMTH,ALPS Smith Core Plus Bond ETF
169:SMWB,Similarweb
169:SN,SharkNinja
169:SNA,Snap-On
169:SNAP,Snap
169:SNDA,Sonida Senior Living
169:SNDR,Schneider National
169:SNN,Smith & Nephew
169:SNOW,Snowflake
169:SNOY,YieldMax SNOW Option Income Strategy ETF
169:SNPE,Xtrackers S&P 500 Scored & Screened ETF
169:SNTH,MRP SynthEquity ETF
169:SNX,TD SYNNEX
169:SO,The Southern
169:SOBO,South Bow
169:SOC,Sable Offshore
169:SOEZ,Franklin Solana ETF
169:SOFR,Amplify Samsung SOFR ETF
169:SOLR,Guinness Atkinson Sustainable Energy ETF
169:SOLV,Solventum
169:SOMN,The Southern-U
169:SON,Sonoco Products
169:SONY,Sony Group
169:SOR,Source Capital
169:SOS,SOS
169:SOUL,Soulpower
169:SOUL.U,Soulpower-U
169:SOULr,
169:SOVF,Sovereign's Capital Flourish Fund
169:SOXL,Direxion Daily Semiconductor Bull 3X ETF
169:SOXS,Direxion Daily Semiconductor Bear 3X ETF
169:SOXY,YieldMax Target 12 Semiconductor Option Income ETF
169:SOYB,Teucrium Soybean Fund
169:SPAB,State Street SPDR Portfolio Aggregate Bond ETF
169:SPB,Spectrum Brands
169:SPBO,State Street SPDR Portfolio Corporate Bond ETF
169:SPCE,Virgin Galactic
169:SPD,Simplify US Equity PLUS Downside Convexity ETF
169:SPDG,State Street SPDR Portfolio S&P Sector Neutral Dividend ETF
169:SPDN,Direxion Daily S&P 500 Bear 1X ETF
169:SPDV,AAM S&P 500 High Dividend Value ETF
169:SPDW,State Street SPDR Portfolio Developed World ex-US ETF
169:SPE,Special Opportunities Fund
169:SPEM,State Street SPDR Portfolio Emerging Markets ETF
169:SPEU,State Street SPDR Portfolio Europe ETF
169:SPEpC,Special Opportunities Fund Pref C
169:SPFF,Global X SuperIncome Preferred ETF
169:SPG,Simon Property Group
169:SPGI,S&P Global
169:SPGM,State Street SPDR Portfolio MSCI Global Stock Market ETF
169:SPGP,Invesco S&P 500 GARP ETF
169:SPGpJ,Simon Property Pref J
169:SPH,Suburban Propane
169:SPHB,Invesco S&P 500 High Beta ETF
169:SPHD,Invesco S&P 500 High Dividend Low Volatility ETF
169:SPHQ,Invesco S&P 500 Quality ETF
169:SPHR,Sphere
169:SPHY,State Street SPDR Portfolio High Yield Bond ETF
169:SPIB,State Street SPDR Portfolio Intermediate Term Corporate Bond ETF
169:SPIP,State Street SPDR Portfolio TIPS ETF
169:SPIR,Spire Global
169:SPLB,State Street SPDR Portfolio Long Term Corporate Bond ETF
169:SPLV,Invesco S&P 500 Low Volatility ETF
169:SPMA,Sound Point Pref A
169:SPMB,State Street SPDR Portfolio Mortgage Backed Bond ETF
169:SPMC,Sound Point
169:SPMD,State Street SPDR Portfolio S&P 400 Mid Cap ETF
169:SPME,Sound Point Pref B
169:SPMO,Invesco S&P 500 Momentum ETF
169:SPNT,SiriusPoint
169:SPOT,Spotify Technology
169:SPPP,Sprott Physical Platinum and Palladium-U
169:SPRE,SP Funds S&P Global REIT Sharia ETF
169:SPRU,Spruce Power Holding
169:SPSB,State Street SPDR Portfolio Short Term Corporate Bond ETF
169:SPSK,SP Funds Dow Jones Global Sukuk ETF
169:SPSM,State Street SPDR Portfolio S&P 600 Small Cap ETF
169:SPTB,State Street SPDR Portfolio Treasury ETF
169:SPTE,SP Funds S&P Global Technology ETF
169:SPTI,State Street SPDR Portfolio Intermediate Term Treasury ETF
169:SPTL,State Street SPDR Portfolio Long Term Treasury ETF
169:SPTM,State Street SPDR Portfolio S&P 1500 Composite Stock Market ETF
169:SPTS,State Street SPDR Portfolio Short Term Treasury ETF
169:SPTU,State Street SPDR Portfolio Ultra Short T-Bill ETF
169:SPUC,Simplify US Equity PLUS Upside Convexity ETF
169:SPUS,SP Funds S&P 500 Sharia Industry Exclusions ETF
169:SPUT,Innovator Equity Premium Income - Daily PutWrite ETF
169:SPUU,Direxion Daily S&P 500 Bull 2X ETF
169:SPVM,Invesco S&P 500 Value with Momentum ETF
169:SPWO,SP Funds S&P World (ex-US) ETF
169:SPXC,SPX Technologies
169:SPXE,ProShares S&P 500 Ex-Energy ETF
169:SPXL,Direxion Daily S&P 500 Bull 3X ETF
169:SPXN,ProShares S&P 500 Ex-Financials ETF
169:SPXS,Direxion Daily S&P 500 Bear 3X ETF
169:SPXT,ProShares S&P 500 Ex-Technology ETF
169:SPXU,ProShares UltraPro Short S&P500
169:SPXV,ProShares S&P 500 Ex-Health Care ETF
169:SPXX,Nuveen
169:SPY,State Street SPDR S&P 500 ETF Trust
169:SPYC,Simplify US Equity PLUS Convexity ETF
169:SPYD,State Street SPDR Portfolio S&P 500 High Dividend ETF
169:SPYG,State Street SPDR Portfolio S&P 500 Growth ETF
169:SPYM,State Street SPDR Portfolio S&P 500 ETF
169:SPYT,Defiance S&P 500 Income Target ETF
169:SPYU,MAX S&P 500 4X Leveraged ETN
169:SPYV,State Street SPDR Portfolio S&P 500 Value ETF
169:SPYX,State Street SPDR S&P 500 Fossil Fuel Reserves Free ETF
169:SQM,Sociedad Quimica y Minera de Chile
169:SQNS,Sequans
169:SR,Spire
169:SRE,Sempra
169:SRFM,Surf Air
169:SRG,Seritage Growth
169:SRGpA,Seritage Growth Pref A
169:SRHQ,SRH U.S. Quality GARP ETF
169:SRHR,SRH REIT Covered Call ETF
169:SRI,Stoneridge
169:SRL,Scully Royalty
169:SRLN,State Street Blackstone Senior Loan ETF
169:SROI,Calamos Antetokounmpo Global Sustainable Equities ETF
169:SRS,ProShares UltraShort Real Estate
169:SRTY,ProShares UltraPro Short Russell2000
169:SRV,Nxg Cushing Midstream Energy Fund
169:SRVR,Pacer Data & Infrastructure Real Estate ETF
169:SSB,SouthState
169:SSD,Simpson Manufacturing
169:SSFI,Day Hagan Smart Sector Fixed Income ETF
169:SSG,ProShares UltraShort Semiconductors
169:SSL,Sasol
169:SSO,ProShares Ultra S&P 500
169:SSPY,Stratified LargeCap Index ETF
169:SST,System1
169:SSTK,Shutterstock
169:SSUS,Day Hagan Smart Sector ETF
169:SSXU,Day Hagan Smart Sector International ETF
169:ST,Sensata
169:STAG,Stag Industrial
169:STAX,Nomura Tax-Free USA Short Term ETF
169:STBQ,Amplify Stablecoin Technology ETF
169:STC,Stewart Information Services
169:STCE,Schwab Crypto Thematic ETF
169:STE,STERIS
169:STEL,Stellar
169:STEM,Stem
169:STEW,SRH Total Return
169:STG,Sunlands Technology
169:STHH,STMicroelectronics NV ADRhedged
169:STIP,iShares 0-5 Year TIPS Bond ETF
169:STK,Columbia Seligman Premium Technology Growth Fund
169:STLA,Stellantis
169:STM,STMicroelectronics
169:STN,Stantec
169:STNG,Scorpio Tankers
169:STPZ,PIMCO 1-5 Year U.S. TIPS Index Exchange-Traded Fund
169:STRN,SMART Trend 25 ETF
169:STRV,Strive 500 ETF
169:STSM,Defiance Daily Target 2X Short TSM ETF
169:STT,State Street
169:STTpG,State Street Pref G ADR
169:STUB,StubHub
169:STVN,Stevanato Group
169:STWD,Starwood Property
169:STXD,Strive 1000 Dividend Growth ETF
169:STXE,Strive Emerging Markets Ex-China ETF
169:STXG,Strive 1000 Growth ETF
169:STXI,Strive International Developed Markets ETF
169:STXK,Strive Small-Cap ETF
169:STXM,Strive Mid-Cap ETF
169:STXT,Strive Total Return Bond ETF
169:STXV,Strive 1000 Value ETF
169:STZ,Constellation Brands
169:SU,Suncor Energy
169:SUB,iShares Short-Term National Muni Bond ETF
169:SUI,Sun Communities
169:SUN,Sunoco
169:SUNB,Sunbelt Rentals
169:SUNC,SunocoCorp-U
169:SUPL,ProShares Supply Chain Logistics ETF
169:SUPV,Grupo Supervielle
169:SURE,AdvisorShares Insider Advantage ETF
169:SURI,Simplify Propel Opportunities ETF
169:SUSA,iShares ESG Optimized MSCI USA ETF
169:SUZ,Suzano
169:SVOL,Simplify Volatility Premium ETF
169:SVV,Savers Value Village
169:SW,Smurfit WestRock
169:SWAN,Amplify BlackSwan Growth & Treasury Core ETF
169:SWK,Stanley Black & Decker
169:SWX,Southwest Gas
169:SWZ,Total Return
169:SXC,SunCoke Energy
169:SXI,Standex
169:SXQG,ETC 6 Meridian Quality Growth ETF
169:SXT,Sensient Technologies
169:SYF,Synchrony Financial
169:SYFI,AB Short Duration High Yield ETF
169:SYFpA,Synchrony Financial Pref A ADR
169:SYFpB,Synchrony Financial Pref B ADR
169:SYK,Stryker
169:SYY,Sysco
169:SZK,ProShares UltraShort Consumer Staples
169:SZNE,Pacer CFRA-Stovall Equal Weight Seasonal Rotation ETF
169:T,AT&T
169:TABD,Transamerica Bond Active ETF
169:TAC,Transalta
169:TACK,Fairlead Tactical Sector ETF
169:TACN,T. Rowe Price Active Core International Equity ETF
169:TACU,T. Rowe Price Active Core U.S. Equity ETF
169:TAFI,AB Tax-Aware Short Duration Municipal ETF
169:TAFL,AB TaxAware Long Municipal ETF
169:TAFM,AB TaxAware Intermediate Municipal ETF
169:TAGG,T. Rowe Price QM U.S. Bond ETF
169:TAGS,Teucrium Agricultural Fund
169:TAK,Takeda Pharmaceutical
169:TAL,Tal Education Group
169:TALO,Talos Energy
169:TALV,Transamerica Large Value Active ETF
169:TAN,Invesco Solar ETF
169:TAP,Molson Coors B
169:TAP.A,Molson Coors A
169:TAXF,American Century Diversified Municipal Bond ETF
169:TAXM,BondBloxx IR+M Tax-Aware ETF for Massachusetts Residents
169:TAXX,BondBloxx IR+M Tax-Aware Short Duration ETF
169:TBBB,BBB Foods
169:TBF,ProShares Short 20+ Year Treasury
169:TBFC,The Brinsmere Fund – Conservative ETF
169:TBFG,The Brinsmere Fund - Growth ETF
169:TBG,TBG Dividend Focus ETF
169:TBI,TrueBlue
169:TBLL,Invesco Short Term Treasury ETF
169:TBLU,Tortoise Global Water Fund
169:TBN,Tamboran Resources
169:TBT,ProShares UltraShort 20+ Year Treasury
169:TBUX,T. Rowe Price Ultra Short-Term Bond ETF
169:TBX,ProShares Short 7-10 Year Treasury
169:TBXU,Direxion Daily Biotech Top 5 Bull 2X ETF
169:TCAF,T Rowe Price Capital Appreciation Equity ETF
169:TCAI,Tortoise AI Infrastructure ETF
169:TCAL,T. Rowe Price Capital Appreciation Premium Income ETF
169:TCBX,Third Coast
169:TCHP,T. Rowe Price Blue Chip Growth ETF
169:TCI,Transcontinental Realty Investors
169:TCPB,Thrivent Core Plus Bond ETF
169:TCV,Towle Value ETF
169:TD,The Toronto-Dominion Bank
169:TDAY,USA TODAY
169:TDC,Teradata
169:TDF,Templeton Dragon Fund
169:TDG,TransDigm Group
169:TDOC,Teladoc Health
169:TDS,Telephone And Data Systems
169:TDSpU,Telephone And Data Systems Pref UU ADR
169:TDSpV,Telephone And Data Systems Pref VV ADR
169:TDTF,FlexShares iBoxx 5-Year Target Duration TIPS Index Fund
169:TDTT,FlexShares iBoxx 3 Year Target Duration TIPS Index Fund
169:TDVG,T. Rowe Price Dividend Growth ETF
169:TDW,Tidewater
169:TDY,Teledyne
169:TE,T1 Energy
169:TE.WS,
169:TEC,Harbor Transformative Technologies ETF
169:TECB,iShares U.S. Tech Breakthrough Multisector ETF
169:TECK,Teck Resources
169:TECL,Direxion Daily Technology Bull 3X ETF
169:TECS,Direxion Daily Technology Bear 3X ETF
169:TEI,Templeton Emerging Markets Income Fund
169:TEK,iShares Technology Opportunities Active ETF
169:TEL,TE Connectivity
169:TEMD,Templeton Emerging Markets Debt ETF
169:TEMR,T. Rowe Price Emerging Markets Equity Research ETF
169:TEN,Tsakos Energy Navigation
169:TENpE,Tsakos Energy Navigation Pref E
169:TENpF,Tsakos Energy Navigation Pref F
169:TEO,Telecom Argentina
169:TEQI,T. Rowe Price Equity Income ETF
169:TESL,Simplify Volt TSLA Revolution ETF
169:TEVA,Teva Pharmaceutical
169:TEX,Terex
169:TEXU,Direxion Daily Energy Top 5 Bull 2X ETF
169:TFC,Truist Financial
169:TFCpI,Truist Financial Pref I ADR
169:TFCpO,Truist Financial Pref O ADR
169:TFCpR,Truist Financial Pref R ADR
169:TFFI,Chesapeake Trend-Following Fixed Income ETF
169:TFI,State Street SPDR Nuveen ICE Municipal Bond ETF
169:TFII,TFI International
169:TFIN,Triumph Financial
169:TFINp,Triumph Financial Pref C ADR
169:TFLO,iShares Treasury Floating Rate Bond ETF
169:TFLR,T. Rowe Price Floating Rate ETF
169:TFPM,Triple Flag
169:TFPN,Blueprint Chesapeake Multi-Asset Trend ETF
169:TFX,Teleflex
169:TG,Tredegar
169:TGE,The Generation
169:TGLB,T. Rowe Price Global Equity ETF
169:TGLS,Tecnoglass
169:TGNA,TEGNA
169:TGRT,T.Rowe Price Growth ETF
169:TGRW,T. Rowe Price Growth Stock ETF
169:TGS,Gas Transporter
169:TGT,Target
169:THC,Tenet
169:THD,iShares MSCI Thailand ETF
169:THEQ,T. Rowe Price Hedged Equity ETF
169:THG,The Hanover Insurance Group
169:THIR,THOR Index Rotation ETF
169:THLV,THOR Equal Weight Low Volatility ETF
169:THNQ,ROBO Global Artificial Intelligence ETF
169:THNR,Amplify Weight Loss Drug & Treatment ETF
169:THO,Thor Industries
169:THQ,Abrdn Healthcare Opportunities Fund
169:THR,Thermon Group
169:THRO,iShares U.S. Thematic Rotation Active ETF
169:THTA,SoFi Enhanced Yield ETF
169:THW,Abrdn World Healthcare Fund
169:THY,Toews Agility Shares Dynamic Tactical Income ETF
169:THYF,T. Rowe Price U.S. High Yield ETF
169:TIC,TIC
169:TIER,T. Rowe Price International Equity Research ETF
169:TIIV,AAM Todd International Intrinsic Value ETF
169:TILL,Teucrium Agricultural Strategy No K-1 ETF
169:TIMB,TIM
169:TIME,Clockwise U.S. Core Equity ETF
169:TINS,Templeton International Insights ETF
169:TINT,ProShares Smart Materials ETF
169:TINY,ProShares Nanotechnology ETF
169:TIP,iShares TIPS Bond ETF
169:TIPA,Northern Trust 2030 Inflation-Linked Distributing Ladder ETF
169:TIPB,Northern Trust 2035 Inflation-Linked Distributing Ladder ETF
169:TIPC,Northern Trust 2045 Inflation-Linked Distributing Ladder ETF
169:TIPD,Northern Trust 2055 Inflation-Linked Distributing Ladder ETF
169:TIPX,State Street SPDR Bloomberg 1-10 Year TIPS ETF
169:TIPZ,PIMCO Broad U.S. TIPS Index Exchange-Traded Fund
169:TISI,Team
169:TJX,The Tjx
169:TK,Teekay
169:TKC,Turkcell
169:TKNQ,Amplify Tokenization Technology ETF
169:TKO,TKO Group Holdings
169:TKR,The Timken
169:TLCI,Touchstone International Equity ETF
169:TLH,iShares 10-20 Year Treasury Bond ETF
169:TLK,Telekomunikasi Indonesia
169:TLTD,FlexShares Morningstar Developed Markets ex-US Factor Tilt Index Fund
169:TLTE,FlexShares Morningstar Emerging Markets Factor Tilt Index Fund
169:TLYS,Tilly's
169:TM,Toyota Motor
169:TME,Tencent Music
169:TMF,Direxion Daily 20+ Year Treasury Bull 3X ETF
169:TMH,Toyota Motor Corporation ADRhedged
169:TMHC,Taylor Morrison Home
169:TMLP,Tortoise MLP ETF
169:TMO,Thermo Fisher
169:TMSL,T.Rowe Price Small-Mid Cap ETF
169:TMV,Direxion Daily 20+ Year Treasury Bear 3X ETF
169:TMVE,Thrivent Mid Cap Value ETF
169:TNA,Direxion Daily Small Cap Bull 3X ETF
169:TNC,Tennant
169:TNET,Trinet Group
169:TNGY,Tortoise Energy Fund
169:TNK,Teekay Tankers
169:TNL,Travel + Leisure
169:TNUK,Tortoise Nuclear Renaissance ETF
169:TOAK,Twin Oak Short Horizon Absolute Return ETF
169:TOGA,Tremblant Global ETF
169:TOK,iShares MSCI Kokusai ETF
169:TOL,Toll Brothers
169:TOLZ,ProShares DJ Brookfield Global Infrastructure ETF
169:TOPC,iShares S&P 500 3% Capped ETF
169:TOPT,iShares Top 20 U.S. Stocks ETF
169:TOST,Toast
169:TOT,LionShares U.S. Equity Total Return ETF
169:TOTL,State Street DoubleLine Total Return Tactical ETF
169:TOTR,T. Rowe Price Total Return ETF
169:TOUS,T.Rowe Price International Equity ETF
169:TOV,JLens 500 Jewish Advocacy U.S. ETF
169:TPB,Turning Point Brands
169:TPC,Tutor Perini
169:TPH,Tri Pointe Homes
169:TPHD,Timothy Plan High Dividend Stock ETF
169:TPIF,Timothy Plan International ETF
169:TPL,Texas Pacific Land
169:TPLC,Timothy Plan U.S. Large/Mid Cap Core ETF
169:TPOR,Direxion Daily Transportation Bull 3X ETF
169:TPR,Tapestry
169:TPRY,VistaShares Target 15 TEPRTantrum Contrarian Distribution ETF
169:TPSC,Timothy Plan US Small Cap Core ETF
169:TPVG,TriplePoint
169:TPYP,Tortoise North American Pipeline Fund
169:TPZ,Tortoise Electrification Infrastructure ETF
169:TR,Tootsie Roll
169:TRAD.U,Apex Tech Acquisition-U
169:TRAK,ReposiTrak
169:TRC,Tejon Ranch
169:TREX,Trex
169:TRFK,Pacer Data and Digital Revolution ETF
169:TRFM,AAM Transformers ETF
169:TRGP,Targa Resources
169:TRN,Trinity Industries
169:TRND,Pacer Trendpilot Fund of Funds ETF
169:TRNO,Terreno Realty
169:TROT,Invesco MSCI Treasury Duration Rotation ETF
169:TROX,Tronox Holdings
169:TRP,TC Energy
169:TRTNpA,Triton International Pref A
169:TRTNpB,Triton International Pref B
169:TRTNpC,Triton International Pref C
169:TRTNpD,Triton International Pref D
169:TRTNpE,Triton International Pref E
169:TRTNpF,Triton International Pref F
169:TRTNpG,Triton International Pref G
169:TRTX,TPG RE Finance Trust
169:TRTXpC,TPG RE Finance Pref C
169:TRU,TransUnion
169:TRV,The Travelers Companies
169:TS,Tenaris
169:TSCV,Thrivent Small Cap Value ETF
169:TSEC,Touchstone Securitized Income ETF
169:TSES,Truth Social American Energy Security ETF
169:TSI,Tcw Strategic Income Fund
169:TSIC,Truth Social American Icons ETF
169:TSIr,
169:TSLI,ProShares Ultra TSLA
169:TSLX,Sixth Street Specialty Lending
169:TSLY,YieldMax TSLA Option Income Strategy ETF
169:TSM,TSMC
169:TSME,Thrivent Small-Mid Cap Equity ETF
169:TSMY,YieldMax TSM Option Income Strategy ETF
169:TSN,Tyson Foods
169:TSNF,Truth Social American Next Frontiers ETF
169:TSPA,T. Rowe Price U.S. Equity Research ETF
169:TSQ,Townsquare Media
169:TSRS,Truth Social American Red State REITs ETF
169:TSSD,Truth Social American Security & Defense ETF
169:TSXD,Direxion Daily Semiconductors Top 5 Bear 2X ETF
169:TSXU,Direxion Daily Semiconductors Top 5 Bull 2X ETF
169:TT,Trane Technologies
169:TTAM,Titan America
169:TTC,The Toro
169:TTE,TotalEnergies
169:TTI,Tetra Technologies
169:TTOP,21Shares FTSE Crypto 10 Index ETF
169:TTT,ProShares UltraPro Short 20+ Year Treasury
169:TTXD,Direxion Daily Technology Top 5 Bear 2X ETF
169:TTXU,Direxion Daily Technology Top 5 Bull 2X ETF
169:TU,Telus
169:TUA,Simplify Short Term Treasury Futures Strategy ETF
169:TUSB,Thrivent Ultra Short Bond ETF
169:TUYA,Tuya
169:TV,Grupo Televisa
169:TVAL,T.Rowe Price Value ETF
169:TWI,Titan International
169:TWLO,Twilio
169:TWM,ProShares UltraShort Russell2000
169:TWN,Taiwan Fund
169:TWO,Two Harbors
169:TWOpA,Two Harbors Pref A
169:TWOpB,Two Harbors Pref B
169:TWOpC,Two Harbors Pref C
169:TX,Ternium
169:TXBC,21Shares FTSE Crypto 10 ex-BTC Index ETF
169:TXNM,TXNM Energy
169:TXO,TXO Partners
169:TXS,Texas Capital Texas Equity Index ETF
169:TXT,Textron
169:TXXI,BondBloxx IR+M Tax-Aware Intermediate Duration ETF
169:TY,Tri-Continental
169:TYD,Direxion Daily 7-10 Year Treasury Bull 3X ETF
169:TYG,Tortoise Energy
169:TYL,Tyler Technologies
169:TYLG,Global X Information Technology Covered Call & Growth ETF
169:TYO,Direxion Daily 7-10 Year Treasury Bear 3X ETF
169:TYp,Tri-Continental Pref
169:TZA,Direxion Daily Small Cap Bear 3X ETF
169:TpA,AT&T Pref A ADR
169:TpC,AT&T Pref C ADR
169:U,Unity
169:UA,Under Armour C
169:UAA,Under Armour
169:UAMY,United States Antimony
169:UAN,CVR Partners
169:UBER,Uber Technologies
169:UBOT,"Direxion Daily Robotics, Artificial Intelligence & Automation Index Bull 2X ETF"
169:UBR,ProShares Ultra MSCI Brazil Capped
169:UBS,UBS Group
169:UBT,ProShares Ultra 20+ Year Treasury
169:UCB,United Community Banks
169:UCC,ProShares Ultra Consumer Discretionary
169:UCIB,ETRACS CMCI Total Return ETN Series B
169:UCO,ProShares Ultra Bloomberg Crude Oil
169:UCON,First Trust Smith Unconstrained Bond ETF
169:UDI,USCF Dividend Income Fund
169:UDIV,Franklin U.S. Core Dividend Tilt Index ETF
169:UDN,Invesco DB U.S. Dollar Index Bearish Fund
169:UDOW,ProShares UltraPro Dow30
169:UDR,UDR
169:UE,Urban Edge
169:UFI,Unifi
169:UGA,United States Gasoline Fund LP
169:UGE,ProShares Ultra Consumer Staples
169:UGI,UGI
169:UGL,ProShares Ultra Gold
169:UGP,Ultrapar Holdings
169:UHAL,U-Haul Holding
169:UHAL.B,U-Haul Holding N
169:UHS,Universal Health
169:UHT,Universal Health
169:UI,Ubiquiti
169:UIS,Unisys
169:UJB,ProShares Ultra High Yield
169:UL,Unilever
169:ULE,ProShares Ultra Euro
169:ULS,UL Solutions
169:ULST,State Street Ultra Short Term Bond ETF
169:ULTY,YieldMax Ultra Option Income Strategy ETF
169:UMC,UMC
169:UMDD,ProShares UltraPro MidCap400
169:UMH,UMH Properties
169:UMHpD,UMH Properties Pref D
169:UMI,USCF Midstream Energy Income Fund
169:UNF,Unifirst
169:UNFI,United Natural Foods
169:UNG,United States Natural Gas Fund LP
169:UNH,UnitedHealth Group
169:UNL,United States 12 Month Natural Gas Fund LP
169:UNM,Unum Group
169:UNP,Union Pacific
169:UP,Wheels Up Experience
169:UPAR,UPAR Ultra Risk Parity ETF
169:UPGD,Invesco Bloomberg Analyst Rating Improvers ETF
169:UPRO,ProShares UltraPro S&P500
169:UPS,United Parcel
169:UPV,ProShares Ultra FTSE Europe
169:UPW,ProShares Ultra Utilities
169:URA,Global X Uranium ETF
169:URAA,Direxion Daily Uranium Industry Bull 2X ETF
169:URE,ProShares Ultra Real Estate
169:URI,United Rentals
169:URNM,Sprott Uranium Miners ETF
169:URSP,ProShares Ultra S&P 500 Equal Weight
169:URTH,iShares MSCI World ETF
169:URTY,ProShares UltraPro Russell2000
169:USA,Liberty All Star Equity Fund
169:USAC,USA Compression
169:USAI,Pacer American Energy Infrastructure ETF
169:USB,U.S. Bancorp
169:USBpA,U.S. Bancorp Pref A ADR
169:USBpH,U.S. Bancorp Pref B ADR
169:USBpP,U.S. Bancorp Pref K ADR
169:USBpQ,U.S. Bancorp Pref L ADR
169:USBpR,U.S. Bancorp Pref M ADR
169:USBpS,U.S. Bancorp Pref O ADR
169:USCA,Xtrackers MSCI USA Climate Action Equity ETF
169:USCI,United States Commodity Index Fund
169:USD,ProShares Ultra Semiconductors
169:USDU,WisdomTree Bloomberg U.S. Dollar Bullish Fund
169:USE,USCF Energy Commodity Strategy Absolute Return Fund
169:USFD,Us Foods Holding
169:USFE,First Eagle US Equity ETF
169:USFR,WisdomTree Floating Rate Treasury Fund
169:USG,USCF Gold Strategy Plus Income Fund ETF
169:USL,United States 12 Month Oil Fund LP
169:USMD,CoreValues America First Technology ETF
169:USML,ETRACS 2x Leveraged MSCI US Minimum Volatility Factor TR ETN
169:USNA,Usana Health Sciences
169:USNG,Amplify Samsung U.S. Natural Gas Infrastructure ETF
169:USNZ,Xtrackers Net Zero Pathway Paris Aligned US Equity ETF
169:USO,United States Oil Fund LP
169:USPH,U.S. Physical Therapy
169:USPX,Franklin U.S. Equity Index ETF
169:USRT,iShares Core U.S. REIT ETF
169:USSE,Segall Bryant & Hamill Select Equity ETF
169:USSG,Xtrackers MSCI USA Selection Equity ETF
169:UST,ProShares Ultra 7-10 Year Treasury
169:UTES,Virtus Reaves Utilities ETF
169:UTF,Cohen & Steers Infrastructure Fund
169:UTI,Universal Technical Institute
169:UTL,Unitil
169:UTSL,Direxion Daily Utilities Bull 3X ETF
169:UTZ,Utz Brands
169:UUP,Invesco DB U.S. Dollar Index Bullish Fund
169:UVE,Universal Insurance Holdings
169:UVV,Universal
169:UWM,ProShares Ultra Russell2000
169:UWMC,UWM Holdings
169:UXI,ProShares Ultra Industrials
169:UXRP,ProShares Ultra XRP ETF
169:UYG,ProShares Ultra Financials
169:UYM,ProShares Ultra Materials
169:V,Visa
169:VABS,Virtus Newfleet ABS/MBS ETF
169:VAC,Marriott Vacations Worldwide
169:VACI,Viking Acquisition I
169:VACI.U,Viking Acquisition I-U
169:VACI.WS,
169:VAL,Valaris
169:VAL.WS,
169:VALE,Vale
169:VALQ,American Century U.S. Quality Value ETF
169:VATE,INNOVATE
169:VAW,Vanguard Materials ETF
169:VB,Vanguard Small-Cap ETF
169:VBF,Invesco Bond Fund
169:VBK,Vanguard Small-Cap Growth ETF
169:VBND,Vident U.S. Bond Strategy ETF
169:VBR,Vanguard Small-Cap Value ETF
169:VCLN,Virtus Duff & Phelps Clean Energy ETF
169:VCOB,Voya Core Bond ETF
169:VCR,Vanguard Consumer Discretionary ETF
169:VCV,Invesco California Value Municipal Income Trust
169:VDC,Vanguard Consumer Staples ETF
169:VDE,Vanguard Energy ETF
169:VDI,Virtus International Dividend ETF
169:VEA,Vanguard FTSE Developed Markets ETF
169:VEEV,Veeva Systems
169:VEGA,AdvisorShares STAR Global Buy-Write ETF
169:VEGI,iShares MSCI Agriculture Producers ETF
169:VEL,Velocity Financial
169:VEM,Virtus Emerging Markets Dividend ETF
169:VEMY,Virtus Stone Harbor Emerging Markets High Yield Bond ETF
169:VERS,ProShares Metaverse ETF
169:VET,Vermilion Energy
169:VETZ,Academy Veteran Bond ETF
169:VEU,Vanguard FTSE All-World ex-US ETF
169:VEXC,Vanguard Emerging Markets ex-China ETF
169:VFC,V.F.
169:VFH,Vanguard Financials ETF
169:VG,Venture Global
169:VGI,Virtus Global Multi-Sector Income Fund
169:VGK,Vanguard FTSE Europe ETF
169:VGM,Invesco Trust For Investment Grade Municipals
169:VGRO,Virtus Silvant Growth Opportunities ETF
169:VGT,Vanguard Information Technology ETF
169:VGVT,Vanguard Government Securities Active ETF
169:VHI,Valhi
169:VHT,Vanguard Health Care ETF
169:VIA,Via Transportation
169:VICE,AdvisorShares Vice ETF
169:VICI,VICI Properties
169:VIDI,Vident International Equity Strategy ETF
169:VIG,Vanguard Dividend Appreciation ETF
169:VIK,Viking
169:VIOG,Vanguard S&P Small-Cap 600 Growth ETF
169:VIOO,Vanguard S&P Small-Cap 600 ETF
169:VIOV,Vanguard S&P Small-Cap 600 Value ETF
169:VIPS,Vipshop Holdings
169:VIRT,Virtu Financial
169:VIS,Vanguard Industrials ETF
169:VIST,Vista Energy
169:VIV,Telefonica Brazil
169:VKQ,Invesco Municipal Trust
169:VLLU,Harbor AlphaEdge Large Cap Value ETF
169:VLN,Valens Semiconductor
169:VLN.WS,
169:VLO,Valero Energy
169:VLRS,Volaris Aviation Holding
169:VLT,Invesco High Income Trust Ii
169:VLTO,Veralto
169:VLU,State Street SPDR S&P 1500 Value Tilt ETF
169:VMC,Vulcan Materials
169:VMI,Valmont Industries
169:VMO,Invesco Municipal Opportunity Trust
169:VMSB,Voya Multi-Sector Income ETF
169:VNAM,Global X MSCI Vietnam ETF
169:VNIE,Vontobel International Equity Active ETF
169:VNLA,Janus Henderson Short Duration Income ETF
169:VNO,Vornado Realty Trust
169:VNOpL,Vornado Realty Trust Pref L
169:VNOpM,Vornado Realty Trust Pref M
169:VNOpN,Vornado Realty Pref N
169:VNOpO,Vornado Realty Pref O
169:VNQ,Vanguard Real Estate ETF
169:VNSE,Natixis Vaughan Nelson Select ETF
169:VNT,Vontier
169:VO,Vanguard Mid-Cap ETF
169:VOC,VOC Energy
169:VOE,Vanguard Mid-Cap Value ETF
169:VOO,Vanguard S&P 500 ETF
169:VOOG,Vanguard S&P 500 Growth ETF
169:VOOV,Vanguard S&P 500 Value ETF
169:VOT,Vanguard Mid-Cap Growth ETF
169:VOX,Vanguard Communication Services ETF
169:VOYA,Voya Financial
169:VOYApB,Voya Pref B ADR
169:VOYG,Voyager Technologies
169:VPC,Virtus Private Credit Strategy ETF
169:VPG,Vishay Precision Group
169:VPL,Vanguard FTSE Pacific ETF
169:VPU,Vanguard Utilities ETF
169:VPV,Invesco Pennsylvania Value Municipal Income Trust
169:VPX,Variant Perception Cycle Aware US Equity ETF
169:VRAI,Virtus Real Asset Income ETF
169:VRE,Veris Residential
169:VRP,Invesco Variable Rate Preferred ETF
169:VRT,Vertiv Holdings
169:VRTS,Virtus Investment Partners
169:VSCO,Victoria'S Secret
169:VSH,Vishay Intertechnology
169:VSHY,Virtus Newfleet Short Duration High Yield Bond ETF
169:VSLU,Applied Finance Valuation Large Cap ETF
169:VSS,Vanguard FTSE All-World ex-US Small-Cap ETF
169:VST,Vistra
169:VSTS,Vestis
169:VT,Vanguard Total World Stock ETF
169:VTEB,Vanguard Tax-Exempt Bond ETF
169:VTES,Vanguard Short-Term Tax-Exempt Bond ETF
169:VTEX,VTEX
169:VTG,Vanguard Total Treasury ETF
169:VTI,Vanguard Total Stock Market ETF
169:VTMX,Vesta Real Estate
169:VTN,Invesco Trust For Investment Grade New York Municipals
169:VTOL,Bristow
169:VTP,Vanguard Total Inflation-Protected Securities ETF
169:VTR,Ventas
169:VTS,Vitesse Energy
169:VTV,Vanguard Value ETF
169:VUG,Vanguard Growth ETF
169:VUS,Virtus U.S. Dividend ETF
169:VUSE,Vident U.S. Equity Strategy ETF
169:VUSI,Voya Ultra Short Income ETF
169:VV,Vanguard Large-Cap ETF
169:VVR,Invesco Senior Income Trust
169:VVV,Valvoline
169:VVX,V2X
169:VWO,Vanguard FTSE Emerging Markets ETF
169:VXF,Vanguard Extended Market ETF
169:VYLD,"Inverse VIX Short-Term Futures ETNs due March 22, 2045"
169:VYM,Vanguard High Dividend Yield ETF
169:VYX,NCR Voyix
169:VZ,Verizon
169:W,Wayfair
169:WAB,Westinghouse Air Brake
169:WAGN,Pabrai Wagons ETF
169:WAL,Western Alliance Bancorporation
169:WALpA,Western Alliance Pref A ADR
169:WANT,Direxion Daily Consumer Discretionary Bull 3X ETF
169:WAR,U.S. Global Technology and Aerospace & Defense ETF
169:WAT,Waters
169:WBI,WaterBridge Infrastructure
169:WBIF,WBI BullBear Value 3000 ETF
169:WBIG,WBI BullBear Yield 3000 ETF
169:WBIL,WBI BullBear Quality 3000 ETF
169:WBIY,WBI Power Factor High Dividend ETF
169:WBS,Webster Financial
169:WBSpF,Webster Financial Pref F ADR
169:WBSpG,Webster Financial Pref G ADR
169:WBX,Wallbox
169:WCAP,WarCap Unconstrained Equity ETF
169:WCC,Wesco International
169:WCEO,Hypatia Women CEO ETF
169:WCME,First Trust WCM Developing World Equity ETF
169:WCMI,First Trust WCM International Equity ETF
169:WCN,Waste Connections
169:WCPB,Weitz Core Plus Bond ETF
169:WD,Walker & Dunlop
169:WDEF,WisdomTree Europe Defense Fund
169:WDH,Waterdrop
169:WDI,Western Asset
169:WDIV,State Street SPDR S&P Global Dividend ETF
169:WDS,Woodside Energy
169:WDTE,Defiance S&P 500 Weekly Distribution ETF
169:WEA,Western Asset Premier Bond Fund
169:WEAT,Teucrium Wheat Fund
169:WEAV,Weave Communications
169:WEBL,Direxion Daily Dow Jones Internet Bull 3X ETF
169:WEBS,Direxion Daily Dow Jones Internet Bear 3X ETF
169:WEC,WEC Energy
169:WEEL,Peerless Option Income Wheel ETF
169:WELL,Welltower
169:WEPN,Nicholas Defense and Rare Earth Income ETF
169:WES,Western Midstream
169:WEX,WEX
169:WF,Woori Financial Group
169:WFC,Wells Fargo
169:WFCpA,Wells Fargo Pref AA ADR
169:WFCpC,Wells Fargo Pref CC ADR
169:WFCpD,Wells Fargo Pref DD ADR
169:WFCpL,Wells Fargo Pref L
169:WFCpY,Wells Fargo Pref Y ADR
169:WFCpZ,Wells Fargo Pref Z ADR
169:WFG,West Fraser Timber
169:WGO,Winnebago Industries
169:WH,Wyndham Hotels & Resorts
169:WHD,Cactus
169:WHG,Westwood Holdings
169:WHR,Whirlpool
169:WHRpA,Whirlpool Pref A ADR
169:WIA,Western Asset Inflation-Linked Income Fund
169:WINN,Harbor Long-Term Growers ETF
169:WIP,SPDR FTSE International Government Inflation-Protected Bond ETF
169:WISD,Wisdom Short Duration Income ETF
169:WIT,Wipro
169:WIW,Western Asset Inflation-Linked Opportunities & Income Fund
169:WK,Workiva
169:WKC,World Kinect
169:WLK,Westlake
169:WLKP,Westlake Chemical
169:WLTG,WealthTrust DBS Long Term Growth ETF
169:WLY,John Wiley & Sons A
169:WLYB,John Wiley & Sons B
169:WM,Waste Management
169:WMB,The Williams
169:WMK,Weis Markets
169:WMS,Advanced Drainage
169:WMSB,Weitz Multisector Bond ETF
169:WNC,Wabash National
169:WNTR,YieldMax MSTR Short Option Income Strategy ETF
169:WOLF,Wolfspeed
169:WOMN,Impact Shares Women's Empowerment ETF
169:WOR,Worthington
169:WPAC,White Pearl Acquisition
169:WPAC.U,White Pearl Acquisition-U
169:WPACr,
169:WPC,W. P. Carey
169:WPM,Wheaton Precious
169:WPP,Wpp
169:WRB,W. R. Berkley
169:WRBY,Warby Parker
169:WS,Worthington Steel
169:WSM,Williams-Sonoma
169:WSO,Watsco
169:WSO.B,Watsco B
169:WSR,Whitestone Reit
169:WST,West Pharmaceutical
169:WT,WisdomTree
169:WTI,W&T Offshore
169:WTIB,USCF Oil Plus Bitcoin Strategy Fund
169:WTID,MicroSectors Energy -3X Inverse Leveraged ETN
169:WTIU,MicroSectors Energy 3X Leveraged ETN
169:WTM,White Mountains Insurance Group
169:WTMF,WisdomTree Managed Futures Strategy Fund
169:WTPI,WisdomTree Equity Premium Income Fund
169:WTRE,WisdomTree New Economy Real Estate Fund
169:WTRG,Essential
169:WTS,Watts Water Technologies
169:WTTR,Select Water
169:WTV,WisdomTree U.S. Value Fund
169:WU,The Western Union
169:WWJD,Inspire International ETF
169:WWW,Wolverine World Wide
169:WXET,Teucrium 2x Daily Wheat ETF
169:WY,Weyerhaeuser
169:XAGG,Eaton Vance Income Opportunities ETF
169:XAR,State Street SPDR S&P Aerospace & Defense ETF
169:XB,BondBloxx B Rated USD High Yield Corporate Bond ETF
169:XBB,BondBloxx BB Rated USD High Yield Corporate Bond ETF
169:XBFR,Innovator Equity Managed 10 Buffer ETF
169:XBI,State Street SPDR S&P Biotech ETF
169:XC,WisdomTree True Emerging Markets Fund
169:XCCC,BondBloxx CCC Rated USD High Yield Corporate Bond ETF
169:XCEM,Columbia EM Core ex-China ETF
169:XCHG,AB US Equity ETF
169:XCLR,Global X S&P 500 Collar 95-110 ETF
169:XCOR,FundX ETF
169:XES,State Street SPDR S&P Oil & Gas Equipment & Services ETF
169:XFIV,BondBloxx Bloomberg Five Year Target Duration US Treasury ETF
169:XFLH,XFLH Capital
169:XFLH.U,XFLH Capital-U
169:XFLHr,
169:XFLT,XAI Octagon
169:XFLX,FundX Flexible ETF
169:XHB,State Street SPDR S&P Homebuilders ETF
169:XHE,State Street SPDR S&P Health Care Equipment ETF
169:XHLF,BondBloxx Bloomberg Six Month Target Duration US Treasury ETF
169:XHR,Xenia Hotels
169:XHS,State Street SPDR S&P Health Care Services ETF
169:XHYC,BondBloxx USD High Yield Bond Consumer Cyclicals Sector ETF
169:XHYD,BondBloxx USD High Yield Bond Consumer Non-Cyclicals Sector ETF
169:XHYE,BondBloxx USD High Yield Bond Energy Sector ETF
169:XHYF,BondBloxx USD High Yield Bond Financial & REIT Sector ETF
169:XHYH,BondBloxx USD High Yield Bond Healthcare Sector ETF
169:XHYI,BondBloxx USD High Yield Bond Industrial Sector ETF
169:XHYT,"BondBloxx USD High Yield Bond Telecom, Media & Technology Sector ETF"
169:XIDV,Franklin International Dividend Booster Index ETF
169:XIFR,XPLR
169:XITK,State Street SPDR Factset Innovative Technology ETF
169:XLB,State Street Materials Select Sector SPDR ETF
169:XLBI,State Street Materials Select Sector SPDR Premium Income ETF
169:XLC,State Street Communication Services Select Sector SPDR ETF
169:XLCI,State Street Communication Services Select Sector SPDR Premium Income ETF
169:XLE,State Street Energy Select Sector SPDR ETF
169:XLEI,State Street Energy Select Sector SPDR Premium Income ETF
169:XLF,State Street Financial Select Sector SPDR ETF
169:XLFI,State Street Financial Select Sector SPDR Premium Income ETF
169:XLG,Invesco S&P 500 Top 50 ETF
169:XLI,State Street Industrial Select Sector SPDR ETF
169:XLII,State Street Industrial Select Sector SPDR Premium Income ETF
169:XLK,State Street Technology Select Sector SPDR ETF
169:XLKI,State Street Technology Select Sector SPDR Premium Income ETF
169:XLP,State Street Consumer Staples Select Sector SPDR ETF
169:XLRE,State Street Real Estate Select Sector SPDR ETF
169:XLRI,State Street Real Estate Select Sector SPDR Premium Income ETF
169:XLSI,State Street Consumer Staples Select Sector SPDR Premium Income ETF
169:XLSR,State Street US Sector Rotation ETF
169:XLU,State Street Utilities Select Sector SPDR ETF
169:XLUI,State Street Utilities Select Sector SPDR Premium Income ETF
169:XLV,State Street Health Care Select Sector SPDR ETF
169:XLVI,State Street Health Care Select Sector SPDR Premium Income ETF
169:XLY,State Street Consumer Discretionary Select Sector SPDR ETF
169:XLYI,State Street Consumer Discretionary Select Sector SPDR Premium Income ETF
169:XME,State Street SPDR S&P Metals & Mining ETF
169:XMHQ,Invesco S&P Midcap Quality ETF
169:XMLV,Invesco S&P MidCap Low Volatility ETF
169:XMMO,Invesco S&P Midcap Momentum ETF
169:XMVM,Invesco S&P MidCap Value with Momentum ETF
169:XNAV,FundX Aggressive ETF
169:XNTK,State Street SPDR NYSE Technology ETF
169:XOEF,iShares S&P 500 ex S&P 100 ETF
169:XOM,Exxon Mobil
169:XOMO,YieldMax XOM Option Income Strategy ETF
169:XONE,BondBloxx Bloomberg One Year Target Duration US Treasury ETF
169:XOP,State Street SPDR S&P Oil & Gas Exploration & Production ETF
169:XPAY,Roundhill S&P 500 Target 20 Managed Distribution ETF
169:XPER,Xperi
169:XPEV,Xpeng
169:XPH,State Street SPDR S&P Pharmaceuticals ETF
169:XPND,First Trust Expanded Technology ETF
169:XPO,XPO
169:XPOF,Xponential Fitness
169:XPP,ProShares Ultra FTSE China 50
169:XPRO,Expro Group
169:XRLX,FundX Conservative ETF
169:XRMI,Global X S&P 500 Risk Managed Income ETF
169:XRN,Chiron Real
169:XRNpA,Chiron Real Pref A
169:XRNpB,Chiron Real Pref B
169:XRP,Bitwise XRP ETF
169:XRPZ,Franklin XRP ETF
169:XRT,State Street SPDR S&P Retail ETF
169:XSD,State Street SPDR S&P Semiconductor ETF
169:XSLV,Invesco S&P SmallCap Low Volatility ETF
169:XSMO,Invesco S&P SmallCap Momentum ETF
169:XSOE,WisdomTree Emerging Markets ex-State-Owned Enterprises Fund
169:XSVM,Invesco S&P SmallCap Value with Momentum ETF
169:XSVN,BondBloxx Bloomberg Seven Year Target Duration US Treasury ETF
169:XSW,State Street SPDR S&P Software & Services ETF
169:XTEN,BondBloxx Bloomberg Ten Year Target Duration US Treasury ETF
169:XTL,State Street SPDR S&P Telecom ETF
169:XTN,State Street SPDR S&P Transportation ETF
169:XTR,Global X S&P 500 Tail Risk ETF
169:XTRE,BondBloxx Bloomberg Three Year Target Duration US Treasury ETF
169:XTWO,BondBloxx Bloomberg Two Year Target Duration US Treasury ETF
169:XTWY,BondBloxx Bloomberg Twenty Year Target Duration US Treasury ETF
169:XUDV,Franklin U.S. Dividend Booster Index ETF
169:XV,Simplify Target 15 Distribution ETF
169:XXI,Twenty One
169:XXRP,Teucrium 2x Long Daily XRP ETF
169:XXV,Simplify Ancorato Target 25 Distribution ETF
169:XYF,X Financial
169:XYL,Xylem
169:XYLD,Global X S&P 500 Covered Call ETF
169:XYLG,Global X S&P 500 Covered Call & Growth ETF
169:XYZ,Block
169:XYZY,YieldMax XYZ Option Income Strategy ETF
169:XZO,Exzeo Group
169:YALA,Yalla Group
169:YALL,God Bless America ETF
169:YANG,Direxion Daily FTSE China Bear 3X ETF
169:YBIT,YieldMax Bitcoin Option Income Strategy ETF
169:YCL,ProShares Ultra Yen
169:YCS,ProShares UltraShort Yen
169:YCY,AA Mission II
169:YCY.U,AA Mission II-U
169:YCY.WS,
169:YEAR,AB Ultra Short Income ETF
169:YELP,Yelp
169:YETI,YETI Holdings
169:YEXT,Yext
169:YFFI,Indexperts Yield Focused Fixed Income ETF
169:YFYA,Yields for You Income Strategy A ETF
169:YGLD,Simplify Gold Strategy PLUS Income ETF
169:YINN,Direxion Daily FTSE China Bull 3X ETF
169:YLD,Principal Active High Yield ETF
169:YLDW,Westwood Enhanced Income Opportunity ETF
169:YMAG,YieldMax Magnificent 7 Fund of Option Income ETFs
169:YMAX,YieldMax Universe Fund of Option Income ETFs
169:YMM,Full Truck Alliance
169:YOLO,AdvisorShares Pure Cannabis ETF
169:YOU,Clear Secure
169:YPF,YPF Sociedad Anonima
169:YRD,Yiren Digital
169:YSG,Yatsen
169:YSS,York Space Systems
169:YUM,YUM! Brands
169:YUMC,Yum China Holdings
169:YXI,ProShares Short FTSE China 50
169:YYY,Amplify CEF High Income ETF
169:YYYM,Amplify Municipal CEF High Income ETF
169:ZBH,Zimmer Biomet
169:ZCBA,Global X Zero Coupon Bond 2030 ETF
169:ZCBB,Global X Zero Coupon Bond 2031 ETF
169:ZCBC,Global X Zero Coupon Bond 2032 ETF
169:ZCBE,Global X Zero Coupon Bond 2033 ETF
169:ZCBF,Global X Zero Coupon Bond 2034 ETF
169:ZCBG,Global X Zero Coupon Bond 2035 ETF
169:ZEPP,Zepp Health
169:ZETA,Zeta Global Holdings
169:ZETX,Defiance Daily Target 2X Long ZETA ETF
169:ZGN,Ermenegildo Zegna
169:ZH,Zhihu
169:ZHDG,ZEGA Buy and Hedge ETF
169:ZIG,The Acquirers Fund
169:ZIM,ZIM Integrated Shipping
169:ZIP,ZipRecruiter
169:ZKH,ZKH Group
169:ZROZ,PIMCO 25+ Year Zero Coupon US Treasury Index ETF
169:ZSB,USCF Sustainable Battery Metals Strategy Fund
169:ZSC,USCF Sustainable Commodity Strategy Fund
169:ZSL,ProShares UltraShort Silver
169:ZTAX,X-Square Municipal Income ETF
169:ZTO,ZTO Express
169:ZTR,Virtus Total
169:ZTS,Zoetis
169:ZVIA,Zevia
169:ZWS,Zurn Elkay Water
170:ACCS,ACCESS Newswire
170:ACU,Acme United
170:AEF,abrdn Emerging
170:AEON,AEON Biopharma
170:AGIG,Abundia Global
170:AIB,BlockchAIn
170:AIM,AIM ImmunoTech
170:AIRI,Air Industries Group
170:AMBO,Ambow Education Holding
170:AMS,American Shared
170:AMZE,Amaze Holdings
170:APT,Alpha Pro Tech
170:APUS,Apimeds
170:AREN,The Arena Group
170:ARMP,Armata Pharmaceuticals
170:ASM,Avino Silver & Gold
170:ATCH,AtlasClear Holdings
170:ATNM,Actinium
170:AUST,Austin Gold
170:AWX,Avalon Holdings
170:AXIL,AXIL Brands
170:AZTR,Azitra
170:BATL,Battalion Oil
170:BCHT,Birchtech
170:BCV,Bancroft Fund
170:BCVpA,Bancroft Fund Pref A
170:BDL,Flanigan's
170:BESS,Bimergen Energy
170:BESS.WS,
170:BGI,Birks Group
170:BHB,Bar Harbor
170:BHM,Bluerock Homes Trust
170:BKTI,BK Technologies
170:BMNR,BitMine Immersion
170:BQ,Boqii Holding
170:BRBS,Blue Ridge
170:BRIA,BrilliA
170:BRN,Barnwell Industries
170:BTG,B2gold
170:BUDA,Buda Juice
170:BURU,Nuburu
170:CANF,Can-fite Biopharma
170:CATX,Perspective
170:CCEL,Cryo-Cell
170:CET,Central Securities
170:CEV,Eaton Vance California Municipal Income Trust
170:CHOW,ChowChow Cloud
170:CIK,Credit Suisse Asset
170:CITR,CitroTech
170:CIX,CompX International
170:CKX,CKX Lands
170:CLDI,Calidi
170:CLM,Cornerstone Strategic Investment Fund
170:CMCL,Caledonia Mining
170:CMT,Core Molding
170:CNL,Collective Mining
170:COE,51talk
170:COHN,Cohen
170:CPHI,China Pharma Holdings
170:CRF,Cornerstone Total
170:CTGO,Contango ORE
170:CTM,Castellum
170:CVM,CEL-SCI
170:CVR,Chicago Rivet & Machine
170:CVU,CPI Aerostructures
170:DC,Dakota Gold
170:DDC,DDC Enterprise
170:DHY,Credit Suisse High
170:DIT,AMCON Distributing
170:DNN,Denison Mines
170:DSS,DSS
170:DVS,Dolly Varden Silver
170:DXF,Eason Technology
170:EAD,Allspring Income Opportunities Fund
170:ECF,Ellsworth Growth
170:ECFpA,Ellsworth Growth Pref A
170:EGG,ENIGMATIG
170:EIM,Eaton Vance Municipal Bond Fund
170:ELA,Envela
170:ELLO,Ellomay Capital
170:ELMD,Electromed
170:EONR,EON Resources
170:EONR.WS,
170:EP,Empire Petroleum
170:EPM,Evolution Petroleum
170:EQX,Equinox Gold
170:ERC,Allspring Multi-Sector Income Fund
170:ERH,Allspring Utilities & High Income Fund
170:ESP,Espey Mfg. & Electronics
170:EVI,EVI Industries
170:EVV,Eaton Vance Ltd Duration Income Fund
170:EXOD,Exodus Movement
170:FAX,Abrdn Asia-Pacific Income Fund
170:FCO,Abrdn Global Income Fund
170:FJET,Starfighters Space
170:FLYX,flyExclusive
170:FLYX.WS,
170:FSI,Flexible Solutions
170:FSP,Franklin Street
170:FTF,Franklin Ltd Duration Income Trust
170:FURY,Fury Gold
170:GAU,Galiano Gold
170:GBR,New Concept Energy
170:GCDT,Green Circle
170:GENC,Gencor Industries
170:GGN,"Gamco Global Gold, Natural Resources & Income Trust"
170:GGNpB,"Gamco Global Gold, Natural Resources & Income Trust Pref B"
170:GLDG,Goldmining
170:GLO,Clough Global Opportunities Fund
170:GLQ,Clough Global Equity
170:GLU,Gabelli Global Utility & Income Trust
170:GLUpA,Gabelli Global Utility & Income Trust Pref A
170:GLUpB,Gabelli Global Utility & Income Trust Pref B
170:GLV,Clough Global Dividend and Income
170:GNS,Genius Group
170:GORO,Gold Resource
170:GPUS,Hyperscale Data
170:GPUSpD,Hyperscale Data Pref D
170:GRAF,Graf Global
170:GRAF.U,Graf Global-U
170:GRAF.WS,
170:GRF,Eagle Capital Growth Fund
170:GRO,Brazil Potash
170:GROY,Gold Royalty
170:GROY.WS,
170:GTE,Gran Tierra Energy
170:HCWC,Healthy Choice
170:HSLV,Highlander Silver
170:HYLN,Hyliion Holdings
170:IAF,Abrdn Australia Equity Fund
170:IAUX,i-80 Gold
170:IAUX.WS,
170:IBO,Impact BioMedical
170:IDR,Idaho Strategic
170:IE,Ivanhoe Electric
170:IGC,IGC Pharma
170:IHT,Innsuites
170:IMO,Imperial Oil
170:INDO,Indonesia Energy
170:INFU,Infusystem
170:INLX,Intellinetics
170:INTT,Intest
170:INUV,Inuvo
170:IOR,Income Opportunity
170:ISOU,IsoEnergy
170:ITP,IT Tech Packaging
170:ITRG,Integra Resources
170:JAGU,Jaguar Uranium
170:JMG,Jm Group
170:JOB,GEE Group
170:KAPA,Kairos Pharma
170:KNRX,Knorex
170:KULR,KULR Technology
170:LCTX,Lineage Cell
170:LEGO,Legato Merger IV
170:LEGO.U,Legato Merger IV-U
170:LEGO.WS,
170:LEGT,Legato Merger
170:LEGT.U,Legato Merger-U
170:LEGT.WS,
170:LGCY,Legacy Education
170:LGL,The LGL Group
170:LGPS,LogProstyle
170:LODE,Comstock
170:LPA,Logistic Properties
170:LSF,Laird Superfood
170:LUD,Luda Technology
170:MAIA,MAIA Biotechnology
170:MCRP,Micropolis
170:MGLD,The Marygold
170:MHH,Mastech Digital
170:MI,NFT
170:MINE,Mayfair Gold
170:MITQ,Moving iMage
170:MLSS,Milestone Scientific
170:MMA,Mixed Martial Arts
170:MPTI,M-tron Industries
170:MPU,Mega Matrix
170:MRT,Marti Technologies
170:MSN,Emerson Radio
170:MTA,Metalla Royalty
170:MTNB,Matinas Biopharma
170:MWG,Multi Ways Holdings
170:MXC,Mexco Energy
170:MYND,Mynd
170:MYO,Myomo
170:NAK,Northern Dynasty
170:NBH,Neuberger Municipal
170:NBY,Novabay
170:NCL,Northann
170:NEN,New England Realty
170:NEWP,New Pacific Metals
170:NFGC,New Found Gold
170:NG,NOVAGOLD RESOURCES
170:NGD,New Gold
170:NHC,National Healthcare
170:NHS,Neuberger High Yield
170:NML,Neuberger Energy
170:NNVC,NanoViricides
170:NRO,Neuberger Real Estate
170:NRXS,Neuraxis
170:NSRX,Nasus Pharma
170:NTIP,Network-1
170:OBE,Obsidian Energy
170:OGEN,Oragenics
170:OPHC,OptimumBank Holdings
170:OPPpC,RiverNorth Pref C
170:OPTT,Ocean Power
170:ORLA,Orla Mining
170:OSTX,OS Therapies
170:OTH,Off The Hook YS
170:OZ,Belpointe PREP-U
170:PAPL,Pineapple Financial
170:PCGpA,Pacific Gas And Electric Pref A
170:PCGpB,Pacific Gas And Electric Pref B
170:PCGpC,Pacific Gas And Electric Pref C
170:PCGpD,Pacific Gas And Electric Pref D
170:PCGpE,Pacific Gas And Electric Pref E
170:PCGpG,Pacific Gas And Electric Pref G
170:PCGpH,Pacific Gas And Electric Pref H
170:PCGpI,Pacific Gas And Electric Pref I
170:PED,PEDEVCO
170:PHGE,BiomX
170:PHXEp,Phoenix Energy Pref A
170:PLAG,Planet Green
170:PLG,Platinum Group
170:PLX,Protalix
170:PMI,Picard Medical
170:PMNT,Perfect Moment
170:POAS,Phaos Technology
170:PRK,Park National
170:PTHS,Pelthos Therapeutics
170:PTN,Palatin Technologies
170:PW,Power REIT
170:PWpA,Power REIT Pref A
170:PZG,Paramount Gold
170:QNC,Quantum eMotion
170:RCG,Renn Fund
170:REED,Reed's
170:REI,Ring Energy
170:REPX,Riley Exploration
170:RGNT,Regentis
170:RLGT,Radiant Logistics
170:ROLR,High Roller
170:RVP,Retractable
170:RYDE,Ryde Group
170:SACH,Sachem Capital
170:SACHpA,Sachem Capital Pref A
170:SBEV,Splash Beverage
170:SEB,Seaboard
170:SER,Serina Therapeutics
170:SIF,Sifco Industries
170:SIM,Group Simec
170:SLI,Standard Lithium
170:SLND,Southland
170:SLND.WS,
170:SLSR,Solaris
170:SMJF,SMJ International
170:SOAR,Volato Group
170:SRXH,SRx Health
170:STRW,Strawberry
170:STXS,Stereotaxis
170:SVM,Silvercorp Metals
170:SYNX,Silynxcom
170:TCGL,TechCreate
170:TGB,Taseko Mines
170:TGE.WS,
170:TGEN,Tecogen
170:THM,International Tower
170:TII,Titan Mining
170:TMDE,TMD Energy
170:TMP,Tompkins Financial
170:TMQ,Trilogy Metals
170:TOON,Kartoon Studios
170:TOPP,Toppoint Holdings
170:TOPS,Top Ships
170:TOVX,Theriva Biologics
170:TPET,Trio Petroleum
170:TRT,Trio-Tech
170:TRX,TRX Gold
170:UAC,United Acquisition I
170:UAC.U,United Acquisition I-U
170:UAC.WS,
170:UAVS,AgEagle Aerial Systems
170:UEC,Uranium Energy
170:UMAC,Unusual Machines
170:URG,Ur-Energy
170:USAS,Americas Gold
170:USBC,USBC
170:UTG,Reaves Utility Income Fund
170:UUU,Universal Safety
170:UUUU,Energy Fuels
170:VENU,Venu Holding
170:VFL,Abrdn National Municipal Income Fund
170:VGZ,Vista Gold
170:VKI,Invesco Advantage Municipal Income Trust Ii
170:VNRX,Volitionrx
170:VNTG,Vantage
170:VTAK,Catheter Precision
170:VZLA,Vizsla Silver
170:WRN,Western Copper and Gold
170:WWR,Westwater Resources
170:WYY,Widepoint
170:XPL,Solitario Resources
170:XTNT,Xtant Medical
170:YCBD,cbdMD
170:ZDGE,Zedge
170:ZONE,CleanCore Solutions
171:AAAA,Amplius Aggressive Asset Allocation ETF
171:AAAU,Goldman Sachs Physical Gold ETF
171:AAPR,Innovator Equity Defined Protection ETF – 2 Yr to April 2026
171:AAPW,Roundhill AAPL WeeklyPay ETF
171:AAPX,T-Rex 2X Long Apple Daily Target ETF
171:AAPY,Kurv Yield Premium Strategy Apple (AAPL) ETF
171:AAUM,Tema Alternative Asset Managers ETF
171:ABFL,Abacus FCF Leaders ETF
171:ABLD,Abacus FCF Real Assets Leaders ETF
171:ABLG,Abacus FCF International Leaders ETF
171:ABLS,Abacus FCF Small Cap Leaders ETF
171:ABOT,Abacus FCF Innovation Leaders ETF
171:ABXB,Abacus Flexible Bond Leaders ETF
171:ACIO,Aptus Collared Investment Opportunity ETF
171:ACSG,American Century Small Cap Growth Insights ETF
171:ACSI,American Customer Satisfaction ETF
171:ACSV,American Century Small Cap Value Insights ETF
171:ACWV,iShares MSCI Global Min Vol Factor ETF
171:ADFI,Anfield Dynamic Fixed Income ETF
171:ADME,Aptus Drawdown Managed Equity ETF
171:AEMS,Anfield Enhanced Market ETF
171:AESR,Anfield U.S. Equity Sector Rotation ETF
171:AFIF,Anfield Universal Fixed Income ETF
171:AFRU,T-REX 2X Long AFRM Daily Target ETF
171:AIOO,AllianzIM U.S. Equity Buffer100 Protection ETF
171:AJAN,Innovator Equity Defined Protection ETF – 2 Yr to January 2026
171:AJUL,Innovator Equity Defined Protection ETF – 2 Yr to July 2026
171:AMDW,Roundhill AMD WeeklyPay ETF
171:AMZP,Kurv Yield Premium Strategy Amazon (AMZN) ETF
171:AMZW,Roundhill AMZN WeeklyPay ETF
171:AOCT,Innovator Equity Defined Protection ETF – 2 Yr to October 2026
171:APHU,T-Rex 2X Long APH Daily Target ETF
171:APLX,Tradr 2X Long APLD Daily ETF
171:APLZ,Tradr 2X Short APLD Daily ETF
171:APOC,Innovator Equity Defined Protection ETF – 6mo Apr/Oct
171:APRB,Aptus April Buffer ETF
171:APRH,Innovator Premium Income 20 Barrier ETF – April
171:APRJ,Innovator Premium Income 30 Barrier ETF – April
171:APRP,PGIM S&P 500 Buffer 12 ETF – April
171:APRT,AllianzIM U.S. Large Cap Buffer10 Apr ETF
171:APRW,AllianzIM U.S. Large Cap Buffer20 Apr ETF
171:APRZ,TrueShares Structured Outcome ETF - April
171:APXM,FT Vest U.S. Equity Max Buffer ETF – April
171:AQEC,AQE Core ETF
171:AQLT,iShares MSCI Global Quality Factor ETF
171:ARCM,Arrow Reserve Capital Management ETF
171:ARCX,Tradr 2X Long ACHR Daily ETF
171:ARKB,ARK 21Shares Bitcoin ETF
171:ARKD,ARK DIET Q1 Buffer ETF
171:ARKF,ARK Blockchain & Fintech Innovation ETF
171:ARKG,ARK Genomic Revolution ETF
171:ARKK,ARK Innovation ETF
171:ARKQ,ARK Autonomous Technology & Robotics ETF
171:ARKT,ARK DIET Q4 Buffer ETF
171:ARKW,ARK Next Generation Internet ETF
171:ARKX,ARK Space & Defense Innovation ETF
171:ARLU,AllianzIM U.S. Equity Buffer15 Uncapped Apr ETF
171:ARMW,Roundhill ARM WeeklyPay ETF
171:ARWG,Archer Growth ETF
171:ASTN,Defiance Daily Target 2X Short ASTS ETF
171:ASTX,Tradr 2X Long ASTS Daily ETF
171:ATMP,iPath Select MLP ETN
171:ATTR,Arin Tactical Tail Risk ETF
171:AUGM,FT Vest U.S. Equity Max Buffer ETF–August
171:AUGP,PGIM S&P 500 Buffer 12 ETF – August
171:AUGT,AllianzIM U.S. Large Cap Buffer10 Aug ETF
171:AUGU,AllianzIM U.S. Equity Buffer15 Uncapped Aug ETF
171:AUGW,AllianzIM U.S. Large Cap Buffer20 Aug ETF
171:AUGZ,TrueShares Structured Outcome ETF - August
171:AVGW,Roundhill AVGO WeeklyPay ETF
171:AVRY,Avory Foundational ETF
171:BABW,Roundhill BABA WeeklyPay ETF
171:BAGY,Amplify Bitcoin Max Income Covered Call ETF
171:BALI,iShares U.S. Large Cap Premium Income Active ETF
171:BALT,Innovator Defined Wealth Shield ETF
171:BAMA,Brookstone Active ETF
171:BAMB,Brookstone Intermediate Bond ETF
171:BAMD,Brookstone Dividend Stock ETF
171:BAMG,Brookstone Growth Stock ETF
171:BAMO,Brookstone Opportunities ETF
171:BAMU,Brookstone Ultra-Short Bond ETF
171:BAMV,Brookstone Value Stock ETF
171:BAMY,Brookstone Yield ETF
171:BAPR,Innovator U.S. Equity Buffer ETF - April
171:BAUG,Innovator U.S. Equity Buffer ETF - August
171:BBAX,JPMorgan BetaBuilders Developed Asia Pacific ex-Japan ETF
171:BBCA,JPMorgan BetaBuilders Canada ETF
171:BBEM,JPMorgan BetaBuilders Emerging Markets Equity ETF
171:BBEU,JPMorgan BetaBuilders Europe ETF
171:BBHY,JPMorgan BetaBuilders USD High Yield Corporate Bond ETF
171:BBIB,JPMorgan BetaBuilders U.S. Treasury Bond 3-10 Year ETF
171:BBIN,JPMorgan BetaBuilders International Equity ETF
171:BBJP,JPMorgan BetaBuilders Japan ETF
171:BBLB,JPMorgan BetaBuilders U.S. Treasury Bond 20+ Year ETF
171:BBRE,JPMorgan BetaBuilders MSCI U.S. REIT ETF
171:BBSB,JPMorgan BetaBuilders U.S. Treasury Bond 1-3 Year ETF
171:BBUS,JPMorgan BetaBuilders U.S. Equity ETF
171:BCCC,Global X Bitcoin Covered Call ETF
171:BCHP,Principal Focused Blue Chip ETF
171:BCKT,LifeX 2030 Income Bucket ETF
171:BDEC,Innovator U.S. Equity Buffer ETF - December
171:BEGS,Rareview 2x Bull Cryptocurrency & Precious Metals ETF
171:BEMB,iShares J.P. Morgan Broad USD Emerging Markets Bond ETF
171:BESF,Bastion Energy ETF
171:BEX,Tradr 2X Long BE Daily ETF
171:BEZ,Tradr 2X Short BE Daily ETF
171:BFEB,Innovator U.S. Equity Buffer ETF - February
171:BFLB,BufferLABS US Equity Dynamic Buffer ETF
171:BGLD,FT Vest Gold Strategy Quarterly Buffer ETF
171:BHYB,Xtrackers USD High Yield BB-B ex Financials ETF
171:BILT,iShares Infrastructure Active ETF
171:BINV,Brandes International ETF
171:BITK,Tuttle Capital IBIT 0DTE Covered Call ETF
171:BITX,2x Bitcoin Strategy ETF
171:BITY,Amplify Bitcoin 2% Monthly Option Income ETF
171:BJAN,Innovator U.S. Equity Buffer ETF-January
171:BJUL,Innovator U.S. Equity Buffer ETF - July
171:BJUN,Innovator U.S. Equity Buffer ETF - June
171:BKGI,BNY Mellon Global Infrastructure Income ETF
171:BLDG,Cambria Global Real Estate ETF
171:BMAR,Innovator U.S. Equity Buffer ETF - March
171:BMAY,Innovator U.S. Equity Buffer ETF - May
171:BMNU,T-REX 2X Long BMNR Daily Target ETF
171:BNDY,Horizon Core Bond ETF
171:BNOV,Innovator U.S. Equity Buffer ETF-November
171:BOCT,Innovator U.S. Equity Buffer ETF - October
171:BOXA,Alpha Architect Aggregate Bond ETF
171:BOXX,Alpha Architect 1-3 Month Box ETF
171:BRKW,Roundhill BRKB WeeklyPay ETF
171:BRLN,iShares Floating Rate Loan Active ETF
171:BSEP,Innovator U.S. Equity Buffer ETF - September
171:BSMC,Brandes U.S. Small-Mid Cap Value ETF
171:BTCI,NEOS Bitcoin High Income ETF
171:BTCL,T-Rex 2X Long Bitcoin Daily Target ETF
171:BTCO,Invesco Galaxy Bitcoin ETF
171:BTCW,WisdomTree Bitcoin Fund
171:BTCZ,T-Rex 2X Inverse Bitcoin Daily Target ETF
171:BTFL,Defiance Daily Target 2X Long BITF ETF
171:BUFB,Innovator Laddered Allocation Buffer ETF
171:BUFD,FT Vest Laddered Deep Buffer ETF
171:BUFF,Innovator Laddered Allocation Power Buffer ETF
171:BUFG,FT Vest Buffered Allocation Growth ETF
171:BUFH,FT Vest Laddered Max Buffer ETF
171:BUFP,PGIM Laddered S&P 500 Buffer 12 ETF
171:BUFQ,FT Vest Laddered Nasdaq Buffer ETF
171:BUFR,FT Vest Laddered Buffer ETF
171:BUFS,FT Vest Laddered Small Cap Moderate Buffer ETF
171:BUFT,FT Vest Buffered Allocation Defensive ETF
171:BUFX,FT Vest Laddered Enhance & Moderate Buffer ETF
171:BUFY,FT Vest Laddered International Moderate Buffer ETF
171:BUFZ,FT Vest Laddered Moderate Buffer ETF
171:BUSA,Brandes U.S. Value ETF
171:BUYW,Main BuyWrite ETF
171:BUYZ,Franklin Disruptive Commerce ETF
171:BWTG,Brendan Wood TopGun ETF
171:CABZ,"Roundhill Robotaxi, Autonomous Vehicles & Technology ETF"
171:CALF,Pacer US Small Cap Cash Cows ETF
171:CAOS,Alpha Architect Tail Risk ETF
171:CBOA,Calamos Bitcoin Structured Alt Protection ETF – April
171:CBOE,Cboe Global Markets
171:CBOJ,Calamos Bitcoin Structured Alt Protection ETF – January
171:CBOL,Calamos Laddered Bitcoin Structured Alt Protection ETF
171:CBOO,Calamos Bitcoin Structured Alt Protection ETF – October
171:CBOY,Calamos Bitcoin Structured Alt Protection ETF – July
171:CBTA,Calamos Bitcoin 80 Series Structured Alt Protection ETF – April
171:CBTJ,Calamos Bitcoin 80 Series Structured Alt Protection ETF – January
171:CBTL,Calamos Laddered Bitcoin 80 Series Structured Alt Protection ETF
171:CBTO,Calamos Bitcoin 80 Series Structured Alt Protection ETF –October
171:CBTY,Calamos Bitcoin 80 Series Structured Alt Protection ETF – July
171:CBXA,Calamos Bitcoin 90 Series Structured Alt Protection ETF – April
171:CBXJ,Calamos Bitcoin 90 Series Structured Alt Protection ETF – January
171:CBXL,Calamos Laddered Bitcoin 90 Series Structured Alt Protection ETF
171:CBXO,Calamos Bitcoin 90 Series Structured Alt Protection ETF – October
171:CBXY,Calamos Bitcoin 90 Series Structured Alt Protection ETF – July
171:CCUP,T-REX 2X Long CRCL Daily Target ETF
171:CEFS,Saba Closed-End Funds ETF
171:CEFZ,RiverNorth Active Income ETF
171:CEGX,Tradr 2X Long CEG Daily ETF
171:CEMB,iShares J.P. Morgan EM Corporate Bond ETF
171:CFIT,Cambria Fixed Income Trend ETF
171:CIFU,T-REX 2X Long CIFR Daily Target ETF
171:CLSE,Convergence Long/Short Equity ETF
171:CLSX,Tradr 2X Long CLSK Daily ETF
171:CLSZ,Tradr 2X Short CLSK Daily ETF
171:CMCI,VanEck CMCI Commodity Strategy ETF
171:CNAV,Mohr Company Nav ETF
171:CNYA,iShares MSCI China A ETF
171:COHX,Tradr 2X Long COHR Daily ETF
171:COII,REX COIN Growth & Income ETF
171:COIO,Leverage Shares 2x Capped Accelerated COIN Monthly ETF
171:COIW,Roundhill COIN WeeklyPay ETF
171:COMD,Global X Commodity Strategy ETF
171:COPA,Themes Copper Miners ETF
171:CORD,T-REX 2X Inverse CRWV Daily Target ETF
171:COSW,Roundhill COST WeeklyPay ETF
171:COWZ,Pacer US Cash Cows 100 ETF
171:COZX,Tradr 2X Long CORZ Daily ETF
171:CPSL,Calamos Laddered S&P 500 Structured Alt Protection ETF
171:CRCD,T-REX 2X Inverse CRCL Daily Target ETF
171:CRDU,Tradr 2X Long CRDO Daily ETF
171:CRMX,Tradr 2X Long CRML Daily ETF
171:CRWU,T-REX 2X Long CRWV Daily Target ETF
171:CSEX,Tradr 2X Long CLS Daily ETF
171:CSM,ProShares Large Cap Core Plus
171:CSTK,Invesco Comstock Contrarian Equity ETF
171:CTEF,Castellan Targeted Equity ETF
171:CTIF,Castellan Targeted Income ETF
171:CVAR,Cultivar ETF
171:CWII,REX CRWV Growth & Income ETF
171:CWVX,Tradr 2X Long CRWV Daily ETF
171:DAPR,FT Vest U.S. Equity Deep Buffer ETF - April
171:DAUG,FT Vest U.S. Equity Deep Buffer ETF - August
171:DDEC,FT Vest U.S. Equity Deep Buffer ETF - December
171:DDFD,Innovator Equity Dual Directional 15 Buffer ETF - December
171:DDFF,Innovator Equity Dual Directional 15 Buffer ETF - February
171:DDFJ,Innovator Equity Dual Directional 15 Buffer ETF – January
171:DDFL,Innovator Equity Dual Directional 15 Buffer ETF – July
171:DDFM,Innovator Equity Dual Directional 15 Buffer ETF - March
171:DDFN,Innovator Equity Dual Directional 15 Buffer ETF - November
171:DDFO,Innovator Equity Dual Directional 15 Buffer ETF – October
171:DDFS,Innovator Equity Dual Directional 15 Buffer ETF – September
171:DDLS,WisdomTree Dynamic International SmallCap Equity Fund
171:DDNQ,Innovator Growth-100 Dual Directional 5 Buffer ETF – Quarterly
171:DDSQ,Innovator Equity Dual Directional 5 Buffer ETF – Quarterly
171:DDTD,Innovator Equity Dual Directional 10 Buffer ETF - December
171:DDTF,Innovator Equity Dual Directional 10 Buffer ETF - February
171:DDTJ,Innovator Equity Dual Directional 10 Buffer ETF – January
171:DDTL,Innovator Equity Dual Directional 10 Buffer ETF – July
171:DDTM,Innovator Equity Dual Directional 10 Buffer ETF - March
171:DDTN,Innovator Equity Dual Directional 10 Buffer ETF – November
171:DDTO,Innovator Equity Dual Directional 10 Buffer ETF – October
171:DDTS,Innovator Equity Dual Directional 10 Buffer ETF – September
171:DDV,Defined Duration 5 ETF
171:DDWM,WisdomTree Dynamic International Equity Fund
171:DDX,Defined Duration 10 ETF
171:DDXX,Defined Duration 20 ETF
171:DECM,FT Vest U.S. Equity Max Buffer ETF – December
171:DECP,PGIM S&P 500 Buffer 12 ETF – December
171:DECT,AllianzIM U.S. Large Cap Buffer10 Dec ETF
171:DECU,AllianzIM U.S. Equity Buffer15 Uncapped Dec ETF
171:DECW,AllianzIM U.S. Large Cap Buffer20 Dec ETF
171:DECZ,TrueShares Structured Outcome (December) ETF
171:DEFR,Aptus Deferred Income ETF
171:DFEB,FT Vest U.S. Equity Deep Buffer ETF - February
171:DFIC,Dimensional International Core Equity 2 ETF
171:DFIS,Dimensional International Small Cap ETF
171:DFNL,Davis Select Financial ETF
171:DGJA,FT Vest U.S. Equity Buffer & Digital Return ETF - January
171:DGOC,FT Vest U.S. Equity Buffer & Digital Return ETF–October
171:DHDG,FT Vest U.S. Equity Quarterly 2.5 to 15 Buffer ETF
171:DIHP,Dimensional International High Profitability ETF
171:DINT,Davis Select International ETF
171:DISV,Dimensional International Small Cap Value ETF
171:DIVB,iShares Core Dividend ETF
171:DIVN,Horizon Dividend Income ETF
171:DJAN,FT Vest U.S. Equity Deep Buffer ETF - January
171:DJTU,T-REX 2X Long DJT Daily Target ETF
171:DJUL,FT Vest U.S. Equity Deep Buffer ETF - July
171:DJUN,FT Vest U.S. Equity Deep Buffer ETF - June
171:DLAG,FT Vest U.S. Equity Dual Directional Buffer ETF – August
171:DLFE,FT Vest U.S. Equity Dual Directional Buffer ETF
171:DLNV,FT Vest U.S. Equity Dual Directional Buffer ETF - November
171:DMAR,FT Vest U.S. Equity Deep Buffer ETF - March
171:DMAX,iShares Large Cap Max Buffer Dec ETF
171:DMAY,FT Vest U.S. Equity Deep Buffer ETF - May
171:DNOV,FT Vest U.S. Equity Deep Buffer ETF - November
171:DOCT,FT Vest U.S. Equity Deep Buffer ETF - October
171:DOGD,Tradr 2X Long DDOG Daily ETF
171:DOGG,FT Vest DJIA Dogs 10 Target Income ETF
171:DOJE,REX-Osprey DOGE ETF
171:DRGN,Themes China Generative Artificial Intelligence ETF
171:DRNL,Defiance 2X Daily Long Pure Drone and Aerial Automation ETF
171:DRSK,Aptus Defined Risk ETF
171:DSEP,FT Vest U.S. Equity Deep Buffer ETF - September
171:DUBS,Aptus Large Cap Enhanced Yield ETF
171:DURA,VanEck Durable High Dividend ETF
171:DUSA,Davis Select U.S. Equity ETF
171:DVVY,Invesco Diversified Dividend Opportunities ETF
171:DWLD,Davis Select Worldwide ETF
171:EALT,Innovator U.S. Equity 5 to 15 Buffer ETF – Quarterly
171:EAOA,iShares ESG Aware 80/20 Aggressive Allocation ETF
171:EAOK,iShares ESG Aware 30/70 Conservative Allocation ETF
171:EAOM,iShares ESG Aware 40/60 Moderate Allocation ETF
171:EAOR,iShares ESG Aware 60/40 Balanced Allocation ETF
171:ECH,iShares MSCI Chile ETF
171:EDEN,iShares MSCI Denmark ETF
171:EDGE,MRBL Enhanced Equity ETF
171:EEMV,iShares MSCI Emerging Markets Min Vol Factor ETF
171:EFAD,ProShares MSCI EAFE Dividend Growers ETF
171:EFAV,iShares MSCI EAFE Min Vol Factor ETF
171:EFG,iShares MSCI EAFE Growth ETF
171:EFNL,iShares MSCI Finland ETF
171:EFV,iShares MSCI EAFE Value ETF
171:EGUS,iShares ESG Aware MSCI USA Growth ETF
171:EHY,Amplify Ethereum Max Income Covered Call ETF
171:EMDV,ProShares MSCI Emerging Markets Dividend Growers ETF
171:EMGF,iShares Emerging Markets Equity Factor ETF
171:EMHY,iShares J.P. Morgan EM High Yield Bond ETF
171:EMTL,State Street DoubleLine Emerging Markets Fixed Income ETF
171:ENOR,iShares MSCI Norway ETF
171:ENPX,Tradr 2X Long ENPH Daily ETF
171:EOSU,T-REX 2X Long EOSE Daily Target ETF
171:EPRF,Innovator S&P Investment Grade Preferred ETF
171:EQLT,iShares MSCI Emerging Markets Quality Factor ETF
171:ESG,FlexShares STOXX US ESG Select Index Fund
171:ESGG,FlexShares STOXX Global ESG Select Index Fund
171:ESGV,Vanguard ESG U.S. Stock ETF
171:ESK,REX-Osprey ETH + Staking ETF
171:ESML,iShares ESG Aware MSCI USA Small-Cap ETF
171:ETHU,2X Ether ETF
171:ETHV,VanEck Ethereum ETF
171:ETTY,Amplify Ethereum 3% Monthly Option Income ETF
171:ETU,T-Rex 2X Long Ether Daily Target ETF
171:EUAD,Select STOXX Europe Aerospace & Defense ETF
171:EUDV,ProShares MSCI Europe Dividend Growers ETF
171:EUHY,iShares Euro High Yield Corporate Bond USD Hedged ETF
171:EUIG,iShares Euro Investment Grade Corporate Bond USD Hedged ETF
171:EVLU,iShares MSCI Emerging Markets Value Factor ETF
171:EVUS,iShares ESG Aware MSCI USA Value ETF
171:EWUS,iShares MSCI United Kingdom Small Cap ETF
171:EYLD,Cambria Emerging Shareholder Yield ETF
171:EZBC,Franklin Bitcoin ETF
171:EZET,Franklin Ethereum ETF
171:EZPZ,Franklin Crypto Index ETF
171:EZU,iShares MSCI Eurozone ETF
171:FAPR,FT Vest U.S. Equity Buffer ETF - April
171:FAUG,FT Vest U.S. Equity Buffer ETF – August
171:FB,ProShares S&P 500 Dynamic Buffer ETF
171:FBCG,Fidelity Blue Chip Growth ETF
171:FBCV,Fidelity Blue Chip Value ETF
171:FBTC,Fidelity Wise Origin Bitcoin Fund
171:FBUF,Fidelity Dynamic Buffered Equity ETF
171:FCLD,Fidelity Cloud Computing ETF
171:FCPI,Fidelity Stocks for Inflation ETF
171:FCTR,First Trust Lunt U.S. Factor Rotation ETF
171:FDEC,FT Vest U.S. Equity Buffer ETF - December
171:FDEM,Fidelity Emerging Markets Multifactor ETF
171:FDEV,Fidelity International Multifactor ETF
171:FDND,FT Vest Dow Jones Internet & Target Income ETF
171:FDRV,Fidelity Electric Vehicles and Future Transportation ETF
171:FEBM,FT Vest U.S. Equity Max Buffer ETF – February
171:FEBP,PGIM S&P 500 Buffer 12 ETF – February
171:FEBT,AllianzIM U.S. Large Cap Buffer10 Feb ETF
171:FEBU,AllianzIM U.S. Equity Buffer15 Uncapped Feb ETF
171:FEBW,AllianzIM U.S. Large Cap Buffer20 Feb ETF
171:FEBZ,TrueShares Structured Outcome ETF - February
171:FETH,Fidelity Ethereum Fund
171:FFDI,Fidelity Fundamental Developed International ETF
171:FFEB,FT Vest U.S. Equity Buffer ETF - February
171:FFEM,Fidelity Fundamental Emerging Markets ETF
171:FFF,Founders 100 ETF
171:FFGX,Fidelity Fundamental Global ex-U.S. ETF
171:FFLC,Fidelity Fundamental Large Cap Core ETF
171:FFLG,Fidelity Fundamental Large Cap Growth ETF
171:FFLV,Fidelity Fundamental Large Cap Value ETF
171:FFOG,Franklin Focused Growth ETF
171:FFSM,Fidelity Fundamental Small Mid Cap ETF
171:FGRU,T-REX 2X Long FIGR Daily Target ETF
171:FHDG,FT Vest U.S. Equity Quarterly Dynamic Buffer ETF
171:FHEQ,Fidelity Hedged Equity ETF
171:FJAN,FT Vest U.S. Equity Buffer ETF - January
171:FJUL,FT Vest U.S. Equity Buffer ETF - July
171:FJUN,FT Vest U.S. Equity Buffer ETF - June
171:FLAO,AllianzIM U.S. Equity 6 Month Floor5 Apr/Oct ETF
171:FLBL,Franklin Senior Loan ETF
171:FLDR,Fidelity Low Duration Bond Factor ETF
171:FLDZ,RiverNorth Patriot ETF
171:FLHY,Franklin High Yield Corporate ETF
171:FLIA,Franklin International Aggregate Bond ETF
171:FLJJ,AllianzIM U.S. Equity 6 Month Floor5 Jan/Jul ETF
171:FLOT,iShares Floating Rate Bond ETF
171:FLQL,Franklin U.S. Large Cap Multifactor Index ETF
171:FLQM,Franklin U.S. Mid Cap Multifactor Index ETF
171:FLQS,Franklin U.S. Small Cap Multifactor Index ETF
171:FLXI,Invesco Flexible Income ETF
171:FLXN,Horizon Flexible Income ETF
171:FLYT,Tradr 2X Long FLY Daily ETF
171:FMAG,Fidelity Magellan ETF
171:FMAR,FT Vest U.S. Equity Buffer ETF - March
171:FMAY,FT Vest U.S. Equity Buffer ETF - May
171:FNOV,FT Vest U.S. Equity Buffer ETF - November
171:FOCT,FT Vest U.S. Equity Buffer ETF - October
171:FORH,Formidable ETF
171:FOWF,Pacer Solactive Whitney Future of Warfare ETF
171:FPAG,FPA Global Equity ETF
171:FPAS,FPA Short Duration Government ETF
171:FPFD,Fidelity Preferred Securities & Income ETF
171:FPRO,Fidelity Real Estate Investment ETF
171:FRDM,Freedom 100 Emerging Markets ETF
171:FRNW,Fidelity Clean Energy ETF
171:FSEP,FT Vest U.S. Equity Buffer ETF - September
171:FYEE,Fidelity Yield Enhanced Equity ETF
171:FYLD,Cambria Foreign Shareholder Yield ETF
171:GAA,Cambria Global Asset Allocation ETF
171:GAPR,FT Vest U.S. Equity Moderate Buffer ETF - April
171:GARP,iShares MSCI USA Quality GARP ETF
171:GAUG,FT Vest U.S. Equity Moderate Buffer ETF - August
171:GBXA,Goldman Sachs U.S. Large Cap Buffer 1 ETF
171:GCOW,Pacer Global Cash Cows Dividend ETF
171:GDE,WisdomTree Efficient Gold Plus Equity Strategy Fund
171:GDEC,FT Vest U.S. Equity Moderate Buffer ETF - December
171:GDMA,Gadsden Dynamic Multi-Asset ETF
171:GDMN,WisdomTree Efficient Gold Plus Gold Miners Strategy Fund
171:GDT,WisdomTree Efficient TIPS Plus Gold Fund
171:GDXW,Roundhill Gold Miners WeeklyPay ETF
171:GEMD,Goldman Sachs Access Emerging Markets USD Bond ETF
171:GEVX,Tradr 2X Long GEV Daily ETF
171:GFEB,FT Vest U.S. Equity Moderate Buffer ETF - February
171:GHTA,Goose Hollow Tactical Allocation ETF
171:GHYG,iShares US & Intl High Yield Corp Bond ETF
171:GIF,REX Growth & Income Universe ETF
171:GJAN,FT Vest U.S. Equity Moderate Buffer ETF - January
171:GJUL,FT Vest U.S. Equity Moderate Buffer ETF - July
171:GJUN,FT Vest U.S. Equity Moderate Buffer ETF - June
171:GLBL,Pacer MSCI World Industry Advantage ETF
171:GLDW,Roundhill Gold WeeklyPay ETF
171:GLXU,T-REX 2X Long GLXY Daily Target ETF
171:GMAR,FT Vest U.S. Equity Moderate Buffer ETF - March
171:GMAY,FT Vest U.S. Equity Moderate Buffer ETF - May
171:GMEU,T-REX 2X Long GME Daily Target ETF
171:GMOM,Cambria Global Momentum ETF
171:GNOV,FT Vest U.S. Equity Moderate Buffer ETF - November
171:GOCT,FT Vest U.S. Equity Moderate Buffer ETF - October
171:GOLY,Strategy Shares Gold Enhanced Yield ETF
171:GOOP,Kurv Yield Premium Strategy Google (GOOGL) ETF
171:GOOW,Roundhill GOOGL WeeklyPay ETF
171:GOOX,T-Rex 2X Long Alphabet Daily Target ETF
171:GOP,Unusual Whales Subversive Republican Trading ETF
171:GOVT,iShares U.S. Treasury Bond ETF
171:GOVZ,iShares 25+ Year Treasury STRIPS Bond ETF
171:GROZ,Zacks Focus Growth ETF
171:GSEE,Goldman Sachs MarketBeta Emerging Markets Equity ETF
171:GSEP,FT Vest U.S. Equity Moderate Buffer ETF - September
171:GSEW,Goldman Sachs Equal Weight U.S. Large Cap Equity ETF
171:GSID,Goldman Sachs MarketBeta International Equity ETF
171:GSST,Goldman Sachs Ultra Short Bond ETF
171:GSUS,Goldman Sachs MarketBeta U.S. Equity ETF
171:GSWO,Goldman Sachs ActiveBeta World Equity ETF
171:GTIP,Goldman Sachs Access Inflation Protected USD Bond ETF
171:GTOC,Invesco Core Fixed Income ETF
171:GTOH,Invesco Short Duration High Yield ETF
171:GTOS,Invesco Short Duration Total Return Bond ETF
171:GVAL,Cambria Global Value ETF
171:GVI,iShares Intermediate Government/Credit Bond ETF
171:HAUS,Residential REIT ETF
171:HBTC,Fortuna Hedged Bitcoin ETF
171:HCRB,Hartford Core Bond ETF
171:HEEM,iShares Currency Hedged MSCI Emerging Markets ETF
171:HEFA,iShares Currency Hedged MSCI EAFE ETF
171:HEGD,Swan Hedged Equity US Large Cap ETF
171:HELX,Franklin Genomic Advancements ETF
171:HEMI,Hartford Equity Premium Income ETF
171:HFGO,Hartford Large Cap Growth ETF
171:HFSI,Hartford Strategic Income ETF
171:HIMU,iShares High Yield Muni Active ETF
171:HODL,VanEck Bitcoin ETF
171:HOII,REX HOOD Growth & Income ETF
171:HOOW,Roundhill HOOD WeeklyPay ETF
171:HTUS,Hull Tactical US ETF
171:HUMN,Roundhill Humanoid Robotics ETF
171:HYBL,State Street Blackstone High Income ETF
171:HYD,VanEck High Yield Muni ETF
171:HYDB,iShares High Yield Systematic Bond ETF
171:HYGW,iShares High Yield Corporate Bond BuyWrite Strategy ETF
171:HYHG,ProShares High Yield-Interest Rate Hedged ETF
171:HYIN,WisdomTree Private Credit and Alternative Income Fund
171:HYKE,Vest 2 Year Interest Rate Hedge ETF
171:IAGG,iShares Core International Aggregate Bond ETF
171:IAUI,NEOS Gold High Income ETF
171:IBHF,iShares iBonds 2026 Term High Yield and Income ETF
171:IBHG,iShares iBonds 2027 Term High Yield and Income ETF
171:IBHH,iShares iBonds 2028 Term High Yield and Income ETF
171:IBHI,iShares iBonds 2029 Term High Yield and Income ETF
171:IBHJ,iShares iBonds 2030 Term High Yield and Income ETF
171:IBHK,iShares iBonds 2031 Term High Yield and Income ETF
171:IBHL,iShares iBonds 2032 Term High Yield and Income ETF
171:IBMO,iShares iBonds Dec 2026 Term Muni Bond ETF
171:IBMP,iShares iBonds Dec 2027 Term Muni Bond ETF
171:IBMQ,iShares iBonds Dec 2028 Term Muni Bond ETF
171:IBMR,iShares iBonds Dec 2029 Term Muni Bond ETF
171:IBMS,iShares iBonds Dec 2030 Term Muni Bond ETF
171:IBMT,iShares iBonds Dec 2031 Term Muni Bond ETF
171:ICF,iShares Select U.S. REIT ETF
171:ICLO,Invesco AAA CLO Floating Rate Note ETF
171:ICOW,Pacer Developed Markets International Cash Cows 100 ETF
171:ICSH,iShares Ultra Short Duration Bond Active ETF
171:ICVT,iShares Convertible Bond ETF
171:IDUB,Aptus International Enhanced Yield ETF
171:IDV,iShares International Select Dividend ETF
171:IDVZ,Polen International Dividend Income ETF
171:IEDI,iShares U.S. Consumer Focused ETF
171:IEFA,iShares Core MSCI EAFE ETF
171:IEO,iShares U.S. Oil & Gas Exploration & Production ETF
171:IETC,iShares U.S. Tech Independence Focused ETF
171:IFRA,iShares U.S. Infrastructure ETF
171:IGE,iShares North American Natural Resources ETF
171:IGEB,iShares Investment Grade Systematic Bond ETF
171:IGHG,ProShares Investment Grade-Interest Rate Hedged ETF
171:IGLD,FT Vest Gold Strategy Target Income ETF
171:IGRO,iShares International Dividend Growth ETF
171:IGV,iShares Expanded Tech-Software Sector ETF
171:IMF,Invesco Managed Futures Strategy ETF
171:IMFL,Invesco International Developed Dynamic Multifactor ETF
171:IMTG,Invesco Agency MBS ETF
171:INDA,iShares MSCI India ETF
171:INTL,Main International ETF
171:INTM,Invesco Intermediate Municipal ETF
171:IPAV,Global X Infrastructure Development ex-U.S. ETF
171:IQDG,WisdomTree International Quality Dividend Growth Fund
171:IQM,Franklin Intelligent Machines ETF
171:IREX,Tradr 2X Long IREN Daily ETF
171:IREZ,Tradr 2X Short IREN Daily ETF
171:IROC,Invesco Rochester High Yield Municipal ETF
171:ISBG,IncomeSTKd 1x Bitcoin & 1x Gold Premium ETF
171:ISMF,iShares Managed Futures Active ETF
171:ISPY,ProShares S&P 500 High Income ETF
171:ISSB,IncomeSTKd 1x US Stocks & 1x Bitcoin Premium ETF
171:ISVL,iShares International Developed Small Cap Value Factor ETF
171:ITA,iShares U.S. Aerospace & Defense ETF
171:ITB,iShares U.S. Home Construction ETF
171:ITM,VanEck Intermediate Muni ETF
171:ITOL,Tema International Durable Quality ETF
171:ITWO,ProShares Russell 2000 High Income ETF
171:IVVB,iShares Large Cap Deep Quarterly Laddered ETF
171:IVVM,iShares Large Cap Moderate Quarterly Laddered ETF
171:IVVW,iShares S&P 500 BuyWrite ETF
171:IWMI,NEOS Russell 2000 High Income ETF
171:IWMW,iShares Russell 2000 BuyWrite ETF
171:IYJ,iShares U.S. Industrials ETF
171:IYLD,iShares Morningstar Multi-Asset Income ETF
171:IYRI,NEOS Real Estate High Income ETF
171:IYT,iShares U.S. Transportation ETF
171:IYZ,iShares U.S. Telecommunications ETF
171:IZRL,ARK Israel Innovative Technology ETF
171:JAJL,Innovator Equity Defined Protection ETF – 6mo Jan/Jul
171:JANB,Aptus January Buffer ETF
171:JANH,Innovator Premium Income 20 Barrier ETF – January
171:JANI,AllianzIM International Equity Buffer15 Uncapped Jan ETF
171:JANJ,Innovator Premium Income 30 Barrier ETF – January
171:JANM,FT Vest U.S. Equity Max Buffer ETF – January
171:JANP,PGIM S&P 500 Buffer 12 ETF – January
171:JANT,AllianzIM U.S. Large Cap Buffer10 Jan ETF
171:JANU,AllianzIM U.S. Equity Buffer15 Uncapped Jan ETF
171:JANW,AllianzIM U.S. Large Cap Buffer20 Jan ETF
171:JANZ,TrueShares Structured Outcome ETF - January
171:JBBB,Janus Henderson B-BBB CLO ETF
171:JCPB,JPMorgan Core Plus Bond ETF
171:JCPI,JPMorgan Inflation Managed Bond ETF
171:JEMA,JPMorgan ActiveBuilders Emerging Markets Equity ETF
171:JMST,JPMorgan Ultra-Short Municipal Income ETF
171:JMUB,JPMorgan Municipal ETF
171:JNEU,AllianzIM U.S. Equity Buffer15 Uncapped June ETF
171:JOBX,Tradr 2X Long JOBY Daily ETF
171:JOYT,JPMorgan Equity and Options Total Return ETF
171:JPHY,JPMorgan Active High Yield ETF
171:JPIB,JPMorgan International Bond Opportunities ETF
171:JPLD,JPMorgan Limited Duration Bond ETF
171:JUCY,Aptus Enhanced Yield ETF
171:JULB,Aptus July Buffer ETF
171:JULH,Innovator Premium Income 20 Barrier ETF – July
171:JULJ,Innovator Premium Income 30 Barrier ETF – July
171:JULM,FT Vest U.S. Equity Max Buffer ETF–July
171:JULP,PGIM S&P 500 Buffer 12 ETF – July
171:JULT,AllianzIM U.S. Large Cap Buffer10 Jul ETF
171:JULU,AllianzIM U.S. Equity Buffer15 Uncapped Jul ETF
171:JULW,AllianzIM U.S. Large Cap Buffer20 Jul ETF
171:JULZ,TrueShares Structured Outcome ETF - July
171:JUNM,FT Vest U.S. Equity Max Buffer ETF – June
171:JUNP,PGIM S&P 500 Buffer 12 ETF – June
171:JUNT,AllianzIM U.S. Large Cap Buffer10 Jun ETF
171:JUNW,AllianzIM U.S. Large Cap Buffer20 Jun ETF
171:JUNZ,TrueShares Structured Outcome ETF - June
171:JXX,Janus Henderson Transformational Growth ETF
171:KAMO,Kensington Credit Opportunities ETF
171:KAPR,Innovator U.S. Small Cap Power Buffer ETF - April
171:KAUG,Innovator U.S. Small Cap Power Buffer ETF–August
171:KCOP,Kurv Copper & Mining Enhanced Income ETF
171:KDEC,Innovator U.S. Small Cap Power Buffer ETF - December
171:KFEB,Innovator U.S. Small Cap Power Buffer ETF – February
171:KGLD,Kurv Gold Enhanced Income ETF
171:KHPI,Kensington Hedged Premium Income ETF
171:KJAN,Innovator U.S. Small Cap Power Buffer ETF - January
171:KJUL,Innovator U.S. Small Cap Power Buffer ETF - July
171:KJUN,Innovator U.S. Small Cap Power Buffer ETF – June
171:KMAR,Innovator U.S. Small Cap Power Buffer ETF – March
171:KMAY,Innovator U.S. Small Cap Power Buffer ETF - May
171:KNG,FT Vest S&P 500 Dividend Aristocrats Target Income ETF
171:KNOV,Innovator U.S. Small Cap Power Buffer ETF - November
171:KNOW,Fundamentals First ETF
171:KOCT,Innovator U.S. Small Cap Power Buffer ETF-October
171:KONG,Formidable Fortress ETF
171:KSEP,Innovator U.S. Small Cap Power Buffer ETF-September
171:KSLV,Kurv Silver Enhanced Income ETF
171:KTUP,T-REX 2X Long KTOS Daily Target ETF
171:KWT,iShares MSCI Kuwait ETF
171:KYLD,Kurv High Income ETF
171:LABX,Tradr 2X Long ALAB Daily ETF
171:LAPR,Innovator Premium Income 15 Buffer ETF – April
171:LBO,WHITEWOLF Publicly Listed Private Equity ETF
171:LCAP,Principal Capital Appreciation Select ETF
171:LCF,Touchstone US Large Cap Focused ETF
171:LCOW,Pacer S&P 500 Quality FCF Aristocrats ETF
171:LDDR,LifeX 2035 Income Bucket ETF
171:LEAD,Siren DIVCON Leaders Dividend ETF
171:LENS,Sarmaya Thematic ETF
171:LEUX,Tradr 2X Long LEU Daily ETF
171:LFAI,LifeX 2050 Longevity Income ETF
171:LFAO,LifeX 2055 Longevity Income ETF
171:LFAW,LifeX 2060 Longevity Income ETF
171:LFBE,LifeX 2065 Longevity Income ETF
171:LFDR,LifeX Durable Income ETF
171:LIAE,LifeX 2050 Inflation-Protected Longevity Income ETF
171:LIAM,LifeX 2055 Inflation-Protected Longevity Income ETF
171:LIAU,LifeX 2060 Inflation-Protected Longevity Income ETF
171:LIBD,LifeX 2065 Inflation-Protected Longevity Income ETF
171:LIFT,LifeX 2028 Income Bucket ETF
171:LIMI,Themes Lithium & Battery Metal Miners ETF
171:LITX,Tradr 2X Long LITE Daily ETF
171:LJAN,Innovator Premium Income 15 Buffer ETF – January
171:LJUL,Innovator Premium Income 15 Buffer ETF – July
171:LKOR,FlexShares Credit-Scored US Long Corporate Bond Index Fund
171:LLII,REX LLY Growth & Income ETF
171:LNOK,Defiance Daily Target 2X Long NOK ETF
171:LOCT,Innovator Premium Income 15 Buffer ETF – October
171:LQDI,iShares Inflation Hedged Corporate Bond ETF
171:LQDW,iShares Investment Grade Corporate Bond BuyWrite Strategy ETF
171:LRCU,Tradr 2X Long LRCX Daily ETF
171:LUNL,Defiance Daily Target 2X Long LUNR ETF
171:LVDS,JPMorgan Fundamental Data Science Large Value ETF
171:LVHI,Franklin International Low Volatility High Dividend Index ETF
171:LYLD,Cambria Large Cap Shareholder Yield ETF
171:MAGA,Point Bridge America First ETF
171:MAGC,Roundhill China Magnificent Seven ETF
171:MAGO,Tuttle Capital Magnificent 7 Income Blast ETF
171:MAGS,Roundhill Magnificent Seven ETF
171:MAGX,Roundhill Daily 2X Long Magnificent Seven ETF
171:MAGY,Roundhill Magnificent Seven Covered Call ETF
171:MAMB,Monarch Ambassador Income Index ETF
171:MARM,FT Vest U.S. Equity Max Buffer ETF – March
171:MARS,Roundhill Space & Technology ETF
171:MART,AllianzIM U.S. Large Cap Buffer10 Mar ETF
171:MARU,AllianzIM U.S. Equity Buffer15 Uncapped Mar ETF
171:MARW,AllianzIM U.S. Large Cap Buffer20 Mar ETF
171:MARZ,TrueShares Structured Outcome (March) ETF
171:MAXJ,iShares Large Cap Max Buffer Jun ETF
171:MAYM,FT Vest U.S. Equity Max Buffer ETF – May
171:MAYP,PGIM S&P 500 Buffer 12 ETF – May
171:MAYT,AllianzIM U.S. Large Cap Buffer10 May ETF
171:MAYU,AllianzIM U.S. Equity Buffer15 Uncapped May ETF
171:MAYW,AllianzIM U.S. Large Cap Buffer20 May ETF
171:MAYZ,TrueShares Structured Outcome (May) ETF
171:MBBA,iShares Mortgage-Backed Securities Active ETF
171:MBBB,VanEck Moody's Analytics BBB Corporate Bond ETF
171:MBCC,Monarch Blue Chips Core Index ETF
171:MBND,State Street Nuveen Municipal Bond ETF
171:MBNE,State Street Nuveen Municipal Bond ESG ETF
171:MCOW,Pacer S&P MidCap 400 Quality FCF Aristocrats ETF
171:MDBX,Tradr 2X Long MDB Daily ETF
171:MDEV,First Trust Indxx Medical Devices ETF
171:MDLV,Morgan Dempsey Large Cap Value ETF
171:MDPL,Monarch Dividend Plus Index ETF
171:MEAR,iShares Short Maturity Municipal Bond Active ETF
171:MEMY,Tuttle Capital Meme Stock Income Blast ETF
171:METW,Roundhill META WeeklyPay ETF
171:MFUL,Mindful Conservative ETF
171:MFUT,Cambria Chesapeake Pure Trend ETF
171:MIG,VanEck Moody's Analytics IG Corporate Bond ETF
171:MILK,Pacer US Cash Cows Bond ETF
171:MINN,Mairs & Power Minnesota Municipal Bond ETF
171:MLN,VanEck Long Muni ETF
171:MLPI,NEOS MLP & Energy Infrastructure High Income ETF
171:MMAX,iShares Large Cap Max Buffer Mar ETF
171:MOAT,VanEck Morningstar Wide Moat ETF
171:MOTG,VanEck Morningstar Global Wide Moat ETF
171:MOTI,VanEck Morningstar International Moat ETF
171:MPLY,Monopoly ETF
171:MPRO,Monarch ProCap Index ETF
171:MRCP,PGIM S&P 500 Buffer 12 ETF – March
171:MRGR,ProShares Merger ETF
171:MSFW,Roundhill MSFT WeeklyPay ETF
171:MSFX,T-Rex 2X Long Microsoft Daily Target ETF
171:MSFY,Kurv Yield Premium Strategy Microsoft (MSFT) ETF
171:MSII,REX MSTR Growth & Income ETF
171:MSMR,McElhenny Sheffield Managed Risk ETF
171:MSOO,Leverage Shares 2x Capped Accelerated MSTR Monthly ETF
171:MSSS,Monarch Select Subsector Index ETF
171:MSST,YieldMax MSTR Performance & Distribution Target 25 ETF
171:MSTB,LHA Market State Tactical Beta ETF
171:MSTK,Tuttle Capital MSTR 0DTE Covered Call ETF
171:MSTQ,LHA Market State Tactical Q ETF
171:MSTU,T-Rex 2X Long MSTR Daily Target ETF
171:MSTW,Roundhill MSTR WeeklyPay ETF
171:MSTZ,T-Rex 2X Inverse MSTR Daily Target ETF
171:MTRA,Invesco International Growth Focus ETF
171:MTUM,iShares MSCI USA Momentum Factor ETF
171:MUNY,Vanguard New York Tax-Exempt Bond ETF
171:MVAL,VanEck Morningstar Wide Moat Value ETF
171:MVFD,Monarch Volume Factor Dividend Tree Index ETF
171:MVFG,Monarch Volume Factor Global Unconstrained Index ETF
171:MYLD,Cambria Micro & SmallCap Shareholder Yield ETF
171:NANC,Unusual Whales Subversive Democratic Trading ETF
171:NAPR,Innovator Growth-100 Power Buffer ETF - April
171:NAUG,Innovator Growth-100 Power Buffer ETF–August
171:NBIZ,Tradr 2X Short NBIS Daily ETF
171:NDEC,Innovator Growth-100 Power Buffer ETF - December
171:NDOW,Anydrus Advantage ETF
171:NEAR,iShares Short Duration Bond Active ETF
171:NEBX,Tradr 2X Long NBIS Daily ETF
171:NEHI,NEOS Ethereum High Income ETF
171:NELS,Nelson Select ETF
171:NERD,Roundhill Video Games ETF
171:NFEB,Innovator Growth-100 Power Buffer ETF – February
171:NFLP,Kurv Yield Premium Strategy Netflix (NFLX) ETF
171:NFLU,T-Rex 2X Long NFLX Daily Target ETF
171:NFLW,Roundhill NFLX WeeklyPay ETF
171:NIHI,NEOS MSCI EAFE High Income ETF
171:NJAN,Innovator Growth-100 Power Buffer ETF - January
171:NJUL,Innovator Growth-100 Power Buffer ETF - July
171:NJUN,Innovator Growth-100 Power Buffer ETF – June
171:NLSI,NEOS Long/Short Equity Income ETF
171:NMAR,Innovator Growth-100 Power Buffer ETF - March
171:NMAY,Innovator Growth-100 Power Buffer ETF — May
171:NNEX,Tradr 2X Long NNE Daily ETF
171:NNOV,Innovator Growth-100 Power Buffer ETF - November
171:NOBL,ProShares S&P 500 Dividend Aristocrats ETF
171:NOCT,Innovator Growth-100 Power Buffer ETF - October
171:NODE,VanEck Onchain Economy ETF
171:NOVM,FT Vest U.S. Equity Max Buffer ETF – November
171:NOVP,PGIM S&P 500 Buffer 12 ETF – November
171:NOVZ,TrueShares Structured Outcome (November) ETF
171:NPFE,NPF Core Equity ETF
171:NSEP,Innovator Growth-100 Power Buffer ETF-September
171:NUDM,Nuveen ESG International Developed Markets Equity ETF
171:NUDV,Nuveen ESG Dividend ETF
171:NUEM,Nuveen ESG Emerging Markets Equity ETF
171:NULC,Nuveen ESG Large-Cap ETF
171:NULG,Nuveen ESG Large-Cap Growth ETF
171:NULV,Nuveen ESG Large-Cap Value ETF
171:NUMG,Nuveen ESG Mid-Cap Growth ETF
171:NUMV,Nuveen ESG Mid-Cap Value ETF
171:NURE,Nuveen Short-Term REIT ETF
171:NUSC,Nuveen ESG Small-Cap ETF
171:NVBT,AllianzIM U.S. Large Cap Buffer10 Nov ETF
171:NVBU,AllianzIM U.S. Equity Buffer15 Uncapped Nov ETF
171:NVBW,AllianzIM U.S. Large Cap Buffer20 Nov ETF
171:NVDO,Leverage Shares 2x Capped Accelerated NVDA Monthly ETF
171:NVDQ,T-Rex 2X Inverse NVIDIA Daily Target ETF
171:NVDW,Roundhill NVDA WeeklyPay ETF
171:NVDX,T-Rex 2X Long NVIDIA Daily Target ETF
171:NVII,REX NVDA Growth & Income ETF
171:NVIT,YieldMax NVDA Performance & Distribution Target 25 ETF
171:NVTX,Tradr 2X Long NVTS Daily ETF
171:NXTI,Simplify Next Intangible Core Index ETF
171:OBND,State Street Loomis Sayles Opportunistic Bond ETF
171:OCTB,Aptus October Buffer ETF
171:OCTH,Innovator Premium Income 20 Barrier ETF – October
171:OCTJ,Innovator Premium Income 30 Barrier ETF – October
171:OCTM,FT Vest U.S. Equity Max Buffer ETF–October
171:OCTP,PGIM S&P 500 Buffer 12 ETF – October
171:OCTT,AllianzIM U.S. Large Cap Buffer10 Oct ETF
171:OCTU,AllianzIM U.S. Equity Buffer15 Uncapped Oct ETF
171:OCTW,AllianzIM U.S. Large Cap Buffer20 Oct ETF
171:OCTZ,TrueShares Structured Outcome (October) ETF
171:OILK,ProShares K-1 Free Crude Oil ETF
171:OMFL,Invesco Russell 1000 Dynamic Multifactor ETF
171:OMFS,Invesco Russell 2000 Dynamic Multifactor ETF
171:ONDL,Defiance Daily Target 2X Long ONDS ETF
171:ONDU,Tradr 2X Long ONDS Daily ETF
171:ONEH,TrueShares Equity Hedge ETF
171:ONEZ,TrueShares Seasonality Laddered Buffered ETF
171:OPEX,Tradr 2X Long OPEN Daily ETF
171:ORO,Arrow Valtoro ETF
171:OSCV,Opus Small Cap Value ETF
171:OVB,Overlay Shares Core Bond ETF
171:OVF,Overlay Shares Foreign Equity ETF
171:OVL,Overlay Shares Large Cap Equity ETF
171:OVLH,Overlay Shares Hedged Large Cap Equity ETF
171:OVM,Overlay Shares Municipal Bond ETF
171:OVS,Overlay Shares Small Cap Equity ETF
171:OVT,Overlay Shares Short Term Bond ETF
171:PAAU,T-REX 2X Long PAAS Daily Target ETF
171:PAPR,Innovator U.S. Equity Power Buffer ETF - April
171:PATX,Tradr 2X Long PATH Daily ETF
171:PAUG,Innovator U.S. Equity Power Buffer ETF - August
171:PAVE,Global X U.S. Infrastructure Development ETF
171:PAWZ,ProShares Pet Care ETF
171:PAYH,TrueShares S&P Hedged Structured Income High ETF
171:PAYM,TrueShares S&P Hedged Structured Income Moderate ETF
171:PAYR,Federated Hermes Enhanced Income ETF
171:PBAP,PGIM S&P 500 Buffer 20 ETF – April
171:PBAU,PGIM S&P 500 Buffer 20 ETF – August
171:PBDE,PGIM S&P 500 Buffer 20 ETF – December
171:PBFB,PGIM S&P 500 Buffer 20 ETF – February
171:PBFR,PGIM Laddered S&P 500 Buffer 20 ETF
171:PBJA,PGIM S&P 500 Buffer 20 ETF – January
171:PBJL,PGIM S&P 500 Buffer 20 ETF – July
171:PBJN,PGIM S&P 500 Buffer 20 ETF – June
171:PBL,PGIM Portfolio Ballast ETF
171:PBMR,PGIM S&P 500 Buffer 20 ETF – March
171:PBMY,PGIM S&P 500 Buffer 20 ETF – May
171:PBNV,PGIM S&P 500 Buffer 20 ETF – November
171:PBOC,PGIM S&P 500 Buffer 20 ETF – October
171:PBP,Invesco S&P 500 BuyWrite ETF
171:PBSE,PGIM S&P 500 Buffer 20 ETF – September
171:PBTP,Invesco 0-5 Yr US TIPS ETF
171:PBUS,Invesco MSCI USA ETF
171:PCI,PGIM Corporate Bond 5-10 Year ETF
171:PCL,PGIM Corporate Bond 10+ Year ETF
171:PCS,PGIM Corporate Bond 0-5 Year ETF
171:PDEC,Innovator U.S. Equity Power Buffer ETF - December
171:PEX,ProShares Global Listed Private Equity ETF
171:PFEB,Innovator U.S. Equity Power Buffer ETF - February
171:PICK,iShares MSCI Global Metals & Mining Producers ETF
171:PIEL,Pacer International Export Leaders ETF
171:PIEQ,Principal International Equity ETF
171:PIPE,Invesco Steelpath MLP & Energy Infrastructure ETF
171:PIT,VanEck Commodity Strategy ETF
171:PJAN,Innovator U.S. Equity Power Buffer ETF - January
171:PJBF,PGIM Jennison Better Future ETF
171:PJFM,PGIM Jennison Focused Mid-Cap ETF
171:PJUL,Innovator U.S. Equity Power Buffer ETF - July
171:PJUN,Innovator U.S. Equity Power Buffer ETF - June
171:PLGI,PL Growth and Income ETF
171:PLOO,Leverage Shares 2x Capped Accelerated PLTR Monthly ETF
171:PLTI,REX PLTR Growth & Income ETF
171:PLTW,Roundhill PLTR WeeklyPay ETF
171:PLU,Defiance Daily Target 2x Long PL ETF
171:PMAP,PGIM S&P 500 Max Buffer ETF – April
171:PMAR,Innovator U.S. Equity Power Buffer ETF - March
171:PMAU,PGIM S&P 500 Max Buffer ETF – August
171:PMAY,Innovator U.S. Equity Power Buffer ETF - May
171:PMDE,PGIM S&P 500 Max Buffer ETF - December
171:PMFB,PGIM S&P 500 Max Buffer ETF - February
171:PMJA,PGIM S&P 500 Max Buffer ETF – January
171:PMJL,PGIM S&P 500 Max Buffer ETF – July
171:PMJN,PGIM S&P 500 Max Buffer ETF - June
171:PMMR,PGIM S&P 500 Max Buffer ETF – March
171:PMMY,PGIM S&P 500 Max Buffer ETF – May
171:PMNV,PGIM S&P 500 Max Buffer ETF – November
171:PMOC,PGIM S&P 500 Max Buffer ETF – October
171:PMSE,PGIM S&P 500 Max Buffer ETF – September
171:PNOV,Innovator U.S. Equity Power Buffer ETF - November
171:POCT,Innovator U.S. Equity Power Buffer ETF - October
171:PONX,Tradr 2X Long PONY Daily ETF
171:PRNT,3D Printing ETF
171:PSCJ,Pacer Swan SOS Conservative (July) ETF
171:PSCQ,Pacer Swan SOS Conservative (October) ETF
171:PSCW,Pacer Swan SOS Conservative (April) ETF
171:PSCX,Pacer Swan SOS Conservative (January) ETF
171:PSDM,PGIM Short Duration Multi-Sector Bond ETF
171:PSEP,Innovator U.S. Equity Power Buffer ETF - September
171:PSFD,Pacer Swan SOS Flex (January) ETF
171:PSFF,Pacer Swan SOS Fund of Funds ETF
171:PSFJ,Pacer Swan SOS Flex (July) ETF
171:PSFM,Pacer Swan SOS Flex (April) ETF
171:PSFO,Pacer Swan SOS Flex (October) ETF
171:PSH,PGIM Short Duration High Yield ETF
171:PSMD,Pacer Swan SOS Moderate (January) ETF
171:PSMJ,Pacer Swan SOS Moderate (July) ETF
171:PSMO,Pacer Swan SOS Moderate (October) ETF
171:PSMR,Pacer Swan SOS Moderate (April) ETF
171:PTEU,Pacer Trendpilot European Index ETF
171:PTLC,Pacer Trendpilot US Large Cap ETF
171:PTMC,Pacer Trendpilot US Mid Cap ETF
171:PVEX,TrueShares ConVequity ETF
171:PWS,Pacer WealthShield ETF
171:QBER,TrueShares Quarterly Bear Hedge ETF
171:QBF,Innovator Uncapped Bitcoin 20 Floor ETF – Quarterly
171:QBSF,AllianzIM U.S. Equity Buffer15 ETF
171:QBTX,Tradr 2X Long QBTS Daily ETF
171:QBUL,TrueShares Quarterly Bull Hedge ETF
171:QCAP,FT Vest Nasdaq-100 Conservative Buffer ETF – April
171:QCJA,FT Vest Nasdaq-100 Conservative Buffer ETF – January
171:QCJL,FT Vest Nasdaq-100 Conservative Buffer ETF – July
171:QCOC,FT Vest Nasdaq-100 Conservative Buffer ETF–October
171:QDEC,FT Vest Nasdaq-100 Buffer ETF - December
171:QDTE,Roundhill Innovation-100 0DTE Covered Call Strategy ETF
171:QETH,Invesco Galaxy Ethereum ETF
171:QFHD,Pacer S&P 500 Quality FCF High Dividend ETF
171:QFRD,Pacer S&P 500 Quality FCF R&D Leaders ETF
171:QHY,WisdomTree U.S. High Yield Corporate Bond Fund
171:QIG,WisdomTree U.S. Corporate Bond Fund
171:QJUN,FT Vest Nasdaq-100 Buffer ETF - June
171:QLC,FlexShares US Quality Large Cap Index Fund
171:QMAG,FT Vest Nasdaq-100 Moderate Buffer ETF–August
171:QMAR,FT Vest Nasdaq-100 Buffer ETF - March
171:QMFE,FT Vest Nasdaq-100 Moderate Buffer ETF –February
171:QMMY,FT Vest Nasdaq-100 Moderate Buffer ETF – May
171:QMNV,FT Vest Nasdaq-100 Moderate Buffer ETF – November
171:QSIG,WisdomTree U.S. Short Term Corporate Bond Fund
171:QSOL,Invesco Galaxy Solana ETF
171:QSPT,FT Vest Nasdaq-100 Buffer ETF - September
171:QTAC,Q3 All-Season Tactical Advantage ETF
171:QTAP,Innovator Growth Accelerated Plus ETF - April
171:QTJA,Innovator Growth Accelerated Plus ETF - January
171:QTJL,Innovator Growth Accelerated Plus ETF - July
171:QTOC,Innovator Growth Accelerated Plus ETF - October
171:QUAL,iShares MSCI USA Quality Factor ETF
171:QUBX,Tradr 2X Long QUBT Daily ETF
171:QUVU,Hartford Quality Value ETF
171:QVOY,Q3 All-Season Active Rotation ETF
171:RB,ProShares Russell 2000 Dynamic Buffer ETF
171:RBLU,T-REX 2X Long RBLX Daily Target ETF
171:RBUF,Innovator U.S. Small Cap 10 Buffer ETF – Quarterly
171:RDFI,Rareview Dynamic Fixed Income ETF
171:RDTE,Roundhill Russell 2000 0DTE Covered Call Strategy ETF
171:RDVI,FT Vest Rising Dividend Achievers Target Income ETF
171:RDWU,T-REX 2X Long RDW Daily Target ETF
171:REGL,ProShares S&P MidCap 400 Dividend Aristocrats ETF
171:REM,iShares Mortgage Real Estate ETF
171:RGTU,Tradr 2X Long RGTI Daily ETF
171:RKTL,Defiance Daily Target 2X Long RKT ETF
171:RMIF,LHA Risk-Managed Income ETF
171:RMME,Rareview Government Money Market ETF
171:ROBN,T-Rex 2X Long HOOD Daily Target ETF
171:ROMO,Strategy Shares Newfound/ReSolve Robust Momentum ETF
171:RPHS,Regents Park Hedged Market Strategy ETF
171:RSBA,Return Stacked Bonds & Merger Arbitrage ETF
171:RSBT,Return Stacked Bonds & Managed Futures ETF
171:RSBY,Return Stacked Bonds & Futures Yield ETF
171:RSEE,Rareview Systematic Equity ETF
171:RSSB,Return Stacked Global Stocks & Bonds ETF
171:RSST,Return Stacked U.S. Stocks & Managed Futures ETF
171:RSSX,Return Stacked U.S. Stocks & Gold/Bitcoin ETF
171:RSSY,Return Stacked U.S. Stocks & Futures Yield ETF
171:RTAI,Rareview Tax Advantaged Income ETF
171:RTRE,Rareview Total Return Bond ETF
171:RULE,Adaptive Core ETF
171:RVRB,Reverb Etf
171:RYSE,Vest 10 Year Interest Rate Hedge ETF
171:SATO,Invesco Alerian Galaxy Crypto Economy ETF
171:SAUG,FT Vest U.S. Small Cap Moderate Buffer ETF - August
171:SBTU,T-REX 2x Long SBET Daily Target ETF
171:SCEC,Sterling Capital Enhanced Core Bond ETF
171:SCEP,Sterling Capital Hedged Equity Premium Income ETF
171:SCLZ,Swan Enhanced Dividend Income ETF
171:SCMC,Sterling Capital Multi-Strategy Income ETF
171:SCNM,Sterling Capital National Municipal Bond ETF
171:SCOW,Pacer S&P SmallCap 600 Quality FCF Aristocrats ETF
171:SDVD,FT Vest SMID Rising Dividend Achievers Target Income ETF
171:SECT,Main Sector Rotation ETF
171:SECU,iShares Securitized Income Active ETF
171:SEIM,SEI Enhanced U.S. Large Cap Momentum Factor ETF
171:SEIQ,SEI Enhanced US Large Cap Quality Factor ETF
171:SEIV,SEI Enhanced U.S. Large Cap Value Factor ETF
171:SELV,SEI Enhanced Low Volatility U.S. Large Cap ETF
171:SEPM,FT Vest U.S. Equity Max Buffer ETF–September
171:SEPP,PGIM S&P 500 Buffer 12 ETF – September
171:SEPT,AllianzIM U.S. Large Cap Buffer10 Sep ETF
171:SEPU,AllianzIM U.S. Equity Buffer15 Uncapped Sep ETF
171:SEPW,AllianzIM U.S. Large Cap Buffer20 Sep ETF
171:SEPZ,TrueShares Structured Outcome (September) ETF
171:SFEB,FT Vest U.S. Small Cap Moderate Buffer ETF - February
171:SFTY,Horizon Managed Risk ETF
171:SHAG,WisdomTree Yield Enhanced U.S. Short-Term Aggregate Bond Fund
171:SHDG,Soundwatch Hedged Equity ETF
171:SHYD,VanEck Short High Yield Muni ETF
171:SHYM,iShares Short Duration High Yield Muni Active ETF
171:SIXD,AllianzIM U.S. Large Cap 6 Month Buffer10 Jun/Dec ETF
171:SIXF,AllianzIM U.S. Large Cap 6 Month Buffer10 Feb/Aug ETF
171:SIXJ,AllianzIM U.S. Large Cap 6 Month Buffer10 Jan/Jul ETF
171:SIXO,AllianzIM U.S. Large Cap 6 Month Buffer10 Apr/Oct ETF
171:SIXP,AllianzIM U.S. Large Cap 6 Month Buffer10 Mar/Sep ETF
171:SIXZ,AllianzIM U.S. Large Cap 6 Month Buffer10 May/Nov ETF
171:SLVP,iShares MSCI Global Silver and Metals Miners ETF
171:SMAX,iShares Large Cap Max Buffer Sep ETF
171:SMAY,FT Vest U.S. Small Cap Moderate Buffer ETF - May
171:SMB,VanEck Short Muni ETF
171:SMDV,ProShares Russell 2000 Dividend Growers ETF
171:SMIN,iShares MSCI India Small-Cap ETF
171:SMMD,iShares Russell 2500 ETF
171:SMMV,iShares MSCI USA Small-Cap Min Vol Factor ETF
171:SMOT,VanEck Morningstar SMID Moat ETF
171:SMQ,Tradr 1X Short Innovation 100 Monthly ETF
171:SMU,Tradr 2X Long SMR Daily ETF
171:SMUP,T-REX 2X Long SMR Daily Target ETF
171:SMZ,Tradr 2X Short SMR Daily ETF
171:SNAV,Mohr Sector Nav ETF
171:SNDU,T-REX 2X Long SNDK Daily Target ETF
171:SNOU,T-REX 2X Long SNOW Daily Target ETF
171:SNOV,FT Vest U.S. Small Cap Moderate Buffer ETF - November
171:SNPD,Xtrackers S&P Dividend Aristocrats Screened ETF
171:SNPG,Xtrackers S&P 500 Growth Scored & Screened ETF
171:SNPX,Tradr 2X Long SNPS Daily ETF
171:SNXX,Tradr 2X Long SNDK Daily ETF
171:SOLM,Amplify Solana 3% Monthly Option Income ETF
171:SOLX,T-REX 2X Long SOL Daily Target ETF
171:SPBU,AllianzIM Buffer15 Uncapped Allocation ETF
171:SPBW,AllianzIM Buffer20 Allocation ETF
171:SPBX,AllianzIM 6 Month Buffer10 Allocation ETF
171:SPCI,Tuttle Capital Space Industry Income Blast ETF
171:SPCZ,RiverNorth Enhanced Pre-Merger SPAC ETF
171:SPIN,State Street US Equity Premium Income ETF
171:SPLS,PIMCO US Stocks PLUS Active Bond Exchange-Traded Fund
171:SPYA,Twin Oak Endure ETF
171:SPYH,NEOS S&P 500 Hedged Equity Income ETF
171:SPYI,NEOS S&P 500 High Income ETF
171:SQMX,FT Vest U.S. Equity Quarterly Max Buffer ETF
171:SRPU,Tradr 2X Long SRPT Daily ETF
171:SSK,REX-Osprey SOL + Staking ETF
171:STBF,Performance Trust Short Term Bond ETF
171:STEN,iShares Large Cap 10% Target Buffer Sep ETF
171:STOT,State Street DoubleLine Short Duration Total Return Tactical ETF
171:STOX,Horizon Core Equity ETF
171:SVAL,iShares U.S. Small Cap Value Factor ETF
171:SVIX,-1x Short VIX Futures ETF
171:SVXY,ProShares Short VIX Short-Term Futures ETF
171:SYLD,Cambria Shareholder Yield ETF
171:SYSB,iShares Systematic Bond ETF
171:TAIL,Cambria Tail Risk ETF
171:TAPR,Innovator Equity Defined Protection ETF – 2 Yr to April 2027
171:TBJL,Innovator 20+ Year Treasury Bond 9 Buffer ETF - July
171:TDAQ,TappAlpha Innovation 100 Growth & Daily Income ETF
171:TDAX,TDAQ Lift ETF
171:TDEC,FT Vest Emerging Markets Buffer ETF – December
171:TDV,ProShares S&P Technology Dividend Aristocrats ETF
171:TDVI,FT Vest Technology Dividend Target Income ETF
171:TEMT,Tradr 2X Long TEM Daily ETF
171:TEMX,Touchstone Sands Capital Emerging Markets ex-China Growth ETF
171:TEND,iShares Large Cap 10% Target Buffer Dec ETF
171:TENJ,iShares Large Cap 10% Target Buffer Jun ETF
171:TENM,iShares Large Cap 10% Target Buffer Mar ETF
171:TEST,YieldMax TSLA Performance & Distribution Target 25 ETF
171:TETH,21Shares Ethereum ETF
171:TFJL,Innovator 20+ Year Treasury Bond 5 Floor ETF - Quarterly
171:TGLR,LAFFER TENGLER Equity Income ETF
171:TILT,FlexShares Morningstar US Market Factor Tilt Index Fund
171:TJAN,Innovator Equity Defined Protection ETF – 2 Yr to January 2027
171:TJUL,Innovator Equity Defined Protection ETF – 2 Yr to July 2027
171:TJUN,FT Vest Emerging Markets Buffer ETF – June
171:TLDR,The Laddered T-Bill ETF
171:TLTI,NEOS Enhanced Income 20+ Year Treasury Bond ETF
171:TLTP,Amplify TLT U.S. Treasury 12% Option Income ETF
171:TLTW,iShares 20+ Year Treasury Bond BuyWrite Strategy ETF
171:TLTX,Global X Treasury Bond Enhanced Income ETF
171:TMAR,FT Vest Emerging Markets Buffer ETF - March
171:TMAT,Main Thematic Innovation ETF
171:TMDV,ProShares Russell U.S. Dividend Growers ETF
171:TMFC,Motley Fool 100 Index ETF
171:TMFE,Motley Fool Capital Efficiency 100 Index ETF
171:TMFG,Motley Fool Global Opportunities ETF
171:TMFM,Motley Fool Mid Cap Growth ETF
171:TMFS,Motley Fool Small-Cap Growth ETF
171:TMFX,Motley Fool Next Index ETF
171:TOCT,Innovator Equity Defined Protection ETF – 2 Yr to October 2027
171:TOKE,Cambria Cannabis ETF
171:TOLL,Tema Durable Quality ETF
171:TOS,Twin Oak Strategic Solutions ETF
171:TOXR,21Shares XRP ETF
171:TPAY,Roundhill S&P 500 Target10 Managed Distribution ETF
171:TRIO,MC Trio Equity Buffered ETF
171:TRPA,Hartford AAA CLO ETF
171:TRSY,Xtrackers US 0-1 Year Treasury ETF
171:TRTY,Cambria Trinity ETF
171:TSEP,FT Vest Emerging Market Buffer ETF–September
171:TSII,REX TSLA Growth & Income ETF
171:TSLO,Leverage Shares 2x Capped Accelerated TSLA Monthly ETF
171:TSLP,Kurv Yield Premium Strategy Tesla (TSLA) ETF
171:TSLT,T-Rex 2X Long Tesla Daily Target ETF
171:TSLW,Roundhill TSLA WeeklyPay ETF
171:TSLZ,T-Rex 2X Inverse Tesla Daily Target ETF
171:TSOL,21Shares Solana ETF
171:TSPX,Twin Oak Active Opportunities ETF
171:TSYW,Roundhill Treasury Bond WeeklyPay ETF
171:TTDU,T-REX 2X Long TTD Daily Target ETF
171:TUSI,Touchstone Ultra Short Income ETF
171:TWOX,iShares Large Cap Accelerated Outcome ETF
171:TYA,Simplify Intermediate Term Treasury Futures Strategy ETF
171:TYLD,Cambria Tactical Yield ETF
171:UAPR,Innovator U.S. Equity Ultra Buffer ETF - April
171:UAUG,Innovator U.S. Equity Ultra Buffer ETF - August
171:UBEW,Roundhill UBER WeeklyPay ETF
171:UDEC,Innovator U.S. Equity Ultra Buffer ETF - December
171:UFEB,Innovator U.S. Equity Ultra Buffer ETF - February
171:UFOD,Tuttle Capital UFO Disclosure ETF
171:UJAN,Innovator U.S. Equity Ultra Buffer ETF - January
171:UJUL,Innovator U.S. Equity Ultra Buffer ETF - July
171:UJUN,Innovator U.S. Equity Ultra Buffer ETF - June
171:UMAR,Innovator U.S. Equity Ultra Buffer ETF - March
171:UMAY,Innovator U.S. Equity Ultra Buffer ETF - May
171:UNHW,Roundhill UNH WeeklyPay ETF
171:UNOV,Innovator U.S. Equity Ultra Buffer ETF - November
171:UNX,Tradr 2X Long U Daily ETF
171:UOCT,Innovator U.S. Equity Ultra Buffer ETF - October
171:UPSD,Aptus Large Cap Upside ETF
171:UPSX,Tradr 2X Long UPST Daily ETF
171:URAN,Themes Uranium & Nuclear ETF
171:USAX,Tradr 2X Long USAR Daily ETF
171:USEP,Innovator U.S. Equity Ultra Buffer ETF - September
171:USEW,Cambria US EW ETF
171:USHY,iShares Broad USD High Yield Corporate Bond ETF
171:USLN,iShares Broad USD Floating Rate Loan ETF
171:USMF,WisdomTree U.S. Multifactor Fund
171:USMV,iShares MSCI USA Min Vol Factor ETF
171:UVIX,2x Long VIX Futures ETF
171:UVXY,ProShares Ultra VIX Short-Term Futures ETF
171:UX,Roundhill Uranium ETF
171:UXAP,FT Vest U.S. Equity Uncapped Accelerator ETF – April
171:UXJA,FT Vest U.S. Equity Uncapped Accelerator ETF - January
171:UXJL,FT Vest U.S. Equity Uncapped Accelerator ETF - July
171:UXOC,FT Vest U.S. Equity Uncapped Accelerator ETF–October
171:VAMO,Cambria Value and Momentum ETF
171:VCEB,Vanguard ESG U.S. Corporate Bond ETF
171:VCRM,Vanguard Core Tax-Exempt Bond ETF
171:VDIG,Vanguard Wellington Dividend Growth Active ETF
171:VEGN,U.S. Vegan Climate ETF
171:VFMF,Vanguard U.S. Multifactor ETF
171:VFMO,Vanguard U.S. Momentum Factor ETF
171:VFMV,Vanguard U.S. Minimum Volatility ETF
171:VFQY,Vanguard U.S. Quality Factor ETF
171:VFVA,Vanguard U.S. Value Factor ETF
171:VGHY,Vanguard High-Yield Active ETF
171:VGMS,Vanguard Multi-Sector Income Bond ETF
171:VIXM,ProShares VIX Mid-Term Futures ETF
171:VIXY,ProShares VIX Short-Term Futures ETF
171:VLUE,iShares MSCI USA Value Factor ETF
171:VMAX,Hartford US Value ETF
171:VNM,VanEck Vietnam ETF
171:VOYX,Tradr 2X Long VOYG Daily ETF
171:VSDB,Vanguard Short Duration Bond ETF
171:VSDM,Vanguard Short Duration Tax-Exempt Bond ETF
171:VSGX,Vanguard ESG International Stock ETF
171:VTEC,Vanguard California Tax-Exempt Bond ETF
171:VTEI,Vanguard Intermediate-Term Tax-Exempt Bond ETF
171:VTEL,Vanguard Long-Term Tax-Exempt Bond ETF
171:VUSB,Vanguard Ultra-Short Bond ETF
171:VUSG,Vanguard Wellington U.S. Growth Active ETF
171:VUSV,Vanguard Wellington U.S. Value Active ETF
171:VWID,Virtus WMC International Dividend ETF
171:VXX,iPath Series B S&P 500 VIX Short Term Futures ETN
171:VXZ,iPath Series B S&P 500 VIX Mid-Term Futures ETN
171:WDCX,Tradr 2X Long WDC Daily ETF
171:WDNA,WisdomTree BioRevolution Fund
171:WEED,Roundhill Cannabis ETF
171:WEEK,Roundhill Weekly T-Bill ETF
171:WLDR,Affinity World Leaders Equity ETF
171:WLDU,Leverage Shares 2x Long World Stock Daily ETF
171:WMTI,REX WMT Growth & Income ETF
171:WPAY,Roundhill WeeklyPay Universe ETF
171:WQTM,WisdomTree Quantum Computing Fund
171:WTAI,WisdomTree Artificial Intelligence and Innovation Fund
171:WTLS,WisdomTree Efficient Long/Short U.S. Equity Fund
171:WUGI,AXS Esoterica NEXTG Economy ETF
171:WULX,Tradr 2X Long WULF Daily ETF
171:WZRD,Opportunistic Trader ETF
171:XAPR,FT Vest U.S. Equity Enhance & Moderate Buffer ETF – April
171:XAUG,FT Vest U.S. Equity Enhance & Moderate Buffer ETF - August
171:XBAP,Innovator U.S. Equity Accelerated 9 Buffer ETF - April
171:XBJA,Innovator U.S. Equity Accelerated 9 Buffer ETF – January
171:XBJL,Innovator U.S. Equity Accelerated 9 Buffer ETF – July
171:XBOC,Innovator U.S. Equity Accelerated 9 Buffer ETF – October
171:XBOX,Roundhill Ultra Short Duration No Dividend Target ETF
171:XDAT,Franklin Exponential Data ETF
171:XDEC,FT Vest U.S. Equity Enhance & Moderate Buffer ETF - December
171:XDIV,Roundhill S&P 500 No Dividend Target ETF
171:XDQQ,Innovator Growth Accelerated ETF - Quarterly
171:XDSQ,Innovator U.S. Equity Accelerated ETF - Quarterly
171:XDTE,Roundhill S&P 500 0DTE Covered Call Strategy ETF
171:XEMD,BondBloxx JP Morgan USD Emerging Markets 1-10 Year Bond ETF
171:XEML,Xtrackers Europe Market Leaders ETF
171:XFEB,FT Vest U.S. Equity Enhance & Moderate Buffer ETF – February
171:XIDE,FT Vest U.S. Equity Buffer & Premium Income ETF - December
171:XIJN,FT Vest U.S. Equity Buffer & Premium Income ETF – June
171:XIMR,FT Vest U.S. Equity Buffer & Premium Income ETF – March
171:XISE,FT Vest U.S. Equity Buffer & Premium Income ETF - September
171:XJAN,FT Vest U.S. Equity Enhance & Moderate Buffer ETF – January
171:XJH,iShares ESG Select Screened S&P Mid-Cap ETF
171:XJR,iShares ESG Select Screened S&P Small-Cap ETF
171:XJUL,FT Vest U.S. Equity Enhance & Moderate Buffer ETF - July
171:XJUN,FT Vest U.S. Equity Enhance & Moderate Buffer ETF - June
171:XMAR,FT Vest U.S. Equity Enhance & Moderate Buffer ETF - March
171:XMAY,FT Vest U.S. Equity Enhance & Moderate Buffer ETF – May
171:XMPT,VanEck CEF Muni Income ETF
171:XNOV,FT Vest U.S. Equity Enhance & Moderate Buffer ETF - November
171:XOCT,FT Vest U.S. Equity Enhance & Moderate Buffer ETF - October
171:XOEX,Xtrackers S&P 100 Ex Top 20 ETF
171:XRPK,T-REX 2X Long XRP Daily Target ETF
171:XRPM,Amplify XRP 3% Monthly Option Income ETF
171:XRPR,REX-Osprey XRP ETF
171:XSEP,FT Vest U.S. Equity Enhance & Moderate Buffer ETF - September
171:XSHD,Invesco S&P SmallCap High Dividend Low Volatility ETF
171:XSHQ,Invesco S&P SmallCap Quality ETF
171:XTAP,Innovator U.S. Equity Accelerated Plus ETF - April
171:XTJA,Innovator U.S. Equity Accelerated Plus ETF – January
171:XTJL,Innovator U.S. Equity Accelerated Plus ETF – July
171:XTOC,Innovator U.S. Equity Accelerated Plus ETF– October
171:XUSP,Innovator Uncapped Accelerated U.S. Equity ETF
171:XVOL,Acruence Active Hedge U.S. Equity ETF
171:XVV,iShares ESG Select Screened S&P 500 ETF
171:YBTC,Roundhill Bitcoin Covered Call Strategy ETF
171:YDEC,FT Vest International Equity Moderate Buffer ETF - December
171:YETH,Roundhill Ether Covered Call Strategy ETF
171:YJUN,FT Vest International Equity Moderate Buffer ETF - June
171:YMAR,FT Vest International Equity Moderate Buffer ETF – March
171:YSEP,FT Vest International Equity Moderate Buffer ETF – September
171:ZALT,Innovator U.S. Equity 10 Buffer ETF – Quarterly
171:ZAPR,Innovator Equity Defined Protection ETF – 1 Yr April
171:ZAUG,Innovator Equity Defined Protection ETF–1 Yr August
171:ZDEK,Innovator Equity Defined Protection ETF–1 Yr December
171:ZECP,Zacks Earnings Consistent Portfolio ETF
171:ZFEB,Innovator Equity Defined Protection ETF - 1 Yr February
171:ZJAN,Innovator Equity Defined Protection ETF – 1 Yr January
171:ZJUL,Innovator Equity Defined Protection ETF – 1 Yr July
171:ZJUN,Innovator Equity Defined Protection ETF – 1 Yr June
171:ZMAR,Innovator Equity Defined Protection ETF – 1 Yr March
171:ZMAY,Innovator Equity Defined Protection ETF – 1 Yr May
171:ZNOV,Innovator Equity Defined Protection ETF – 1 Yr November
171:ZOCT,Innovator Equity Defined Protection ETF – 1 Yr October
171:ZSEP,Innovator Equity Defined Protection ETF– 1 Yr September
171:ZVOL,Volatility Premium Plus ETF
185:AACB,Artius II
185:AACBR,
185:AACBU,Artius II-U
185:AACIU,Armada Acquisition III-U
185:AACOU,Abony I-U
185:AADR,AdvisorShares Dorsey Wright ADR ETF
185:AAEQ,Alpha Architect US Equity 2 ETF
185:AAL,American Airlines
185:AALG,Leverage Shares 2X Long AAL Daily ETF
185:AAME,Atlantic American
185:AAOI,Applied Optoelectronics
185:AAON,Aaon
185:AAPB,GraniteShares 2x Long AAPL Daily ETF
185:AAPD,Direxion Daily AAPL Bear 1X ETF
185:AAPG,Ascentage
185:AAPL,Apple
185:AAPU,Direxion Daily AAPL Bull 2X ETF
185:AARD,Aardvark
185:AAUS,Alpha Architect US Equity ETF
185:AAVM,Alpha Architect Global Factor Equity ETF
185:AAXJ,iShares MSCI All Country Asia ex Japan ETF
185:ABCL,AbCellera Biologics
185:ABCS,Alpha Blue Capital US Small-Mid Cap Dynamic ETF
185:ABI,VictoryShares Pioneer Asset-Based Income ETF
185:ABIG,Argent Large Cap ETF
185:ABNB,Airbnb
185:ABNG,Leverage Shares 2X Long ABNB Daily ETF
185:ABOS,Acumen
185:ABSI,Absci
185:ABUS,Arbutus Biopharma
185:ABVE,Above Food
185:ABVEW,
185:ABVX,Abivax
185:ACAAU,Averin-U
185:ACAD,Acadia Pharmaceuticals
185:ACDC,ProFrac Holding
185:ACEP,ARS Core Equity Portfolio ETF
185:ACGL,Arch Capital Group
185:ACGLN,Arch Capital Group Pref G ADR
185:ACGLO,Arch Capital Group Pref F ADR
185:ACHC,Acadia Healthcare
185:ACIU,AC Immune
185:ACIW,ACI Worldwide
185:ACLS,Axcelis Technologies
185:ACLX,Arcellx
185:ACMR,ACM Research
185:ACNT,Ascent Industries
185:ACRS,Aclaris Therapeutics
185:ACRV,Acrivon Therapeutics
185:ACT,Enact Holdings
185:ACTG,Acacia Research
185:ACTU,Actuate
185:ACWI,iShares MSCI ACWI ETF
185:ACWX,iShares MSCI ACWI ex U.S. ETF
185:ADAC,American Drive
185:ADACU,American Drive-U
185:ADACW,
185:ADAG,Adagene
185:ADAM,Adamas
185:ADAMG,ADAM 9.125% 20300401
185:ADAMH,ADAM 9.875% 20301001
185:ADAMI,ADAM 9.125% 20290701
185:ADAML,Adamas Pref F
185:ADAMM,Adamas Pref E
185:ADAMN,Adamas Pref D
185:ADAMO,ADAM 9.25% 20310401
185:ADAMZ,Adamas Pref G
185:ADBE,Adobe
185:ADBG,Leverage Shares 2X Long ADBE Daily ETF
185:ADEA,Adeia
185:ADI,Analog Devices
185:ADMA,ADMA Biologics
185:ADP,Automatic Data Processing
185:ADPT,Adaptive
185:ADSK,Autodesk
185:ADTN,Adtran
185:ADUS,Addus Homecare
185:ADV,Advantage Solutions
185:AEAQ,Activate Energy
185:AEAQU,Activate Energy-U
185:AEAQW,
185:AEBI,Aebi Schmidt
185:AEIS,Advanced Energy Industries
185:AEP,American Electric
185:AEVA,Aeva Technologies
185:AFCG,Advanced Flower
185:AFJK,Aimei Health
185:AFJKR,
185:AFJKU,Aimei Health-U
185:AFOS,ARS Focused Opportunities Strategy ETF
185:AFRM,Affirm Holdings
185:AFSC,abrdn Focused U.S. Small Cap Active ETF
185:AFYA,Afya
185:AGEM,abrdn Emerging Markets Dividend Active ETF
185:AGGA,EA Astoria Dynamic Core US Fixed Income ETF
185:AGIO,Agios
185:AGIX,KraneShares Artificial Intelligence and Technology ETF
185:AGMB,AgomAb
185:AGMI,Themes Silver Miners ETF
185:AGNC,AGNC Investment
185:AGNCL,AGNC Pref G ADR
185:AGNCM,AGNC Pref D ADR
185:AGNCN,AGNC Pref C ADR
185:AGNCO,AGNC Pref E ADR
185:AGNCP,AGNC Pref F ADR
185:AGNCZ,AGNC Pref H ADR
185:AGNG,Global X Aging Population ETF
185:AGYS,Agilysys
185:AGZD,WisdomTree Interest Rate Hedged U.S. Aggregate Bond Fund
185:AIA,iShares Asia 50 ETF
185:AIFD,TCW Artificial Intelligence ETF
185:AIFU,Aifu
185:AIMS,Acuitas Small Cap Active ETF
185:AIOT,PowerFleet
185:AIP,Arteris
185:AIPI,REX AI Equity Premium Income ETF
185:AIPO,Defiance AI & Power Infrastructure ETF
185:AIQ,Global X Artificial Intelligence & Technology ETF
185:AIRO,AIRO Group
185:AIRR,First Trust RBA American Industrial Renaissance ETF
185:AIRS,AirSculpt
185:AIRTP,Air T Pref
185:AISP,Airship AI Holdings
185:AIXI,Xiao-I
185:AKAM,Akamai Technologies
185:AKTS,Aktis Oncology
185:ALAB,Astera
185:ALBG,Leverage Shares 2X Long ALB Daily ETF
185:ALCO,Alico
185:ALDF,Aldel Financial II
185:ALDFU,Aldel Financial II-U
185:ALDFW,
185:ALEC,Alector
185:ALF,Centurion
185:ALFUU,Centurion-U
185:ALFUW,
185:ALGM,Allegro
185:ALGN,Align Technology
185:ALGT,Allegiant Travel
185:ALHC,Alignment Healthcare
185:ALIL,Argent Focused Small Cap ETF
185:ALIS,Calisa
185:ALISR,
185:ALISU,Calisa-U
185:ALKS,Alkermes
185:ALKT,Alkami Technology
185:ALLO,Allogene
185:ALLT,Allot
185:ALLW,State Street Bridgewater All Weather ETF
185:ALMS,Alumis
185:ALNT,Allient
185:ALNY,Alnylam Pharmaceuticals
185:ALOT,AstroNova
185:ALOV,Aldabra 4 Liquidity
185:ALOVU,Aldabra 4 Liquidity-U
185:ALOVW,
185:ALPS,Alps
185:ALRM,Alarm.com Holdings
185:ALT,Altimmune
185:ALTY,Global X Alternative Income ETF
185:ALVO,Alvotech
185:ALVOW,
185:ALXO,ALX Oncology
185:AMAL,Amalgamated
185:AMAT,Applied Materials
185:AMBA,Ambarella
185:AMBR,Amber International
185:AMCX,AMC Networks
185:AMD,Advanced Micro Devices
185:AMDD,Direxion Daily AMD Bear 1X ETF
185:AMDG,Leverage Shares 2X Long AMD Daily ETF
185:AMDL,GraniteShares 2x Long AMD Daily ETF
185:AMGN,Amgen
185:AMID,Argent Mid Cap ETF
185:AMKR,Amkor Technology
185:AMLX,Amylyx
185:AMPH,Amphastar
185:AMRX,Amneal
185:AMSC,American Superconductor
185:AMSF,Amerisafe
185:AMTX,Aemetis
185:AMUN,abrdn Ultra Short Municipal Income Active ETF
185:AMUU,Direxion Daily AMD Bull 2X ETF
185:AMWD,American Woodmark
185:AMYY,GraniteShares YieldBOOST AMD ETF
185:AMZD,Direxion Daily AMZN Bear 1X ETF
185:AMZN,Amazon.com
185:AMZU,Direxion Daily AMZN Bull 2X ETF
185:AMZZ,GraniteShares 2x Long AMZN Daily ETF
185:ANAB,AnaptysBio
185:ANDE,The Andersons
185:ANEL,Defiance Daily Target 2X Long ANET ETF
185:ANGI,Angi
185:ANGL,VanEck Fallen Angel High Yield Bond ETF
185:ANGO,AngioDynamics
185:ANIK,Anika Therapeutics
185:ANIP,ANI Pharmaceuticals
185:ANL,Adlai
185:ANNX,Annexon
185:ANSC,Agriculture
185:ANSCU,Agriculture-U
185:ANSCW,
185:ANTA,Antalpha Platform
185:ANTX,AN2 Therapeutics
185:ANV,GraniteShares Autocallable NVDA ETF
185:AOHY,Angel Oak High Yield Opportunities ETF
185:AOSL,Alpha and Omega Semiconductor
185:AOTG,AOT Growth and Innovation ETF
185:AOUT,American Outdoor
185:APA,Apa
185:APAD,A Paradise
185:APADR,
185:APADU,A Paradise-U
185:APEI,American Public Education
185:APGE,Apogee Therapeutics
185:API,Agora
185:APLD,Applied Digital
185:APLS,Apellis
185:APOG,Apogee Enterprises
185:APP,Applovin
185:APPF,Appfolio
185:APPN,Appian
185:APPX,Tradr 2X Long APP Daily ETF
185:APXT,Apex Treasury
185:APXTU,Apex Treasury-U
185:APXTW,
185:APYX,Apyx Medical
185:AQST,Aquestive
185:AQWA,Global X Clean Water ETF
185:ARAI,Arrive AI
185:ARAY,Accuray
185:ARCB,ArcBest
185:ARCC,Ares Capital
185:ARCI,Archimedes Tech III
185:ARCIU,Archimedes Tech III-U
185:ARCIW,
185:ARCT,Arcturus Therapeutics
185:ARDX,Ardelyx
185:ARGX,argenx
185:ARHS,Arhaus
185:ARKR,Ark Restaurants
185:ARLP,Alliance Resource
185:ARM,Arm Holdings
185:ARMG,Leverage Shares 2X Long ARM Daily ETF
185:AROW,Arrow Financial
185:ARQ,Arq
185:ARQT,Arcutis
185:ARRY,Array Technologies
185:ARTC,Art Technology
185:ARTCU,Art Technology-U
185:ARTCW,
185:ARTNA,Artesian Resources
185:ARTV,Artiva
185:ARVN,Arvinas
185:ARVR,First Trust Indxx Metaverse ETF
185:ARWR,Arrowhead Pharmaceuticals
185:ASCI,abrdn International Small Cap Active ETF
185:ASMB,Assembly Biosciences
185:ASMG,Leverage Shares 2X Long ASML Daily ETF
185:ASML,ASML Holding
185:ASMU,Direxion Daily ASML Bull 2X ETF
185:ASND,Ascendis Pharma
185:ASO,Academy
185:ASPS,Altisource Portfolio
185:ASPSW,
185:ASPSZ,
185:ASRV,Ameriserv Financial
185:ASST,Strive
185:ASTE,Astec Industries
185:ASTL,Algoma Steel Group
185:ASTLW,
185:ASTS,AST SpaceMobile
185:ASYS,Amtech Systems
185:ATAI,AtaiBeckley
185:ATAT,Atour Lifestyle
185:ATEC,Alphatec Holdings
185:ATII,Archimedes Tech Spac
185:ATIIU,Archimedes Tech Spac-U
185:ATIIW,
185:ATLC,Atlanticus Holdings
185:ATLCL,ATLC 6.125% 20261130
185:ATLCP,Atlanticus Holdings Pref B
185:ATLCZ,ATLC 9.25% 20290131
185:ATLN,Atlantic
185:ATNI,ATN International
185:ATRA,Atara
185:ATRC,AtriCure
185:ATRO,Astronics
185:AUBN,Auburn National
185:AUDC,Audiocodes
185:AUGO,Aura Minerals
185:AUMI,Themes Gold Miners ETF
185:AUPH,Aurinia
185:AUR,Aurora Innovation
185:AURA,Aura Biosciences
185:AUROW,
185:AUTL,Autolus Therapeutics
185:AVAH,Aveanna Healthcare
185:AVAV,Aerovironment
185:AVBH,Avidbank Holdings
185:AVBP,Arrivent
185:AVGB,Avantis Credit ETF
185:AVGG,Leverage Shares 2X Long AVGO Daily ETF
185:AVGO,Broadcom
185:AVGU,GraniteShares 2x Long AVGO Daily ETF
185:AVGX,Defiance Daily Target 2X Long AVGO ETF
185:AVIR,Atea
185:AVL,Direxion Daily AVGO Bull 2X ETF
185:AVNW,Aviat Networks
185:AVO,Mission Produce
185:AVOS,Avos Global Equities ETF
185:AVPT,AvePoint
185:AVR,Anteris Technologies
185:AVS,Direxion Daily AVGO Bear 1X ETF
185:AVT,Avnet
185:AVUQ,Avantis U.S. Quality ETF
185:AVXC,Avantis Emerging Markets ex-China Equity ETF
185:AVXL,Anavex Life Sciences
185:AVXX,Defiance Daily Target 2X Long AVAV ETF
185:AWRE,Aware
185:AXIN,Axiom Intelligence
185:AXINR,
185:AXINU,Axiom Intelligence-U
185:AXON,Axon Enterprise
185:AXPG,Leverage Shares 2x Long AXP Daily ETF
185:AXSM,Axsome Therapeutics
185:AXTI,AXT
185:AZI,Autozi Internet
185:AZTA,Azenta
185:AZYY,GraniteShares YieldBOOST AMZN ETF
185:BABU,Direxion Daily BABA Bull 2X ETF
185:BABX,GraniteShares 2x Long BABA Daily ETF
185:BACC,Blue Acquisition
185:BACCR,
185:BACCU,Blue Acquisition-U
185:BAER,Bridger Aerospace
185:BAERW,
185:BAFE,Brown Advisory Flexible Equity ETF
185:BAIG,Leverage Shares 2X Long BBAI Daily ETF
185:BAIV,Brown Advisory International Value Select ETF
185:BALQ,iShares Nasdaq Premium Income Active ETF
185:BAND,Bandwidth
185:BANF,Bancfirst
185:BANFP,Bancfirst Pref
185:BANR,Banner
185:BANX,ArrowMark Financial
185:BASG,Brown Advisory Sustainable Growth ETF
185:BASV,Brown Advisory Sustainable Value ETF
185:BATRA,Atlanta Braves A
185:BATRK,Atlanta Braves C
185:BAYA,Bayview Acquisition
185:BAYAR,
185:BAYAU,Bayview Acquisition-U
185:BBB,Cyber Hornet S&P 500 and Bitcoin 75/25 Strategy ETF
185:BBCQ,Bleichroeder II
185:BBCQU,Bleichroeder II-U
185:BBCQW,
185:BBH,VanEck Biotech ETF
185:BBIO,BridgeBio Pharma
185:BBNX,Beta Bionics
185:BBOT,BridgeBio
185:BBSI,Barrett Business Services
185:BBYY,GraniteShares YieldBOOST BABA ETF
185:BCAR,D. Boral ARC I
185:BCARU,D. Boral ARC I-U
185:BCARW,
185:BCAX,Bicara Therapeutics
185:BCBP,BCB Bancorp
185:BCFN,Baron Financials ETF
185:BCG,Binah Capital Group
185:BCIC,BCP Investment
185:BCLO,iShares BBB-B CLO Active ETF
185:BCML,BayCom
185:BCPC,Balchem
185:BCRX,BioCryst Pharmaceuticals
185:BCTK,Baron Technology ETF
185:BCYC,Bicycle Therapeutics
185:BDCI,BTC Development
185:BDCIU,BTC Development-U
185:BDCIW,
185:BDGS,Bridges Capital Tactical ETF
185:BDSX,Biodesix
185:BDTX,Black Diamond
185:BDVL,iShares Disciplined Volatility Equity Active ETF
185:BDYN,iShares Dynamic Equity Active ETF
185:BEAG,Bold Eagle
185:BEAGR,
185:BEAGU,Bold Eagle-U
185:BEAM,Beam Therapeutics
185:BEDY,BNY Mellon Enhanced Dividend and Income ETF
185:BEEP,Mobile
185:BEEX,The BeeHive ETF
185:BEEZ,Honeytree U.S. Equity ETF
185:BEG,Leverage Shares 2x Long BE Daily ETF
185:BELFA,Bel Fuse A
185:BELFB,Bel Fuse B
185:BELT,iShares U.S. Select Equity Active ETF
185:BETR,Better Home
185:BETRW,
185:BFST,Business First
185:BGC,BGC Group
185:BGIN,BGIN
185:BGL,Blue Gold
185:BGRN,iShares USD Green Bond ETF
185:BGRO,iShares Large Cap Growth Active ETF
185:BHDG,Nicholas Bitcoin Tail ETF
185:BHF,Brighthouse Financial
185:BHFAL,BHF 6.25% 20580915
185:BHFAM,Brighthouse Pref D ADR
185:BHFAN,Brighthouse Pref C ADR
185:BHFAO,Brighthouse Pref B ADR
185:BHFAP,Brighthouse Financial Pref A ADR
185:BHST,BioHarvest Sciences
185:BIB,ProShares Ultra NASDAQ Biotechnology
185:BIDG,Leverage Shares 2X Long BIDU Daily ETF
185:BIDU,Baidu
185:BIIB,Biogen
185:BILI,Bilibili
185:BIOA,BioAge Labs
185:BIOX,Bioceres Crop
185:BIRD,Allbirds
185:BIS,ProShares UltraShort NASDAQ Biotechnology
185:BITF,Bitfarms
185:BITS,Global X Blockchain and Bitcoin Strategy ETF
185:BIXI,Bitcoin Infrastructure Acquisition
185:BIXIU,Bitcoin Infrastructure Acquisition-U
185:BIXIW,
185:BJK,VanEck Gaming ETF
185:BJRI,BJ'S Restaurants
185:BKCH,Global X Blockchain ETF
185:BKHA,Black Hawk
185:BKHAR,
185:BKHAU,Black Hawk-U
185:BKMI,BNY Mellon Municipal Intermediate ETF
185:BKMS,BNY Mellon Municipal Short Duration ETF
185:BKNG,Booking Holdings
185:BKR,Baker Hughes
185:BL,BlackLine
185:BLBD,Blue Bird
185:BLCN,Siren NexGen Economy ETF
185:BLCR,iShares Large Cap Core Active ETF
185:BLDP,Ballard Power Systems
185:BLFY,Blue Foundry
185:BLKB,Blackbaud
185:BLLN,BillionToOne
185:BLMN,Bloomin'Brands
185:BLRK,Bluerock Acquisition
185:BLRKU,Bluerock Acquisition-U
185:BLRKW,
185:BLSG,Leverage Shares 2X Long BLSH Daily ETF
185:BLUW,Blue Water
185:BLUWU,Blue Water-U
185:BLUWW,
185:BLZE,Backblaze
185:BLZR,Trailblazer
185:BLZRU,Trailblazer-U
185:BLZRW,
185:BMAX,REX Bitcoin Corporate Treasury Convertible Bond ETF
185:BMBL,Bumble
185:BMEA,Biomea Fusion
185:BMNG,Leverage Shares 2X Long BMNR Daily ETF
185:BMOP,BNY Mellon Municipal Opportunities ETF
185:BMRC,Bank Of Marin Bancorp
185:BMRN,Biomarin
185:BND,Vanguard Total Bond Market ETF
185:BNDP,Vanguard Core-Plus Bond Index ETF
185:BNDW,Vanguard Total World Bond ETF
185:BNDX,Vanguard Total International Bond ETF
185:BNR,Burning Rock
185:BNTX,BioNTech
185:BOED,Direxion Daily BA Bear 1X ETF
185:BOEG,Leverage Shares 2X Long BA Daily ETF
185:BOEU,Direxion Daily BA Bull 2X ETF
185:BOKF,BOK Financial
185:BOLD,Boundless Bio
185:BOOM,DMC Global
185:BOTT,Themes Humanoid Robotics ETF
185:BOTZ,Global X Robotics & Artificial Intelligence ETF
185:BPOP,Popular
185:BPRN,Princeton Bancorp
185:BPYPM,Brookfield Pref A
185:BPYPN,Brookfield Pref 3
185:BPYPO,Brookfield Pref 2
185:BPYPP,Brookfield Pref 1
185:BRAG,Bragg Gaming Group
185:BRAI,Braiin
185:BRCB,Black Rock Coffee
185:BREM,iShares Emerging Markets Bond Active ETF
185:BRES,Burney U.S. Equity Select ETF
185:BRHY,iShares High Yield Active ETF
185:BRID,Bridgford Foods
185:BRKD,Direxion Daily BRKB Bear 1X ETF
185:BRKR,Bruker
185:BRKRP,Bruker Pref A
185:BRKU,Direxion Daily BRKB Bull 2X ETF
185:BRLT,Brilliant Earth
185:BRNS,Barinthus
185:BRNY,Burney U.S. Factor Rotation ETF
185:BRR,ProCap Financial
185:BRRR,CoinShares Bitcoin ETF
185:BRTR,iShares Total Return Active ETF
185:BRZE,Braze
185:BSCQ,Invesco BulletShares 2026 Corporate Bond ETF
185:BSCR,Invesco BulletShares 2027 Corporate Bond ETF
185:BSCS,Invesco BulletShares 2028 Corporate Bond ETF
185:BSCT,Invesco BulletShares 2029 Corporate Bond ETF
185:BSCU,Invesco BulletShares 2030 Corporate Bond ETF
185:BSCV,Invesco BulletShares 2031 Corporate Bond ETF
185:BSCW,Invesco BulletShares 2032 Corporate Bond ETF
185:BSCX,Invesco BulletShares 2033 Corporate Bond ETF
185:BSCY,Invesco BulletShares 2034 Corporate Bond ETF
185:BSCZ,Invesco BulletShares 2035 Corporate Bond ETF
185:BSET,Bassett Furniture Industries
185:BSJQ,Invesco BulletShares 2026 High Yield Corporate Bond ETF
185:BSJR,Invesco BulletShares 2027 High Yield Corporate Bond ETF
185:BSJS,Invesco BulletShares 2028 High Yield Corporate Bond ETF
185:BSJT,Invesco BulletShares 2029 High Yield Corporate Bond ETF
185:BSJU,Invesco BulletShares 2030 High Yield Corporate Bond ETF
185:BSJV,Invesco BulletShares 2031 High Yield Corporate Bond ETF
185:BSJW,Invesco BulletShares 2032 High Yield Corporate Bond ETF
185:BSJX,Invesco BulletShares 2033 High Yield Corporate Bond ETF
185:BSMQ,Invesco BulletShares 2026 Municipal Bond ETF
185:BSMR,Invesco BulletShares 2027 Municipal Bond ETF
185:BSMS,Invesco BulletShares 2028 Municipal Bond ETF
185:BSMT,Invesco BulletShares 2029 Municipal Bond ETF
185:BSMU,Invesco BulletShares 2030 Municipal Bond ETF
185:BSMV,Invesco BulletShares 2031 Municipal Bond ETF
185:BSMW,Invesco BulletShares 2032 Municipal Bond ETF
185:BSMY,Invesco BulletShares 2034 Municipal Bond ETF
185:BSMZ,Invesco BulletShares 2035 Municipal Bond ETF
185:BSRR,Sierra Bancorp
185:BSSX,Invesco BulletShares 2033 Municipal Bond ETF
185:BSVN,Bank7
185:BSVO,EA Bridgeway Omni Small-Cap Value ETF
185:BSY,Bentley Systems
185:BTF,CoinShares Bitcoin and Ether ETF
185:BTGD,STKd 100% Bitcoin & 100% Gold ETF
185:BTMD,biote
185:BTOC,Armlogi Holding
185:BTQ,BTQ Technologies
185:BTSG,BrightSpring Health
185:BTSGU,BrightSpring Health-U
185:BU,Defiance Daily Target 2X Long B ETF
185:BUFC,AB Conservative Buffer ETF
185:BUFI,AB International Buffer ETF
185:BUFM,AB Moderate Buffer ETF
185:BUG,Global X Cybersecurity ETF
185:BULD,Pacer BlueStar Engineering the Future ETF
185:BULG,Leverage Shares 2X Long BULL Daily ETF
185:BULX,GraniteShares 2x Long BULL Daily ETF
185:BUSE,First Busey
185:BUSEP,First Busey Pref B ADR
185:BVS,Bioventus
185:BWAY,Brainsway
185:BWFG,Bankwell Financial
185:BWIN,The Baldwin Group
185:BWMN,Bowman Consulting
185:BYND,Beyond Meat
185:BZ,BOSS ZHIPIN
185:BZAI,Blaize Holdings
185:BZUN,Baozun
185:CA,Xtrackers California Municipal Bond ETF
185:CABA,Cabaletta Bio
185:CAC,Camden National
185:CACC,Credit Acceptance
185:CADL,Candel Therapeutics
185:CAEP,Cantor Equity III
185:CAFG,Pacer US Small Cap Cash Cows Growth Leaders ETF
185:CAI,Caris Life Sciences
185:CAIQ,Calamos Nasdaq Autocallable Income ETF
185:CAKE,The Cheesecake Factory
185:CALI,iShares Short-Term California Muni Active ETF
185:CALM,Cal-Maine Foods
185:CAMP,CAMP4 Therapeutics
185:CAMT,Camtek
185:CAN,Canaan
185:CANC,Tema Oncology ETF
185:CANQ,Calamos Nasdaq Equity & Income ETF
185:CAPN,Cayson
185:CAPNR,
185:CAPNU,Cayson-U
185:CAPR,Capricor
185:CAPT,Captivision
185:CAQUU,Cambridge-U
185:CAR,Avis Budget Group
185:CARE,Carter Bankshares
185:CARG,CarGurus
185:CARL,Carlsmed
185:CART,Maplebear
185:CARY,Angel Oak Income ETF
185:CARZ,First Trust S-Network Future Vehicles & Technology ETF
185:CASH,Pathward Financial
185:CASS,Cass Information Systems
185:CAST,FreeCast
185:CASY,Casey's
185:CATH,Global X S&P 500 Catholic Values ETF
185:CATY,Cathay General Bancorp
185:CBC,Central Bancompany
185:CBFV,CB Financial Services
185:CBLL,CeriBell
185:CBNK,Capital Bancorp
185:CBRL,Cracker Barrel Old Country Store
185:CBSH,Commerce Bancshares
185:CCAP,Crescent Capital
185:CCB,Coastal Financial
185:CCBG,Capital City Bank
185:CCC,CCC Intelligent
185:CCCC,C4 Therapeutics
185:CCD,Calamos Dynamic
185:CCEC,Capital Clean Energy
185:CCEP,Coca-Cola Europacific
185:CCFE,Concourse Capital Focused Equity ETF
185:CCII,Cohen Circle II
185:CCIIU,Cohen Circle II-U
185:CCIIW,
185:CCIX,Churchill
185:CCIXU,Churchill-U
185:CCIXW,
185:CCLD,CareCloud
185:CCLDO,CareCloud Pref B
185:CCNE,CNB Financial
185:CCNEP,CNB Financial Pref A ADR
185:CCNR,ALPS CoreCommodity Natural Resources ETF
185:CCOI,Cogent Communications
185:CCRN,Cross Country
185:CCSB,Carbon Collective Short Duration Green Bond ETF
185:CCSI,Consensus Cloud
185:CCSO,Carbon Collective Climate Solutions U.S. Equity ETF
185:CCXI,Churchill Capital XI
185:CCXIU,Churchill Capital XI-U
185:CCXIW,
185:CD,Chaince Digital
185:CDC,VictoryShares US EQ Income Enhanced Volatility Wtd ETF
185:CDIG,City Different Investments Global Equity ETF
185:CDL,VictoryShares US Large Cap High Div Volatility Wtd ETF
185:CDLX,Cardlytics
185:CDNA,CareDx
185:CDNL,Cardinal Infrastructure
185:CDNS,Cadence Design
185:CDW,CDW
185:CDXS,Codexis
185:CDZI,Cadiz
185:CDZIP,Cadiz Pref A ADR
185:CECO,CECO Environmental
185:CEFA,Global X S&P Catholic Values Developed ex-U.S. ETF
185:CEG,Constellation Energy
185:CENT,Central Garden & Pet
185:CENTA,Central Garden&Pet A
185:CENX,Century Aluminum
185:CEPF,Cantor Equity IV
185:CEPI,REX Crypto Equity Premium Income ETF
185:CEPO,Cantor Equity
185:CEPS,Cantor Equity VI
185:CEPT,Cantor
185:CEPV,Cantor Equit
185:CERS,Cerus
185:CERT,Certara
185:CEVA,Ceva
185:CFA,VictoryShares US 500 Volatility Wtd ETF
185:CFFI,C&F Financial
185:CFFN,Capitol Federal Financial
185:CFLT,Confluent
185:CFO,VictoryShares US 500 Enhanced Volatility Wtd ETF
185:CG,The Carlyle Group
185:CGABL,CG 4.625% 20610515
185:CGBD,Carlyle Secured
185:CGC,Canopy Growth
185:CGCT,Cartesian
185:CGCTU,Cartesian-U
185:CGCTW,
185:CGEM,Cullinan
185:CGNT,Cognyte Software
185:CGNX,Cognex
185:CGO,Calamos Global Total
185:CGON,CG Oncology
185:CHA,Chagee Holdings
185:CHAC,Crane Harbor
185:CHACR,
185:CHACU,Crane Harbor-U
185:CHAR,Charlton Aria
185:CHARR,
185:CHARU,Charlton Aria-U
185:CHCO,City Holding
185:CHDN,Churchill Downs
185:CHEC,Chenghe III
185:CHECU,Chenghe III-U
185:CHECW,
185:CHEF,The Chefs' Warehouse
185:CHGX,Stance Sustainable Beta ETF
185:CHI,Calamos Convertible Opportunities and Income Fund
185:CHKP,Check Point Software
185:CHMG,Chemung Financial
185:CHPG,ChampionsGate
185:CHPGR,
185:CHPGU,ChampionsGate-U
185:CHPS,Xtrackers Semiconductor Select Equity ETF
185:CHPX,Global X AI Semiconductor & Quantum ETF
185:CHRD,Chord Energy
185:CHRI,Global X S&P 500 Christian Values ETF
185:CHRS,Coherus Oncology
185:CHRW,C.H. Robinson Worldwide
185:CHSCL,CHS Pref B4
185:CHSCM,CHS Pref B3
185:CHSCN,CHS Pref B2
185:CHSCO,CHS Pref B1
185:CHSCP,CHS Pref
185:CHTR,Charter
185:CHW,Calamos Global
185:CHY,Calamos Convertible
185:CHYM,Chime Financial
185:CIBR,First Trust NASDAQ Cybersecurity ETF
185:CIFG,Leverage Shares 2X Long CIFR Daily ETF
185:CIFR,Cipher Digital
185:CIGI,Colliers International Group
185:CINF,Cincinnati Financial
185:CLAR,Clarus
185:CLBK,Columbia Financial
185:CLBT,Cellebrite DI
185:CLFD,Clearfield
185:CLLS,Cellectis
185:CLMB,Climb Global
185:CLMT,Calumet
185:CLNE,Clean Energy Fuels
185:CLOA,iShares AAA CLO Active ETF
185:CLOD,Themes Cloud Computing ETF
185:CLOU,Global X Cloud Computing ETF
185:CLOV,Clover Health
185:CLPS,CLPS
185:CLSM,ETC Cabana Target Leading Sector Moderate ETF
185:CLYM,Climb Bio
185:CMBM,Cambium Networks
185:CMBO,Wayfinder Dynamic U.S. Interest Rate ETF
185:CMCO,Columbus Mckinnon
185:CMCSA,Comcast
185:CME,CME Group
185:CMGG,Leverage Shares 2X Long CMG Daily ETF
185:CMII,Columbus Circle II
185:CMIIU,Columbus Circle II-U
185:CMIIW,
185:CMPR,Cimpress
185:CMPS,COMPASS Pathways
185:CMRC,Commerce.com
185:CMTL,Comtech Telecommunications
185:CNCG,Leverage Shares 2X Long CNC Daily ETF
185:CNCK,Coincheck Group
185:CNDT,Conduent
185:CNOB,ConnectOne
185:CNOBP,ConnectOne Pref A ADR
185:CNQQ,Rayliant-ChinaAMC Transformative China Tech ETF
185:CNTA,Centessa
185:CNTB,Connect Biopharma
185:CNXC,Concentrix
185:CNXN,PC Connection
185:COCO,The Vita Coco
185:COGT,Cogent Biosciences
185:COHU,Cohu
185:COIG,Leverage Shares 2X Long COIN Daily ETF
185:COIN,Coinbase Global
185:COKE,Coca-Cola Consolidated
185:COLA,Columbus Acquisition
185:COLAR,
185:COLAU,Columbus Acquisition-U
185:COLB,Columbia Banking System
185:COLL,Collegium
185:COLM,Columbia Sportswear
185:COMT,iShares GSCI Commodity Dynamic Roll Strategy ETF
185:CONI,GraniteShares 2x Short COIN Daily ETF
185:CONL,GraniteShares 2x Long COIN Daily ETF
185:CONX,Direxion Daily COIN Bull 2X ETF
185:COO,The Cooper Companies
185:COPJ,Sprott Junior Copper Miners ETF
185:COPP,Sprott Copper Miners ETF
185:CORO,iShares International Country Rotation Active ETF
185:CORZ,Core Scientific
185:CORZW,
185:CORZZ,
185:COST,Costco Wholesale
185:COTG,Leverage Shares 2X Long COST Daily ETF
185:COWG,Pacer US Large Cap Cash Cows Growth Leaders ETF
185:COWS,Amplify Cash Flow Dividend Leaders ETF
185:COYY,GraniteShares YieldBOOST COIN ETF
185:CPAG,F/m Compoundr U.S. Aggregate Bond ETF
185:CPB,Campbell's
185:CPHC,Canterbury Park Holding
185:CPHY,F/m Compoundr High Yield Bond ETF
185:CPIX,Cumberland Pharmaceuticals
185:CPLS,AB Core Plus Bond ETF
185:CPRT,Copart
185:CPSS,Consumer Portfolio
185:CPZ,Calamos Long/Short
185:CRAC,Crown Reserve
185:CRACR,
185:CRACU,Crown Reserve-U
185:CRACW,
185:CRAI,CRA International
185:CRAN,Crane Harbor II
185:CRANR,
185:CRANU,Crane Harbor II-U
185:CRAQ,Cal Redwood
185:CRAQR,
185:CRAQU,Cal Redwood-U
185:CRBU,Caribou Biosciences
185:CRCG,Leverage Shares 2X Long CRCL Daily ETF
185:CRCT,Cricut
185:CRDO,Credo Technology
185:CRESY,Cresud
185:CRMD,CorMedix
185:CRMG,Leverage Shares 2X Long CRM Daily ETF
185:CRML,Critical Metals
185:CRMT,America's Car-Mart
185:CRMU,Leverage Shares 2X Long CRML Daily ETF
185:CRNC,Cerence
185:CRNT,Ceragon Networks
185:CRNX,Crinetics
185:CRON,Cronos Group
185:CROX,Crocs
185:CRSP,CRISPR Therapeutics
185:CRSR,Corsair Gaming
185:CRTO,Criteo
185:CRUS,Cirrus Logic
185:CRVL,CorVel
185:CRVS,Corvus
185:CRWD,CrowdStrike Holdings
185:CRWG,Leverage Shares 2X Long CRWV Daily ETF
185:CRWL,GraniteShares 2x Long CRWD Daily ETF
185:CRWV,CoreWeave
185:CSB,VictoryShares US Small Cap High Div Volatility Wtd ETF
185:CSCL,Direxion Daily CSCO Bull 2X ETF
185:CSCO,Cisco Systems
185:CSCS,Direxion Daily CSCO Bear 1X ETF
185:CSGP,CoStar Group
185:CSGS,CSG Systems International
185:CSIQ,Canadian Solar
185:CSPI,CSP
185:CSQ,Calamos Strategic Total Return Fund
185:CSTE,Caesarstone
185:CSTL,Castle Biosciences
185:CSWC,Capital Southwest
185:CSX,CSX
185:CTAAU,ClearThink 1-U
185:CTAS,Cintas
185:CTBI,Community Trust Bancorp
185:CTEC,Global X CleanTech ETF
185:CTKB,Cytek Biosciences
185:CTLP,Cantaloupe
185:CTMX,CytomX Therapeutics
185:CTNM,Contineum
185:CTRN,Citi Trends
185:CTSH,Cognizant Technology
185:CUB,Lionheart
185:CUBWU,Lionheart-U
185:CUBWW,
185:CURR,CURRENC Group
185:CUSD,CrossingBridge Ultra-Short Duration ETF
185:CVBF,CVB Financial
185:CVCO,Cavco Industries
185:CVGI,Commercial Vehicle Group
185:CVGW,Calavo Growers
185:CVLT,CommVault Systems
185:CVNX,Defiance Daily Target 2X Long CVNA ETF
185:CVRX,CVRx
185:CWCO,Consolidated Water
185:CWST,Casella Waste
185:CXSE,WisdomTree China ex-State-Owned Enterprises Fund
185:CYCU,Cycurion
185:CYTK,Cytokinetics
185:CZAR,Themes Natural Monopoly ETF
185:CZR,Caesars
185:CZWI,Citizens Community
185:DAAQ,Digital Asset
185:DAAQU,Digital Asset-U
185:DAAQW,
185:DADS,Digital Asset Debt Strategy ETF
185:DAIC,CID
185:DAICW,
185:DAK,Dakota Active Equity ETF
185:DAKT,Daktronics
185:DALI,First Trust Dorsey Wright DALI Equity ETF
185:DAPP,VanEck Digital Transformation ETF
185:DASH,Doordash
185:DAVE,Dave
185:DAVEW,
185:DAWN,Day One
185:DAX,Global X DAX Germany ETF
185:DBCA,D. Boral Acquisition I
185:DBCAU,D. Boral Acquisition I-U
185:DBCAW,
185:DBSC,Deepwater Beachfront Small Cap ETF
185:DBX,Dropbox
185:DCBO,Docebo
185:DCOM,Dime Community
185:DCOMG,DCOM 9% 20340715
185:DCOMP,Dime Community Pref A
185:DDI,DoubleDown
185:DDIV,First Trust Dorsey Wright Momentum & Dividend ETF
185:DDOG,Datadog
185:DECO,State Street Galaxy Digital Asset Ecosystem ETF
185:DEMZ,Democratic Large Cap Core ETF
185:DFGP,Dimensional Global Core Plus Fixed Income ETF
185:DFGX,Dimensional International Core Fixed Income ETF
185:DFNS,T3 Defense
185:DFTX,Definium
185:DGCB,Dimensional Global Credit ETF
185:DGICA,Donegal Group A
185:DGICB,Donegal Group B
185:DGII,Digi International
185:DGLO,First Trust RBA Deglobalization ETF
185:DGRE,WisdomTree Emerging Markets Quality Dividend Growth Fund
185:DGRS,WisdomTree U.S. Smallcap Quality Dividend Growth Fund
185:DGRW,WisdomTree U.S. Quality Dividend Growth Fund
185:DH,Definitive
185:DHC,Diversified
185:DHCNI,DHC 5.625% 20420801
185:DHCNL,DHC 6.25% 20460201
185:DHIL,Diamond Hill
185:DIBS,1stdibs.com
185:DIME,CoinShares Altcoins ETF
185:DIOD,Diodes
185:DIVD,Altrius Global Dividend ETF
185:DJT,Trump Media
185:DJTWW,
185:DKNG,DraftKings
185:DKNX,Defiance Daily Target 2X Long DKNG ETF
185:DLLL,GraniteShares 2x Long DELL Daily ETF
185:DLO,DLocal
185:DLTH,Duluth Holdings
185:DLTR,Dollar Tree
185:DMAA,Drugs Made In
185:DMAAR,
185:DMAAU,Drugs Made In-U
185:DMII,Drugs America
185:DMIIR,
185:DMIIU,Drugs America-U
185:DMLP,Dorchester Minerals
185:DMRC,Digimarc
185:DMXF,iShares ESG Advanced MSCI EAFE ETF
185:DNLI,Denali
185:DNMX,DynamixIII
185:DNMXU,DynamixIII-U
185:DNMXW,
185:DNNG,Leverage Shares 2X Long DNN Daily ETF
185:DNUT,Krispy Kreme
185:DOCU,DocuSign
185:DOMO,Domo
185:DOO,BRP
185:DORM,Dorman
185:DOX,Amdocs
185:DOYU,DouYu International Holdings
185:DPZ,Domino'S Pizza
185:DRDB,Roman DBDR
185:DRDBU,Roman DBDR-U
185:DRDBW,
185:DRH,DiamondRock
185:DRIV,Global X Autonomous & Electric Vehicles ETF
185:DRNZ,REX Drone ETF
185:DRS,Leonardo DRS
185:DRVN,Driven Brands
185:DSAC,Daedalus Special
185:DSACU,Daedalus Special-U
185:DSACW,
185:DSGN,Design Therapeutics
185:DSGR,Distribution
185:DSGX,The Descartes Systems Group
185:DSP,Viant Technology
185:DSWL,Deswell Industries
185:DSY,Big Tree Cloud
185:DTCR,Global X Data Center & Digital Infrastructure ETF
185:DTSQ,DT Cloud Star
185:DTSQR,
185:DTSQU,DT Cloud Star-U
185:DUKH,Ocean Park High Income ETF
185:DUKX,Ocean Park International ETF
185:DUOG,Leverage Shares 2X Long DUOL Daily ETF
185:DUOL,Duolingo
185:DVAL,BrandywineGLOBAL - Dynamic US Large Cap Value ETF
185:DVGR,DAC 3D Dividend Growth ETF
185:DVIN,WEBs Industrials XLI Defined Volatility ETF
185:DVLU,First Trust Dorsey Wright Momentum & Value ETF
185:DVOL,First Trust Dorsey Wright Momentum & Low Volatility ETF
185:DVQQ,WEBs QQQ Defined Volatility ETF
185:DVRE,WEBs Real Estate XLRE Defined Volatility ETF
185:DVSP,WEBs SPY Defined Volatility ETF
185:DVUT,WEBs Utilities XLU Defined Volatility ETF
185:DVXB,WEBs Materials XLB Defined Volatility ETF
185:DVXC,WEBs Communication Services XLC Defined Volatility ETF
185:DVXE,WEBs Energy XLE Defined Volatility ETF
185:DVXF,WEBs Financial XLF Defined Volatility ETF
185:DVXK,WEBs Technology XLK Defined Volatility ETF
185:DVXP,WEBs Consumer Staples XLP Defined Volatility ETF
185:DVXV,WEBs Health Care XLV Defined Volatility ETF
185:DVXY,WEBs Consumer Discretionary XLY Defined Volatility ETF
185:DVY,iShares Select Dividend ETF
185:DWAS,Invesco Dorsey Wright SmallCap Momentum ETF
185:DWAW,AdvisorShares Dorsey Wright FSM All Cap World ETF
185:DWSH,AdvisorShares Dorsey Wright Short ETF
185:DWSN,Dawson Geophysical
185:DWUS,AdvisorShares Dorsey Wright FSM US Core ETF
185:DXCM,Dexcom
185:DXLG,Destination XL Group
185:DXPE,DXP Enterprises
185:DYFI,IDX Dynamic Fixed Income ETF
185:DYN,Dyne
185:DYNB,Hartford Dynamic Bond ETF
185:DYOR,Insight Digital II
185:DYORU,Insight Digital II-U
185:DYORW,
185:DYTA,SGI Dynamic Tactical ETF
185:EA,Electronic Arts
185:EART,Global X Rare Earth & Critical Materials ETF
185:EASY,Liberty One Defensive Dividend Growth ETF
185:EBAY,eBay
185:EBC,Eastern Bankshares
185:EBI,Longview Advantage ETF
185:EBIZ,Global X E-commerce ETF
185:EBMT,Eagle
185:EBON,Ebang International
185:ECOW,Pacer Emerging Markets Cash Cows 100 ETF
185:ECPG,Encore Capital Group
185:ECX,ECARX Holdings
185:EDAP,EDAP TMS
185:EDIT,Editas Medicine
185:EDUC,Educational
185:EEE,CYBER HORNET S&P 500 and Ethereum 75/25 Strategy ETF
185:EEFT,Euronet Worldwide
185:EEMA,iShares MSCI Emerging Markets Asia ETF
185:EFAS,Global X MSCI SuperDividend EAFE ETF
185:EFRA,iShares Environmental Infrastructure And Industrials ETF
185:EFSC,Enterprise
185:EFSCP,Enterprise Pref A ADR
185:EGGQ,NestYield Visionary ETF
185:EGHA,EGH
185:EGHAR,
185:EGHAU,EGH-U
185:EGHT,8x8
185:EH,EHang
185:EHLS,Even Herd Long/Short ETF
185:EHTH,eHealth
185:EIKN,Eikon Therapeutics
185:EKG,First Trust Nasdaq Lux Digital Health Solutions ETF
185:ELFY,ALPS Electrification Infrastructure ETF
185:ELIL,Direxion Daily LLY Bull 2X ETF
185:ELIS,Direxion Daily LLY Bear 1X ETF
185:ELPW,Elong Power
185:ELVN,Enliven
185:EMAT,Evolution Metals & Technologies
185:EMB,iShares J.P. Morgan USD Emerging Markets Bond ETF
185:EMBC,Embecta
185:EMCB,WisdomTree Emerging Markets Corporate Bond Fund
185:EMEQ,Nomura Focused Emerging Markets Equity ETF
185:EMIF,iShares Emerging Markets Infrastructure ETF
185:EMIS,Emmis
185:EMISR,
185:EML,The Eastern
185:EMPD,Empery Digital
185:EMXC,iShares MSCI Emerging Markets ex China ETF
185:EMXF,iShares ESG Advanced MSCI EM ETF
185:ENDW,Cambria Endowment Style ETF
185:ENHI,iShares Enhanced International Active ETF
185:ENHU,iShares Enhanced Large Cap Core Active ETF
185:ENLT,Enlight Renewable
185:ENPH,Enphase Energy
185:ENSG,The Ensign Group
185:ENTA,Enanta
185:ENTG,Entegris
185:ENVX,Enovix
185:ENZL,iShares MSCI New Zealand ETF
185:EOLS,Evolus
185:EPSN,Epsilon Energy
185:EQIX,Equinix
185:EQPT,EquipmentShare.com
185:EQRR,ProShares Equities for Rising Rates ETF
185:ERAS,Erasca
185:ERET,iShares Environmentally Aware Real Estate ETF
185:ERIC,LM Ericsson Telephone
185:ERIE,Erie Indemnity
185:ERII,Energy Recovery
185:ERNZ,Trueshares Active Yield ETF
185:ESCA,Escalade
185:ESGD,iShares ESG Aware MSCI EAFE ETF
185:ESGE,iShares ESG Aware MSCI EM ETF
185:ESGU,iShares ESG Aware MSCI USA ETF
185:ESLT,Elbit Systems
185:ESMV,iShares ESG Optimized MSCI USA Min Vol Factor ETF
185:ESN,Essential 40 Stock ETF
185:ESPO,VanEck Video Gaming and eSports ETF
185:ESPR,Esperion
185:ETEC,iShares Breakthrough Environmental Solutions ETF
185:ETHA,iShares Ethereum Trust ETF
185:ETHB,iShares Staked Ethereum Trust ETF
185:ETHM,Dynamix
185:ETHMU,Dynamix-U
185:ETHMW,
185:ETON,Eton Pharmaceuticals
185:ETOR,eToro
185:ETRL,GraniteShares 2x Long ETOR Daily ETF
185:EUFN,iShares MSCI Europe Financials ETF
185:EVCM,EverCommerce
185:EVER,EverQuote
185:EVGO,EVgo
185:EVGOW,
185:EVMT,Invesco Electric Vehicle Metals Commodity Strategy No K-1 ETF
185:EVO,Evotec
185:EVOX,Evolution Global
185:EVOXU,Evolution Global-U
185:EVOXW,
185:EVPF,Eaton Vance Preferred Securities and Income ETF
185:EVRG,Evergy
185:EVSD,Eaton Vance Short Duration Income ETF
185:EVYM,Eaton Vance High Income Municipal ETF
185:EWBC,East West Bancorp
185:EWCZ,European Wax Center
185:EWJV,iShares MSCI Japan Value ETF
185:EWTX,Edgewise
185:EWZS,iShares MSCI Brazil Small-Cap ETF
185:EXC,Exelon
185:EXE,Expand Energy
185:EXEL,Exelixis
185:EXFY,Expensify
185:EXLS,Exlservice Holdings
185:EXPE,Expedia
185:EXPI,eXp World Holdings
185:EXPO,Exponent
185:EXTR,Extreme Networks
185:EXUS,Nomura Focused International Core ETF
185:EYE,National Vision
185:EYEG,AB Corporate Bond ETF
185:EYPT,EyePoint
185:EZMO,AlphaDroid Broad Markets Momentum ETF
185:EZPW,Ezcorp
185:EZRO,AlphaDroid Defensive Sector Rotation ETF
185:FA,First Advantage
185:FAAA,Fidelity AAA CLO ETF
185:FAAR,First Trust Alternative Absolute Return Strategy ETF
185:FAB,First Trust Multi Cap Value AlphaDEX Fund
185:FACT,FACT II
185:FACTU,FACT II-U
185:FACTW,
185:FAD,First Trust Multi Cap Growth AlphaDEX Fund
185:FALN,iShares Fallen Angels USD Bond ETF
185:FANG,Diamondback Energy
185:FARM,Farmer Bros
185:FAST,Fastenal
185:FATE,Fate Therapeutics
185:FBIZ,First Business Financial Services
185:FBL,GraniteShares 2x Long META Daily ETF
185:FBNC,First Bancorp
185:FBOT,Fidelity Disruptive Automation ETF
185:FBYD,Falcon's Beyond
185:FBYY,GraniteShares YieldBOOST META ETF
185:FCA,First Trust China AlphaDEX Fund
185:FCAL,First Trust California Municipal High Income ETF
185:FCBC,First Community Bancshares
185:FCEF,First Trust Income Opportunities ETF
185:FCEL,Fuelcell Energy
185:FCFS,FirstCash
185:FCLO,Fidelity CLO ETF
185:FCNCA,First Citizens Bancshares
185:FCNCN,First Citizens Bancshares Pref E ADR
185:FCNCO,First Citizens pref C
185:FCNCP,First Citizens Bancshares Pref A ADR
185:FCTE,SMI 3Fourteen Full-Cycle Trend ETF
185:FCVT,First Trust SSI Strategic Convertible Securities ETF
185:FCXG,Leverage Shares 2x Long FCX Daily ETF
185:FDBC,Fidelity D & D
185:FDCF,Fidelity Disruptive Communications ETF
185:FDFF,Fidelity Disruptive Finance ETF
185:FDIF,Fidelity Disruptors ETF
185:FDIG,Fidelity Crypto Industry and Digital Payments ETF
185:FDIQ,Invesco Bloomberg Financial Data Providers ETF
185:FDIV,MarketDesk Focused U.S. Dividend ETF
185:FDMT,4D Molecular
185:FDNI,First Trust Dow Jones International Internet ETF
185:FDRS,Founder-Led ETF
185:FDRX,Founder-Led 2X Daily ETF
185:FDT,First Trust Developed Markets ex-US AlphaDEX Fund
185:FDTS,First Trust Developed Markets ex-US Small Cap AlphaDEX Fund
185:FDTX,Fidelity Disruptive Technology ETF
185:FDUS,Fidus Investment
185:FEAM,5E Advanced
185:FEAT,YieldMax Dorsey Wright Featured 5 Income ETF
185:FEIM,Frequency Electronics
185:FELE,Franklin Electric
185:FEM,First Trust Emerging Markets AlphaDEX Fund
185:FEMB,First Trust Emerging Markets Local Currency Bond ETF
185:FEMS,First Trust Emerging Markets Small Cap AlphaDEX Fund
185:FEP,First Trust Europe AlphaDEX Fund
185:FEPI,REX FANG & Innovation Equity Premium Income ETF
185:FER,Ferrovial
185:FERA,Fifth Era
185:FERAR,
185:FERAU,Fifth Era-U
185:FEUZ,First Trust Eurozone AlphaDEX ETF
185:FEX,First Trust Large Cap Core AlphaDEX Fund
185:FFBC,First
185:FFIC,Flushing Financial
185:FFIN,First Financial Bankshares
185:FFIV,F5
185:FFUT,Fidelity Managed Futures ETF
185:FGBI,First Guaranty
185:FGBIP,First Pref A ADR
185:FGII,FG Imperii Acquisition
185:FGIIU,FG Imperii Acquisition-U
185:FGIIW,
185:FGM,First Trust Germany AlphaDEX Fund
185:FGMC,FG Merger
185:FGMCR,
185:FGMCU,FG Merger-U
185:FGNX,FG Nexus
185:FGNXP,FG Nexus Pref
185:FGSI,FT Vest Growth Strength & Target Income ETF
185:FHB,First Hawaiian
185:FHTX,Foghorn
185:FIBK,First Interstate
185:FICS,First Trust International Developed Capital Strength ETF
185:FID,First Trust S&P International Dividend Aristocrats ETF
185:FIGG,Leverage Shares 2X Long FIG Daily ETF
185:FIGR,Figure Technology
185:FIGX,FIGX Capital
185:FIGXU,FIGX Capital-U
185:FIGXW,
185:FINW,FinWise
185:FINX,Global X FinTech ETF
185:FIP,FTAI Infrastructure
185:FISI,Financial Institutions
185:FISV,Fiserv
185:FITB,Fifth Third
185:FITBI,Fifth Third Pref I ADR
185:FITBM,Fifth Third Pref M ADR
185:FITBO,Fifth Third Pref K ADR
185:FITBP,Fifth Third Bancorp Pref A ADR
185:FIVE,Five Below
185:FIVN,Five9
185:FIVY,YieldMax Dorsey Wright Hybrid 5 Income ETF
185:FIXD,First Trust Smith Opportunistic Fixed Income ETF
185:FIZZ,National Beverage
185:FJP,First Trust Japan AlphaDEX Fund
185:FKU,First Trust United Kingdom AlphaDEX Fund
185:FLDB,Fidelity Low Duration Bond ETF
185:FLEX,Flex
185:FLGT,Fulgent Genetics
185:FLN,First Trust Latin America AlphaDEX Fund
185:FLNC,Fluence Energy
185:FLWS,1-800-FLOWERS.COM
185:FLX,BingEx
185:FLXS,Flexsteel Industries
185:FLY,Firefly Aerospace
185:FLYW,Flywire
185:FMB,First Trust Managed Municipal ETF
185:FMBH,First Mid Bancshares
185:FMED,Fidelity Disruptive Medicine ETF
185:FMET,Fidelity Metaverse ETF
185:FMHI,First Trust Municipal High Income ETF
185:FMTM,MarketDesk Focused U.S. Momentum ETF
185:FMUB,Fidelity Municipal Bond Opportunities ETF
185:FMUN,Fidelity Systematic Municipal Bond Index ETF
185:FNK,First Trust Mid Cap Value AlphaDEX Fund
185:FNKO,Funko
185:FNLC,The First Bancorp
185:FNWB,First Northwest
185:FNX,First Trust Mid Cap Core AlphaDEX Fund
185:FNY,First Trust Mid Cap Growth AlphaDEX Fund
185:FOLD,Amicus Therapeutics
185:FORM,FormFactor
185:FORR,Forrester Research
185:FORTY,Formula Systems (1985)
185:FOSL,Fossil Group
185:FOX,Fox B
185:FOXA,Fox A
185:FOXF,Fox Factory Holding
185:FPA,First Trust Asia Pacific ex-Japan AlphaDEX Fund
185:FPXE,First Trust IPOX Europe Equity Opportunities ETF
185:FPXI,First Trust International Equity Opportunities ETF
185:FRBA,First Bank
185:FRD,Friedman Industries
185:FRDD,Direxion Daily F Bear 1X ETF
185:FRDU,Direxion Daily F Bull 2X ETF
185:FRME,First Merchants
185:FRMEP,First Merchants Pref A ADR
185:FRMI,Fermi
185:FROG,JFrog
185:FRPH,FRP Holdings
185:FRPT,Freshpet
185:FRSH,Freshworks
185:FRST,Primis Financial
185:FRWD,Nomura Transformational Technologies ETF
185:FSBC,Five Star Bancorp
185:FSCS,First Trust SMID Capital Strength ETF
185:FSGS,First Trust SMID Growth Strength ETF
185:FSHP,Flag Ship
185:FSHPR,
185:FSHPU,Flag Ship-U
185:FSLR,First Solar
185:FSLY,Fastly
185:FSTR,L.B. Foster
185:FSUN,FirstSun Capital
185:FSV,Firstservice
185:FSZ,First Trust Switzerland AlphaDEX Fund
185:FTA,First Trust Large Cap Value AlphaDEX Fund
185:FTAG,First Trust Indxx Global Agriculture ETF
185:FTAI,FTAI Aviation
185:FTAIM,Fortress Pref D
185:FTAIN,Fortress Pref C
185:FTC,First Trust Large Cap Growth AlphaDEX Fund
185:FTCS,First Trust Capital Strength ETF
185:FTDR,Frontdoor
185:FTDS,First Trust Dividend Strength ETF
185:FTGC,First Trust Global Tactical Commodity Strategy Fund
185:FTGS,First Trust Growth Strength ETF
185:FTHI,First Trust BuyWrite Income ETF
185:FTNT,Fortinet
185:FTQI,First Trust Nasdaq BuyWrite Income ETF
185:FTRE,Fortrea Holdings
185:FTRI,First Trust Indxx Global Natural Resources Income ETF
185:FTSL,First Trust Senior Loan Fund
185:FTSM,First Trust Enhanced Short Maturity ETF
185:FTXG,First Trust Nasdaq Food & Beverage ETF
185:FTXH,First Trust Nasdaq Pharmaceuticals ETF
185:FTXL,First Trust Nasdaq Semiconductor ETF
185:FTXN,First Trust Nasdaq Oil & Gas ETF
185:FTXO,First Trust Nasdaq Bank ETF
185:FTXR,First Trust Nasdaq Transportation ETF
185:FULC,Fulcrum Therapeutics
185:FULT,Fulton Financial
185:FULTP,Fulton Financial Pref A ADR
185:FUNC,First United
185:FUND,Sprott Focus Trust
185:FUSE,Fusemachines
185:FUTG,Leverage Shares 2X Long FUTU Daily ETF
185:FUTU,Futu Holdings
185:FV,First Trust Dorsey Wright Focus 5 ETF
185:FVAV,Fortress Value V
185:FVC,First Trust Dorsey Wright Dynamic Focus 5 ETF
185:FWONA,Liberty Formula One A
185:FWONK,Liberty Formula One C
185:FWRD,Forward Air
185:FWRG,First Watch
185:FYC,First Trust Small Cap Growth AlphaDEX Fund
185:FYT,First Trust Small Cap Value AlphaDEX Fund
185:FYX,First Trust Small Cap Core AlphaDEX Fund
185:GABC,German American Bancorp
185:GAIA,Gaia
185:GAIN,Gladstone Investment
185:GAING,GAIN 7.125% 20310501
185:GAINI,GAIN 7.875% 20300201
185:GAINN,GAIN 5% 20260501
185:GAINZ,GAIN 4.875% 20281101
185:GAMB,Gambling.com Group
185:GANX,Gain Therapeutics
185:GARY,Mango Growth ETF
185:GASS,Stealthgas
185:GAUZ,Gauzy
185:GAVA,Grayscale Avalanche Staking ETF
185:GBDC,Golub Capital BDC
185:GBLI,Global Indemnity
185:GBUG,Sprott Active Gold & Silver Miners ETF
185:GCL,GCL Global
185:GCLWW,
185:GCMG,Gcm Grosvenor
185:GCT,GigaCloud Technology
185:GDEN,Golden Entertainment
185:GDEV,GDEV
185:GDEVW,
185:GDFN,Tema International Defense Innovation ETF
185:GDRX,Goodrx
185:GDS,GDS Holdings
185:GECC,Great Elm Capital
185:GECCG,GECC 7.75% 20301231
185:GECCH,GECC 8.125% 20291231
185:GECCI,GECC 8.5% 20290430
185:GECCO,GECC 5.875% 20260630
185:GEG,Great Elm
185:GEGGL,GEG 7.25% 20270630
185:GEHC,GE HealthCare
185:GEME,Pacific NoS Global EM Equity Active ETF
185:GEMG,Leverage Shares 2X Long GEMI Daily ETF
185:GEMI,Gemini Space Station
185:GEN,Gen Digital
185:GENB,Generate Biomedicines
185:GENK,GEN Restaurant
185:GENVR,
185:GEOS,Geospace Technologies
185:GERN,Geron
185:GEVG,Leverage Shares 2X Long GEV Daily ETF
185:GEW,Cambria Global EW ETF
185:GFGF,Guru Favorite Stocks ETF
185:GFLW,VictoryShares Free Cash Flow Growth ETF
185:GFS,Globalfoundries
185:GGLL,Direxion Daily GOOGL Bull 2X ETF
185:GGLS,Direxion Daily GOOGL Bear 1X ETF
185:GH,Guardant Health
185:GHRS,GH Research
185:GIG,GigCapital7
185:GIGGU,GigCapital7-U
185:GIGGW,
185:GIII,G-III Apparel
185:GILD,Gilead Sciences
185:GILT,Gilat Satellite Networks
185:GIND,Goldman Sachs India Equity ETF
185:GINX,SGI Enhanced Global Income ETF
185:GIW,GigCapital8
185:GIWWR,
185:GIWWU,GigInternational1-U
185:GIXXU,GigCapital9-U
185:GKAT,Scharf Global Opportunity ETF
185:GLAD,Gladstone Capital
185:GLBE,Global-E Online
185:GLCR,GlacierShares Nasdaq Iceland ETF
185:GLDB,IDX Alternative FIAT ETF
185:GLDD,Great Lakes Dredge & Dock
185:GLDI,ETRACS Gold Shares Covered Call ETN
185:GLDY,Defiance Gold Enhanced Options Income ETF
185:GLGG,Leverage Shares 2X Long GLXY Daily ETF
185:GLIBA,GCI Liberty A
185:GLIBK,GCI Liberty C
185:GLNG,Golar LNG
185:GLOO,Gloo Holdings
185:GLOW,VictoryShares WestEnd Global Equity ETF
185:GLPG,Galapagos
185:GLPI,Gaming And Leisure
185:GLRE,Greenlight Capital Re
185:GLUE,Monte Rosa
185:GLWG,Leverage Shares 2X Long GLW Daily ETF
185:GLXY,Galaxy Digital
185:GMAB,Genmab
185:GNMA,iShares GNMA Bond ETF
185:GNOM,Global X Genomics & Biotechnology ETF
185:GNTX,Gentex
185:GO,Grocery Outlet
185:GOGO,Gogo
185:GOOD,Gladstone Commercial
185:GOODN,Gladstone Commercial Pref E
185:GOODO,Gladstone Commercial Pref G
185:GOOG,Alphabet C
185:GOOGL,Alphabet A
185:GOSS,Gossamer Bio
185:GOU,GraniteShares 2x Long GOOGL Daily ETF
185:GOVI,Invesco Equal Weight 0-30 Year Treasury ETF
185:GPAC,General Purpose Acquisition
185:GPACU,General Purpose Acquisition-U
185:GPACW,
185:GPAT,GP-Act III
185:GPATU,GP-Act III-U
185:GPATW,
185:GPCR,Structure
185:GPIQ,Goldman Sachs Nasdaq-100 Premium Income ETF
185:GPIX,Goldman Sachs S&P 500 Premium Income ETF
185:GPRE,Green Plains
185:GPRF,Goldman Sachs Access U.S. Preferred Stock and Hybrid Securities ETF
185:GPRO,Gopro
185:GPT,Intelligent Alpha Atlas ETF
185:GQQQ,Astoria US Quality Growth Kings ETF
185:GRAB,Grab Holdings
185:GRABW,
185:GRAG,Leverage Shares 2X Long GRAB Daily ETF
185:GRAL,Grail
185:GREE,Greenidge Generation
185:GREEL,GREE 8.5% 20261031
185:GRFS,GRIFOLS
185:GRID,First Trust NASDAQ Clean Edge Smart Grid Infrastructure Index Fund
185:GRIN,VictoryShares International Free Cash Flow Growth ETF
185:GRPN,Groupon
185:GRVY,Gravity
185:GRW,TCW Durable Growth ETF
185:GSAT,Globalstar
185:GSBC,Great Southern Bancorp
185:GSGO,Goldman Sachs Growth Opportunities ETF
185:GSHD,Goosehead Insurance
185:GSHR,Gesher Acquisition
185:GSHRU,Gesher Acquisition-U
185:GSHRW,
185:GSIB,Themes Global Systemically Important Banks ETF
185:GSIT,GSI Technology
185:GSRF,GSR IV
185:GSRFR,
185:GSRFU,GSR IV-U
185:GT,The Goodyear Tire & Rubber
185:GTEN,Gores Holdings X
185:GTENU,Gores Holdings X-U
185:GTENW,
185:GTERA,Globa Terra
185:GTERR,
185:GTERU,Globa Terra-U
185:GTERW,
185:GTLB,GitLab
185:GTM,ZoomInfo
185:GTOP,Goldman Sachs Technology Opportunities ETF
185:GTOQ,Invesco High Yield Systematic Bond ETF
185:GTPE,Goldman Sachs MSCI World Private Equity Return Tracker ETF
185:GTR,WisdomTree Target Range Fund
185:GTX,Garrett Motion
185:GUSE,Goldman Sachs Enhanced U.S. Equity ETF
185:GUTS,Fractyl Health
185:GVLE,Goldman Sachs Value Opportunities ETF
185:GWRS,Global Water
185:GXDW,Global X Dorsey Wright Thematic ETF
185:HACQU,HCM IV Acquisition-U
185:HAFC,Hanmi Financial
185:HAIN,The Hain Celestial Group
185:HALO,Halozyme Therapeutics
185:HAS,Hasbro
185:HAVA,Harvard Ave
185:HAVAR,
185:HAVAU,Harvard Ave-U
185:HBAN,Huntington Bancshares
185:HBANL,Huntington Bancshares Pref J ADR
185:HBANM,Huntington Bancshares Pref I ADR
185:HBANP,Huntington Bancshares Pref H ADR
185:HBANZ,Huntington Bancshares Pref L ADR
185:HBCP,Home Bancorp
185:HBDC,Hilton BDC Corporate Bond ETF
185:HBNC,Horizon Bancorp
185:HBR,Canary HBAR ETF
185:HBT,HBT Financial
185:HCAC,Hall Chadwick
185:HCACR,
185:HCACU,Hall Chadwick-U
185:HCAT,Health Catalyst
185:HCICU,Hennessy Capital VIII-U
185:HCKT,The Hackett Group
185:HCM,Hutchmed
185:HCMA,HCM Acquisition
185:HCMAU,HCM III-U
185:HCMAW,
185:HCOW,Amplify COWS Covered Call ETF
185:HCSG,Healthcare Services Group
185:HDL,Super Hi
185:HEAL,Global X HealthTech ETF
185:HECO,State Street Galaxy Hedged Digital Asset Ecosystem ETF
185:HELE,Helen of Troy
185:HELP,Cybin
185:HEPS,D-MARKET Electronic
185:HEQQ,JPMorgan Nasdaq Hedged Equity Laddered Overlay ETF
185:HERD,Pacer Cash Cows Fund of Funds ETF
185:HERE,Here Group
185:HERO,Global X Video Games & Esports ETF
185:HFSP,TradersAI Large Cap Equity & Cash ETF
185:HFWA,Heritage Financial
185:HHS,Harte Hanks
185:HIDE,Alpha Architect High Inflation and Deflation ETF
185:HIFS,Hingham Institution For Savings
185:HIMX,Himax Technologies
185:HIMZ,Defiance Daily Target 2X Long HIMS ETF
185:HISF,First Trust High Income Strategic Focus ETF
185:HLAL,Wahed FTSE USA Shariah ETF
185:HLIT,Harmonic
185:HLMN,Hillman Solutions
185:HLNE,Hamilton Lane
185:HLXC,Helix Acquisition III
185:HMYY,GraniteShares YieldBoost HIMS ETF
185:HNDL,Strategy Shares Nasdaq 7HANDL Index ETF
185:HNNA,Hennessy Advisors
185:HNNAZ,HNNA 4.875% 20261231
185:HNST,The Honest
185:HNVR,Hanover Bancorp
185:HODU,Direxion Daily HOOD Bull 2X ETF
185:HOFT,Hooker Furnishings
185:HOLX,Hologic
185:HON,Honeywell
185:HOOD,Robinhood Markets
185:HOOG,Leverage Shares 2X Long HOOD Daily ETF
185:HOOX,Defiance Daily Target 2X Long HOOD ETF
185:HOPE,Hope Bancorp
185:HOVNP,Hovnanian Enterprises Pref ADR
185:HOWL,Werewolf
185:HOYY,GraniteShares YieldBOOST HOOD ETF
185:HPK,HighPeak Energy
185:HQGO,Hartford US Quality Growth ETF
185:HQY,Healthequity
185:HRMY,Harmony
185:HROW,Harrow
185:HRTS,Tema Heart & Health ETF
185:HRZN,Horizon Technology
185:HSAI,Hesai
185:HSIC,Henry Schein
185:HSPT,Horizon Space II
185:HSPTR,
185:HSPTU,Horizon Space II-U
185:HST,Host Hotels & Resorts
185:HSTM,Healthstream
185:HTBK,Heritage Commerce
185:HTFL,Heartflow
185:HTHT,H World Group
185:HTLD,Heartland Express
185:HTO,H2O
185:HTZ,Hertz Global
185:HTZWW,
185:HUBG,Hub Group
185:HUIZ,Huize Holding
185:HUMA,Humacyte
185:HUMAW,
185:HURC,Hurco Companies
185:HURN,Huron Consulting Group
185:HUT,Hut 8
185:HUTG,Leverage Shares 2X Long HUT Daily ETF
185:HVII,Hennessy Capital
185:HVIIR,
185:HVIIU,Hennessy Capital-U
185:HVMC,Highview Merger
185:HVMCU,Highview Merger-U
185:HVMCW,
185:HWAY,Themes US Infrastructure ETF
185:HWBK,Hawthorn Bancshares
185:HWC,Hancock Whitney
185:HWCPZ,HWC 6.25% 20600615
185:HWKN,Hawkins
185:HWSM,Hotchkis & Wiley SMID Cap Diversified Value Fund
185:HYBI,NEOS Enhanced Income Credit Select ETF
185:HYDR,Global X Hydrogen ETF
185:HYLS,First Trust Tactical High Yield ETF
185:HYP,Golden Eagle Dynamic Hypergrowth ETF
185:HYPR,Hyperfine
185:HYXF,iShares ESG Advanced High Yield Corporate Bond ETF
185:HYZD,WisdomTree Interest Rate Hedged High Yield Bond Fund
185:IAC,IAC
185:IACOU,Idea Acquisition-U
185:IALT,iShares Systematic Alternatives Active ETF
185:IART,Integra Lifesciences Holdings
185:IBAT,IShares Energy Storage & Materials ETF
185:IBB,iShares Biotechnology ETF
185:IBBQ,Invesco Nasdaq Biotechnology ETF
185:IBCP,Independent
185:IBEX,IBEX
185:IBGA,iShares iBonds Dec 2044 Term Treasury ETF
185:IBGB,iShares iBonds Dec 2045 Term Treasury ETF
185:IBGK,iShares iBonds Dec 2054 Term Treasury ETF
185:IBGL,iShares iBonds Dec 2055 Term Treasury ETF
185:IBIT,iShares Bitcoin Trust ETF
185:IBKR,Interactive Brokers Group
185:IBOC,International Bancshares
185:IBOT,VanEck Robotics ETF
185:IBRX,ImmunityBio
185:IBTG,iShares iBonds Dec 2026 Term Treasury ETF
185:IBTH,iShares iBonds Dec 2027 Term Treasury ETF
185:IBTI,iShares iBonds Dec 2028 Term Treasury ETF
185:IBTJ,iShares iBonds Dec 2029 Term Treasury ETF
185:IBTK,iShares iBonds Dec 2030 Term Treasury ETF
185:IBTL,iShares iBonds Dec 2031 Term Treasury ETF
185:IBTM,iShares iBonds Dec 2032 Term Treasury ETF
185:IBTO,iShares iBonds Dec 2033 Term Treasury ETF
185:IBTP,iShares iBonds Dec 2034 Term Treasury ETF
185:IBTQ,iShares iBonds Dec 2035 Term Treasury ETF
185:ICFI,ICF International
185:ICHR,Ichor Holdings
185:ICLN,iShares Global Clean Energy ETF
185:ICLR,Icon
185:ICMB,Investcorp Credit
185:ICOP,iShares Copper and Metals Mining ETF
185:ICUI,ICU Medical
185:IDCC,InterDigital
185:IDEF,iShares Defense Industrials Active ETF
185:IDN,Intellicheck
185:IDVY,First Trust International Rising Dividend Achievers ETF
185:IDXX,IDEXX Laboratories
185:IDYA,IDEAYA Biosciences
185:IEAG,Infinite Eagle
185:IEAGR,
185:IEAGU,Infinite Eagle-U
185:IEF,iShares 7-10 Year Treasury Bond ETF
185:IEI,iShares 3-7 Year Treasury Bond ETF
185:IEP,Icahn Enterprises
185:IESC,IES Holdings
185:IEUS,iShares MSCI Europe Small-Cap ETF
185:IFGL,iShares International Developed Real Estate ETF
185:IFLO,VictoryShares International Free Cash Flow ETF
185:IFRX,InflaRx
185:IFV,First Trust Dorsey Wright International Focus 5 ETF
185:IGAC,Ig Acquisition
185:IGACR,
185:IGACU,Invest Green-U
185:IGF,iShares Global Infrastructure ETF
185:IGIB,iShares 5-10 Year Investment Grade Corporate Bond ETF
185:IGOV,iShares International Treasury Bond ETF
185:IGSB,iShares 1-5 Year Investment Grade Corporate Bond ETF
185:IHRT,iHeartMedia
185:III,Information Services
185:IIIV,i3 Verticals
185:IJT,iShares S&P Small-Cap 600 Growth ETF
185:ILIT,iShares Lithium Miners and Producers ETF
185:ILLUU,Illumination I-U
185:ILMN,Illumina
185:ILPT,Industrial Logistics
185:IMCR,Immunocore
185:IMCV,iShares Morningstar Mid-Cap Value ETF
185:IMKTA,Ingles Markets
185:IMMP,Immutep
185:IMMR,Immersion
185:IMOM,Alpha Architect International Quantitative Momentum ETF
185:IMOS,ChipMOS
185:IMRX,Immuneering
185:IMSR,Terrestrial
185:IMSRW,
185:IMVT,Immunovant
185:INAC,Indigo
185:INACR,
185:INACU,Indigo-U
185:INBK,First Internet
185:INBKZ,INBK 6% 20290630
185:INBX,Inhibrx
185:INCR,Intercure
185:INCY,Incyte
185:IND,Xtrackers Nifty 500 India ETF
185:INDB,Independent Bank
185:INDH,WisdomTree India Hedged Equity Fund
185:INDV,Indivior
185:INDY,iShares India 50 ETF
185:INGN,Inogen
185:INMD,InMode
185:INNV,InnovAge Holding
185:INOD,Innodata
185:INRO,iShares U.S. Industry Rotation Active ETF
185:INSG,Inseego
185:INSM,Insmed
185:INTA,Intapp
185:INTC,Intel
185:INTR,Inter & Co
185:INTU,Intuit
185:INTW,GraniteShares 2x Long INTC Daily ETF
185:INV,InnVenture
185:INVA,Innoviva
185:IOBT,IO Biotech
185:IONL,GraniteShares 2x Long IONQ Daily ETF
185:IONS,Ionis Pharmaceuticals
185:IONX,Defiance Daily Target 2X Long IONQ ETF
185:IONZ,Defiance Daily Target 2X Short IONQ ETF
185:IOSP,Innospec
185:IOVA,Iovance
185:IOYY,GraniteShares YieldBOOST IONQ ETF
185:IPAR,Interparfums
185:IPCX,Inflection Point
185:IPCXR,
185:IPCXU,Inflection Point-U
185:IPEX,Inflection Point V
185:IPEXR,
185:IPEXU,Inflection Point V-U
185:IPGP,IPG Photonics
185:IPHA,Innate Pharma
185:IPKW,Invesco International BuyBack Achievers ETF
185:IPOD,Dune
185:IPODU,Dune-U
185:IPODW,
185:IQ,Iqiyi
185:IQQQ,ProShares Nasdaq-100 High Income ETF
185:IRDM,Iridium Communications
185:IREG,Leverage Shares 2X Long IREN Daily ETF
185:IREN,IREN
185:IRHO,Iron Horse
185:IRHOR,
185:IRHOU,Iron Horse-U
185:IRMD,Iradimed
185:IRON,Disc Medicine
185:IRTC,iRhythm
185:IRWD,Ironwood Pharmaceuticals
185:ISHG,iShares 1-3 Year International Treasury Bond ETF
185:ISHP,First Trust S-Network E-Commerce ETF
185:ISRG,Intuitive Surgical
185:ISSC,Innovative Solutions and Support
185:ISTB,iShares Core 1-5 Year USD Bond ETF
185:ISTR,Investar Holding
185:ISUL,GraniteShares 2x Long ISRG Daily ETF
185:ITHA,ITHAX Acquisition III
185:ITHAU,ITHAX Acquisition III-U
185:ITHAW,
185:ITIC,Investors Title
185:ITRI,Itron
185:ITRN,Ituran Location
185:IUS,Invesco RAFI Strategic US ETF
185:IUSB,iShares Core Universal USD Bond ETF
185:IUSG,iShares Core S&P U.S. Growth ETF
185:IUSV,iShares Core S&P U.S. Value ETF
185:IVA,Inventiva
185:IVAL,Alpha Architect International Quantitative Value ETF
185:IVSI,Applied Finance IVS International Large ETF
185:IVSS,Applied Finance IVS US SMID ETF
185:IVSX,Applied Finance IVS International SMID ETF
185:IVVD,Invivyd
185:IXUS,iShares Core MSCI Total International Stock ETF
185:JACK,Jack In The Box
185:JAKK,Jakks Pacific
185:JANX,Janux Therapeutics
185:JAPN,Horizon Kinetics Japan Owner Operator ETF
185:JAZZ,Jazz Pharmaceuticals
185:JBHT,J.B. Hunt Transport
185:JBLU,Jetblue Airways
185:JBSS,John B. Sanfilippo
185:JCAP,Jefferson Capital
185:JD,JD
185:JDOC,JPMorgan Healthcare Leaders ETF
185:JEPQ,JPMorgan Nasdaq Equity Premium Income ETF
185:JF,J and Friends
185:JFIN,Jiayin Group
185:JFU,9F
185:JGLO,JPMorgan Global Select Equity ETF
185:JHAI,Janus Henderson Global Artificial Intelligence ETF
185:JIVE,JPMorgan International Value ETF
185:JJSF,J & J Snack Foods
185:JKHY,Jack Henry & Associates
185:JMID,Janus Henderson Mid Cap Growth Alpha ETF
185:JOUT,Johnson Outdoors
185:JOYY,JOYY
185:JPEF,JPMorgan Equity Focus ETF
185:JPY,Lazard Japanese Equity ETF
185:JRVR,James River Group Holdings
185:JSM,NAVI 6% 20431215
185:JSMD,Janus Henderson Small/Mid Cap Growth Alpha ETF
185:JSML,Janus Henderson Small Cap Growth Alpha ETF
185:JTEK,JPMorgan U.S. Tech Leaders ETF
185:KALU,Kaiser Aluminum
185:KALV,KalVista
185:KAT,Scharf ETF
185:KBAB,KraneShares 2x Long BABA Daily ETF
185:KBDU,KraneShares 2x Long BIDU Daily ETF
185:KBON,Karbon Capital Partners
185:KBONU,Karbon Capital Partners-U
185:KBONW,
185:KBSX,FST
185:KBWB,Invesco KBW Bank ETF
185:KBWD,Invesco KBW High Dividend Yield Financial ETF
185:KBWP,Invesco KBW Property & Casualty Insurance ETF
185:KBWY,Invesco KBW Premium Yield Equity REIT ETF
185:KC,Kingsoft Cloud
185:KCHV,Kochav Defense
185:KCHVR,
185:KCHVU,Kochav Defense-U
185:KDK,Kodiak
185:KDP,Keurig Dr Pepper
185:KE,Kimball Electronics
185:KEAT,Keating Active ETF
185:KELYA,Kelly Services A
185:KELYB,Kelly Services B
185:KEQU,Kewaunee Scientific
185:KFFB,Kentucky First Federal Bancorp
185:KFII,K&F Growth
185:KFIIR,
185:KFIIU,K&F Growth-U
185:KHC,The Kraft Heinz
185:KIDS,Orthopediatrics
185:KIQQ,KraneShares InspereX Nasdaq Dynamic Buffered High Income Index ETF
185:KJD,KraneShares 2x Long JD Daily ETF
185:KLAC,KLA
185:KLAG,Leverage Shares 2X Long KLAC Daily ETF
185:KLIC,Kulicke and Soffa Industries
185:KLRS,Kalaris
185:KLTR,Kaltura
185:KLXE,Klx Energy Services
185:KMB,Kimberly-Clark
185:KMDA,Kamada
185:KMLI,KraneShares 2x Long MELI Daily ETF
185:KMTS,Kestra Medical
185:KNDI,Kandi Technologies Group
185:KNGZ,First Trust S&P 500 Diversified Dividend Aristocrats ETF
185:KNSA,Kiniksa
185:KOD,Kodiak Sciences
185:KOID,KraneShares Global Humanoid and Embodied Intelligence Index ETF
185:KOYN,CSLM Digital
185:KOYNU,CSLM Digital-U
185:KOYNW,
185:KPDD,KraneShares 2x Long PDD Daily ETF
185:KPLT,Katapult Holdings
185:KPLTW,
185:KPTI,Karyopharm
185:KQQQ,Kurv Technology Titans Select ETF
185:KRAQU,KRAKacquisition-U
185:KRMA,Global X Conscious Companies ETF
185:KRNT,Kornit Digital
185:KRNY,Kearny Financial
185:KROP,Global X AgTech & Food Innovation ETF
185:KROS,Keros
185:KRT,Karat Packaging
185:KRUS,Kura Sushi USA
185:KRYS,Krystal Biotech
185:KSPI,Joint Stock
185:KTCC,Key Tronic
185:KTOS,Kratos Defense & Security Solutions
185:KTWO,K2 Capital Acquisition
185:KTWOR,
185:KTWOU,K2 Capital Acquisition-U
185:KURA,Kura Oncology
185:KVAC,Keen Vision
185:KVACU,Keen Vision-U
185:KVACW,
185:KVHI,Kvh Industries
185:KWM,K Wave Media
185:KYIV,Kyivstar
185:KYMR,Kymera Therapeutics
185:KYNB,Kyntra Bio
185:KYTX,Kyverna
185:LAB,Standard BioTools
185:LACG,Leverage Shares 2X Long LAC Daily ETF
185:LAES,SEALSQ
185:LAFA,LaFayette Acquisition
185:LAFAR,
185:LAFAU,LaFayette Acquisition-U
185:LAKE,Lakeland Industries
185:LAMR,Lamar Advertising
185:LAND,Gladstone Land
185:LANDO,Gladstone Land Pref B
185:LANDP,Gladstone Land Pref C
185:LARK,Landmark Bancorp
185:LASR,nLIGHT
185:LATA,Galata Acquisition
185:LATAU,Galata Acquisition-U
185:LATAW,
185:LAUR,Laureate Education
185:LAYS,STKd 100% NVDA & 100% AMD ETF
185:LBRDA,Liberty Broadband A
185:LBRDK,Liberty Broadband C
185:LBRDP,Liberty Pref A
185:LBRX,LB Pharmaceuticals
185:LBTYA,Liberty Global
185:LBTYB,Liberty Global B
185:LBTYK,Liberty Global C
185:LCCC,Lakeshore III
185:LCCCR,
185:LCCCU,Lakeshore III-U
185:LCDL,GraniteShares 2x Long LCID Daily ETF
185:LCDS,JPMorgan Fundamental Data Science Large Core ETF
185:LCID,Lucid Group
185:LCUT,Lifetime Brands
185:LDEM,iShares ESG MSCI EM Leaders ETF
185:LDRX,SGI Enhanced Market Leaders ETF
185:LDSF,First Trust Low Duration Strategic Focus ETF
185:LECO,Lincoln Electric Holdings
185:LEE,Lee Enterprises
185:LEGH,Legacy Housing
185:LEGN,Legend Biotech
185:LEGR,First Trust Indxx Innovative Transaction & Process ETF
185:LENZ,LENZ Therapeutics
185:LESL,Leslie's
185:LEXI,Alexis Practical Tactical ETF
185:LFAC,Leapfrog Acquisition
185:LFACU,Leapfrog Acquisition-U
185:LFACW,
185:LFCR,Lifecore Biomedical
185:LFMD,LifeMD
185:LFMDP,LifeMD Pref A
185:LFSC,F/m Emerald Life Sciences Innovation ETF
185:LFST,LifeStance Health
185:LFUS,Littelfuse
185:LGCF,Themes US Cash Flow Champions ETF
185:LGIH,LGI Homes
185:LGN,Legence
185:LGND,Ligand
185:LGO,Largo Resources
185:LGRO,Level Four Large Cap Growth Active ETF
185:LI,Li Auto
185:LIEN,Chicago Atlantic BDC
185:LIF,Life360
185:LIFE,Ethos Technologies
185:LILA,Liberty Latin A
185:LILAK,Liberty Latin C
185:LIMN,Liminatus Pharma
185:LIN,Linde
185:LINC,Lincoln Educational Services
185:LINE,Lineage
185:LINT,Direxion Daily INTC Bull 2X ETF
185:LITE,Lumentum Holdings
185:LITP,Sprott Lithium Miners ETF
185:LIVN,LivaNova
185:LKFN,Lakeland Financial
185:LKQ,LKQ
185:LKSP,Lake Superior
185:LKSPR,
185:LKSPU,Lake Superior-U
185:LLYVA,Liberty Live A
185:LLYVK,Liberty Live C
185:LMAT,Lemaitre Vascular
185:LMBS,First Trust Low Duration Opportunities ETF
185:LMNR,Limoneira
185:LMNX,Defiance Daily Target 2X Long LMND ETF
185:LMRI,Lumexa Imaging
185:LMTL,Direxion Daily LMT Bull 2X ETF
185:LMTS,Direxion Daily LMT Bear 1X ETF
185:LNT,Alliant Energy
185:LNTH,Lantheus Holdings
185:LOCO,El Pollo Loco
185:LOGI,Logitech
185:LOGO,Alpha Brands Consumption Leaders ETF
185:LOKV,Live Oak Acquisition
185:LOKVU,Live Oak Acquisition-U
185:LOKVW,
185:LOOP,Loop Industries
185:LOPE,Grand Canyon Education
185:LOT,Lotus Technology
185:LOTI,Liberty One Tactical Income ETF
185:LOVE,The Lovesac
185:LPAA,Launch One
185:LPAAU,Launch One-U
185:LPAAW,
185:LPBB,Launch Two
185:LPBBU,Launch Two-U
185:LPBBW,
185:LPCV,Launchpad Cadenza I
185:LPCVU,Launchpad Cadenza I-U
185:LPCVW,
185:LPLA,LPL Financial
185:LPRO,Open Lending
185:LPSN,LivePerson
185:LQDT,Liquidity Services
185:LRCX,Lam Research
185:LRGE,ClearBridge Large Cap Growth Select ETF
185:LRMR,Larimar
185:LRND,NYLI U.S. Large Cap R&D Leaders ETF
185:LSAK,Lesaka Technologies
185:LSBK,Lake Shore Bancorp
185:LSCC,Lattice Semiconductor
185:LSTR,Landstar System
185:LTCC,Canary Litecoin ETF
185:LTRYW,
185:LULG,Leverage Shares 2X Long LULU Daily ETF
185:LULU,Lululemon Athletica
185:LUNG,Pulmonx
185:LUNR,Intuitive Machines
185:LVHD,Franklin U.S. Low Volatility High Dividend Index ETF
185:LVIG,Longview Advantage Fixed Income ETF
185:LWAC,LightWave
185:LWACU,LightWave-U
185:LWACW,
185:LWAY,Lifeway Foods
185:LX,Lexinfintech
185:LXEH,Lixiang Education
185:LXEO,Lexeo Therapeutics
185:LYEL,Lyell Immunopharma
185:LYFT,Lyft
185:LYTS,Lsi Industries
185:LZ,Legalzoom.com
185:MAAS,Maase
185:MAAY,GraniteShares YieldBOOST MARA ETF
185:MACI,Melar
185:MACIU,Melar-U
185:MACIW,
185:MANH,Manhattan
185:MAPS,WM Technology
185:MAPSW,
185:MAR,Marriott
185:MASI,Masimo
185:MASS,908 Devices
185:MAT,Mattel
185:MATE,Man Active Trend Enhanced ETF
185:MATW,Matthews International
185:MAXI,Simplify Bitcoin Strategy PLUS Income ETF
185:MAXN,Maxeon Solar
185:MAZE,Maze Therapeutics
185:MBAV,M3-Brigade
185:MBAVU,M3-Brigade U
185:MBAVW,
185:MBB,iShares MBS ETF
185:MBLY,Mobileye Global
185:MBS,Angel Oak Mortgage-Backed Securities ETF
185:MBUU,Malibu Boats
185:MBVI,M3-Brigade VI
185:MBVIU,M3-Brigade VI-U
185:MBVIW,
185:MBWM,Mercantile Bank
185:MBX,MBX Biosciences
185:MCBS,MetroCity Bankshares
185:MCDS,JPMorgan Fundamental Data Science Mid Core ETF
185:MCFT,MasterCraft Boat
185:MCGA,Yorkville
185:MCGAU,Yorkville-U
185:MCGAW,
185:MCHB,Mechanics
185:MCHI,iShares MSCI China ETF
185:MCHP,Microchip Technology
185:MCHPP,Microchip Technology Pref A ADR
185:MCHS,Matthews China Discovery Active ETF
185:MCHX,Marchex
185:MCRB,Seres Therapeutics
185:MCRI,Monarch Casino
185:MCW,Mister Car Wash
185:MDB,MongoDB
185:MDGL,Madrigal
185:MDIV,Multi-Asset Diversified Income Index Fund
185:MDLN,Medline
185:MDLZ,Mondelez
185:MDWD,MediWound
185:MEDP,Medpace Holdings
185:MEDX,Horizon Kinetics Medical ETF
185:MELI,Mercadolibre
185:MEMA,Man Active Emerging Markets Alternative ETF
185:MEMS,Matthews Emerging Markets Discovery Active ETF
185:MENS,Jyong Biotech
185:MEOH,Methanex
185:MERC,Mercer International
185:MESH,Meshflow Acquisition
185:MESHU,Meshflow Acquisition-U
185:MESHW,
185:MESO,Mesoblast
185:META,Meta
185:METC,Ramaco Resources A
185:METCB,Ramaco Resources B
185:METCI,Ramaco Resources 8.25% 20300731
185:METCZ,Ramaco Resources 8.375% 20291130
185:METD,Direxion Daily META Bear 1X ETF
185:METL,Sprott Active Metals & Miners ETF
185:METU,Direxion Daily META Bull 2X ETF
185:MEVO,M Evo Global
185:MEVOU,M Evo Global-U
185:MEVOW,
185:MFIC,MidCap Financial
185:MFICL,MFIC 8% 20281215
185:MFIG,Motley Fool Innovative Growth Factor ETF
185:MFIN,Medallion Financial
185:MFLX,First Trust Flexible Municipal High Income ETF
185:MFMO,Motley Fool Momentum Factor ETF
185:MFVL,Motley Fool Value Factor ETF
185:MGEE,MGE Energy
185:MGNI,Magnite
185:MGNX,Macrogenics
185:MGPI,MGP Ingredients
185:MGRC,McGrath Rentcorp
185:MGTX,MeiraGTx Holdings
185:MGX,Metagenomi
185:MGYR,Magyar Bancorp
185:MIDD,The Middleby
185:MILN,Global X Millennial Consumer ETF
185:MIRM,Mirum
185:MIST,Milestone
185:MKAM,MKAM ETF
185:MKLY,McKinley
185:MKLYR,
185:MKLYU,McKinley-U
185:MKSI,MKS
185:MKTW,MarketWise
185:MKTX,MarketAxess Holdings
185:MLAAU,Mountain Lake II-U
185:MLAB,Mesa Laboratories
185:MLAC,Mountain Lake
185:MLACR,
185:MLACU,Mountain Lake-U
185:MLCI,Mount Logan
185:MLCIL,MLCI 8% 20310131
185:MLCO,Melco Resorts & Entertainment
185:MLKN,MillerKnoll
185:MLYS,Mineralys
185:MMED,MiniMed Group
185:MMLP,Martin Midstream
185:MMSI,Merit Medical
185:MMTX,Miluna Acquisition
185:MMTXU,Miluna Acquisition-U
185:MMTXW,
185:MMYT,Makemytrip
185:MNDO,Mind C.T.I.
185:MNDY,monday.com
185:MNKD,Mannkind
185:MNOV,MediciNova
185:MNRO,Monro
185:MNST,Monster Beverage
185:MNVT,Moonvest ETF
185:MNY,MoneyHero
185:MNYWW,
185:MNZL,Manzil Russell Halal USA Broad Market ETF
185:MODL,VictoryShares WestEnd U.S. Sector ETF
185:MOLN,Molecular Partners
185:MOMO,Hello Group
185:MOOD,Relative Sentiment Tactical Allocation ETF
185:MORN,Morningstar
185:MPAA,Motorcar Parts
185:MPB,Mid Penn Bancorp
185:MPG,Leverage Shares 2X Long MP Daily ETF
185:MPLT,MapLight Therapeutics
185:MPWR,Monolithic Power
185:MQ,Marqeta
185:MQQQ,Tradr 2X Long Innovation 100 Monthly ETF
185:MRAL,GraniteShares 2x Long MARA Daily ETF
185:MRAM,Everspin
185:MRBK,Meridian
185:MRCC,Monroe Capital
185:MRCY,Mercury Systems
185:MRLN,Merlin
185:MRNA,Moderna
185:MRTN,Marten Transport
185:MRVI,Maravai
185:MRVL,Marvell Technology
185:MRVU,Direxion Daily MRVL Bull 2X ETF
185:MRX,Marex
185:MSBI,Midland States
185:MSBIP,Midland Pref A ADR
185:MSDD,GraniteShares 2x Short MSTR Daily ETF
185:MSEX,Middlesex Water
185:MSFD,Direxion Daily MSFT Bear 1X ETF
185:MSFL,GraniteShares 2x Long MSFT Daily ETF
185:MSFT,Microsoft
185:MSFU,Direxion Daily MSFT Bull 2X ETF
185:MSLE,Satellos Bioscience
185:MST,Defiance Leveraged Long + Income MSTR ETF
185:MSTP,GraniteShares 2x Long MSTR Daily ETF
185:MSTR,Strategy
185:MSTX,Defiance Daily Target 2X Long MSTR ETF
185:MTCH,Match Group
185:MTLS,Materialise
185:MTRX,Matrix Service
185:MTSI,MACOM Technology
185:MTYY,GraniteShares YieldBOOST MSTR ETF
185:MU,Micron Technology
185:MUD,Direxion Daily MU Bear 1X ETF
185:MULL,GraniteShares 2x Long MU Daily ETF
185:MULT,Franklin Multisector Income ETF
185:MUU,Direxion Daily MU Bull 2X ETF
185:MUZEU,Muzero Acquisition-U
185:MVIS,Microvision
185:MVLL,GraniteShares 2x Long MRVL Daily ETF
185:MWH,SOLV Energy
185:MXCT,Maxcyte
185:MXL,MaxLinear
185:MYCF,State Street My2026 Corporate Bond ETF
185:MYCG,State Street My2027 Corporate Bond ETF
185:MYCH,State Street My2028 Corporate Bond ETF
185:MYCI,State Street My2029 Corporate Bond ETF
185:MYCJ,State Street My2030 Corporate Bond ETF
185:MYCK,State Street My2031 Corporate Bond ETF
185:MYCL,State Street My2032 Corporate Bond ETF
185:MYCM,State Street My2033 Corporate Bond ETF
185:MYCN,State Street My2034 Corporate Bond ETF
185:MYCO,State Street My2035 Corporate Bond ETF
185:MYFW,First Western Financial
185:MYGN,Myriad Genetics
185:MYHA,State Street My2027 High Yield Corporate Bond ETF
185:MYHB,State Street My2028 High Yield Corporate Bond ETF
185:MYHC,State Street My2029 High Yield Corporate Bond ETF
185:MYHD,State Street My2030 High Yield Corporate Bond ETF
185:MYHE,State Street My2031 High Yield Corporate Bond ETF
185:MYMF,State Street My2026 Municipal Bond ETF
185:MYMG,State Street My2027 Municipal Bond ETF
185:MYMH,State Street My2028 Municipal Bond ETF
185:MYMI,State Street My2029 Municipal Bond ETF
185:MYMJ,State Street My2030 Municipal Bond ETF
185:MYMK,State Street My2031 Municipal Bond ETF
185:MYPS,PLAYSTUDIOS
185:MYPSW,
185:MYRG,MYR Group
185:MZTI,
185:NA,Nano Labs
185:NAII,Natural Alternatives
185:NAKA,Nakamoto
185:NAMM,Namib
185:NAMS,NewAmsterdam Pharma
185:NAMSW,
185:NATH,Nathan's Famous
185:NATO,Themes Transatlantic Defense ETF
185:NAVI,Navient
185:NAVN,Navan
185:NB,NioCorp Developments
185:NBIG,Leverage Shares 2X Long NBIS Daily ETF
185:NBIL,GraniteShares 2x Long NBIS Daily ETF
185:NBIS,Nebius Group
185:NBIX,Neurocrine Biosciences
185:NBN,Northeast Bank
185:NBP,NovaBridge
185:NBTB,NBT Bancorp
185:NBTX,Nanobiotix
185:NCIQ,Hashdex Nasdaq CME Crypto Index ETF
185:NCMI,National Cinemedia
185:NCNO,Ncino
185:NCPB,Nuveen Core Plus Bond ETF
185:NDAA,Ned Davis Research 360° Dynamic Allocation ETF
185:NDAQ,Nasdaq
185:NDLS,Noodles
185:NDSN,Nordson
185:NEMG,Leverage Shares 2X Long NEM Daily ETF
185:NEOG,Neogen
185:NETG,Leverage Shares 2X Long NET Daily ETF
185:NEUP,Neuphoria
185:NEWT,NewtekOne
185:NEWTG,NEWT 8.5% 20290601
185:NEWTH,NEWT 8.625% 20291015
185:NEWTI,NEWT 8% 20280901
185:NEWTO,NEWT 8.5% 20310201
185:NEWTP,NewtekOne Pref B ADR
185:NEWZ,StockSnips AI-Powered Sentiment US All Cap ETF
185:NEXN,Nexxen International
185:NFBK,Northfield Bancorp
185:NFE,New Fortress Energy
185:NFLX,Netflix
185:NFRX,Harrison Street Infrastructure Active ETF
185:NFTY,First Trust India NIFTY 50 Equal Weight ETF
185:NFXL,Direxion Daily NFLX Bull 2X ETF
185:NFXS,Direxion Daily NFLX Bear 1X ETF
185:NGNE,Neurogene
185:NHIC,NewHold Investment
185:NHICU,NewHold Investment-U
185:NHICW,
185:NHPAP,Healthcare Pref A
185:NHPBP,Healthcare Pref B
185:NICE,NICE
185:NIKL,Sprott Nickel Miners ETF
185:NIOG,Leverage Shares 2X Long NIO Daily ETF
185:NIPG,NIP Group
185:NIU,Niu Technologies
185:NIXT,Research Affiliates Deletions ETF
185:NKLR,Terra Innovatum
185:NKTX,Nkarta
185:NMFC,New Mountain Finance
185:NMFCZ,NMFC 8.25% 20281115
185:NMIH,NMI Holdings
185:NMP,NMP Acquisition
185:NMPAR,
185:NMPAU,NMP Acquisition-U
185:NMRA,Neumora
185:NMRK,Newmark Group
185:NNBR,NN
185:NNNN,Anbio Biotechnology
185:NNOX,Nano-x Imaging
185:NOEM,CO2 Energy
185:NOEMR,
185:NOEMU,CO2 Energy-U
185:NOEMW,
185:NOVT,Novanta
185:NOVTU,Novanta-U
185:NOWL,GraniteShares 2x Long NOW Daily ETF
185:NPAC,New Providence III
185:NPACU,New Providence III-U
185:NPACW,
185:NPCE,NeuroPace
185:NPFI,Nuveen Preferred And Income ETF
185:NRC,National Research
185:NRDS,NerdWallet
185:NRES,Xtrackers RREEF Global Natural Resources ETF
185:NRIM,Northrim Bancorp
185:NRIX,Nurix Therapeutics
185:NSCR,Nuveen Sustainable Core ETF
185:NSI,National Security Emerging Markets Index ETF
185:NSIT,Insight Enterprises
185:NSSC,Napco Security Technologies
185:NTAP,NetApp
185:NTCT,Netscout Systems
185:NTES,Netease
185:NTGR,NETGEAR
185:NTHI,Neonc
185:NTIC,Northern Technologies International
185:NTLA,Intellia
185:NTNX,Nutanix
185:NTRA,Natera
185:NTRS,Northern Trust
185:NTRSO,Northern Trust Pref E ADR
185:NTSK,Netskope
185:NTWO,Newbury Street II
185:NTWOU,Newbury Street II-U
185:NTWOW,
185:NUAI,New Era Energy
185:NUG,Leverage Shares 2X Long NU Daily ETF
185:NUGY,GraniteShares YieldBOOST Gold Miners ETF
185:NUSB,Nuveen Ultra Short Income ETF
185:NUVL,Nuvalent
185:NVAX,Novavax
185:NVCR,Novocure
185:NVD,GraniteShares 2x Short NVDA Daily ETF
185:NVDA,Nvidia
185:NVDD,Direxion Daily NVDA Bear 1X ETF
185:NVDG,Leverage Shares 2X Long NVDA Daily ETF
185:NVDL,GraniteShares 2x Long NVDA Daily ETF
185:NVDS,Tradr 1.5X Short NVDA Daily ETF
185:NVDU,Direxion Daily NVDA Bull 2X ETF
185:NVMI,Nova
185:NVTS,Navitas
185:NVX,NOVONIX
185:NVYY,GraniteShares YieldBoost NVDA ETF
185:NWBI,Northwest Bancshares
185:NWE,NorthWestern
185:NWFL,Norwood Financial
185:NWL,Newell
185:NWPX,NWPX
185:NWS,News B
185:NWSA,News
185:NXPI,NXP Semiconductors
185:NXST,Nexstar Media Group
185:NXT,Nextpower
185:NXTC,NextCure
185:NXTG,First Trust Indxx NextG ETF
185:NYAX,Nayax
185:NYXH,Nyxoah
185:NZAC,State Street SPDR MSCI ACWI Climate Paris Aligned ETF
185:NZUS,State Street SPDR MSCI USA Climate Paris Aligned ETF
185:OABI,OmniAb
185:OACC,Oaktree Acquisition
185:OACCU,Oaktree Acquisition-U
185:OACCW,
185:OBA,Oxley Bridge
185:OBAI,Our Bond
185:OBAWU,Oxley Bridge-U
185:OBAWW,
185:OBIL,F/m US Treasury 12 Month Bill ETF
185:OBIO,Orchestra BioMed
185:OBTC,Osprey Bitcoin Trust-U
185:OCC,Optical Cable
185:OCFC,OceanFirst
185:OCS,Oculis Holding
185:OCSAW,
185:OCSL,Oaktree Specialty
185:OCUL,Ocular Therapeutix
185:ODD,ODDITY Tech
185:ODDS,Pacer BlueStar Digital Entertainment ETF
185:ODFL,Old Dominion Freight
185:OFIX,Orthofix Medical
185:OFLX,Omega Flex
185:OFS,Ofs Capital
185:OFSSH,OFS 4.95% 20281031
185:OFSSO,OFS 7.5% 20280731
185:OGI,Organigram Global
185:OIM,OneIM
185:OIMAU,OneIM-U
185:OIMAW,
185:OKLL,Defiance Daily Target 2x Long OKLO ETF
185:OKTA,Okta
185:OKTG,Leverage Shares 2X Long OKTA Daily ETF
185:OKUR,OnKure
185:OLED,Universal Display
185:OLLI,Ollie's Bargain
185:OLMA,Olema
185:OLPX,Olaplex Holdings
185:OM,Outset Medical
185:OMAB,Central North Airport Group
185:OMCL,Omnicell
185:OMDA,Omada Health
185:OMER,Omeros
185:ON,On Semiconductor
185:ONB,Old National Bancorp
185:ONBPO,Old National Pref C ADR
185:ONBPP,Old National Pref A ADR
185:ONC,Beone Medicines
185:ONCH,1RT Acquisition
185:ONCHU,1RT Acquisition-U
185:ONCHW,
185:ONDG,Leverage Shares 2X Long ONDS Daily ETF
185:ONEQ,Fidelity NASDAQ Composite Index ETF
185:ONEW,OneWater Marine
185:OOQB,One+One Nasdaq-100 and Bitcoin ETF
185:OOSB,One+One S&P 500 and Bitcoin ETF
185:OPBK,OP Bancorp
185:OPCH,Option Care
185:OPEG,Leverage Shares 2X Long OPEN Daily ETF
185:OPEN,Opendoor
185:OPENL,
185:OPENW,
185:OPENZ,
185:OPK,OPKO Health
185:OPPJ,WisdomTree Japan Opportunities Fund
185:OPRA,Opera
185:OPRT,Oportun Financial
185:OPTZ,Optimize Strategy Index ETF
185:ORCS,Direxion Daily ORCL Bear 1X ETF
185:ORCU,Direxion Daily ORCL Bull 2X ETF
185:ORCX,Defiance Daily Target 2X Long ORCL ETF
185:ORIC,ORIC Pharmaceuticals
185:ORIQ,Origin Investment
185:ORIQU,Origin Investment-U
185:ORIQW,
185:ORKA,Oruka Therapeutics
185:ORLG,Leverage Shares 2X Long ORLY Daily ETF
185:ORLY,O'Reilly Automotive
185:ORR,Militia Long/Short Equity ETF
185:OS,OneStream
185:OSBC,Old Second Bancorp
185:OSCG,Leverage Shares 2X Long OSCR Daily ETF
185:OSCX,Defiance Daily Target 2X Long OSCR ETF
185:OSIS,OSI Systems
185:OSUR,Orasure Technologies
185:OTEX,Open Text
185:OTGA,OTG Acquisition I
185:OTGAU,OTG Acquisition I-U
185:OTGAW,
185:OTGL,OTG Latin America ETF
185:OTLY,Oatly Group AB
185:OTTR,Otter Tail
185:OUST,Ouster
185:OVBC,Ohio Valley Banc
185:OWLS,OBOOK Holdings
185:OXLC,Oxford Lane Capital
185:OXLCG,OXLC 7.95% 20320229
185:OXLCI,OXLC 8.75% 20300630
185:OXLCL,OXLC 6.75% 20310316
185:OXLCN,Oxford Lane Pref N
185:OXLCO,Oxford Lane Pref O
185:OXLCP,Oxford Lane Pref P
185:OXLCZ,OXLC 5% 20270131
185:OXSQ,Oxford Square
185:OXSQG,OXSQ 5.5% 20280731
185:OXSQH,OXSQ 7.75% 20300731
185:OYSE,Oyster II
185:OYSER,
185:OYSEU,Oyster II-U
185:OZEM,Roundhill GLP-1 & Weight Loss ETF
185:OZK,Bank OZK
185:OZKAP,Bank OZK Pref A
185:PAA,Plains All American
185:PAACU,Proem I-U
185:PABD,iShares Paris-Aligned Climate Optimized MSCI World ex USA ETF
185:PABU,iShares Paris-Aligned Climate Optimized MSCI USA ETF
185:PACB,Pacific Biosciences
185:PACH,Pioneer I
185:PACHU,Pioneer I-U
185:PACHW,
185:PAGP,Plains GP
185:PAHC,Phibro Animal Health
185:PAL,Proficient Auto
185:PALD,Direxion Daily PANW Bear 1X ETF
185:PALOU,Paloma I-U
185:PALU,Direxion Daily PANW Bull 2X ETF
185:PAMT,PAMT
185:PANG,Leverage Shares 2X Long PANW Daily ETF
185:PANW,Palo Alto Networks
185:PATK,Patrick Industries
185:PATN,Pacer Nasdaq International Patent Leaders ETF
185:PAX,Patria Investments
185:PAYO,Payoneer Global
185:PAYP,PayPay
185:PAYX,Paychex
185:PBEU,Portfolio Building Block European Banks Index ETF
185:PBOG,Portfolio Building Block Integrated Oil and Gas and Exploration and Production Index ETF
185:PBPH,Portfolio Building Block World Pharma and Biotech Index ETF
185:PBQQ,PGIM Laddered Nasdaq-100 Buffer 12 ETF
185:PBRG,Leverage Shares 2X Long PBR Daily ETF
185:PBYI,Puma Biotechnology
185:PCAP,ProCap
185:PCAPU,ProCap-U
185:PCAPW,
185:PCAR,Paccar
185:PCB,PCB Bancorp
185:PCMM,BondBloxx Private Credit CLO ETF
185:PCRX,Pacira BioSciences
185:PCSC,Perceptive
185:PCTY,Paylocity Holding
185:PCVX,Vaxcyte
185:PDBA,Invesco Agriculture Commodity Strategy No K-1 ETF
185:PDBC,Invesco Optimum Yield Diversified Commodity Strategy No K-1 ETF
185:PDD,PDD Holdings
185:PDDL,GraniteShares 2x Long PDD Daily ETF
185:PDFS,PDF Solutions
185:PDLB,Ponce Financial
185:PDP,Invesco Dorsey Wright Momentum ETF
185:PDYN,Palladyne AI
185:PDYNW,
185:PEBK,Peoples Bancorp of North Carolina
185:PEBO,Peoples Bancorp
185:PECO,Phillips Edison
185:PEGA,Pegasystems
185:PELI,Pelican
185:PELIR,
185:PELIU,Pelican-U
185:PENG,Penguin Solutions
185:PENN,PENN Entertainment
185:PEP,Pepsico
185:PEPG,PepGen
185:PEPS,Parametric Equity Plus ETF
185:PERI,Perion Network
185:PETS,Petmed Express
185:PEY,Invesco High Yield Equity Dividend Achievers ETF
185:PEZ,Invesco Dorsey Wright Consumer Cyclicals Momentum ETF
185:PFBC,Preferred Bank
185:PFDE,Pathfinder Disciplined US Equity ETF
185:PFF,iShares Preferred and Income Securities ETF
185:PFG,Principal Financial Group
185:PFI,Invesco Dorsey Wright Financial Momentum ETF
185:PFIS,Peoples Financial Services
185:PFM,Invesco Dividend Achievers ETF
185:PFOE,Pathfinder Focused Opportunities ETF
185:PFSA,Profusa
185:PFX,PhenixFIN
185:PFXNZ,PFX 5.25% 20281101
185:PGAC,Pantages Capital
185:PGACR,
185:PGACU,Pantages Capital-U
185:PGC,Peapack-Gladstone Financial
185:PGEN,Precigen
185:PGJ,Invesco Golden Dragon China ETF
185:PGNY,Progyny
185:PHAR,Pharming Group
185:PHAT,Phathom
185:PHO,Invesco Water Resources ETF
185:PHVS,Pharvaris
185:PI,Impinj
185:PICS,PicS
185:PID,Invesco International Dividend Achievers ETF
185:PIE,Invesco Dorsey Wright Emerging Markets Momentum ETF
185:PIO,Invesco Global Water ETF
185:PIZ,Invesco Dorsey Wright Developed Markets Momentum ETF
185:PKOH,Park-Ohio Holdings
185:PKW,Invesco BuyBack Achievers ETF
185:PLAB,Photronics
185:PLAY,Dave & Buster's Entertainment
185:PLBL,Polibeli Group
185:PLBY,Playboy
185:PLCE,The Children'S Place
185:PLMK,Plum Acquisition
185:PLMKU,Plum Acquisition-U
185:PLMKW,
185:PLMR,Palomar Holdings
185:PLPC,Preformed Line
185:PLRX,Pliant Therapeutics
185:PLTD,Direxion Daily PLTR Bear 1X ETF
185:PLTG,Leverage Shares 2X Long PLTR Daily ETF
185:PLTK,Playtika Holding
185:PLTR,Palantir
185:PLTU,Direxion Daily PLTR Bull 2X ETF
185:PLTZ,Defiance Daily Target 2X Short PLTR ETF
185:PLUL,Leverage Shares 2X Long PLUG Daily ETF
185:PLUS,ePlus
185:PLXS,Plexus
185:PLYY,GraniteShares YieldBOOST PLTR ETF
185:PMBS,PIMCO Mortgage-Backed Securities Active Exchange-Traded Fund
185:PMTR,Perimeter
185:PMTRU,Perimeter-U
185:PMTRW,
185:PMTS,Cpi Card Group
185:PMVP,Pmv Pharmaceuticals
185:PNBK,Patriot National Bancorp
185:PNQI,Invesco NASDAQ Internet ETF
185:PNTG,The Pennant Group
185:PODD,Insulet
185:POLE,Andretti
185:POLEU,Andretti-U
185:POLEW,
185:POM,Pomdoctor
185:PONOU,Pono Capital-U
185:PONY,Pony
185:POOL,Pool
185:POWI,Power Integrations
185:POWL,Powell Industries
185:PPC,Pilgrim's Pride
185:PPH,VanEck Pharmaceutical ETF
185:PPHC,Policy Holding
185:PPI,Astoria Real Assets ETF
185:PPIH,Perma-Pipe
185:PQAP,PGIM Nasdaq-100 Buffer 12 ETF – April
185:PQJA,PGIM Nasdaq-100 Buffer 12 ETF – January
185:PQJL,PGIM Nasdaq-100 Buffer 12 ETF – July
185:PQOC,PGIM Nasdaq-100 Buffer 12 ETF – October
185:PRAA,PRA Group
185:PRAX,Praxis
185:PRCT,PROCEPT BioRobotics
185:PRDO,Perdoceo Education
185:PRE,Prenetics Global
185:PRFZ,Invesco RAFI US 1500 Small-Mid ETF
185:PRGS,Progress Software
185:PRHIZ,PRHI 9.75% 20280930
185:PRLD,Prelude
185:PRME,Prime Medicine
185:PRMR,PeakShares RMR Prime Equity ETF
185:PRN,Invesco Dorsey Wright Industrials Momentum ETF
185:PROV,Provident Financial Holdings
185:PRPL,Purple Innovation
185:PRTA,Prothena
185:PRTC,Puretech Health
185:PRVA,Privia Health
185:PSC,Principal U.S. Small-Cap ETF
185:PSCC,Invesco S&P SmallCap Consumer Staples ETF
185:PSCD,Invesco S&P SmallCap Consumer Discretionary ETF
185:PSCE,Invesco S&P SmallCap Energy ETF
185:PSCF,Invesco S&P SmallCap Financials ETF
185:PSCH,Invesco S&P SmallCap Health Care ETF
185:PSCI,Invesco S&P SmallCap Industrials ETF
185:PSCM,Invesco S&P SmallCap Materials ETF
185:PSCT,Invesco S&P SmallCap Information Technology ETF
185:PSCU,Invesco S&P SmallCap Utilities & Communication Services ETF
185:PSEC,Prospect Capital
185:PSET,Principal Quality ETF
185:PSKY,Paramount Skydance
185:PSL,Invesco Dorsey Wright Consumer Staples Momentum ETF
185:PSMT,Pricesmart
185:PSNL,Personalis
185:PSNY,Polestar A
185:PSNYW,Polestar C-1
185:PSTR,PeakShares Sector Rotation ETF
185:PSWD,Xtrackers Cybersecurity Select Equity ETF
185:PTC,PTC
185:PTCT,Ptc Therapeutics
185:PTEN,Patterson-UTI Energy
185:PTF,Invesco Dorsey Wright Technology Momentum ETF
185:PTGX,Protagonist
185:PTH,Invesco Dorsey Wright Healthcare Momentum ETF
185:PTIR,GraniteShares 2x Long PLTR Daily ETF
185:PTLO,Portillo's
185:PTNQ,Pacer Trendpilot 100 ETF
185:PTON,Peloton Interactive
185:PTOR,Praetorian Acquisition
185:PTORU,Praetorian Acquisition-U
185:PTORW,
185:PTRN,Pattern Group
185:PUBM,Pubmatic
185:PUI,Invesco Dorsey Wright Utilities Momentum ETF
185:PWP,Perella Weinberg
185:PWRD,TCW Transform Systems ETF
185:PXI,Invesco Dorsey Wright Energy Momentum ETF
185:PY,Principal Value ETF
185:PYPG,Leverage Shares 2X Long PYPL Daily ETF
185:PYPL,Paypal Holdings
185:PYXS,Pyxis Oncology
185:PYZ,Invesco Dorsey Wright Basic Materials Momentum ETF
185:PZZA,PAPA John'S International
185:QABA,First Trust NASDAQ ABA Community Bank Index Fund
185:QALT,SEI DBi Multi-Strategy Alternative ETF
185:QAT,iShares MSCI Qatar ETF
185:QB,ProShares Nasdaq-100 Dynamic Buffer ETF
185:QBIG,Invesco Top QQQ ETF
185:QBTZ,Defiance Daily Target 2X Short QBTS ETF
185:QBUF,Innovator Nasdaq-100 10 Buffer ETF - Quarterly
185:QBY,GraniteShares YieldBoost QBTS ETF
185:QCLN,First Trust NASDAQ Clean Edge Green Energy Index Fund
185:QCLR,Global X NASDAQ 100 Collar 95-110 ETF
185:QCMD,Direxion Daily QCOM Bear 1X ETF
185:QCML,GraniteShares 2x Long QCOM Daily ETF
185:QCMU,Direxion Daily QCOM Bull 2X ETF
185:QCOM,Qualcomm
185:QCRH,QCR Holdings
185:QDEL,QuidelOrtho
185:QDTY,YieldMax Nasdaq 100 0DTE Covered Call Strategy ETF
185:QETA,Quetta Acquisition
185:QETAR,
185:QETAU,Quetta Acquisition-U
185:QEW,Invesco QQQ Equal Weight ETF
185:QFIN,Qfing
185:QGRD,Horizon Nasdaq-100 Defined Risk ETF
185:QH,Quhuo
185:QHDG,Innovator Hedged Nasdaq-100 ETF
185:QLDY,Defiance Nasdaq 100 LightningSpread Income ETF
185:QLYS,Qualys
185:QMCO,Quantum
185:QMID,WisdomTree U.S. MidCap Quality Growth Fund
185:QMOM,Alpha Architect U.S. Quantitative Momentum ETF
185:QNCX,Quince Therapeutics
185:QNST,QuinStreet
185:QNXT,iShares Nasdaq-100 ex Top 30 ETF
185:QOWZ,Invesco Nasdaq Free Cash Flow Achievers ETF
185:QPUX,Defiance 2X Daily Long Pure Quantum ETF
185:QQA,Invesco QQQ Income Advantage ETF
185:QQDN,ProShares UltraShort QQQ Mega
185:QQEW,First Trust Nasdaq-100 Select Equal Weight ETF
185:QQHG,Invesco QQQ Hedged Advantage ETF
185:QQLV,Invesco QQQ Low Volatility ETF
185:QQMG,Invesco ESG NASDAQ 100 ETF
185:QQQ,Invesco QQQ Trust
185:QQQA,ProShares NASDAQ-100 Dorsey Wright Momentum ETF
185:QQQE,Direxion NASDAQ-100 Equal Weighted Index ETF
185:QQQG,Pacer Nasdaq-100 Top 50 Cash Cows Growth Leaders ETF
185:QQQH,NEOS Nasdaq-100 Hedged Equity Income ETF
185:QQQI,Neos Nasdaq-100 High Income ETF
185:QQQJ,Invesco NASDAQ Next Gen 100 ETF
185:QQQM,Invesco NASDAQ 100 ETF
185:QQQP,Tradr 2X Long Triple Q Quarterly ETF
185:QQQS,Invesco NASDAQ Future Gen 200 ETF
185:QQQT,Defiance Nasdaq 100 Income Target ETF
185:QQQX,Nuveen Nasdaq 100
185:QQQY,Defiance Nasdaq 100 Weekly Distribution ETF
185:QQUP,ProShares Ultra QQQ Mega
185:QQWZ,Pacer Cash COWZ 100-Nasdaq 100 Rotator ETF
185:QQXL,ProShares Ultra QQQ Top 30
185:QQXT,First Trust NASDAQ-100 Ex-Technology Sector Index Fund
185:QRMI,Global X NASDAQ 100 Risk Managed Income ETF
185:QRVO,Qorvo
185:QS,QuantumScape
185:QSEA,Quartzsea
185:QSEAR,
185:QSEAU,Quartzsea-U
185:QSI,Quantum-Si
185:QSIAW,
185:QSIX,Pacer Metaurus Nasdaq-100 Dividend Multiplier 600 ETF
185:QSML,WisdomTree U.S. SmallCap Quality Growth Fund
185:QTEC,First Trust NASDAQ-100-Technology Sector Index Fund
185:QTOP,iShares Nasdaq Top 30 Stocks ETF
185:QTR,Global X NASDAQ 100 Tail Risk ETF
185:QTRX,Quanterix
185:QTUM,Defiance Quantum ETF
185:QUMS,Quantumsphere
185:QUMSR,
185:QUMSU,Quantumsphere-U
185:QURE,uniQure
185:QVAL,Alpha Architect U.S. Quantitative Value ETF
185:QXQ,SGI Enhanced Nasdaq-100 ETF
185:QYLD,Global X NASDAQ 100 Covered Call ETF
185:QYLG,Global X Nasdaq 100 Covered Call & Growth ETF
185:RAA,SMI 3Fourteen REAL Asset Allocation ETF
185:RAAQ,Real Asset
185:RAAQU,Real Asset-U
185:RAAQW,
185:RAIL,FreightCar America
185:RANG,Range Capital
185:RANGR,
185:RANGU,Range Capital-U
185:RANI,Rani Therapeutics
185:RAPP,Rapport
185:RARE,Ultragenyx
185:RAUS,RACWI US ETF
185:RBB,RBB
185:RBBN,Ribbon
185:RBCAA,Republic Bancorp
185:RBIL,F/m Ultrashort Treasury Inflation-Protected Security (TIPS) ETF
185:RCAX,Defiance Daily Target 2X Long RCAT ETF
185:RCGE,RockCreek Global Equality ETF
185:RCKT,Rocket
185:RCKY,Rocky Brands
185:RCMT,RCM Technologies
185:RDAG,Republic Digital
185:RDAGU,Republic Digital-U
185:RDAGW,
185:RDNT,RadNet
185:RDTL,GraniteShares 2x Long RDDT Daily ETF
185:RDTY,YieldMax Russell 2000 0DTE Covered Call Strategy ETF
185:RDVY,First Trust Rising Dividend Achievers ETF
185:RDWR,Radware
185:RDZN,Roadzen
185:REAI,Intelligent Real Estate ETF
185:REAL,The RealReal
185:REFI,Chicago Atlantic
185:REG,Regency Centers
185:REGCO,Regency Centers Pref B
185:REGCP,Regency Centers Pref A
185:REGN,Regeneron
185:REIT,ALPS Active REIT ETF
185:RELL,Richardson Electronics
185:RELY,Remitly Global
185:REMG,Russell Investments Emerging Markets Equity ETF
185:RENT,Rent the Runway
185:REPL,Replimune Group
185:REYN,Reynolds Consumer
185:RFAI,RF Acquisition II
185:RFAIR,
185:RFAIU,RF Acquisition II-U
185:RFAM,RF Acquisition III
185:RFAMR,
185:RFAMU,RF Acquisition III-U
185:RFDI,First Trust RiverFront Dynamic Developed International ETF
185:RFEM,First Trust RiverFront Dynamic Emerging Markets ETF
185:RFIL,RF Industries
185:RGCO,RGC Resources
185:RGEN,Repligen
185:RGLD,Royal Gold
185:RGLO,Russell Investments Global Equity ETF
185:RGNX,Regenxbio
185:RGP,Resources Connection
185:RGS,Regis
185:RGTX,Defiance Daily Target 2X Long RGTI ETF
185:RGTZ,Defiance Daily Target 2X Short RGTI ETF
185:RGYY,GraniteShares YieldBoost RGTI ETF
185:RICK,RCI Hospitality
185:RIFR,Russell Investments Global Infrastructure ETF
185:RIGL,Rigel Pharmaceuticals
185:RILY,BRC Group Holdings
185:RILYG,RILY 5% 20261231
185:RILYK,RILY 5.5% 20260331
185:RILYL,BRC Group Holdings Pref B ADR
185:RILYN,RILY 6.5% 20260930
185:RILYP,BRC Group Holdings Pref A ADR
185:RILYT,RILY 6% 20280131
185:RILYZ,RILY 5.25% 20280831
185:RING,iShares MSCI Global Gold Miners ETF
185:RINT,Russell Investments International Developed Equity ETF
185:RIVN,Rivian Automotive
185:RJET,Republic Airways
185:RKLX,Defiance Daily Target 2X Long RKLB ETF
185:RKLZ,Defiance Daily Target 2X Short RKLB ETF
185:RKNG,Defiance Retail Kings ETF
185:RLAY,Relay Therapeutics
185:RMBS,Rambus
185:RMNI,Rimini Street
185:RNA,Atrium Therapeutics
185:RNAC,Cartesian Therapeutics
185:RNEM,Emerging Markets Equity Select ETF
185:RNGT,Range Capital II
185:RNGTU,Range Capital II-U
185:RNGTW,
185:RNIN,Bushido Capital US SMID Cap Equity ETF
185:RNRG,Global X Renewable Energy Producers ETF
185:RNW,ReNew Energy Global
185:RNWWW,
185:ROAD,Construction
185:ROBT,First Trust Nasdaq Artificial Intelligence and Robotics ETF
185:ROCK,Gibraltar Industries
185:ROE,Astoria US Equal Weight Quality Kings ETF
185:ROIV,Roivant Sciences
185:ROKU,Roku
185:ROOT,Root
185:ROP,Roper Technologies
185:ROST,Ross Stores
185:RPD,Rapid7
185:RPRX,Royalty Pharma
185:RRBI,Red River Bancshares
185:RRGB,Red Robin Gourmet Burgers
185:RRR,Red Rock Resorts
185:RSVR,Reservoir Media
185:RSVRW,
185:RTAC,Renatus Tactical
185:RTACU,Renatus Tactical-U
185:RTACW,
185:RTH,VanEck Retail ETF
185:RTXG,Leverage Shares 2X Long RTX Daily ETF
185:RTYY,GraniteShares YieldBoost RIOT ETF
185:RUM,Rumble
185:RUMBW,
185:RUN,Sunrun
185:RUNN,Running Oak Efficient Growth ETF
185:RUSC,Russell Investments U.S. Small Cap Equity ETF
185:RUSHA,Rush Enterprises A
185:RUSHB,Rush Enterprises B
185:RVMD,Revolution Medicines
185:RVMDW,
185:RVNL,GraniteShares 2x Long RIVN Daily ETF
185:RVSB,Riverview Bancorp
185:RWAY,Runway Growth
185:RWAYI,RWAY 7.25% 20310203
185:RWAYL,RWAY 7.5% 20270728
185:RXRX,Recursion
185:RXST,RxSight
185:RXT,Rackspace Technology
185:RYAAY,Ryanair Holdings
185:RYTM,Rhythm
185:RZLV,Rezolve AI
185:SAAQU,Space Asset Acquisition-U
185:SABR,Sabre
185:SAFT,Safety Insurance
185:SAIA,Saia
185:SAIC,Science Applications International
185:SAIL,SailPoint
185:SAMG,Silvercrest Asset
185:SANA,Sana Biotechnology
185:SANG,Sangoma Technologies
185:SANM,Sanmina
185:SARK,Tradr 1X Short Innovation Daily ETF
185:SATA,Strive Pref A
185:SATG,Leverage Shares 2X Long SATS Daily ETF
185:SATS,Echostar
185:SBAC,Sba Communications
185:SBC,SBC Medical Group
185:SBCF,Seacoast Banking
185:SBGI,Sinclair
185:SBLK,Star Bulk Carriers
185:SBRA,Sabra Health Care
185:SBU,Leverage Shares 2X Long SBUX Daily ETF
185:SBUX,Starbucks
185:SCAG,Scage
185:SCDS,JPMorgan Fundamental Data Science Small Core ETF
185:SCHL,Scholastic
185:SCII,SC II Acquisition
185:SCIIR,
185:SCIIU,SC II Acquisition-U
185:SCLS,Stoneport Advisors Commodity Long Short ETF
185:SCOR,Comscore
185:SCPQ,Social Commerce
185:SCPQU,Social Commerce-U
185:SCPQW,
185:SCSC,ScanSource
185:SCVL,Shoe Carnival
185:SCZ,iShares MSCI EAFE Small-Cap ETF
185:SDG,iShares MSCI Global Sustainable Development Goals ETF
185:SDGR,Schrodinger
185:SDHI,Siddhi
185:SDHIR,
185:SDHIU,Siddhi-U
185:SDSI,American Century Short Duration Strategic Income ETF
185:SDTY,YieldMax S&P 500 0DTE Covered Call Strategy ETF
185:SDVY,First Trust SMID Cap Rising Dividend Achievers ETF
185:SEAT,Vivid Seats
185:SEATW,
185:SEDG,Solaredge
185:SEEM,SEI Select Emerging Markets Equity ETF
185:SEER,Seer
185:SEGG,Sports Entertainment
185:SEIC,SEI Investments
185:SEIE,SEI Select International Equity ETF
185:SEIS,SEI Select Small Cap ETF
185:SEMY,GraniteShares YieldBOOST Semiconductor ETF
185:SENEA,Seneca Foods A
185:SENEB,Seneca Foods B
185:SENS,Senseonics Holdings
185:SEPN,Septerna
185:SERA,Sera Prognostics
185:SETM,Sprott Critical Materials ETF
185:SFD,Smithfield Foods
185:SFIX,Stitch Fix
185:SFLO,VictoryShares Small Cap Free Cash Flow ETF
185:SFM,Sprouts Farmers
185:SFNC,Simmons First National
185:SFST,Southern First
185:SGA,Saga Communications
185:SGC,Superior Group
185:SGHT,Sight Sciences
185:SGMT,Sagimet Biosciences
185:SGP,SpyGlass Pharma
185:SGRY,Surgery Partners
185:SHBI,Shore Bancshares
185:SHC,Sotera
185:SHEN,Shenandoah Telecommunications
185:SHLS,Shoals Technologies
185:SHMD,SCHMID Group
185:SHOO,Steven Madden
185:SHOP,Shopify
185:SHPD,Direxion Daily SHOP Bear 1X ETF
185:SHPU,Direxion Daily SHOP Bull 2X ETF
185:SHRY,First Trust Bloomberg Shareholder Yield ETF
185:SHY,iShares 1-3 Year Treasury Bond ETF
185:SIBN,SI-BONE
185:SIGA,SIGA Technologies
185:SIGI,Selective Insurance
185:SIGIP,Selective Pref B ADR
185:SILC,Silicom
185:SIMA,SIM Acquisition
185:SIMAU,SIM Acquisition-U
185:SIMAW,
185:SIMO,Silicon Motion Technology
185:SION,Sionna Therapeutics
185:SIRI,Sirius XM Holdings
185:SITM,SiTime
185:SIXG,Defiance Connective Technologies ETF
185:SJCP,SanJac Alpha Core Plus Bond ETF
185:SJLD,SanJac Alpha Low Duration ETF
185:SKAIU,
185:SKOR,FlexShares Credit-Scored US Corporate Bond Index Fund
185:SKRE,Tuttle Capital Daily 2X Inverse Regional Banks ETF
185:SKWD,Skyward Specialty
185:SKYE,Skye Bioscience
185:SKYU,ProShares Ultra Nasdaq Cloud Computing
185:SKYW,Skywest
185:SKYY,First Trust Cloud Computing ETF
185:SLAB,Silicon Laboratories
185:SLDB,Solid Biosciences
185:SLDE,Slide Insurance
185:SLDP,Solid Power
185:SLDPW,
185:SLM,SLM
185:SLMBP,SLM Pref B
185:SLN,Silence Therapeutics
185:SLP,Simulations Plus
185:SLQD,iShares 0-5 Year Investment Grade Corporate Bond ETF
185:SLRC,SLR Investment
185:SLVO,ETRACS Silver Shares Covered Call ETN
185:SLVR,Sprott Silver Miners & Physical Silver ETF
185:SMBC,Southern Missouri
185:SMCF,Themes US Small Cap Cash Flow Champions ETF
185:SMCI,Super Micro Computer
185:SMCL,Granite Shares 2x Long SMCI Daily ETF
185:SMCO,Hilton Small-MidCap Opportunity ETF
185:SMCX,Defiance Daily Target 2X Long SMCI ETF
185:SMCZ,Defiance Daily Target 2X Short SMCI ETF
185:SMH,VanEck Semiconductor ETF
185:SMHX,VanEck Fabless Semiconductor ETF
185:SMMT,Summit Therapeutics
185:SMOM,Symmetry Panoramic Sector Momentum ETF
185:SMRI,Bushido Capital US Equity ETF
185:SMST,Defiance Daily Target 2X Short MSTR ETF
185:SMTC,Semtech
185:SMYY,GraniteShares YieldBOOST SMCI ETF
185:SNAG,Leverage Shares 2X Long SNAP Daily ETF
185:SNBR,Sleep Number
185:SNCY,Sun Country Airlines
185:SND,Smart Sand
185:SNDK,Sandisk
185:SNDX,Syndax
185:SNEX,StoneX
185:SNFCA,Security National
185:SNPS,Synopsys
185:SNSR,Global X Internet of Things ETF
185:SNT,Senstar
185:SNWV,SANUWAVE Health
185:SNY,Sanofi
185:SOCA,Solarius Capital
185:SOCAU,Solarius Capital-U
185:SOCAW,
185:SOCL,Global X Social Media ETF
185:SOFA,Direxion Daily SOFI Bull 2X ETF
185:SOFI,SoFi Technologies
185:SOFX,Defiance Daily Target 2X Long SOFI ETF
185:SOHOB,Sotherly Hotels Pref B
185:SOHON,Sotherly Hotels Pref D
185:SOHOO,Sotherly Hotels Pref C
185:SOHU,Sohu.com
185:SOLC,Canary Marinade Solana ETF
185:SOLS,Solstice Advanced
185:SOLT,2x Solana ETF
185:SOLZ,Solana ETF
185:SONO,Sonos
185:SOPH,Sophia Genetics
185:SORN,Soren Acquisition
185:SORNU,Soren Acquisition-U
185:SORNW,
185:SOUN,SoundHound AI
185:SOUNW,
185:SOUX,Defiance Daily Target 2X Long SOUN ETF
185:SOXQ,Invesco PHLX Semiconductor ETF
185:SOXX,iShares Semiconductor ETF
185:SPAM,Themes Cybersecurity ETF
185:SPAQ,Horizon Kinetics SPAC Active ETF
185:SPBC,Simplify US Equity PLUS Bitcoin Strategy ETF
185:SPCT,Liberty One Spectrum ETF
185:SPCX,SPAC and New Issue ETF
185:SPEG,Silver Pegasus
185:SPEGR,
185:SPEGU,Silver Pegasus-U
185:SPFI,South Plains
185:SPIT,F/m Emerald Special Situations ETF
185:SPKL,Spark I Acquisition
185:SPKLU,Spark I Acquisition-U
185:SPKLW,
185:SPOG,Leverage Shares 2X Long SPOT Daily ETF
185:SPOK,Spok Holdings
185:SPRO,Spero Therapeutics
185:SPRX,Spear Alpha ETF
185:SPRY,ARS Pharmaceuticals
185:SPSC,SPS Commerce
185:SPWH,Sportsman's
185:SPWR,Sunpower
185:SPXD,Xtrackers S&P 500 Diversified Sector Weight ETF
185:SPYQ,Tradr 2X Long SPY Quarterly ETF
185:SQLV,Royce Quant Small-Cap Quality Value ETF
185:SQQQ,ProShares UltraPro Short QQQ
185:SQS,Sapient Quality Select ETF
185:SRAD,Sportradar Group
185:SRCE,1st Source
185:SRET,Global X SuperDividend REIT ETF
185:SRPT,Sarepta
185:SRRK,Scholar Rock Holding
185:SSAC,SPACSphere Acquisition
185:SSACR,
185:SSACU,SPACSphere Acquisition-U
185:SSACW,
185:SSBI,Summit State Bank
185:SSNC,Ss&c Technologies
185:SSP,The E. W. Scripps
185:SSRM,SSR Mining
185:SSS,CYBER HORNET S&P 500 and Solana 75/25 Strategy ETF
185:SSSS,SuRo Capital
185:SSSSL,SSSS 6% 20261230
185:SSYS,Stratasys
185:STAA,Staar Surgical
185:STBA,S&T Bancorp
185:STEP,Stepstone Group
185:STGW,Stagwell
185:STHO,Star Holdings
185:STIM,Neuronetics
185:STKE,Sol Strategies
185:STKL,SunOpta
185:STLD,Steel Dynamics
185:STNC,Hennessy Sustainable ETF
185:STNE,StoneCo
185:STOK,Stoke Therapeutics
185:STRA,Strategic Education
185:STRC,Palladyne AI
185:STRD,Strategy Pref A 10.00%
185:STRF,Strategy Pref A 10.00%
185:STRK,Strategy Pref A 8.00%
185:STRL,Sterling
185:STRO,Sutro Biopharma
185:STRR,Star Equity
185:STRRP,Star Equity Pref A
185:STRS,Stratus Properties
185:STRT,Strattec Security
185:STRZ,Starz
185:STTK,Shattuck
185:STX,Seagate Technology
185:SUIS,Canary Staked SUI ETF
185:SUMAU,SUMA-U
185:SUPN,Supernus
185:SUPP,TCW Transform Supply Chain ETF
185:SUSB,iShares ESG Aware 1-5 Year USD Corporate Bond ETF
185:SUSC,iShares ESG Aware USD Corporate Bond ETF
185:SUSL,iShares ESG MSCI USA Leaders ETF
185:SUUN,PowerBank
185:SVA,Sinovac Biotech
185:SVAC,Spring Valley III
185:SVACU,Spring Valley III-U
185:SVACW,
185:SVAQ,Silicon Valley Acquisition
185:SVAQU,Silicon Valley Acquisition-U
185:SVAQW,
185:SVC,Service Properties
185:SVCC,Stellar V Capital
185:SVCCU,Stellar V Capital-U
185:SVCCW,
185:SVCO,Silvaco
185:SVIV,Spring Valley IV
185:SVIVU,Spring Valley IV-U
185:SVIVW,
185:SVRA,Savara
185:SWBI,Smith & Wesson
185:SWIM,Latham Group
185:SWKH,SWK Holdings
185:SWKHL,SWKH 9% 20270131
185:SWKS,Skyworks Solutions
185:SWP,SWP Growth & Income ETF
185:SYBT,Stock Yards Bancorp
185:SYM,Symbotic
185:SYNA,Synaptics
185:SYPR,Sypris Solutions
185:SYRE,Spyre Therapeutics
185:SYZ,Lazard US Systematic Small Cap Equity ETF
185:SZZL,Sizzle Acquisition
185:SZZLR,
185:SZZLU,Sizzle-U
185:TACH,Titan Acquisition
185:TACHU,Titan Acquisition-U
185:TACHW,
185:TACO,Berto
185:TACOU,Berto-U
185:TACOW,
185:TACT,Transact
185:TARA,Protara Therapeutics
185:TARK,Tradr 2X Long Innovation ETF
185:TARS,Tarsus
185:TASK,TaskUs
185:TATT,TAT Technologies
185:TAVI,Tavia
185:TAVIR,
185:TAVIU,Tavia-U
185:TAX,Cambria Tax Aware ETF
185:TAXE,T. Rowe Price Intermediate Municipal Income ETF
185:TAXI,Northern Trust Intermediate Tax-Exempt Bond ETF
185:TAXS,Northern Trust Short-Term Tax-Exempt Bond ETF
185:TAXT,Northern Trust Tax-Exempt Bond ETF
185:TBBK,The Bancorp
185:TBCH,Turtle Beach
185:TBHC,The Brand House
185:TBIL,F/m US Treasury 3 Month Bill Fund/ETF
185:TBLA,Taboola.com
185:TBLAW,
185:TBLD,Thornburg Income
185:TBMC,Trailblazer Merger
185:TBMCR,
185:TBPH,Theravance
185:TBRG,TruBridge
185:TCBI,Texas Capital Bancshares
185:TCBIO,Texas Capital Bancshares Pref B ADR
185:TCBK,TriCo Bancshares
185:TCHI,iShares MSCI China Multisector Tech ETF
185:TCMD,Tactile Systems
185:TCOM,Trip.com
185:TCPC,BlackRock TCP
185:TCRX,TScan Therapeutics
185:TDAC,Translational
185:TDACU,Translational-U
185:TDACW,
185:TDI,Touchstone Dynamic International ETF
185:TDIV,First Trust NASDAQ Technology Dividend Index Fund
185:TDOG,21Shares Dogecoin ETF
185:TDOT,21Shares Polkadot ETF
185:TDSB,ETC Cabana Target Beta ETF
185:TDSC,ETC Cabana Target Drawdown 10 ETF
185:TDUP,ThredUp
185:TDWD,Tailwind 2.0
185:TDWDR,
185:TDWDU,Tailwind 2.0-U
185:TEAD,Teads
185:TEAM,Atlassian
185:TECH,Bio-Techne
185:TECX,Tectonic
185:TEKX,State Street Galaxy Transformative Tech Accelerators ETF
185:TEKY,Lazard Next Gen Technologies ETF
185:TELA,TELA Bio
185:TEM,Tempus AI
185:TENB,Tenable Holdings
185:TER,Teradyne
185:TERG,Leverage Shares 2X Long TER Daily ETF
185:TERN,Terns
185:TEXN,iShares Texas Equity ETF
185:TEXX,Horizon Kinetics Texas ETF
185:TFNS,T. Rowe Price Financials ETF
185:TFSL,Tfs Financial
185:THFF,First Financial
185:THMZ,Lazard Equity Megatrends ETF
185:THRM,Gentherm
185:THRV,Prospera Income ETF
185:THYM,T. Rowe Price High Income Municipal ETF
185:TIGO,Millicom
185:TIGR,UP Fintech Holding
185:TILE,Interface
185:TITN,Titan Machinery
185:TKNO,Alpha Teknova
185:TLA,GraniteShares Autocallable TSLA ETF
185:TLG,Touchstone Large Company Growth ETF
185:TLN,Talen Energy
185:TLNC,Talon Capital
185:TLNCU,Talon Capital-U
185:TLNCW,
185:TLRY,Tilray Brands
185:TLS,Telos
185:TLSI,TriSalus Life
185:TLSIW,
185:TLT,iShares 20+ Year Treasury Bond ETF
185:TLX,Telix
185:TMB,Thornburg Multi Sector Bond ETF
185:TMC,TMC the metals
185:TMCI,Treace Medical
185:TMCWW,
185:TMDX,TransMedics Group
185:TMED,T. Rowe Price Health Care ETF
185:TMET,iShares Transition-Enabling Metals ETF
185:TMNL,T. Rowe Price Long Municipal Income ETF
185:TMNS,T. Rowe Price Short Municipal Income ETF
185:TMSF,T. Rowe Price Multi-Sector Income ETF
185:TMTSU,Spartacus II-U
185:TMUS,T-Mobile US
185:TMUSI,TMUS 5.5% 20700601
185:TMUSL,TMUS 6.25% 20690901
185:TMUSZ,TMUS 5.5% 20700301
185:TNDM,Tandem Diabetes Care
185:TNGX,Tango Therapeutics
185:TNXP,Tonix
185:TNXT,T. Rowe Price Innovation Leaders ETF
185:TNYA,Tenaya Therapeutics
185:TOWN,Towne Bank
185:TPG,TPG
185:TPGXL,TPG 6.95% 20640315
185:TPLS,Thornburg Core Plus Bond ETF
185:TQQQ,ProShares UltraPro QQQ
185:TQQY,GraniteShares YieldBOOST QQQ ETF
185:TRBF,Angel Oak Total Return ETF
185:TRDA,Entrada Therapeutics
185:TREE,LendingTree
185:TRGSU,TRG Latin America-U
185:TRI,Thomson Reuters
185:TRIB,Trinity Biotech
185:TRIN,Trinity Capital
185:TRINI,TRIN 7.875% 20290930
185:TRINZ,TRIN 7.875% 20290330
185:TRIP,TripAdvisor
185:TRMB,Trimble
185:TRMD,Torm
185:TRMK,TrustMark
185:TRNS,Transcat
185:TROW,T. Rowe Price Group
185:TRS,Trimas
185:TRST,Trustco Bank
185:TRUC,VanEck Communication Services TruSector ETF
185:TRUD,VanEck Consumer Discretionary TruSector ETF
185:TRUP,Trupanion
185:TRUT,VanEck Technology TruSector ETF
185:TRVG,Trivago
185:TRVI,Trevi Therapeutics
185:TSAT,Telesat
185:TSBK,Timberland Bancorp
185:TSCM,TimesSquare Quality Mid Cap Growth ETF
185:TSCO,Tractor Supply
185:TSDD,GraniteShares 2x Short TSLA Daily ETF
185:TSEL,Touchstone Sands Capital US Select Growth ETF
185:TSEM,Tower Semiconductor
185:TSHA,Taysha Gene
185:TSL,GraniteShares 1.25x Long TSLA Daily ETF
185:TSLA,Tesla
185:TSLG,Leverage Shares 2X Long TSLA Daily ETF
185:TSLL,Direxion Daily TSLA Bull 2X ETF
185:TSLQ,Tradr 2X Short TSLA Daily ETF
185:TSLR,GraniteShares 2x Long TSLA Daily ETF
185:TSLS,Direxion Daily TSLA Bear 1X ETF
185:TSMG,Leverage Shares 2X Long TSM Daily ETF
185:TSMU,GraniteShares 2x Long TSM Daily ETF
185:TSMX,Direxion Daily TSM Bull 2X ETF
185:TSMZ,Direxion Daily TSM Bear 1X ETF
185:TSPY,TappAlpha SPY Growth & Daily Income ETF
185:TSUI,21Shares Sui ETF
185:TSYX,TSPY Lift ETF
185:TSYY,GraniteShares YieldBOOST TSLA ETF
185:TTAN,ServiceTitan
185:TTD,The Trade Desk
185:TTEC,TTEC Holdings
185:TTEK,Tetra Tech
185:TTEQ,T. Rowe Price Technology ETF
185:TTGT,TechTarget
185:TTMI,TTM Technologies
185:TTRX,Turn
185:TTWO,Take-Two Interactive
185:TUG,STF Tactical Growth ETF
185:TUGN,STF Tactical Growth & Income ETF
185:TUR,iShares MSCI Turkey ETF
185:TURF,T. Rowe Price Natural Resources ETF
185:TUSK,Mammoth Energy
185:TVA,Texas Ventures
185:TVACU,Texas Ventures-U
185:TVACW,
185:TVAI,Thayer Ventures
185:TVAIR,
185:TVAIU,Thayer Ventures-U
185:TVGN,Tevogen Bio Holdings
185:TVTX,Travere Therapeutics
185:TW,Tradeweb Markets
185:TWFG,TWFG
185:TWIN,Twin Disc
185:TWLV,Twelve Seas III
185:TWLVR,
185:TWLVU,Twelve Seas III-U
185:TWST,Twist Bioscience
185:TXG,10x Genomics
185:TXMD,Therapeuticsmd
185:TXN,Texas Instruments
185:TXRH,Texas Roadhouse
185:TXUE,Thornburg International Equity ETF
185:TXUG,Thornburg International Growth ETF
185:TXXD,21Shares 2x Long Dogecoin ETF
185:TXXS,21Shares 2x Long Sui ETF
185:TYRA,Tyra Biosciences
185:TZOO,Travelzoo
185:UAE,iShares MSCI UAE ETF
185:UAL,United Airlines Holdings
185:UBFO,United Security Bancshares
185:UBND,VictoryShares Core Plus Bond ETF
185:UBRL,GraniteShares 2x Long UBER Daily ETF
185:UBSI,United Bankshares
185:UCL,UCLOUDLINK
185:UCRD,VictoryShares Corporate Bond ETF
185:UCTT,Ultra Clean Holdings
185:UCYB,ProShares Ultra Nasdaq Cybersecurity
185:UDMY,Udemy
185:UECG,Leverage Shares 2X Long UEC Daily ETF
185:UEIC,Universal
185:UEVM,VictoryShares Emerging Markets Value Momentum ETF
185:UFCS,United Fire Group
185:UFIV,F/m US Treasury 5 Year Note ETF
185:UFO,Procure Space ETF
185:UFPI,UFP Industries
185:UG,United-Guardian
185:UHG,United Homes
185:UITB,VictoryShares Core Intermediate Bond ETF
185:UIVM,VictoryShares International Value Momentum ETF
185:ULBI,Ultralife
185:ULCC,Frontier Group
185:ULH,Universal Logistics Holdings
185:ULTA,Ulta Beauty
185:ULTI,REX IncomeMax Option Strategy ETF
185:ULVM,VictoryShares US Value Momentum ETF
185:UMBF,UMB Financial
185:UMBFO,UMB Financial Pref B ADR
185:UMMA,Wahed Dow Jones Islamic World ETF
185:UNB,Union Bankshares
185:UNHG,Leverage Shares 2X Long UNH Daily ETF
185:UNIT,Uniti Group
185:UNIY,WisdomTree Voya Yield Enhanced USD Universal Bond Fund
185:UNTY,Unity Bancorp
185:UPB,Upstream Bio
185:UPBD,Upbound Group
185:UPGR,Xtrackers US Green Infrastructure Select Equity ETF
185:UPLD,Upland Software
185:UPSG,Leverage Shares 2X Long UPS Daily ETF
185:UPST,Upstart
185:UPWK,Upwork
185:URBN,Urban Outfitters
185:URGN,UroGen Pharma
185:URNJ,Sprott Junior Uranium Miners ETF
185:USAF,Atlas America Fund
185:USAR,USA Rare Earth
185:USCB,USCB Financial
185:USCL,iShares Climate Conscious & Transition MSCI USA ETF
185:USDX,SGI Enhanced Core ETF
185:USFI,BrandywineGLOBAL – U.S. Fixed Income ETF
185:USGG,Leverage Shares 2X Long USAR Daily ETF
185:USIG,iShares Broad USD Investment Grade Corporate Bond ETF
185:USIN,WisdomTree 7-10 Year Laddered Treasury Fund
185:USIO,Usio
185:USLM,United States Lime & Minerals
185:USMC,Principal U.S. Mega-Cap ETF
185:USOI,ETRACS Crude Oil Shares Covered Call ETN
185:USOY,Defiance Oil Enhanced Options Income ETF
185:USRD,Themes US R&D Champions ETF
185:USSH,WisdomTree 1-3 Year Laddered Treasury Fund
185:USTB,VictoryShares Short-Term Bond ETF
185:USVM,VictoryShares US Small Mid Cap Value Momentum ETF
185:USVN,F/m US Treasury 7 Year Note ETF
185:USXF,iShares ESG Advanced MSCI USA ETF
185:UTEN,F/m US Treasury 10 Year Note ETF
185:UTHR,United Therapeutics
185:UTHY,F/m US Treasury 30 Year Bond ETF
185:UTMD,Utah Medical Products
185:UTRE,F/m US Treasury 3 Year Note ETF
185:UTSI,UTStarcom Holdings
185:UTWO,F/m US Treasury 2 Year Note ETF
185:UTWY,F/m US Treasury 20 Year Bond ETF
185:UUUG,Leverage Shares 2X Long UUUU Daily ETF
185:UVSP,Univest Financial
185:UXIN,Uxin
185:UYLD,Angel Oak UltraShort Income ETF
185:VACH,Voyager
185:VACHU,Voyager-U
185:VACHW,
185:VALG,Leverage Shares 2X Long VALE Daily ETF
185:VALN,Valneva
185:VAVX,VanEck Avalanche ETF
185:VBIL,Vanguard 0-3 Month Treasury Bill ETF
185:VBNK,VersaBank
185:VC,Visteon
185:VCEL,Vericel
185:VCIC,Vine Hill Capital
185:VCICU,Vine Hill Capital-U
185:VCICW,
185:VCIT,Vanguard Intermediate-Term Corporate Bond ETF
185:VCLT,Vanguard Long-Term Corporate Bond ETF
185:VCRB,Vanguard Core Bond ETF
185:VCSH,Vanguard Short-Term Corporate Bond ETF
185:VCTR,Victory Capital
185:VCYT,Veracyte
185:VECO,Veeco Instruments
185:VEEA,Veea
185:VEON,VEON
185:VERA,Vera Therapeutics
185:VERI,Veritone
185:VERX,Vertex
185:VFLO,VictoryShares Free Cash Flow ETF
185:VFS,VinFast Auto
185:VGIT,Vanguard Intermediate-Term Treasury ETF
185:VGLT,Vanguard Long-Term Treasury ETF
185:VGSH,Vanguard Short-Term Treasury ETF
185:VGSR,Vert Global Sustainable Real Estate ETF
185:VGUS,Vanguard Ultra-Short Treasury ETF
185:VHCP,Vine Hill Capital II
185:VHCPU,Vine Hill Capital II-U
185:VHCPW,
185:VHUB,VenHub Global
185:VIASP,Via Renewables Pref
185:VIAV,Viavi Solutions
185:VICR,Vicor
185:VIGI,Vanguard International Dividend Appreciation ETF
185:VINP,Vinci Compass
185:VIOT,Viomi Technology
185:VIR,Vir Biotechnology
185:VIRC,Virco Mfg.
185:VISN,Vistance Networks
185:VITL,Vital Farms
185:VLGEA,Village Super Market
185:VLY,Valley National Bancorp
185:VLYPN,Valley National Pref C
185:VLYPO,Valley National Pref B
185:VLYPP,Valley National Bancorp Pref A
185:VMBS,Vanguard Mortgage-Backed Securities ETF
185:VNDA,Vanda Pharmaceuticals
185:VNET,VNET Group
185:VNME,Vendome I
185:VNMEU,Vendome I-U
185:VNMEW,
185:VNOM,Viper Energy
185:VNQI,Vanguard Global ex-U.S. Real Estate ETF
185:VOD,Vodafone Group
185:VOLT,Tema Electrification ETF
185:VONE,Vanguard Russell 1000 ETF
185:VONG,Vanguard Russell 1000 Growth ETF
185:VONV,Vanguard Russell 1000 Value ETF
185:VOR,Vor Biopharma
185:VOTE,TCW Transform 500 ETF
185:VPLS,Vanguard Core-Plus Bond ETF
185:VRA,Vera Bradley
185:VREX,Varex Imaging
185:VRIG,Invesco Variable Rate Investment Grade ETF
185:VRM,Vroom
185:VRNS,Varonis Systems
185:VRSK,Verisk Analytics
185:VRSN,Verisign
185:VRTL,GraniteShares 2x Long VRT Daily ETF
185:VRTX,Vertex Pharmaceuticals
185:VSAT,Viasat
185:VSDA,VictoryShares Dividend Accelerator ETF
185:VSEC,VSE
185:VSECU,VSE-U
185:VSMV,VictoryShares US Multi-Factor Minimum Volatility ETF
185:VSNT,Versant Media Group
185:VSOL,VanEck Solana ETF
185:VSTL,Defiance Daily Target 2X Long VST ETF
185:VTC,Vanguard Total Corporate Bond ETF
185:VTHR,Vanguard Russell 3000 ETF
185:VTIP,Vanguard Short-Term Inflation-Protected Securities ETF
185:VTIX,Virtuix
185:VTRS,Viatris
185:VTWG,Vanguard Russell 2000 Growth ETF
185:VTWO,Vanguard Russell 2000 ETF
185:VTWV,Vanguard Russell 2000 Value ETF
185:VWAV,VisionWave
185:VWOB,Vanguard Emerging Markets Government Bond ETF
185:VXUS,Vanguard Total International Stock ETF
185:VYGR,Voyager Therapeutics
185:VYMI,Vanguard International High Dividend Yield ETF
185:WABC,Westamerica Bancorporation
185:WABF,Western Asset Bond ETF
185:WAFD,WaFd
185:WAFDP,Washington Federal Pref A ADR
185:WAMA,WisdomTree U.S Adaptive Moving Average Fund
185:WASH,Washington Trust Bancorp
185:WAY,Waystar Holding
185:WB,Weibo
185:WBD,Warner Bros
185:WBTN,Webtoon
185:WCBR,WisdomTree Cybersecurity Fund
185:WCLD,WisdomTree Cloud Computing Fund
185:WDAF,WisdomTree Asia Defense Fund
185:WDAY,Workday
185:WDC,Western Digital
185:WDFC,WD-40
185:WDGF,WisdomTree Global Defense Fund
185:WEEI,Westwood Salient Enhanced Energy Income ETF
185:WEN,The Wendy's
185:WENN,Wen
185:WENNU,Wen-U
185:WENNW,
185:WERN,Werner Enterprises
185:WEST,Westrock Coffee
185:WEYS,Weyco Group
185:WFRD,Weatherford
185:WGMI,CoinShares Bitcoin Mining ETF
185:WGS,GeneDx Holdings
185:WGSWW,
185:WHF,WhiteHorse Finance
185:WHFCL,WHF 7.875% 20280915
185:WIMA,WisdomTree International Adaptive Moving Average Fund
185:WIMI,WiMi Hologram Cloud
185:WINA,Winmark
185:WING,Wingstop
185:WISE,Themes Generative Artificial Intelligence ETF
185:WIX,Wix.com
185:WKEY,WISeKey
185:WLAC,Willow Lane
185:WLACU,Willow Lane-U
185:WLACW,
185:WLDN,Willdan Group
185:WLFC,Willis Lease Finance
185:WLIIU,Willow Lane II-U
185:WLTH,Wealthfront
185:WMG,Warner Music
185:WMT,Walmart
185:WNEB,Western New England
185:WOOD,iShares Global Timber & Forestry ETF
185:WOOF,Petco Health
185:WPRT,Westport Fuel Systems
185:WRD,WeRide
185:WRLD,World Acceptance
185:WRND,NYLI Global Equity R&D Leaders ETF
185:WSBC,Wesbanco
185:WSBCO,Wesbanco Pref B ADR
185:WSBF,Waterstone Financial
185:WSFS,WSFS Financial
185:WSGE,Warren Street Global Equity ETF
185:WSML,iShares MSCI World Small-Cap ETF
185:WTBA,West Bancorporation
185:WTBN,WisdomTree Bianco Total Return Fund
185:WTFC,Wintrust Financial
185:WTFCN,Wintrust Financial Pref F ADR
185:WTIP,WisdomTree Inflation Plus Fund
185:WTMU,WisdomTree Core Laddered Municipal Fund
185:WTMY,WisdomTree High Income Laddered Municipal Fund
185:WTW,Willis Towers Watson
185:WVE,Wave Life Sciences
185:WW,WW
185:WWD,Woodward
185:WYNN,Wynn Resorts
185:XAIX,Xtrackers Artificial Intelligence and Big Data ETF
185:XBCI,NEOS Boosted Bitcoin High Income ETF
185:XBIL,F/m US Treasury 6 Month Bill ETF
185:XBIT,Xbiotech
185:XBTY,GraniteShares YieldBOOST Bitcoin ETF
185:XCBE,X3 Acquisition
185:XCBEU,X3 Acquisition-U
185:XCBEW,
185:XCH,XCHG
185:XCNY,State Street SPDR S&P Emerging Markets ex-China ETF
185:XDEF,Xtrackers Europe Defense Technologies ETF
185:XEL,Xcel Energy
185:XELLL,XEL 6.25% 20851015
185:XENE,Xenon Pharmaceuticals
185:XERS,Xeris Biopharma
185:XGN,Exagen
185:XMAG,Defiance Large Cap ex-Mag 7 ETF
185:XMTR,Xometry
185:XNCR,Xencor
185:XNET,Xunlei
185:XOMA,XOMA Royalty
185:XOMAO,XOMA Pref B ADR
185:XOMAP,XOMA Pref A
185:XOMX,Direxion Daily XOM Bull 2X ETF
185:XOMZ,Direxion Daily XOM Bear 1X ETF
185:XOVR,ERShares Private-Public Crossover ETF
185:XP,XP
185:XPEG,Leverage Shares 2X Long XPEV Daily ETF
185:XQQI,NEOS Boosted Nasdaq-100 High Income ETF
185:XRAY,DENTSPLY
185:XRPC,Canary XRP ETF
185:XRPI,XRP ETF
185:XRPN,Armada
185:XRPNU,Armada-U
185:XRPNW,
185:XRPT,2x XRP ETF
185:XRX,Xerox
185:XRXDW,
185:XSLL,Xsolla SPAC 1
185:XSLLU,Xsolla SPAC 1-U
185:XSLLW,
185:XSPI,NEOS Boosted S&P 500 High Income ETF
185:XT,iShares Future Exponential Technologies ETF
185:XXX,CYBER HORNET S&P 500 and XRP 75/25 Strategy ETF
185:XYZG,Leverage Shares 2X Long XYZ Daily ETF
185:YB,Yuanbao
185:YBMN,Defiance BMNR Option Income ETF
185:YBST,GraniteShares YieldBoost Single Stock Universe ETF
185:YBTY,GraniteShares YieldBoost TopYielders ETF
185:YDES,YD Bio
185:YDESW,
185:YHNA,Yhn Acquisition
185:YHNAR,
185:YHNAU,Yhn Acquisition-U
185:YI,111
185:YLDE,Franklin ClearBridge Enhanced Income ETF
185:YMT,Yimutian
185:YNOT,Horizon Digital Frontier ETF
185:YOKE,Yoke Core ETF
185:YORW,The York Water
185:YQ,17 Education
185:YQQQ,YieldMax Short N100 Option Income Strategy ETF
185:YSPY,GraniteShares YieldBOOST SPY ETF
185:YXT,YXT.COM GROUP
185:Z,Zillow Group C
185:ZAP,Global X U.S. Electrification ETF
185:ZBIO,Zenas BioPharma
185:ZBRA,Zebra Technologies
185:ZD,Ziff Davis
185:ZG,Zillow Group A
185:ZHOG,F/m Opportunistic Income ETF
185:ZION,Zions Bancorporation
185:ZIONP,Zions Bancorporation Pref A ADR
185:ZKP,Lafayette Digital Acquisition I
185:ZKPU,Lafayette Digital Acquisition I-U
185:ZKPW,
185:ZLAB,Zai Lab
185:ZM,Zoom Communications
185:ZMUN,F/m Ultrashort Tax-Free Municipal ETF
185:ZNTL,Zentalis
185:ZS,Zscaler
185:ZTEN,F/m 10-Year Investment Grade Corporate Bond ETF
185:ZTOP,F/m High Yield 100 ETF
185:ZTRE,F/m 3-Year Investment Grade Corporate Bond ETF
185:ZTWO,F/m 2-Year Investment Grade Corporate Bond ETF
185:ZUMZ,Zumiez
185:ZVRA,Zevra
185:ZYME,Zymeworks
186:AACG,Ata Creativity
186:ABAT,American Battery
186:ABEO,Abeona Therapeutics
186:ABLV,Able View Global
186:ABLVW,
186:ABTC,American Bitcoin
186:ABTS,Abits Group
186:ABVC,ABVC BioPharma
186:ACB,Aurora Cannabis
186:ACCL,Acco Group
186:ACET,Adicet Bio
186:ACFN,Acorn Energy
186:ACHV,Achieve Life
186:ACIC,American Coastal
186:ACNB,ACNB
186:ACOG,Alpha Cognition
186:ACON,Aclarion
186:ACONW,
186:ACXP,Acurx
186:ADGM,Adagio Medical
186:ADIL,Adial
186:ADSE,Ads-Tec Energy
186:ADSEW,
186:ADTX,Aditxt
186:ADUR,Aduro Clean
186:ADVB,Advanced Biomed
186:ADXN,Addex Therapeutics
186:AEC,Anfield Energy
186:AEHL,Antelope Enterprise
186:AEHR,Aehr Test Systems
186:AEI,Alset
186:AEMD,Aethlon Medical
186:AENT,Alliance
186:AENTW,
186:AERT,Aeries Technology
186:AERTW,
186:AEYE,AudioEye
186:AFBI,Affinity Bancshares
186:AFRI,Forafric Global
186:AFRIW,
186:AGAE,Allied Gaming
186:AGCC,Agencia
186:AGEN,Agenus
186:AGH,Aureus Greenway
186:AGMH,AGM Group
186:AGPU,Axe Compute
186:AGRZ,Agroz
186:AHCO,AdaptHealth
186:AHG,Akso Health
186:AHMA,Ambitions Enterprise
186:AIDX,20/20 Biolabs
186:AIFF,Firefly Neuroscience
186:AIHS,Senmiao Technology
186:AIIO,Robo.ai
186:AIIOW,
186:AIMD,Ainos
186:AIMDW,
186:AIOS,AIOS Tech
186:AIRE,reAlpha Tech
186:AIRG,Airgain
186:AIRJ,AirJoule
186:AIRJW,
186:AIRT,Air T
186:AISPW,
186:AIXC,AIxCrypto
186:AKAN,Akanda
186:AKBA,Akebia Therapeutics
186:AKTX,Akari Therapeutics
186:ALAR,Alarum Techno
186:ALBT,Avalon Globocare
186:ALCY,Alchemy Investments
186:ALCYU,Alchemy Investments-U
186:ALCYW,
186:ALDX,Aldeyra Therapeutics
186:ALGS,Aligos
186:ALLR,Allarity
186:ALM,Almonty Industries
186:ALMU,Aeluma
186:ALOY,REalloys
186:ALRS,Alerus Financial
186:ALTI,AlTi Global
186:ALTO,Alto Ingredients
186:ALTS,ALT5 Sigma
186:ALZN,Alzamend Neuro
186:AMCI,AMC Robotics
186:AMIX,Autonomix Medical
186:AMOD,Alpha Modus
186:AMODW,
186:AMPG,AmpliTech Group
186:AMPGR,
186:AMPGZ,
186:AMPL,Amplitude
186:AMRN,Amarin
186:AMST,Amesite
186:ANGH,Anghami
186:ANGHW,
186:ANIX,Anixa Biosciences
186:ANNA,AleAnna
186:ANNAW,
186:ANPA,Rich Sparkle
186:ANY,Sphere 3d
186:APAC,StoneBridge II
186:APACR,
186:APACU,StoneBridge II-U
186:APC,ARKO Petroleum
186:APLM,Apollomics
186:APLMW,
186:APM,Aptorum Group
186:APPS,Digital Turbine
186:APRE,Aprea Therapeutics
186:APVO,Aptevo Therapeutics
186:APWC,Asia Pacific Wire & Cable
186:AQB,AquaBounty Technologies
186:AQMS,Aqua Metals
186:ARBB,ARB IOT Group
186:ARBE,Arbe Robotics
186:ARBEW,
186:ARBK,Argo Blockchain
186:AREB,American Rebel
186:AREBW,
186:AREC,American Resources
186:ARKO,ARKO
186:ARQQ,Arqit Quantum
186:ARQQW,
186:ARTL,Artelo Biosciences
186:ARTW,Art's-Way Manufacturing
186:ASBP,Aspire Biopharma
186:ASBPW,
186:ASLE,AerSale
186:ASNS,Actelis Networks
186:ASPC,A Spac Iii
186:ASPCR,
186:ASPCU,A Spac Iii-U
186:ASPI,ASP Isotopes
186:ASRT,Assertio Holdings
186:ASTC,Astrotech
186:ASTH,Astrana Health
186:ASTI,Ascent Solar Technologies
186:ASUR,Asure Software
186:ATCX,Atlas Critical Minerals
186:ATER,Aterian
186:ATEX,Anterix
186:ATGL,Alpha Technology
186:ATHE,Alterity
186:ATHR,Aether Holdings
186:ATLO,Ames National
186:ATLX,Atlas Lithium
186:ATOM,Atomera
186:ATON,AlphaTON
186:ATOS,Atossa Therapeutics
186:ATPC,Agape ATP
186:ATXG,Addentax Group
186:ATYR,aTyr Pharma
186:AUID,authID
186:AURE,Aurelion
186:AUUD,Auddia
186:AVTX,Avalo Therapeutics
186:AVX,AVAX One
186:AXG,Solowin
186:AXGN,Axogen
186:AYTU,Aytu BioPharma
186:AZ,A2Z Cust2Mate
186:BAFN,BayFirst Financial
186:BANL,CBL International
186:BAOS,Baosheng Media
186:BBCP,Concrete Pumping
186:BBGI,Beasley Broadcast
186:BBLG,Bone Biologics
186:BBLGW,
186:BCAB,Bioatla
186:BCAL,California BanCorp
186:BCDA,Biocardia
186:BCGWW,
186:BCTX,BriaCell
186:BCTXL,
186:BCTXZ,
186:BDMD,Baird Medical
186:BDMDW,
186:BDRX,Biodexa
186:BEAT,HeartBeam
186:BEATW,
186:BEEM,Beam
186:BENF,Beneficient
186:BENFW,
186:BFC,Bank First
186:BFRG,Bullfrog AI Holdings
186:BFRGW,
186:BFRI,Biofrontera
186:BFRIW,
186:BGLC,BioNexus Gene Lab
186:BGLWW,
186:BGM,BGM Group
186:BGMS,Bio Green Med
186:BGMSP,Bio Green Med Pref
186:BHRB,Burke & Herbert
186:BIAF,bioAffinity
186:BIAFW,
186:BIVI,BioVie
186:BIVIW,
186:BIYA,Baiya International
186:BJDX,Bluejay Diagnostics
186:BKYI,Bio-key International
186:BLFS,BioLife Solutions
186:BLIN,Bridgeline Digital
186:BLIV,BeLive Holdings
186:BLNE,Beeline Holdings
186:BLNK,Blink Charging
186:BLRX,BioLineRx
186:BLTE,Belite Bio
186:BMGL,Basel Medical
186:BMHL,Bluemount
186:BMM,Blue Moon Metals
186:BMR,Beamr Imaging
186:BMRA,Biomerica
186:BNAI,Brand Engagement
186:BNAIW,
186:BNBX,BNB Plus
186:BNC,CEA Industries
186:BNCWW,
186:BNGO,Bionano Genomics
186:BNKK,Bonk
186:BNRG,Brenmiller Energy
186:BNTC,Benitec Biopharma
186:BNZI,Banzai
186:BNZIW,
186:BODI,The Beachbody
186:BOF,BranchOut Food
186:BOLT,Bolt Biotherapeutics
186:BON,Bon Natural Life
186:BOSC,B.O.S. Better Online Solutions
186:BOTJ,Bank Of The James Financial
186:BOXL,Boxlight
186:BPAC,Blueport
186:BPACR,
186:BPACU,Bullpen Parlay-U
186:BRBI,BRBI BR
186:BRFH,Barfresh Food
186:BRLS,Borealis Foods
186:BRLSW,
186:BRRWW,
186:BRTX,Biorestorative
186:BSAA,BEST SPAC
186:BSAAR,
186:BSAAU,BEST SPAC-U
186:BSBK,Bogota Financial
186:BTAI,Bioxcel Therapeutics
186:BTBD,BT Brands
186:BTBDW,
186:BTBT,Bit Digital
186:BTCS,BTCS
186:BTCT,BTC Digital
186:BTDR,Bitdeer
186:BTM,Bitcoin Depot
186:BTMWW,
186:BTOG,Bit Origin
186:BTTC,Black Titan
186:BULL,Webull
186:BULLW,
186:BUUU,BUUU
186:BVC,BitVentures
186:BVFL,BV Financial
186:BWB,Bridgewater
186:BWBBP,Bridgewater Pref A ADR
186:BWEN,Broadwind
186:BYAH,Park Ha Biological
186:BYFC,Broadway Financial
186:BYRN,Byrna Technologies
186:BYSI,Beyondspring
186:BZAIW,
186:BZFD,BuzzFeed
186:BZFDW,
186:CAAS,China Automotive Systems
186:CABR,Caring Brands
186:CALC,CalciMedica
186:CAPS,Capstone Holding
186:CAPTW,
186:CBAT,CBAK Energy Technology
186:CBIO,Crescent
186:CBK,Commercial Bancgroup
186:CBUS,Cibus
186:CCG,Cheche Group
186:CCGWW,
186:CCHH,CCH Holdings
186:CCTG,CCSC Technology
186:CDIO,Cardio Diagnostics
186:CDIOW,
186:CDRO,Codere Online
186:CDROW,
186:CDT,CDT
186:CDTG,CDT Environmental
186:CDTTW,
186:CELC,Celcuity
186:CELH,Celsius Holdings
186:CELU,Celularity
186:CELUW,
186:CELZ,Creative Medical
186:CENN,Cenntro
186:CETX,Cemtrex
186:CETY,Clean Energy
186:CFBK,CF Bankshares
186:CGEN,Compugen
186:CGTL,Creative Global
186:CGTX,Cognition
186:CHAI,Core AI
186:CHCI,Comstock Holding
186:CHNR,China Natural Resources
186:CHR,Cheer Holding
186:CHSN,Chanson
186:CIGL,Concorde
186:CIIT,Tianci
186:CING,Cingulate
186:CINGW,
186:CISO,CISO Global
186:CISS,C3is
186:CIVB,Civista Bancshares
186:CJMB,Callan Jmb
186:CLDX,Celldex Therapeutics
186:CLGN,CollPlant
186:CLIK,Click Holdings
186:CLIR,ClearSign
186:CLNN,Clene
186:CLPT,ClearPoint Neuro
186:CLRB,Cellectar
186:CLRO,ClearOne
186:CLSK,CleanSpark
186:CLSKW,
186:CLST,Catalyst Bancorp
186:CLWT,Euro Tech Holdings
186:CMCT,Creative Media
186:CMMB,Chemomab
186:CMND,Clearmind Medicine
186:CMPX,Compass Therapeutics
186:CMTV,Community Bancorp
186:CNCKW,
186:CNET,ZW Data
186:CNEY,Cn Energy
186:CNSP,CNS Pharmaceuticals
186:CNTN,Canton Strategic
186:CNTX,Context Therapeutics
186:CNTY,Century Casinos
186:CNVS,Cineverse
186:COCH,Envoy Medical
186:COCHW,
186:COCP,Cocrystal Pharma
186:CODA,Coda Octopus Group
186:CODX,Co-diagnostics
186:COEP,Coeptis Therapeutics
186:COEPW,
186:COFS,ChoiceOne Financial
186:COOT,Australian Oilseeds
186:COOTW,
186:CORT,Corcept Therapeutics
186:COSM,Cosmos Health
186:COYA,Coya Therapeutics
186:CPBI,Central Plains
186:CPOP,Pop Culture
186:CPRX,Catalyst
186:CPSH,Cps Technologies
186:CRBP,Corbus
186:CRDF,Cardiff Oncology
186:CRDL,Cardiol Therapeutics
186:CRE,Cre8 Enterprise
186:CREG,Smart Powerr
186:CREX,Creative Realities
186:CRGO,Freightos
186:CRGOW,
186:CRIS,Curis
186:CRMLW,
186:CRVO,CervoMed
186:CRWS,Crown Crafts
186:CSAI,Cloudastructure
186:CSBR,Champions Oncology
186:CTNT,Cheetah Net
186:CTOR,Citius Oncology
186:CTRM,Castor Maritime
186:CTSO,Cytosorbents
186:CTW,CTW Cayman
186:CTXR,Citius
186:CUE,Cue Biopharma
186:CULP,Culp
186:CUPR,Cuprina Holdings
186:CURI,CuriosityStream
186:CURX,Curanex
186:CV,CapsoVision
186:CVKD,Cadrenal
186:CVV,CVD Equipment
186:CWBC,Community West
186:CWD,CaliberCos
186:CXAI,CXApp
186:CXAIW,
186:CXDO,Crexendo
186:CYCN,Cyclerion
186:CYCUW,
186:CYN,Cyngn
186:CYPH,Cypherpunk Technologies
186:CYRX,Cryoport
186:CZFS,Citizens Financial Services
186:CZNC,Citizens & Northern
186:DAIO,Data I/O
186:DARE,Dare Bioscience
186:DBGI,Digital Brands Group
186:DBVT,DBV Technologies
186:DCGO,DocGo
186:DCOY,Decoy
186:DCTH,Delcath Systems
186:DCX,Digital Currency X
186:DEFT,Defi Technologies
186:DERM,Journey Medical
186:DEVS,DevvStream
186:DFDV,Defi Development
186:DFDVW,
186:DFLI,Dragonfly Energy
186:DFLIW,
186:DFNSW,
186:DFSC,DEFSEC Technologies
186:DFSCW,
186:DGNX,Diginex
186:DGXX,Digi Power
186:DJCO,Daily Journal
186:DKI,DarkIris
186:DLHC,DLH Holdings
186:DLPN,Dolphin
186:DLXY,Delixy Holdings
186:DMAC,Diamedica
186:DMRA,Damora Therapeutics
186:DNTH,Dianthus
186:DOGZ,Dogness
186:DOMH,Dominari Holdings
186:DPRO,Draganfly
186:DRCT,Direct Digital
186:DRIO,DarioHealth
186:DRMA,Dermata Therapeutics
186:DRMAW,
186:DRTS,Alpha Tau Medical
186:DRTSW,
186:DRUG,Bright Minds
186:DSYWW,
186:DTCK,Davis Commodities
186:DTCX,Datacentrex
186:DTI,Drilling Tools
186:DTIL,Precision
186:DTSS,Datasea
186:DTST,Data Storage
186:DTSTW,
186:DUO,Fangdd
186:DUOT,Duos Technologies
186:DVLT,Datavault AI
186:DWTX,Dogwood
186:DXR,Daxor
186:DXST,Decent Holding
186:DYAI,Dyadic International
186:ECBK,ECB Bancorp
186:ECOR,electroCore
186:ECXWW,
186:EDBL,Edible Garden AG
186:EDBLW,
186:EDHL,Everbright Digital
186:EDRY,EuroDry
186:EDSA,Edesa Biotech
186:EDTK,Skillful Craftsman Education Technology
186:EEIQ,EpicQuest Education
186:EFOI,Energy Focus
186:EFSI,Eagle Financial
186:EFTY,Thrive Capital
186:EGAN,eGain
186:EGBN,Eagle Bancorp
186:EHGO,Eshallgo
186:EHLD,Euroholdings
186:EJH,E-Home Household Service
186:EKSO,Ekso Bionics
186:ELAB,PMGC Holdings
186:ELBM,Electra Battery
186:ELDN,Eledon
186:ELE,Elemental Royalty
186:ELOG,Eastern
186:ELSE,Electro-Sensors
186:ELTK,Eltek
186:ELTX,Elicio Therapeutics
186:ELUT,Elutia
186:ELVA,Electrovaya
186:ELVR,Elevra Lithium
186:ELWT,Elauwit Connection
186:EM,Smart Share Global
186:EMPG,Empro Group
186:ENGN,enGene Holdings
186:ENGNW,
186:ENGS,Energys Group
186:ENLV,Enlivex
186:ENSC,Ensysce Biosciences
186:ENTX,Entera Bio
186:ENVB,Enveric Biosciences
186:EOSE,Eos Energy
186:EPOW,E-Power
186:EPRX,Eupraxia
186:EPSM,Epsium
186:EQ,Equillium
186:ERNA,Ernexa
186:ERNAW,
186:ESEA,Euroseas
186:ESHA,ESH Acquisition
186:ESHAR,
186:ESLA,Estrella
186:ESLAW,
186:ESOA,Energy Services
186:ESQ,Esquire Financial
186:ESTA,Establishment Labs
186:ETS,Elite Express
186:EU,enCore Energy
186:EUDA,EUDA Health
186:EUDAW,
186:EURK,Eureka Acquisition
186:EURKR,
186:EURKU,Eureka Acquisition-U
186:EVAX,Evaxion
186:EVGN,Evogene
186:EVLV,Evolv Technologies
186:EVLVW,
186:EVTV,Envirotech Vehicles
186:EXAS,Exact Sciences
186:EXOZ,eXoZymes
186:EZGO,Ezgo Technologies
186:EZRA,Reliance Global
186:FAMI,Farmmi
186:FATN,FatPipe
186:FBGL,FBS Global
186:FBIO,Fortress Biotech
186:FBIOP,Fortress Biotech Pref A
186:FBLA,FB Bancorp
186:FBLG,FibroBiologics
186:FBRX,Forte Biosciences
186:FBYDW,
186:FCAP,First Capital
186:FCCO,First Community
186:FCHL,Fitness Champs
186:FCUV,Focus Universal
186:FDSB,Fifth District
186:FEBO,Fenbo
186:FEED,ENvue Medical
186:FEMY,Femasys
186:FENC,Fennec Pharmaceuticals
186:FFAI,Faraday Future
186:FFAIW,
186:FGI,FGI Industries
186:FGIWW,
186:FGL,Founder Group
186:FIEE,Fiee
186:FKWL,Franklin Wireless
186:FLD,Fold Holdings
186:FLDDW,
186:FLL,Full House Resorts
186:FLNA,Filana Therapeutics
186:FLNT,Fluent
186:FLUX,Flux Power Holdings
186:FLYE,Fly-E
186:FMAO,Farmers & Merchants
186:FMFC,Kandal M Venture
186:FMNB,Farmers National
186:FMST,Foremost Clean
186:FMSTW,
186:FNGR,FingerMotion
186:FNUC,Frontier
186:FNWD,Finward
186:FOFO,Hang Feng Technology
186:FONR,Fonar
186:FORA,Forian
186:FOXX,Foxx Development
186:FOXXW,
186:FRAF,Franklin Financial Services
186:FRGT,Freight Technologies
186:FRHC,Freedom Holding
186:FRMM,Forum Markets
186:FRSX,Foresight Autonomous
186:FSBW,Fs Bancorp
186:FSEA,First Seacoast
186:FTCI,FTC Solar
186:FTEK,Fuel Tech
186:FTFT,Future FinTech Group
186:FTHM,Fathom Holdings
186:FTLF,FitLife Brands
186:FTRK,FAST TRACK
186:FUFU,BitFuFu
186:FUFUW,
186:FUSB,First US Bancshares
186:FUSEW,
186:FVCB,FVCBankcorp
186:FVN,Future Vision
186:FVNNR,
186:FVNNU,Future Vision-U
186:FWDI,Forward Industries
186:FXNC,First National
186:GALT,Galectin
186:GAME,GameSquare
186:GBFH,GBank Financial
186:GCBC,Greene County Bancorp
186:GCTK,GlucoTrack
186:GDC,GD Culture Group
186:GDHG,Golden Heaven Group
186:GDTC,CytoMed Therapeutics
186:GDYN,Grid Dynamics
186:GELS,Gelteq
186:GEVO,Gevo
186:GFAI,Guardforce AI
186:GFAIW,
186:GGAL,GALICIA FINANCIAL GROUP
186:GGR,Gogoro
186:GGROW,
186:GGRP,The Glimpse Group
186:GIBO,GIBO Holdings
186:GIBOW,
186:GIFT,Giftify
186:GIGM,Gigamedia
186:GIPR,Generation Income
186:GIPRW,
186:GITS,Global Interactive
186:GLBS,Globus Maritime
186:GLE,Global Engine Group
186:GLMD,Galmed
186:GLSI,Greenwich
186:GLXG,Galaxy Payroll
186:GMEX,GMEX Robotics
186:GMHS,Gamehaus Holdings
186:GMM,Global Mofy
186:GNLN,Greenlane Holdings
186:GNLX,Genelux
186:GNPX,Genprex
186:GNSS,Genasys
186:GNTA,Genenta Science
186:GOAI,Eva Live
186:GOCO,GoHealth
186:GOVX,GeoVax Labs
186:GP,Greenpower Motor
186:GRAN,Grande Group
186:GRCE,Grace Therapeutics
186:GRDX,GridAI Technologies
186:GRI,GRI Bio
186:GRML,Greenland Mines
186:GRMLW,
186:GRNQ,Greenpro Capital
186:GROW,U.S. Global Investors
186:GRRR,Gorilla Technology
186:GRRRW,
186:GRWG,GrowGeneration
186:GSIW,Garden Stage
186:GSM,Ferroglobe
186:GSUN,Golden Sun
186:GTBP,GT Biopharma
186:GTEC,Greenland Technologies Holding
186:GTIM,Good Times Restaurants
186:GURE,Gulf Resources
186:GV,Visionary Holdings
186:GVH,Globavend Holdings
186:GWAV,Greenwave
186:GXAI,Gaxos
186:GYRE,Gyre Therapeutics
186:GYRO,Gyrodyne
186:HAO,Haoxi Health
186:HBIO,Harvard Bioscience
186:HBNB,Hotel101 Global
186:HCAI,Huachen AI Parking
186:HCHL,Happy City
186:HCTI,Healthcare Triangle
186:HCWB,HCW Biologics
186:HDSN,Hudson Technologies
186:HERZ,Herzfeld Credit
186:HFBL,Home Federal Bancorp
186:HFFG,HF Foods
186:HGBL,Heritage Global
186:HIHO,Highway Holdings
186:HIND,Vyome
186:HIT,Health In Tech
186:HITI,High Tide
186:HIVE,HIVE Digital
186:HKIT,Hitek Global
186:HKPD,Cellyan Biotechnology
186:HLP,Hongli
186:HMR,Heidmar Maritime
186:HNRG,Hallador Energy
186:HOLO,MicroCloud Hologram
186:HOLOW,
186:HOTH,Hoth Therapeutics
186:HOUR,Hour Loop
186:HOVR,New Horizon Aircraft
186:HOVRW,
186:HPAI,Helport AI
186:HPAIW,
186:HQI,HireQuest
186:HRTX,Heron Therapeutics
186:HSCS,HeartSciences
186:HSCSW,
186:HSDT,Solana
186:HTCO,High-Trend
186:HTCR,HeartCore
186:HTLM,HomesToLife
186:HTOO,Fusion Fuel Green
186:HUBC,Hub Cyber Security
186:HUBCW,
186:HUBCZ,
186:HUDI,Huadi International
186:HUHU,HUHUTECH
186:HURA,TuHURA Biosciences
186:HWH,HWH International
186:HXHX,Haoxin Holdings
186:HYFM,Hydrofarm
186:HYFT,MindWalk
186:HYMC,Hycroft Mining
186:HYNE,Hoyne Bancorp
186:HYPD,Hyperion DeFi
186:IBAC,Ib Acquisition
186:IBACR,
186:IBG,Innovation Beverage
186:IBIO,iBio
186:ICCC,Immucell
186:ICCM,IceCure Medical
186:ICG,Intchains Group
186:ICON,Icon Energy
186:ICU,SeaStar Medical
186:ICUCW,
186:IDAI,T Stamp
186:IFBD,Infobird
186:IGIC,International
186:IINN,Inspira Technologies
186:IINNW,
186:IKT,Inhibikase
186:ILAG,Intelligent Living
186:IMA,ImageneBio
186:IMCC,IM Cannabis
186:IMDX,Insight Molecular
186:IMMX,Immix Biopharma
186:IMNM,Immunome
186:IMNN,Imunon
186:IMPP,Imperial
186:IMPPP,Imperial Pref A
186:IMRN,Immuron
186:IMTE,Integrated Media Technology
186:IMTX,Immatics
186:IMUX,Immunic
186:IMXI,International Money Express
186:INAB,In8bio
186:INBS,Intelligent Bio
186:INDI,indie Semiconductor
186:INDP,Indaptus
186:INEO,INNEOVA Holdings
186:INHD,INNO HOLDINGS
186:INKT,MiNK Therapeutics
186:INLF,Inlif
186:INM,InMed
186:INMB,INmune Bio
186:INO,Inovio Pharmaceuticals
186:INSE,Inspired
186:INTG,The Intergroup
186:INTJ,Intelligent Group
186:INTS,Intensity
186:INTZ,Intrusion
186:INVE,Identiv
186:INVZ,Innoviz Technologies
186:INVZW,
186:IONR,ioneer
186:IOTR,iOThree
186:IPDN,Professional
186:IPM,Intelligent
186:IPSC,Century Therapeutics
186:IPST,IP Strategy
186:IPW,iPower
186:IPWR,Ideal Power
186:IPX,IperionX
186:IQST,iQSTEL
186:IRD,Opus Genetics
186:IRIX,Iridex
186:ISBA,Isabella Bank
186:ISPC,iSpecimen
186:ISPR,Ispire Technology
186:ITOC,iTonic Holdings
186:ITRM,Iterum Therapeutics
186:IVDA,Iveda Solutions
186:IVDAW,
186:IVF,INVO Fertility
186:IXHL,Incannex Healthcare
186:IZEA,IZEA Worldwide
186:IZM,ICZOOM Group
186:JAGX,Jaguar Health
186:JBDI,JBDI Holdings
186:JBIO,Jade Biosciences
186:JCSE,Je Cleantech Holdings
186:JCTC,Jewett-Cameron Trading
186:JDZG,Jiade
186:JEM,707 Cayman Holdings
186:JFB,JFB Construction
186:JFBR,Jeffs' Brands
186:JFBRW,
186:JG,Aurora Mobile
186:JL,J-Long Group
186:JLHL,Julong
186:JMSB,John Marshall
186:JRSH,Jerash Holdings
186:JSPR,Jasper Therapeutics
186:JSPRW,
186:JTAI,Jet.AI
186:JUNS,Jupiter
186:JVA,Coffee Holding
186:JWEL,Jowell Global
186:JXG,JX Luxventure
186:JYD,Jayud Global
186:JYNT,The Joint
186:JZ,Jianzhi Education
186:JZXN,Jiuzi Holdings
186:KALA,KALA BIO
186:KARO,Karooooo
186:KDKRW,
186:KG,Kestrel Group
186:KGEI,Kolibri Global
186:KIDZ,Classover
186:KIDZW,
186:KINS,Kingstone Companies
186:KITT,Nauticus Robotics
186:KITTW,
186:KMRK,K-Tech Solutions
186:KOPN,Kopin
186:KOSS,Koss
186:KPRX,Kiora Pharmaceuticals
186:KRKR,36Kr
186:KRMD,KORU Medical
186:KRRO,Korro Bio
186:KSCP,Knightscope
186:KTTA,Pasithea
186:KTTAW,
186:KUST,Kustom Entertainment
186:KWMWW,
186:KXIN,Kaixin
186:KYIVW,
186:KZIA,Kazia Therapeutics
186:KZR,Kezar Life Sciences
186:LASE,Laser Photonics
186:LAWR,Robot
186:LBGJ,Li Bang
186:LCFY,Locafy
186:LCFYW,
186:LCNB,LCNB
186:LE,Lands'End
186:LEDS,Semileds
186:LEXX,Lexaria Bioscience
186:LFS,LEIFRAS
186:LFVN,Lifevantage
186:LFWD,Lifeward
186:LGCB,Linkage Global
186:LGCL,Lucas GC
186:LGHL,Lion Group Holding
186:LGVN,Longeveron
186:LHAI,Linkhome
186:LHSW,Sowell
186:LICN,Lichen International
186:LIDR,AEye
186:LIDRW,
186:LIMNW,
186:LIND,Lindblad
186:LINK,Interlink
186:LIQT,Liqtech
186:LITS,Lite
186:LIVE,Live Ventures
186:LIXT,Lixte Biotechnology
186:LMB,Limbach Holdings
186:LMFA,Lm Funding America
186:LNAI,Lunai
186:LNKB,LINKBANCORP
186:LNKS,Linkers Industries
186:LNSR,Lensar
186:LNZA,LanzaTech Global
186:LNZAW,
186:LOAN,Manhattan Bridge Capital
186:LOBO,Lobo
186:LONA,LeonaBio
186:LOTWW,
186:LPCN,Lipocine
186:LPTH,LightPath
186:LQDA,Liquidia
186:LRE,Lead Real Estate
186:LRHC,La Rosa Holdings
186:LSE,Leishen Energy
186:LSH,Lakeside
186:LSTA,Lisata Therapeutics
186:LTBR,Lightbridge
186:LTRN,Lantern Pharma
186:LTRX,Lantronix
186:LUCD,Lucid Diagnostics
186:LUCY,Innovative Eyewear
186:LUCYW,
186:LVLU,Lulu's Fashion
186:LVO,LiveOne
186:LWLG,Lightwave Logic
186:LXRX,Lexicon Pharmaceuticals
186:LZMH,LZ
186:MAGH,Magnitude
186:MAMA,Mama's Creations
186:MAMK,Maxsmaking
186:MAMO,Massimo
186:MARA,MARA Holdings
186:MARPS,Marine Petroleum Trust
186:MASK,3 E Network
186:MATH,Metalpha Technology
186:MAYS,J.W. Mays
186:MB,MasterBeef
186:MBAI,Check-cap
186:MBBC,Marathon Bancorp
186:MBIN,Merchants
186:MBINL,Merchants Pref E ADR
186:MBINM,Merchants Pref D ADR
186:MBINN,Merchants Pref C ADR
186:MBIO,Mustang Bio
186:MBNKO,Medallion Bank Pref G
186:MBOT,Microbot Medical
186:MBRX,Moleculin Biotech
186:MCTA,Charming Medical
186:MDAI,Spectral AI
186:MDAIW,
186:MDBH,MDB Capital Holdings
186:MDCX,Medicus Pharma
186:MDCXW,
186:MDIA,MediaCo Holding
186:MDRR,Medalist Diversified
186:MDXG,MiMedx Group
186:MDXH,MDxHealth
186:MEGL,Magic Empire Global
186:MEHA,Functional Brands
186:MFI,mF International
186:MGIH,Millennium Group
186:MGN,Megan Holdings
186:MGRT,Mega Fortune
186:MGRX,Mangoceuticals
186:MIGI,Mawson
186:MIMI,Mint
186:MIND,MIND Technology
186:MIRA,MIRA
186:MITK,Mitek Systems
186:MKDW,MKDWELL Tech
186:MKDWW,
186:MKZR,MacKenzie Realty
186:MLEC,Moolec Science SA
186:MLECW,
186:MLGO,MicroAlgo
186:MLTX,MoonLake
186:MNDR,Mobile-health
186:MNPR,Monopar Therapeutics
186:MNSB,MainStreet Bank
186:MNSBP,MainStreet Bank Pref A ADR
186:MNTK,Montauk Renewables
186:MNTS,Momentus
186:MNTSW,
186:MOB,Mobilicom
186:MOBBW,
186:MOBX,Mobix Labs
186:MOBXW,
186:MODD,Modular Medical
186:MOVE,Movano
186:MRDN,Meridian Holdings
186:MREO,Mereo Biopharma
186:MRKR,Marker Therapeutics
186:MRM,MEDIROM Healthcare
186:MRNO,Murano Global
186:MRNOW,
186:MSAI,MultiSensor AI
186:MSAIW,
186:MSGM,Motorsport Games
186:MSGY,Masonglory
186:MSS,Maison Solutions
186:MSW,Ming Shing Group
186:MTC,Mmtec
186:MTEK,Maris-Tech
186:MTEKW,
186:MTEN,Mingteng
186:MTEX,Mannatech
186:MTVA,MetaVia
186:MVBF,MVB Financial
186:MVST,Microvast Holdings
186:MVSTW,
186:MWYN,Marwynn Holdings
186:MYSE,Myseum
186:MYSEW,
186:MYSZ,My Size
186:NAAS,NaaS Technology
186:NAGE,Niagen
186:NAMI,Jinxin Technology
186:NAMMW,
186:NATR,Nature's Sunshine
186:NAUT,Nautilus
186:NBBK,NB Bancorp
186:NBRGU,Newbridge Acquisition-U
186:NCEL,NewcelX
186:NCEW,New Century
186:NCI,Neo-Concept International
186:NCNA,Nucana
186:NCPL,Netcapital
186:NCPLW,
186:NCRA,Nocera
186:NCSM,NCS Multistage
186:NCT,Intercont
186:NCTY,The9
186:NDRA,Endra Life Sciences
186:NECB,NorthEast Community
186:NEGG,Newegg Commerce
186:NEO,Neogenomics
186:NEON,Neonode
186:NEOV,NeoVolta
186:NEOVW,
186:NEPH,Nephros
186:NERV,Minerva
186:NESR,National Energy Services
186:NEXM,Nexmetals
186:NEXT,NextDecade
186:NGEN,NervGen Pharma
186:NHTC,Natural Health Trends
186:NIOBW,
186:NIVF,NewGenIVF Group
186:NIVFW,
186:NIXX,Nixxy
186:NIXXW,
186:NKSH,National Bankshares
186:NKTR,Nektar Therapeutics
186:NMTC,NeuroOne Medical
186:NN,NextNav
186:NNAVW,
186:NNDM,Nano Dimension
186:NNE,Nano Nuclear
186:NODK,NI Holdings
186:NOMA,Nomadar
186:NOTV,Inotiv
186:NPT,Texxon Holding
186:NRSN,NeuroSense
186:NRSNW,
186:NRXP,NRX Therapeutics
186:NRXPW,
186:NSPR,InspireMD
186:NSTS,NSTS Bancorp
186:NSYS,Nortech Systems
186:NTCL,NetClass Technology
186:NTRB,Nutriband
186:NTRBW,
186:NTRP,NextTrip
186:NTWK,NetSol Technologies
186:NUAIW,
186:NUCL,Eagle Nuclear
186:NUCLW,
186:NUTR,NusaTrip
186:NUTX,Nutex Health
186:NUWE,Nuwellis
186:NVA,Nova Minerals
186:NVAWW,
186:NVCT,Nuvectis Pharma
186:NVEC,NVE
186:NVNI,Nvni Group
186:NVNIW,
186:NVNO,enVVeno Medical
186:NVVE,Nuvve Holding
186:NVVEW,
186:NWGL,CL Workshop
186:NWTG,Newton Golf
186:NXGL,NexGel
186:NXGLW,
186:NXL,Nexalin Technology
186:NXPL,NextPlat
186:NXPLW,
186:NXTS,Nexentis
186:NXTT,Next Technology
186:NXXT,NextNRG
186:OABIW,
186:OAKU,Oak Woods
186:OAKUR,
186:OAKUU,Oak Woods-U
186:OAKUW,
186:OBT,Orange County
186:OCCI,OFS Credit
186:OCCIM,OFS Credit Pref F
186:OCCIN,OFS Credit Pref E
186:OCCIO,OFS Credit Pref C
186:OCG,Oriental Culture
186:OCGN,Ocugen
186:ODVWZ,
186:ODYS,Odysight.ai
186:OESX,Orion Energy Systems
186:OFAL,OFA
186:OIO,OIO Group
186:OIOWW,
186:OKYO,Okyo Pharma
186:OLB,The OLB Group
186:OLOX,Olenox Industries
186:OMEX,Odyssey Marine Exploration
186:OMH,Ohmyhome
186:OMSE,OMS Energy
186:ONCO,Onconetix
186:ONCY,Oncolytics Biotech
186:ONDS,Ondas
186:ONEG,OneConstruction
186:ONFO,Onfolio Holdings
186:ONFOW,
186:ONMD,OneMedNet
186:ONMDW,
186:OPAL,OPAL Fuels
186:OPRX,Optimizerx
186:OPTX,Syntec Optics
186:OPTXW,
186:OPXS,Optex Systems
186:ORBS,Eightco Holdings
186:ORGN,Origin Materials
186:ORGNW,
186:ORGO,Organogenesis
186:ORIO,Orion Digital
186:ORIS,Oriental Rise
186:ORKT,Orangekloud
186:ORMP,Oramed
186:ORRF,Orrstown Financial
186:OSPN,OneSpan
186:OSRH,OSR Holdings
186:OSRHW,
186:OSS,One Stop Systems
186:OST,Ostin Technology
186:OSW,Onespaworld Holdings
186:OTLK,Outlook Therapeutics
186:OVID,Ovid Therapeutics
186:OVLY,OAK Valley Bancorp
186:OXBR,Oxbridge Re
186:OXBRW,
186:PALI,Palisade Bio
186:PANL,Pangaea Logistics
186:PARK,Park Dental
186:PASG,Passage Bio
186:PASW,Ping An Biomedical
186:PAVM,PAVmed
186:PAVS,Paranovus
186:PAYS,Paysign
186:PBFS,Pioneer Bancorp
186:PBHC,Pathfinder Bancorp
186:PBM,Psyence Biomedical
186:PBMWW,
186:PC,Premium Catering
186:PCLA,Picocela
186:PCSA,Processa
186:PCT,PureCycle
186:PCTTU,PureCycle-U
186:PCTTW,
186:PCYO,Pure Cycle
186:PDC,Perpetuals
186:PDEX,Pro-Dex
186:PDSB,PDS Biotechnology
186:PESI,Perma-Fix Environmental Services
186:PETZ,TDH Holdings
186:PFAI,Pinnacle Food
186:PGY,Pagaya Technologies
186:PGYWW,
186:PHIO,Phio Pharmaceuticals
186:PHOE,Phoenix Asia
186:PHUN,Phunware
186:PIII,P3 Health Partners
186:PIIIW,
186:PKBK,Parke Bancorp
186:PLBC,Plumas Bancorp
186:PLRZ,Polyrizon
186:PLSE,Pulse Biosciences
186:PLSM,Pulsenmore
186:PLTS,Platinum Analytics
186:PLUG,Plug Power
186:PLUR,Pluri
186:PLUT,Plutus Financial
186:PLYX,Polaryx Therapeutics
186:PMAX,Powell Max
186:PMCB,PharmaCyte Biotech
186:PMEC,Primech Holdings
186:PMN,ProMIS Neurosciences
186:PN,Skycorp Solar
186:PNRG,PrimeEnergy
186:POCI,Precision Optics
186:PODC,PodcastOne
186:POET,Poet Technologies
186:POLA,Polar Power
186:POWW,Outdoor Holding
186:POWWP,Outdoor Holding Pref A
186:PPBT,Purple Biotech
186:PPCB,Propanc Biopharma
186:PPSI,Pioneer Power Solutions
186:PPTA,Perpetua Resources
186:PRCH,Porch Group
186:PRENW,
186:PRFX,PRF Technologies
186:PRHI,Presurance
186:PROF,Profound Medical
186:PROK,ProKidney
186:PROP,Prairie Operating
186:PRPO,Precipio
186:PRQR,ProQR Therapeutics
186:PRSO,Peraso
186:PRTH,Priority Technology
186:PRTS,CarParts.com
186:PRZO,ParaZero
186:PSHG,Performance Shipping
186:PSIG,PS International
186:PSIX,Power Solutions International
186:PSTV,Plus Therapeutics
186:PTLE,PTL
186:PTNM,Pitanium
186:PULM,Pulmatrix
186:PURR,Hyperliquid Strategies
186:PVLA,Palvella
186:PXLW,Pixelworks
186:PXS,Pyxis Tankers
186:PYPD,PolyPid
186:QCLS,Q/C Technologies
186:QMMM,QMMM Holdings
186:QNRX,Quoin
186:QNTM,Quantum BioPharma
186:QRHC,Quest Resource
186:QTI,QT Imaging
186:QTTB,Q32 Bio
186:QUBT,Quantum Computing
186:QUCY,Mainz Biomed
186:QUIK,Quicklogic
186:QVCGA,QVC Group A
186:QVCGP,QVC Group Pref A
186:RADX,Radiopharm
186:RAIN,Rain Enhancement
186:RAINW,
186:RAND,Rand Capital
186:RAVE,Rave Restaurant
186:RAY,Raytech Holding
186:RAYA,Erayak Power
186:RBKB,Rhinebeck Bancorp
186:RBNE,Robin
186:RCAT,Red Cat Holdings
186:RCEL,AVITA Medical
186:RCKTW,
186:RCON,Recon Technology
186:RCT,RedCloud Holdings
186:RDAC,Rising Dragon
186:RDACR,
186:RDACU,Rising Dragon-U
186:RDCM,RADCOM
186:RDGT,Ridgetech
186:RDHL,Redhill Biopharma
186:RDI,Reading A
186:RDIB,Reading B
186:RDNW,RideNow
186:RDVT,Red Violet
186:RDZNW,
186:REAX,The Real Brokerage
186:REBN,Reborn Coffee
186:RECT,Rectitude
186:REE,REE Automotive
186:REFR,Research Frontiers
186:REKR,Rekor Systems
186:RENX,RenX Enterprises
186:RETO,Reto Eco-solutions
186:REVB,Revelation
186:REVBW,
186:RGC,Regencell Bioscience
186:RGTI,Rigetti Computing
186:RGTIW,
186:RIBB,Ribbon Acquisition
186:RIBBR,
186:RIBBU,Ribbon Acquisition-U
186:RIME,Algorhythm Holdings
186:RIOT,Riot Platforms
186:RITR,Reitar Logtech
186:RKDA,Arcadia Biosciences
186:RKLB,Rocket Lab
186:RLMD,Relmada Therapeutics
186:RLYB,Rallybio
186:RMBI,Richmond Mutual
186:RMCF,Rocky Mountain Chocolate Factory
186:RMCO,Royalty Management
186:RMCOW,
186:RMR,The RMR Group
186:RMSG,Real Messenger
186:RMSGW,
186:RMTI,Rockwell Medical
186:RNAZ,TransCode
186:RNTX,Rein Therapeutics
186:RNXT,RenovoRx
186:ROC,ROC Energy
186:ROMA,Roma Green
186:RPAY,Repay Holdings
186:RPGL,Republic Power Group
186:RPID,Rapid Micro
186:RR,Richtech Robotics
186:RSSS,Research Solutions
186:RUBI,Rubico
186:RVPH,Reviva
186:RVSN,Rail Vision
186:RVSNW,
186:RVYL,Ryvyl
186:RYET,Ruanyun Edai
186:RYM,RYTHM
186:RYOJ,rYojbaba
186:RZLT,Rezolute
186:RZLVW,
186:SABS,SAB Biotherapeutics
186:SABSW,
186:SAFX,XCF Global
186:SAGT,Sagtec Global
186:SAIH,SAIHEAT
186:SAIHW,
186:SATL,Satellogic
186:SATLW,
186:SBCWW,
186:SBET,Sharplink
186:SBFG,SB Financial Group
186:SBFM,Sunshine Biopharma
186:SBFMW,
186:SBLX,StableX
186:SCAGW,
186:SCKT,Socket Mobile
186:SCLX,Scilex Holding
186:SCLXW,
186:SCNI,Scinai
186:SCNX,Scienture Holdings
186:SCWO,374Water
186:SCYX,Scynexis
186:SCZM,Santacruz Silver Mining
186:SDA,SunCar Technology
186:SDAWW,
186:SDM,Smart Digital
186:SDOT,Sadot Group
186:SDST,Stardust Power
186:SDSTW,
186:SEED,Origin Agritech
186:SELF,Global Self Storage
186:SELX,Semilux
186:SERV,Serve Robotics
186:SEV,Aptera Motors
186:SEVN,Seven Hills Realty
186:SEZL,Sezzle
186:SFBC,Sound Financial
186:SFHG,Samfine Creation
186:SFWL,Shengfeng
186:SGLY,Singularity Future
186:SGML,Sigma Lithium
186:SGMO,Sangamo Therapeutics
186:SGRP,Spar Group
186:SHAZ,SharonAI Holdings
186:SHFS,SHF Holdings
186:SHFSW,
186:SHIM,Shimmick
186:SHIP,Seanergy Maritime
186:SHMDW,
186:SHPH,Shuttle
186:SIDU,Sidus Space
186:SIEB,Siebert Financial
186:SIFY,Sify Technologies
186:SILO,Silo Pharma
186:SINT,SINTX Technologies
186:SJ,Scienjoy
186:SKBL,Skyline Builders
186:SKIN,The Beauty Health
186:SKK,SKK
186:SKYQ,Sky Quarry
186:SKYT,SkyWater Technology
186:SKYX,SKYX Platforms
186:SLE,Super League
186:SLGB,Smart Logistics
186:SLGL,Sol-gel
186:SLMT,Brera Holdings
186:SLNG,Stabilis Solutions
186:SLNH,Soluna Holdings
186:SLNHP,Soluna Holdings Pref A
186:SLNO,Soleno Therapeutics
186:SLS,SELLAS Life Sciences
186:SLSN,Solesence
186:SLXN,Silexion
186:SLXNW,
186:SMID,Smith-Midland
186:SMPL,Simply Good Foods
186:SMSI,Smith Micro Software
186:SMTI,Sanara
186:SMTK,SmartKem
186:SMX,SMX
186:SMXT,Solarmax Technology
186:SMXWW,
186:SNAL,Snail
186:SNDL,SNDL
186:SNES,SenesTech
186:SNGX,Soligenix
186:SNOA,Sonoma Pharmaceuticals
186:SNSE,Sensei
186:SNTG,Sentage Holdings
186:SNTI,Senti Biosciences
186:SNYR,Synergy CHC
186:SOBR,SOBR
186:SOGP,Sound Group
186:SONM,DNA X
186:SOPA,Society Pass
186:SORA,AsiaStrategy
186:SOTK,Sono-Tek
186:SOWG,Sow Good
186:SPAI,Safe Pro Group
186:SPCB,Supercom
186:SPHL,Springview
186:SPPL,Simpple
186:SPRB,Spruce
186:SPRC,SciSparc
186:SPT,Sprout Social
186:SPWRW,
186:SQFT,Presidio Property
186:SQFTP,Presidio Property Pref D
186:SQFTW,
186:SRBK,SR Bancorp
186:SRTA,Strata
186:SRTAW,
186:SRTS,Sensus Healthcare
186:SRZN,Surrozen
186:SRZNW,
186:SSEA,Starry Sea
186:SSEAR,
186:SSEAU,Starry Sea-U
186:SSII,SS Innovations
186:SSM,Sono Group
186:SSTI,SoundThinking
186:STAK,Stak
186:STEX,Streamex
186:STFS,Star Fashion
186:STI,Solidion Technology
186:STKH,Steakholder Foods
186:STKS,The One
186:STSS,Sharps Technology
186:STSSW,
186:SUGP,SU Group
186:SUIG,SUI Group
186:SUNE,SUNation Energy
186:SUNS,Sunrise Realty
186:SUPX,SuperX Ai
186:SURG,SurgePays
186:SVRE,Saver O
186:SVREW,
186:SVRN,OceanPal
186:SWAG,Stran
186:SWAGW,
186:SWMR,Swarmer
186:SWVL,Swvl Holdings
186:SWVLW,
186:SXTC,China SXT Pharmaceuticals
186:SXTP,60 Degrees
186:SXTPW,
186:SY,So-Young International
186:TALK,Talkspace
186:TALKW,
186:TANH,Tantech Holdings
186:TAOP,Taoping
186:TAOX,TAO Synergies
186:TAYD,Taylor Devices
186:TBH,Brag House Holdings
186:TC,Token Cat
186:TCBS,Texas Community
186:TCRT,Alaunos
186:TCX,Tucows
186:TDIC,Dreamland
186:TDTH,Trident Digital
186:TELO,Telomir
186:TENX,Tenax Therapeutics
186:TGHL,The Growhub
186:TGL,Treasure Global
186:TGTX,Tg Therapeutics
186:TH,Target Hospitality
186:THCH,TH International
186:THH,TryHard
186:THRY,Thryv Holdings
186:TIL,Instil Bio
186:TIPT,Tiptree
186:TIVC,Tivic Health
186:TJGC,TJGC Group
186:TKLF,Tokyo Lifestyle
186:TLF,Tandy Leather
186:TLIH,Ten-League
186:TLPH,Talphera
186:TLSA,Tiziana Life
186:TNMG,TNL Mediagene
186:TNON,Tenon Medical
186:TNONW,
186:TOI,The Oncology
186:TOIIW,
186:TOMZ,TOMI Environmental
186:TONX,TON Strategy
186:TOP,TOP Financial Group
186:TORO,Toro
186:TOUR,Tuniu
186:TOYO,TOYO
186:TPCS,TechPrecision
186:TPST,Tempest Therapeutics
186:TRAW,Traws Pharma
186:TRNR,Interactive Strength
186:TRON,Tron
186:TROO,TROOPS
186:TRSG,Tungray Technologies
186:TRUG,TruGolf Holdings
186:TSSI,Tss
186:TULP,Bloomia Holdings
186:TURB,Turbo Energy
186:TVGNW,
186:TVRD,Tvardi Therapeutics
186:TWAV,TaoWeave
186:TWG,Top Wealth
186:TYGO,Tigo Energy
186:UBCP,United Bancorp
186:UBXG,U-BX
186:UCAR,U Power
186:UCFI,CN Healthy Food
186:UCFIW,
186:UFG,Uni-Fuels Holdings
186:UFPT,UFP Technologies
186:UGRO,Urban-gro
186:UHGWW,
186:UK,Ucommune
186:UNCY,Unicycive
186:UOKA,MDJM
186:UONE,Urban One
186:UONEK,Urban One D
186:UPC,Universe
186:UPXI,Upexi
186:UROY,Uranium Royalty
186:USAU,U.S. Gold
186:USEA,United Maritime
186:USEG,U.S. Energy
186:USGO,U.S. GoldMining
186:USGOW,
186:UYSC,UY Scuti
186:UYSCR,
186:UYSCU,UY Scuti-U
186:VABK,Virginia National
186:VALU,Value Line
186:VANI,Vivani Medical
186:VBIX,Viewbix
186:VCIG,VCI Global
186:VEEAW,
186:VEEE,Twin Vee PowerCats
186:VELO,Velo3D
186:VERU,Veru
186:VFF,Village Farms International
186:VFSWW,
186:VGAS,Verde Clean Fuels
186:VGASW,
186:VHC,Virnetx Holding
186:VIVO,Meridian Bioscience
186:VIVS,VivoSim Labs
186:VKTX,Viking Therapeutics
186:VMAR,Vision Marine
186:VMD,Viemed Healthcare
186:VMET,Versamet Royalties
186:VNCE,Vince Holding
186:VOXR,Vox Royalty
186:VRAX,Virax Biolabs Group
186:VRCA,Verrica
186:VRDN,Viridian
186:VRME,Verifyme
186:VRRM,Verra Mobility
186:VS,Versus Systems
186:VSA,VisionSys
186:VSEE,VSee Health
186:VSEEW,
186:VSME,VS MEDIA Holdings
186:VSTD,Vestand
186:VSTM,Verastem
186:VTGN,Vistagen
186:VTSI,VirTra
186:VTVT,vTv Therapeutics
186:VUZI,Vuzix
186:VVOS,Vivos
186:VWAVW,
186:VYNE,VYNE
186:WAFU,Wah Fu
186:WAI,Top KingWin
186:WALD,Waldencast
186:WALDW,
186:WATT,Energous
186:WAVE,Eco Wave Power
186:WBUY,Webuy Global
186:WCT,Wellchange
186:WETH,Wetouch Technology
186:WETO,Wetour
186:WFCF,Where Food Comes
186:WFF,WF Holding
186:WGRX,Wellgistics
186:WHLR,Wheeler Real Estate
186:WHLRD,Wheeler Real Estate Pref D
186:WHLRL,
186:WHLRP,Wheeler Real Estate Pref B
186:WHWK,Whitehawk
186:WILC,G.Willi-Food
186:WKHS,Workhorse Group
186:WKSP,Worksport
186:WLDS,Wearable Devices
186:WLDSW,
186:WNW,Meiwu Technology
186:WOK,WORK Medical
186:WORX,SCWorx
186:WRAP,Wrap Technologies
186:WSBK,Winchester Bancorp
186:WSC,WillScot Holdings
186:WSHP,WeShop Holdings
186:WSTN,Westin Acquisition
186:WSTNR,
186:WSTNU,Westin Acquisition-U
186:WTF,Waton Financial
186:WTG,Wintergreen
186:WTGUR,
186:WTGUU,Wintergreen-U
186:WTO,UTime
186:WULF,TeraWulf
186:WVVI,Willamette Valley Vineyards
186:WVVIP,Willamette Valley Vineyards Pref
186:WXM,Wf International
186:WYFI,WhiteFiber
186:WYHG,Wing Yip Food
186:XAIR,Beyond Air
186:XBIO,Xenetic Biosciences
186:XBP,XBP Global
186:XBPEW,
186:XCUR,Exicure
186:XELB,Xcel Brands
186:XFOR,X4 Pharmaceuticals
186:XHG,XChange
186:XHLD,Ten Holdings
186:XLO,Xilio Therapeutics
186:XOS,Xos
186:XOSWW,
186:XPEL,XPEL
186:XPON,Expion360
186:XRTX,XORTX Therapeutics
186:XTIA,XTI Aerospace
186:XTKG,X3 Holdings
186:XTLB,Xtl Biopharmaceuticals
186:XWEL,XWELL
186:XWIN,XMax
186:XXII,22nd Century
186:YAAS,Youxin Technology
186:YDDL,One and one Green
186:YDKG,Yueda
186:YHC,LQR House
186:YHGJ,Yunhong Green CTI
186:YIBO,Planet Image International
186:YJ,Yunji
186:YMAT,J-Star Holding
186:YOUL,Youlife
186:YSXT,Ysx Tech
186:YTRA,Yatra Online
186:YYAI,AiRWA
186:YYGH,Yy Group
186:ZBAI,ATIF Holdings
186:ZBAO,Zhibao Technology
186:ZCMD,Zhongchao
186:ZDAI,DirectBooking
186:ZENA,ZenaTech
186:ZENV,Zenvia
186:ZEO,Zeo Energy
186:ZEOWW,
186:ZGM,Zenta Group
186:ZJK,ZJK Industrial
186:ZJYL,Jin Medical
186:ZKIN,Zk International Group
186:ZNB,Zeta Network
186:ZOOZ,Zooz Strategy
186:ZOOZW,
186:ZSPC,zSpace
186:ZSTK,ZeroStack
186:ZTEK,Zentek
186:ZURA,Zura Bio
186:ZYBT,Zhengye
89:861001,Energy Equipment & Services
89:861002,"Oil, Gas & Consumable Fuels"
89:861003,Chemicals
89:861004,Construction Materials
89:861005,Containers & Packaging
89:861006,Metals & Mining
89:861007,Paper & Forest Products
89:861008,Aerospace & Defense
89:861009,Building Products
89:861010,Construction & Engineering
89:861011,Electrical Equipment
89:861012,Industrial Conglomerates
89:861013,Machinery
89:861014,Trading Companies & Distributors
89:861015,Commercial Services & Supplies
89:861016,Professional Services
89:861017,Air Freight & Logistics
89:861018,Airlines
89:861019,Marine
89:861020,Road & Rail
89:861021,Transportation Infrastructure
89:861022,Auto Components
89:861023,Automobiles
89:861024,Household Durables
89:861025,Leisure Products
89:861026,"Textiles, Apparel & Luxury Goods"
89:861027,"Hotels, Restaurants & Leisure"
89:861028,Diversified Consumer Services
89:861029,Distributors
89:861031,Multiline Retail
89:861032,Specialty Retail
89:861033,Food & Staples Retailing
89:861034,Beverages
89:861035,Food Products
89:861036,Tobacco
89:861037,Household Products
89:861038,Personal Products
89:861039,Health Care Equipment & Supplies
89:861040,Health Care Providers & Services
89:861041,Health Care Technology
89:861042,Biotechnology
89:861043,Pharmaceuticals
89:861044,Life Sciences Tools & Services
89:861045,Banks
89:861047,Diversified Financial Services
89:861048,Consumer Finance
89:861049,Capital Markets
89:861050,Mortgage Real Estate Investment Trusts (REITs)
89:861051,Insurance
89:861052,IT Services
89:861053,Software
89:861054,Communications Equipment
89:861055,"Technology Hardware, Storage & Peripherals"
89:861056,"Electronic Equipment, Instruments & Components"
89:861057,Semiconductors & Semiconductor Equipment
89:861058,Diversified Telecommunication Services
89:861059,Wireless Telecommunication Services
89:861060,Media
89:861061,Entertainment
89:861062,Interactive Media & Services
89:861063,Electric Utilities
89:861064,Gas Utilities
89:861065,Multi-Utilities
89:861066,Water Utilities
89:861067,Independent Power and Renewable Electricity Producers
89:861068,Equity Real Estate Investment Trusts(REITs)
89:861070,Energy
89:861071,Materials
89:861072,Industrials
89:861073,Consumer Discretionary
89:861074,Consumer Staples
89:861075,Health Care
89:861076,Financials
89:861077,Information Technology
89:861078,Communication Services
89:861079,Utilities
89:861080,Real Estate
89:861081,Energy
89:861082,Materials
89:861083,Capital Goods
89:861084,Commercial & Professional Services
89:861085,Transportation
89:861086,Automobiles & Components
89:861087,Consumer Durables & Apparel
89:861088,Consumer Services
89:861089,Consumer Discretionary Distribution & Retail
89:861090,Consumer Staples Distribution & Retail
89:861091,"Food, Beverage & Tobacco"
89:861092,Household & Personal Products
89:861093,Health Care Equipment & Services
89:861094,"Pharmaceuticals, Biotechnology & Life Sciences"
89:861095,Banks
89:861096,Financial Services
89:861097,Insurance
89:861098,Software & Services
89:861099,Technology Hardware & Equipment
89:861100,Semiconductors & Semiconductor Equipment
89:861101,Telecommunication Services
89:861102,Media & Entertainment
89:861103,Utilities
89:861104,Equity Real Estate Investment Trusts (REITs)
89:861105,Oil & Gas Drilling
89:861106,Oil and Gas Equipment and Services 
89:861107,Integrated Oil & Gas
89:861108,Oil and gas exploration and production 
89:861109,Oil and gas refining and marketing 
89:861110,Oil and gas storage and transportation 
89:861111,Coal & Consumable Fuels
89:861112,Commodity Chemicals
89:861113,Diversified Chemicals
89:861114,Fertilizers and Agrochemicals 
89:861115,Industrial Gases
89:861116,Specialty Chemicals 
89:861117,Construction Materials
89:861118,Metal & Glass Containers
89:861119,Paper Packaging
89:861120,Aluminum
89:861121,Various Metals and Mining 
89:861122,Copper
89:861123,Gold
89:861124,Precious Metals & Minerals
89:861125,Silver
89:861126,Steel 
89:861127,Forest Products
89:861128,Paper Products
89:861129,Aerospace and Defense 
89:861130,Building products 
89:861131,Construction & Engineering
89:861132,Electrical Components and Equipment 
89:861133,Heavy Electrical Equipment
89:861134,Industrial Conglomerates
89:861135,Construction machinery and heavy transport equipment 
89:861136,Agricultural & Farm Machinery
89:861137,Industrial machinery and supplies and parts 
89:861138,Trading companies and distributors 
89:861139,Commercial Printing
89:861140,Environment and Facilities Services 
89:861141,Office Services & Supplies
89:861142,Comprehensive support services 
89:861143,Security and Alarm Services 
89:861144,Human Resources and Employment Services 
89:861145,Investigation and advisory services 
89:861146,Air Freight & Logistics
89:861147,Airlines
89:861148,Sea transport 
89:861149,Rail transport 
89:861151,Airport Services
89:861152,Highways & Railtracks
89:861154,Auto parts and equipment 
89:861155,Tires & Rubber
89:861156,Car manufacturer 
89:861157,Motorcycle manufacturer 
89:861158,Consumer Electronics
89:861159,Home decoration 
89:861160,Residential building 
89:861161,Household Appliances
89:861162,Housewares & Specialties
89:861163,Leisure Goods 
89:861164,"Apparel, Apparel and Luxury Goods "
89:861165,Footwear
89:861166,Textiles
89:861167,Casino and Gambling 
89:861168,"Hotels, Resorts and Luxury Cruises "
89:861169,Leisure facilities 
89:861170,Restaurants
89:861171,Educational Services 
89:861172,Specialized Consumer Services
89:861173,Dealer 
89:861177,Clothing retail 
89:861178,Computer & Electronics Retail
89:861179,Home Interior Decoration Retail
89:861180,Specialty Stores
89:861181,Automotive Retail
89:861182,Home Decoration Retail
89:861183,Drug Retail
89:861184,Food Distributors
89:861185,Food retail 
89:861186,Consumer goods retail 
89:861187,Brewers
89:861188,Winemakers and vintners 
89:861189,Soft drinks and non-alcoholic drinks 
89:861190,Agricultural Products and Services 
89:861191,Packaged Foods & Meats 
89:861192,Tobacco
89:861193,Household Products
89:861194,Personal care products 
89:861195,Healthcare Equipment 
89:861196,Healthcare Supplies 
89:861197,Health Care Distributors
89:861198,Health care services 
89:861199,Health care institution 
89:861200,Managed Health Care
89:861201,Healthcare Technology 
89:861202,Biological Technology 
89:861203,Pharmaceutical 
89:861204,Life Science Tools and Services 
89:861205,General Bank 
89:861206,Regional bank 
89:861208,Comprehensive financial services 
89:861209,Multi-domain holding 
89:861210,Special financial services 
89:861211,Consumer credit 
89:861212,Asset Management and Custody Banking 
89:861213,Investment Banking and Brokerage 
89:861214,Diversified Capital Markets
89:861215,Financial Exchanges & Data
89:861216,Mortgage Real Estate Investment Trust 
89:861217,Insurance broker 
89:861218,Life & Health Insurance
89:861219,Diversified Insurance 
89:861220,Property & Casualty Insurance
89:861221,Reinsurance
89:861222,Information Technology Consulting and Other Services 
89:861224,Internet services and infrastructure 
89:861225,Application software 
89:861226,System software 
89:861227,Communication equipment 
89:861228,"Computer hardware, storage devices and computer peripherals "
89:861229,Electronic equipment and instruments 
89:861230,Electronic components 
89:861231,Electronic Manufacturing Services
89:861232,Technical product distributor 
89:861233,Semiconductor materials and equipment 
89:861234,Semiconductor products 
89:861235,Alternative Carriers
89:861236,Integrated telecommunications services 
89:861237,Wireless telecommunications business 
89:861238,Advertising
89:861239,Broadcast 
89:861240,Cable and Satellite TV 
89:861241,Publishing
89:861242,Movies & Entertainment
89:861243,Interactive Home Entertainment
89:861244,Interactive Media and Services 
89:861245,Electric Utilities 
89:861246,Gas Utilities
89:861247,Multi-Utilities
89:861248,Water Utilities
89:861249,Independent Power Producers & Energy Traders
89:861250,New energy power generation companies 
89:861251,Diversified REITs
89:861263,Real Estate Management & Development
89:861264,Industrial REITs
89:861265,Hotel & Resort REITs
89:861266,Office REIT
89:861267,Health Care REITs
89:861268,Residential REITs
89:861269,Retail REITs
89:861270,Specialized REITs
89:861271,Real Estate Management & Development
89:861272,Data processing and outsourcing services 
89:861273,Ground freight 
89:861274,Ground passenger transport 
89:861275,Multi-category retail 
89:861276,Commercial & Residential Mortgage Finance
89:861277,Transaction and Payment Processing Services 
89:861278,Industrial REIT 
89:861279,Hotel & Resort REITs
89:861280,Office REIT 
89:861281,Healthcare REIT 
89:861282,Multi-Family Residential REIT
89:861283,Single-family residential REIT 
89:861284,Retail REITs
89:861285,Other Specialized REITs
89:861286,Self-Storage REITs
89:861287,Telecom Tower REITs
89:861288,Timber REITs
89:861289,Data Center REITs
89:861290,Diversified Real Estate Activities
89:861291,Real Estate Operating Companies
89:861292,Real Estate Development
89:861293,Real estate services 
89:862001,Energy ETFs
89:862002,Materials ETFs
89:862003,Industrials ETFs
89:862004,Consumer Discretionary ETFs
89:862005,Consumer Staples ETFs
89:862006,Healthcare ETFs
89:862007,Financials ETFs
89:862008,Technology ETFs
89:862009,Communication Services ETFs
89:862010,Utilities ETFs
89:862011,Real Estate ETFs
89:862201,AI ETFs
89:862202,Crude Oil ETFs
89:862203,Fed Rate Cut Beneficiaries ETFs
89:862205,Autonomous Vehicle ETFs
89:862206,Biotechnology ETFs
89:862207,Cannabis ETFs
89:862208,Emerging Asia Pacific ETFs
89:862209,Internet ETFs
89:862210,Japan ETFs
89:862211,Long-Term Government Bond ETFs
89:862212,Magnificent 7 ETFs
89:862213,Nvidia Related ETFs
89:862214,Small Cap ETFs
89:862215,TIPS ETFs
89:862216,Treasury ETFs
89:862217,Short-Term Government Bond ETFs
89:862218,Bitcoin ETFs
89:862219,Crypto ETFs
89:862220,ETH ETFs
89:862221,Gold ETFs
89:862222,Reits ETFs
89:862223,Robotics ETFs
89:862224,Semiconductor ETFs
89:862225,Water ETFs
89:862226,Government Bonds ETFs
89:862228,Single Stock ETFs
89:862229,Active Equity ETFs
89:862230,Passive Equity ETFs
89:862232,Rare Metal ETFs
89:862901,Africa ETFs
89:862902,Broad Asia ETFs
89:862903,Developed Asia Pacific ETFs
89:862904,Develop Europe ETFs
89:862905,Developed Markets ETFs
89:862906,Emerging Asia Pacific ETFs
89:862907,Emerging Markets ETFs
89:862909,Global ETFs
89:862910,Global ex-U.S. ETFs
89:862911,Latin America ETFs
89:862912,Middle East ETFs
89:862913,North America ETFs
89:862914,Japan ETFs
89:862915,India ETFs
89:865002,Autonomous Vehicles
89:865004, Apple Concept
89:865007,Lithium Battery
89:865008,Tesla Concept
89:865009,Modern Service Industry
89:865013,Blockchain Economy
89:865014,Luxury Goods
89:865017,Quantum Technology
89:865019,Smart Home
89:865022,Nuclear Power
89:865024,Biomass
89:865028,Berkshire Hathaway Portfolio
89:865031,Shale Oil
89:865032,Natural Gas 
89:865035,Virtual Reality
89:865036,Medical Insurance 
89:865038,Fiber optics
89:865039,Fintech Innovation
89:865040,Smart City
89:865045,3D Printing
89:865048,Digital Music
89:865049,AR
89:865050,Internet of Things
89:865051,Cyber Security
89:865052,Asset Management
89:865053,Semiconductor
89:865054,Electric Vehicles
89:865056,Big Data
89:865057,Solar Energy
89:865060,Wearable Technology
89:865061,Vaccine Products
89:865062,Military
89:865063,5G
89:865064,Artificial Intelligence
89:865071,Streaming
89:865072,Trump concept
89:865073,US Tech
89:865074,Culture Media
89:865077,Bio-pharmaceutical
89:865078,Cloud Computing
89:865079,Digital Payment
89:865082,Integrated Circuit 
89:865083,Online Game
89:865087,Alternative Energy
89:865088,Sensor
89:865089,Wireless Charging
89:865090,Photovoltaic
89:865091,Cannabis
89:865092,Rare Metal
89:865093,Environmental Protection
89:865094,Online Education
89:865095,Innovative Material
89:865096,Logistic
89:865103,Baby Concept
89:865106,E-Commerce 
89:865108,Software Outsourcing
89:865114,New Retail
89:865115,Chip Stocks
89:865124,WallStreetBets
89:865130,Alibaba Concept
89:865131,Tencent Related
89:865133,Metaverse
89:865134,SaaS
89:865135,China
89:865137,Space Exploration
89:865138,IDC
89:865139,Social Media
89:865140,India
89:865145,Elon Musk
89:865147,EV Charging
89:865151,ESG Theme
89:865154,Infrastructure
89:865161,Monkeypox
89:865162,Gene Editing
89:865165,Lidar sensor
89:865166,Humanoid Robot
89:865169,Hydrogen
89:865170,UAV
89:865171,Alzheimer
89:865174,Chiplet 
89:865176,Satellite Communication
89:865177,AIGC
89:865180,CPO Concept
89:865181,MR
89:865182,Solid-State Battery 
89:865183,Weight-Loss Treatment
89:865184,India Tech
89:865185,China Tech
89:865186,ChatGPT
89:865187,Robot 
89:865188,Flying Car
89:865189,Multimodal AI(Sora)
89:865190,AI terminals
89:865191,NVIDIA's shareholding stocks
89:865193,MAG7 index
89:865195,Commercial Spaceflight
89:865197,Cryptocurrencies
89:865198,Robotaxi
89:865199,Nancy Pelosi Portfolio
89:865200,Leisure and entertainment
89:865201,Fintech
89:865202,Trading broker
89:865203,TV Broadcasting
89:865204,MLB Concept
89:865205,South Korean stocks
89:865206,Chinese Taiwan
89:865207,German
89:865208,Chile
89:865209,Argentina
89:865210,Turkish
89:865211,Credit card
89:865212,Coffee
89:865213,Mobile Gaming
89:865214,Dating Economy
89:865215,Environmentally friendly
89:865216,Vegetarianism
89:865217,South Africa
89:865218,Brazil
89:865219,Famous meme stocks
89:865220,US Fashion
89:865221,Wallstreetbets
89:865222,Mattress
89:865223,Industrial Concept
89:865224,FAANG
89:865225,FANG
89:865226,GAMAM
89:865227,Recession-proof Stocks 
89:865228,Electronic Technology
89:865229,Cancel Research
89:865230,Large-scale Pharmaceutical
89:865231,Beef
89:865232,The United Arab Emirates
89:865233,Bermuda
89:865234,Reddit
89:865235,World's oldest companies
89:865236,Bachelor Party Stocks 
89:865237,Medium-Sized Oncology
89:865238,Biotechnology
89:865239,NBA stocks 
89:865240,US food companies
89:865241,Casual dining stocks 
89:865242,Soda stock 
89:865243,Music stocks
89:865244,NFL stocks
89:865245,Shoe stocks
89:865246,Video Game Stocks
89:865247,VR stocks
89:865248,FMCG stocks 
89:865249,Sea Transportation
89:865250,Alcohol Stocks
89:865251,Transportation as a Service
89:865252,Low-Cost Airlines
89:865253,The Big Five 
89:865254,US software stocks 
89:865255,Hedge Fund
89:865256,Software stocks 
89:865257,Legacy stocks
89:865258,Big Tech Stocks 
89:865259,Newspaper stocks
89:865260,News Stock 
89:865261,Single offering stocks
89:865262,US tech stocks 
89:865263,Verbs or nouns companies
89:865264,The Global Fintech Index
89:865265,MAMAA
89:865266,Big Software Stocks 
89:865268,Low-Cap Tumor
89:865269,US Truck Transportation
U31F:0GUSDT.P,0G/Tether Perpetual
U31F:1000000CHEEMSUSDT.P,1000000*Cheems/Tether Perpetual
U31F:1000000MOGUSDT.P,1000000*Mog Coin/Tether Perpetual
U31F:1000000VINUUSDT.P,
U31F:10000COQUSDT.P,
U31F:10000ELONUSDT.P,
U31F:10000LADYSUSDT.P,
U31F:10000NFTUSDT.P,
U31F:10000QUBICUSDT.P,10000*Qubic/Tether Perpetual
U31F:10000SATSUSDT.P,10000*SATS/Tether Perpetual
U31F:10000WENUSDT.P,
U31F:10000WHYUSDT.P,
U31F:1000BONKUSDC.P,1000*Bonk/USDC Perpetual
U31F:1000BONKUSDT.P,1000*Bonk/Tether Perpetual
U31F:1000BTTUSDT.P,1000*BitTorrent/Tether Perpetual
U31F:1000CATUSDT.P,1000*Simon'sCat/Tether Perpetual
U31F:1000FLOKIUSDT.P,1000*FLOKI/Tether Perpetual
U31F:1000LUNCUSDT.P,1000*TerraClassic/Tether Perpetual
U31F:1000NEIROCTOUSDC.P,1000*Neiro/USDC Perpetual
U31F:1000NEIROCTOUSDT.P,1000*Neiro/Tether Perpetual
U31F:1000PEPEUSDC.P,1000*Pepe/USDC Perpetual
U31F:1000PEPEUSDT.P,1000*Pepe/Tether Perpetual
U31F:1000RATSUSDT.P,1000*rats/Tether Perpetual
U31F:1000SHIBUSDC.P,1000*Shiba Inu/USDC Perpetual
U31F:1000SHIBUSDT.P,1000*Shiba Inu/Tether Perpetual
U31F:1000TAGUSDT.P,1000*Tagger/Tether Perpetual
U31F:1000TOSHIUSDT.P,1000*Toshi/Tether Perpetual
U31F:1000TURBOUSDT.P,1000*Turbo/Tether Perpetual
U31F:1000XECUSDT.P,1000*eCash/Tether Perpetual
U31F:1000XUSDT.P,
U31F:1CATUSDT.P,
U31F:1INCHUSDT.P,1inch/Tether Perpetual
U31F:2ZUSDT.P,DoubleZero/Tether Perpetual
U31F:4USDT.P,4/Tether Perpetual
U31F:A2ZUSDT.P,
U31F:A8USDT.P,
U31F:AAVEUSD.P,Aave/US Dollar Perpetual
U31F:AAVEUSDC.P,Aave/USDC Perpetual
U31F:AAVEUSDT.P,Aave/Tether Perpetual
U31F:ACEUSDT.P,Fusionist/Tether Perpetual
U31F:ACHUSDT.P,Alchemy Pay/Tether Perpetual
U31F:ACTUSDT.P,Act I : The AI Prophecy/Tether Perpetual
U31F:ACUUSDT.P,Acurast/Tether Perpetual
U31F:ACXUSDT.P,Across Protocol/Tether Perpetual
U31F:ADAUSD.P,Cardano/US Dollar Perpetual
U31F:ADAUSDC.P,
U31F:ADAUSDT.P,Cardano/Tether Perpetual
U31F:AERGOUSDT.P,Aergo/Tether Perpetual
U31F:AEROUSDT.P,Aerodrome Finance/Tether Perpetual
U31F:AEVOUSDC.P,Aevo/USDC Perpetual
U31F:AEVOUSDT.P,Aevo/Tether Perpetual
U31F:AGIUSDT.P,Delysium/Tether Perpetual
U31F:AGLDUSDT.P,Adventure Gold/Tether Perpetual
U31F:AGTUSDT.P,
U31F:AI16ZUSDC.P,
U31F:AI16ZUSDT.P,
U31F:AIAUSDT.P,
U31F:AINUSDT.P,
U31F:AIOUSDT.P,OLAXBT/Tether Perpetual
U31F:AIOZUSDT.P,AIOZ Network/Tether Perpetual
U31F:AIUSDT.P,
U31F:AIXBTUSDT.P,aixbt/Tether Perpetual
U31F:AKEUSDT.P,AKEDO/Tether Perpetual
U31F:AKROUSDT.P,
U31F:AKTUSDT.P,Akash Network/Tether Perpetual
U31F:ALCHUSDT.P,Alchemist AI/Tether Perpetual
U31F:ALEOUSDT.P,
U31F:ALGOUSDT.P,Algorand/Tether Perpetual
U31F:ALICEUSDT.P,MyNeighborAlice/Tether Perpetual
U31F:ALLOUSDT.P,Allora/Tether Perpetual
U31F:ALPACAUSDT.P,
U31F:ALPHAUSDT.P,
U31F:ALPINEUSDT.P,Alpine F1 Team Fan Token/Tether Perpetual
U31F:ALTUSDT.P,Altlayer/Tether Perpetual
U31F:ALUUSDT.P,
U31F:AMBUSDT.P,
U31F:ANCUSDT.P,
U31F:ANIMEUSDT.P,Animecoin/Tether Perpetual
U31F:ANKRUSDT.P,Ankr/Tether Perpetual
U31F:APEUSDC.P,
U31F:APEUSDT.P,ApeCoin/Tether Perpetual
U31F:APEXUSDT.P,ApeX Protocol/Tether Perpetual
U31F:API3USDT.P,API3/Tether Perpetual
U31F:APRUSDT.P,aPriori/Tether Perpetual
U31F:APTUSD.P,Aptos/US Dollar Perpetual
U31F:APTUSDC.P,
U31F:APTUSDT.P,Aptos/Tether Perpetual
U31F:ARBUSDC.P,Arbitrum/USDC Perpetual
U31F:ARBUSDT.P,Arbitrum/Tether Perpetual
U31F:ARCUSDT.P,AI Rig Complex/Tether Perpetual
U31F:ARIAUSDT.P,AriaAI/Tether Perpetual
U31F:ARKMUSDT.P,Arkham/Tether Perpetual
U31F:ARKUSDT.P,Ark/Tether Perpetual
U31F:ARPAUSDT.P,ARPA/Tether Perpetual
U31F:ARUSDT.P,Arweave/Tether Perpetual
U31F:ASPUSDT.P,Aspecta/Tether Perpetual
U31F:ASRUSDT.P,AS Roma Fan Token/Tether Perpetual
U31F:ASTERUSDC.P,Aster/USDC Perpetual
U31F:ASTERUSDT.P,Aster/Tether Perpetual
U31F:ASTRUSDT.P,Astar/Tether Perpetual
U31F:ATAUSDT.P,
U31F:ATHUSDT.P,Aethir/Tether Perpetual
U31F:ATOMUSDC.P,
U31F:ATOMUSDT.P,Cosmos/Tether Perpetual
U31F:ATUSDT.P,APRO/Tether Perpetual
U31F:AUCTIONUSDT.P,Bounce Token/Tether Perpetual
U31F:AUDIOUSDT.P,
U31F:AUSDT.P,Vaulta/Tether Perpetual
U31F:AVAAIUSDT.P,avaai.top/Tether Perpetual
U31F:AVAILUSDT.P,
U31F:AVAUSDT.P,AVA/Tether Perpetual
U31F:AVAXUSD.P,Avalanche/US Dollar Perpetual
U31F:AVAXUSDC.P,
U31F:AVAXUSDT.P,Avalanche/Tether Perpetual
U31F:AVLUSDT.P,Avalon Labs/Tether Perpetual
U31F:AVNTUSDT.P,Avantis/Tether Perpetual
U31F:AWEUSDT.P,AWE/Tether Perpetual
U31F:AXLUSDT.P,Axelar/Tether Perpetual
U31F:AXSUSDT.P,Axie Infinity/Tether Perpetual
U31F:AZTECUSDT.P,Aztec/Tether Perpetual
U31F:B2USDT.P,BSquaredNetwork/Tether Perpetual
U31F:B3USDT.P,B3/Tether Perpetual
U31F:BABYUSDT.P,Babylon/Tether Perpetual
U31F:BADGERUSDT.P,
U31F:BAKEUSDT.P,
U31F:BALUSDT.P,
U31F:BANANAS31USDT.P,BananaForScale/Tether Perpetual
U31F:BANANAUSDT.P,Banana Gun/Tether Perpetual
U31F:BANDUSDT.P,Band/Tether Perpetual
U31F:BANKUSDT.P,Lorenzo Protocol/Tether Perpetual
U31F:BANUSDT.P,Comedian/Tether Perpetual
U31F:BARDUSDT.P,Lombard/Tether Perpetual
U31F:BATUSDT.P,Basic Attention Token/Tether Perpetual
U31F:BBUSDT.P,BounceBit/Tether Perpetual
U31F:BCHUSD.P,BitcoinCash/US Dollar Perpetual
U31F:BCHUSDC.P,Bitcoin Cash/USDC Perpetual
U31F:BCHUSDT.P,Bitcoin Cash/Tether Perpetual
U31F:BDXNUSDT.P,
U31F:BEAMUSDT.P,Beam/Tether Perpetual
U31F:BEATUSDT.P,Audiera/Tether Perpetual
U31F:BELUSDT.P,Bella Protocol/Tether Perpetual
U31F:BERAUSDT.P,Berachain/Tether Perpetual
U31F:BICOUSDT.P,Biconomy/Tether Perpetual
U31F:BIGTIMEUSDT.P,Big Time/Tether Perpetual
U31F:BIOUSDT.P,Bio Protocol/Tether Perpetual
U31F:BIRBUSDT.P,Moonbirds/Tether Perpetual
U31F:BLASTUSDT.P,Blast/Tether Perpetual
U31F:BLESSUSDT.P,Bless/Tether Perpetual
U31F:BLUAIUSDT.P,Bluwhale/Tether Perpetual
U31F:BLURUSDT.P,Blur/Tether Perpetual
U31F:BLZUSDT.P,
U31F:BMTUSDT.P,Bubblemaps/Tether Perpetual
U31F:BNBUSDC.P,BNB/USDC Perpetual
U31F:BNBUSDT.P,BNB/Tether Perpetual
U31F:BNTUSDT.P,Bancor/Tether Perpetual
U31F:BNXUSDT.P,
U31F:BOBAUSDT.P,Boba Network/Tether Perpetual
U31F:BOBBOBUSDT.P,BOB/Tether Perpetual
U31F:BOMEUSDT.P,BOOK OF MEME/Tether Perpetual
U31F:BONDUSDT.P,
U31F:BRETTUSDT.P,Brett/Tether Perpetual
U31F:BREVUSDT.P,Brevis/Tether Perpetual
U31F:BROCCOLIUSDT.P,CZ's Dog/Tether Perpetual
U31F:BRUSDT.P,Bedrock/Tether Perpetual
U31F:BSUUSDT.P,Baby Shark Universe/Tether Perpetual
U31F:BSVUSDT.P,Bitcoin SV/Tether Perpetual
U31F:BSWUSDT.P,
U31F:BTCUSD.210625,
U31F:BTCUSD.210924,
U31F:BTCUSD.211231,
U31F:BTCUSD.220325,
U31F:BTCUSD.220624,
U31F:BTCUSD.220930,
U31F:BTCUSD.221230,
U31F:BTCUSD.230331,
U31F:BTCUSD.230630,
U31F:BTCUSD.230929,
U31F:BTCUSD.231229,
U31F:BTCUSD.240329,
U31F:BTCUSD.240628,
U31F:BTCUSD.240927,
U31F:BTCUSD.241227,
U31F:BTCUSD.250328,
U31F:BTCUSD.250627,
U31F:BTCUSD.250926,
U31F:BTCUSD.251226,
U31F:BTCUSD.260327,Bitcoin/US Dollar (Mar 2026)
U31F:BTCUSD.260626,Bitcoin/US Dollar (Jun 2026)
U31F:BTCUSD.260925,Bitcoin/US Dollar (Sep 2026)
U31F:BTCUSD.P,Bitcoin/US Dollar Perpetual
U31F:BTCUSDC.230331,
U31F:BTCUSDC.230407,
U31F:BTCUSDC.230414,
U31F:BTCUSDC.230421,
U31F:BTCUSDC.230428,
U31F:BTCUSDC.230505,
U31F:BTCUSDC.230512,
U31F:BTCUSDC.230519,
U31F:BTCUSDC.230526,
U31F:BTCUSDC.230602,
U31F:BTCUSDC.230609,
U31F:BTCUSDC.230616,
U31F:BTCUSDC.230623,
U31F:BTCUSDC.230630,
U31F:BTCUSDC.230707,
U31F:BTCUSDC.230714,
U31F:BTCUSDC.230721,
U31F:BTCUSDC.230728,
U31F:BTCUSDC.230804,
U31F:BTCUSDC.230811,
U31F:BTCUSDC.230818,
U31F:BTCUSDC.230825,
U31F:BTCUSDC.230901,
U31F:BTCUSDC.230908,
U31F:BTCUSDC.230915,
U31F:BTCUSDC.230922,
U31F:BTCUSDC.230929,
U31F:BTCUSDC.231006,
U31F:BTCUSDC.231013,
U31F:BTCUSDC.231020,
U31F:BTCUSDC.231027,
U31F:BTCUSDC.231103,
U31F:BTCUSDC.231110,
U31F:BTCUSDC.231117,
U31F:BTCUSDC.231124,
U31F:BTCUSDC.231201,
U31F:BTCUSDC.231208,
U31F:BTCUSDC.231215,
U31F:BTCUSDC.231222,
U31F:BTCUSDC.231229,
U31F:BTCUSDC.240105,
U31F:BTCUSDC.240112,
U31F:BTCUSDC.240119,
U31F:BTCUSDC.240126,
U31F:BTCUSDC.240202,
U31F:BTCUSDC.240209,
U31F:BTCUSDC.240216,
U31F:BTCUSDC.240223,
U31F:BTCUSDC.240301,
U31F:BTCUSDC.240308,
U31F:BTCUSDC.240315,
U31F:BTCUSDC.240322,
U31F:BTCUSDC.240329,
U31F:BTCUSDC.240405,
U31F:BTCUSDC.240412,
U31F:BTCUSDC.240419,
U31F:BTCUSDC.240426,
U31F:BTCUSDC.240503,
U31F:BTCUSDC.240510,
U31F:BTCUSDC.240517,
U31F:BTCUSDC.240524,
U31F:BTCUSDC.240531,
U31F:BTCUSDC.240607,
U31F:BTCUSDC.240614,
U31F:BTCUSDC.240621,
U31F:BTCUSDC.240628,
U31F:BTCUSDC.240705,
U31F:BTCUSDC.240712,
U31F:BTCUSDC.240719,
U31F:BTCUSDC.240726,
U31F:BTCUSDC.240802,
U31F:BTCUSDC.240809,
U31F:BTCUSDC.240816,
U31F:BTCUSDC.240823,
U31F:BTCUSDC.240830,
U31F:BTCUSDC.240906,
U31F:BTCUSDC.240913,
U31F:BTCUSDC.240920,
U31F:BTCUSDC.240927,
U31F:BTCUSDC.241004,
U31F:BTCUSDC.241011,
U31F:BTCUSDC.241018,
U31F:BTCUSDC.241025,
U31F:BTCUSDC.241101,
U31F:BTCUSDC.241108,
U31F:BTCUSDC.241115,
U31F:BTCUSDC.241122,
U31F:BTCUSDC.241129,
U31F:BTCUSDC.241206,
U31F:BTCUSDC.241213,
U31F:BTCUSDC.241220,
U31F:BTCUSDC.241227,
U31F:BTCUSDC.250103,
U31F:BTCUSDC.250110,
U31F:BTCUSDC.250117,
U31F:BTCUSDC.250124,
U31F:BTCUSDC.250131,
U31F:BTCUSDC.250207,
U31F:BTCUSDC.250214,
U31F:BTCUSDC.250221,
U31F:BTCUSDC.250228,
U31F:BTCUSDC.250307,
U31F:BTCUSDC.250314,
U31F:BTCUSDC.250328,
U31F:BTCUSDC.250425,
U31F:BTCUSDC.250627,
U31F:BTCUSDC.250926,
U31F:BTCUSDC.251226,
U31F:BTCUSDC.P,Bitcoin/USDC Perpetual
U31F:BTCUSDT.250321,
U31F:BTCUSDT.250404,
U31F:BTCUSDT.250411,
U31F:BTCUSDT.250418,
U31F:BTCUSDT.250425,
U31F:BTCUSDT.250502,
U31F:BTCUSDT.250509,
U31F:BTCUSDT.250516,
U31F:BTCUSDT.250523,
U31F:BTCUSDT.250530,
U31F:BTCUSDT.250606,
U31F:BTCUSDT.250613,
U31F:BTCUSDT.250620,
U31F:BTCUSDT.250627,
U31F:BTCUSDT.250704,
U31F:BTCUSDT.250711,
U31F:BTCUSDT.250718,
U31F:BTCUSDT.250725,
U31F:BTCUSDT.250801,
U31F:BTCUSDT.250808,
U31F:BTCUSDT.250815,
U31F:BTCUSDT.250822,
U31F:BTCUSDT.250829,
U31F:BTCUSDT.250905,
U31F:BTCUSDT.250912,
U31F:BTCUSDT.250919,
U31F:BTCUSDT.250926,
U31F:BTCUSDT.251003,
U31F:BTCUSDT.251010,
U31F:BTCUSDT.251017,
U31F:BTCUSDT.251024,
U31F:BTCUSDT.251031,
U31F:BTCUSDT.251107,
U31F:BTCUSDT.251114,
U31F:BTCUSDT.251121,
U31F:BTCUSDT.251128,
U31F:BTCUSDT.251205,
U31F:BTCUSDT.251212,
U31F:BTCUSDT.251219,
U31F:BTCUSDT.251226,
U31F:BTCUSDT.260102,
U31F:BTCUSDT.260109,
U31F:BTCUSDT.260116,
U31F:BTCUSDT.260123,
U31F:BTCUSDT.260130,
U31F:BTCUSDT.260206,
U31F:BTCUSDT.260213,
U31F:BTCUSDT.260220,
U31F:BTCUSDT.260227,
U31F:BTCUSDT.260306,
U31F:BTCUSDT.260313,
U31F:BTCUSDT.260320,Bitcoin/Tether (Mar 2026)
U31F:BTCUSDT.260327,Bitcoin/Tether (Mar 2026)
U31F:BTCUSDT.260403,Bitcoin/Tether (Apr 2026)
U31F:BTCUSDT.260424,Bitcoin/Tether (Apr 2026)
U31F:BTCUSDT.260529,Bitcoin/Tether (May 2026)
U31F:BTCUSDT.260626,Bitcoin/Tether (Jun 2026)
U31F:BTCUSDT.260925,Bitcoin/Tether (Sep 2026)
U31F:BTCUSDT.261225,Bitcoin/Tether (Dec 2026)
U31F:BTCUSDT.P,Bitcoin/Tether Perpetual
U31F:BTRUSDT.P,Bitlayer/Tether Perpetual
U31F:BTTUSDT.P,
U31F:BUSDT.P,BUILDon/Tether Perpetual
U31F:C98USDT.P,Coin98/Tether Perpetual
U31F:CAKEUSDT.P,PancakeSwap/Tether Perpetual
U31F:CAMPUSDT.P,Camp Network/Tether Perpetual
U31F:CARVUSDT.P,CARV/Tether Perpetual
U31F:CATIUSDT.P,Catizen/Tether Perpetual
U31F:CCUSDT.P,Canton Network/Tether Perpetual
U31F:CELOUSDT.P,Celo/Tether Perpetual
U31F:CELRUSDT.P,
U31F:CETUSUSDT.P,Cetus Protocol/Tether Perpetual
U31F:CFGUSDT.P,Centrifuge/Tether Perpetual
U31F:CFXUSDT.P,Conflux/Tether Perpetual
U31F:CGPTUSDT.P,ChainGPT/Tether Perpetual
U31F:CHESSUSDT.P,
U31F:CHILLGUYUSDT.P,Just a chill guy/Tether Perpetual
U31F:CHRUSDT.P,Chromia/Tether Perpetual
U31F:CHZUSDC.P,
U31F:CHZUSDT.P,Chiliz/Tether Perpetual
U31F:CKBUSDT.P,Nervos Network/Tether Perpetual
U31F:CLANKERUSDT.P,tokenbot/Tether Perpetual
U31F:CLOUDUSDT.P,Cloud/Tether Perpetual
U31F:CLOUSDT.P,Yei Finance/Tether Perpetual
U31F:COAIUSDT.P,ChainOpera AI/Tether Perpetual
U31F:COMBOUSDT.P,
U31F:COMMONUSDT.P,
U31F:COMPUSDT.P,Compound/Tether Perpetual
U31F:COOKIEUSDT.P,Cookie DAO/Tether Perpetual
U31F:COOKUSDT.P,Cook Finance/Tether Perpetual
U31F:COREUSDT.P,Core/Tether Perpetual
U31F:COSUSDT.P,
U31F:COTIUSDT.P,COTI/Tether Perpetual
U31F:COWUSDT.P,CoW Protocol/Tether Perpetual
U31F:CPOOLUSDT.P,
U31F:CROSSUSDT.P,CROSS/Tether Perpetual
U31F:CROUSDT.P,Cronos/Tether Perpetual
U31F:CRVUSDC.P,Curve DAO Token/USDC Perpetual
U31F:CRVUSDT.P,Curve DAO Token/Tether Perpetual
U31F:CTCUSDT.P,Creditcoin/Tether Perpetual
U31F:CTKUSDT.P,Shentu/Tether Perpetual
U31F:CTSIUSDT.P,
U31F:CUDISUSDT.P,
U31F:CUSDT.P,Chainbase/Tether Perpetual
U31F:CVCUSDT.P,Civic/Tether Perpetual
U31F:CVXUSDT.P,Convex Finance/Tether Perpetual
U31F:CYBERUSDT.P,Cyber/Tether Perpetual
U31F:CYSUSDT.P,Cysic/Tether Perpetual
U31F:DAMUSDT.P,
U31F:DASHUSDT.P,Dash/Tether Perpetual
U31F:DATAUSDT.P,
U31F:DBRUSDT.P,deBridge/Tether Perpetual
U31F:DEEPUSDT.P,DeepBook Protocol/Tether Perpetual
U31F:DEGENUSDT.P,Degen/Tether Perpetual
U31F:DENTUSDT.P,
U31F:DEXEUSDT.P,DeXe/Tether Perpetual
U31F:DGBUSDT.P,
U31F:DIAUSDT.P,DIA/Tether Perpetual
U31F:DMCUSDT.P,
U31F:DODOUSDT.P,
U31F:DOGEUSD.P,Dogecoin/US Dollar Perpetual
U31F:DOGEUSDC.P,Dogecoin/USDC Perpetual
U31F:DOGEUSDT.251031,
U31F:DOGEUSDT.251107,
U31F:DOGEUSDT.251114,
U31F:DOGEUSDT.251121,
U31F:DOGEUSDT.251128,
U31F:DOGEUSDT.251205,
U31F:DOGEUSDT.251212,
U31F:DOGEUSDT.251219,
U31F:DOGEUSDT.251226,
U31F:DOGEUSDT.260102,
U31F:DOGEUSDT.260109,
U31F:DOGEUSDT.260116,
U31F:DOGEUSDT.260123,
U31F:DOGEUSDT.260130,
U31F:DOGEUSDT.260206,
U31F:DOGEUSDT.260213,
U31F:DOGEUSDT.260220,
U31F:DOGEUSDT.260227,
U31F:DOGEUSDT.260306,
U31F:DOGEUSDT.260313,
U31F:DOGEUSDT.260320,Dogecoin/Tether (Mar 2026)
U31F:DOGEUSDT.260327,Dogecoin/Tether (Mar 2026)
U31F:DOGEUSDT.260403,Dogecoin/Tether (Apr 2026)
U31F:DOGEUSDT.260424,Dogecoin/Tether (Apr 2026)
U31F:DOGEUSDT.P,Dogecoin/Tether Perpetual
U31F:DOGSUSDT.P,
U31F:DOGUSDT.P,Dog/Tether Perpetual
U31F:DOLOUSDT.P,Dolomite/Tether Perpetual
U31F:DOODUSDT.P,Doodles/Tether Perpetual
U31F:DOTUSD.P,Polkadot/US Dollar Perpetual
U31F:DOTUSDC.P,Polkadot/USDC Perpetual
U31F:DOTUSDT.P,Polkadot/Tether Perpetual
U31F:DRIFTUSDT.P,Drift/Tether Perpetual
U31F:DUSKUSDT.P,Dusk/Tether Perpetual
U31F:DYDXUSDT.P,dYdX/Tether Perpetual
U31F:DYMUSDT.P,Dymension/Tether Perpetual
U31F:EDENUSDT.P,OpenEden/Tether Perpetual
U31F:EDUUSDT.P,Open Campus/Tether Perpetual
U31F:EGLDUSDT.P,MultiversX/Tether Perpetual
U31F:EIGENUSDC.P,EigenCloud/USDC Perpetual
U31F:EIGENUSDT.P,EigenLayer/Tether Perpetual
U31F:ELSAUSDT.P,HeyElsa/Tether Perpetual
U31F:ELXUSDT.P,
U31F:ENAUSDC.P,Ethena/USDC Perpetual
U31F:ENAUSDT.P,Ethena/Tether Perpetual
U31F:ENJUSDT.P,Enjin Coin/Tether Perpetual
U31F:ENSOUSDT.P,Enso/Tether Perpetual
U31F:ENSUSDT.P,Ethereum Name Service/Tether Perpetual
U31F:EOSUSD.P,
U31F:EOSUSDC.P,
U31F:EOSUSDT.P,
U31F:EPICUSDT.P,Epic Chain/Tether Perpetual
U31F:EPTUSDT.P,
U31F:ERAUSDT.P,Caldera/Tether Perpetual
U31F:ESPORTSUSDT.P,Yooldo/Tether Perpetual
U31F:ESPUSDT.P,Espresso/Tether Perpetual
U31F:ESUSDT.P,Eclipse/Tether Perpetual
U31F:ETCUSD.P,EthereumClassic/US Dollar Perpetual
U31F:ETCUSDC.P,Ethereum Classic/USDC Perpetual
U31F:ETCUSDT.P,Ethereum Classic/Tether Perpetual
U31F:ETHFIUSDC.P,ether.fi/USDC Perpetual
U31F:ETHFIUSDT.P,ether.fi/Tether Perpetual
U31F:ETHUSD.210625,
U31F:ETHUSD.210924,
U31F:ETHUSD.211231,
U31F:ETHUSD.220325,
U31F:ETHUSD.220624,
U31F:ETHUSD.220930,
U31F:ETHUSD.221230,
U31F:ETHUSD.230331,
U31F:ETHUSD.230630,
U31F:ETHUSD.230929,
U31F:ETHUSD.231229,
U31F:ETHUSD.240329,
U31F:ETHUSD.240628,
U31F:ETHUSD.240927,
U31F:ETHUSD.241227,
U31F:ETHUSD.250328,
U31F:ETHUSD.250627,
U31F:ETHUSD.250926,
U31F:ETHUSD.251226,
U31F:ETHUSD.260327,Ethereum/US Dollar (Mar 2026)
U31F:ETHUSD.260626,Ethereum/US Dollar (Jun 2026)
U31F:ETHUSD.260925,Ethereum/US Dollar (Sep 2026)
U31F:ETHUSD.P,Ethereum/US Dollar Perpetual
U31F:ETHUSDC.230331,
U31F:ETHUSDC.230407,
U31F:ETHUSDC.230414,
U31F:ETHUSDC.230421,
U31F:ETHUSDC.230428,
U31F:ETHUSDC.230505,
U31F:ETHUSDC.230512,
U31F:ETHUSDC.230519,
U31F:ETHUSDC.230526,
U31F:ETHUSDC.230602,
U31F:ETHUSDC.230609,
U31F:ETHUSDC.230616,
U31F:ETHUSDC.230623,
U31F:ETHUSDC.230630,
U31F:ETHUSDC.230707,
U31F:ETHUSDC.230714,
U31F:ETHUSDC.230721,
U31F:ETHUSDC.230728,
U31F:ETHUSDC.230804,
U31F:ETHUSDC.230811,
U31F:ETHUSDC.230818,
U31F:ETHUSDC.230825,
U31F:ETHUSDC.230901,
U31F:ETHUSDC.230908,
U31F:ETHUSDC.230915,
U31F:ETHUSDC.230922,
U31F:ETHUSDC.230929,
U31F:ETHUSDC.231006,
U31F:ETHUSDC.231013,
U31F:ETHUSDC.231020,
U31F:ETHUSDC.231027,
U31F:ETHUSDC.231103,
U31F:ETHUSDC.231110,
U31F:ETHUSDC.231117,
U31F:ETHUSDC.231124,
U31F:ETHUSDC.231201,
U31F:ETHUSDC.231208,
U31F:ETHUSDC.231215,
U31F:ETHUSDC.231222,
U31F:ETHUSDC.231229,
U31F:ETHUSDC.240105,
U31F:ETHUSDC.240112,
U31F:ETHUSDC.240119,
U31F:ETHUSDC.240126,
U31F:ETHUSDC.240202,
U31F:ETHUSDC.240209,
U31F:ETHUSDC.240216,
U31F:ETHUSDC.240223,
U31F:ETHUSDC.240301,
U31F:ETHUSDC.240308,
U31F:ETHUSDC.240315,
U31F:ETHUSDC.240322,
U31F:ETHUSDC.240329,
U31F:ETHUSDC.240405,
U31F:ETHUSDC.240412,
U31F:ETHUSDC.240419,
U31F:ETHUSDC.240426,
U31F:ETHUSDC.240503,
U31F:ETHUSDC.240510,
U31F:ETHUSDC.240517,
U31F:ETHUSDC.240524,
U31F:ETHUSDC.240531,
U31F:ETHUSDC.240607,
U31F:ETHUSDC.240614,
U31F:ETHUSDC.240621,
U31F:ETHUSDC.240628,
U31F:ETHUSDC.240705,
U31F:ETHUSDC.240712,
U31F:ETHUSDC.240719,
U31F:ETHUSDC.240726,
U31F:ETHUSDC.240802,
U31F:ETHUSDC.240809,
U31F:ETHUSDC.240816,
U31F:ETHUSDC.240823,
U31F:ETHUSDC.240830,
U31F:ETHUSDC.240906,
U31F:ETHUSDC.240913,
U31F:ETHUSDC.240920,
U31F:ETHUSDC.240927,
U31F:ETHUSDC.241004,
U31F:ETHUSDC.241011,
U31F:ETHUSDC.241018,
U31F:ETHUSDC.241025,
U31F:ETHUSDC.241101,
U31F:ETHUSDC.241108,
U31F:ETHUSDC.241115,
U31F:ETHUSDC.241122,
U31F:ETHUSDC.241129,
U31F:ETHUSDC.241206,
U31F:ETHUSDC.241213,
U31F:ETHUSDC.241220,
U31F:ETHUSDC.241227,
U31F:ETHUSDC.250103,
U31F:ETHUSDC.250110,
U31F:ETHUSDC.250117,
U31F:ETHUSDC.250124,
U31F:ETHUSDC.250131,
U31F:ETHUSDC.250207,
U31F:ETHUSDC.250214,
U31F:ETHUSDC.250221,
U31F:ETHUSDC.250228,
U31F:ETHUSDC.250307,
U31F:ETHUSDC.250314,
U31F:ETHUSDC.250328,
U31F:ETHUSDC.250425,
U31F:ETHUSDC.250627,
U31F:ETHUSDC.250926,
U31F:ETHUSDC.251226,
U31F:ETHUSDC.P,Ethereum/USDC Perpetual
U31F:ETHUSDT.250321,
U31F:ETHUSDT.250404,
U31F:ETHUSDT.250411,
U31F:ETHUSDT.250418,
U31F:ETHUSDT.250425,
U31F:ETHUSDT.250502,
U31F:ETHUSDT.250509,
U31F:ETHUSDT.250516,
U31F:ETHUSDT.250523,
U31F:ETHUSDT.250530,
U31F:ETHUSDT.250606,
U31F:ETHUSDT.250613,
U31F:ETHUSDT.250620,
U31F:ETHUSDT.250627,
U31F:ETHUSDT.250704,
U31F:ETHUSDT.250711,
U31F:ETHUSDT.250718,
U31F:ETHUSDT.250725,
U31F:ETHUSDT.250801,
U31F:ETHUSDT.250808,
U31F:ETHUSDT.250815,
U31F:ETHUSDT.250822,
U31F:ETHUSDT.250829,
U31F:ETHUSDT.250905,
U31F:ETHUSDT.250912,
U31F:ETHUSDT.250919,
U31F:ETHUSDT.250926,
U31F:ETHUSDT.251003,
U31F:ETHUSDT.251010,
U31F:ETHUSDT.251017,
U31F:ETHUSDT.251024,
U31F:ETHUSDT.251031,
U31F:ETHUSDT.251107,
U31F:ETHUSDT.251114,
U31F:ETHUSDT.251121,
U31F:ETHUSDT.251128,
U31F:ETHUSDT.251205,
U31F:ETHUSDT.251212,
U31F:ETHUSDT.251219,
U31F:ETHUSDT.251226,
U31F:ETHUSDT.260102,
U31F:ETHUSDT.260109,
U31F:ETHUSDT.260116,
U31F:ETHUSDT.260123,
U31F:ETHUSDT.260130,
U31F:ETHUSDT.260206,
U31F:ETHUSDT.260213,
U31F:ETHUSDT.260220,
U31F:ETHUSDT.260227,
U31F:ETHUSDT.260306,
U31F:ETHUSDT.260313,
U31F:ETHUSDT.260320,Ethereum/Tether (Mar 2026)
U31F:ETHUSDT.260327,Ethereum/Tether (Mar 2026)
U31F:ETHUSDT.260403,Ethereum/Tether (Apr 2026)
U31F:ETHUSDT.260424,Ethereum/Tether (Apr 2026)
U31F:ETHUSDT.260529,Ethereum/Tether (May 2026)
U31F:ETHUSDT.260626,Ethereum/Tether (Jun 2026)
U31F:ETHUSDT.260925,Ethereum/Tether (Sep 2026)
U31F:ETHUSDT.261225,Ethereum/Tether (Dec 2026)
U31F:ETHUSDT.P,Ethereum/Tether Perpetual
U31F:ETHWUSDT.P,
U31F:EULUSDT.P,Euler/Tether Perpetual
U31F:EVAAUSDT.P,EVAA Protocol/Tether Perpetual
U31F:FARTCOINUSDC.P,Fartcoin/USDC Perpetual
U31F:FARTCOINUSDT.P,Fartcoin/Tether Perpetual
U31F:FDUSDUSDT.P,
U31F:FETUSDT.P,
U31F:FFUSDT.P,Falcon Finance/Tether Perpetual
U31F:FHEUSDT.P,
U31F:FIDAUSDT.P,Bonfida/Tether Perpetual
U31F:FIGHTUSDT.P,FIGHT/Tether Perpetual
U31F:FILUSD.P,Filecoin/US Dollar Perpetual
U31F:FILUSDC.P,Filecoin/USDC Perpetual
U31F:FILUSDT.P,Filecoin/Tether Perpetual
U31F:FIOUSDT.P,FIO Protocol/Tether Perpetual
U31F:FISUSDT.P,
U31F:FITFIUSDT.P,
U31F:FLMUSDT.P,
U31F:FLOCKUSDT.P,FLock.io/Tether Perpetual
U31F:FLOWUSDT.P,Flow/Tether Perpetual
U31F:FLRUSDT.P,Flare/Tether Perpetual
U31F:FLUIDUSDT.P,Fluid/Tether Perpetual
U31F:FLUXUSDT.P,Flux/Tether Perpetual
U31F:FOGOUSDT.P,Fogo/Tether Perpetual
U31F:FOLKSUSDT.P,Folks Finance/Tether Perpetual
U31F:FORMUSDT.P,Four/Tether Perpetual
U31F:FORTHUSDT.P,
U31F:FOXYUSDT.P,
U31F:FRAGUSDT.P,
U31F:FTMUSDT.P,
U31F:FTTUSDT.P,
U31F:FUELUSDT.P,
U31F:FUNUSDT.P,
U31F:FUSDT.P,SynFutures/Tether Perpetual
U31F:FWOGUSDT.P,
U31F:FXSUSDT.P,
U31F:GALAUSDT.P,Gala/Tether Perpetual
U31F:GALUSDT.P,
U31F:GASUSDT.P,Gas/Tether Perpetual
U31F:GIGAUSDT.P,Gigachad/Tether Perpetual
U31F:GIGGLEUSDT.P,Giggle Fund/Tether Perpetual
U31F:GLMRUSDT.P,
U31F:GLMUSDT.P,Golem/Tether Perpetual
U31F:GMTUSDC.P,
U31F:GMTUSDT.P,GMT/Tether Perpetual
U31F:GMXUSDT.P,GMX/Tether Perpetual
U31F:GNOUSDT.P,Gnosis/Tether Perpetual
U31F:GOATUSDT.P,Goatseus Maximus/Tether Perpetual
U31F:GODSUSDT.P,Gods Unchained/Tether Perpetual
U31F:GPSUSDT.P,GoPlus Security/Tether Perpetual
U31F:GRASSUSDT.P,Grass/Tether Perpetual
U31F:GRIFFAINUSDT.P,GRIFFAIN/Tether Perpetual
U31F:GRTUSDT.P,The Graph/Tether Perpetual
U31F:GTCUSDT.P,
U31F:GUNUSDT.P,GUNZ/Tether Perpetual
U31F:GUSDT.P,
U31F:HAEDALUSDT.P,Haedal Protocol/Tether Perpetual
U31F:HANAUSDT.P,Hana Network/Tether Perpetual
U31F:HBARUSDC.P,Hedera/USDC Perpetual
U31F:HBARUSDT.P,Hedera/Tether Perpetual
U31F:HEIUSDT.P,Heima/Tether Perpetual
U31F:HEMIUSDT.P,Hemi/Tether Perpetual
U31F:HFTUSDT.P,Hashflow/Tether Perpetual
U31F:HIFIUSDT.P,
U31F:HIGHUSDT.P,Highstreet/Tether Perpetual
U31F:HIPPOUSDT.P,sudeng/Tether Perpetual
U31F:HIVEUSDT.P,Hive/Tether Perpetual
U31F:HMSTRUSDT.P,Hamster Kombat/Tether Perpetual
U31F:HNTUSDT.P,Helium/Tether Perpetual
U31F:HOLOUSDT.P,Holoworld AI/Tether Perpetual
U31F:HOMEUSDT.P,Defi App/Tether Perpetual
U31F:HOOKUSDT.P,Hooked Protocol/Tether Perpetual
U31F:HOTUSDT.P,
U31F:HPOS10IUSDT.P,HarryPotterObamaSonic10Inu/Tether Perpetual
U31F:HUMAUSDT.P,Huma Finance/Tether Perpetual
U31F:HUSDC.P,Humanity Protocol/USDC Perpetual
U31F:HUSDT.P,Humanity Protocol/Tether Perpetual
U31F:HYPERUSDT.P,Hyperlane/Tether Perpetual
U31F:HYPEUSDC.P,Hyperliquid/USDC Perpetual
U31F:HYPEUSDT.P,Hyperliquid/Tether Perpetual
U31F:ICNTUSDC.P,Impossible Cloud Network/USDC Perpetual
U31F:ICNTUSDT.P,Impossible Cloud Network/Tether Perpetual
U31F:ICPUSDC.P,Internet Computer/USDC Perpetual
U31F:ICPUSDT.P,Internet Computer/Tether Perpetual
U31F:ICXUSDT.P,ICON/Tether Perpetual
U31F:IDEXUSDT.P,
U31F:IDUSDT.P,SPACE ID/Tether Perpetual
U31F:ILVUSDT.P,Illuvium/Tether Perpetual
U31F:IMXUSDT.P,Immutable/Tether Perpetual
U31F:INITUSDT.P,Initia/Tether Perpetual
U31F:INJUSDC.P,Injective/USDC Perpetual
U31F:INJUSDT.P,Injective/Tether Perpetual
U31F:INUSDT.P,INFINIT/Tether Perpetual
U31F:INXUSDT.P,Infinex/Tether Perpetual
U31F:IOSTUSDT.P,IOST/Tether Perpetual
U31F:IOTAUSDT.P,IOTA/Tether Perpetual
U31F:IOTXUSDT.P,IoTeX/Tether Perpetual
U31F:IOUSDT.P,io.net/Tether Perpetual
U31F:IPUSDC.P,Story/USDC Perpetual
U31F:IPUSDT.P,Story/Tether Perpetual
U31F:IRYSUSDT.P,Irys/Tether Perpetual
U31F:JASMYUSDT.P,JasmyCoin/Tether Perpetual
U31F:JCTUSDT.P,Janction/Tether Perpetual
U31F:JELLYJELLYUSDT.P,Jelly-My-Jelly/Tether Perpetual
U31F:JOEUSDT.P,
U31F:JSTUSDT.P,JUST/Tether Perpetual
U31F:JTOUSDT.P,Jito/Tether Perpetual
U31F:JUPUSDT.P,Jupiter/Tether Perpetual
U31F:JUSDT.P,
U31F:KAIAUSDT.P,Kaia/Tether Perpetual
U31F:KAITOUSDT.P,KAITO/Tether Perpetual
U31F:KASUSDT.P,Kaspa/Tether Perpetual
U31F:KATUSDT.P,Katana Network/Tether Perpetual
U31F:KAVAUSDT.P,Kava/Tether Perpetual
U31F:KDAUSDT.P,
U31F:KERNELUSDT.P,KernelDAO/Tether Perpetual
U31F:KEYUSDT.P,
U31F:KGENUSDT.P,KGeN/Tether Perpetual
U31F:KITEUSDT.P,Kite/Tether Perpetual
U31F:KLAYUSDT.P,
U31F:KMNOUSDT.P,Kamino Finance/Tether Perpetual
U31F:KNCUSDT.P,Kyber Network Crystal v2/Tether Perpetual
U31F:KOMAUSDT.P,
U31F:KSMUSDT.P,Kusama/Tether Perpetual
U31F:KUSDT.P,
U31F:L3USDT.P,Layer3/Tether Perpetual
U31F:LABUSDT.P,LAB/Tether Perpetual
U31F:LAUSDT.P,Lagrange/Tether Perpetual
U31F:LAYERUSDT.P,
U31F:LDOUSDC.P,
U31F:LDOUSDT.P,Lido DAO/Tether Perpetual
U31F:LEVERUSDT.P,
U31F:LFTUSDT.P,
U31F:LIGHTUSDT.P,Bitlight/Tether Perpetual
U31F:LINAUSDT.P,
U31F:LINEAUSDT.P,Linea/Tether Perpetual
U31F:LINKUSD.P,Chainlink/US Dollar Perpetual
U31F:LINKUSDC.P,Chainlink/USDC Perpetual
U31F:LINKUSDT.P,Chainlink/Tether Perpetual
U31F:LISTAUSDT.P,Lista DAO/Tether Perpetual
U31F:LITUSDT.P,
U31F:LOOKSUSDT.P,
U31F:LOOMUSDT.P,
U31F:LPTUSDT.P,Livepeer/Tether Perpetual
U31F:LQTYUSDT.P,Liquity/Tether Perpetual
U31F:LRCUSDT.P,Loopring/Tether Perpetual
U31F:LSKUSDT.P,Lisk/Tether Perpetual
U31F:LTCUSD.P,Litecoin/US Dollar Perpetual
U31F:LTCUSDC.P,Litecoin/USDC Perpetual
U31F:LTCUSDT.P,Litecoin/Tether Perpetual
U31F:LTOUSDT.P,
U31F:LUMIAUSDT.P,Lumia/Tether Perpetual
U31F:LUNA2USDC.P,
U31F:LUNA2USDT.P,Terra/Tether Perpetual
U31F:LUNAUSD.P,
U31F:LUNAUSDT.P,
U31F:LYNUSDT.P,Everlyn AI/Tether Perpetual
U31F:MAGICUSDT.P,Treasure/Tether Perpetual
U31F:MAGMAUSDT.P,Magma Finance/Tether Perpetual
U31F:MAJORUSDT.P,
U31F:MANAUSD.P,
U31F:MANAUSDT.P,Decentraland/Tether Perpetual
U31F:MANTAUSDT.P,Manta Network/Tether Perpetual
U31F:MASAUSDT.P,
U31F:MASKUSDT.P,Mask Network/Tether Perpetual
U31F:MATICUSDC.P,
U31F:MATICUSDT.P,
U31F:MAVIAUSDT.P,Heroes of Mavia/Tether Perpetual
U31F:MAVUSDT.P,Maverick Protocol/Tether Perpetual
U31F:MBLUSDT.P,
U31F:MBOXUSDT.P,MOBOX/Tether Perpetual
U31F:MDTUSDT.P,
U31F:MEGAUSDT.P,MegaETH/Tether Perpetual
U31F:MELANIAUSDT.P,Official Melania Meme/Tether Perpetual
U31F:MEMEFIUSDT.P,
U31F:MEMEUSDT.P,Memecoin/Tether Perpetual
U31F:MERLUSDT.P,Merlin Chain/Tether Perpetual
U31F:METISUSDT.P,Metis/Tether Perpetual
U31F:METUSDT.P,Meteora/Tether Perpetual
U31F:MEUSDT.P,Magic Eden/Tether Perpetual
U31F:MEWUSDT.P,cat in a dogs world/Tether Perpetual
U31F:MILKUSDT.P,
U31F:MINAUSDT.P,Mina/Tether Perpetual
U31F:MIRAUSDT.P,Mira/Tether Perpetual
U31F:MITOUSDT.P,Mitosis/Tether Perpetual
U31F:MKRUSDT.P,
U31F:MLNUSDT.P,Enzyme/Tether Perpetual
U31F:MMTUSDT.P,Momentum/Tether Perpetual
U31F:MNTUSD.P,Mantle/US Dollar Perpetual
U31F:MNTUSDC.P,Mantle/USDC Perpetual
U31F:MNTUSDT.251031,
U31F:MNTUSDT.251107,
U31F:MNTUSDT.251114,
U31F:MNTUSDT.251121,
U31F:MNTUSDT.251128,
U31F:MNTUSDT.251205,
U31F:MNTUSDT.251212,
U31F:MNTUSDT.251219,
U31F:MNTUSDT.251226,
U31F:MNTUSDT.260102,
U31F:MNTUSDT.260109,
U31F:MNTUSDT.260116,
U31F:MNTUSDT.260123,
U31F:MNTUSDT.260130,
U31F:MNTUSDT.260206,
U31F:MNTUSDT.260213,
U31F:MNTUSDT.260220,
U31F:MNTUSDT.260227,
U31F:MNTUSDT.260306,
U31F:MNTUSDT.260313,
U31F:MNTUSDT.260320,Mantle/Tether (Mar 2026)
U31F:MNTUSDT.260327,Mantle/Tether (Mar 2026)
U31F:MNTUSDT.260403,Mantle/Tether (Apr 2026)
U31F:MNTUSDT.260424,Mantle/Tether (Apr 2026)
U31F:MNTUSDT.P,Mantle/Tether Perpetual
U31F:MOCAUSDT.P,Moca Network/Tether Perpetual
U31F:MONUSDT.P,
U31F:MOODENGUSDC.P,MooDeng/USDC Perpetual
U31F:MOODENGUSDT.P,MooDeng/Tether Perpetual
U31F:MORPHOUSDT.P,Morpho/Tether Perpetual
U31F:MOVEUSDT.P,Movement/Tether Perpetual
U31F:MOVRUSDT.P,Moonriver/Tether Perpetual
U31F:MTLUSDT.P,Metal DAO/Tether Perpetual
U31F:MUBARAKUSDT.P,Mubarak/Tether Perpetual
U31F:MUSDT.P,MemeCore/Tether Perpetual
U31F:MVLUSDT.P,
U31F:MYRIAUSDT.P,
U31F:MYROUSDT.P,
U31F:MYXUSDT.P,MYX Finance/Tether Perpetual
U31F:NAORISUSDT.P,Naoris Protocol/Tether Perpetual
U31F:NEARUSD.P,NEARProtocol/US Dollar Perpetual
U31F:NEARUSDC.P,
U31F:NEARUSDT.P,NEAR Protocol/Tether Perpetual
U31F:NEOUSDT.P,Neo/Tether Perpetual
U31F:NEWTUSDT.P,Newton Protocol/Tether Perpetual
U31F:NFPUSDT.P,NFPrompt/Tether Perpetual
U31F:NIGHTUSDT.P,Midnight/Tether Perpetual
U31F:NILUSDT.P,Nillion/Tether Perpetual
U31F:NKNUSDT.P,
U31F:NMRUSDT.P,Numeraire/Tether Perpetual
U31F:NOMUSDT.P,Nomina/Tether Perpetual
U31F:NOTUSDC.P,Notcoin/USDC Perpetual
U31F:NOTUSDT.P,Notcoin/Tether Perpetual
U31F:NSUSDT.P,
U31F:NTRNUSDT.P,Neutron/Tether Perpetual
U31F:NULSUSDT.P,
U31F:NXPCUSDT.P,NEXPACE/Tether Perpetual
U31F:OBOLUSDT.P,
U31F:OBTUSDT.P,
U31F:OCEANUSDT.P,
U31F:OGNUSDT.P,Origin Protocol/Tether Perpetual
U31F:OGUSDT.P,OG Fan Token/Tether Perpetual
U31F:OKBUSDT.P,OKB/Tether Perpetual
U31F:OLUSDT.P,Open Loot/Tether Perpetual
U31F:OMGUSDT.P,
U31F:OMNIUSDT.P,
U31F:OMUSDT.P,
U31F:ONDOUSDC.P,Ondo/USDC Perpetual
U31F:ONDOUSDT.P,Ondo/Tether Perpetual
U31F:ONEUSDT.P,Harmony/Tether Perpetual
U31F:ONGUSDT.P,Ontology Gas/Tether Perpetual
U31F:ONTUSDT.P,Ontology/Tether Perpetual
U31F:OPENUSDT.P,OpenLedger/Tether Perpetual
U31F:OPNUSDT.P,Opinion/Tether Perpetual
U31F:OPUSD.P,Optimism/US Dollar Perpetual
U31F:OPUSDC.P,Optimism/USDC Perpetual
U31F:OPUSDT.P,Optimism/Tether Perpetual
U31F:ORBSUSDT.P,Orbs/Tether Perpetual
U31F:ORCAUSDT.P,Orca/Tether Perpetual
U31F:ORDERUSDT.P,Orderly/Tether Perpetual
U31F:ORDIUSDC.P,ORDI/USDC Perpetual
U31F:ORDIUSDT.P,ORDI/Tether Perpetual
U31F:ORNUSDT.P,
U31F:OSMOUSDT.P,
U31F:OXTUSDT.P,Orchid/Tether Perpetual
U31F:PARTIUSDT.P,Particle Network/Tether Perpetual
U31F:PAXGUSDC.P,PAX Gold/USDC Perpetual
U31F:PAXGUSDT.P,PAX Gold/Tether Perpetual
U31F:PEAQUSDT.P,peaq/Tether Perpetual
U31F:PENDLEUSDC.P,Pendle/USDC Perpetual
U31F:PENDLEUSDT.P,Pendle/Tether Perpetual
U31F:PENGUUSDC.P,Pudgy Penguins/USDC Perpetual
U31F:PENGUUSDT.P,Pudgy Penguins/Tether Perpetual
U31F:PEOPLEUSDT.P,ConstitutionDAO/Tether Perpetual
U31F:PERPUSDT.P,
U31F:PHAUSDT.P,Phala Network/Tether Perpetual
U31F:PHBUSDT.P,
U31F:PIEVERSEUSDT.P,Pieverse/Tether Perpetual
U31F:PIGGYUSDT.P,
U31F:PIPPINUSDT.P,pippin/Tether Perpetual
U31F:PIRATEUSDT.P,
U31F:PIXELUSDT.P,Pixels/Tether Perpetual
U31F:PIXFIUSDT.P,
U31F:PLAYSOUTUSDT.P,PlaysOut/Tether Perpetual
U31F:PLUMEUSDT.P,Plume/Tether Perpetual
U31F:PNUTUSDC.P,Peanut the Squirrel/USDC Perpetual
U31F:PNUTUSDT.P,Peanut the Squirrel/Tether Perpetual
U31F:POLUSDC.P,Polygon/USDC Perpetual
U31F:POLUSDT.P,Polygon/Tether Perpetual
U31F:POLYXUSDT.P,Polymesh/Tether Perpetual
U31F:PONKEUSDT.P,Ponke/Tether Perpetual
U31F:POPCATUSDC.P,Popcat/USDC Perpetual
U31F:POPCATUSDT.P,Popcat/Tether Perpetual
U31F:PORTALUSDT.P,Portal/Tether Perpetual
U31F:POWERUSDT.P,Power Protocol/Tether Perpetual
U31F:POWRUSDT.P,Powerledger/Tether Perpetual
U31F:PRCLUSDT.P,
U31F:PRIMEUSDT.P,
U31F:PROMPTUSDT.P,Wayfinder/Tether Perpetual
U31F:PROMUSDT.P,Prom/Tether Perpetual
U31F:PROVEUSDT.P,Succinct/Tether Perpetual
U31F:PTBUSDT.P,Portal To Bitcoin/Tether Perpetual
U31F:PUFFERUSDT.P,Puffer/Tether Perpetual
U31F:PUMPBTCUSDT.P,PumpBTC/Tether Perpetual
U31F:PUMPFUNUSDC.P,Pump.fun/USDC Perpetual
U31F:PUMPFUNUSDT.P,Pump.fun/Tether Perpetual
U31F:PUMPUSDT.P,
U31F:PUNDIXUSDT.P,PundiX/Tether Perpetual
U31F:PYRUSDT.P,VulcanForged/Tether Perpetual
U31F:PYTHUSDT.P,Pyth Network/Tether Perpetual
U31F:QIUSDT.P,
U31F:QNTUSDT.P,Quant/Tether Perpetual
U31F:QTUMUSDT.P,Qtum/Tether Perpetual
U31F:QUICKUSDT.P,
U31F:QUSDT.P,Quack AI/Tether Perpetual
U31F:RADUSDT.P,
U31F:RAREUSDT.P,SuperRare/Tether Perpetual
U31F:RAVEUSDT.P,RaveDAO/Tether Perpetual
U31F:RAYDIUMUSDT.P,Raydium/Tether Perpetual
U31F:RAYUSDT.P,
U31F:RDNTUSDT.P,Radiant Capital/Tether Perpetual
U31F:RECALLUSDT.P,Recall/Tether Perpetual
U31F:REDUSDT.P,RedStone/Tether Perpetual
U31F:REEFUSDT.P,
U31F:RENDERUSDT.P,Render/Tether Perpetual
U31F:RENUSDT.P,
U31F:REQUSDT.P,Request/Tether Perpetual
U31F:RESOLVUSDC.P,Resolv/USDC Perpetual
U31F:RESOLVUSDT.P,Resolv/Tether Perpetual
U31F:REZUSDT.P,Renzo/Tether Perpetual
U31F:RIFUSDT.P,
U31F:RIVERUSDT.P,River/Tether Perpetual
U31F:RLCUSDT.P,iExec RLC/Tether Perpetual
U31F:RLSUSDT.P,Rayls/Tether Perpetual
U31F:RLUSDUSDT.P,Ripple USD/Tether Perpetual
U31F:ROAMUSDT.P,Roam/Tether Perpetual
U31F:ROBOUSDT.P,Fabric Protocol/Tether Perpetual
U31F:RONINUSDT.P,Ronin/Tether Perpetual
U31F:RONUSDT.P,
U31F:ROSEUSDT.P,Oasis/Tether Perpetual
U31F:RPLUSDT.P,Rocket Pool/Tether Perpetual
U31F:RSRUSDT.P,Reserve Rights/Tether Perpetual
U31F:RSS3USDT.P,
U31F:RUNEUSDT.P,THORChain/Tether Perpetual
U31F:RVNUSDT.P,Ravencoin/Tether Perpetual
U31F:SAFEUSDT.P,Safe/Tether Perpetual
U31F:SAGAUSDT.P,Saga/Tether Perpetual
U31F:SAHARAUSDC.P,Sahara AI/USDC Perpetual
U31F:SAHARAUSDT.P,Sahara AI/Tether Perpetual
U31F:SANDUSDC.P,
U31F:SANDUSDT.P,The Sandbox/Tether Perpetual
U31F:SAPIENUSDT.P,Sapien/Tether Perpetual
U31F:SAROSUSDT.P,
U31F:SCAUSDT.P,
U31F:SCRTUSDT.P,Secret/Tether Perpetual
U31F:SCRUSDT.P,Scroll/Tether Perpetual
U31F:SCUSDT.P,Siacoin/Tether Perpetual
U31F:SDUSDT.P,
U31F:SEIUSDC.P,Sei/USDC Perpetual
U31F:SEIUSDT.P,Sei/Tether Perpetual
U31F:SENDUSDT.P,
U31F:SENTUSDT.P,Sentient/Tether Perpetual
U31F:SERAPHUSDT.P,
U31F:SFPUSDT.P,SafePal/Tether Perpetual
U31F:SHELLUSDT.P,MyShell/Tether Perpetual
U31F:SIGNUSDT.P,Sign/Tether Perpetual
U31F:SIRENUSDT.P,siren/Tether Perpetual
U31F:SKATEUSDT.P,
U31F:SKLUSDT.P,SKALE/Tether Perpetual
U31F:SKRUSDT.P,Solana Mobile Seeker/Tether Perpetual
U31F:SKYAIUSDT.P,
U31F:SKYUSDT.P,Sky/Tether Perpetual
U31F:SLERFUSDT.P,
U31F:SLFUSDT.P,
U31F:SLPUSDT.P,Smooth Love Potion/Tether Perpetual
U31F:SNTUSDT.P,Status/Tether Perpetual
U31F:SNXUSDT.P,Synthetix/Tether Perpetual
U31F:SOLAYERUSDT.P,Solayer/Tether Perpetual
U31F:SOLOUSDT.P,
U31F:SOLUSD.P,Solana/US Dollar Perpetual
U31F:SOLUSDC.240614,
U31F:SOLUSDC.240621,
U31F:SOLUSDC.240628,
U31F:SOLUSDC.240705,
U31F:SOLUSDC.240712,
U31F:SOLUSDC.240719,
U31F:SOLUSDC.240726,
U31F:SOLUSDC.240802,
U31F:SOLUSDC.240809,
U31F:SOLUSDC.240816,
U31F:SOLUSDC.240823,
U31F:SOLUSDC.240830,
U31F:SOLUSDC.240906,
U31F:SOLUSDC.240913,
U31F:SOLUSDC.240920,
U31F:SOLUSDC.240927,
U31F:SOLUSDC.241004,
U31F:SOLUSDC.241011,
U31F:SOLUSDC.241018,
U31F:SOLUSDC.241025,
U31F:SOLUSDC.241101,
U31F:SOLUSDC.241108,
U31F:SOLUSDC.241115,
U31F:SOLUSDC.241122,
U31F:SOLUSDC.241129,
U31F:SOLUSDC.241206,
U31F:SOLUSDC.241213,
U31F:SOLUSDC.241220,
U31F:SOLUSDC.241227,
U31F:SOLUSDC.250103,
U31F:SOLUSDC.250110,
U31F:SOLUSDC.250117,
U31F:SOLUSDC.250124,
U31F:SOLUSDC.250131,
U31F:SOLUSDC.250207,
U31F:SOLUSDC.250214,
U31F:SOLUSDC.250221,
U31F:SOLUSDC.250228,
U31F:SOLUSDC.250307,
U31F:SOLUSDC.250314,
U31F:SOLUSDC.250328,
U31F:SOLUSDC.P,Solana/USDC Perpetual
U31F:SOLUSDT.250321,
U31F:SOLUSDT.250404,
U31F:SOLUSDT.250411,
U31F:SOLUSDT.250418,
U31F:SOLUSDT.250425,
U31F:SOLUSDT.250502,
U31F:SOLUSDT.250509,
U31F:SOLUSDT.250516,
U31F:SOLUSDT.250523,
U31F:SOLUSDT.250530,
U31F:SOLUSDT.250606,
U31F:SOLUSDT.250613,
U31F:SOLUSDT.250620,
U31F:SOLUSDT.250627,
U31F:SOLUSDT.250704,
U31F:SOLUSDT.250711,
U31F:SOLUSDT.250718,
U31F:SOLUSDT.250725,
U31F:SOLUSDT.250801,
U31F:SOLUSDT.250808,
U31F:SOLUSDT.250815,
U31F:SOLUSDT.250822,
U31F:SOLUSDT.250829,
U31F:SOLUSDT.250905,
U31F:SOLUSDT.250912,
U31F:SOLUSDT.250919,
U31F:SOLUSDT.250926,
U31F:SOLUSDT.251003,
U31F:SOLUSDT.251010,
U31F:SOLUSDT.251017,
U31F:SOLUSDT.251024,
U31F:SOLUSDT.251031,
U31F:SOLUSDT.251107,
U31F:SOLUSDT.251114,
U31F:SOLUSDT.251121,
U31F:SOLUSDT.251128,
U31F:SOLUSDT.251205,
U31F:SOLUSDT.251212,
U31F:SOLUSDT.251219,
U31F:SOLUSDT.251226,
U31F:SOLUSDT.260102,
U31F:SOLUSDT.260109,
U31F:SOLUSDT.260116,
U31F:SOLUSDT.260123,
U31F:SOLUSDT.260130,
U31F:SOLUSDT.260206,
U31F:SOLUSDT.260213,
U31F:SOLUSDT.260220,
U31F:SOLUSDT.260227,
U31F:SOLUSDT.260306,
U31F:SOLUSDT.260313,
U31F:SOLUSDT.260320,Solana/Tether (Mar 2026)
U31F:SOLUSDT.260327,Solana/Tether (Mar 2026)
U31F:SOLUSDT.260403,Solana/Tether (Apr 2026)
U31F:SOLUSDT.260424,Solana/Tether (Apr 2026)
U31F:SOLUSDT.P,Solana/Tether Perpetual
U31F:SOLVUSDT.P,Solv Protocol/Tether Perpetual
U31F:SOMIUSDT.P,Somnia/Tether Perpetual
U31F:SONICUSDT.P,Sonic SVM/Tether Perpetual
U31F:SOONUSDT.P,SOON/Tether Perpetual
U31F:SOPHUSDT.P,Sophon/Tether Perpetual
U31F:SOSOUSDT.P,SoSoValue/Tether Perpetual
U31F:SPACEUSDT.P,Spacecoin/Tether Perpetual
U31F:SPECUSDT.P,
U31F:SPELLUSDT.P,Spell Token/Tether Perpetual
U31F:SPKUSDT.P,Spark/Tether Perpetual
U31F:SPORTFUNUSDT.P,Sport.Fun/Tether Perpetual
U31F:SPXUSDC.P,SPX6900/USDC Perpetual
U31F:SPXUSDT.P,SPX6900/Tether Perpetual
U31F:SQDUSDT.P,Subsquid/Tether Perpetual
U31F:SRMUSDT.P,
U31F:SSVUSDT.P,ssv.network/Tether Perpetual
U31F:STABLEUSDT.P,Stable/Tether Perpetual
U31F:STBLUSDT.P,STBL/Tether Perpetual
U31F:STEEMUSDT.P,Steem/Tether Perpetual
U31F:STGUSDT.P,Stargate Finance/Tether Perpetual
U31F:STMXUSDT.P,
U31F:STORJUSDT.P,Storj/Tether Perpetual
U31F:STOUSDT.P,StakeStone/Tether Perpetual
U31F:STRAXUSDT.P,
U31F:STRKUSDC.P,Starknet/USDC Perpetual
U31F:STRKUSDT.P,Starknet/Tether Perpetual
U31F:STXUSDT.P,Stacks/Tether Perpetual
U31F:SUIUSD.P,Sui/US Dollar Perpetual
U31F:SUIUSDC.P,Sui/USDC Perpetual
U31F:SUIUSDT.P,Sui/Tether Perpetual
U31F:SUNDOGUSDT.P,
U31F:SUNUSDT.P,Sun/Tether Perpetual
U31F:SUPERUSDT.P,SuperVerse/Tether Perpetual
U31F:SUSDT.P,Sonic/Tether Perpetual
U31F:SUSHIUSDT.P,SushiSwap/Tether Perpetual
U31F:SWARMSUSDT.P,Swarms/Tether Perpetual
U31F:SWEATUSDC.P,
U31F:SWEATUSDT.P,
U31F:SWELLUSDT.P,
U31F:SXPUSDT.P,Solar/Tether Perpetual
U31F:SXTUSDT.P,Space and Time/Tether Perpetual
U31F:SYNUSDT.P,Synapse/Tether Perpetual
U31F:SYRUPUSDT.P,Maple Finance/Tether Perpetual
U31F:SYSUSDT.P,Syscoin/Tether Perpetual
U31F:TACUSDT.P,TAC Protocol/Tether Perpetual
U31F:TAIKOUSDT.P,Taiko/Tether Perpetual
U31F:TAIUSDT.P,
U31F:TANSSIUSDT.P,
U31F:TAOUSDC.P,Bittensor/USDC Perpetual
U31F:TAOUSDT.P,Bittensor/Tether Perpetual
U31F:TAUSDT.P,Trusta.AI/Tether Perpetual
U31F:THETAUSDT.P,Theta Network/Tether Perpetual
U31F:THEUSDT.P,THENA/Tether Perpetual
U31F:TIAUSDC.P,Celestia/USDC Perpetual
U31F:TIAUSDT.P,Celestia/Tether Perpetual
U31F:TLMUSDT.P,Alien Worlds/Tether Perpetual
U31F:TNSRUSDT.P,Tensor/Tether Perpetual
U31F:TOKENUSDT.P,
U31F:TONUSD.P,Toncoin/US Dollar Perpetual
U31F:TONUSDC.P,Toncoin/USDC Perpetual
U31F:TONUSDT.P,Toncoin/Tether Perpetual
U31F:TOWNSUSDT.P,Towns/Tether Perpetual
U31F:TRBUSDT.P,Tellor/Tether Perpetual
U31F:TREEUSDT.P,Treehouse/Tether Perpetual
U31F:TRIAUSDT.P,Tria/Tether Perpetual
U31F:TROYUSDT.P,
U31F:TRUMPUSDC.P,OFFICIAL TRUMP/USDC Perpetual
U31F:TRUMPUSDT.P,OFFICIAL TRUMP/Tether Perpetual
U31F:TRUSTUSDT.P,Intuition/Tether Perpetual
U31F:TRUTHUSDT.P,Swarm Network/Tether Perpetual
U31F:TRUUSDT.P,TrueFi/Tether Perpetual
U31F:TRXUSDT.P,TRON/Tether Perpetual
U31F:TSTBSCUSDT.P,Test/Tether Perpetual
U31F:TURTLEUSDT.P,Turtle/Tether Perpetual
U31F:TUSDT.P,Threshold/Tether Perpetual
U31F:TUTUSDT.P,Tutorial/Tether Perpetual
U31F:TWTUSDT.P,Trust Wallet Token/Tether Perpetual
U31F:UAIUSDT.P,UnifAI Network/Tether Perpetual
U31F:UBUSDT.P,Unibase/Tether Perpetual
U31F:UMAUSDT.P,UMA/Tether Perpetual
U31F:UNFIUSDT.P,
U31F:UNIUSD.P,Uniswap/US Dollar Perpetual
U31F:UNIUSDC.P,Uniswap/USDC Perpetual
U31F:UNIUSDT.P,Uniswap/Tether Perpetual
U31F:USD1USDT.P,WorldLibertyFinancialUSD/Tether Perpetual
U31F:USDCUSDT.P,USDC/Tether Perpetual
U31F:USDEUSDT.P,Ethena USDe/Tether Perpetual
U31F:USELESSUSDT.P,Useless Coin/Tether Perpetual
U31F:USTCUSDT.P,TerraClassicUSD/Tether Perpetual
U31F:USUALUSDT.P,Usual/Tether Perpetual
U31F:USUSDT.P,Talus Network/Tether Perpetual
U31F:UXLINKUSDT.P,
U31F:VANAUSDT.P,Vana/Tether Perpetual
U31F:VANRYUSDT.P,Vanar Chain/Tether Perpetual
U31F:VELODROMEUSDT.P,Velodrome Finance/Tether Perpetual
U31F:VELOUSDT.P,Velodrome Finance/Tether Perpetual
U31F:VELVETUSDT.P,Velvet/Tether Perpetual
U31F:VETUSDT.P,VeChain/Tether Perpetual
U31F:VFYUSDT.P,zkVerify/Tether Perpetual
U31F:VICUSDT.P,
U31F:VIDTUSDT.P,
U31F:VINEUSDT.P,Vine Coin/Tether Perpetual
U31F:VIRTUALUSDC.P,Virtuals Protocol/USDC Perpetual
U31F:VIRTUALUSDT.P,Virtuals Protocol/Tether Perpetual
U31F:VOXELUSDT.P,
U31F:VRAUSDT.P,
U31F:VTHOUSDT.P,
U31F:VVVUSDT.P,Venice Token/Tether Perpetual
U31F:WALUSDT.P,Walrus/Tether Perpetual
U31F:WAVESUSDT.P,Waves/Tether Perpetual
U31F:WAXPUSDT.P,WAX/Tether Perpetual
U31F:WCTUSDT.P,WalletConnect Token/Tether Perpetual
U31F:WETUSDT.P,Humidifi/Tether Perpetual
U31F:WHITEWHALEUSDT.P,The White Whale/Tether Perpetual
U31F:WIFUSD.P,dogwifhat/US Dollar Perpetual
U31F:WIFUSDC.P,dogwifhat/USDC Perpetual
U31F:WIFUSDT.P,dogwifhat/Tether Perpetual
U31F:WLDUSDC.P,Worldcoin/USDC Perpetual
U31F:WLDUSDT.P,Worldcoin/Tether Perpetual
U31F:WLFIUSDC.P,World Liberty Financial/USDC Perpetual
U31F:WLFIUSDT.P,World Liberty Financial/Tether Perpetual
U31F:WOOUSDT.P,WOO/Tether Perpetual
U31F:WUSDT.P,Wormhole/Tether Perpetual
U31F:XAIUSDT.P,Xai/Tether Perpetual
U31F:XANUSDT.P,Anoma/Tether Perpetual
U31F:XAUTUSDC.P,Tether Gold/USDC Perpetual
U31F:XAUTUSDT.P,Tether Gold/Tether Perpetual
U31F:XCHUSDT.P,
U31F:XCNUSDT.P,Onyxcoin/Tether Perpetual
U31F:XDCUSDT.P,XDC Network/Tether Perpetual
U31F:XEMUSDT.P,
U31F:XIONUSDT.P,XION/Tether Perpetual
U31F:XLMUSD.P,Stellar/US Dollar Perpetual
U31F:XLMUSDC.P,Stellar/USDC Perpetual
U31F:XLMUSDT.P,Stellar/Tether Perpetual
U31F:XMRUSDC.P,Monero/USDC Perpetual
U31F:XMRUSDT.P,Monero/Tether Perpetual
U31F:XNOUSDT.P,
U31F:XNYUSDT.P,Codatta/Tether Perpetual
U31F:XPINUSDT.P,XPIN Network/Tether Perpetual
U31F:XPLUSDT.P,Plasma/Tether Perpetual
U31F:XRPUSD.P,XRP/US Dollar Perpetual
U31F:XRPUSDC.P,XRP/USDC Perpetual
U31F:XRPUSDT.251024,
U31F:XRPUSDT.251031,
U31F:XRPUSDT.251107,
U31F:XRPUSDT.251114,
U31F:XRPUSDT.251121,
U31F:XRPUSDT.251128,
U31F:XRPUSDT.251205,
U31F:XRPUSDT.251212,
U31F:XRPUSDT.251219,
U31F:XRPUSDT.251226,
U31F:XRPUSDT.260102,
U31F:XRPUSDT.260109,
U31F:XRPUSDT.260116,
U31F:XRPUSDT.260123,
U31F:XRPUSDT.260130,
U31F:XRPUSDT.260206,
U31F:XRPUSDT.260213,
U31F:XRPUSDT.260220,
U31F:XRPUSDT.260227,
U31F:XRPUSDT.260306,
U31F:XRPUSDT.260313,
U31F:XRPUSDT.260320,XRP/Tether (Mar 2026)
U31F:XRPUSDT.260327,XRP/Tether (Mar 2026)
U31F:XRPUSDT.260403,XRP/Tether (Apr 2026)
U31F:XRPUSDT.260424,XRP/Tether (Apr 2026)
U31F:XRPUSDT.P,XRP/Tether Perpetual
U31F:XTERUSDT.P,
U31F:XTZUSDT.P,Tezos/Tether Perpetual
U31F:XVGUSDT.P,Verge/Tether Perpetual
U31F:XVSUSDT.P,Venus/Tether Perpetual
U31F:YALAUSDT.P,
U31F:YBUSDT.P,YieldBasis/Tether Perpetual
U31F:YFIUSDT.P,yearn.finance/Tether Perpetual
U31F:YGGUSDT.P,Yield Guild Games/Tether Perpetual
U31F:YZYUSDT.P,YZY MONEY/Tether Perpetual
U31F:ZAMAUSDT.P,Zama/Tether Perpetual
U31F:ZBCNUSDT.P,Zebec Network/Tether Perpetual
U31F:ZBTUSDT.P,ZEROBASE/Tether Perpetual
U31F:ZECUSDT.P,Zcash/Tether Perpetual
U31F:ZENTUSDT.P,
U31F:ZENUSDT.P,Horizen/Tether Perpetual
U31F:ZEREBROUSDT.P,Zerebro/Tether Perpetual
U31F:ZETAUSDT.P,ZetaChain/Tether Perpetual
U31F:ZEUSUSDT.P,
U31F:ZILUSDT.P,Zilliqa/Tether Perpetual
U31F:ZKCUSDT.P,Boundless/Tether Perpetual
U31F:ZKJUSDT.P,
U31F:ZKPUSDT.P,zkPass/Tether Perpetual
U31F:ZKUSDT.P,ZKsync/Tether Perpetual
U31F:ZORAUSDT.P,ZORA/Tether Perpetual
U31F:ZRCUSDT.P,
U31F:ZROUSDT.P,LayerZero/Tether Perpetual
U31F:ZRXUSDT.P,0x Protocol/Tether Perpetual
U31X:0GUSDT,0G/Tether
U31X:1INCHUSDT,1inch/Tether
U31X:2ZUSDC,DoubleZero/USDC
U31X:2ZUSDT,DoubleZero/Tether
U31X:A8USDT,Ancient8/Tether
U31X:AAPLXUSDT,Apple tokenized stock/Tether
U31X:AAVEUSDC,Aave/USDC
U31X:AAVEUSDT,Aave/Tether
U31X:ACHUSDT,Alchemy Pay/Tether
U31X:ACSUSDT,Access Protocol/Tether
U31X:ADAEUR,Cardano/Euro
U31X:ADAMNT,Cardano/Mantle
U31X:ADAUSDC,Cardano/USDC
U31X:ADAUSDT,Cardano/Tether
U31X:AEROUSDT,Aerodrome Finance/Tether
U31X:AEVOUSDT,Aevo/Tether
U31X:AFCUSDT,Arsenal Fan Token/Tether
U31X:AFGUSDT,
U31X:AGIUSDT,Delysium/Tether
U31X:AGLDUSDT,Adventure Gold/Tether
U31X:AI16ZUSDT,
U31X:AIOZUSDT,AIOZ Network/Tether
U31X:AIXBTUSDC,aixbt/USDC
U31X:AIXBTUSDT,aixbt/Tether
U31X:AKIUSDT,
U31X:ALCHUSDT,Alchemist AI/Tether
U31X:ALGOBTC,Algorand/Bitcoin
U31X:ALGOUSDC,Algorand/USDC
U31X:ALGOUSDT,Algorand/Tether
U31X:ALMANAKUSDT,Almanak/Tether
U31X:ALTUSDT,Altlayer/Tether
U31X:AMIUSDT,Amnis Finance/Tether
U31X:AMZNXUSDT,Amazon tokenized stock/Tether
U31X:ANIMEUSDT,Animecoin/Tether
U31X:ANKRUSDT,Ankr/Tether
U31X:AOUSDT,AO/Tether
U31X:APEUSDC,ApeCoin/USDC
U31X:APEUSDT,ApeCoin/Tether
U31X:APEXMNT,ApeX Protocol/Mantle
U31X:APEXUSDC,ApeX Protocol/USDC
U31X:APEXUSDT,ApeX Protocol/Tether
U31X:APPUSDT,
U31X:APTUSDC,Aptos/USDC
U31X:APTUSDT,Aptos/Tether
U31X:ARBUSDC,Arbitrum/USDC
U31X:ARBUSDT,Arbitrum/Tether
U31X:ARKMUSDT,Arkham/Tether
U31X:ARTUSDT,
U31X:ARTYUSDT,Artyfact/Tether
U31X:ARUSDC,Arweave/USDC
U31X:ARUSDT,Arweave/Tether
U31X:ASRRUSDT,
U31X:ASTERUSDT,Aster/Tether
U31X:ATHUSDT,Aethir/Tether
U31X:ATOMUSDC,Cosmos/USDC
U31X:ATOMUSDT,Cosmos/Tether
U31X:AURORAUSDT,Aurora/Tether
U31X:AUSDT,Vaulta/Tether
U31X:AVAILUSDT,Avail/Tether
U31X:AVAUSDT,AVA/Tether
U31X:AVAXEUR,Avalanche/Euro
U31X:AVAXUSDC,Avalanche/USDC
U31X:AVAXUSDT,Avalanche/Tether
U31X:AVLUSDT,Avalon Labs/Tether
U31X:AVNTUSDT,Avantis/Tether
U31X:AXLUSDT,Axelar/Tether
U31X:AXSUSDT,Axie Infinity/Tether
U31X:AZTECUSDT,Aztec/Tether
U31X:B3TRUSDC,
U31X:B3TRUSDT,
U31X:B3USDT,B3/Tether
U31X:BABY1USDT,Babylon/Tether
U31X:BABYDOGEUSDT,Baby Doge Coin/Tether
U31X:BANUSDT,Comedian/Tether
U31X:BARDUSDT,Lombard/Tether
U31X:BATUSDT,Basic Attention Token/Tether
U31X:BBSOLMNT,Bybit Staked SOL/Mantle
U31X:BBSOLSOL,Bybit Staked SOL/Solana
U31X:BBSOLUSDC,Bybit Staked SOL/USDC
U31X:BBSOLUSDT,Bybit Staked SOL/Tether
U31X:BBUSDT,BounceBit/Tether
U31X:BCHUSDC,Bitcoin Cash/USDC
U31X:BCHUSDT,Bitcoin Cash/Tether
U31X:BCUTUSDT,
U31X:BDXNUSDT,BONDEX/Tether
U31X:BEAMUSDT,Beam/Tether
U31X:BELUSDT,Bella Protocol/Tether
U31X:BERAUSDC,Berachain/USDC
U31X:BERAUSDT,Berachain/Tether
U31X:BICOUSDT,Biconomy/Tether
U31X:BIRBUSDT,Moonbirds/Tether
U31X:BLASTUSDT,Blast/Tether
U31X:BLURUSDT,Blur/Tether
U31X:BMTUSDT,Bubblemaps/Tether
U31X:BNBUSDC,BNB/USDC
U31X:BNBUSDT,BNB/Tether
U31X:BOBAUSDT,Boba Network/Tether
U31X:BOMBUSDT,
U31X:BOMEUSDT,BOOK OF MEME/Tether
U31X:BONKUSDC,Bonk/USDC
U31X:BONKUSDT,Bonk/Tether
U31X:BRETTUSDC,Brett/USDC
U31X:BRETTUSDT,Brett/Tether
U31X:BREVUSDT,Brevis/Tether
U31X:BRUSDT,Bedrock/Tether
U31X:BSBUSDT,Block Street/Tether
U31X:BTCAED,Bitcoin/UAE Dirham
U31X:BTCBRL,Bitcoin/Brazilian Real
U31X:BTCBRZ,
U31X:BTCDAI,Bitcoin/Dai
U31X:BTCEUR,Bitcoin/Euro
U31X:BTCPLN,Bitcoin/Zloty
U31X:BTCRLUSD,Bitcoin/Ripple USD
U31X:BTCTRY,Bitcoin/Turkish Lira
U31X:BTCUSDC,Bitcoin/USDC
U31X:BTCUSDE,Bitcoin/Ethena USDe
U31X:BTCUSDQ,
U31X:BTCUSDR,
U31X:BTCUSDT,Bitcoin/Tether
U31X:BTCXUSD,Bitcoin/StraitsX USD
U31X:BTTUSDT,BitTorrent/Tether
U31X:C98USDT,Coin98/Tether
U31X:CAKEUSDT,PancakeSwap/Tether
U31X:CAMPUSDT,Camp Network/Tether
U31X:CARVUSDT,CARV/Tether
U31X:CATIEUR,Catizen/Euro
U31X:CATIUSDC,Catizen/USDC
U31X:CATIUSDT,Catizen/Tether
U31X:CATUSDT,Simon's Cat/Tether
U31X:CBKUSDT,Cobak Token/Tether
U31X:CCUSDC,Canton Network/USDC
U31X:CCUSDT,Canton Network/Tether
U31X:CELOUSDT,Celo/Tether
U31X:CFGUSDT,Centrifuge/Tether
U31X:CGPTUSDT,ChainGPT/Tether
U31X:CHILLGUYUSDT,Just a chill guy/Tether
U31X:CHZUSDC,Chiliz/USDC
U31X:CHZUSDT,Chiliz/Tether
U31X:CITYUSDT,Manchester City Fan Token/Tether
U31X:CLOUDUSDT,Cloud/Tether
U31X:CMETHUSDT,Mantle Restaked Ether/Tether
U31X:COAUSDT,
U31X:COINXUSDT,Coinbase tokenized stock/Tether
U31X:COMMONUSDT,COMMON/Tether
U31X:COMPUSDT,Compound/Tether
U31X:COOKIEUSDT,Cookie DAO/Tether
U31X:COOKUSDT,mETH Protocol/Tether
U31X:COQUSDT,
U31X:COREUSDT,Core/Tether
U31X:CORNUSDT,Corn/Tether
U31X:CPOOLUSDT,Clearpool/Tether
U31X:CRCLXUSDT,Circle tokenized stock/Tether
U31X:CRVUSDC,Curve DAO Token/USDC
U31X:CRVUSDT,Curve DAO Token/Tether
U31X:CSPRUSDT,Casper/Tether
U31X:CTAUSDT,Cross The Ages/Tether
U31X:CTCUSDT,Creditcoin/Tether
U31X:CUDISUSDT,CUDIS/Tether
U31X:CYBERUSDT,Cyber/Tether
U31X:DAIUSDT,Dai/Tether
U31X:DBRUSDT,deBridge/Tether
U31X:DEEPUSDT,DeepBook Protocol/Tether
U31X:DEFIUSDT,
U31X:DEGENUSDT,Degen/Tether
U31X:DGBUSDT,DigiByte/Tether
U31X:DIAMUSDT,DIAM/Tether
U31X:DMAILUSDT,
U31X:DOGEEUR,Dogecoin/Euro
U31X:DOGEMNT,Dogecoin/Mantle
U31X:DOGEUSDC,Dogecoin/USDC
U31X:DOGEUSDT,Dogecoin/Tether
U31X:DOGSEUR,DOGS/Euro
U31X:DOGSUSDC,DOGS/USDC
U31X:DOGSUSDT,DOGS/Tether
U31X:DOLOUSDT,Dolomite/Tether
U31X:DOMEUSDT,
U31X:DOODUSDT,Doodles/Tether
U31X:DOTBTC,Polkadot/Bitcoin
U31X:DOTUSDC,Polkadot/USDC
U31X:DOTUSDT,Polkadot/Tether
U31X:DRIFTUSDT,Drift/Tether
U31X:DUELUSDT,
U31X:DYDXUSDC,dYdX/USDC
U31X:DYDXUSDT,dYdX/Tether
U31X:DYMUSDT,Dymension/Tether
U31X:EATUSDT,375ai/Tether
U31X:EGLDUSDT,MultiversX/Tether
U31X:EGP1USDT,
U31X:EIGENUSDC,EigenLayer/USDC
U31X:EIGENUSDT,EigenLayer/Tether
U31X:ELDEUSDT,
U31X:ELIZAOSUSDT,elizaOS/Tether
U31X:ELONUSDT,Dogelon Mars/Tether
U31X:ELSAUSDT,HeyElsa/Tether
U31X:ELXUSDT,
U31X:ENAEUR,Ethena/Euro
U31X:ENAMNT,Ethena/Mantle
U31X:ENAUSDC,Ethena/USDC
U31X:ENAUSDT,Ethena/Tether
U31X:ENJUSDT,Enjin Coin/Tether
U31X:ENSOUSDT,Enso/Tether
U31X:ENSUSDC,Ethereum Name Service/USDC
U31X:ENSUSDT,Ethereum Name Service/Tether
U31X:EPTUSDT,Balance/Tether
U31X:ERAMNT,
U31X:ERAUSDT,Caldera/Tether
U31X:ESEUSDT,Eesee/Tether
U31X:ESUSDT,BBSOL/Tether
U31X:ETCUSDT,Ethereum Classic/Tether
U31X:ETHAED,Ethereum/UAE Dirham
U31X:ETHBRL,Ethereum/Brazilian Real
U31X:ETHBTC,Ethereum/Bitcoin
U31X:ETHDAI,Ethereum/Dai
U31X:ETHEUR,Ethereum/Euro
U31X:ETHFIUSDT,ether.fi/Tether
U31X:ETHMNT,Ethereum/Mantle
U31X:ETHPLN,Ethereum/Zloty
U31X:ETHRLUSD,Ethereum/Ripple USD
U31X:ETHTRY,Ethereum/Turkish Lira
U31X:ETHUSDC,Ethereum/USDC
U31X:ETHUSDE,Ethereum/Ethena USDe
U31X:ETHUSDT,Ethereum/Tether
U31X:ETHWUSDT,EthereumPoW/Tether
U31X:EVERUSDT,
U31X:FETUSDC,Artificial Superintelligence Alliance/USDC
U31X:FETUSDT,Artificial Superintelligence Alliance/Tether
U31X:FFUSDT,Falcon Finance/Tether
U31X:FHEUSDT,Mind Network/Tether
U31X:FIDAUSDT,Bonfida/Tether
U31X:FIGHTUSDT,FIGHT/Tether
U31X:FILUSDC,Filecoin/USDC
U31X:FILUSDT,Filecoin/Tether
U31X:FITFIUSDT,Step App/Tether
U31X:FLIPUSDT,Chainflip/Tether
U31X:FLOCKUSDT,FLock.io/Tether
U31X:FLOKIUSDC,FLOKI/USDC
U31X:FLOKIUSDT,FLOKI/Tether
U31X:FLOWUSDT,Flow/Tether
U31X:FLRUSDT,Flare/Tether
U31X:FLUIDUSDT,Fluid/Tether
U31X:FOGOUSDT,Fogo/Tether
U31X:FORTUSDT,Forta/Tether
U31X:FOXYUSDT,Foxy/Tether
U31X:FRAGUSDT,
U31X:FRAXUSDT,Frax/Tether
U31X:FTTUSDT,FTX Token/Tether
U31X:FUELUSDT,Fuel Network/Tether
U31X:FUSDT,SynFutures/Tether
U31X:FXSUSDT,
U31X:G3USDT,
U31X:G7USDT,
U31X:GAIBUSDT,GAIB/Tether
U31X:GALAUSDC,
U31X:GALAUSDT,Gala/Tether
U31X:GALFTUSDT,
U31X:GAMEUSDT,GAME by Virtuals/Tether
U31X:GLMRUSDT,Moonbeam/Tether
U31X:GMTUSDC,GMT/USDC
U31X:GMTUSDT,GMT/Tether
U31X:GMXUSDT,GMX/Tether
U31X:GOATUSDT,Goatseus Maximus/Tether
U31X:GODSUSDT,Gods Unchained/Tether
U31X:GOOGLXUSDT,Alphabet tokenized stock/Tether
U31X:GPSUSDT,GoPlus Security/Tether
U31X:GRASSUSDT,Grass/Tether
U31X:GRTUSDT,The Graph/Tether
U31X:GSWIFTUSDT,
U31X:GTAIUSDT,GT Protocol/Tether
U31X:GUSDT,Gravity/Tether
U31X:HAEDALUSDT,Haedal Protocol/Tether
U31X:HBARMNT,Hedera/Mantle
U31X:HBARUSDC,Hedera/USDC
U31X:HBARUSDT,Hedera/Tether
U31X:HFTUSDC,Hashflow/USDC
U31X:HFTUSDT,Hashflow/Tether
U31X:HMNT,Humanity Protocol/Mantle
U31X:HMSTRUSDC,Hamster Kombat/USDC
U31X:HMSTRUSDT,Hamster Kombat/Tether
U31X:HNTUSDT,Helium/Tether
U31X:HOLOUSDT,Holoworld AI/Tether
U31X:HOMEUSDT,Defi App/Tether
U31X:HOODXUSDT,Robinhood tokenized stock/Tether
U31X:HOOKUSDT,Hooked Protocol/Tether
U31X:HPOS10IUSDT,HarryPotterObamaSonic10Inu/Tether
U31X:HTXUSDT,HTX/Tether
U31X:HUMAUSDT,Huma Finance/Tether
U31X:HUSDC,Humanity Protocol/USDC
U31X:HUSDT,Humanity Protocol/Tether
U31X:HYPERUSDT,Hyperlane/Tether
U31X:HYPEUSDT,Hyperliquid/Tether
U31X:ICNTUSDC,Impossible Cloud Network/USDC
U31X:ICNTUSDT,Impossible Cloud Network/Tether
U31X:ICPUSDC,Internet Computer/USDC
U31X:ICPUSDT,Internet Computer/Tether
U31X:ICXUSDT,ICON/Tether
U31X:IDUSDT,SPACE ID/Tether
U31X:IMUUSDT,Immunefi/Tether
U31X:IMXUSDT,Immutable/Tether
U31X:INITUSDT,Initia/Tether
U31X:INJUSDC,Injective/USDC
U31X:INJUSDT,Injective/Tether
U31X:INSPUSDT,Inspect/Tether
U31X:INTERUSDT,Inter Milan Fan Token/Tether
U31X:IOUSDT,io.net/Tether
U31X:IPUSDT,Story/Tether
U31X:IZIUSDT,Izumi Finance/Tether
U31X:JASMYUSDC,JasmyCoin/USDC
U31X:JASMYUSDT,JasmyCoin/Tether
U31X:JEFFUSDT,
U31X:JSTUSDT,JUST/Tether
U31X:JTOUSDC,Jito/USDC
U31X:JTOUSDT,Jito/Tether
U31X:JUPUSDC,Jupiter/USDC
U31X:JUPUSDT,Jupiter/Tether
U31X:JUSDT,
U31X:JUVUSDT,Juventus Fan Token/Tether
U31X:KAIAUSDT,Kaia/Tether
U31X:KASTAUSDT,
U31X:KASUSDC,Kaspa/USDC
U31X:KASUSDT,Kaspa/Tether
U31X:KAVAUSDT,Kava/Tether
U31X:KCSUSDT,KuCoin Token/Tether
U31X:KDAUSDT,
U31X:KILOUSDT,KiloEx/Tether
U31X:KMNOUSDT,Kamino Finance/Tether
U31X:KSMUSDT,Kusama/Tether
U31X:KUBUSDT,KUB Coin/Tether
U31X:KUSDT,
U31X:L3USDT,Layer3/Tether
U31X:LADYSUSDT,
U31X:LAMNT,
U31X:LAUSDT,Lagrange/Tether
U31X:LAVAUSDT,Lava Network/Tether
U31X:LAYERUSDT,Solayer/Tether
U31X:LBTCUSDT,Lombard Staked BTC/Tether
U31X:LDOUSDC,Lido DAO/USDC
U31X:LDOUSDT,Lido DAO/Tether
U31X:LFTUSDT,
U31X:LINEAUSDT,Linea/Tether
U31X:LINKEUR,Chainlink/Euro
U31X:LINKUSDC,Chainlink/USDC
U31X:LINKUSDT,Chainlink/Tether
U31X:LITKEYUSDT,
U31X:LITUSDT,Litentry/Tether
U31X:LLUSDT,
U31X:LMWRUSDT,LimeWire/Tether
U31X:LOOKSUSDT,
U31X:LRCUSDT,Loopring/Tether
U31X:LTCBTC,Litecoin/Bitcoin
U31X:LTCEUR,Litecoin/Euro
U31X:LTCMNT,Litecoin/Mantle
U31X:LTCUSDC,Litecoin/USDC
U31X:LTCUSDT,Litecoin/Tether
U31X:LUNAIUSDT,Luna by Virtuals/Tether
U31X:LUNAUSDT,Terra/Tether
U31X:LUNCUSDC,Terra Classic/USDC
U31X:LUNCUSDT,Terra Classic/Tether
U31X:MAGICUSDT,Treasure/Tether
U31X:MAJORUSDT,Major/Tether
U31X:MANABTC,
U31X:MANAUSDC,Decentraland/USDC
U31X:MANAUSDT,Decentraland/Tether
U31X:MANTAUSDT,Manta Network/Tether
U31X:MANTRAUSDT,MANTRA/Tether
U31X:MASAUSDT,
U31X:MASKUSDT,Mask Network/Tether
U31X:MAVIAUSDT,Heroes of Mavia/Tether
U31X:MBOXUSDT,MOBOX/Tether
U31X:MBXUSDT,MARBLEX/Tether
U31X:MCDXUSDT,McDonald's tokenized stock/Tether
U31X:MCRTUSDT,MagicCraft/Tether
U31X:MDAOUSDT,
U31X:MEEUSDT,Medieval Empires/Tether
U31X:MEMEFIUSDT,
U31X:MEMEUSDT,Memecoin/Tether
U31X:MERLUSDT,Merlin Chain/Tether
U31X:METAXUSDT,Meta tokenized stock/Tether
U31X:METHETH,Mantle Staked Ether/Ethereum
U31X:METHUSDT,Mantle Staked Ether/Tether
U31X:METUSDC,Meteora/USDC
U31X:METUSDT,Meteora/Tether
U31X:MEUSDT,Magic Eden/Tether
U31X:MEWUSDC,cat in a dogs world/USDC
U31X:MEWUSDT,cat in a dogs world/Tether
U31X:MILKUSDT,
U31X:MINAUSDT,Mina/Tether
U31X:MMTUSDT,Momentum/Tether
U31X:MNTBTC,Mantle/Bitcoin
U31X:MNTRLUSD,Mantle/Ripple USD
U31X:MNTUSD1,Mantle/World Liberty Financial USD
U31X:MNTUSDC,Mantle/USDC
U31X:MNTUSDE,Mantle/Ethena USDe
U31X:MNTUSDT,Mantle/Tether
U31X:MOCAUSDT,Moca Network/Tether
U31X:MODEUSDT,
U31X:MOGUSDT,Mog Coin/Tether
U31X:MONPROUSDT,MON/Tether
U31X:MONUSDT,
U31X:MORPHOUSDT,Morpho/Tether
U31X:MOVEUSDC,Movement/USDC
U31X:MOVEUSDT,Movement/Tether
U31X:MOVRUSDT,Moonriver/Tether
U31X:MOZUSDT,
U31X:MPLXUSDT,Metaplex/Tether
U31X:MVLUSDT,MVL/Tether
U31X:MVUSDT,
U31X:MXUSDT,MX Token/Tether
U31X:MYRIAUSDT,
U31X:MYROUSDT,
U31X:NAKAUSDT,Nakamoto Games/Tether
U31X:NAVXUSDT,NAVI Protocol/Tether
U31X:NEAREUR,NEAR Protocol/Euro
U31X:NEARUSDC,NEAR Protocol/USDC
U31X:NEARUSDT,NEAR Protocol/Tether
U31X:NEIROCTOUSDT,Neiro/Tether
U31X:NEONUSDT,Neon EVM/Tether
U31X:NEWTUSDT,Newton Protocol/Tether
U31X:NEXOUSDT,Nexo/Tether
U31X:NFTUSDT,AINFT/Tether
U31X:NIBIUSDT,Nibiru/Tether
U31X:NIGHTUSDT,Midnight/Tether
U31X:NOMUSDT,Nomina/Tether
U31X:NOTUSDC,Notcoin/USDC
U31X:NOTUSDT,Notcoin/Tether
U31X:NRNUSDT,
U31X:NSUSDT,Sui Name Service/Tether
U31X:NVDAXUSDT,NVIDIA tokenized stock/Tether
U31X:NXPCMNT,NEXPACE/Mantle
U31X:NXPCUSDT,NEXPACE/Tether
U31X:NYMUSDT,NYM/Tether
U31X:OASUSDT,Oasys/Tether
U31X:OBOLUSDT,Obol/Tether
U31X:OBTUSDT,Orbiter Finance/Tether
U31X:ODOSUSDT,
U31X:OIKUSDT,
U31X:OLUSDT,Open Loot/Tether
U31X:OMUSDT,
U31X:ONDOEUR,Ondo/Euro
U31X:ONDOMNT,Ondo/Mantle
U31X:ONDOUSDC,Ondo/USDC
U31X:ONDOUSDT,Ondo/Tether
U31X:ONEUSDT,Harmony/Tether
U31X:OPNUSDT,Opinion/Tether
U31X:OPUSDC,Optimism/USDC
U31X:OPUSDT,Optimism/Tether
U31X:ORDERUSDT,Orderly/Tether
U31X:ORDIUSDC,ORDI/USDC
U31X:ORDIUSDT,ORDI/Tether
U31X:ORTUSDT,
U31X:PAALUSDT,PAAL AI/Tether
U31X:PARTIUSDT,Particle Network/Tether
U31X:PAWSUSDT,
U31X:PELLUSDT,
U31X:PENDLEUSDC,
U31X:PENDLEUSDT,Pendle/Tether
U31X:PENGUINUSDT,Nietzschean Penguin/Tether
U31X:PENGUUSDT,Pudgy Penguins/Tether
U31X:PEOPLEUSDT,ConstitutionDAO/Tether
U31X:PEPEEUR,Pepe/Euro
U31X:PEPEMNT,Pepe/Mantle
U31X:PEPEUSDC,Pepe/USDC
U31X:PEPEUSDT,Pepe/Tether
U31X:PERPUSDT,
U31X:PIEVERSEUSDT,Pieverse/Tether
U31X:PINEYEUSDT,
U31X:PIRATEUSDT,Pirate Nation/Tether
U31X:PIXFIUSDT,
U31X:PLUMEUSDT,Plume/Tether
U31X:PNUTUSDT,Peanut the Squirrel/Tether
U31X:POLUSDC,Polygon/USDC
U31X:POLUSDT,Polygon/Tether
U31X:PONKEUSDT,Ponke/Tether
U31X:POPCATUSDT,Popcat/Tether
U31X:PORT3USDT,
U31X:PORTALSUSDT,Portals/Tether
U31X:PORTALUSDT,Portal/Tether
U31X:PRCLUSDT,Parcl/Tether
U31X:PRIMEUSDT,Echelon Prime/Tether
U31X:PROVEUSDT,Succinct/Tether
U31X:PSGUSDT,Paris Saint-Germain Fan Token/Tether
U31X:PSTAKEUSDT,
U31X:PUFFERUSDT,Puffer/Tether
U31X:PUFFUSDT,Puff The Dragon/Tether
U31X:PUMPBTCUSDT,PumpBTC/Tether
U31X:PUMPMNT,PumpBTC/Mantle
U31X:PUMPUSDC,PumpBTC/USDC
U31X:PUMPUSDT,PumpBTC/Tether
U31X:PURSEUSDT,
U31X:PYBOBOUSDT,Capybobo/Tether
U31X:PYTHUSDC,Pyth Network/USDC
U31X:PYTHUSDT,Pyth Network/Tether
U31X:PYUSDUSDT,PayPal USD/Tether
U31X:QNTUSDT,Quant/Tether
U31X:QORPOUSDT,QORPO WORLD/Tether
U31X:QTUMUSDT,Qtum/Tether
U31X:RACAUSDT,
U31X:RATSUSDT,rats/Tether
U31X:RDNTUSDT,Radiant Capital/Tether
U31X:RECALLUSDT,Recall/Tether
U31X:REDUSDT,RedStone/Tether
U31X:RENDERUSDC,Render/USDC
U31X:RENDERUSDT,Render/Tether
U31X:RESOLVUSDT,Resolv/Tether
U31X:RLUSDUSDT,Ripple USD/Tether
U31X:ROAMUSDT,Roam/Tether
U31X:ROBOUSDT,Fabric Protocol/Tether
U31X:ROOTUSDT,
U31X:ROSEUSDT,Oasis/Tether
U31X:RPLUSDT,Rocket Pool/Tether
U31X:RSS3USDT,RSS3/Tether
U31X:RUNEUSDT,THORChain/Tether
U31X:RVNUSDT,Ravencoin/Tether
U31X:SAFEUSDT,Safe/Tether
U31X:SAHARAUSDT,Sahara AI/Tether
U31X:SANDBTC,
U31X:SANDUSDC,The Sandbox/USDC
U31X:SANDUSDT,The Sandbox/Tether
U31X:SAROSUSDT,Saros/Tether
U31X:SATSUSDT,SATS/Tether
U31X:SCAUSDT,Scallop/Tether
U31X:SCORUSDT,SCOR/Tether
U31X:SCRTUSDT,Secret/Tether
U31X:SCRUSDT,Scroll/Tether
U31X:SCUSDT,Siacoin/Tether
U31X:SDUSDT,Stader/Tether
U31X:SEIUSDC,Sei/USDC
U31X:SEIUSDT,Sei/Tether
U31X:SENDUSDT,Suilend/Tether
U31X:SENTUSDT,Sentient/Tether
U31X:SERAPHUSDT,
U31X:SFUNDUSDT,Seedify.fund/Tether
U31X:SHARDSUSDT,
U31X:SHIBEUR,Shiba Inu/Euro
U31X:SHIBUSDC,Shiba Inu/USDC
U31X:SHIBUSDT,Shiba Inu/Tether
U31X:SHRAPUSDT,
U31X:SIDUSUSDT,
U31X:SIGNUSDT,Sign/Tether
U31X:SISUSDT,Symbiosis/Tether
U31X:SKATEUSDT,Skate/Tether
U31X:SKRUSDT,Solana Mobile Seeker/Tether
U31X:SKYUSDT,Sky/Tether
U31X:SLPUSDT,Smooth Love Potion/Tether
U31X:SNXUSDT,Synthetix/Tether
U31X:SOLAED,Solana/UAE Dirham
U31X:SOLBRL,Solana/Brazilian Real
U31X:SOLBTC,Solana/Bitcoin
U31X:SOLEUR,Solana/Euro
U31X:SOLMNT,Solana/Mantle
U31X:SOLOUSDT,
U31X:SOLUSDC,Solana/USDC
U31X:SOLUSDE,Solana/Ethena USDe
U31X:SOLUSDT,Solana/Tether
U31X:SOLVUSDT,Solv Protocol/Tether
U31X:SOMIUSDT,Somnia/Tether
U31X:SONICUSDT,Sonic SVM/Tether
U31X:SOSOUSDT,SoSoValue/Tether
U31X:SPECUSDT,
U31X:SPELLUSDT,Spell Token/Tether
U31X:SPKUSDT,Spark/Tether
U31X:SPXUSDC,SPX6900/USDC
U31X:SPXUSDT,SPX6900/Tether
U31X:SQDUSDT,Subsquid/Tether
U31X:SQRUSDT,
U31X:SQTUSDT,
U31X:SSVUSDT,ssv.network/Tether
U31X:STABLEUSDT,Stable/Tether
U31X:STETHEUR,Lido Staked ETH/Euro
U31X:STETHUSDT,Lido Staked ETH/Tether
U31X:STOPUSDT,
U31X:STREAMUSDT,Streamflow/Tether
U31X:STRKUSDC,Starknet/USDC
U31X:STRKUSDT,Starknet/Tether
U31X:STXUSDC,Stacks/USDC
U31X:STXUSDT,Stacks/Tether
U31X:SUIMNT,Sui/Mantle
U31X:SUIUSDC,Sui/USDC
U31X:SUIUSDT,Sui/Tether
U31X:SUNDOGUSDT,SUNDOG/Tether
U31X:SUNUSDT,Sun/Tether
U31X:SUPRAUSDT,SUPRA/Tether
U31X:SUSDC,Sonic/USDC
U31X:SUSDT,Sonic/Tether
U31X:SUSHIUSDT,SushiSwap/Tether
U31X:SVLUSDT,Slash Vision Labs/Tether
U31X:SWEATUSDT,SWEAT/Tether
U31X:SWELLUSDC,Swell Network/USDC
U31X:SWELLUSDT,Swell Network/Tether
U31X:SXTUSDT,Space and Time/Tether
U31X:SYNDUSDT,Syndicate/Tether
U31X:TACUSDT,TAC Protocol/Tether
U31X:TAIKOUSDT,Taiko/Tether
U31X:TAIUSDT,TARS AI/Tether
U31X:TAUSDT,Trusta.AI/Tether
U31X:TELUSDT,Telcoin/Tether
U31X:THETAUSDT,Theta Network/Tether
U31X:TIAUSDC,Celestia/USDC
U31X:TIAUSDT,Celestia/Tether
U31X:TIMEUSDT,Chrono.tech/Tether
U31X:TNSRUSDT,Tensor/Tether
U31X:TOKENUSDT,TokenFi/Tether
U31X:TONEUR,Toncoin/Euro
U31X:TONUSDC,Toncoin/USDC
U31X:TONUSDT,Toncoin/Tether
U31X:TOSHIUSDT,Toshi/Tether
U31X:TOWNSUSDC,Towns/USDC
U31X:TOWNSUSDT,Towns/Tether
U31X:TRCUSDT,
U31X:TREEUSDT,Treehouse/Tether
U31X:TRIAUSDT,Tria/Tether
U31X:TRUMPMNT,OFFICIAL TRUMP/Mantle
U31X:TRUMPUSDC,OFFICIAL TRUMP/USDC
U31X:TRUMPUSDT,OFFICIAL TRUMP/Tether
U31X:TRVLUSDT,
U31X:TRXUSDC,TRON/USDC
U31X:TRXUSDT,TRON/Tether
U31X:TSLAXUSDT,Tesla tokenized stock/Tether
U31X:TUNAUSDT,DefiTuna/Tether
U31X:TURBOSUSDT,
U31X:TUSDUSDT,TrueUSD/Tether
U31X:TWTUSDT,Trust Wallet Token/Tether
U31X:ULTIUSDT,
U31X:UMAUSDT,UMA/Tether
U31X:UNIUSDC,Uniswap/USDC
U31X:UNIUSDT,Uniswap/Tether
U31X:USATUSDT,USAT/Tether
U31X:USD1USDT,World Liberty Financial USD/Tether
U31X:USDCBRL,USDC/Brazilian Real
U31X:USDCEUR,USDC/Euro
U31X:USDCUSDT,USDC/Tether
U31X:USDDUSDT,USDD/Tether
U31X:USDEUSDC,Ethena USDe/USDC
U31X:USDEUSDT,Ethena USDe/Tether
U31X:USDQUSDT,
U31X:USDRUSDT,
U31X:USDTAED,Tether/UAE Dirham
U31X:USDTBRL,Tether/Brazilian Real
U31X:USDTBRZ,
U31X:USDTBUSDT,Ethena Labs/Tether
U31X:USDTEUR,Tether/Euro
U31X:USDTPLN,Tether/Zloty
U31X:USDTTRY,Tether/Turkish Lira
U31X:USDYUSDT,Ondo US Dollar Yield/Tether
U31X:USTCUSDT,TerraClassicUSD/Tether
U31X:UUSDT,Union/Tether
U31X:UXLINKUSDT,UXLINK/Tether
U31X:VANAUSDT,Vana/Tether
U31X:VANRYUSDT,Vanar Chain/Tether
U31X:VELOUSDT,Velodrome Finance/Tether
U31X:VENOMUSDT,Venom/Tether
U31X:VETUSDT,VeChain/Tether
U31X:VICUSDT,Viction/Tether
U31X:VINUUSDT,Vita Inu/Tether
U31X:VIRTUALMNT,Virtuals Protocol/Mantle
U31X:VIRTUALUSDC,Virtuals Protocol/USDC
U31X:VIRTUALUSDT,Virtuals Protocol/Tether
U31X:VOOIUSDT,VOOI/Tether
U31X:VRAUSDT,
U31X:VTHOUSDT,VeThor Token/Tether
U31X:VVVUSDT,Venice Token/Tether
U31X:WALUSDT,Walrus/Tether
U31X:WAVESUSDT,Waves/Tether
U31X:WAXPUSDT,WAX/Tether
U31X:WBTCBTC,Wrapped Bitcoin/Bitcoin
U31X:WBTCUSDT,Wrapped Bitcoin/Tether
U31X:WCTUSDT,WalletConnect Token/Tether
U31X:WEETHETH,Wrapped eETH/Ethereum
U31X:WEMIXUSDT,WEMIX/Tether
U31X:WENUSDT,
U31X:WETUSDT,Humidifi/Tether
U31X:WHITEWHALEUSDT,The White Whale/Tether
U31X:WIFEUR,dogwifhat/Euro
U31X:WIFUSDC,dogwifhat/USDC
U31X:WIFUSDT,dogwifhat/Tether
U31X:WLDEUR,Worldcoin/Euro
U31X:WLDUSDC,Worldcoin/USDC
U31X:WLDUSDT,Worldcoin/Tether
U31X:WLFIUSDT,World Liberty Financial/Tether
U31X:WOOUSDT,WOO/Tether
U31X:WUSDC,
U31X:WUSDT,Wormhole/Tether
U31X:XAIUSDT,Xai/Tether
U31X:XANUSDT,Anoma/Tether
U31X:XAUTUSDT,Tether Gold/Tether
U31X:XAVAUSDT,Avalaunch/Tether
U31X:XCADUSDT,
U31X:XDCUSDT,XDC Network/Tether
U31X:XECUSDT,
U31X:XEMUSDT,NEM/Tether
U31X:XIONUSDT,XION/Tether
U31X:XLMBTC,Stellar/Bitcoin
U31X:XLMUSDC,Stellar/USDC
U31X:XLMUSDT,Stellar/Tether
U31X:XOUSDT,
U31X:XPLUSDT,Plasma/Tether
U31X:XRPBTC,XRP/Bitcoin
U31X:XRPEUR,XRP/Euro
U31X:XRPMNT,XRP/Mantle
U31X:XRPRLUSD,XRP/Ripple USD
U31X:XRPUSDC,XRP/USDC
U31X:XRPUSDT,XRP/Tether
U31X:XTERUSDT,Xterio/Tether
U31X:XTZUSDT,Tezos/Tether
U31X:XUSDT,
U31X:XUSDUSDT,StraitsX USD/Tether
U31X:YBUSDT,YieldBasis/Tether
U31X:YFIUSDT,yearn.finance/Tether
U31X:ZAMAUSDT,Zama/Tether
U31X:ZBTUSDT,ZEROBASE/Tether
U31X:ZENTUSDT,Zentry/Tether
U31X:ZENUSDT,Horizen/Tether
U31X:ZEREBROUSDT,Zerebro/Tether
U31X:ZEROUSDT,
U31X:ZETAUSDT,ZetaChain/Tether
U31X:ZEXUSDT,Zeta/Tether
U31X:ZIGUSDT,ZIGChain/Tether
U31X:ZILUSDT,Zilliqa/Tether
U31X:ZKCUSDT,Boundless/Tether
U31X:ZKJUSDT,Polyhedra Network/Tether
U31X:ZKLUSDT,
U31X:ZKPUSDT,zkPass/Tether
U31X:ZKUSDC,ZKsync/USDC
U31X:ZKUSDT,ZKsync/Tether
U31X:ZORAUSDT,ZORA/Tether
U31X:ZRCUSDT,Zircuit/Tether
U31X:ZROUSDC,LayerZero/USDC
U31X:ZROUSDT,LayerZero/Tether
U31X:ZRXUSDT,0x Protocol/Tether
U31X:ZTXUSDT,
U32F:0GUSDT.P,
U32F:1000000MOGUSDT.P,
U32F:1000BONKUSDC.P,
U32F:1000BONKUSDT.P,
U32F:1000CATUSDT.P,
U32F:1000RATSUSDT.P,
U32F:1000SATSUSDT.P,
U32F:1000XECUSDT.P,
U32F:1INCHUSDT.P,
U32F:1MBABYDOGEUSDT.P,
U32F:1MCHEEMSUSDT.P,
U32F:2ZUSDT.P,
U32F:4USDT.P,
U32F:A2ZUSDT.P,
U32F:AAVEUSD.P,
U32F:AAVEUSDC.P,
U32F:AAVEUSDT.P,
U32F:ACEUSDT.P,
U32F:ACHUSDT.P,
U32F:ACTUSDT.P,
U32F:ACUUSDT.P,
U32F:ACXUSDT.P,
U32F:ADAUSD.P,
U32F:ADAUSDC.P,
U32F:ADAUSDT.P,
U32F:AERGOUSDT.P,
U32F:AEROUSDT.P,
U32F:AEVOUSDT.P,
U32F:AGIUSDT.P,
U32F:AGLDUSDT.P,
U32F:AINUSDT.P,
U32F:AIOUSDT.P,
U32F:AIUSDT.P,
U32F:AIXBTUSDT.P,
U32F:AKTUSDT.P,
U32F:ALCHUSDT.P,
U32F:ALGOUSDC.P,
U32F:ALGOUSDT.P,
U32F:ALICEUSDT.P,
U32F:ALLOUSDT.P,
U32F:ALTUSDT.P,
U32F:ANIMEUSDT.P,
U32F:ANKRUSDT.P,
U32F:APEUSDT.P,
U32F:API3USDT.P,
U32F:APPUSDT.P,
U32F:APRUSDT.P,
U32F:APTUSD.P,
U32F:APTUSDC.P,
U32F:APTUSDT.P,
U32F:ARBUSDC.P,
U32F:ARBUSDT.P,
U32F:ARCUSDT.P,
U32F:ARIAUSDT.P,
U32F:ARKMUSDT.P,
U32F:ARKUSDT.P,
U32F:ARPAUSDT.P,
U32F:ARUSDT.P,
U32F:ASRUSDT.P,
U32F:ASTERUSDT.P,
U32F:ASTRUSDT.P,
U32F:ATAUSDT.P,
U32F:ATHUSDT.P,
U32F:ATOMUSDT.P,
U32F:ATUSDT.P,
U32F:AUCTIONUSDT.P,
U32F:AUSDT.P,
U32F:AVAUSDT.P,
U32F:AVAXUSD.P,
U32F:AVAXUSDC.P,
U32F:AVAXUSDT.P,
U32F:AVNTUSDT.P,
U32F:AWEUSDT.P,
U32F:AXLUSDT.P,
U32F:AXSUSDT.P,
U32F:AZTECUSDT.P,
U32F:B2USDT.P,
U32F:B3USDT.P,
U32F:BABYUSDT.P,
U32F:BANANAS31USDT.P,
U32F:BANANAUSDT.P,
U32F:BANDUSDT.P,
U32F:BANKUSDT.P,
U32F:BANUSDT.P,
U32F:BARDUSDT.P,
U32F:BASUSDT.P,
U32F:BATUSDT.P,
U32F:BBUSDT.P,
U32F:BCHUSD.P,
U32F:BCHUSDC.P,
U32F:BCHUSDT.P,
U32F:BEAMUSDT.P,
U32F:BEATUSDT.P,
U32F:BELUSDT.P,
U32F:BERAUSDC.P,
U32F:BERAUSDT.P,
U32F:BGBUSDT.P,
U32F:BGSCUSDT.P,
U32F:BICOUSDT.P,
U32F:BIGTIMEUSDT.P,
U32F:BIOUSDC.P,
U32F:BIOUSDT.P,
U32F:BIRBUSDT.P,
U32F:BLASTUSDT.P,
U32F:BLESSUSDT.P,
U32F:BLURUSDT.P,
U32F:BMTUSDT.P,
U32F:BNBUSDC.P,
U32F:BNBUSDT.P,
U32F:BNTUSDT.P,
U32F:BOBUSDT.P,
U32F:BOMEUSDC.P,
U32F:BOMEUSDT.P,
U32F:BRETTUSDT.P,
U32F:BREVUSDT.P,
U32F:BROCCOLIUSDT.P,
U32F:BRUSDT.P,
U32F:BSUUSDT.P,
U32F:BSVUSDT.P,
U32F:BTCUSD.260327,
U32F:BTCUSD.260626,
U32F:BTCUSD.P,
U32F:BTCUSDC.P,
U32F:BTCUSDT.P,
U32F:BUSDT.P,
U32F:C98USDT.P,
U32F:CAKEUSDT.P,
U32F:CAMPUSDT.P,
U32F:CARVUSDT.P,
U32F:CATIUSDT.P,
U32F:CELOUSDT.P,
U32F:CELRUSDT.P,
U32F:CETUSUSDT.P,
U32F:CFGUSDT.P,
U32F:CFXUSDT.P,
U32F:CGPTUSDT.P,
U32F:CHILLGUYUSDT.P,
U32F:CHRUSDT.P,
U32F:CHZUSDT.P,
U32F:CKBUSDT.P,
U32F:CLANKERUSDT.P,
U32F:CLOUSDT.P,
U32F:COAIUSDT.P,
U32F:COMPUSDT.P,
U32F:COOKIEUSDT.P,
U32F:COREUSDT.P,
U32F:COSTUSDT.P,
U32F:COTIUSDT.P,
U32F:COWUSDT.P,
U32F:CROSSUSDT.P,
U32F:CROUSDT.P,
U32F:CRVUSDC.P,
U32F:CRVUSDT.P,
U32F:CTCUSDT.P,
U32F:CTKUSDT.P,
U32F:CTSIUSDT.P,
U32F:CUSDT.P,
U32F:CVCUSDT.P,
U32F:CVXUSDT.P,
U32F:CYBERUSDT.P,
U32F:CYSUSDT.P,
U32F:DASHUSDT.P,
U32F:DEEPUSDT.P,
U32F:DEGENUSDT.P,
U32F:DENTUSDT.P,
U32F:DEXEUSDT.P,
U32F:DFUSDT.P,
U32F:DIAUSDT.P,
U32F:DOGEUSD.P,
U32F:DOGEUSDC.P,
U32F:DOGEUSDT.P,
U32F:DOGSUSDT.P,
U32F:DOLOUSDT.P,
U32F:DOODUSDT.P,
U32F:DOTUSD.P,
U32F:DOTUSDC.P,
U32F:DOTUSDT.P,
U32F:DRIFTUSDT.P,
U32F:DYDXUSDT.P,
U32F:DYMUSDT.P,
U32F:EDENUSDT.P,
U32F:EGLDUSDT.P,
U32F:EIGENUSDC.P,
U32F:EIGENUSDT.P,
U32F:ELSAUSDT.P,
U32F:ENAUSDC.P,
U32F:ENAUSDT.P,
U32F:ENJUSDT.P,
U32F:ENSOUSDT.P,
U32F:ENSUSDC.P,
U32F:ENSUSDT.P,
U32F:EPICUSDT.P,
U32F:ERAUSDT.P,
U32F:ESPORTSUSDT.P,
U32F:ESPUSDT.P,
U32F:ETCUSD.P,
U32F:ETCUSDC.P,
U32F:ETCUSDT.P,
U32F:ETHFIUSDC.P,
U32F:ETHFIUSDT.P,
U32F:ETHUSD.260327,
U32F:ETHUSD.260626,
U32F:ETHUSD.P,
U32F:ETHUSDC.P,
U32F:ETHUSDT.P,
U32F:ETHWUSDT.P,
U32F:EULUSDT.P,
U32F:FARTCOINUSDC.P,
U32F:FARTCOINUSDT.P,
U32F:FETUSDT.P,
U32F:FFUSDT.P,
U32F:FIDAUSDT.P,
U32F:FIGHTUSDT.P,
U32F:FILUSD.P,
U32F:FILUSDC.P,
U32F:FILUSDT.P,
U32F:FLOCKUSDT.P,
U32F:FLOKIUSDT.P,
U32F:FLOWUSDT.P,
U32F:FLUIDUSDT.P,
U32F:FLUXUSDT.P,
U32F:FOGOUSDT.P,
U32F:FOLKSUSDT.P,
U32F:FORMUSDT.P,
U32F:FORTHUSDT.P,
U32F:FRAXUSDT.P,
U32F:FUNTOKENUSDT.P,
U32F:FUNUSDT.P,
U32F:FUSDT.P,
U32F:GALAUSDC.P,
U32F:GALAUSDT.P,
U32F:GASUSDT.P,
U32F:GIGAUSDT.P,
U32F:GIGGLEUSDT.P,
U32F:GLMUSDT.P,
U32F:GMTUSDT.P,
U32F:GMXUSDT.P,
U32F:GNOUSDT.P,
U32F:GOATUSDT.P,
U32F:GPSUSDT.P,
U32F:GRASSUSDT.P,
U32F:GRIFFAINUSDT.P,
U32F:GRTUSDT.P,
U32F:GTCUSDT.P,
U32F:GUNUSDT.P,
U32F:GUSDT.P,
U32F:GWEIUSDT.P,
U32F:HAEDALUSDT.P,
U32F:HBARUSDC.P,
U32F:HBARUSDT.P,
U32F:HEIUSDT.P,
U32F:HFTUSDT.P,
U32F:HIPPOUSDT.P,
U32F:HIVEUSDT.P,
U32F:HMSTRUSDT.P,
U32F:HNTUSDT.P,
U32F:HOLOUSDT.P,
U32F:HOMEUSDT.P,
U32F:HOTUSDT.P,
U32F:HUMAUSDT.P,
U32F:HUSDT.P,
U32F:HYPERUSDT.P,
U32F:HYPEUSDT.P,
U32F:ICNTUSDT.P,
U32F:ICPUSDT.P,
U32F:ICXUSDT.P,
U32F:IDOLUSDT.P,
U32F:IDUSDT.P,
U32F:ILVUSDT.P,
U32F:IMXUSDT.P,
U32F:INITUSDT.P,
U32F:INJUSDT.P,
U32F:INUSDT.P,
U32F:INXUSDT.P,
U32F:IOSTUSDT.P,
U32F:IOTAUSDT.P,
U32F:IOTXUSDT.P,
U32F:IOUSDT.P,
U32F:IPUSDC.P,
U32F:IPUSDT.P,
U32F:IRUSDT.P,
U32F:IRYSUSDT.P,
U32F:JASMYUSDT.P,
U32F:JCTUSDT.P,
U32F:JOEUSDT.P,
U32F:JSTUSDT.P,
U32F:JTOUSDT.P,
U32F:JUPUSDT.P,
U32F:KAIAUSDT.P,
U32F:KAITOUSDC.P,
U32F:KAITOUSDT.P,
U32F:KASUSDT.P,
U32F:KAVAUSDT.P,
U32F:KERNELUSDT.P,
U32F:KGENUSDT.P,
U32F:KITEUSDT.P,
U32F:KMNOUSDT.P,
U32F:KNCUSDT.P,
U32F:KSMUSDT.P,
U32F:LABUSDT.P,
U32F:LAUSDT.P,
U32F:LAYERUSDT.P,
U32F:LDOUSDT.P,
U32F:LIGHTUSDT.P,
U32F:LINEAUSDT.P,
U32F:LINKUSD.P,
U32F:LINKUSDC.P,
U32F:LINKUSDT.P,
U32F:LISTAUSDT.P,
U32F:LITUSDT.P,
U32F:LPTUSDT.P,
U32F:LQTYUSDT.P,
U32F:LRCUSDT.P,
U32F:LSKUSDT.P,
U32F:LTCUSD.P,
U32F:LTCUSDC.P,
U32F:LTCUSDT.P,
U32F:LUMIAUSDT.P,
U32F:LUNAUSDT.P,
U32F:LUNCUSDT.P,
U32F:LYNUSDT.P,
U32F:MAGICUSDT.P,
U32F:MAGMAUSDT.P,
U32F:MANAUSDT.P,
U32F:MANTAUSDT.P,
U32F:MANTRAUSDT.P,
U32F:MASKUSDT.P,
U32F:MAVUSDT.P,
U32F:MBOXUSDT.P,
U32F:MEGAUSDT.P,
U32F:MELANIAUSDT.P,
U32F:MEMEUSDT.P,
U32F:MERLUSDT.P,
U32F:METISUSDT.P,
U32F:METUSDT.P,
U32F:MEUSDT.P,
U32F:MEWUSDT.P,
U32F:MINAUSDT.P,
U32F:MIRAUSDT.P,
U32F:MITOUSDT.P,
U32F:MLNUSDT.P,
U32F:MMTUSDT.P,
U32F:MOCAUSDT.P,
U32F:MONUSDT.P,
U32F:MOODENGUSDT.P,
U32F:MORPHOUSDT.P,
U32F:MOVEUSDT.P,
U32F:MOVRUSDT.P,
U32F:MTLUSDT.P,
U32F:MUBARAKUSDT.P,
U32F:MUSDT.P,
U32F:MYXUSDT.P,
U32F:NAORISUSDT.P,
U32F:NEARUSD.P,
U32F:NEARUSDC.P,
U32F:NEARUSDT.P,
U32F:NEIROCTOUSDT.P,
U32F:NEOUSDC.P,
U32F:NEOUSDT.P,
U32F:NEWTUSDT.P,
U32F:NFPUSDT.P,
U32F:NIGHTUSDT.P,
U32F:NILUSDT.P,
U32F:NMRUSDT.P,
U32F:NOMUSDT.P,
U32F:NOTUSDT.P,
U32F:NTRNUSDT.P,
U32F:NXPCUSDT.P,
U32F:OGNUSDT.P,
U32F:OGUSDT.P,
U32F:OLUSDT.P,
U32F:OMUSDT.P,
U32F:ONDOUSDC.P,
U32F:ONDOUSDT.P,
U32F:ONEUSDT.P,
U32F:ONGUSDT.P,
U32F:ONTUSDT.P,
U32F:OPENUSDT.P,
U32F:OPNUSDT.P,
U32F:OPUSD.P,
U32F:OPUSDC.P,
U32F:OPUSDT.P,
U32F:ORCAUSDT.P,
U32F:ORDERUSDT.P,
U32F:ORDIUSDC.P,
U32F:ORDIUSDT.P,
U32F:OXTUSDT.P,
U32F:PARTIUSDT.P,
U32F:PAXGUSDT.P,
U32F:PEAQUSDT.P,
U32F:PENDLEUSDT.P,
U32F:PENGUUSDC.P,
U32F:PENGUUSDT.P,
U32F:PEOPLEUSDT.P,
U32F:PEPEUSDC.P,
U32F:PEPEUSDT.P,
U32F:PHAUSDT.P,
U32F:PHBUSDT.P,
U32F:PIEVERSEUSDT.P,
U32F:PIPPINUSDT.P,
U32F:PIUSDC.P,
U32F:PIUSDT.P,
U32F:PIXELUSDT.P,
U32F:PLUMEUSDT.P,
U32F:PNUTUSDC.P,
U32F:PNUTUSDT.P,
U32F:POLUSDC.P,
U32F:POLUSDT.P,
U32F:POLYXUSDT.P,
U32F:POPCATUSDC.P,
U32F:POPCATUSDT.P,
U32F:PORTALUSDT.P,
U32F:POWERUSDT.P,
U32F:POWRUSDT.P,
U32F:PROMUSDT.P,
U32F:PROVEUSDT.P,
U32F:PUFFERUSDT.P,
U32F:PUMPUSDT.P,
U32F:PUNDIXUSDT.P,
U32F:PYRUSDT.P,
U32F:PYTHUSDT.P,
U32F:QNTUSDT.P,
U32F:QTUMUSDT.P,
U32F:QUSDT.P,
U32F:RAREUSDT.P,
U32F:RAVEUSDT.P,
U32F:RAYUSDT.P,
U32F:RDNTUSDT.P,
U32F:RECALLUSDT.P,
U32F:REDUSDT.P,
U32F:RENDERUSDT.P,
U32F:RESOLVUSDT.P,
U32F:REZUSDT.P,
U32F:RIVERUSDT.P,
U32F:RLSUSDT.P,
U32F:ROBOUSDT.P,
U32F:RONUSDT.P,
U32F:ROSEUSDT.P,
U32F:RPLUSDT.P,
U32F:RSRUSDT.P,
U32F:RUNEUSDT.P,
U32F:RVNUSDT.P,
U32F:SAFEUSDT.P,
U32F:SAGAUSDT.P,
U32F:SAHARAUSDT.P,
U32F:SANDUSDT.P,
U32F:SANTOSUSDT.P,
U32F:SAPIENUSDT.P,
U32F:SCRTUSDT.P,
U32F:SCRUSDT.P,
U32F:SEIUSDT.P,
U32F:SENTUSDT.P,
U32F:SFPUSDT.P,
U32F:SHELLUSDT.P,
U32F:SHIBUSDC.P,
U32F:SHIBUSDT.P,
U32F:SIGNUSDT.P,
U32F:SIRENUSDT.P,
U32F:SKLUSDT.P,
U32F:SKRUSDT.P,
U32F:SKYAIUSDT.P,
U32F:SKYUSDT.P,
U32F:SLPUSDT.P,
U32F:SNTUSDT.P,
U32F:SNXUSDT.P,
U32F:SOLUSD.P,
U32F:SOLUSDC.P,
U32F:SOLUSDT.P,
U32F:SOLVUSDT.P,
U32F:SOMIUSDT.P,
U32F:SONICUSDT.P,
U32F:SOONUSDT.P,
U32F:SOPHUSDT.P,
U32F:SPACEUSDT.P,
U32F:SPELLUSDT.P,
U32F:SPKUSDT.P,
U32F:SPXUSDT.P,
U32F:SQDUSDT.P,
U32F:SSVUSDT.P,
U32F:STABLEUSDT.P,
U32F:STBLUSDT.P,
U32F:STEEMUSDT.P,
U32F:STGUSDT.P,
U32F:STORJUSDT.P,
U32F:STOUSDT.P,
U32F:STRKUSDC.P,
U32F:STRKUSDT.P,
U32F:STXUSDC.P,
U32F:STXUSDT.P,
U32F:SUIUSD.P,
U32F:SUIUSDC.P,
U32F:SUIUSDT.P,
U32F:SUNUSDT.P,
U32F:SUPERUSDT.P,
U32F:SUSDT.P,
U32F:SUSHIUSDT.P,
U32F:SXTUSDT.P,
U32F:SYNUSDT.P,
U32F:SYRUPUSDT.P,
U32F:SYSUSDT.P,
U32F:TACUSDT.P,
U32F:TAGUSDT.P,
U32F:TAIKOUSDT.P,
U32F:TAIUSDT.P,
U32F:TAKEUSDT.P,
U32F:TAOUSDT.P,
U32F:THETAUSDT.P,
U32F:THEUSDT.P,
U32F:TIAUSDC.P,
U32F:TIAUSDT.P,
U32F:TLMUSDT.P,
U32F:TNSRUSDT.P,
U32F:TONUSDC.P,
U32F:TONUSDT.P,
U32F:TOSHIUSDT.P,
U32F:TOWNSUSDT.P,
U32F:TRBUSDT.P,
U32F:TREEUSDT.P,
U32F:TRIAUSDT.P,
U32F:TRUMPUSDC.P,
U32F:TRUMPUSDT.P,
U32F:TRUSTUSDT.P,
U32F:TRUUSDT.P,
U32F:TRXUSD.P,
U32F:TRXUSDC.P,
U32F:TRXUSDT.P,
U32F:TSTBSCUSDT.P,
U32F:TURBOUSDT.P,
U32F:TUSDT.P,
U32F:TUTUSDT.P,
U32F:UAIUSDT.P,
U32F:UBUSDT.P,
U32F:UMAUSDT.P,
U32F:UNIUSD.P,
U32F:UNIUSDC.P,
U32F:UNIUSDT.P,
U32F:USDCUSDT.P,
U32F:USELESSUSDT.P,
U32F:USTCUSDT.P,
U32F:USUALUSDT.P,
U32F:USUSDT.P,
U32F:VANAUSDC.P,
U32F:VANAUSDT.P,
U32F:VANRYUSDT.P,
U32F:VELODROMEUSDT.P,
U32F:VELOUSDT.P,
U32F:VELVETUSDT.P,
U32F:VETUSDT.P,
U32F:VICUSDT.P,
U32F:VINEUSDT.P,
U32F:VIRTUALUSDT.P,
U32F:VTHOUSDT.P,
U32F:VVVUSDT.P,
U32F:WALUSDT.P,
U32F:WAVESUSDT.P,
U32F:WAXPUSDT.P,
U32F:WCTUSDT.P,
U32F:WETUSDT.P,
U32F:WIFUSD.P,
U32F:WIFUSDC.P,
U32F:WIFUSDT.P,
U32F:WLDUSDC.P,
U32F:WLDUSDT.P,
U32F:WLFIUSDC.P,
U32F:WLFIUSDT.P,
U32F:WOOUSDT.P,
U32F:WUSDT.P,
U32F:XAIUSDT.P,
U32F:XANUSDT.P,
U32F:XAUTUSDT.P,
U32F:XDCUSDT.P,
U32F:XLMUSD.P,
U32F:XLMUSDC.P,
U32F:XLMUSDT.P,
U32F:XMRUSDT.P,
U32F:XPINUSDT.P,
U32F:XPLUSDT.P,
U32F:XRPUSD.P,
U32F:XRPUSDC.P,
U32F:XRPUSDT.P,
U32F:XTZUSDT.P,
U32F:XVGUSDT.P,
U32F:XVSUSDT.P,
U32F:YBUSDT.P,
U32F:YGGUSDT.P,
U32F:ZAMAUSDT.P,
U32F:ZBCNUSDT.P,
U32F:ZBTUSDT.P,
U32F:ZECUSDT.P,
U32F:ZENUSDT.P,
U32F:ZEREBROUSDT.P,
U32F:ZETAUSDT.P,
U32F:ZILUSDT.P,
U32F:ZKCUSDT.P,
U32F:ZKJUSDT.P,
U32F:ZKPUSDT.P,
U32F:ZKUSDT.P,
U32F:ZORAUSDT.P,
U32F:ZROUSDT.P,
U32F:ZRXUSDT.P,
U32X:0GUSDT,
U32X:10SETUSDT,
U32X:1INCHUSDT,
U32X:2ZUSDT,
U32X:A2ZUSDT,
U32X:A47USDT,
U32X:A8USDT,
U32X:AAVEBTC,
U32X:AAVEUSDC,
U32X:AAVEUSDT,
U32X:ABUSDT,
U32X:ACEUSDT,
U32X:ACHUSDT,
U32X:ACMUSDT,
U32X:ACTUSDT,
U32X:ACXUSDT,
U32X:ADAEUR,
U32X:ADAUSDC,
U32X:ADAUSDT,
U32X:AERGOUSDT,
U32X:AEROUSDT,
U32X:AEVOUSDT,
U32X:AFCUSDT,
U32X:AGLDUSDT,
U32X:AIAUSDT,
U32X:AIAVUSDT,
U32X:AINUSDT,
U32X:AIOUSDT,
U32X:AITECHUSDT,
U32X:AIUSDT,
U32X:AIXBTUSDT,
U32X:ALCHUSDT,
U32X:ALGOUSDC,
U32X:ALGOUSDT,
U32X:ALICEUSDT,
U32X:ALLOUSDT,
U32X:ALMANAKUSDT,
U32X:ALPHUSDT,
U32X:ALPINEUSDT,
U32X:ALTUSDT,
U32X:ALUSDT,
U32X:AMPUSDT,
U32X:ANIMEUSDT,
U32X:ANKRUSDT,
U32X:APEUSDT,
U32X:API3USDT,
U32X:APRUSDT,
U32X:APTUSDC,
U32X:APTUSDT,
U32X:AQTUSDT,
U32X:ARBUSDC,
U32X:ARBUSDT,
U32X:ARGUSDT,
U32X:ARIAIPUSDT,
U32X:ARIAUSDT,
U32X:ARKMUSDT,
U32X:ARKUSDT,
U32X:ARPAUSDT,
U32X:ARTXUSDT,
U32X:ARUSDC,
U32X:ARUSDT,
U32X:ASRUSDT,
U32X:ASTERUSDT,
U32X:ASTRUSDT,
U32X:ATHUSDT,
U32X:ATMUSDT,
U32X:ATOMUSDT,
U32X:AUCTIONUSDT,
U32X:AUDIOUSDT,
U32X:AUSDT,
U32X:AVAILUSDT,
U32X:AVAUSDT,
U32X:AVAXBTC,
U32X:AVAXEUR,
U32X:AVAXUSDC,
U32X:AVAXUSDT,
U32X:AVNTUSDT,
U32X:AWEUSDT,
U32X:AXLUSDT,
U32X:AXSUSDT,
U32X:B2USDT,
U32X:BABYDOGEUSDT,
U32X:BABYUSDT,
U32X:BALUSDT,
U32X:BANANAS31USDT,
U32X:BANANAUSDT,
U32X:BANDUSDT,
U32X:BANKUSDT,
U32X:BANUSDT,
U32X:BARDUSDT,
U32X:BARUSDT,
U32X:BATUSDT,
U32X:BAYUSDT,
U32X:BBUSDT,
U32X:BCHUSDC,
U32X:BCHUSDT,
U32X:BDXNUSDT,
U32X:BEAMUSDT,
U32X:BERAUSDT,
U32X:BGBBRL,
U32X:BGBBTC,
U32X:BGBETH,
U32X:BGBEUR,
U32X:BGBUSDC,
U32X:BGBUSDT,
U32X:BGSCUSDT,
U32X:BGSOLUSDT,
U32X:BICOUSDT,
U32X:BIGTIMEUSDT,
U32X:BIOUSDT,
U32X:BIRBUSDT,
U32X:BLASTUSDT,
U32X:BLESSUSDT,
U32X:BLUEUSDT,
U32X:BLUMUSDT,
U32X:BLURUSDT,
U32X:BMTUSDT,
U32X:BNBUSDC,
U32X:BNBUSDT,
U32X:BNTUSDT,
U32X:BOMEUSDT,
U32X:BONKUSDT,
U32X:BOSUSDT,
U32X:BRETTUSDT,
U32X:BREVUSDT,
U32X:BROCCOLIUSDT,
U32X:BRUSDT,
U32X:BSBUSDT,
U32X:BSUUSDT,
U32X:BSVUSDT,
U32X:BTCBRL,
U32X:BTCEUR,
U32X:BTCRLUSD,
U32X:BTCUSD1,
U32X:BTCUSDC,
U32X:BTCUSDE,
U32X:BTCUSDT,
U32X:BTCWUSD,
U32X:BTRUSDT,
U32X:BTTUSDT,
U32X:BTWUSDT,
U32X:BUSDT,
U32X:BYTEUSDT,
U32X:C98USDT,
U32X:CAKEUSDT,
U32X:CAMPUSDT,
U32X:CARVUSDT,
U32X:CATIUSDT,
U32X:CBKUSDT,
U32X:CELOUSDT,
U32X:CELRUSDT,
U32X:CESSUSDT,
U32X:CETUSUSDT,
U32X:CFXUSDT,
U32X:CGNUSDT,
U32X:CGPTUSDT,
U32X:CHEEMSUSDT,
U32X:CHESSUSDT,
U32X:CHILLGUYUSDT,
U32X:CHRUSDT,
U32X:CHZUSDT,
U32X:CKBUSDT,
U32X:CLANKERUSDT,
U32X:COAIUSDT,
U32X:COLLECTUSDT,
U32X:COMMONUSDT,
U32X:COMPUSDT,
U32X:COOKIEUSDT,
U32X:COQUSDT,
U32X:COREUSDT,
U32X:COTIUSDT,
U32X:COWUSDT,
U32X:CPOOLUSDT,
U32X:CREOUSDT,
U32X:CROSSUSDT,
U32X:CROUSDT,
U32X:CRVBTC,
U32X:CRVUSDT,
U32X:CSPRUSDT,
U32X:CTCUSDT,
U32X:CTSIUSDT,
U32X:CUDISUSDT,
U32X:CUSDT,
U32X:CVCUSDT,
U32X:CVXUSDT,
U32X:CYBERUSDT,
U32X:CYSUSDT,
U32X:DAIUSDC,
U32X:DAIUSDT,
U32X:DBRUSDT,
U32X:DEEPUSDT,
U32X:DEGENUSDT,
U32X:DENTUSDT,
U32X:DGRAMUSDT,
U32X:DMCUSDT,
U32X:DNUSDT,
U32X:DODOUSDT,
U32X:DOGEBTC,
U32X:DOGEEUR,
U32X:DOGEUSD1,
U32X:DOGEUSDC,
U32X:DOGEUSDT,
U32X:DOGSUSDT,
U32X:DOGUSDT,
U32X:DOODUSDT,
U32X:DOTUSDC,
U32X:DOTUSDT,
U32X:DRIFTUSDT,
U32X:DTECUSDT,
U32X:DUCKUSDT,
U32X:DUSDT,
U32X:DUSKUSDT,
U32X:DYDXUSDT,
U32X:DYMUSDT,
U32X:EDENUSDT,
U32X:EGL1USDT,
U32X:EGLDUSDT,
U32X:EIGENUSDT,
U32X:ELAUSDT,
U32X:ELIZAOSUSDT,
U32X:ELONUSDT,
U32X:ENAEUR,
U32X:ENAUSDT,
U32X:ENJUSDT,
U32X:ENSOUSDT,
U32X:ENSUSDT,
U32X:EPTUSDT,
U32X:ERAUSDT,
U32X:ESIMUSDT,
U32X:ESPORTSUSDT,
U32X:ESUSDT,
U32X:ETCBTC,
U32X:ETCUSDT,
U32X:ETHBRL,
U32X:ETHBTC,
U32X:ETHEUR,
U32X:ETHFIUSDT,
U32X:ETHRLUSD,
U32X:ETHUSD1,
U32X:ETHUSDC,
U32X:ETHUSDE,
U32X:ETHUSDT,
U32X:ETHWUSDT,
U32X:FARTCOINUSDT,
U32X:FETUSDC,
U32X:FETUSDT,
U32X:FFUSDT,
U32X:FHEUSDT,
U32X:FIDAUSDT,
U32X:FILETH,
U32X:FILUSDC,
U32X:FILUSDT,
U32X:FLKUSDT,
U32X:FLOCKUSDT,
U32X:FLOKIUSDT,
U32X:FLOWUSDT,
U32X:FLUXUSDT,
U32X:FOGOUSDT,
U32X:FORMUSDT,
U32X:FRAXUSDT,
U32X:FROGGIEUSDT,
U32X:FTTUSDT,
U32X:FUELUSDT,
U32X:FUNUSDT,
U32X:FUSDT,
U32X:GAIAUSDT,
U32X:GAIBUSDT,
U32X:GALAUSDT,
U32X:GALFANUSDT,
U32X:GAME2USDT,
U32X:GASUSDT,
U32X:GHOUSDT,
U32X:GHSTUSDT,
U32X:GLMRUSDT,
U32X:GLMUSDT,
U32X:GMTUSDT,
U32X:GMXUSDT,
U32X:GNOUSDT,
U32X:GNSUSDT,
U32X:GOATUSDT,
U32X:GODSUSDT,
U32X:GOMININGUSDT,
U32X:GPSUSDT,
U32X:GRASSUSDT,
U32X:GRTUSDT,
U32X:GUNUSDT,
U32X:GUSDT,
U32X:GWEIUSDT,
U32X:HAEDALUSDT,
U32X:HBARUSDT,
U32X:HEIUSDT,
U32X:HFTUSDT,
U32X:HIGHUSDT,
U32X:HIPPOUSDT,
U32X:HIVEUSDT,
U32X:HMSTRUSDT,
U32X:HNTUSDT,
U32X:HOLDUSDT,
U32X:HOLOUSDT,
U32X:HOMEUSDT,
U32X:HOOKUSDT,
U32X:HOTUSDT,
U32X:HTXUSDT,
U32X:HUMAUSDT,
U32X:HUSDT,
U32X:HYPERUSDT,
U32X:HYPEUSDT,
U32X:IAGUSDT,
U32X:ICNTUSDT,
U32X:ICPUSDC,
U32X:ICPUSDT,
U32X:ICXUSDT,
U32X:IDEXUSDT,
U32X:IDOLUSDT,
U32X:IDUSDT,
U32X:IKAUSDT,
U32X:ILVUSDT,
U32X:IMUUSDT,
U32X:IMXUSDT,
U32X:INITUSDT,
U32X:INJUSDC,
U32X:INJUSDT,
U32X:INTERUSDT,
U32X:INUSDT,
U32X:IOSTUSDT,
U32X:IOTXUSDT,
U32X:IOUSDT,
U32X:IPUSDT,
U32X:IQUSDT,
U32X:IRUSDT,
U32X:IRYSUSDT,
U32X:JASMYUSDT,
U32X:JCTUSDT,
U32X:JELLYJELLYUSDT,
U32X:JOEUSDT,
U32X:JSTUSDT,
U32X:JTOUSDT,
U32X:JUPUSDT,
U32X:JUSDT,
U32X:JUVUSDT,
U32X:KAIAUSDT,
U32X:KAITOUSDT,
U32X:KASUSDT,
U32X:KAVAUSDT,
U32X:KERNELUSDT,
U32X:KGENUSDT,
U32X:KITEUSDT,
U32X:KLVUSDT,
U32X:KMNOUSDT,
U32X:KNCUSDT,
U32X:KOMAUSDT,
U32X:KSMUSDT,
U32X:KUBUSDT,
U32X:KUSDT,
U32X:L3USDT,
U32X:LABUSDT,
U32X:LATUSDT,
U32X:LAUSDT,
U32X:LAYERUSDT,
U32X:LAZIOUSDT,
U32X:LDOUSDT,
U32X:LIGHTUSDT,
U32X:LINEAUSDT,
U32X:LINKBTC,
U32X:LINKEUR,
U32X:LINKUSDC,
U32X:LINKUSDT,
U32X:LISTAUSDT,
U32X:LITUSDT,
U32X:LMWRUSDT,
U32X:LNQUSDT,
U32X:LPTUSDT,
U32X:LQTYUSDT,
U32X:LRCUSDT,
U32X:LSKUSDT,
U32X:LTCBTC,
U32X:LTCETH,
U32X:LTCEUR,
U32X:LTCUSDC,
U32X:LTCUSDT,
U32X:LUMIAUSDT,
U32X:LUNAUSDT,
U32X:LUNCUSDT,
U32X:MAGICUSDT,
U32X:MAGMAUSDT,
U32X:MAKUSDT,
U32X:MANAUSDT,
U32X:MANTAUSDT,
U32X:MANTRAUSDT,
U32X:MAPOUSDT,
U32X:MASAUSDT,
U32X:MASKUSDT,
U32X:MASUSDT,
U32X:MAVUSDT,
U32X:MAXEXCHANGEUSDT,
U32X:MBLUSDT,
U32X:MBOXUSDT,
U32X:MEMEUSDT,
U32X:MERLUSDT,
U32X:METISUSDT,
U32X:METUSDT,
U32X:MEUSDT,
U32X:MEWUSDT,
U32X:MGOUSDT,
U32X:MILKUSDT,
U32X:MINAUSDT,
U32X:MIRAUSDT,
U32X:MLUSDT,
U32X:MMTUSDT,
U32X:MOCAUSDT,
U32X:MOEWUSDT,
U32X:MOGUSDT,
U32X:MONUSDT,
U32X:MOODENGUSDT,
U32X:MORPHOUSDT,
U32X:MOVEUSDT,
U32X:MOVRUSDT,
U32X:MTLUSDT,
U32X:MUBARAKUSDT,
U32X:MUSDT,
U32X:MXUSDT,
U32X:MYXUSDT,
U32X:NAORISUSDT,
U32X:NEAREUR,
U32X:NEARUSDC,
U32X:NEARUSDT,
U32X:NEIROCTOUSDT,
U32X:NEOUSDT,
U32X:NEROUSDT,
U32X:NESSUSDT,
U32X:NEWTUSDT,
U32X:NEXOUSDT,
U32X:NFPUSDT,
U32X:NFTUSDT,
U32X:NILUSDT,
U32X:NKNUSDT,
U32X:NMRUSDT,
U32X:NODEUSDT,
U32X:NOMUSDT,
U32X:NOTUSDT,
U32X:NPCUSDT,
U32X:NSUSDT,
U32X:NTRNUSDT,
U32X:NXPCUSDT,
U32X:NYMUSDT,
U32X:OBOLUSDT,
U32X:OGNUSDT,
U32X:OGUSDT,
U32X:OMUSDT,
U32X:ONDOEUR,
U32X:ONDOUSDC,
U32X:ONDOUSDT,
U32X:ONEUSDT,
U32X:ONGUSDT,
U32X:ONTUSDT,
U32X:OPENUSDT,
U32X:OPNUSDT,
U32X:OPUSDC,
U32X:OPUSDT,
U32X:ORBSUSDT,
U32X:ORCAUSDT,
U32X:ORDERUSDT,
U32X:ORDIUSDT,
U32X:OSMOUSDT,
U32X:OXTUSDT,
U32X:PARTIUSDT,
U32X:PAXGUSDT,
U32X:PCIUSDT,
U32X:PEAQUSDT,
U32X:PENDLEUSDT,
U32X:PENGUINUSDT,
U32X:PENGUUSDT,
U32X:PEOPLEUSDT,
U32X:PEPEEUR,
U32X:PEPEUSDC,
U32X:PEPEUSDT,
U32X:PERPUSDT,
U32X:PHAUSDT,
U32X:PHBUSDT,
U32X:PIUSDT,
U32X:PIXELUSDT,
U32X:PLANCKUSDT,
U32X:PLUMEUSDT,
U32X:PNUTUSDT,
U32X:POLUSDC,
U32X:POLUSDT,
U32X:POLYXUSDT,
U32X:PONDUSDT,
U32X:PORTALUSDT,
U32X:PORTOUSDT,
U32X:POWERUSDT,
U32X:POWRUSDT,
U32X:PRAIUSDT,
U32X:PRCLUSDT,
U32X:PRIMEUSDT,
U32X:PROMPTUSDT,
U32X:PROMUSDT,
U32X:PROPSUSDT,
U32X:PROVEUSDT,
U32X:PSGUSDT,
U32X:PUBLICUSDT,
U32X:PUFFERUSDT,
U32X:PUMPBTCUSDT,
U32X:PUMPUSDT,
U32X:PUNDIXUSDT,
U32X:PUSDT,
U32X:PYRUSDT,
U32X:PYTHUSDT,
U32X:PYUSDUSDT,
U32X:QKCUSDT,
U32X:QNTUSDT,
U32X:QTUMUSDT,
U32X:QUBICUSDT,
U32X:QUICKUSDT,
U32X:QUSDT,
U32X:RAREUSDT,
U32X:RATSUSDT,
U32X:RAVEUSDT,
U32X:RAYUSDT,
U32X:RDACUSDT,
U32X:RDNTUSDT,
U32X:RECALLUSDT,
U32X:REDUSDT,
U32X:RENDERUSDC,
U32X:RENDERUSDT,
U32X:RESOLVUSDT,
U32X:REZUSDT,
U32X:RHEAUSDT,
U32X:RIFUSDT,
U32X:RIVERUSDT,
U32X:RLCUSDT,
U32X:RLSUSDT,
U32X:RLUSDUSDC,
U32X:RLUSDUSDT,
U32X:ROAMUSDT,
U32X:ROBOUSDT,
U32X:ROLLUSDT,
U32X:RONUSDT,
U32X:ROSEUSDT,
U32X:RPLUSDT,
U32X:RSRUSDT,
U32X:RSS3USDT,
U32X:RTXUSDT,
U32X:RUNEUSDT,
U32X:RVNUSDT,
U32X:RVVUSDT,
U32X:RWAUSDT,
U32X:SAFEUSDT,
U32X:SAGAUSDT,
U32X:SAHARAUSDT,
U32X:SANDUSDT,
U32X:SANTOSUSDT,
U32X:SAPIENUSDT,
U32X:SAROSUSDT,
U32X:SATSUSDT,
U32X:SCAUSDT,
U32X:SDEXUSDT,
U32X:SDUSDT,
U32X:SEIUSDT,
U32X:SENTUSDT,
U32X:SFPUSDT,
U32X:SHELLUSDT,
U32X:SHIBEUR,
U32X:SHIBUSDC,
U32X:SHIBUSDT,
U32X:SIGNUSDT,
U32X:SKLUSDT,
U32X:SKRUSDT,
U32X:SKYUSDT,
U32X:SLPUSDT,
U32X:SNEKUSDT,
U32X:SNTUSDT,
U32X:SNXUSDT,
U32X:SOLBTC,
U32X:SOLEUR,
U32X:SOLOUSDT,
U32X:SOLUSD1,
U32X:SOLUSDC,
U32X:SOLUSDE,
U32X:SOLUSDT,
U32X:SOLVUSDT,
U32X:SOMIUSDT,
U32X:SONICUSDT,
U32X:SOONUSDT,
U32X:SOPHUSDT,
U32X:SPACEUSD1,
U32X:SPACEUSDT,
U32X:SPELLUSDT,
U32X:SPKUSDT,
U32X:SSVUSDT,
U32X:STABLEUSDT,
U32X:STETHUSDT,
U32X:STGUSDT,
U32X:STORJUSDT,
U32X:STOUSDT,
U32X:STRAXUSDT,
U32X:STRKUSDT,
U32X:STXUSDC,
U32X:STXUSDT,
U32X:SUIEUR,
U32X:SUIUSD1,
U32X:SUIUSDC,
U32X:SUIUSDT,
U32X:SUNDOGUSDT,
U32X:SUNUSDT,
U32X:SUPERUSDT,
U32X:SUSDT,
U32X:SUSHIUSDT,
U32X:SWARMSUSDT,
U32X:SWCHUSDT,
U32X:SWEATUSDT,
U32X:SWELLUSDT,
U32X:SXPUSDT,
U32X:SXTUSDT,
U32X:SYNUSDT,
U32X:SYRUPUSDT,
U32X:SYSUSDT,
U32X:TACUSDT,
U32X:TAGUSDT,
U32X:TAIKOUSDT,
U32X:TANSSIUSDT,
U32X:TAOUSDC,
U32X:TAOUSDT,
U32X:TCOMUSDT,
U32X:THEUSDT,
U32X:THQUSDT,
U32X:TIAUSDT,
U32X:TLMUSDT,
U32X:TLOSUSDT,
U32X:TNSRUSDT,
U32X:TONEUR,
U32X:TONUSDC,
U32X:TONUSDT,
U32X:TOSHIUSDT,
U32X:TOWNSUSDT,
U32X:TOWNUSDT,
U32X:TRADOORUSDT,
U32X:TRBUSDT,
U32X:TREEUSDT,
U32X:TRIAUSDT,
U32X:TRUMPUSDC,
U32X:TRUMPUSDT,
U32X:TRUSTUSDT,
U32X:TRUUSDT,
U32X:TRXBTC,
U32X:TRXETH,
U32X:TRXUSDC,
U32X:TRXUSDT,
U32X:TURBOUSDT,
U32X:TUSDT,
U32X:TUSDUSDT,
U32X:TUTUSDT,
U32X:TWTUSDT,
U32X:U2UUSDT,
U32X:UAIUSDT,
U32X:UMAUSDT,
U32X:UNIUSDC,
U32X:UNIUSDT,
U32X:UPCUSDT,
U32X:USATUSDT,
U32X:USD1USDC,
U32X:USD1USDT,
U32X:USDCEUR,
U32X:USDCUSD,
U32X:USDCUSDT,
U32X:USDEUSDC,
U32X:USDEUSDT,
U32X:USDSUSDT,
U32X:USDTBRL,
U32X:USDTEUR,
U32X:USDTUSD,
U32X:USTCUSDT,
U32X:USUALUSDT,
U32X:USUSDT,
U32X:UXLINKUSDT,
U32X:VANAUSDT,
U32X:VANRYUSDT,
U32X:VELODROMEUSDT,
U32X:VELOUSDT,
U32X:VELVETUSDT,
U32X:VERTUSDT,
U32X:VETUSDT,
U32X:VFYUSDT,
U32X:VICUSDT,
U32X:VINEUSDT,
U32X:VIRTUALUSDT,
U32X:VOOIUSDT,
U32X:VSNUSDT,
U32X:VTHOUSDT,
U32X:WAIUSDT,
U32X:WALUSDT,
U32X:WARDUSDT,
U32X:WAVESUSDT,
U32X:WAXPUSDT,
U32X:WBTCUSDT,
U32X:WCTUSDT,
U32X:WEETHUSDT,
U32X:WEMIXUSDT,
U32X:WIFEUR,
U32X:WIFUSDT,
U32X:WINUSDT,
U32X:WLDEUR,
U32X:WLDUSDC,
U32X:WLDUSDT,
U32X:WLFIUSDT,
U32X:WOOUSDT,
U32X:WUSDT,
U32X:WUSDUSDT,
U32X:XAIUSDT,
U32X:XAUTUSDT,
U32X:XCXUSDT,
U32X:XDCUSDT,
U32X:XIONUSDT,
U32X:XLMUSDC,
U32X:XLMUSDT,
U32X:XPLUSDT,
U32X:XRPBTC,
U32X:XRPETH,
U32X:XRPEUR,
U32X:XRPRLUSD,
U32X:XRPUSD1,
U32X:XRPUSDC,
U32X:XRPUSDT,
U32X:XTERUSDT,
U32X:XTZUSDT,
U32X:XUSDT,
U32X:YBUSDT,
U32X:YFIUSDT,
U32X:YGGUSDT,
U32X:YZYUSDT,
U32X:ZAMAUSDT,
U32X:ZBCNUSDT,
U32X:ZBTUSDT,
U32X:ZECUSDT,
U32X:ZENTUSDT,
U32X:ZENUSDT,
U32X:ZEREBROUSDT,
U32X:ZETAUSDT,
U32X:ZIGUSDT,
U32X:ZILUSDT,
U32X:ZKCUSDT,
U32X:ZKJUSDT,
U32X:ZKLUSDT,
U32X:ZKUSDT,
U32X:ZORAUSDT,
U32X:ZRCUSDT,
U32X:ZROUSDT,
U32X:ZRXUSDT,
U32X:ZTCUSDT,
UBAF:0GUSDT.P,0G/Tether Perpetual
UBAF:1000000BOBUSDT.P,1000000*Build On BNB/Tether Perpetual
UBAF:1000000MOGUSDT.P,1000000*Mog Coin/Tether Perpetual
UBAF:1000BONKUSDC.P,1000*Bonk/USDC Perpetual
UBAF:1000BONKUSDT.P,1000*Bonk/Tether Perpetual
UBAF:1000CATUSDT.P,1000*Simon's Cat/Tether Perpetual
UBAF:1000CHEEMSUSDT.P,1000*Cheems/Tether Perpetual
UBAF:1000FLOKIUSDT.P,1000*FLOKI/Tether Perpetual
UBAF:1000LUNCUSDT.P,1000*Terra Classic/Tether Perpetual
UBAF:1000PEPEUSDC.P,1000*Pepe/USDC Perpetual
UBAF:1000PEPEUSDT.P,1000*Pepe/Tether Perpetual
UBAF:1000RATSUSDT.P,1000*rats/Tether Perpetual
UBAF:1000SATSUSDT.P,1000*SATS/Tether Perpetual
UBAF:1000SHIBUSDC.P,1000*Shiba Inu/USDC Perpetual
UBAF:1000SHIBUSDT.P,1000*Shiba Inu/Tether Perpetual
UBAF:1000WHYUSDT.P,
UBAF:1000XECUSDT.P,1000*eCash/Tether Perpetual
UBAF:1000XUSDT.P,
UBAF:1INCHUSDT.P,1inch/Tether Perpetual
UBAF:1MBABYDOGEUSDT.P,1M*Baby Doge Coin/Tether Perpetual
UBAF:2ZUSDT.P,DoubleZero/Tether Perpetual
UBAF:42USDT.P,
UBAF:4USDT.P,4/Tether Perpetual
UBAF:A2ZUSDT.P,Arena-Z/Tether Perpetual
UBAF:AAVEUSD.P,Aave/US Dollar Perpetual
UBAF:AAVEUSDC.P,Aave/USDC Perpetual
UBAF:AAVEUSDT.P,Aave/Tether Perpetual
UBAF:ACEUSDT.P,Fusionist/Tether Perpetual
UBAF:ACHUSDT.P,Alchemy Pay/Tether Perpetual
UBAF:ACTUSDT.P,Act I : The AI Prophecy/Tether Perpetual
UBAF:ACUUSDT.P,Acurast/Tether Perpetual
UBAF:ACXUSDT.P,Across Protocol/Tether Perpetual
UBAF:ADAUSD.250926,
UBAF:ADAUSD.P,Cardano/US Dollar Perpetual
UBAF:ADAUSDC.P,Cardano/USDC Perpetual
UBAF:ADAUSDT.P,Cardano/Tether Perpetual
UBAF:AERGOUSDT.P,Aergo/Tether Perpetual
UBAF:AEROUSDT.P,Aerodrome Finance/Tether Perpetual
UBAF:AEVOUSDT.P,Aevo/Tether Perpetual
UBAF:AGIXUSDT.P,
UBAF:AGLDUSDT.P,Adventure Gold/Tether Perpetual
UBAF:AGTUSDT.P,Alaya Governance Token/Tether Perpetual
UBAF:AI16ZUSDT.P,
UBAF:AIAUSDT.P,
UBAF:AINUSDT.P,Infinity Ground/Tether Perpetual
UBAF:AIOTUSDT.P,OKZOO/Tether Perpetual
UBAF:AIOUSDT.P,OLAXBT/Tether Perpetual
UBAF:AIUSDT.P,Sleepless AI/Tether Perpetual
UBAF:AIXBTUSDT.P,aixbt/Tether Perpetual
UBAF:AKEUSDT.P,AKEDO/Tether Perpetual
UBAF:AKTUSDT.P,Akash Network/Tether Perpetual
UBAF:ALCHUSDT.P,Alchemist AI/Tether Perpetual
UBAF:ALGOUSD.P,
UBAF:ALGOUSDT.P,Algorand/Tether Perpetual
UBAF:ALICEUSDT.P,MyNeighborAlice/Tether Perpetual
UBAF:ALLOUSDT.P,Allora/Tether Perpetual
UBAF:ALPACAUSDT.P,
UBAF:ALPHAUSDT.P,
UBAF:ALPINEUSDT.P,Alpine F1 Team Fan Token/Tether Perpetual
UBAF:ALTUSDT.P,Altlayer/Tether Perpetual
UBAF:AMBUSDT.P,
UBAF:ANIMEUSDT.P,Animecoin/Tether Perpetual
UBAF:ANKRUSDT.P,Ankr/Tether Perpetual
UBAF:APEUSD.P,
UBAF:APEUSDT.P,ApeCoin/Tether Perpetual
UBAF:API3USDT.P,API3/Tether Perpetual
UBAF:APRUSDT.P,aPriori/Tether Perpetual
UBAF:APTUSD.P,Aptos/US Dollar Perpetual
UBAF:APTUSDT.P,Aptos/Tether Perpetual
UBAF:ARBUSDC.P,Arbitrum/USDC Perpetual
UBAF:ARBUSDT.P,Arbitrum/Tether Perpetual
UBAF:ARCUSDT.P,AI Rig Complex/Tether Perpetual
UBAF:ARIAUSDT.P,AriaAI/Tether Perpetual
UBAF:ARKMUSDT.P,Arkham/Tether Perpetual
UBAF:ARKUSDT.P,Ark/Tether Perpetual
UBAF:ARPAUSDT.P,ARPA/Tether Perpetual
UBAF:ARUSDT.P,Arweave/Tether Perpetual
UBAF:ASRUSDT.P,AS Roma Fan Token/Tether Perpetual
UBAF:ASTERUSDT.P,Aster/Tether Perpetual
UBAF:ASTRUSDT.P,Astar/Tether Perpetual
UBAF:ATAUSDT.P,Automata Network/Tether Perpetual
UBAF:ATHUSDT.P,Aethir/Tether Perpetual
UBAF:ATOMUSD.P,
UBAF:ATOMUSDT.P,Cosmos/Tether Perpetual
UBAF:ATUSDT.P,APRO/Tether Perpetual
UBAF:AUCTIONUSDT.P,Bounce Token/Tether Perpetual
UBAF:AUSDT.P,Vaulta/Tether Perpetual
UBAF:AVAAIUSDT.P,AVA/Tether Perpetual
UBAF:AVAUSDT.P,AVA/Tether Perpetual
UBAF:AVAXUSD.P,Avalanche/US Dollar Perpetual
UBAF:AVAXUSDC.P,Avalanche/USDC Perpetual
UBAF:AVAXUSDT.P,Avalanche/Tether Perpetual
UBAF:AVNTUSDT.P,Avantis/Tether Perpetual
UBAF:AWEUSDT.P,AWE/Tether Perpetual
UBAF:AXLUSDT.P,Axelar/Tether Perpetual
UBAF:AXSUSD.P,
UBAF:AXSUSDT.P,Axie Infinity/Tether Perpetual
UBAF:AZTECUSDT.P,Aztec/Tether Perpetual
UBAF:B2USDT.P,BSquared Network/Tether Perpetual
UBAF:B3USDT.P,B3/Tether Perpetual
UBAF:BABYUSDT.P,Babylon/Tether Perpetual
UBAF:BADGERUSDT.P,
UBAF:BAKEUSDT.P,
UBAF:BALUSDT.P,
UBAF:BANANAS31USDT.P,Banana For Scale/Tether Perpetual
UBAF:BANANAUSDT.P,Banana Gun/Tether Perpetual
UBAF:BANDUSDT.P,Band/Tether Perpetual
UBAF:BANKUSDT.P,Lorenzo Protocol/Tether Perpetual
UBAF:BANUSDT.P,Comedian/Tether Perpetual
UBAF:BARDUSDT.P,Lombard/Tether Perpetual
UBAF:BASUSDT.P,BNB Attestation Service/Tether Perpetual
UBAF:BATUSDT.P,Basic Attention Token/Tether Perpetual
UBAF:BBUSDT.P,BounceBit/Tether Perpetual
UBAF:BCHUSD.250926,
UBAF:BCHUSD.P,Bitcoin Cash/US Dollar Perpetual
UBAF:BCHUSDC.P,Bitcoin Cash/USDC Perpetual
UBAF:BCHUSDT.P,Bitcoin Cash/Tether Perpetual
UBAF:BDXNUSDT.P,
UBAF:BEAMXUSDT.P,Beam/Tether Perpetual
UBAF:BEATUSDT.P,Audiera/Tether Perpetual
UBAF:BELUSDT.P,Bella Protocol/Tether Perpetual
UBAF:BERAUSDT.P,Berachain/Tether Perpetual
UBAF:BICOUSDT.P,Biconomy/Tether Perpetual
UBAF:BIDUSDT.P,
UBAF:BIGTIMEUSDT.P,Big Time/Tether Perpetual
UBAF:BIOUSDC.P,Bio Protocol/USDC Perpetual
UBAF:BIOUSDT.P,Bio Protocol/Tether Perpetual
UBAF:BIRBUSDT.P,Moonbirds/Tether Perpetual
UBAF:BLESSUSDT.P,Bless/Tether Perpetual
UBAF:BLUAIUSDT.P,Bluwhale/Tether Perpetual
UBAF:BLURUSDT.P,Blur/Tether Perpetual
UBAF:BLZUSDT.P,
UBAF:BMTUSDT.P,Bubblemaps/Tether Perpetual
UBAF:BNBUSD.250926,
UBAF:BNBUSD.251226,
UBAF:BNBUSD.260327,BNB/US Dollar (Mar 2026)
UBAF:BNBUSD.260626,BNB/US Dollar (Jun 2026)
UBAF:BNBUSD.P,BNB/US Dollar Perpetual
UBAF:BNBUSDC.P,BNB/USDC Perpetual
UBAF:BNBUSDT.P,BNB/Tether Perpetual
UBAF:BNTUSDT.P,Bancor/Tether Perpetual
UBAF:BNXUSDT.P,
UBAF:BOBUSDT.P,Build On BNB/Tether Perpetual
UBAF:BOMEUSDC.P,BOOK OF MEME/USDC Perpetual
UBAF:BOMEUSDT.P,BOOK OF MEME/Tether Perpetual
UBAF:BONDUSDT.P,
UBAF:BRETTUSDT.P,Brett/Tether Perpetual
UBAF:BREVUSDT.P,Brevis/Tether Perpetual
UBAF:BROCCOLI714USDT.P,CZ's Dog/Tether Perpetual
UBAF:BROCCOLIF3BUSDT.P,Broccoli/Tether Perpetual
UBAF:BRUSDT.P,Bedrock/Tether Perpetual
UBAF:BSVUSDT.P,Bitcoin SV/Tether Perpetual
UBAF:BSWUSDT.P,
UBAF:BTCSTUSDT.P,
UBAF:BTCUSD.250926,
UBAF:BTCUSD.251226,
UBAF:BTCUSD.260327,Bitcoin/US Dollar (Mar 2026)
UBAF:BTCUSD.260626,Bitcoin/US Dollar (Jun 2026)
UBAF:BTCUSD.P,Bitcoin/US Dollar Perpetual
UBAF:BTCUSDC.P,Bitcoin/USDC Perpetual
UBAF:BTCUSDT.250926,
UBAF:BTCUSDT.251226,
UBAF:BTCUSDT.260327,Bitcoin/Tether (Mar 2026)
UBAF:BTCUSDT.260626,Bitcoin/Tether (Jun 2026)
UBAF:BTCUSDT.P,Bitcoin/Tether Perpetual
UBAF:BTRUSDT.P,Bitlayer/Tether Perpetual
UBAF:BULLAUSDT.P,Bulla/Tether Perpetual
UBAF:BUSDT.P,BUILDon/Tether Perpetual
UBAF:C98USDT.P,Coin98/Tether Perpetual
UBAF:CAKEUSDT.P,PancakeSwap/Tether Perpetual
UBAF:CARVUSDT.P,CARV/Tether Perpetual
UBAF:CATIUSDT.P,Catizen/Tether Perpetual
UBAF:CCUSDT.P,Canton/Tether Perpetual
UBAF:CELOUSDT.P,Celo/Tether Perpetual
UBAF:CELRUSDT.P,Celer Network/Tether Perpetual
UBAF:CETUSUSDT.P,Cetus Protocol/Tether Perpetual
UBAF:CFGUSDT.P,Centrifuge/Tether Perpetual
UBAF:CFXUSDT.P,Conflux/Tether Perpetual
UBAF:CGPTUSDT.P,ChainGPT/Tether Perpetual
UBAF:CHESSUSDT.P,
UBAF:CHILLGUYUSDT.P,Just a chill guy/Tether Perpetual
UBAF:CHRUSDT.P,Chromia/Tether Perpetual
UBAF:CHZUSD.P,
UBAF:CHZUSDT.P,Chiliz/Tether Perpetual
UBAF:CKBUSDT.P,Nervos Network/Tether Perpetual
UBAF:CLANKERUSDT.P,tokenbot/Tether Perpetual
UBAF:CLOUSDT.P,Yei Finance/Tether Perpetual
UBAF:COAIUSDT.P,ChainOpera AI/Tether Perpetual
UBAF:COLLECTUSDT.P,Collect on Fanable/Tether Perpetual
UBAF:COMBOUSDT.P,
UBAF:COMMONUSDT.P,
UBAF:COMPUSDT.P,Compound/Tether Perpetual
UBAF:COOKIEUSDT.P,Cookie DAO/Tether Perpetual
UBAF:COSUSDT.P,Contentos/Tether Perpetual
UBAF:COTIUSDT.P,COTI/Tether Perpetual
UBAF:COWUSDT.P,CoW Protocol/Tether Perpetual
UBAF:CROSSUSDT.P,CROSS/Tether Perpetual
UBAF:CRVUSDC.P,Curve DAO Token/USDC Perpetual
UBAF:CRVUSDT.P,Curve DAO Token/Tether Perpetual
UBAF:CTKUSDT.P,Shentu/Tether Perpetual
UBAF:CTSIUSDT.P,Cartesi/Tether Perpetual
UBAF:CUDISUSDT.P,
UBAF:CUSDT.P,Chainbase/Tether Perpetual
UBAF:CVCUSDT.P,Civic/Tether Perpetual
UBAF:CVXUSDT.P,Convex Finance/Tether Perpetual
UBAF:CYBERUSDT.P,Cyber/Tether Perpetual
UBAF:CYSUSDT.P,Cysic/Tether Perpetual
UBAF:DAMUSDT.P,Reservoir/Tether Perpetual
UBAF:DARUSDT.P,
UBAF:DASHUSDT.P,Dash/Tether Perpetual
UBAF:DEEPUSDT.P,DeepBook Protocol/Tether Perpetual
UBAF:DEGENUSDT.P,Degen/Tether Perpetual
UBAF:DEGOUSDT.P,Dego Finance/Tether Perpetual
UBAF:DENTUSDT.P,Dent/Tether Perpetual
UBAF:DEXEUSDT.P,DeXe/Tether Perpetual
UBAF:DFUSDT.P,
UBAF:DGBUSDT.P,
UBAF:DIAUSDT.P,DIA/Tether Perpetual
UBAF:DMCUSDT.P,
UBAF:DODOXUSDT.P,DODO/Tether Perpetual
UBAF:DOGEUSD.P,Dogecoin/US Dollar Perpetual
UBAF:DOGEUSDC.P,Dogecoin/USDC Perpetual
UBAF:DOGEUSDT.P,Dogecoin/Tether Perpetual
UBAF:DOGSUSD.P,
UBAF:DOGSUSDT.P,DOGS/Tether Perpetual
UBAF:DOLOUSDT.P,Dolomite/Tether Perpetual
UBAF:DOODUSDT.P,Doodles/Tether Perpetual
UBAF:DOTUSD.250926,
UBAF:DOTUSD.P,Polkadot/US Dollar Perpetual
UBAF:DOTUSDT.P,Polkadot/Tether Perpetual
UBAF:DRIFTUSDT.P,Drift/Tether Perpetual
UBAF:DUSDT.P,DAR Open Network/Tether Perpetual
UBAF:DUSKUSDT.P,Dusk/Tether Perpetual
UBAF:DYDXUSDT.P,dYdX/Tether Perpetual
UBAF:DYMUSDT.P,Dymension/Tether Perpetual
UBAF:EDENUSDT.P,OpenEden/Tether Perpetual
UBAF:EDUUSDT.P,Open Campus/Tether Perpetual
UBAF:EGLDUSD.P,
UBAF:EGLDUSDT.P,MultiversX/Tether Perpetual
UBAF:EIGENUSDT.P,EigenLayer/Tether Perpetual
UBAF:ELSAUSDT.P,HeyElsa/Tether Perpetual
UBAF:ENAUSDC.P,Ethena/USDC Perpetual
UBAF:ENAUSDT.P,Ethena/Tether Perpetual
UBAF:ENJUSDT.P,Enjin Coin/Tether Perpetual
UBAF:ENSOUSDT.P,Enso/Tether Perpetual
UBAF:ENSUSD.P,
UBAF:ENSUSDT.P,Ethereum Name Service/Tether Perpetual
UBAF:EPICUSDT.P,Epic Chain/Tether Perpetual
UBAF:EPTUSDT.P,
UBAF:ERAUSDT.P,Caldera/Tether Perpetual
UBAF:ESPORTSUSDT.P,Yooldo/Tether Perpetual
UBAF:ESPUSDT.P,Espresso/Tether Perpetual
UBAF:ETCUSD.P,Ethereum Classic/US Dollar Perpetual
UBAF:ETCUSDT.P,Ethereum Classic/Tether Perpetual
UBAF:ETHBTC.P,Ethereum/Bitcoin Perpetual
UBAF:ETHFIUSDC.P,ether.fi/USDC Perpetual
UBAF:ETHFIUSDT.P,ether.fi/Tether Perpetual
UBAF:ETHUSD.250926,
UBAF:ETHUSD.251226,
UBAF:ETHUSD.260327,Ethereum/US Dollar (Mar 2026)
UBAF:ETHUSD.260626,Ethereum/US Dollar (Jun 2026)
UBAF:ETHUSD.P,Ethereum/US Dollar Perpetual
UBAF:ETHUSDC.P,Ethereum/USDC Perpetual
UBAF:ETHUSDT.250926,
UBAF:ETHUSDT.251226,
UBAF:ETHUSDT.260327,Ethereum/Tether (Mar 2026)
UBAF:ETHUSDT.260626,Ethereum/Tether (Jun 2026)
UBAF:ETHUSDT.P,Ethereum/Tether Perpetual
UBAF:ETHWUSDT.P,EthereumPoW/Tether Perpetual
UBAF:EULUSDT.P,Euler/Tether Perpetual
UBAF:EVAAUSDT.P,EVAA Protocol/Tether Perpetual
UBAF:FARTCOINUSDT.P,Fartcoin/Tether Perpetual
UBAF:FETUSDT.P,Artificial Superintelligence Alliance/Tether Perpetual
UBAF:FFUSDT.P,Falcon Finance/Tether Perpetual
UBAF:FHEUSDT.P,Mind Network/Tether Perpetual
UBAF:FIDAUSDT.P,Bonfida/Tether Perpetual
UBAF:FIGHTUSDT.P,FIGHT/Tether Perpetual
UBAF:FILUSD.P,Filecoin/US Dollar Perpetual
UBAF:FILUSDC.P,Filecoin/USDC Perpetual
UBAF:FILUSDT.P,Filecoin/Tether Perpetual
UBAF:FIOUSDT.P,FIO Protocol/Tether Perpetual
UBAF:FISUSDT.P,
UBAF:FLMUSDT.P,
UBAF:FLOCKUSDT.P,FLock.io/Tether Perpetual
UBAF:FLOWUSDT.P,Flow/Tether Perpetual
UBAF:FLUIDUSDT.P,Fluid/Tether Perpetual
UBAF:FLUXUSDT.P,Flux/Tether Perpetual
UBAF:FOGOUSDT.P,Fogo/Tether Perpetual
UBAF:FOLKSUSDT.P,Folks Finance/Tether Perpetual
UBAF:FORMUSDT.P,Four/Tether Perpetual
UBAF:FORTHUSDT.P,Ampleforth Governance Token/Tether Perpetual
UBAF:FRAXUSDT.P,Frax/Tether Perpetual
UBAF:FTMUSDT.P,
UBAF:FTTUSDT.P,
UBAF:FUNUSDT.P,FUNToken/Tether Perpetual
UBAF:FUSDT.P,SynFutures/Tether Perpetual
UBAF:FXSUSDT.P,
UBAF:GALAUSD.P,
UBAF:GALAUSDT.P,Gala/Tether Perpetual
UBAF:GASUSDT.P,Gas/Tether Perpetual
UBAF:GHSTUSDT.P,
UBAF:GIGGLEUSDT.P,Giggle Fund/Tether Perpetual
UBAF:GLMRUSDT.P,
UBAF:GLMUSDT.P,Golem/Tether Perpetual
UBAF:GMTUSD.P,
UBAF:GMTUSDT.P,GMT/Tether Perpetual
UBAF:GMXUSDT.P,GMX/Tether Perpetual
UBAF:GOATUSDT.P,Goatseus Maximus/Tether Perpetual
UBAF:GPSUSDT.P,GoPlus Security/Tether Perpetual
UBAF:GRASSUSDT.P,Grass/Tether Perpetual
UBAF:GRIFFAINUSDT.P,GRIFFAIN/Tether Perpetual
UBAF:GRTUSDT.P,The Graph/Tether Perpetual
UBAF:GTCUSDT.P,Gitcoin/Tether Perpetual
UBAF:GUAUSDT.P,SUPERFORTUNE/Tether Perpetual
UBAF:GUNUSDT.P,GUNZ/Tether Perpetual
UBAF:GUSDT.P,Gravity/Tether Perpetual
UBAF:GWEIUSDT.P,ETHGas/Tether Perpetual
UBAF:HAEDALUSDT.P,Haedal Protocol/Tether Perpetual
UBAF:HANAUSDT.P,Hana Network/Tether Perpetual
UBAF:HBARUSDC.P,Hedera/USDC Perpetual
UBAF:HBARUSDT.P,Hedera/Tether Perpetual
UBAF:HEIUSDT.P,Heima/Tether Perpetual
UBAF:HEMIUSDT.P,Hemi/Tether Perpetual
UBAF:HFTUSDT.P,Hashflow/Tether Perpetual
UBAF:HIFIUSDT.P,
UBAF:HIGHUSDT.P,Highstreet/Tether Perpetual
UBAF:HIPPOUSDT.P,sudeng/Tether Perpetual
UBAF:HIVEUSDT.P,Hive/Tether Perpetual
UBAF:HMSTRUSDT.P,Hamster Kombat/Tether Perpetual
UBAF:HOLOUSDT.P,Holoworld AI/Tether Perpetual
UBAF:HOMEUSDT.P,Defi App/Tether Perpetual
UBAF:HOOKUSDT.P,Hooked Protocol/Tether Perpetual
UBAF:HOTUSDT.P,Holo/Tether Perpetual
UBAF:HUMAUSDT.P,Huma Finance/Tether Perpetual
UBAF:HUSDT.P,Humanity Protocol/Tether Perpetual
UBAF:HYPERUSDT.P,Hyperlane/Tether Perpetual
UBAF:HYPEUSDT.P,Hyperliquid/Tether Perpetual
UBAF:ICNTUSDT.P,Impossible Cloud Network/Tether Perpetual
UBAF:ICPUSDT.P,Internet Computer/Tether Perpetual
UBAF:ICXUSD.P,
UBAF:ICXUSDT.P,ICON/Tether Perpetual
UBAF:IDEXUSDT.P,
UBAF:IDOLUSDT.P,MEET48/Tether Perpetual
UBAF:IDUSDT.P,SPACE ID/Tether Perpetual
UBAF:ILVUSDT.P,Illuvium/Tether Perpetual
UBAF:IMXUSDT.P,Immutable/Tether Perpetual
UBAF:INITUSDT.P,Initia/Tether Perpetual
UBAF:INJUSDT.P,Injective/Tether Perpetual
UBAF:INUSDT.P,INFINIT/Tether Perpetual
UBAF:INXUSDT.P,Infinex/Tether Perpetual
UBAF:IOSTUSDT.P,IOST/Tether Perpetual
UBAF:IOTAUSDT.P,IOTA/Tether Perpetual
UBAF:IOTXUSDT.P,IoTeX/Tether Perpetual
UBAF:IOUSDT.P,io.net/Tether Perpetual
UBAF:IPUSDC.P,Story/USDC Perpetual
UBAF:IPUSDT.P,Story/Tether Perpetual
UBAF:IRUSDT.P,Infrared/Tether Perpetual
UBAF:IRYSUSDT.P,Irys/Tether Perpetual
UBAF:JASMYUSDT.P,JasmyCoin/Tether Perpetual
UBAF:JCTUSDT.P,Janction/Tether Perpetual
UBAF:JELLYJELLYUSDT.P,Jelly-My-Jelly/Tether Perpetual
UBAF:JOEUSDT.P,JOE/Tether Perpetual
UBAF:JSTUSDT.P,JUST/Tether Perpetual
UBAF:JTOUSDT.P,Jito/Tether Perpetual
UBAF:JUPUSDT.P,Jupiter/Tether Perpetual
UBAF:KAIAUSDT.P,Kaia/Tether Perpetual
UBAF:KAITOUSDC.P,KAITO/USDC Perpetual
UBAF:KAITOUSDT.P,KAITO/Tether Perpetual
UBAF:KASUSDT.P,Kaspa/Tether Perpetual
UBAF:KATUSDT.P,Katana Network/Tether Perpetual
UBAF:KAVAUSDT.P,Kava/Tether Perpetual
UBAF:KDAUSDT.P,
UBAF:KERNELUSDT.P,KernelDAO/Tether Perpetual
UBAF:KEYUSDT.P,
UBAF:KGENUSDT.P,KGeN/Tether Perpetual
UBAF:KITEUSDT.P,Kite/Tether Perpetual
UBAF:KLAYUSDT.P,
UBAF:KMNOUSDT.P,Kamino Finance/Tether Perpetual
UBAF:KNCUSD.P,
UBAF:KNCUSDT.P,Kyber Network Crystal v2/Tether Perpetual
UBAF:KOMAUSDT.P,Koma Inu/Tether Perpetual
UBAF:KSMUSDT.P,Kusama/Tether Perpetual
UBAF:LABUSDT.P,LAB/Tether Perpetual
UBAF:LAUSDT.P,Lagrange/Tether Perpetual
UBAF:LAYERUSDT.P,Solayer/Tether Perpetual
UBAF:LDOUSDT.P,Lido DAO/Tether Perpetual
UBAF:LEVERUSDT.P,
UBAF:LIGHTUSDT.P,Bitlight/Tether Perpetual
UBAF:LINAUSDT.P,
UBAF:LINEAUSDT.P,Linea/Tether Perpetual
UBAF:LINKUSD.250926,
UBAF:LINKUSD.P,Chainlink/US Dollar Perpetual
UBAF:LINKUSDC.P,Chainlink/USDC Perpetual
UBAF:LINKUSDT.P,Chainlink/Tether Perpetual
UBAF:LISTAUSDT.P,Lista DAO/Tether Perpetual
UBAF:LITUSDT.P,Litentry/Tether Perpetual
UBAF:LOKAUSDT.P,
UBAF:LOOMUSDT.P,
UBAF:LPTUSDT.P,Livepeer/Tether Perpetual
UBAF:LQTYUSDT.P,Liquity/Tether Perpetual
UBAF:LRCUSDT.P,Loopring/Tether Perpetual
UBAF:LSKUSDT.P,Lisk/Tether Perpetual
UBAF:LTCUSD.250926,
UBAF:LTCUSD.P,Litecoin/US Dollar Perpetual
UBAF:LTCUSDC.P,Litecoin/USDC Perpetual
UBAF:LTCUSDT.P,Litecoin/Tether Perpetual
UBAF:LUMIAUSDT.P,Lumia/Tether Perpetual
UBAF:LUNA2USDT.P,Terra/Tether Perpetual
UBAF:LYNUSDT.P,Everlyn AI/Tether Perpetual
UBAF:MAGICUSDT.P,Treasure/Tether Perpetual
UBAF:MAGMAUSDT.P,Magma Finance/Tether Perpetual
UBAF:MANAUSD.P,
UBAF:MANAUSDT.P,Decentraland/Tether Perpetual
UBAF:MANTAUSDT.P,Manta Network/Tether Perpetual
UBAF:MANTRAUSDT.P,MANTRA/Tether Perpetual
UBAF:MASKUSDT.P,Mask Network/Tether Perpetual
UBAF:MAVIAUSDT.P,Heroes of Mavia/Tether Perpetual
UBAF:MAVUSDT.P,Maverick Protocol/Tether Perpetual
UBAF:MBOXUSDT.P,MOBOX/Tether Perpetual
UBAF:MDTUSDT.P,
UBAF:MEGAUSDT.P,MegaETH/Tether Perpetual
UBAF:MELANIAUSDT.P,Official Melania Meme/Tether Perpetual
UBAF:MEMEFIUSDT.P,
UBAF:MEMEUSDT.P,Memecoin/Tether Perpetual
UBAF:MERLUSDT.P,Merlin Chain/Tether Perpetual
UBAF:METISUSDT.P,Metis/Tether Perpetual
UBAF:METUSDT.P,Meteora/Tether Perpetual
UBAF:MEUSDT.P,Magic Eden/Tether Perpetual
UBAF:MEWUSDT.P,cat in a dogs world/Tether Perpetual
UBAF:MILKUSDT.P,
UBAF:MINAUSDT.P,Mina/Tether Perpetual
UBAF:MIRAUSDT.P,Mira/Tether Perpetual
UBAF:MITOUSDT.P,Mitosis/Tether Perpetual
UBAF:MKRUSDT.P,
UBAF:MLNUSDT.P,Enzyme/Tether Perpetual
UBAF:MMTUSDT.P,Momentum/Tether Perpetual
UBAF:MOCAUSDT.P,Moca Network/Tether Perpetual
UBAF:MONUSDT.P,Monad/Tether Perpetual
UBAF:MOODENGUSDT.P,Moo Deng/Tether Perpetual
UBAF:MORPHOUSDT.P,Morpho/Tether Perpetual
UBAF:MOVEUSDT.P,Movement/Tether Perpetual
UBAF:MOVRUSDT.P,Moonriver/Tether Perpetual
UBAF:MTLUSDT.P,Metal DAO/Tether Perpetual
UBAF:MUBARAKUSDT.P,Mubarak/Tether Perpetual
UBAF:MUSDT.P,MemeCore/Tether Perpetual
UBAF:MYROUSDT.P,
UBAF:MYXUSDT.P,MYX Finance/Tether Perpetual
UBAF:NAORISUSDT.P,Naoris Protocol/Tether Perpetual
UBAF:NEARUSD.P,NEAR Protocol/US Dollar Perpetual
UBAF:NEARUSDC.P,NEAR Protocol/USDC Perpetual
UBAF:NEARUSDT.P,NEAR Protocol/Tether Perpetual
UBAF:NEIROETHUSDT.P,
UBAF:NEIROUSDT.P,Neiro Ethereum/Tether Perpetual
UBAF:NEOUSDC.P,Neo/USDC Perpetual
UBAF:NEOUSDT.P,Neo/Tether Perpetual
UBAF:NEWTUSDT.P,Newton Protocol/Tether Perpetual
UBAF:NFPUSDT.P,NFPrompt/Tether Perpetual
UBAF:NIGHTUSDT.P,Midnight/Tether Perpetual
UBAF:NILUSDT.P,Nillion/Tether Perpetual
UBAF:NKNUSDT.P,
UBAF:NMRUSDT.P,Numeraire/Tether Perpetual
UBAF:NOMUSDT.P,Nomina/Tether Perpetual
UBAF:NOTUSDT.P,Notcoin/Tether Perpetual
UBAF:NTRNUSDT.P,Neutron/Tether Perpetual
UBAF:NULSUSDT.P,
UBAF:NXPCUSDT.P,NEXPACE/Tether Perpetual
UBAF:OBOLUSDT.P,
UBAF:OCEANUSDT.P,
UBAF:OGNUSDT.P,Origin Protocol/Tether Perpetual
UBAF:OGUSDT.P,OG Fan Token/Tether Perpetual
UBAF:OLUSDT.P,Open Loot/Tether Perpetual
UBAF:OMGUSDT.P,
UBAF:OMNIUSDT.P,
UBAF:OMUSDT.P,
UBAF:ONDOUSDT.P,Ondo/Tether Perpetual
UBAF:ONEUSDT.P,Harmony/Tether Perpetual
UBAF:ONGUSDT.P,Ontology Gas/Tether Perpetual
UBAF:ONTUSDT.P,Ontology/Tether Perpetual
UBAF:ONUSDT.P,Orochi Network/Tether Perpetual
UBAF:OPENUSDT.P,OpenLedger/Tether Perpetual
UBAF:OPNUSDT.P,Opinion/Tether Perpetual
UBAF:OPUSD.P,Optimism/US Dollar Perpetual
UBAF:OPUSDT.P,Optimism/Tether Perpetual
UBAF:ORBSUSDT.P,
UBAF:ORCAUSDT.P,Orca/Tether Perpetual
UBAF:ORDERUSDT.P,Orderly/Tether Perpetual
UBAF:ORDIUSDC.P,ORDI/USDC Perpetual
UBAF:ORDIUSDT.P,ORDI/Tether Perpetual
UBAF:OXTUSDT.P,Orchid/Tether Perpetual
UBAF:PARTIUSDT.P,Particle Network/Tether Perpetual
UBAF:PAXGUSDT.P,PAX Gold/Tether Perpetual
UBAF:PENDLEUSDT.P,Pendle/Tether Perpetual
UBAF:PENGUUSDC.P,Pudgy Penguins/USDC Perpetual
UBAF:PENGUUSDT.P,Pudgy Penguins/Tether Perpetual
UBAF:PEOPLEUSDT.P,ConstitutionDAO/Tether Perpetual
UBAF:PERPUSDT.P,
UBAF:PHAUSDT.P,Phala Network/Tether Perpetual
UBAF:PHBUSDT.P,Phoenix/Tether Perpetual
UBAF:PIEVERSEUSDT.P,Pieverse/Tether Perpetual
UBAF:PIPPINUSDT.P,pippin/Tether Perpetual
UBAF:PIXELUSDT.P,Pixels/Tether Perpetual
UBAF:PLAYUSDT.P,PlaysOut/Tether Perpetual
UBAF:PLUMEUSDT.P,Plume/Tether Perpetual
UBAF:PNUTUSDC.P,Peanut the Squirrel/USDC Perpetual
UBAF:PNUTUSDT.P,Peanut the Squirrel/Tether Perpetual
UBAF:POLUSDT.P,POL/Tether Perpetual
UBAF:POLYXUSDT.P,Polymesh/Tether Perpetual
UBAF:PONKEUSDT.P,
UBAF:POPCATUSDT.P,Popcat /Tether Perpetual
UBAF:PORT3USDT.P,
UBAF:PORTALUSDT.P,Portal/Tether Perpetual
UBAF:POWERUSDT.P,Power Protocol/Tether Perpetual
UBAF:POWRUSDT.P,Powerledger/Tether Perpetual
UBAF:PROMPTUSDT.P,Wayfinder/Tether Perpetual
UBAF:PROMUSDT.P,Prom/Tether Perpetual
UBAF:PROVEUSDT.P,Succinct/Tether Perpetual
UBAF:PTBUSDT.P,Portal To Bitcoin/Tether Perpetual
UBAF:PUFFERUSDT.P,Puffer/Tether Perpetual
UBAF:PUMPBTCUSDT.P,pumpBTC /Tether Perpetual
UBAF:PUMPUSDT.P,Pump.fun/Tether Perpetual
UBAF:PUNDIXUSDT.P,PundiX/Tether Perpetual
UBAF:PYTHUSDT.P,Pyth Network/Tether Perpetual
UBAF:QNTUSDT.P,Quant/Tether Perpetual
UBAF:QTUMUSDT.P,Qtum/Tether Perpetual
UBAF:QUICKUSDT.P,
UBAF:QUSDT.P,Quack AI/Tether Perpetual
UBAF:RADUSDT.P,
UBAF:RAREUSDT.P,SuperRare/Tether Perpetual
UBAF:RAVEUSDT.P,RaveDAO/Tether Perpetual
UBAF:RAYSOLUSDT.P,Raydium/Tether Perpetual
UBAF:RAYUSDT.P,
UBAF:RDNTUSDT.P,Radiant Capital/Tether Perpetual
UBAF:RECALLUSDT.P,Recall/Tether Perpetual
UBAF:REDUSDT.P,RedStone/Tether Perpetual
UBAF:REEFUSDT.P,
UBAF:REIUSDT.P,
UBAF:RENDERUSDT.P,Render/Tether Perpetual
UBAF:RENUSDT.P,
UBAF:RESOLVUSDT.P,Resolv/Tether Perpetual
UBAF:REZUSDT.P,Renzo/Tether Perpetual
UBAF:RIFUSDT.P,Rootstock Infrastructure Framework/Tether Perpetual
UBAF:RIVERUSDT.P,River/Tether Perpetual
UBAF:RLCUSDT.P,iExec RLC/Tether Perpetual
UBAF:RLSUSDT.P,Rayls/Tether Perpetual
UBAF:ROBOUSDT.P,Fabric Protocol/Tether Perpetual
UBAF:RONINUSDT.P,Ronin/Tether Perpetual
UBAF:ROSEUSD.P,
UBAF:ROSEUSDT.P,Oasis/Tether Perpetual
UBAF:RPLUSDT.P,Rocket Pool/Tether Perpetual
UBAF:RSRUSDT.P,Reserve Rights/Tether Perpetual
UBAF:RUNEUSD.P,
UBAF:RUNEUSDT.P,THORChain/Tether Perpetual
UBAF:RVNUSDT.P,Ravencoin/Tether Perpetual
UBAF:RVVUSDT.P,
UBAF:SAFEUSDT.P,Safe/Tether Perpetual
UBAF:SAGAUSDT.P,Saga/Tether Perpetual
UBAF:SAHARAUSDT.P,Sahara AI/Tether Perpetual
UBAF:SANDUSD.P,
UBAF:SANDUSDT.P,The Sandbox/Tether Perpetual
UBAF:SANTOSUSDT.P,Santos FC Fan Token/Tether Perpetual
UBAF:SAPIENUSDT.P,Sapien/Tether Perpetual
UBAF:SCRTUSDT.P,Secret/Tether Perpetual
UBAF:SCRUSDT.P,Scroll/Tether Perpetual
UBAF:SCUSDT.P,
UBAF:SEIUSDT.P,Sei/Tether Perpetual
UBAF:SENTUSDT.P,Sentient/Tether Perpetual
UBAF:SFPUSDT.P,SafePal/Tether Perpetual
UBAF:SHELLUSDT.P,MyShell/Tether Perpetual
UBAF:SIGNUSDT.P,Sign/Tether Perpetual
UBAF:SIRENUSDT.P,siren/Tether Perpetual
UBAF:SKATEUSDT.P,
UBAF:SKLUSDT.P,SKALE/Tether Perpetual
UBAF:SKRUSDT.P,Solana Mobile Seeker/Tether Perpetual
UBAF:SKYAIUSDT.P,SKYAI/Tether Perpetual
UBAF:SKYUSDT.P,Sky/Tether Perpetual
UBAF:SLERFUSDT.P,
UBAF:SLPUSDT.P,Smooth Love Potion/Tether Perpetual
UBAF:SNTUSDT.P,
UBAF:SNXUSDT.P,Synthetix/Tether Perpetual
UBAF:SOLUSD.250926,
UBAF:SOLUSD.251226,
UBAF:SOLUSD.260327,Solana/US Dollar (Mar 2026)
UBAF:SOLUSD.260626,Solana/US Dollar (Jun 2026)
UBAF:SOLUSD.P,Solana/US Dollar Perpetual
UBAF:SOLUSDC.P,Solana/USDC Perpetual
UBAF:SOLUSDT.P,Solana/Tether Perpetual
UBAF:SOLVUSDT.P,Solv Protocol/Tether Perpetual
UBAF:SOMIUSDT.P,Somnia/Tether Perpetual
UBAF:SONICUSDT.P,Sonic SVM/Tether Perpetual
UBAF:SOONUSDT.P,SOON/Tether Perpetual
UBAF:SOPHUSDT.P,Sophon/Tether Perpetual
UBAF:SPACEUSDT.P,Spacecoin/Tether Perpetual
UBAF:SPELLUSDT.P,Spell Token/Tether Perpetual
UBAF:SPKUSDT.P,Spark/Tether Perpetual
UBAF:SPORTFUNUSDT.P,Sport.Fun/Tether Perpetual
UBAF:SPXUSDT.P,SPX6900/Tether Perpetual
UBAF:SQDUSDT.P,Subsquid/Tether Perpetual
UBAF:SSVUSDT.P,ssv.network/Tether Perpetual
UBAF:STABLEUSDT.P,Stable/Tether Perpetual
UBAF:STBLUSDT.P,STBL/Tether Perpetual
UBAF:STEEMUSDT.P,Steem/Tether Perpetual
UBAF:STGUSDT.P,Stargate Finance/Tether Perpetual
UBAF:STMXUSDT.P,
UBAF:STORJUSDT.P,Storj/Tether Perpetual
UBAF:STOUSDT.P,StakeStone/Tether Perpetual
UBAF:STPTUSDT.P,
UBAF:STRAXUSDT.P,
UBAF:STRKUSDT.P,Starknet/Tether Perpetual
UBAF:STXUSDT.P,Stacks/Tether Perpetual
UBAF:SUIUSD.P,Sui/US Dollar Perpetual
UBAF:SUIUSDC.P,Sui/USDC Perpetual
UBAF:SUIUSDT.P,Sui/Tether Perpetual
UBAF:SUNUSDT.P,Sun/Tether Perpetual
UBAF:SUPERUSDT.P,SuperVerse/Tether Perpetual
UBAF:SUSDT.P,Sonic/Tether Perpetual
UBAF:SUSHIUSDT.P,SushiSwap/Tether Perpetual
UBAF:SWARMSUSDT.P,Swarms/Tether Perpetual
UBAF:SWELLUSDT.P,
UBAF:SXPUSDT.P,
UBAF:SXTUSDT.P,Space and Time/Tether Perpetual
UBAF:SYNUSDT.P,Synapse/Tether Perpetual
UBAF:SYRUPUSDT.P,Maple Finance/Tether Perpetual
UBAF:SYSUSDT.P,Syscoin/Tether Perpetual
UBAF:TACUSDT.P,TAC Protocol/Tether Perpetual
UBAF:TAGUSDT.P,Tagger/Tether Perpetual
UBAF:TAIKOUSDT.P,Taiko/Tether Perpetual
UBAF:TAKEUSDT.P,OVERTAKE/Tether Perpetual
UBAF:TANSSIUSDT.P,
UBAF:TAOUSDT.P,Bittensor/Tether Perpetual
UBAF:TAUSDT.P,Trusta.AI/Tether Perpetual
UBAF:THETAUSD.P,
UBAF:THETAUSDT.P,Theta Network/Tether Perpetual
UBAF:THEUSDT.P,THENA/Tether Perpetual
UBAF:TIAUSDC.P,Celestia/USDC Perpetual
UBAF:TIAUSDT.P,Celestia/Tether Perpetual
UBAF:TLMUSDT.P,Alien Worlds/Tether Perpetual
UBAF:TNSRUSDT.P,Tensor/Tether Perpetual
UBAF:TOKENUSDT.P,
UBAF:TONUSDT.P,Toncoin/Tether Perpetual
UBAF:TOSHIUSDT.P,Toshi/Tether Perpetual
UBAF:TOWNSUSDT.P,Towns/Tether Perpetual
UBAF:TRADOORUSDT.P,Tradoor/Tether Perpetual
UBAF:TRBUSDT.P,Tellor/Tether Perpetual
UBAF:TREEUSDT.P,Treehouse/Tether Perpetual
UBAF:TRIAUSDT.P,Tria/Tether Perpetual
UBAF:TROYUSDT.P,
UBAF:TRUMPUSDC.P,OFFICIAL TRUMP/USDC Perpetual
UBAF:TRUMPUSDT.P,OFFICIAL TRUMP/Tether Perpetual
UBAF:TRUSTUSDT.P,Intuition/Tether Perpetual
UBAF:TRUTHUSDT.P,Swarm Network/Tether Perpetual
UBAF:TRUUSDT.P,TrueFi/Tether Perpetual
UBAF:TRXUSD.P,TRON/US Dollar Perpetual
UBAF:TRXUSDT.P,TRON/Tether Perpetual
UBAF:TSTUSDT.P,Test/Tether Perpetual
UBAF:TURBOUSDT.P,Turbo/Tether Perpetual
UBAF:TURTLEUSDT.P,Turtle/Tether Perpetual
UBAF:TUSDT.P,Threshold/Tether Perpetual
UBAF:TUTUSDT.P,Tutorial/Tether Perpetual
UBAF:TWTUSDT.P,Trust Wallet Token/Tether Perpetual
UBAF:UAIUSDT.P,UnifAI Network/Tether Perpetual
UBAF:UBUSDT.P,Unibase/Tether Perpetual
UBAF:UMAUSDT.P,UMA/Tether Perpetual
UBAF:UNFIUSDT.P,
UBAF:UNIUSD.P,Uniswap/US Dollar Perpetual
UBAF:UNIUSDC.P,Uniswap/USDC Perpetual
UBAF:UNIUSDT.P,Uniswap/Tether Perpetual
UBAF:USDCUSDT.P,USDC/Tether Perpetual
UBAF:USELESSUSDT.P,Useless Coin/Tether Perpetual
UBAF:USTCUSDT.P,TerraClassicUSD/Tether Perpetual
UBAF:USUALUSDT.P,Usual/Tether Perpetual
UBAF:USUSDT.P,Talus Network/Tether Perpetual
UBAF:UXLINKUSDT.P,
UBAF:VANAUSDT.P,Vana/Tether Perpetual
UBAF:VANRYUSDT.P,Vanar Chain/Tether Perpetual
UBAF:VELODROMEUSDT.P,Velodrome Finance/Tether Perpetual
UBAF:VELVETUSDT.P,Velvet/Tether Perpetual
UBAF:VETUSD.P,
UBAF:VETUSDT.P,VeChain/Tether Perpetual
UBAF:VFYUSDT.P,
UBAF:VICUSDT.P,Viction/Tether Perpetual
UBAF:VIDTUSDT.P,
UBAF:VINEUSDT.P,Vine Coin/Tether Perpetual
UBAF:VIRTUALUSDT.P,Virtuals Protocol/Tether Perpetual
UBAF:VOXELUSDT.P,
UBAF:VTHOUSDT.P,VeThor Token/Tether Perpetual
UBAF:VVVUSDT.P,Venice Token/Tether Perpetual
UBAF:WALUSDT.P,Walrus/Tether Perpetual
UBAF:WAVESUSDT.P,
UBAF:WAXPUSDT.P,WAX/Tether Perpetual
UBAF:WCTUSDT.P,WalletConnect Token/Tether Perpetual
UBAF:WETUSDT.P,Humidifi/Tether Perpetual
UBAF:WIFUSD.P,dogwifhat/US Dollar Perpetual
UBAF:WIFUSDC.P,dogwifhat/USDC Perpetual
UBAF:WIFUSDT.P,dogwifhat/Tether Perpetual
UBAF:WLDUSD.P,Worldcoin/US Dollar Perpetual
UBAF:WLDUSDC.P,Worldcoin/USDC Perpetual
UBAF:WLDUSDT.P,Worldcoin/Tether Perpetual
UBAF:WLFIUSDC.P,World Liberty Financial/USDC Perpetual
UBAF:WLFIUSDT.P,World Liberty Financial/Tether Perpetual
UBAF:WOOUSDT.P,WOO/Tether Perpetual
UBAF:WUSDT.P,Wormhole/Tether Perpetual
UBAF:XAIUSDT.P,Xai/Tether Perpetual
UBAF:XANUSDT.P,Anoma/Tether Perpetual
UBAF:XCNUSDT.P,
UBAF:XEMUSDT.P,
UBAF:XLMUSD.P,Stellar/US Dollar Perpetual
UBAF:XLMUSDT.P,Stellar/Tether Perpetual
UBAF:XMRUSDT.P,Monero/Tether Perpetual
UBAF:XNYUSDT.P,Codatta/Tether Perpetual
UBAF:XPINUSDT.P,XPIN Network/Tether Perpetual
UBAF:XPLUSDT.P,Plasma/Tether Perpetual
UBAF:XRPUSD.250926,
UBAF:XRPUSD.251226,
UBAF:XRPUSD.260327,XRP/US Dollar (Mar 2026)
UBAF:XRPUSD.260626,XRP/US Dollar (Jun 2026)
UBAF:XRPUSD.P,XRP/US Dollar Perpetual
UBAF:XRPUSDC.P,XRP/USDC Perpetual
UBAF:XRPUSDT.P,XRP/Tether Perpetual
UBAF:XTZUSD.P,
UBAF:XTZUSDT.P,Tezos/Tether Perpetual
UBAF:XVGUSDT.P,Verge/Tether Perpetual
UBAF:XVSUSDT.P,Venus/Tether Perpetual
UBAF:YALAUSDT.P,
UBAF:YBUSDT.P,YieldBasis/Tether Perpetual
UBAF:YFIUSDT.P,yearn.finance/Tether Perpetual
UBAF:YGGUSDT.P,Yield Guild Games/Tether Perpetual
UBAF:ZAMAUSDT.P,Zama/Tether Perpetual
UBAF:ZBTUSDT.P,ZEROBASE/Tether Perpetual
UBAF:ZECUSDC.P,Zcash/USDC Perpetual
UBAF:ZECUSDT.P,Zcash/Tether Perpetual
UBAF:ZENUSDT.P,Horizen/Tether Perpetual
UBAF:ZEREBROUSDT.P,Zerebro/Tether Perpetual
UBAF:ZETAUSDT.P,ZetaChain/Tether Perpetual
UBAF:ZILUSD.P,
UBAF:ZILUSDT.P,Zilliqa/Tether Perpetual
UBAF:ZKCUSDT.P,Boundless/Tether Perpetual
UBAF:ZKJUSDT.P,Polyhedra Network/Tether Perpetual
UBAF:ZKPUSDT.P,zkPass/Tether Perpetual
UBAF:ZKUSDT.P,ZKsync/Tether Perpetual
UBAF:ZORAUSDT.P,ZORA/Tether Perpetual
UBAF:ZRCUSDT.P,
UBAF:ZROUSDT.P,LayerZero/Tether Perpetual
UBAF:ZRXUSDT.P,0x Protocol/Tether Perpetual
UBAF:币安人生USDT.P,
UBAX:0GBNB,
UBAX:0GFDUSD,
UBAX:0GTRY,0G/Turkish Lira
UBAX:0GUSDC,0G/USDC
UBAX:0GUSDT,0G/Tether
UBAX:1000CATBNB,
UBAX:1000CATFDUSD,
UBAX:1000CATTRY,1000*Simon's Cat/Turkish Lira
UBAX:1000CATUSDC,1000*Simon's Cat/USDC
UBAX:1000CATUSDT,1000*Simon's Cat/Tether
UBAX:1000CHEEMSUSDC,1000*Cheems/USDC
UBAX:1000CHEEMSUSDT,1000*Cheems/Tether
UBAX:1000SATSFDUSD,
UBAX:1000SATSTRY,1000*SATS/Turkish Lira
UBAX:1000SATSUSDC,1000*SATS/USDC
UBAX:1000SATSUSDT,1000*SATS/Tether
UBAX:1INCHBTC,1inch/Bitcoin
UBAX:1INCHUSDC,1inch/USDC
UBAX:1INCHUSDT,1inch/Tether
UBAX:1MBABYDOGEFDUSD,
UBAX:1MBABYDOGETRY,1M*Baby Doge Coin/Turkish Lira
UBAX:1MBABYDOGEUSDC,1M*Baby Doge Coin/USDC
UBAX:1MBABYDOGEUSDT,1M*Baby Doge Coin/Tether
UBAX:2ZBNB,
UBAX:2ZFDUSD,
UBAX:2ZTRY,DoubleZero/Turkish Lira
UBAX:2ZUSDC,DoubleZero/USDC
UBAX:2ZUSDT,DoubleZero/Tether
UBAX:A2ZUSDC,Arena-Z/USDC
UBAX:A2ZUSDT,
UBAX:AAVEBTC,Aave/Bitcoin
UBAX:AAVEETH,Aave/Ethereum
UBAX:AAVEFDUSD,
UBAX:AAVETRY,Aave/Turkish Lira
UBAX:AAVEU,Aave/Union
UBAX:AAVEUSDC,Aave/USDC
UBAX:AAVEUSDT,Aave/Tether
UBAX:ABTC,
UBAX:ACATRY,
UBAX:ACAUSDT,
UBAX:ACETRY,Fusionist/Turkish Lira
UBAX:ACEUSDT,Fusionist/Tether
UBAX:ACHBTC,
UBAX:ACHTRY,Alchemy Pay/Turkish Lira
UBAX:ACHUSDC,Alchemy Pay/USDC
UBAX:ACHUSDT,Alchemy Pay/Tether
UBAX:ACMTRY,AC Milan Fan Token/Turkish Lira
UBAX:ACMUSDT,AC Milan Fan Token/Tether
UBAX:ACTEUR,
UBAX:ACTFDUSD,
UBAX:ACTTRY,Act I : The AI Prophecy/Turkish Lira
UBAX:ACTUSDC,Act I : The AI Prophecy/USDC
UBAX:ACTUSDT,Act I : The AI Prophecy/Tether
UBAX:ACXTRY,Across Protocol/Turkish Lira
UBAX:ACXUSDC,Across Protocol/USDC
UBAX:ACXUSDT,Across Protocol/Tether
UBAX:ADABNB,Cardano/BNB
UBAX:ADABRL,Cardano/Brazilian Real
UBAX:ADABTC,Cardano/Bitcoin
UBAX:ADAETH,Cardano/Ethereum
UBAX:ADAEUR,Cardano/Euro
UBAX:ADAFDUSD,Cardano/First Digital USD
UBAX:ADAIDR,Cardano/Rupiah
UBAX:ADAJPY,Cardano/Yen
UBAX:ADATRY,Cardano/Turkish Lira
UBAX:ADAU,Cardano/Union
UBAX:ADAUSD1,Cardano/World Liberty Financial USD
UBAX:ADAUSDC,Cardano/USDC
UBAX:ADAUSDT,Cardano/Tether
UBAX:ADXBTC,AdEx/Bitcoin
UBAX:ADXETH,
UBAX:ADXUSDT,AdEx/Tether
UBAX:AETH,
UBAX:AEURUSDT,Anchored Coins AEUR/Tether
UBAX:AEVOBTC,
UBAX:AEVOFDUSD,
UBAX:AEVOTRY,Aevo/Turkish Lira
UBAX:AEVOUSDC,Aevo/USDC
UBAX:AEVOUSDT,Aevo/Tether
UBAX:AFDUSD,
UBAX:AGLDBTC,
UBAX:AGLDUSDT,Adventure Gold/Tether
UBAX:AIBNB,
UBAX:AIBTC,
UBAX:AIFDUSD,
UBAX:AITRY,Sleepless AI/Turkish Lira
UBAX:AIUSDT,Sleepless AI/Tether
UBAX:AIXBTTRY,aixbt/Turkish Lira
UBAX:AIXBTUSDC,aixbt/USDC
UBAX:AIXBTUSDT,aixbt/Tether
UBAX:AKROUSDT,
UBAX:ALCXUSDT,Alchemix/Tether
UBAX:ALGOBTC,Algorand/Bitcoin
UBAX:ALGOTRY,Algorand/Turkish Lira
UBAX:ALGOUSDC,Algorand/USDC
UBAX:ALGOUSDT,Algorand/Tether
UBAX:ALICETRY,MyNeighborAlice/Turkish Lira
UBAX:ALICEUSDT,MyNeighborAlice/Tether
UBAX:ALLOBNB,
UBAX:ALLOTRY,Allora/Turkish Lira
UBAX:ALLOUSDC,Allora/USDC
UBAX:ALLOUSDT,Allora/Tether
UBAX:ALPACAUSDT,
UBAX:ALPHAUSDT,
UBAX:ALPINETRY,Alpine F1 Team Fan Token/Turkish Lira
UBAX:ALPINEUSDT,Alpine F1 Team Fan Token/Tether
UBAX:ALTBNB,Altlayer/BNB
UBAX:ALTBTC,Altlayer/Bitcoin
UBAX:ALTFDUSD,
UBAX:ALTTRY,Altlayer/Turkish Lira
UBAX:ALTUSDC,Altlayer/USDC
UBAX:ALTUSDT,Altlayer/Tether
UBAX:AMPTRY,Amp/Turkish Lira
UBAX:AMPUSDT,Amp/Tether
UBAX:ANCUSDT,
UBAX:ANIMEFDUSD,
UBAX:ANIMETRY,Animecoin/Turkish Lira
UBAX:ANIMEUSDC,Animecoin/USDC
UBAX:ANIMEUSDT,Animecoin/Tether
UBAX:ANKRBTC,
UBAX:ANKRTRY,Ankr/Turkish Lira
UBAX:ANKRUSDT,Ankr/Tether
UBAX:APEBTC,
UBAX:APEFDUSD,
UBAX:APETRY,ApeCoin/Turkish Lira
UBAX:APEUSDC,ApeCoin/USDC
UBAX:APEUSDT,ApeCoin/Tether
UBAX:API3BTC,
UBAX:API3TRY,API3/Turkish Lira
UBAX:API3USDC,API3/USDC
UBAX:API3USDT,API3/Tether
UBAX:APTBTC,Aptos/Bitcoin
UBAX:APTETH,Aptos/Ethereum
UBAX:APTEUR,Aptos/Euro
UBAX:APTFDUSD,Aptos/First Digital USD
UBAX:APTJPY,Aptos/Yen
UBAX:APTTRY,Aptos/Turkish Lira
UBAX:APTUSDC,Aptos/USDC
UBAX:APTUSDT,Aptos/Tether
UBAX:ARBBTC,Arbitrum/Bitcoin
UBAX:ARBETH,Arbitrum/Ethereum
UBAX:ARBEUR,Arbitrum/Euro
UBAX:ARBFDUSD,
UBAX:ARBIDR,Arbitrum/Rupiah
UBAX:ARBTC,Arweave/Bitcoin
UBAX:ARBTRY,Arbitrum/Turkish Lira
UBAX:ARBTUSD,Arbitrum/TrueUSD
UBAX:ARBUSDC,Arbitrum/USDC
UBAX:ARBUSDT,Arbitrum/Tether
UBAX:ARDRBTC,
UBAX:ARDRUSDT,Ardor/Tether
UBAX:ARFDUSD,
UBAX:ARKMBNB,
UBAX:ARKMBTC,
UBAX:ARKMFDUSD,
UBAX:ARKMTRY,Arkham/Turkish Lira
UBAX:ARKMUSDC,Arkham/USDC
UBAX:ARKMUSDT,Arkham/Tether
UBAX:ARKTRY,Ark/Turkish Lira
UBAX:ARKUSDT,Ark/Tether
UBAX:ARPABTC,
UBAX:ARPATRY,ARPA/Turkish Lira
UBAX:ARPAUSDT,ARPA/Tether
UBAX:ARTRY,Arweave/Turkish Lira
UBAX:ARUSDC,Arweave/USDC
UBAX:ARUSDT,Arweave/Tether
UBAX:ASRTRY,AS Roma Fan Token/Turkish Lira
UBAX:ASRUSDT,AS Roma Fan Token/Tether
UBAX:ASTERIDR,Aster/Rupiah
UBAX:ASTERTRY,Aster/Turkish Lira
UBAX:ASTERU,Aster/Union
UBAX:ASTERUSD1,Aster/World Liberty Financial USD
UBAX:ASTERUSDC,Aster/USDC
UBAX:ASTERUSDT,Aster/Tether
UBAX:ASTRBTC,
UBAX:ASTRUSDT,Astar/Tether
UBAX:ATABTC,
UBAX:ATAUSDT,Automata Network/Tether
UBAX:ATBNB,
UBAX:ATMTRY,Atletico De Madrid Fan Token/Turkish Lira
UBAX:ATMUSDT,Atletico De Madrid Fan Token/Tether
UBAX:ATOMBTC,Cosmos/Bitcoin
UBAX:ATOMETH,
UBAX:ATOMEUR,Cosmos/Euro
UBAX:ATOMFDUSD,Cosmos/First Digital USD
UBAX:ATOMTRY,Cosmos/Turkish Lira
UBAX:ATOMUSDC,Cosmos/USDC
UBAX:ATOMUSDT,Cosmos/Tether
UBAX:ATRY,Vaulta/Turkish Lira
UBAX:ATTRY,APRO/Turkish Lira
UBAX:ATUSDC,APRO/USDC
UBAX:ATUSDT,APRO/Tether
UBAX:AUCTIONBTC,
UBAX:AUCTIONFDUSD,
UBAX:AUCTIONTRY,Bounce Token/Turkish Lira
UBAX:AUCTIONUSDC,Bounce Token/USDC
UBAX:AUCTIONUSDT,Bounce Token/Tether
UBAX:AUDIOBTC,
UBAX:AUDIOTRY,Audius/Turkish Lira
UBAX:AUDIOUSDT,Audius/Tether
UBAX:AUSDC,Vaulta/USDC
UBAX:AUSDT,Vaulta/Tether
UBAX:AUTOUSDT,
UBAX:AVABTC,AVA/Bitcoin
UBAX:AVAUSDT,AVA/Tether
UBAX:AVAXBNB,
UBAX:AVAXBRL,Avalanche/Brazilian Real
UBAX:AVAXBTC,Avalanche/Bitcoin
UBAX:AVAXETH,Avalanche/Ethereum
UBAX:AVAXEUR,Avalanche/Euro
UBAX:AVAXFDUSD,Avalanche/First Digital USD
UBAX:AVAXIDR,Avalanche/Rupiah
UBAX:AVAXTRY,Avalanche/Turkish Lira
UBAX:AVAXU,Avalanche/Union
UBAX:AVAXUSD1,Avalanche/World Liberty Financial USD
UBAX:AVAXUSDC,Avalanche/USDC
UBAX:AVAXUSDT,Avalanche/Tether
UBAX:AVNTTRY,Avantis/Turkish Lira
UBAX:AVNTUSDC,Avantis/USDC
UBAX:AVNTUSDT,Avantis/Tether
UBAX:AWEBTC,
UBAX:AWEUSDT,AWE/Tether
UBAX:AXLBTC,Axelar/Bitcoin
UBAX:AXLTRY,Axelar/Turkish Lira
UBAX:AXLUSDT,Axelar/Tether
UBAX:AXSBNB,
UBAX:AXSBTC,Axie Infinity/Bitcoin
UBAX:AXSETH,
UBAX:AXSTRY,Axie Infinity/Turkish Lira
UBAX:AXSUSDC,Axie Infinity/USDC
UBAX:AXSUSDT,Axie Infinity/Tether
UBAX:BABYBNB,
UBAX:BABYEUR,
UBAX:BABYFDUSD,
UBAX:BABYTRY,Babylon/Turkish Lira
UBAX:BABYUSDC,Babylon/USDC
UBAX:BABYUSDT,Babylon/Tether
UBAX:BADGERUSDT,
UBAX:BAKEBTC,
UBAX:BAKETRY,
UBAX:BAKEUSDT,
UBAX:BALUSDT,
UBAX:BANANABNB,
UBAX:BANANABTC,
UBAX:BANANAFDUSD,Banana Gun/First Digital USD
UBAX:BANANAS31USDC,Banana For Scale/USDC
UBAX:BANANAS31USDT,Banana For Scale/Tether
UBAX:BANANATRY,Banana Gun/Turkish Lira
UBAX:BANANAUSDC,Banana Gun/USDC
UBAX:BANANAUSDT,Banana Gun/Tether
UBAX:BANDBTC,Band/Bitcoin
UBAX:BANDUSDT,Band/Tether
UBAX:BANKTRY,Lorenzo Protocol/Turkish Lira
UBAX:BANKUSDC,Lorenzo Protocol/USDC
UBAX:BANKUSDT,Lorenzo Protocol/Tether
UBAX:BARDBNB,
UBAX:BARDFDUSD,
UBAX:BARDTRY,Lombard/Turkish Lira
UBAX:BARDUSDC,Lombard/USDC
UBAX:BARDUSDT,Lombard/Tether
UBAX:BARTRY,FC Barcelona Fan Token/Turkish Lira
UBAX:BARUSDT,FC Barcelona Fan Token/Tether
UBAX:BATBTC,Basic Attention Token/Bitcoin
UBAX:BATUSDT,Basic Attention Token/Tether
UBAX:BBBNB,
UBAX:BBBTC,
UBAX:BBFDUSD,
UBAX:BBTRY,BounceBit/Turkish Lira
UBAX:BBUSDC,BounceBit/USDC
UBAX:BBUSDT,BounceBit/Tether
UBAX:BCHBNB,Bitcoin Cash/BNB
UBAX:BCHBTC,Bitcoin Cash/Bitcoin
UBAX:BCHEUR,Bitcoin Cash/Euro
UBAX:BCHFDUSD,Bitcoin Cash/First Digital USD
UBAX:BCHJPY,Bitcoin Cash/Yen
UBAX:BCHTRY,Bitcoin Cash/Turkish Lira
UBAX:BCHU,Bitcoin Cash/Union
UBAX:BCHUSD1,Bitcoin Cash/World Liberty Financial USD
UBAX:BCHUSDC,Bitcoin Cash/USDC
UBAX:BCHUSDT,Bitcoin Cash/Tether
UBAX:BEAMXTRY,Beam/Turkish Lira
UBAX:BEAMXUSDC,Beam/USDC
UBAX:BEAMXUSDT,Beam/Tether
UBAX:BELBTC,
UBAX:BELTRY,Bella Protocol/Turkish Lira
UBAX:BELUSDT,Bella Protocol/Tether
UBAX:BERABNB,
UBAX:BERABTC,
UBAX:BERAFDUSD,
UBAX:BERATRY,Berachain/Turkish Lira
UBAX:BERAUSDC,Berachain/USDC
UBAX:BERAUSDT,Berachain/Tether
UBAX:BFUSDUSDC,BFUSD/USDC
UBAX:BFUSDUSDT,BFUSD/Tether
UBAX:BICOBTC,
UBAX:BICOUSDT,Biconomy/Tether
UBAX:BIFIUSDT,Beefy/Tether
UBAX:BIGTIMEUSDC,Big Time/USDC
UBAX:BIGTIMEUSDT,Big Time/Tether
UBAX:BIOBNB,
UBAX:BIOFDUSD,
UBAX:BIOTRY,Bio Protocol/Turkish Lira
UBAX:BIOUSDC,Bio Protocol/USDC
UBAX:BIOUSDT,Bio Protocol/Tether
UBAX:BLURTRY,Blur/Turkish Lira
UBAX:BLURUSDC,Blur/USDC
UBAX:BLURUSDT,Blur/Tether
UBAX:BMTBNB,
UBAX:BMTFDUSD,
UBAX:BMTTRY,Bubblemaps/Turkish Lira
UBAX:BMTUSDC,Bubblemaps/USDC
UBAX:BMTUSDT,Bubblemaps/Tether
UBAX:BNBARS,BNB/Argentine Peso
UBAX:BNBBRL,BNB/Brazilian Real
UBAX:BNBBTC,BNB/Bitcoin
UBAX:BNBETH,BNB/Ethereum
UBAX:BNBEUR,BNB/Euro
UBAX:BNBFDUSD,BNB/First Digital USD
UBAX:BNBIDR,BNB/Rupiah
UBAX:BNBJPY,BNB/Yen
UBAX:BNBTRY,BNB/Turkish Lira
UBAX:BNBTUSD,BNB/TrueUSD
UBAX:BNBU,BNB/Union
UBAX:BNBUSD,BNB/US Dollar
UBAX:BNBUSD1,BNB/World Liberty Financial USD
UBAX:BNBUSDC,BNB/USDC
UBAX:BNBUSDT,BNB/Tether
UBAX:BNSOLSOL,Binance Staked SOL/Solana
UBAX:BNSOLUSDT,Binance Staked SOL/Tether
UBAX:BNTUSDT,Bancor/Tether
UBAX:BNXUSDT,
UBAX:BOMEEUR,
UBAX:BOMEFDUSD,
UBAX:BOMEIDR,BOOK OF MEME/Rupiah
UBAX:BOMETRY,BOOK OF MEME/Turkish Lira
UBAX:BOMEUSDC,BOOK OF MEME/USDC
UBAX:BOMEUSDT,BOOK OF MEME/Tether
UBAX:BONDUSDT,
UBAX:BONKBRL,Bonk/Brazilian Real
UBAX:BONKFDUSD,Bonk/First Digital USD
UBAX:BONKTRY,Bonk/Turkish Lira
UBAX:BONKUSDC,Bonk/USDC
UBAX:BONKUSDT,Bonk/Tether
UBAX:BREVBNB,Brevis/BNB
UBAX:BREVTRY,Brevis/Turkish Lira
UBAX:BREVUSDC,Brevis/USDC
UBAX:BREVUSDT,Brevis/Tether
UBAX:BROCCOLI714USDC,CZ's Dog/USDC
UBAX:BROCCOLI714USDT,CZ's Dog/Tether
UBAX:BSWTRY,
UBAX:BSWUSDT,
UBAX:BTCARS,Bitcoin/Argentine Peso
UBAX:BTCBRL,Bitcoin/Brazilian Real
UBAX:BTCDAI,Bitcoin/Dai
UBAX:BTCEUR,Bitcoin/Euro
UBAX:BTCEURI,Bitcoin/Eurite
UBAX:BTCFDUSD,Bitcoin/First Digital USD
UBAX:BTCIDR,Bitcoin/Rupiah
UBAX:BTCJPY,Bitcoin/Yen
UBAX:BTCMXN,Bitcoin/Mexican Peso
UBAX:BTCPLN,Bitcoin/Zloty
UBAX:BTCRON,
UBAX:BTCTRY,Bitcoin/Turkish Lira
UBAX:BTCTUSD,Bitcoin/TrueUSD
UBAX:BTCU,Bitcoin/Union
UBAX:BTCUAH,
UBAX:BTCUSD,Bitcoin/US Dollar
UBAX:BTCUSD1,Bitcoin/World Liberty Financial USD
UBAX:BTCUSDC,Bitcoin/USDC
UBAX:BTCUSDT,Bitcoin/Tether
UBAX:BTCZAR,
UBAX:BTSUSDT,
UBAX:BTTCTRY,BitTorrent/Turkish Lira
UBAX:BTTCUSDT,BitTorrent/Tether
UBAX:C98USDT,Coin98/Tether
UBAX:CAKEBNB,PancakeSwap/BNB
UBAX:CAKEBTC,PancakeSwap/Bitcoin
UBAX:CAKETRY,PancakeSwap/Turkish Lira
UBAX:CAKEUSDC,PancakeSwap/USDC
UBAX:CAKEUSDT,PancakeSwap/Tether
UBAX:CATITRY,Catizen/Turkish Lira
UBAX:CATIUSDC,Catizen/USDC
UBAX:CATIUSDT,Catizen/Tether
UBAX:CBNB,
UBAX:CELOBTC,Celo/Bitcoin
UBAX:CELOTRY,Celo/Turkish Lira
UBAX:CELOUSDT,Celo/Tether
UBAX:CELRUSDT,Celer Network/Tether
UBAX:CETUSTRY,Cetus Protocol/Turkish Lira
UBAX:CETUSUSDC,Cetus Protocol/USDC
UBAX:CETUSUSDT,Cetus Protocol/Tether
UBAX:CFDUSD,
UBAX:CFGTRY,Centrifuge/Turkish Lira
UBAX:CFGUSDC,Centrifuge/USDC
UBAX:CFGUSDT,Centrifuge/Tether
UBAX:CFXBTC,Conflux/Bitcoin
UBAX:CFXTRY,Conflux/Turkish Lira
UBAX:CFXUSDC,Conflux/USDC
UBAX:CFXUSDT,Conflux/Tether
UBAX:CGPTUSDC,ChainGPT/USDC
UBAX:CGPTUSDT,ChainGPT/Tether
UBAX:CHESSUSDC,
UBAX:CHESSUSDT,
UBAX:CHRBTC,
UBAX:CHRUSDT,Chromia/Tether
UBAX:CHZBNB,
UBAX:CHZBTC,Chiliz/Bitcoin
UBAX:CHZTRY,Chiliz/Turkish Lira
UBAX:CHZUSDC,Chiliz/USDC
UBAX:CHZUSDT,Chiliz/Tether
UBAX:CITYTRY,Manchester City Fan Token/Turkish Lira
UBAX:CITYUSDT,Manchester City Fan Token/Tether
UBAX:CKBTRY,Nervos Network/Turkish Lira
UBAX:CKBUSDC,Nervos Network/USDC
UBAX:CKBUSDT,Nervos Network/Tether
UBAX:COMBOUSDT,
UBAX:COMPBTC,
UBAX:COMPTRY,Compound/Turkish Lira
UBAX:COMPUSDC,Compound/USDC
UBAX:COMPUSDT,Compound/Tether
UBAX:COOKIEUSDC,Cookie DAO/USDC
UBAX:COOKIEUSDT,Cookie DAO/Tether
UBAX:COSTRY,Contentos/Turkish Lira
UBAX:COSUSDT,Contentos/Tether
UBAX:COTIBTC,
UBAX:COTITRY,COTI/Turkish Lira
UBAX:COTIUSDC,COTI/USDC
UBAX:COTIUSDT,COTI/Tether
UBAX:COWTRY,CoW Protocol/Turkish Lira
UBAX:COWUSDC,CoW Protocol/USDC
UBAX:COWUSDT,CoW Protocol/Tether
UBAX:CROUSDT,
UBAX:CRVBTC,Curve DAO Token/Bitcoin
UBAX:CRVTRY,Curve DAO Token/Turkish Lira
UBAX:CRVUSDC,Curve DAO Token/USDC
UBAX:CRVUSDT,Curve DAO Token/Tether
UBAX:CTKBNB,Shentu/BNB
UBAX:CTKBTC,Shentu/Bitcoin
UBAX:CTKUSDT,Shentu/Tether
UBAX:CTRY,Chainbase/Turkish Lira
UBAX:CTSIBTC,Cartesi/Bitcoin
UBAX:CTSIUSDT,Cartesi/Tether
UBAX:CUSDC,Chainbase/USDC
UBAX:CUSDT,Chainbase/Tether
UBAX:CVCUSDC,Civic/USDC
UBAX:CVCUSDT,Civic/Tether
UBAX:CVXUSDC,
UBAX:CVXUSDT,Convex Finance/Tether
UBAX:CYBERBNB,Cyber/BNB
UBAX:CYBERBTC,Cyber/Bitcoin
UBAX:CYBERETH,Cyber/Ethereum
UBAX:CYBERFDUSD,Cyber/First Digital USD
UBAX:CYBERTRY,Cyber/Turkish Lira
UBAX:CYBERUSDC,Cyber/USDC
UBAX:CYBERUSDT,Cyber/Tether
UBAX:DAIJPY,Dai/Yen
UBAX:DASHBTC,Dash/Bitcoin
UBAX:DASHETH,
UBAX:DASHTRY,Dash/Turkish Lira
UBAX:DASHUSDC,Dash/USDC
UBAX:DASHUSDT,Dash/Tether
UBAX:DATABTC,
UBAX:DATAUSDT,
UBAX:DCRUSDT,Decred/Tether
UBAX:DEGOUSDT,Dego Finance/Tether
UBAX:DENTETH,
UBAX:DENTTRY,Dent/Turkish Lira
UBAX:DENTUSDT,Dent/Tether
UBAX:DEXEUSDT,DeXe/Tether
UBAX:DFUSDC,
UBAX:DFUSDT,
UBAX:DGBUSDT,DigiByte/Tether
UBAX:DIABTC,
UBAX:DIAUSDT,DIA/Tether
UBAX:DNTUSDT,
UBAX:DOCKUSDT,
UBAX:DODOBTC,
UBAX:DODOTRY,DODO/Turkish Lira
UBAX:DODOUSDT,DODO/Tether
UBAX:DOGEBRL,Dogecoin/Brazilian Real
UBAX:DOGEBTC,Dogecoin/Bitcoin
UBAX:DOGEEUR,Dogecoin/Euro
UBAX:DOGEFDUSD,Dogecoin/First Digital USD
UBAX:DOGEIDR,Dogecoin/Rupiah
UBAX:DOGEJPY,Dogecoin/Yen
UBAX:DOGETRY,Dogecoin/Turkish Lira
UBAX:DOGETUSD,
UBAX:DOGEU,Dogecoin/Union
UBAX:DOGEUSD1,Dogecoin/World Liberty Financial USD
UBAX:DOGEUSDC,Dogecoin/USDC
UBAX:DOGEUSDT,Dogecoin/Tether
UBAX:DOGSFDUSD,
UBAX:DOGSIDR,DOGS/Rupiah
UBAX:DOGSTRY,DOGS/Turkish Lira
UBAX:DOGSUSDC,DOGS/USDC
UBAX:DOGSUSDT,DOGS/Tether
UBAX:DOLOBNB,
UBAX:DOLOFDUSD,
UBAX:DOLOTRY,Dolomite/Turkish Lira
UBAX:DOLOUSDC,Dolomite/USDC
UBAX:DOLOUSDT,Dolomite/Tether
UBAX:DOTBNB,Polkadot/BNB
UBAX:DOTBRL,
UBAX:DOTBTC,Polkadot/Bitcoin
UBAX:DOTETH,Polkadot/Ethereum
UBAX:DOTEUR,Polkadot/Euro
UBAX:DOTFDUSD,Polkadot/First Digital USD
UBAX:DOTTRY,Polkadot/Turkish Lira
UBAX:DOTUSDC,Polkadot/USDC
UBAX:DOTUSDT,Polkadot/Tether
UBAX:DTRY,DAR Open Network/Turkish Lira
UBAX:DUSDT,DAR Open Network/Tether
UBAX:DUSKBTC,Dusk/Bitcoin
UBAX:DUSKUSDT,Dusk/Tether
UBAX:DYDXBTC,
UBAX:DYDXFDUSD,
UBAX:DYDXTRY,dYdX/Turkish Lira
UBAX:DYDXUSDC,dYdX/USDC
UBAX:DYDXUSDT,dYdX/Tether
UBAX:DYMTRY,Dymension/Turkish Lira
UBAX:DYMUSDC,Dymension/USDC
UBAX:DYMUSDT,Dymension/Tether
UBAX:EDENBNB,
UBAX:EDENFDUSD,
UBAX:EDENTRY,OpenEden/Turkish Lira
UBAX:EDENUSDC,OpenEden/USDC
UBAX:EDENUSDT,OpenEden/Tether
UBAX:EDUTRY,Open Campus/Turkish Lira
UBAX:EDUUSDT,Open Campus/Tether
UBAX:EGLDBNB,
UBAX:EGLDBTC,MultiversX/Bitcoin
UBAX:EGLDETH,MultiversX/Ethereum
UBAX:EGLDEUR,MultiversX/Euro
UBAX:EGLDFDUSD,
UBAX:EGLDRON,
UBAX:EGLDTRY,MultiversX/Turkish Lira
UBAX:EGLDUSDC,MultiversX/USDC
UBAX:EGLDUSDT,MultiversX/Tether
UBAX:EIGENBTC,
UBAX:EIGENFDUSD,EigenLayer/First Digital USD
UBAX:EIGENTRY,EigenLayer/Turkish Lira
UBAX:EIGENUSDC,EigenLayer/USDC
UBAX:EIGENUSDT,EigenLayer/Tether
UBAX:ELFUSDT,
UBAX:ENABNB,
UBAX:ENABRL,
UBAX:ENABTC,Ethena/Bitcoin
UBAX:ENAFDUSD,Ethena/First Digital USD
UBAX:ENATRY,Ethena/Turkish Lira
UBAX:ENAUSDC,Ethena/USDC
UBAX:ENAUSDT,Ethena/Tether
UBAX:ENJBTC,
UBAX:ENJTRY,Enjin Coin/Turkish Lira
UBAX:ENJUSDC,Enjin Coin/USDC
UBAX:ENJUSDT,Enjin Coin/Tether
UBAX:ENSBTC,
UBAX:ENSFDUSD,
UBAX:ENSOBNB,Enso/BNB
UBAX:ENSOFDUSD,
UBAX:ENSOTRY,Enso/Turkish Lira
UBAX:ENSOUSDC,Enso/USDC
UBAX:ENSOUSDT,Enso/Tether
UBAX:ENSTRY,Ethereum Name Service/Turkish Lira
UBAX:ENSUSDC,Ethereum Name Service/USDC
UBAX:ENSUSDT,Ethereum Name Service/Tether
UBAX:EOSUSDT,
UBAX:EPICUSDC,Epic Chain/USDC
UBAX:EPICUSDT,Epic Chain/Tether
UBAX:ERABNB,Caldera/BNB
UBAX:ERAFDUSD,Caldera/First Digital USD
UBAX:ERATRY,Caldera/Turkish Lira
UBAX:ERAUSDC,Caldera/USDC
UBAX:ERAUSDT,Caldera/Tether
UBAX:ESPTRY,Espresso/Turkish Lira
UBAX:ESPUSDC,Espresso/USDC
UBAX:ESPUSDT,Espresso/Tether
UBAX:ETCBNB,
UBAX:ETCBTC,Ethereum Classic/Bitcoin
UBAX:ETCETH,
UBAX:ETCFDUSD,Ethereum Classic/First Digital USD
UBAX:ETCTRY,Ethereum Classic/Turkish Lira
UBAX:ETCUSDC,Oasis/USDC
UBAX:ETCUSDT,Ethereum Classic/Tether
UBAX:ETHARS,Ethereum/Argentine Peso
UBAX:ETHBRL,Ethereum/Brazilian Real
UBAX:ETHBTC,Ethereum/Bitcoin
UBAX:ETHDAI,Ethereum/Dai
UBAX:ETHEUR,Ethereum/Euro
UBAX:ETHEURI,Ethereum/Eurite
UBAX:ETHFDUSD,Ethereum/First Digital USD
UBAX:ETHFIFDUSD,
UBAX:ETHFITRY,ether.fi/Turkish Lira
UBAX:ETHFIUSDC,ether.fi/USDC
UBAX:ETHFIUSDT,ether.fi/Tether
UBAX:ETHIDR,Ethereum/Rupiah
UBAX:ETHJPY,Ethereum/Yen
UBAX:ETHMXN,Ethereum/Mexican Peso
UBAX:ETHPLN,Ethereum/Zloty
UBAX:ETHTRY,Ethereum/Turkish Lira
UBAX:ETHTUSD,Ethereum/TrueUSD
UBAX:ETHU,Ethereum/Union
UBAX:ETHUSD,Ethereum/US Dollar
UBAX:ETHUSD1,Ethereum/World Liberty Financial USD
UBAX:ETHUSDC,Ethereum/USDC
UBAX:ETHUSDT,Ethereum/Tether
UBAX:ETHZAR,
UBAX:EULBNB,
UBAX:EULFDUSD,
UBAX:EULTRY,Euler/Turkish Lira
UBAX:EULUSDC,Euler/USDC
UBAX:EULUSDT,Euler/Tether
UBAX:EUREURI,EURC/Eurite
UBAX:EURIUSDC,Eurite/USDC
UBAX:EURIUSDT,Eurite/Tether
UBAX:EURUSDC,EURC/USDC
UBAX:EURUSDT,EURC/Tether
UBAX:FARMUSDT,Harvest Finance/Tether
UBAX:FDUSDTRY,First Digital USD/Turkish Lira
UBAX:FDUSDUSDC,First Digital USD/USDC
UBAX:FDUSDUSDT,First Digital USD/Tether
UBAX:FETBNB,Artificial Superintelligence Alliance/BNB
UBAX:FETBTC,Artificial Superintelligence Alliance/Bitcoin
UBAX:FETFDUSD,
UBAX:FETJPY,Artificial Superintelligence Alliance/Yen
UBAX:FETTRY,Artificial Superintelligence Alliance/Turkish Lira
UBAX:FETUSDC,Artificial Superintelligence Alliance/USDC
UBAX:FETUSDT,Artificial Superintelligence Alliance/Tether
UBAX:FFBNB,
UBAX:FFFDUSD,Falcon Finance/First Digital USD
UBAX:FFTRY,Falcon Finance/Turkish Lira
UBAX:FFUSDC,Falcon Finance/USDC
UBAX:FFUSDT,Falcon Finance/Tether
UBAX:FIDABTC,
UBAX:FIDATRY,Bonfida/Turkish Lira
UBAX:FIDAUSDT,Bonfida/Tether
UBAX:FILBTC,Filecoin/Bitcoin
UBAX:FILETH,
UBAX:FILFDUSD,Filecoin/First Digital USD
UBAX:FILTRY,Filecoin/Turkish Lira
UBAX:FILUSDC,Filecoin/USDC
UBAX:FILUSDT,Filecoin/Tether
UBAX:FIOBTC,
UBAX:FIOUSDT,FIO Protocol/Tether
UBAX:FIROUSDT,
UBAX:FISBTC,
UBAX:FISUSDT,
UBAX:FLMBTC,
UBAX:FLMUSDT,
UBAX:FLOKIFDUSD,FLOKI/First Digital USD
UBAX:FLOKIIDR,FLOKI/Rupiah
UBAX:FLOKITRY,FLOKI/Turkish Lira
UBAX:FLOKIUSDC,FLOKI/USDC
UBAX:FLOKIUSDT,FLOKI/Tether
UBAX:FLOWBTC,
UBAX:FLOWUSDT,Flow/Tether
UBAX:FLUXBTC,
UBAX:FLUXUSDC,Flux/USDC
UBAX:FLUXUSDT,Flux/Tether
UBAX:FOGOTRY,Fogo/Turkish Lira
UBAX:FOGOUSDC,Fogo/USDC
UBAX:FOGOUSDT,Fogo/Tether
UBAX:FORMTRY,Four/Turkish Lira
UBAX:FORMUSDC,Four/USDC
UBAX:FORMUSDT,Four/Tether
UBAX:FORTHBTC,
UBAX:FORTHUSDT,Ampleforth Governance Token/Tether
UBAX:FRAXUSDT,Frax/Tether
UBAX:FTMUSDT,
UBAX:FTRY,SynFutures/Turkish Lira
UBAX:FTTUSDT,FTX Token/Tether
UBAX:FUNUSDC,
UBAX:FUNUSDT,FUNToken/Tether
UBAX:FUSDC,SynFutures/USDC
UBAX:FUSDT,SynFutures/Tether
UBAX:FXSUSDT,
UBAX:GALABRL,
UBAX:GALABTC,
UBAX:GALAETH,Gala/Ethereum
UBAX:GALAEUR,
UBAX:GALAFDUSD,
UBAX:GALATRY,Gala/Turkish Lira
UBAX:GALAUSDC,Gala/USDC
UBAX:GALAUSDT,Gala/Tether
UBAX:GALUSDT,
UBAX:GASBTC,Gas/Bitcoin
UBAX:GASTRY,Gas/Turkish Lira
UBAX:GASUSDT,Gas/Tether
UBAX:GHSTUSDT,
UBAX:GIGGLETRY,Giggle Fund/Turkish Lira
UBAX:GIGGLEUSDC,Giggle Fund/USDC
UBAX:GIGGLEUSDT,Giggle Fund/Tether
UBAX:GLMBTC,Golem/Bitcoin
UBAX:GLMRBTC,
UBAX:GLMRUSDT,Moonbeam/Tether
UBAX:GLMUSDT,Golem/Tether
UBAX:GMTBTC,
UBAX:GMTEUR,
UBAX:GMTTRY,GMT/Turkish Lira
UBAX:GMTUSDC,GMT/USDC
UBAX:GMTUSDT,GMT/Tether
UBAX:GMXUSDC,GMX/USDC
UBAX:GMXUSDT,GMX/Tether
UBAX:GNOUSDT,Gnosis/Tether
UBAX:GNSUSDT,Gains Network/Tether
UBAX:GPSBNB,
UBAX:GPSFDUSD,
UBAX:GPSTRY,GoPlus Security/Turkish Lira
UBAX:GPSUSDC,GoPlus Security/USDC
UBAX:GPSUSDT,GoPlus Security/Tether
UBAX:GRTBTC,The Graph/Bitcoin
UBAX:GRTETH,
UBAX:GRTEUR,
UBAX:GRTFDUSD,
UBAX:GRTTRY,The Graph/Turkish Lira
UBAX:GRTUSDC,
UBAX:GRTUSDT,The Graph/Tether
UBAX:GTCUSDT,Gitcoin/Tether
UBAX:GTRY,Gravity/Turkish Lira
UBAX:GUNBNB,GUNZ/BNB
UBAX:GUNFDUSD,
UBAX:GUNTRY,GUNZ/Turkish Lira
UBAX:GUNUSDC,GUNZ/USDC
UBAX:GUNUSDT,GUNZ/Tether
UBAX:GUSDT,Gravity/Tether
UBAX:HAEDALBNB,
UBAX:HAEDALFDUSD,
UBAX:HAEDALTRY,Haedal Protocol/Turkish Lira
UBAX:HAEDALUSDC,Haedal Protocol/USDC
UBAX:HAEDALUSDT,Haedal Protocol/Tether
UBAX:HARDUSDT,
UBAX:HBARBNB,Hedera/BNB
UBAX:HBARBTC,Hedera/Bitcoin
UBAX:HBARFDUSD,Hedera/First Digital USD
UBAX:HBARIDR,Hedera/Rupiah
UBAX:HBARTRY,Hedera/Turkish Lira
UBAX:HBARUSDC,Hedera/USDC
UBAX:HBARUSDT,Hedera/Tether
UBAX:HEIBTC,
UBAX:HEITRY,Heima/Turkish Lira
UBAX:HEIUSDC,Heima/USDC
UBAX:HEIUSDT,Heima/Tether
UBAX:HEMIBNB,
UBAX:HEMIFDUSD,
UBAX:HEMITRY,HEMI/Turkish Lira
UBAX:HEMIUSDC,HEMI/USDC
UBAX:HEMIUSDT,HEMI/Tether
UBAX:HFTBTC,
UBAX:HFTUSDT,Hashflow/Tether
UBAX:HIFIUSDT,
UBAX:HIGHTRY,Highstreet/Turkish Lira
UBAX:HIGHUSDT,Highstreet/Tether
UBAX:HIVEBTC,
UBAX:HIVEFDUSD,
UBAX:HIVETRY,Hive/Turkish Lira
UBAX:HIVEUSDC,Hive/USDC
UBAX:HIVEUSDT,Hive/Tether
UBAX:HMSTRFDUSD,
UBAX:HMSTRTRY,Hamster Kombat/Turkish Lira
UBAX:HMSTRUSDC,Hamster Kombat/USDC
UBAX:HMSTRUSDT,Hamster Kombat/Tether
UBAX:HOLOBNB,
UBAX:HOLOFDUSD,
UBAX:HOLOTRY,Holoworld AI/Turkish Lira
UBAX:HOLOUSDC,Holoworld AI/USDC
UBAX:HOLOUSDT,Holoworld AI/Tether
UBAX:HOMEBNB,
UBAX:HOMEFDUSD,
UBAX:HOMETRY,Defi App/Turkish Lira
UBAX:HOMEUSDC,Defi App/USDC
UBAX:HOMEUSDT,Defi App/Tether
UBAX:HOOKUSDT,Hooked Protocol/Tether
UBAX:HOTETH,
UBAX:HOTTRY,Holo/Turkish Lira
UBAX:HOTUSDT,Holo/Tether
UBAX:HUMABNB,
UBAX:HUMAFDUSD,
UBAX:HUMATRY,Huma Finance/Turkish Lira
UBAX:HUMAUSDC,Huma Finance/USDC
UBAX:HUMAUSDT,Huma Finance/Tether
UBAX:HYPERBNB,
UBAX:HYPERFDUSD,
UBAX:HYPERTRY,Hyperlane/Turkish Lira
UBAX:HYPERUSDC,Hyperlane/USDC
UBAX:HYPERUSDT,Hyperlane/Tether
UBAX:ICPBTC,Internet Computer/Bitcoin
UBAX:ICPETH,
UBAX:ICPEUR,Internet Computer/Euro
UBAX:ICPFDUSD,Internet Computer/First Digital USD
UBAX:ICPTRY,Internet Computer/Turkish Lira
UBAX:ICPUSDC,Internet Computer/USDC
UBAX:ICPUSDT,Internet Computer/Tether
UBAX:ICXBTC,
UBAX:ICXUSDT,ICON/Tether
UBAX:IDBTC,
UBAX:IDEXUSDC,IDEX/USDC
UBAX:IDEXUSDT,IDEX/Tether
UBAX:IDTRY,SPACE ID/Turkish Lira
UBAX:IDUSDT,SPACE ID/Tether
UBAX:ILVBTC,
UBAX:ILVUSDC,Illuvium/USDC
UBAX:ILVUSDT,Illuvium/Tether
UBAX:IMXBTC,
UBAX:IMXUSDC,Immutable/USDC
UBAX:IMXUSDT,Immutable/Tether
UBAX:INITBNB,
UBAX:INITFDUSD,
UBAX:INITTRY,Initia/Turkish Lira
UBAX:INITUSDC,Initia/USDC
UBAX:INITUSDT,Initia/Tether
UBAX:INJBNB,Injective/BNB
UBAX:INJBTC,Injective/Bitcoin
UBAX:INJETH,
UBAX:INJFDUSD,Injective/First Digital USD
UBAX:INJTRY,Injective/Turkish Lira
UBAX:INJUSDC,Injective/USDC
UBAX:INJUSDT,Injective/Tether
UBAX:IOBNB,
UBAX:IOBTC,
UBAX:IOFDUSD,
UBAX:IOSTUSDT,IOST/Tether
UBAX:IOTABTC,IOTA/Bitcoin
UBAX:IOTAETH,
UBAX:IOTATRY,IOTA/Turkish Lira
UBAX:IOTAUSDC,IOTA/USDC
UBAX:IOTAUSDT,IOTA/Tether
UBAX:IOTRY,io.net/Turkish Lira
UBAX:IOTXBTC,
UBAX:IOTXETH,
UBAX:IOTXJPY,IoTeX/Yen
UBAX:IOTXUSDT,IoTeX/Tether
UBAX:IOUSDC,io.net/USDC
UBAX:IOUSDT,io.net/Tether
UBAX:IQUSDT,IQ/Tether
UBAX:IRISUSDT,
UBAX:JASMYTRY,JasmyCoin/Turkish Lira
UBAX:JASMYUSDT,JasmyCoin/Tether
UBAX:JOEBTC,
UBAX:JOEUSDT,JOE/Tether
UBAX:JSTBTC,JUST/Bitcoin
UBAX:JSTUSDT,JUST/Tether
UBAX:JTOFDUSD,
UBAX:JTOTRY,Jito/Turkish Lira
UBAX:JTOUSDC,Jito/USDC
UBAX:JTOUSDT,Jito/Tether
UBAX:JUPFDUSD,Jupiter/First Digital USD
UBAX:JUPTRY,Jupiter/Turkish Lira
UBAX:JUPUSDC,Jupiter/USDC
UBAX:JUPUSDT,Jupiter/Tether
UBAX:JUVTRY,Juventus Fan Token/Turkish Lira
UBAX:JUVUSDC,Juventus Fan Token/USDC
UBAX:JUVUSDT,Juventus Fan Token/Tether
UBAX:KAIAUSDC,Kaia/USDC
UBAX:KAIAUSDT,Kaia/Tether
UBAX:KAITOBTC,
UBAX:KAITOFDUSD,
UBAX:KAITOTRY,KAITO/Turkish Lira
UBAX:KAITOUSDC,KAITO/USDC
UBAX:KAITOUSDT,KAITO/Tether
UBAX:KAVABTC,Kava/Bitcoin
UBAX:KAVAUSDT,Kava/Tether
UBAX:KDABTC,
UBAX:KDAUSDT,
UBAX:KERNELBNB,
UBAX:KERNELFDUSD,
UBAX:KERNELTRY,KernelDAO/Turkish Lira
UBAX:KERNELUSDC,KernelDAO/USDC
UBAX:KERNELUSDT,KernelDAO/Tether
UBAX:KGSTU,KGST/Union
UBAX:KGSTUSDT,KGST/Tether
UBAX:KITEBNB,
UBAX:KITETRY,Kite/Turkish Lira
UBAX:KITEUSDC,Kite/USDC
UBAX:KITEUSDT,Kite/Tether
UBAX:KLAYUSDT,
UBAX:KMDBTC,
UBAX:KMDUSDT,
UBAX:KMNOUSDC,Kamino Finance/USDC
UBAX:KMNOUSDT,Kamino Finance/Tether
UBAX:KNCBTC,Kyber Network Crystal v2/Bitcoin
UBAX:KNCUSDT,Kyber Network Crystal v2/Tether
UBAX:KSMBTC,
UBAX:KSMTRY,Kusama/Turkish Lira
UBAX:KSMUSDT,Kusama/Tether
UBAX:LABNB,Lagrange/BNB
UBAX:LAFDUSD,
UBAX:LATRY,Lagrange/Turkish Lira
UBAX:LAUSDC,Lagrange/USDC
UBAX:LAUSDT,Lagrange/Tether
UBAX:LAYERBNB,
UBAX:LAYERBTC,
UBAX:LAYERFDUSD,
UBAX:LAYERTRY,Solayer/Turkish Lira
UBAX:LAYERUSDC,Solayer/USDC
UBAX:LAYERUSDT,Solayer/Tether
UBAX:LAZIOTRY,S.S. Lazio Fan Token/Turkish Lira
UBAX:LAZIOUSDT,S.S. Lazio Fan Token/Tether
UBAX:LDOBTC,
UBAX:LDOFDUSD,Lido DAO/First Digital USD
UBAX:LDOTRY,Lido DAO/Turkish Lira
UBAX:LDOUSDC,Lido DAO/USDC
UBAX:LDOUSDT,Lido DAO/Tether
UBAX:LEVERTRY,
UBAX:LEVERUSDT,
UBAX:LINEABNB,
UBAX:LINEAFDUSD,
UBAX:LINEATRY,Linea/Turkish Lira
UBAX:LINEAUSDC,Linea/USDC
UBAX:LINEAUSDT,Linea/Tether
UBAX:LINKBNB,
UBAX:LINKBRL,Chainlink/Brazilian Real
UBAX:LINKBTC,Chainlink/Bitcoin
UBAX:LINKETH,Chainlink/Ethereum
UBAX:LINKEUR,Chainlink/Euro
UBAX:LINKFDUSD,Chainlink/First Digital USD
UBAX:LINKJPY,Chainlink/Yen
UBAX:LINKTRY,Chainlink/Turkish Lira
UBAX:LINKU,Chainlink/Union
UBAX:LINKUSD1,ChainLink/World Liberty Financial USD
UBAX:LINKUSDC,Chainlink/USDC
UBAX:LINKUSDT,Chainlink/Tether
UBAX:LISTABNB,
UBAX:LISTAFDUSD,
UBAX:LISTATRY,Lista DAO/Turkish Lira
UBAX:LISTAUSDC,
UBAX:LISTAUSDT,Lista DAO/Tether
UBAX:LITUSDT,
UBAX:LOKABTC,
UBAX:LOKAUSDT,
UBAX:LPTBNB,
UBAX:LPTBTC,Livepeer/Bitcoin
UBAX:LPTJPY,Livepeer/Yen
UBAX:LPTTRY,Livepeer/Turkish Lira
UBAX:LPTUSDC,Livepeer/USDC
UBAX:LPTUSDT,Livepeer/Tether
UBAX:LQTYUSDT,Liquity/Tether
UBAX:LRCBTC,
UBAX:LRCETH,
UBAX:LRCTRY,Loopring/Turkish Lira
UBAX:LRCUSDT,Loopring/Tether
UBAX:LSKBTC,Lisk/Bitcoin
UBAX:LSKUSDC,Lisk/USDC
UBAX:LSKUSDT,Lisk/Tether
UBAX:LTCBNB,Litecoin/BNB
UBAX:LTCBRL,Litecoin/Brazilian Real
UBAX:LTCBTC,Litecoin/Bitcoin
UBAX:LTCETH,Litecoin/Ethereum
UBAX:LTCEUR,Litecoin/Euro
UBAX:LTCFDUSD,Litecoin/First Digital USD
UBAX:LTCJPY,Litecoin/Yen
UBAX:LTCTRY,Litecoin/Turkish Lira
UBAX:LTCU,Litecoin/Union
UBAX:LTCUSD1,Litecoin/World Liberty Financial USD
UBAX:LTCUSDC,Litecoin/USDC
UBAX:LTCUSDT,Litecoin/Tether
UBAX:LTOBTC,
UBAX:LTOUSDT,
UBAX:LUMIATRY,Lumia/Turkish Lira
UBAX:LUMIAUSDT,Lumia/Tether
UBAX:LUNATRY,Terra/Turkish Lira
UBAX:LUNAUSDC,Terra/USDC
UBAX:LUNAUSDT,Terra/Tether
UBAX:LUNCTRY,Terra Classic/Turkish Lira
UBAX:LUNCUSDC,Terra Classic/USDC
UBAX:LUNCUSDT,Terra Classic/Tether
UBAX:MAGICBTC,Treasure/Bitcoin
UBAX:MAGICTRY,Treasure/Turkish Lira
UBAX:MAGICUSDC,Treasure/USDC
UBAX:MAGICUSDT,Treasure/Tether
UBAX:MANABTC,
UBAX:MANAETH,
UBAX:MANATRY,Decentraland/Turkish Lira
UBAX:MANAUSDT,Decentraland/Tether
UBAX:MANTABTC,
UBAX:MANTAFDUSD,Manta Network/First Digital USD
UBAX:MANTAIDR,Manta Network/Rupiah
UBAX:MANTATRY,Manta Network/Turkish Lira
UBAX:MANTAUSDC,Manta Network/USDC
UBAX:MANTAUSDT,Manta Network/Tether
UBAX:MANTRATRY,MANTRA/Turkish Lira
UBAX:MANTRAUSDC,MANTRA/USDC
UBAX:MANTRAUSDT,MANTRA/Tether
UBAX:MASKTRY,Mask Network/Turkish Lira
UBAX:MASKUSDC,Mask Network/USDC
UBAX:MASKUSDT,Mask Network/Tether
UBAX:MATICUSDT,
UBAX:MAVBTC,
UBAX:MAVTRY,Maverick Protocol/Turkish Lira
UBAX:MAVUSDC,Maverick Protocol/USDC
UBAX:MAVUSDT,Maverick Protocol/Tether
UBAX:MBLUSDT,MovieBloc/Tether
UBAX:MBOXTRY,MOBOX/Turkish Lira
UBAX:MBOXUSDT,MOBOX/Tether
UBAX:MDTUSDT,Measurable Data Token/Tether
UBAX:MDXUSDT,
UBAX:MEBTC,
UBAX:MEFDUSD,Magic Eden/First Digital USD
UBAX:MEMEFDUSD,
UBAX:MEMETRY,Memecoin/Turkish Lira
UBAX:MEMEUSDC,Memecoin/USDC
UBAX:MEMEUSDT,Memecoin/Tether
UBAX:METISTRY,Metis/Turkish Lira
UBAX:METISUSDT,Metis/Tether
UBAX:METRY,Magic Eden/Turkish Lira
UBAX:METTRY,Meteora/Turkish Lira
UBAX:METUSDC,Meteora/USDC
UBAX:METUSDT,Meteora/Tether
UBAX:MEUSDC,Magic Eden/USDC
UBAX:MEUSDT,Magic Eden/Tether
UBAX:MINABTC,
UBAX:MINATRY,Mina/Turkish Lira
UBAX:MINAUSDC,Mina/USDC
UBAX:MINAUSDT,Mina/Tether
UBAX:MIRABNB,
UBAX:MIRAFDUSD,
UBAX:MIRATRY,Mira/Turkish Lira
UBAX:MIRAUSDC,Mira/USDC
UBAX:MIRAUSDT,Mira/Tether
UBAX:MITOBNB,
UBAX:MITOFDUSD,
UBAX:MITOTRY,Mitosis/Turkish Lira
UBAX:MITOUSDC,Mitosis/USDC
UBAX:MITOUSDT,Mitosis/Tether
UBAX:MKRBTC,
UBAX:MKRTRY,
UBAX:MKRUSDC,
UBAX:MKRUSDT,
UBAX:MLNUSDT,Enzyme/Tether
UBAX:MMTBNB,
UBAX:MMTTRY,Momentum/Turkish Lira
UBAX:MMTUSDC,Momentum/USDC
UBAX:MMTUSDT,Momentum/Tether
UBAX:MORPHOBNB,
UBAX:MORPHOFDUSD,
UBAX:MORPHOTRY,Morpho/Turkish Lira
UBAX:MORPHOUSDC,Morpho/USDC
UBAX:MORPHOUSDT,Morpho/Tether
UBAX:MOVEBNB,
UBAX:MOVEBTC,
UBAX:MOVEFDUSD,
UBAX:MOVETRY,Movement/Turkish Lira
UBAX:MOVEUSDC,Movement/USDC
UBAX:MOVEUSDT,Movement/Tether
UBAX:MOVRBTC,
UBAX:MOVRTRY,Moonriver/Turkish Lira
UBAX:MOVRUSDT,Moonriver/Tether
UBAX:MTLBTC,
UBAX:MTLUSDT,Metal DAO/Tether
UBAX:MUBARAKTRY,Mubarak/Turkish Lira
UBAX:MUBARAKUSDC,Mubarak/USDC
UBAX:MUBARAKUSDT,Mubarak/Tether
UBAX:NBSUSDT,
UBAX:NEARBNB,
UBAX:NEARBRL,NEAR Protocol/Brazilian Real
UBAX:NEARBTC,NEAR Protocol/Bitcoin
UBAX:NEARETH,
UBAX:NEAREUR,NEAR Protocol/Euro
UBAX:NEARFDUSD,
UBAX:NEARJPY,NEAR Protocol/Yen
UBAX:NEARTRY,NEAR Protocol/Turkish Lira
UBAX:NEARU,NEAR Protocol/Union
UBAX:NEARUSD1,NEAR Protocol/World Liberty Financial USD
UBAX:NEARUSDC,NEAR Protocol/USDC
UBAX:NEARUSDT,NEAR Protocol/Tether
UBAX:NEIROFDUSD,
UBAX:NEIROIDR,Neiro/Rupiah
UBAX:NEIROJPY,
UBAX:NEIROTRY,Neiro Ethereum/Turkish Lira
UBAX:NEIROUSDC,Neiro Ethereum/USDC
UBAX:NEIROUSDT,Neiro Ethereum/Tether
UBAX:NEOBTC,Neo/Bitcoin
UBAX:NEOTRY,Neo/Turkish Lira
UBAX:NEOUSDC,Neo/USDC
UBAX:NEOUSDT,Neo/Tether
UBAX:NEWTBNB,
UBAX:NEWTFDUSD,
UBAX:NEWTTRY,Newton Protocol/Turkish Lira
UBAX:NEWTUSDC,Newton Protocol/USDC
UBAX:NEWTUSDT,Newton Protocol/Tether
UBAX:NEXOBTC,Nexo/Bitcoin
UBAX:NEXOUSDT,Nexo/Tether
UBAX:NFPBTC,
UBAX:NFPFDUSD,
UBAX:NFPTRY,NFPrompt/Turkish Lira
UBAX:NFPUSDT,NFPrompt/Tether
UBAX:NIGHTBNB,Midnight/BNB
UBAX:NIGHTTRY,Midnight/Turkish Lira
UBAX:NIGHTUSDC,Midnight/USDC
UBAX:NIGHTUSDT,Midnight/Tether
UBAX:NILBNB,
UBAX:NILFDUSD,
UBAX:NILTRY,Nillion/Turkish Lira
UBAX:NILUSDC,Nillion/USDC
UBAX:NILUSDT,Nillion/Tether
UBAX:NKNBTC,
UBAX:NKNUSDT,
UBAX:NMRBTC,
UBAX:NMRTRY,Numeraire/Turkish Lira
UBAX:NMRUSDC,Numeraire/USDC
UBAX:NMRUSDT,Numeraire/Tether
UBAX:NOMFDUSD,
UBAX:NOMTRY,Nomina/Turkish Lira
UBAX:NOMUSDC,Nomina/USDC
UBAX:NOMUSDT,Nomina/Tether
UBAX:NOTFDUSD,Notcoin/First Digital USD
UBAX:NOTTRY,Notcoin/Turkish Lira
UBAX:NOTUSDC,Notcoin/USDC
UBAX:NOTUSDT,Notcoin/Tether
UBAX:NTRNBNB,
UBAX:NTRNTRY,Neutron/Turkish Lira
UBAX:NTRNUSDT,Neutron/Tether
UBAX:NULSUSDT,
UBAX:NXPCBNB,
UBAX:NXPCFDUSD,
UBAX:NXPCTRY,NEXPACE/Turkish Lira
UBAX:NXPCUSDC,NEXPACE/USDC
UBAX:NXPCUSDT,NEXPACE/Tether
UBAX:OCEANUSDT,
UBAX:OGBTC,
UBAX:OGNBTC,
UBAX:OGNTRY,Origin Protocol/Turkish Lira
UBAX:OGNUSDT,Origin Protocol/Tether
UBAX:OGTRY,OG Fan Token/Turkish Lira
UBAX:OGUSDT,OG Fan Token/Tether
UBAX:OMBTC,
UBAX:OMGUSDT,
UBAX:OMNIBTC,
UBAX:OMNIFDUSD,
UBAX:OMNITRY,
UBAX:OMNIUSDC,
UBAX:OMNIUSDT,
UBAX:OMTRY,
UBAX:OMUSDC,
UBAX:OMUSDT,
UBAX:ONDOIDR,Ondo/Rupiah
UBAX:ONDOTRY,Ondo/Turkish Lira
UBAX:ONDOUSDC,Ondo/USDC
UBAX:ONDOUSDT,Ondo/Tether
UBAX:ONETRY,Harmony/Turkish Lira
UBAX:ONEUSDT,Harmony/Tether
UBAX:ONGBTC,Ontology Gas/Bitcoin
UBAX:ONGUSDT,Ontology Gas/Tether
UBAX:ONTBTC,Ontology/Bitcoin
UBAX:ONTTRY,Ontology/Turkish Lira
UBAX:ONTUSDC,Ontology/USDC
UBAX:ONTUSDT,Ontology/Tether
UBAX:OPBTC,Optimism/Bitcoin
UBAX:OPENBNB,OpenLedger/BNB
UBAX:OPENFDUSD,OpenLedger/First Digital USD
UBAX:OPENTRY,OpenLedger/Turkish Lira
UBAX:OPENUSDC,OpenLedger/USDC
UBAX:OPENUSDT,OpenLedger/Tether
UBAX:OPETH,
UBAX:OPEUR,
UBAX:OPFDUSD,
UBAX:OPNBNB,Opinion/BNB
UBAX:OPNTRY,Opinion/Turkish Lira
UBAX:OPNU,Opinion/Union
UBAX:OPNUSD1,Opinion/World Liberty Financial USD
UBAX:OPNUSDC,Opinion/USDC
UBAX:OPNUSDT,Opinion/Tether
UBAX:OPTRY,Optimism/Turkish Lira
UBAX:OPUSDC,Optimism/USDC
UBAX:OPUSDT,Optimism/Tether
UBAX:ORCATRY,Orca/Turkish Lira
UBAX:ORCAUSDC,Orca/USDC
UBAX:ORCAUSDT,Orca/Tether
UBAX:ORDIBTC,
UBAX:ORDIFDUSD,
UBAX:ORDITRY,ORDI/Turkish Lira
UBAX:ORDIUSDC,ORDI/USDC
UBAX:ORDIUSDT,ORDI/Tether
UBAX:ORNUSDT,
UBAX:OSMOUSDC,Osmosis/USDC
UBAX:OSMOUSDT,Osmosis/Tether
UBAX:OXTBTC,
UBAX:OXTUSDT,Orchid/Tether
UBAX:PARTIBNB,Particle Network/BNB
UBAX:PARTIFDUSD,Particle Network/First Digital USD
UBAX:PARTITRY,Particle Network/Turkish Lira
UBAX:PARTIUSDC,Particle Network/USDC
UBAX:PARTIUSDT,Particle Network/Tether
UBAX:PAXGBTC,PAX Gold/Bitcoin
UBAX:PAXGTRY,PAX Gold/Turkish Lira
UBAX:PAXGU,PAX Gold/Union
UBAX:PAXGUSD1,PAX Gold/World Liberty Financial USD
UBAX:PAXGUSDC,PAX Gold/USDC
UBAX:PAXGUSDT,PAX Gold/Tether
UBAX:PDAUSDT,
UBAX:PENDLEBTC,Pendle/Bitcoin
UBAX:PENDLEFDUSD,
UBAX:PENDLETRY,Pendle/Turkish Lira
UBAX:PENDLEUSDC,Pendle/USDC
UBAX:PENDLEUSDT,Pendle/Tether
UBAX:PENGUFDUSD,
UBAX:PENGUTRY,Pudgy Penguins/Turkish Lira
UBAX:PENGUUSDC,Pudgy Penguins/USDC
UBAX:PENGUUSDT,Pudgy Penguins/Tether
UBAX:PEOPLEBTC,
UBAX:PEOPLEFDUSD,
UBAX:PEOPLETRY,ConstitutionDAO/Turkish Lira
UBAX:PEOPLEUSDC,ConstitutionDAO/USDC
UBAX:PEOPLEUSDT,ConstitutionDAO/Tether
UBAX:PEPEBRL,Pepe/Brazilian Real
UBAX:PEPEEUR,Pepe/Euro
UBAX:PEPEFDUSD,Pepe/First Digital USD
UBAX:PEPEJPY,Pepe/Yen
UBAX:PEPETRY,Pepe/Turkish Lira
UBAX:PEPEU,Pepe/Union
UBAX:PEPEUSD1,Pepe/World Liberty Financial USD
UBAX:PEPEUSDC,Pepe/USDC
UBAX:PEPEUSDT,Pepe/Tether
UBAX:PERLUSDT,
UBAX:PERPUSDT,
UBAX:PHABTC,
UBAX:PHATRY,Phala Network/Turkish Lira
UBAX:PHAUSDC,Phala Network/USDC
UBAX:PHAUSDT,Phala Network/Tether
UBAX:PHBBTC,
UBAX:PHBTRY,Phoenix/Turkish Lira
UBAX:PHBUSDT,Phoenix/Tether
UBAX:PIVXBTC,
UBAX:PIVXUSDT,PIVX/Tether
UBAX:PIXELTRY,Pixels/Turkish Lira
UBAX:PIXELUSDC,Pixels/USDC
UBAX:PIXELUSDT,Pixels/Tether
UBAX:PLUMEBNB,
UBAX:PLUMEFDUSD,
UBAX:PLUMETRY,Plume/Turkish Lira
UBAX:PLUMEUSDC,Plume/USDC
UBAX:PLUMEUSDT,Plume/Tether
UBAX:PNUTBRL,
UBAX:PNUTBTC,
UBAX:PNUTEUR,
UBAX:PNUTFDUSD,
UBAX:PNUTTRY,Peanut the Squirrel/Turkish Lira
UBAX:PNUTUSDC,Peanut the Squirrel/USDC
UBAX:PNUTUSDT,Peanut the Squirrel/Tether
UBAX:POLBNB,POL/BNB
UBAX:POLBRL,POL/Brazilian Real
UBAX:POLBTC,POL/Bitcoin
UBAX:POLETH,POL/Ethereum
UBAX:POLEUR,POL/Euro
UBAX:POLFDUSD,POL/First Digital USD
UBAX:POLIDR,Polygon/Rupiah
UBAX:POLJPY,POL/Yen
UBAX:POLSUSDT,
UBAX:POLTRY,POL/Turkish Lira
UBAX:POLUSDC,POL/USDC
UBAX:POLUSDT,POL/Tether
UBAX:POLYXBTC,
UBAX:POLYXTRY,Polymesh/Turkish Lira
UBAX:POLYXUSDT,Polymesh/Tether
UBAX:PONDUSDT,Marlin/Tether
UBAX:PORTALBNB,
UBAX:PORTALBTC,
UBAX:PORTALFDUSD,
UBAX:PORTALTRY,Portal/Turkish Lira
UBAX:PORTALUSDT,Portal/Tether
UBAX:PORTOTRY,FC Porto Fan Token/Turkish Lira
UBAX:PORTOUSDT,FC Porto Fan Token/Tether
UBAX:POWRBTC,
UBAX:POWRETH,
UBAX:POWRUSDT,Powerledger/Tether
UBAX:PROMUSDT,Prom/Tether
UBAX:PROVEBNB,
UBAX:PROVEFDUSD,
UBAX:PROVETRY,
UBAX:PROVEUSDC,Succinct/USDC
UBAX:PROVEUSDT,Succinct/Tether
UBAX:PSGTRY,Paris Saint-Germain Fan Token/Turkish Lira
UBAX:PSGUSDT,Paris Saint-Germain Fan Token/Tether
UBAX:PUMPTRY,Pump.fun/Turkish Lira
UBAX:PUMPUSDC,Pump.fun/USDC
UBAX:PUMPUSDT,Pump.fun/Tether
UBAX:PUNDIXUSDC,PundiX/USDC
UBAX:PUNDIXUSDT,PundiX/Tether
UBAX:PYRBTC,
UBAX:PYRUSDT,VulcanForged/Tether
UBAX:PYTHBTC,Pyth Network/Bitcoin
UBAX:PYTHFDUSD,
UBAX:PYTHTRY,Pyth Network/Turkish Lira
UBAX:PYTHUSDC,Pyth Network/USDC
UBAX:PYTHUSDT,Pyth Network/Tether
UBAX:QIUSDT,BENQI/Tether
UBAX:QKCUSDT,QuarkChain/Tether
UBAX:QNTBTC,Quant/Bitcoin
UBAX:QNTUSDC,Quant/USDC
UBAX:QNTUSDT,Quant/Tether
UBAX:QTUMBTC,
UBAX:QTUMETH,
UBAX:QTUMTRY,Qtum/Turkish Lira
UBAX:QTUMUSDC,Qtum/USDC
UBAX:QTUMUSDT,Qtum/Tether
UBAX:QUICKOLDUSDT,
UBAX:QUICKUSDT,Quickswap/Tether
UBAX:RADTRY,Radworks/Turkish Lira
UBAX:RADUSDT,Radworks/Tether
UBAX:RAREBTC,
UBAX:RARETRY,SuperRare/Turkish Lira
UBAX:RAREUSDC,SuperRare/USDC
UBAX:RAREUSDT,SuperRare/Tether
UBAX:RAYFDUSD,
UBAX:RAYTRY,Raydium/Turkish Lira
UBAX:RAYUSDC,Raydium/USDC
UBAX:RAYUSDT,Raydium/Tether
UBAX:RDNTTRY,Radiant Capital/Turkish Lira
UBAX:RDNTUSDT,Radiant Capital/Tether
UBAX:REDBTC,
UBAX:REDFDUSD,
UBAX:REDTRY,RedStone/Turkish Lira
UBAX:REDUSDC,RedStone/USDC
UBAX:REDUSDT,RedStone/Tether
UBAX:REIUSDT,
UBAX:RENDERBRL,Render/Brazilian Real
UBAX:RENDERBTC,Render/Bitcoin
UBAX:RENDEREUR,Render/Euro
UBAX:RENDERFDUSD,
UBAX:RENDERIDR,Render/Rupiah
UBAX:RENDERTRY,Render/Turkish Lira
UBAX:RENDERUSDC,Render/USDC
UBAX:RENDERUSDT,Render/Tether
UBAX:RENUSDT,
UBAX:REPUSDT,
UBAX:REQBTC,
UBAX:REQUSDT,Request/Tether
UBAX:RESOLVBNB,
UBAX:RESOLVFDUSD,
UBAX:RESOLVTRY,Resolv/Turkish Lira
UBAX:RESOLVUSDC,Resolv/USDC
UBAX:RESOLVUSDT,Resolv/Tether
UBAX:REZTRY,Renzo/Turkish Lira
UBAX:REZUSDC,Renzo/USDC
UBAX:REZUSDT,Renzo/Tether
UBAX:RIFBTC,
UBAX:RIFUSDT,Rootstock Infrastructure Framework/Tether
UBAX:RLCBTC,
UBAX:RLCETH,iExec RLC/Ethereum
UBAX:RLCUSDT,iExec RLC/Tether
UBAX:RLUSDU,Ripple USD/Union
UBAX:RLUSDUSDT,Ripple USD/Tether
UBAX:ROBOTRY,Fabric Protocol/Turkish Lira
UBAX:ROBOUSDC,Fabric Protocol/USDC
UBAX:ROBOUSDT,Fabric Protocol/Tether
UBAX:RONINBTC,
UBAX:RONINFDUSD,
UBAX:RONINTRY,Ronin/Turkish Lira
UBAX:RONINUSDT,Ronin/Tether
UBAX:ROSEBTC,Oasis/Bitcoin
UBAX:ROSETRY,Oasis/Turkish Lira
UBAX:ROSEUSDC,Ethereum Classic/USDC
UBAX:ROSEUSDT,Oasis/Tether
UBAX:RPLUSDC,Rocket Pool/USDC
UBAX:RPLUSDT,Rocket Pool/Tether
UBAX:RSRTRY,Reserve Rights/Turkish Lira
UBAX:RSRUSDC,Reserve Rights/USDC
UBAX:RSRUSDT,Reserve Rights/Tether
UBAX:RUNEBTC,THORChain/Bitcoin
UBAX:RUNEETH,
UBAX:RUNEFDUSD,
UBAX:RUNEUSDC,THORChain/USDC
UBAX:RUNEUSDT,THORChain/Tether
UBAX:RVNBTC,
UBAX:RVNTRY,Ravencoin/Turkish Lira
UBAX:RVNUSDC,Ravencoin/USDC
UBAX:RVNUSDT,Ravencoin/Tether
UBAX:SAGABNB,
UBAX:SAGABTC,Saga/Bitcoin
UBAX:SAGAFDUSD,Saga/First Digital USD
UBAX:SAGATRY,Saga/Turkish Lira
UBAX:SAGAUSDC,Saga/USDC
UBAX:SAGAUSDT,Saga/Tether
UBAX:SAHARABNB,
UBAX:SAHARAFDUSD,
UBAX:SAHARATRY,Sahara AI/Turkish Lira
UBAX:SAHARAUSDC,Sahara AI/USDC
UBAX:SAHARAUSDT,Sahara AI/Tether
UBAX:SANDBTC,The Sandbox/Bitcoin
UBAX:SANDFDUSD,
UBAX:SANDTRY,The Sandbox/Turkish Lira
UBAX:SANDUSDC,The Sandbox/USDC
UBAX:SANDUSDT,The Sandbox/Tether
UBAX:SANTOSBTC,Santos FC Fan Token/Bitcoin
UBAX:SANTOSTRY,Santos FC Fan Token/Turkish Lira
UBAX:SANTOSUSDT,Santos FC Fan Token/Tether
UBAX:SAPIENBNB,
UBAX:SAPIENTRY,Sapien/Turkish Lira
UBAX:SAPIENUSDC,Sapien/USDC
UBAX:SAPIENUSDT,Sapien/Tether
UBAX:SBNB,Sonic/BNB
UBAX:SBTC,Sonic/Bitcoin
UBAX:SCETH,
UBAX:SCRBTC,
UBAX:SCRFDUSD,
UBAX:SCRIDR,Scroll/Rupiah
UBAX:SCRTBTC,
UBAX:SCRTRY,Scroll/Turkish Lira
UBAX:SCRTUSDT,Secret/Tether
UBAX:SCRUSDT,Scroll/Tether
UBAX:SCUSDT,Siacoin/Tether
UBAX:SEIBNB,
UBAX:SEIBTC,Sei/Bitcoin
UBAX:SEIFDUSD,
UBAX:SEIJPY,Sei/Yen
UBAX:SEITRY,Sei/Turkish Lira
UBAX:SEIUSDC,Sei/USDC
UBAX:SEIUSDT,Sei/Tether
UBAX:SENTTRY,Sentient/Turkish Lira
UBAX:SENTUSDC,Sentient/USDC
UBAX:SENTUSDT,Sentient/Tether
UBAX:SETH,
UBAX:SEUR,Sonic/Euro
UBAX:SFDUSD,
UBAX:SFPBTC,
UBAX:SFPUSDT,SafePal/Tether
UBAX:SHELLBNB,
UBAX:SHELLBTC,
UBAX:SHELLFDUSD,
UBAX:SHELLTRY,MyShell/Turkish Lira
UBAX:SHELLUSDC,MyShell/USDC
UBAX:SHELLUSDT,MyShell/Tether
UBAX:SHIBBRL,Shiba Inu/Brazilian Real
UBAX:SHIBDOGE,
UBAX:SHIBEUR,Shiba Inu/Euro
UBAX:SHIBFDUSD,Shiba Inu/First Digital USD
UBAX:SHIBJPY,Shiba Inu/Yen
UBAX:SHIBTRY,Shiba Inu/Turkish Lira
UBAX:SHIBUSDC,Shiba Inu/USDC
UBAX:SHIBUSDT,Shiba Inu/Tether
UBAX:SIGNBNB,Sign/BNB
UBAX:SIGNFDUSD,Sign/First Digital USD
UBAX:SIGNTRY,Sign/Turkish Lira
UBAX:SIGNUSDC,Sign/USDC
UBAX:SIGNUSDT,Sign/Tether
UBAX:SKLBTC,
UBAX:SKLTRY,SKALE/Turkish Lira
UBAX:SKLUSDC,SKALE/USDC
UBAX:SKLUSDT,SKALE/Tether
UBAX:SKYBTC,Sky/Bitcoin
UBAX:SKYTRY,Sky/Turkish Lira
UBAX:SKYUSDC,Sky/USDC
UBAX:SKYUSDT,Sky/Tether
UBAX:SLFBTC,
UBAX:SLFTRY,
UBAX:SLFUSDC,
UBAX:SLFUSDT,
UBAX:SLPETH,
UBAX:SLPTRY,Smooth Love Potion/Turkish Lira
UBAX:SLPUSDT,Smooth Love Potion/Tether
UBAX:SNXBTC,
UBAX:SNXTRY,Synthetix/Turkish Lira
UBAX:SNXUSDC,Synthetix/USDC
UBAX:SNXUSDT,Synthetix/Tether
UBAX:SOLARS,
UBAX:SOLBNB,Solana/BNB
UBAX:SOLBRL,Solana/Brazilian Real
UBAX:SOLBTC,Solana/Bitcoin
UBAX:SOLETH,Solana/Ethereum
UBAX:SOLEUR,Solana/Euro
UBAX:SOLFDUSD,Solana/First Digital USD
UBAX:SOLIDR,Solana/Rupiah
UBAX:SOLJPY,Solana/Yen
UBAX:SOLMXN,Solana/Mexican Peso
UBAX:SOLTRY,Solana/Turkish Lira
UBAX:SOLTUSD,Solana/TrueUSD
UBAX:SOLU,Solana/Union
UBAX:SOLUSD,Solana/US Dollar
UBAX:SOLUSD1,Solana/World Liberty Financial USD
UBAX:SOLUSDC,Solana/USDC
UBAX:SOLUSDT,Solana/Tether
UBAX:SOLVBNB,Solv Protocol/BNB
UBAX:SOLVFDUSD,Solv Protocol/First Digital USD
UBAX:SOLVTRY,Solv Protocol/Turkish Lira
UBAX:SOLVUSDC,Solv Protocol/USDC
UBAX:SOLVUSDT,Solv Protocol/Tether
UBAX:SOMIBNB,
UBAX:SOMIFDUSD,
UBAX:SOMITRY,Somnia/Turkish Lira
UBAX:SOMIUSDC,Somnia/USDC
UBAX:SOMIUSDT,Somnia/Tether
UBAX:SOPHBNB,
UBAX:SOPHFDUSD,Sophon/First Digital USD
UBAX:SOPHTRY,Sophon/Turkish Lira
UBAX:SOPHUSDC,Sophon/USDC
UBAX:SOPHUSDT,Sophon/Tether
UBAX:SPELLTRY,Spell Token/Turkish Lira
UBAX:SPELLUSDT,Spell Token/Tether
UBAX:SPKBNB,
UBAX:SPKFDUSD,
UBAX:SPKTRY,Spark/Turkish Lira
UBAX:SPKUSDC,Spark/USDC
UBAX:SPKUSDT,Spark/Tether
UBAX:SRMUSDT,
UBAX:SSVBTC,
UBAX:SSVETH,
UBAX:SSVUSDC,ssv.network/USDC
UBAX:SSVUSDT,ssv.network/Tether
UBAX:STEEMBTC,Steem/Bitcoin
UBAX:STEEMETH,Steem/Ethereum
UBAX:STEEMUSDC,Steem/USDC
UBAX:STEEMUSDT,Steem/Tether
UBAX:STGBTC,
UBAX:STGUSDT,Stargate Finance/Tether
UBAX:STOBNB,
UBAX:STOFDUSD,
UBAX:STORJBTC,
UBAX:STORJTRY,Storj/Turkish Lira
UBAX:STORJUSDT,Storj/Tether
UBAX:STOTRY,StakeStone/Turkish Lira
UBAX:STOUSDC,StakeStone/USDC
UBAX:STOUSDT,StakeStone/Tether
UBAX:STRATUSDT,
UBAX:STRAXBTC,
UBAX:STRAXTRY,Stratis/Turkish Lira
UBAX:STRAXUSDT,Stratis/Tether
UBAX:STRKFDUSD,
UBAX:STRKTRY,Starknet/Turkish Lira
UBAX:STRKUSDC,Starknet/USDC
UBAX:STRKUSDT,Starknet/Tether
UBAX:STRY,Sonic/Turkish Lira
UBAX:STXBNB,
UBAX:STXBTC,Stacks/Bitcoin
UBAX:STXFDUSD,
UBAX:STXTRY,Stacks/Turkish Lira
UBAX:STXUSDC,Stacks/USDC
UBAX:STXUSDT,Stacks/Tether
UBAX:SUIBNB,Sui/BNB
UBAX:SUIBRL,Sui/Brazilian Real
UBAX:SUIBTC,Sui/Bitcoin
UBAX:SUIEUR,Sui/Euro
UBAX:SUIFDUSD,Sui/First Digital USD
UBAX:SUIIDR,Sui/Rupiah
UBAX:SUIJPY,Sui/Yen
UBAX:SUITRY,Sui/Turkish Lira
UBAX:SUIU,Sui/Union
UBAX:SUIUSD1,Sui/World Liberty Financial USD
UBAX:SUIUSDC,Sui/USDC
UBAX:SUIUSDT,Sui/Tether
UBAX:SUNTRY,Sun/Turkish Lira
UBAX:SUNUSDT,Sun/Tether
UBAX:SUPERBTC,SuperVerse/Bitcoin
UBAX:SUPERTRY,SuperVerse/Turkish Lira
UBAX:SUPERUSDT,SuperVerse/Tether
UBAX:SUSDC,Sonic/USDC
UBAX:SUSDT,Sonic/Tether
UBAX:SUSHIBTC,
UBAX:SUSHITRY,SushiSwap/Turkish Lira
UBAX:SUSHIUSDC,SushiSwap/USDC
UBAX:SUSHIUSDT,SushiSwap/Tether
UBAX:SXPBTC,
UBAX:SXPTRY,Solar/Turkish Lira
UBAX:SXPUSDT,Solar/Tether
UBAX:SXTBNB,
UBAX:SXTFDUSD,
UBAX:SXTTRY,Space and Time/Turkish Lira
UBAX:SXTUSDC,Space and Time/USDC
UBAX:SXTUSDT,Space and Time/Tether
UBAX:SYNUSDC,Synapse/USDC
UBAX:SYNUSDT,Synapse/Tether
UBAX:SYRUPTRY,Maple Finance/Turkish Lira
UBAX:SYRUPUSDC,Maple Finance/USDC
UBAX:SYRUPUSDT,Maple Finance/Tether
UBAX:SYSBTC,
UBAX:SYSUSDT,Syscoin/Tether
UBAX:TAOBTC,Bittensor/Bitcoin
UBAX:TAOFDUSD,Bittensor/First Digital USD
UBAX:TAOIDR,Bittensor/Rupiah
UBAX:TAOJPY,Bittensor/Yen
UBAX:TAOTRY,Bittensor/Turkish Lira
UBAX:TAOU,Bittensor/Union
UBAX:TAOUSD1,Bittensor/World Liberty Financial USD
UBAX:TAOUSDC,Bittensor/USDC
UBAX:TAOUSDT,Bittensor/Tether
UBAX:TFUELBTC,Theta Fuel/Bitcoin
UBAX:TFUELUSDT,Theta Fuel/Tether
UBAX:THEFDUSD,
UBAX:THETABTC,Theta Network/Bitcoin
UBAX:THETATRY,Theta Network/Turkish Lira
UBAX:THETAUSDC,Theta Network/USDC
UBAX:THETAUSDT,Theta Network/Tether
UBAX:THETRY,THENA/Turkish Lira
UBAX:THEUSDC,THENA/USDC
UBAX:THEUSDT,THENA/Tether
UBAX:TIABTC,Celestia/Bitcoin
UBAX:TIAFDUSD,
UBAX:TIAIDR,Celestia/Rupiah
UBAX:TIATRY,Celestia/Turkish Lira
UBAX:TIAUSDC,Celestia/USDC
UBAX:TIAUSDT,Celestia/Tether
UBAX:TKOIDR,Toko Token/Rupiah
UBAX:TKOUSDT,Toko Token/Tether
UBAX:TLMTRY,Alien Worlds/Turkish Lira
UBAX:TLMUSDC,Alien Worlds/USDC
UBAX:TLMUSDT,Alien Worlds/Tether
UBAX:TNSRFDUSD,
UBAX:TNSRTRY,Tensor/Turkish Lira
UBAX:TNSRUSDC,Tensor/USDC
UBAX:TNSRUSDT,Tensor/Tether
UBAX:TONBTC,
UBAX:TONFDUSD,Toncoin/First Digital USD
UBAX:TONIDR,Toncoin/Rupiah
UBAX:TONTRY,Toncoin/Turkish Lira
UBAX:TONUSDC,Toncoin/USDC
UBAX:TONUSDT,Toncoin/Tether
UBAX:TORNUSDT,
UBAX:TOWNSBNB,
UBAX:TOWNSFDUSD,
UBAX:TOWNSTRY,Towns/Turkish Lira
UBAX:TOWNSUSDC,Towns/USDC
UBAX:TOWNSUSDT,Towns/Tether
UBAX:TRBBTC,
UBAX:TRBTRY,Tellor/Turkish Lira
UBAX:TRBUSDC,Tellor/USDC
UBAX:TRBUSDT,Tellor/Tether
UBAX:TREEBNB,
UBAX:TREEFDUSD,
UBAX:TREETRY,Treehouse/Turkish Lira
UBAX:TREEUSDC,Treehouse/USDC
UBAX:TREEUSDT,Treehouse/Tether
UBAX:TRIBEUSDT,
UBAX:TRUMPBRL,OFFICIAL TRUMP/Brazilian Real
UBAX:TRUMPEUR,OFFICIAL TRUMP/Euro
UBAX:TRUMPFDUSD,OFFICIAL TRUMP/First Digital USD
UBAX:TRUMPJPY,OFFICIAL TRUMP/Yen
UBAX:TRUMPTRY,OFFICIAL TRUMP/Turkish Lira
UBAX:TRUMPUSDC,OFFICIAL TRUMP/USDC
UBAX:TRUMPUSDT,OFFICIAL TRUMP/Tether
UBAX:TRUTRY,TrueFi/Turkish Lira
UBAX:TRUUSDT,TrueFi/Tether
UBAX:TRXBNB,TRON/BNB
UBAX:TRXBTC,TRON/Bitcoin
UBAX:TRXETH,TRON/Ethereum
UBAX:TRXEUR,TRON/Euro
UBAX:TRXFDUSD,
UBAX:TRXJPY,TRON/Yen
UBAX:TRXTRY,TRON/Turkish Lira
UBAX:TRXU,TRON/Union
UBAX:TRXUSD1,TRON/World Liberty Financial USD
UBAX:TRXUSDC,TRON/USDC
UBAX:TRXUSDT,TRON/Tether
UBAX:TRXXRP,TRON/XRP
UBAX:TSTFDUSD,
UBAX:TSTTRY,Test/Turkish Lira
UBAX:TSTUSDC,Test/USDC
UBAX:TSTUSDT,Test/Tether
UBAX:TURBOTRY,Turbo/Turkish Lira
UBAX:TURBOUSDC,Turbo/USDC
UBAX:TURBOUSDT,Turbo/Tether
UBAX:TURTLEBNB,
UBAX:TURTLEFDUSD,
UBAX:TURTLETRY,Turtle/Turkish Lira
UBAX:TURTLEUSDC,Turtle/USDC
UBAX:TURTLEUSDT,Turtle/Tether
UBAX:TUSDC,Threshold/USDC
UBAX:TUSDT,Threshold/Tether
UBAX:TUSDUSDT,TrueUSD/Tether
UBAX:TUTUSDC,Tutorial/USDC
UBAX:TUTUSDT,Tutorial/Tether
UBAX:TWTTRY,Trust Wallet Token/Turkish Lira
UBAX:TWTUSDC,Trust Wallet Token/USDC
UBAX:TWTUSDT,Trust Wallet Token/Tether
UBAX:UIDR,Union/Rupiah
UBAX:UMABTC,
UBAX:UMATRY,UMA/Turkish Lira
UBAX:UMAUSDC,UMA/USDC
UBAX:UMAUSDT,UMA/Tether
UBAX:UNIBTC,Uniswap/Bitcoin
UBAX:UNIETH,Uniswap/Ethereum
UBAX:UNIFDUSD,Uniswap/First Digital USD
UBAX:UNITRY,Uniswap/Turkish Lira
UBAX:UNIU,Uniswap/Union
UBAX:UNIUSD1,Uniswap/World Liberty Financial USD
UBAX:UNIUSDC,Uniswap/USDC
UBAX:UNIUSDT,Uniswap/Tether
UBAX:USD1U,World Liberty Financial USD/Union
UBAX:USD1USDC,World Liberty Financial USD/USDC
UBAX:USD1USDT,World Liberty Financial USD/Tether
UBAX:USDCBRL,USDC/Brazilian Real
UBAX:USDCCZK,
UBAX:USDCIDR,USDC/Rupiah
UBAX:USDCMXN,USDC/Mexican Peso
UBAX:USDCPLN,USDC/Zloty
UBAX:USDCRON,
UBAX:USDCTRY,USDC/Turkish Lira
UBAX:USDCUSD,USDC/US Dollar
UBAX:USDCUSDT,USDC/Tether
UBAX:USDEUSDC,Ethena USDe/USDC
UBAX:USDEUSDT,Ethena USDe/Tether
UBAX:USDPUSDT,Pax Dollar/Tether
UBAX:USDTARS,Tether/Argentine Peso
UBAX:USDTBRL,Tether/Brazilian Real
UBAX:USDTCOP,Tether/Colombian Peso
UBAX:USDTDAI,Tether/Dai
UBAX:USDTIDR,Tether/Rupiah
UBAX:USDTMXN,Tether/Mexican Peso
UBAX:USDTPLN,Tether/Zloty
UBAX:USDTTRY,Tether/Turkish Lira
UBAX:USDTUAH,Tether/Hryvnia
UBAX:USDTUSD,Tether/US Dollar
UBAX:USDTUSDT,
UBAX:USDTZAR,Tether/Rand
UBAX:USTCTRY,TerraClassicUSD/Turkish Lira
UBAX:USTCUSDT,TerraClassicUSD/Tether
UBAX:USUALBTC,
UBAX:USUALFDUSD,
UBAX:USUALTRY,Usual/Turkish Lira
UBAX:USUALUSDC,Usual/USDC
UBAX:USUALUSDT,Usual/Tether
UBAX:UTKUSDC,
UBAX:UTKUSDT,xMoney/Tether
UBAX:UTRY,Union/Turkish Lira
UBAX:UUSDC,United Stables/USDC
UBAX:UUSDT,United Stables/Tether
UBAX:VANAFDUSD,
UBAX:VANATRY,Vana/Turkish Lira
UBAX:VANAUSDC,Vana/USDC
UBAX:VANAUSDT,Vana/Tether
UBAX:VANRYTRY,Vanar Chain/Turkish Lira
UBAX:VANRYUSDC,Vanar Chain/USDC
UBAX:VANRYUSDT,Vanar Chain/Tether
UBAX:VELODROMEUSDC,Velodrome Finance/USDC
UBAX:VELODROMEUSDT,Velodrome Finance/Tether
UBAX:VETBNB,
UBAX:VETBTC,VeChain/Bitcoin
UBAX:VETETH,
UBAX:VETEUR,VeChain/Euro
UBAX:VETTRY,VeChain/Turkish Lira
UBAX:VETUSDC,VeChain/USDC
UBAX:VETUSDT,VeChain/Tether
UBAX:VICTRY,Viction/Turkish Lira
UBAX:VICUSDT,Viction/Tether
UBAX:VIRTUALIDR,Virtuals Protocol/Rupiah
UBAX:VIRTUALTRY,Virtuals Protocol/Turkish Lira
UBAX:VIRTUALUSDC,Virtuals Protocol/USDC
UBAX:VIRTUALUSDT,Virtuals Protocol/Tether
UBAX:VOXELUSDT,
UBAX:VTHOTRY,
UBAX:VTHOUSDT,VeThor Token/Tether
UBAX:WALBNB,Walrus/BNB
UBAX:WALFDUSD,Walrus/First Digital USD
UBAX:WALTRY,Walrus/Turkish Lira
UBAX:WALUSDC,Walrus/USDC
UBAX:WALUSDT,Walrus/Tether
UBAX:WANBTC,Wanchain/Bitcoin
UBAX:WANUSDT,Wanchain/Tether
UBAX:WAVESUSDT,
UBAX:WAXPBTC,
UBAX:WAXPUSDT,WAX/Tether
UBAX:WBETHETH,Wrapped Beacon ETH/Ethereum
UBAX:WBETHUSDT,Wrapped Beacon ETH/Tether
UBAX:WBTC,
UBAX:WBTCBTC,Wrapped Bitcoin/Bitcoin
UBAX:WBTCETH,Wrapped Bitcoin/Ethereum
UBAX:WBTCUSDT,Wrapped Bitcoin/Tether
UBAX:WCTBNB,
UBAX:WCTFDUSD,
UBAX:WCTTRY,WalletConnect Token/Turkish Lira
UBAX:WCTUSDC,WalletConnect Token/USDC
UBAX:WCTUSDT,WalletConnect Token/Tether
UBAX:WFDUSD,
UBAX:WIFBRL,
UBAX:WIFBTC,dogwifhat/Bitcoin
UBAX:WIFEUR,dogwifhat/Euro
UBAX:WIFFDUSD,dogwifhat/First Digital USD
UBAX:WIFIDR,dogwifhat/Rupiah
UBAX:WIFTRY,dogwifhat/Turkish Lira
UBAX:WIFUSDC,dogwifhat/USDC
UBAX:WIFUSDT,dogwifhat/Tether
UBAX:WINEUR,WINkLink/Euro
UBAX:WINGUSDT,
UBAX:WINTRX,WINkLink/TRON
UBAX:WINUSDT,WINkLink/Tether
UBAX:WLDBTC,Worldcoin/Bitcoin
UBAX:WLDEUR,Worldcoin/Euro
UBAX:WLDFDUSD,Worldcoin/First Digital USD
UBAX:WLDIDR,Worldcoin/Rupiah
UBAX:WLDTRY,Worldcoin/Turkish Lira
UBAX:WLDUSDC,Worldcoin/USDC
UBAX:WLDUSDT,Worldcoin/Tether
UBAX:WLFIBRL,
UBAX:WLFIEUR,World Liberty Financial/Euro
UBAX:WLFITRY,World Liberty Financial/Turkish Lira
UBAX:WLFIU,World Liberty Financial/Union
UBAX:WLFIUSD1,World Liberty Financial/World Liberty Financial USD
UBAX:WLFIUSDC,World Liberty Financial/USDC
UBAX:WLFIUSDT,World Liberty Financial/Tether
UBAX:WOOUSDT,WOO/Tether
UBAX:WTRY,Wormhole/Turkish Lira
UBAX:WUSDC,Wormhole/USDC
UBAX:WUSDT,Wormhole/Tether
UBAX:XAITRY,Xai/Turkish Lira
UBAX:XAIUSDC,Xai/USDC
UBAX:XAIUSDT,Xai/Tether
UBAX:XECTRY,eCash/Turkish Lira
UBAX:XECUSDT,eCash/Tether
UBAX:XLMBTC,Stellar/Bitcoin
UBAX:XLMETH,Stellar/Ethereum
UBAX:XLMEUR,Stellar/Euro
UBAX:XLMFDUSD,Stellar/First Digital USD
UBAX:XLMJPY,Stellar/Yen
UBAX:XLMTRY,Stellar/Turkish Lira
UBAX:XLMUSDC,Stellar/USDC
UBAX:XLMUSDT,Stellar/Tether
UBAX:XMRUSDT,
UBAX:XNOBTC,
UBAX:XNOUSDT,Nano/Tether
UBAX:XPLBNB,
UBAX:XPLFDUSD,Plasma/First Digital USD
UBAX:XPLTRY,Plasma/Turkish Lira
UBAX:XPLUSDC,Plasma/USDC
UBAX:XPLUSDT,Plasma/Tether
UBAX:XRPBNB,XRP/BNB
UBAX:XRPBRL,XRP/Brazilian Real
UBAX:XRPBTC,XRP/Bitcoin
UBAX:XRPETH,XRP/Ethereum
UBAX:XRPEUR,XRP/Euro
UBAX:XRPFDUSD,XRP/First Digital USD
UBAX:XRPIDR,XRP/Rupiah
UBAX:XRPJPY,XRP/Yen
UBAX:XRPMXN,XRP/Mexican Peso
UBAX:XRPRLUSD,XRP/Ripple USD
UBAX:XRPTRY,XRP/Turkish Lira
UBAX:XRPTUSD,XRP/TrueUSD
UBAX:XRPU,XRP/Union
UBAX:XRPUSD1,XRP/World Liberty Financial USD
UBAX:XRPUSDC,XRP/USDC
UBAX:XRPUSDT,XRP/Tether
UBAX:XTZBTC,Tezos/Bitcoin
UBAX:XTZTRY,Tezos/Turkish Lira
UBAX:XTZUSDC,Tezos/USDC
UBAX:XTZUSDT,Tezos/Tether
UBAX:XUSDUSDT,StraitsX USD/Tether
UBAX:XVGETH,
UBAX:XVGTRY,Verge/Turkish Lira
UBAX:XVGUSDC,Verge/USDC
UBAX:XVGUSDT,Verge/Tether
UBAX:XVSBNB,Venus/BNB
UBAX:XVSBTC,Venus/Bitcoin
UBAX:XVSTRY,
UBAX:XVSUSDT,Venus/Tether
UBAX:YBBNB,
UBAX:YBFDUSD,
UBAX:YBTRY,YieldBasis/Turkish Lira
UBAX:YBUSDC,YieldBasis/USDC
UBAX:YBUSDT,YieldBasis/Tether
UBAX:YFIBTC,
UBAX:YFIUSDT,yearn.finance/Tether
UBAX:YGGBTC,
UBAX:YGGTRY,
UBAX:YGGUSDC,Yield Guild Games/USDC
UBAX:YGGUSDT,Yield Guild Games/Tether
UBAX:ZAMATRY,Zama/Turkish Lira
UBAX:ZAMAUSDC,Zama/USDC
UBAX:ZAMAUSDT,Zama/Tether
UBAX:ZBTBNB,
UBAX:ZBTFDUSD,
UBAX:ZBTTRY,ZEROBASE/Turkish Lira
UBAX:ZBTUSDC,ZEROBASE/USDC
UBAX:ZBTUSDT,ZEROBASE/Tether
UBAX:ZECBTC,Zcash/Bitcoin
UBAX:ZECETH,Zcash/Ethereum
UBAX:ZECU,Zcash/Union
UBAX:ZECUSD1,Zcash/World Liberty Financial USD
UBAX:ZECUSDC,Zcash/USDC
UBAX:ZECUSDT,Zcash/Tether
UBAX:ZENBTC,Horizen/Bitcoin
UBAX:ZENUSDC,Horizen/USDC
UBAX:ZENUSDT,Horizen/Tether
UBAX:ZILETH,
UBAX:ZILIDR,Zilliqa/Rupiah
UBAX:ZILTRY,Zilliqa/Turkish Lira
UBAX:ZILUSDT,Zilliqa/Tether
UBAX:ZKBTC,
UBAX:ZKCBNB,
UBAX:ZKCFDUSD,
UBAX:ZKCTRY,Boundless/Turkish Lira
UBAX:ZKCUSDC,Boundless/USDC
UBAX:ZKCUSDT,Boundless/Tether
UBAX:ZKFDUSD,
UBAX:ZKPTRY,zkPass/Turkish Lira
UBAX:ZKPUSDC,zkPass/USDC
UBAX:ZKPUSDT,zkPass/Tether
UBAX:ZKTRY,ZKsync/Turkish Lira
UBAX:ZKUSDC,ZKsync/USDC
UBAX:ZKUSDT,ZKsync/Tether
UBAX:ZROBTC,
UBAX:ZROFDUSD,LayerZero/First Digital USD
UBAX:ZROTRY,LayerZero/Turkish Lira
UBAX:ZROUSDC,LayerZero/USDC
UBAX:ZROUSDT,LayerZero/Tether
UBAX:ZRXBTC,
UBAX:ZRXUSDT,0x Protocol/Tether
UDC:1INCHUSD,
UDC:AAVEUSD,Aave
UDC:ACMUSD,
UDC:ADAUSD,Cardano
UDC:AKROUSD,
UDC:ALGOUSD,Algorand
UDC:ALPACAUSD,
UDC:ALPHAUSD,
UDC:AMPUSD,
UDC:ANCUSD,
UDC:ANKRUSD,
UDC:APEUSD,
UDC:API3USD,
UDC:ARDRUSD,
UDC:ASRUSD,
UDC:ATOMUSD,Cosmos
UDC:AUDIOUSD,
UDC:AUTOUSD,
UDC:AVAXUSD,Avalanche
UDC:AXSUSD,
UDC:BADGERUSD,
UDC:BAKEUSD,
UDC:BALUSD,
UDC:BANDUSD,
UDC:BATUSD,
UDC:BCHUSD,Bitcoin Cash
UDC:BELUSD,
UDC:BNBUSD,BinanceCoin
UDC:BNTUSD,
UDC:BNXUSD,
UDC:BONDUSD,
UDC:BTCUSD,Bitcoin
UDC:BTSUSD,
UDC:CAKEUSD,
UDC:CELOUSD,
UDC:CELRUSD,
UDC:CHZUSD,
UDC:CKBUSD,
UDC:COCOSUSD,
UDC:COMBOUSD,
UDC:COMPUSD,
UDC:CROUSD,
UDC:CRVUSD,Curve
UDC:CTKUSD,
UDC:CVCUSD,
UDC:CVXUSD,
UDC:DASHUSD,
UDC:DCRUSD,
UDC:DIAUSD,
UDC:DNTUSD,
UDC:DOCKUSD,
UDC:DODOUSD,
UDC:DOGEUSD,DogeCoin
UDC:DOTUSD,Polkadot
UDC:DYDXUSD,
UDC:EGLDUSD,
UDC:ELFUSD,
UDC:ENJUSD,
UDC:ENSUSD,Ens
UDC:EOSUSD,
UDC:EPICUSD,
UDC:ERNUSD,
UDC:ETCUSD,Ethereum Classic
UDC:ETHUSD,Ethereum
UDC:FETUSD,Fetch.ai
UDC:FILUSD,
UDC:FIOUSD,
UDC:FIROUSD,
UDC:FLMUSD,
UDC:FLOWUSD,
UDC:FTMUSD,
UDC:FTTUSD,
UDC:GALAUSD,Gala Games
UDC:GALUSD,
UDC:GMTUSD,
UDC:GNOUSD,
UDC:GRTUSD,The Graph
UDC:GTCUSD,
UDC:GUSD,
UDC:HARDUSD,
UDC:HBARUSD,Hedera
UDC:HIGHUSD,
UDC:HOTUSD,
UDC:ICPUSD,Internet Computer
UDC:ICXUSD,
UDC:INJUSD,
UDC:IOSTUSD,
UDC:IOTAUSD,Miota
UDC:IRISUSD,
UDC:KLAYUSD,
UDC:KMDUSD,
UDC:KNCUSD,
UDC:KSMUSD,
UDC:LDOUSD,
UDC:LINKUSD,ChainLink
UDC:LITUSD,
UDC:LPTUSD,Livepeer
UDC:LRCUSD,
UDC:LTCUSD,Litecoin
UDC:LTOUSD,
UDC:LUMIAUSD,
UDC:LUNAUSD,
UDC:LUNCUSD,
UDC:MANAUSD,
UDC:MASKUSD,
UDC:MATICUSD,
UDC:MBOXUSD,
UDC:MDXUSD,
UDC:MKRUSD,
UDC:MLNUSD,
UDC:MOVRUSD,
UDC:NBSUSD,
UDC:NEARUSD,Near
UDC:NEOUSD,
UDC:NULSUSD,
UDC:OCEANUSD,
UDC:OGNUSD,
UDC:OMGUSD,
UDC:ONEUSD,Harmony
UDC:ONGUSD,
UDC:ONTUSD,
UDC:OPUSD,Optimism
UDC:ORNUSD,
UDC:PDAUSD,
UDC:PEOPLEUSD,
UDC:PERLUSD,
UDC:PERPUSD,
UDC:PHAUSD,
UDC:POLSUSD,
UDC:POLUSD,
UDC:POWRUSD,
UDC:PSGUSD,
UDC:QTUMUSD,
UDC:QUICKOLDUSD,
UDC:QUICKUSD,
UDC:RAREUSD,
UDC:REIUSD,
UDC:RENDERUSD,
UDC:RENUSD,
UDC:REPUSD,
UDC:ROSEUSD,
UDC:RUNEUSD,
UDC:RVNUSD,Ravencoin
UDC:SANDUSD,Sandbox
UDC:SFPUSD,
UDC:SHIBUSD,Shiba Inu
UDC:SKLUSD,
UDC:SNXUSD,
UDC:SOLUSD,Solana
UDC:SRMUSD,
UDC:STEEMUSD,
UDC:STGUSD,
UDC:STORJUSD,
UDC:STRATUSD,
UDC:STRAXUSD,
UDC:STXUSD,
UDC:SUIUSD,SUI
UDC:SUSD,
UDC:SUSHIUSD,Sushiswap
UDC:SYSUSD,
UDC:THETAUSD,ThetaNetwork
UDC:TIAUSD,
UDC:TKOUSD,
UDC:TLMUSD,
UDC:TONUSD,
UDC:TORNUSD,
UDC:TRIBEUSD,
UDC:TRUMPUSD,offcial-trump
UDC:TRUUSD,
UDC:TRXUSD,
UDC:UMAUSD,
UDC:UNIUSD,Uniswap
UDC:USDCUSD,USD Coin
UDC:USDTUSD,USDT
UDC:VETUSD,Vechain
UDC:WAVESUSD,
UDC:WIFUSD,
UDC:WINGUSD,
UDC:WINUSD,
UDC:XECUSD,
UDC:XLMUSD,Stellar
UDC:XMRUSD,
UDC:XRPUSD,Ripple
UDC:XTZUSD,
UDC:XVGUSD,
UDC:XVSUSD,
UDC:YFIUSD,
UDC:YGGUSD,
UDC:ZECUSD,
UDC:ZILUSD,Zilliqa
UDC:ZRXUSD,
