key,security_type,trading_hours_type,listing_market,main_code_flag,ths_code
169:A,ES,1,N,0,A.N
169:AA,ES,1,N,0,AA.N
169:AAA,CE,1,P,0,AAA.P
169:AAAC,CE,1,P,0,AAAC.P
169:AAMI,ES,1,N,0,AAMI.N
169:AAP,ES,1,N,0,AAP.N
169:AAT,ES,1,N,0,AAT.N
169:AAUC,ES,1,N,0,AAUC.N
169:AB,ES,1,N,0,AB.N
169:ABBV,ES,1,N,0,ABBV.N
169:ABCB,ES,1,N,0,ABCB.N
169:ABEQ,CE,1,P,0,ABEQ.P
169:ABEV,ED,1,N,0,ABEV.N
169:ABG,ES,1,N,0,ABG.N
169:ABM,ES,1,N,0,ABM.N
169:ABNY,CE,1,P,0,ABNY.P
169:ABR,ES,1,N,0,ABR.N
169:ABRpD,EP,1,N,0,ABRPRD.N
169:ABRpE,EP,1,N,0,ABRPRE.N
169:ABRpF,EP,1,N,0,ABRPRF.N
169:ABT,ES,1,N,0,ABT.N
169:ABX,ES,1,N,0,ABX.N
169:ACA,ES,1,N,0,ACA.N
169:ACCO,ES,1,N,0,ACCO.N
169:ACEI,CE,1,P,0,ACEI.P
169:ACEL,ES,1,N,0,ACEL.N
169:ACES,CE,1,P,0,ACES.P
169:ACGR,CE,1,P,0,ACGR.P
169:ACH,ES,1,N,0,ACH.N
169:ACHR,ES,1,N,0,ACHR.N
169:ACHR.WS,RW,1,N,0,ACHR.WS.N
169:ACI,ES,1,N,0,ACI.N
169:ACII,CE,1,P,0,ACII.P
169:ACKY,CE,1,P,0,ACKY.P
169:ACLC,CE,1,P,0,ACLC.P
169:ACLO,CE,1,N,0,ACLO.N
169:ACM,ES,1,N,0,ACM.N
169:ACN,ES,1,N,0,ACN.N
169:ACP,ES,1,N,0,ACP.N
169:ACPpA,EP,1,N,0,ACPPRA.N
169:ACR,ES,1,N,0,ACR.N
169:ACRE,ES,1,N,0,ACRE.N
169:ACRpC,EP,1,N,0,ACRPRC.N
169:ACRpD,EP,1,N,0,ACRPRD.N
169:ACV,ES,1,N,0,ACV.N
169:ACVA,ES,1,N,0,ACVA.N
169:ACVF,CE,1,P,0,ACVF.P
169:ACVT,CE,1,P,0,ACVT.P
169:ACYN,CE,1,P,0,ACYN.P
169:AD,ES,1,N,0,AD.N
169:ADC,ES,1,N,0,ADC.N
169:ADCT,ES,1,N,0,ADCT.N
169:ADCpA,ER,1,N,0,ADCPRA.N
169:ADIV,CE,1,P,0,ADIV.P
169:ADM,ES,1,N,0,ADM.N
169:ADNT,ES,1,N,0,ADNT.N
169:ADPV,CE,1,P,0,ADPV.P
169:ADT,ES,1,N,0,ADT.N
169:ADVE,CE,1,P,0,ADVE.P
169:ADX,ES,1,N,0,ADX.N
169:AEE,ES,1,N,0,AEE.N
169:AEG,ES,1,N,0,AEG.N
169:AEM,ES,1,N,0,AEM.N
169:AEO,ES,1,N,0,AEO.N
169:AER,ES,1,N,0,AER.N
169:AERO,ED,1,N,0,AERO.N
169:AES,ES,1,N,0,AES.N
169:AESI,ES,1,N,0,AESI.N
169:AETH,CE,1,P,0,AETH.P
169:AEXA,ES,1,N,0,AEXA.N
169:AFB,ES,1,N,0,AFB.N
169:AFG,ES,1,N,0,AFG.N
169:AFIX,CE,1,P,0,AFIX.P
169:AFK,CE,1,P,0,AFK.P
169:AFL,ES,1,N,0,AFL.N
169:AFLG,CE,1,P,0,AFLG.P
169:AFMC,CE,1,P,0,AFMC.P
169:AFSM,CE,1,P,0,AFSM.P
169:AG,ES,1,N,0,AG.N
169:AGBK,ES,1,N,0,AGBK.N
169:AGCO,ES,1,N,0,AGCO.N
169:AGD,ES,1,N,0,AGD.N
169:AGG,CE,1,P,0,AGG.P
169:AGGH,CE,1,P,0,AGGH.P
169:AGGS,CE,1,P,0,AGGS.P
169:AGGY,CE,1,P,0,AGGY.P
169:AGI,ES,1,N,0,AGI.N
169:AGIQ,CE,1,P,0,AGIQ.P
169:AGL,ES,1,N,0,AGL.N
169:AGM,ES,1,N,0,AGM.N
169:AGM.A,ES,1,N,0,AGM.A.N
169:AGMpD,EP,1,N,0,AGMPRD.N
169:AGMpE,EP,1,N,0,AGMPRE.N
169:AGMpF,EP,1,N,0,AGMPRF.N
169:AGMpG,EP,1,N,0,AGMPRG.N
169:AGMpH,EP,1,N,0,AGMPRH.N
169:AGO,ES,1,N,0,AGO.N
169:AGOX,CE,1,P,0,AGOX.P
169:AGQ,CE,1,P,0,AGQ.P
169:AGQI,CE,1,P,0,AGQI.P
169:AGRH,CE,1,P,0,AGRH.P
169:AGRO,ES,1,N,0,AGRO.N
169:AGRW,CE,1,P,0,AGRW.P
169:AGX,ES,1,N,0,AGX.N
169:AGZ,CE,1,P,0,AGZ.P
169:AHLT,CE,1,P,0,AHLT.P
169:AHLpD,EP,1,N,0,AHLPRD.N
169:AHLpE,ER,1,N,0,AHLPRE.N
169:AHLpF,ER,1,N,0,AHLPRF.N
169:AHR,ES,1,N,0,AHR.N
169:AHRT,ES,1,N,0,AHRT.N
169:AHRTpA,EP,1,N,0,AHRTPRA.N
169:AHT,ES,1,N,0,AHT.N
169:AHTpD,EP,1,N,0,AHTPRD.N
169:AHTpF,EP,1,N,0,AHTPRF.N
169:AHTpG,EP,1,N,0,AHTPRG.N
169:AHTpH,EP,1,N,0,AHTPRH.N
169:AHTpI,EP,1,N,0,AHTPRI.N
169:AHYB,CE,1,P,0,AHYB.P
169:AI,ES,1,N,0,AI.N
169:AIBD,CE,1,P,0,AIBD.P
169:AIBU,CE,1,P,0,AIBU.P
169:AIEQ,CE,1,P,0,AIEQ.P
169:AIG,ES,1,N,0,AIG.N
169:AII,ES,1,N,0,AII.N
169:AIIA,ES,1,N,0,AIIA.N
169:AIIA.U,EU,1,N,0,AIIA.U.N
169:AIIAr,M,1,N,0,AIIA.R.N
169:AIN,ES,1,N,0,AIN.N
169:AINP,CE,1,P,0,AINP.P
169:AINT,CE,1,P,0,AINT.P
169:AIO,ES,1,N,0,AIO.N
169:AIR,ES,1,N,0,AIR.N
169:AIS,CE,1,P,0,AIS.P
169:AIT,ES,1,N,0,AIT.N
169:AIUP,CE,1,P,0,AIUP.P
169:AIV,ES,1,N,0,AIV.N
169:AIVC,CE,1,P,0,AIVC.P
169:AIVI,CE,1,P,0,AIVI.P
169:AIVL,CE,1,P,0,AIVL.P
169:AIYY,CE,1,P,0,AIYY.P
169:AIZ,ES,1,N,0,AIZ.N
169:AJG,ES,1,N,0,AJG.N
169:AKA,ES,1,N,0,AKA.N
169:AKAF,CE,1,N,0,AKAF.N
169:AKO.A,ED,1,N,0,AKO.A.N
169:AKO.B,ED,1,N,0,AKO.B.N
169:AKR,ES,1,N,0,AKR.N
169:AKRE,CE,1,P,0,AKRE.P
169:AL,ES,1,N,0,AL.N
169:ALAI,CE,1,P,0,ALAI.P
169:ALB,ES,1,N,0,ALB.N
169:ALBpA,ER,1,N,0,ALBPRA.N
169:ALC,ES,1,N,0,ALC.N
169:ALG,ES,1,N,0,ALG.N
169:ALH,ES,1,N,0,ALH.N
169:ALIT,ES,1,N,0,ALIT.N
169:ALK,ES,1,N,0,ALK.N
169:ALL,ES,1,N,0,ALL.N
169:ALLE,ES,1,N,0,ALLE.N
169:ALLY,ES,1,N,0,ALLY.N
169:ALLpH,ER,1,N,0,ALLPRH.N
169:ALLpI,ER,1,N,0,ALLPRI.N
169:ALLpJ,ER,1,N,0,ALLPRJ.N
169:ALRG,CE,1,P,0,ALRG.P
169:ALSN,ES,1,N,0,ALSN.N
169:ALTG,ES,1,N,0,ALTG.N
169:ALTGpA,ER,1,N,0,ALTGPRA.N
169:ALTL,CE,1,P,0,ALTL.P
169:ALUB,ES,1,N,0,ALUB.N
169:ALUB.U,EU,1,N,0,ALUB.U.N
169:ALUB.WS,RW,1,N,0,ALUB.WS.N
169:ALV,ES,1,N,0,ALV.N
169:ALX,ES,1,N,0,ALX.N
169:AM,ES,1,N,0,AM.N
169:AMAX,CE,1,P,0,AMAX.P
169:AMBP,ES,1,N,0,AMBP.N
169:AMBQ,ES,1,N,0,AMBQ.N
169:AMC,ES,1,N,0,AMC.N
169:AMCR,ES,1,N,0,AMCR.N
169:AMDY,CE,1,P,0,AMDY.P
169:AME,ES,1,N,0,AME.N
169:AMG,ES,1,N,0,AMG.N
169:AMH,ES,1,N,0,AMH.N
169:AMHpG,EP,1,N,0,AMHPRG.N
169:AMHpH,EP,1,N,0,AMHPRH.N
169:AMJB,CE,1,P,0,AMJB.P
169:AMLP,CE,1,P,0,AMLP.P
169:AMN,ES,1,N,0,AMN.N
169:AMOM,CE,1,P,0,AMOM.P
169:AMP,ES,1,N,0,AMP.N
169:AMPX,ES,1,N,0,AMPX.N
169:AMPX.WS,RW,1,N,0,AMPX.WS.N
169:AMPY,ES,1,N,0,AMPY.N
169:AMR,ES,1,N,0,AMR.N
169:AMRC,ES,1,N,0,AMRC.N
169:AMRZ,ES,1,N,0,AMRZ.N
169:AMT,ES,1,N,0,AMT.N
169:AMTB,ES,1,N,0,AMTB.N
169:AMTD,ED,1,N,0,AMTD.N
169:AMTM,ES,1,N,0,AMTM.N
169:AMUB,CE,1,P,0,AMUB.P
169:AMWL,ES,1,N,0,AMWL.N
169:AMX,ED,1,N,0,AMX.N
169:AMZA,CE,1,P,0,AMZA.P
169:AMZY,CE,1,P,0,AMZY.P
169:AN,ES,1,N,0,AN.N
169:ANDG,ES,1,N,0,ANDG.N
169:ANET,ES,1,N,0,ANET.N
169:ANEW,CE,1,P,0,ANEW.P
169:ANF,ES,1,N,0,ANF.N
169:ANGX,ES,1,N,0,ANGX.N
169:ANGpD,ER,1,N,0,ANGPRD.N
169:ANRO,ES,1,N,0,ANRO.N
169:ANVS,ES,1,N,0,ANVS.N
169:AOA,CE,1,P,0,AOA.P
169:AOD,ES,1,N,0,AOD.N
169:AOK,CE,1,P,0,AOK.P
169:AOM,CE,1,P,0,AOM.P
169:AOMR,ES,1,N,0,AOMR.N
169:AON,ES,1,N,0,AON.N
169:AOR,CE,1,P,0,AOR.P
169:AORT,ES,1,N,0,AORT.N
169:AOS,ES,1,N,0,AOS.N
169:AOTS,CE,1,P,0,AOTS.P
169:AP,ES,1,N,0,AP.N
169:APAM,ES,1,N,0,APAM.N
169:APCB,CE,1,P,0,APCB.P
169:APD,ES,1,N,0,APD.N
169:APG,ES,1,N,0,APG.N
169:APH,ES,1,N,0,APH.N
169:APIE,CE,1,P,0,APIE.P
169:APLE,ES,1,N,0,APLE.N
169:APLU,CE,1,P,0,APLU.P
169:APLY,CE,1,P,0,APLY.P
169:APMU,CE,1,P,0,APMU.P
169:APO,ES,1,N,0,APO.N
169:APOpA,EP,1,N,0,APOPRA.N
169:APTV,ES,1,N,0,APTV.N
169:APUE,CE,1,P,0,APUE.P
169:AQN,ES,1,N,0,AQN.N
169:AR,ES,1,N,0,AR.N
169:ARB,CE,1,P,0,ARB.P
169:ARCO,ES,1,N,0,ARCO.N
169:ARDC,ES,1,N,0,ARDC.N
169:ARDT,ES,1,N,0,ARDT.N
169:ARE,ES,1,N,0,ARE.N
169:ARES,ES,1,N,0,ARES.N
169:ARESpB,EP,1,N,0,ARESPRB.N
169:ARGT,CE,1,P,0,ARGT.P
169:ARI,ES,1,N,0,ARI.N
169:ARIS,ES,1,N,0,ARIS.N
169:ARL,ES,1,N,0,ARL.N
169:ARLO,ES,1,N,0,ARLO.N
169:ARMH,CE,1,P,0,ARMH.P
169:ARMK,ES,1,N,0,ARMK.N
169:AROC,ES,1,N,0,AROC.N
169:ARP,CE,1,P,0,ARP.P
169:ARR,ES,1,N,0,ARR.N
169:ARRpC,EP,1,N,0,ARRPRC.N
169:ARTY,CE,1,P,0,ARTY.P
169:ARW,ES,1,N,0,ARW.N
169:ARX,ES,1,N,0,ARX.N
169:AS,ES,1,N,0,AS.N
169:ASA,ES,1,N,0,ASA.N
169:ASAN,ES,1,N,0,ASAN.N
169:ASB,ES,1,N,0,ASB.N
169:ASBpE,ER,1,N,0,ASBPRE.N
169:ASBpF,ER,1,N,0,ASBPRF.N
169:ASC,ES,1,N,0,ASC.N
169:ASCE,CE,1,P,0,ASCE.P
169:ASEA,CE,1,P,0,ASEA.P
169:ASG,ES,1,N,0,ASG.N
169:ASGI,ES,1,N,0,ASGI.N
169:ASGM,CE,1,P,0,ASGM.P
169:ASGN,ES,1,N,0,ASGN.N
169:ASH,ES,1,N,0,ASH.N
169:ASHR,CE,1,P,0,ASHR.P
169:ASHS,CE,1,P,0,ASHS.P
169:ASIA,CE,1,P,0,ASIA.P
169:ASIC,ES,1,N,0,ASIC.N
169:ASIX,ES,1,N,0,ASIX.N
169:ASLV,CE,1,P,0,ASLV.P
169:ASMF,CE,1,P,0,ASMF.P
169:ASMH,CE,1,P,0,ASMH.P
169:ASPN,ES,1,N,0,ASPN.N
169:ASR,ED,1,N,0,ASR.N
169:ASX,ED,1,N,0,ASX.N
169:ATCL,CE,1,P,0,ATCL.P
169:ATEN,ES,1,N,0,ATEN.N
169:ATFV,CE,1,P,0,ATFV.P
169:ATHM,ED,1,N,0,ATHM.N
169:ATHpA,ER,1,N,0,ATHPRA.N
169:ATHpB,ER,1,N,0,ATHPRB.N
169:ATHpD,ER,1,N,0,ATHPRD.N
169:ATHpE,ER,1,N,0,ATHPRE.N
169:ATI,ES,1,N,0,ATI.N
169:ATKR,ES,1,N,0,ATKR.N
169:ATMU,ES,1,N,0,ATMU.N
169:ATO,ES,1,N,0,ATO.N
169:ATR,ES,1,N,0,ATR.N
169:ATS,ES,1,N,0,ATS.N
169:AU,ES,1,N,0,AU.N
169:AUAU,CE,1,P,0,AUAU.P
169:AUB,ES,1,N,0,AUB.N
169:AUBpA,ER,1,N,0,AUBPRA.N
169:AUNA,ES,1,N,0,AUNA.N
169:AUSF,CE,1,P,0,AUSF.P
169:AUSM,CE,1,P,0,AUSM.P
169:AVA,ES,1,N,0,AVA.N
169:AVAL,ER,1,N,0,AVAL.N
169:AVB,ES,1,N,0,AVB.N
169:AVBC,ES,1,N,0,AVBC.N
169:AVD,ES,1,N,0,AVD.N
169:AVDE,CE,1,P,0,AVDE.P
169:AVDS,CE,1,P,0,AVDS.P
169:AVDV,CE,1,P,0,AVDV.P
169:AVEE,CE,1,P,0,AVEE.P
169:AVEM,CE,1,P,0,AVEM.P
169:AVES,CE,1,P,0,AVES.P
169:AVGE,CE,1,P,0,AVGE.P
169:AVGV,CE,1,P,0,AVGV.P
169:AVIE,CE,1,P,0,AVIE.P
169:AVIG,CE,1,P,0,AVIG.P
169:AVIV,CE,1,P,0,AVIV.P
169:AVK,ES,1,N,0,AVK.N
169:AVLC,CE,1,P,0,AVLC.P
169:AVLV,CE,1,P,0,AVLV.P
169:AVMA,CE,1,P,0,AVMA.P
169:AVMC,CE,1,P,0,AVMC.P
169:AVMU,CE,1,P,0,AVMU.P
169:AVMV,CE,1,P,0,AVMV.P
169:AVNM,CE,1,P,0,AVNM.P
169:AVNS,ES,1,N,0,AVNS.N
169:AVNT,ES,1,N,0,AVNT.N
169:AVNV,CE,1,P,0,AVNV.P
169:AVRE,CE,1,P,0,AVRE.P
169:AVSC,CE,1,P,0,AVSC.P
169:AVSD,CE,1,P,0,AVSD.P
169:AVSE,CE,1,P,0,AVSE.P
169:AVSF,CE,1,P,0,AVSF.P
169:AVSU,CE,1,P,0,AVSU.P
169:AVTM,CE,1,P,0,AVTM.P
169:AVTR,ES,1,N,0,AVTR.N
169:AVUS,CE,1,P,0,AVUS.P
169:AVUV,CE,1,P,0,AVUV.P
169:AVY,ES,1,N,0,AVY.N
169:AWAY,CE,1,P,0,AWAY.P
169:AWF,ES,1,N,0,AWF.N
169:AWI,ES,1,N,0,AWI.N
169:AWK,ES,1,N,0,AWK.N
169:AWP,ES,1,N,0,AWP.N
169:AWR,ES,1,N,0,AWR.N
169:AX,ES,1,N,0,AX.N
169:AXIA,ED,1,N,0,AXIA.N
169:AXIAp,ER,1,N,0,AXIAPR.N
169:AXIApC,ER,1,N,0,AXIAPRC.N
169:AXP,ES,1,N,0,AXP.N
169:AXR,ES,1,N,0,AXR.N
169:AXS,ES,1,N,0,AXS.N
169:AXSpE,ER,1,N,0,AXSPRE.N
169:AXTA,ES,1,N,0,AXTA.N
169:AYI,ES,1,N,0,AYI.N
169:AZN,ES,1,N,0,AZN.N
169:AZO,ES,1,N,0,AZO.N
169:AZTD,CE,1,P,0,AZTD.P
169:AZZ,ES,1,N,0,AZZ.N
169:B,ES,1,N,0,B.N
169:BA,ES,1,N,0,BA.N
169:BAB,CE,1,P,0,BAB.P
169:BABA,ED,1,N,0,BABA.N
169:BABO,CE,1,P,0,BABO.P
169:BAC,ES,1,N,0,BAC.N
169:BACpB,ER,1,N,0,BACPRB.N
169:BACpE,ER,1,N,0,BACPRE.N
169:BACpK,ER,1,N,0,BACPRK.N
169:BACpL,EP,1,N,0,BACPRL.N
169:BACpM,ER,1,N,0,BACPRM.N
169:BACpN,ER,1,N,0,BACPRN.N
169:BACpO,ER,1,N,0,BACPRO.N
169:BACpP,ER,1,N,0,BACPRP.N
169:BACpQ,ER,1,N,0,BACPRQ.N
169:BACpS,ER,1,N,0,BACPRS.N
169:BAH,ES,1,N,0,BAH.N
169:BAI,CE,1,P,0,BAI.P
169:BAK,ER,1,N,0,BAK.N
169:BALL,ES,1,N,0,BALL.N
169:BALY,ES,1,N,0,BALY.N
169:BAM,ES,1,N,0,BAM.N
169:BANC,ES,1,N,0,BANC.N
169:BANCpF,ER,1,N,0,BANCPRF.N
169:BAP,ES,1,N,0,BAP.N
169:BAR,CE,1,P,0,BAR.P
169:BARK,ES,1,N,0,BARK.N
169:BATT,CE,1,P,0,BATT.P
169:BAX,ES,1,N,0,BAX.N
169:BApA,ER,1,N,0,BAPRA.N
169:BB,ES,1,N,0,BB.N
169:BBAG,CE,1,P,0,BBAG.P
169:BBAI,ES,1,N,0,BBAI.N
169:BBAI.WS,RW,1,N,0,BBAI.WS.N
169:BBAR,ED,1,N,0,BBAR.N
169:BBBI,CE,1,P,0,BBBI.P
169:BBBL,CE,1,P,0,BBBL.P
169:BBBS,CE,1,P,0,BBBS.P
169:BBBY,ES,1,N,0,BBBY.N
169:BBBY.WS,RW,1,N,0,BBBY.WS.N
169:BBC,CE,1,P,0,BBC.P
169:BBCB,CE,1,P,0,BBCB.P
169:BBD,ER,1,N,0,BBD.N
169:BBDC,ES,1,N,0,BBDC.N
169:BBDO,ED,1,N,0,BBDO.N
169:BBHL,CE,1,P,0,BBHL.P
169:BBHM,CE,1,P,0,BBHM.P
169:BBLU,CE,1,P,0,BBLU.P
169:BBMC,CE,1,P,0,BBMC.P
169:BBN,ES,1,N,0,BBN.N
169:BBP,CE,1,P,0,BBP.P
169:BBSC,CE,1,P,0,BBSC.P
169:BBT,ES,1,N,0,BBT.N
169:BBU,ES,1,N,0,BBU.N
169:BBUC,ES,1,N,0,BBUC.N
169:BBVA,ED,1,N,0,BBVA.N
169:BBW,ES,1,N,0,BBW.N
169:BBWI,ES,1,N,0,BBWI.N
169:BBY,ES,1,N,0,BBY.N
169:BC,ES,1,N,0,BC.N
169:BCAT,ES,1,N,0,BCAT.N
169:BCC,ES,1,N,0,BCC.N
169:BCD,CE,1,P,0,BCD.P
169:BCDF,CE,1,P,0,BCDF.P
169:BCE,ES,1,N,0,BCE.N
169:BCGD,CE,1,N,0,BCGD.N
169:BCGS,CE,1,P,0,BCGS.P
169:BCH,ED,1,N,0,BCH.N
169:BCHI,CE,1,P,0,BCHI.P
169:BCI,CE,1,P,0,BCI.P
169:BCIL,CE,1,P,0,BCIL.P
169:BCO,ES,1,N,0,BCO.N
169:BCOR,CE,1,P,0,BCOR.P
169:BCPL,CE,1,P,0,BCPL.P
169:BCS,ED,1,N,0,BCS.N
169:BCSF,ES,1,N,0,BCSF.N
169:BCSM,CE,1,N,0,BCSM.N
169:BCSS,ES,1,N,0,BCSS.N
169:BCSS.U,EU,1,N,0,BCSS.U.N
169:BCSS.WS,RW,1,N,0,BCSS.WS.N
169:BCUS,CE,1,P,0,BCUS.P
169:BCX,ES,1,N,0,BCX.N
169:BDBT,CE,1,P,0,BDBT.P
169:BDC,ES,1,N,0,BDC.N
169:BDCX,CE,1,P,0,BDCX.P
169:BDCZ,CE,1,P,0,BDCZ.P
169:BDIV,CE,1,P,0,BDIV.P
169:BDJ,ES,1,N,0,BDJ.N
169:BDN,ES,1,N,0,BDN.N
169:BDRY,CE,1,P,0,BDRY.P
169:BDVG,CE,1,P,0,BDVG.P
169:BDX,ES,1,N,0,BDX.N
169:BE,ES,1,N,0,BE.N
169:BEBE,ES,1,N,0,BEBE.N
169:BEBE.U,EU,1,N,0,BEBE.U.N
169:BEBE.WS,RW,1,N,0,BEBE.WS.N
169:BEDZ,CE,1,P,0,BEDZ.P
169:BEKE,ED,1,N,0,BEKE.N
169:BEN,ES,1,N,0,BEN.N
169:BENJ,CE,1,P,0,BENJ.P
169:BEP,ES,1,N,0,BEP.N
169:BEPC,ES,1,N,0,BEPC.N
169:BEPpA,EP,1,N,0,BEPPRA.N
169:BERZ,CE,1,P,0,BERZ.P
169:BETA,ES,1,N,0,BETA.N
169:BETE,CE,1,P,0,BETE.P
169:BETH,CE,1,P,0,BETH.P
169:BETZ,CE,1,P,0,BETZ.P
169:BF.A,ES,1,N,0,BF.A.N
169:BF.B,ES,1,N,0,BF.B.N
169:BFAM,ES,1,N,0,BFAM.N
169:BFAP,CE,1,P,0,BFAP.P
169:BFH,ES,1,N,0,BFH.N
169:BFHpA,ER,1,N,0,BFHPRA.N
169:BFIX,CE,1,P,0,BFIX.P
169:BFJA,CE,1,P,0,BFJA.P
169:BFJL,CE,1,P,0,BFJL.P
169:BFLY,ES,1,N,0,BFLY.N
169:BFOC,CE,1,P,0,BFOC.P
169:BFOR,CE,1,P,0,BFOR.P
169:BFRZ,CE,1,P,0,BFRZ.P
169:BFS,ES,1,N,0,BFS.N
169:BFSpD,ER,1,N,0,BFSPRD.N
169:BFSpE,ER,1,N,0,BFSPRE.N
169:BG,ES,1,N,0,BG.N
169:BGB,ES,1,N,0,BGB.N
169:BGDV,CE,1,P,0,BGDV.P
169:BGH,ES,1,N,0,BGH.N
169:BGIG,CE,1,P,0,BGIG.P
169:BGR,ES,1,N,0,BGR.N
169:BGS,ES,1,N,0,BGS.N
169:BGSF,ES,1,N,0,BGSF.N
169:BGSI,ES,1,N,0,BGSI.N
169:BGT,ES,1,N,0,BGT.N
169:BGX,ES,1,N,0,BGX.N
169:BGY,ES,1,N,0,BGY.N
169:BH,ES,1,N,0,BH.N
169:BH.A,ES,1,N,0,BH.A.N
169:BHC,ES,1,N,0,BHC.N
169:BHE,ES,1,N,0,BHE.N
169:BHK,ES,1,N,0,BHK.N
169:BHP,ED,1,N,0,BHP.N
169:BHR,ES,1,N,0,BHR.N
169:BHRpB,EP,1,N,0,BHRPRB.N
169:BHRpD,EP,1,N,0,BHRPRD.N
169:BHV,ES,1,N,0,BHV.N
169:BHVN,ES,1,N,0,BHVN.N
169:BIBL,CE,1,P,0,BIBL.P
169:BIDD,CE,1,P,0,BIDD.P
169:BIGY,CE,1,P,0,BIGY.P
169:BIII,ES,1,N,0,BIII.N
169:BIII.U,EU,1,N,0,BIII.U.N
169:BIII.WS,RW,1,N,0,BIII.WS.N
169:BIL,CE,1,P,0,BIL.P
169:BILD,CE,1,P,0,BILD.P
169:BILL,ES,1,N,0,BILL.N
169:BILS,CE,1,P,0,BILS.P
169:BILZ,CE,1,P,0,BILZ.P
169:BINC,CE,1,P,0,BINC.P
169:BINT,CE,1,P,0,BINT.P
169:BIO,ES,1,N,0,BIO.N
169:BIO.B,ES,1,N,0,BIO.B.N
169:BIP,ES,1,N,0,BIP.N
169:BIPC,ES,1,N,0,BIPC.N
169:BIPpA,EP,1,N,0,BIPPRA.N
169:BIPpB,EP,1,N,0,BIPPRB.N
169:BIRK,ES,1,N,0,BIRK.N
169:BIT,ES,1,N,0,BIT.N
169:BITB,CE,1,P,0,BITB.P
169:BITC,CE,1,P,0,BITC.P
169:BITI,CE,1,P,0,BITI.P
169:BITO,CE,1,P,0,BITO.P
169:BITQ,CE,1,P,0,BITQ.P
169:BITU,CE,1,P,0,BITU.P
169:BITW,CE,1,P,0,BITW.P
169:BIV,CE,1,P,0,BIV.P
169:BIZD,CE,1,P,0,BIZD.P
169:BJ,ES,1,N,0,BJ.N
169:BK,ES,1,N,0,BK.N
169:BKAG,CE,1,P,0,BKAG.P
169:BKCG,CE,1,P,0,BKCG.P
169:BKCI,CE,1,P,0,BKCI.P
169:BKD,ES,1,N,0,BKD.N
169:BKDV,CE,1,P,0,BKDV.P
169:BKE,ES,1,N,0,BKE.N
169:BKEM,CE,1,P,0,BKEM.P
169:BKF,CE,1,P,0,BKF.P
169:BKFI,CE,1,P,0,BKFI.P
169:BKH,ES,1,N,0,BKH.N
169:BKHY,CE,1,P,0,BKHY.P
169:BKIE,CE,1,P,0,BKIE.P
169:BKKT,ES,1,N,0,BKKT.N
169:BKKT.WS,RW,1,N,0,BKKT.WS.N
169:BKLC,CE,1,P,0,BKLC.P
169:BKLN,CE,1,P,0,BKLN.P
169:BKMC,CE,1,P,0,BKMC.P
169:BKSE,CE,1,P,0,BKSE.P
169:BKSY,ES,1,N,0,BKSY.N
169:BKSY.WS,RW,1,N,0,BKSY.WS.N
169:BKT,ES,1,N,0,BKT.N
169:BKU,ES,1,N,0,BKU.N
169:BKUI,CE,1,P,0,BKUI.P
169:BKV,ES,1,N,0,BKV.N
169:BKpK,ER,1,N,0,BKPRK.N
169:BLCO,ES,1,N,0,BLCO.N
169:BLCV,CE,1,P,0,BLCV.P
169:BLD,ES,1,N,0,BLD.N
169:BLDR,ES,1,N,0,BLDR.N
169:BLDX,CE,1,P,0,BLDX.P
169:BLES,CE,1,P,0,BLES.P
169:BLGR,CE,1,P,0,BLGR.P
169:BLK,ES,1,N,0,BLK.N
169:BLND,ES,1,N,0,BLND.N
169:BLOK,CE,1,P,0,BLOK.P
169:BLOX,CE,1,P,0,BLOX.P
169:BLSH,ES,1,N,0,BLSH.N
169:BLST,CE,1,P,0,BLST.P
169:BLTD,CE,1,P,0,BLTD.P
169:BLUC,CE,1,P,0,BLUC.P
169:BLUI,CE,1,P,0,BLUI.P
169:BLUX,CE,1,P,0,BLUX.P
169:BLV,CE,1,P,0,BLV.P
169:BLW,ES,1,N,0,BLW.N
169:BLX,ES,1,N,0,BLX.N
169:BMA,ED,1,N,0,BMA.N
169:BME,ES,1,N,0,BME.N
169:BMED,CE,1,P,0,BMED.P
169:BMEZ,ES,1,N,0,BMEZ.N
169:BMI,ES,1,N,0,BMI.N
169:BMLpG,ER,1,N,0,BMLPRG.N
169:BMLpH,ER,1,N,0,BMLPRH.N
169:BMLpJ,ER,1,N,0,BMLPRJ.N
169:BMLpL,ER,1,N,0,BMLPRL.N
169:BMN,ES,1,N,0,BMN.N
169:BMNZ,CE,1,P,0,BMNZ.P
169:BMO,ES,1,N,0,BMO.N
169:BMVP,CE,1,P,0,BMVP.P
169:BMY,ES,1,N,0,BMY.N
169:BN,ES,1,N,0,BN.N
169:BNDC,CE,1,P,0,BNDC.P
169:BNDD,CE,1,P,0,BNDD.P
169:BNDI,CE,1,P,0,BNDI.P
169:BNDS,CE,1,P,0,BNDS.P
169:BNED,ES,1,N,0,BNED.N
169:BNGE,CE,1,P,0,BNGE.P
169:BNKD,CE,1,P,0,BNKD.P
169:BNKU,CE,1,P,0,BNKU.P
169:BNL,ES,1,N,0,BNL.N
169:BNO,CE,1,P,0,BNO.P
169:BNS,ES,1,N,0,BNS.N
169:BNT,ES,1,N,0,BNT.N
169:BOAT,CE,1,P,0,BOAT.P
169:BOBP,CE,1,P,0,BOBP.P
169:BOBS,ES,1,N,0,BOBS.N
169:BOC,ES,1,N,0,BOC.N
169:BOE,ES,1,N,0,BOE.N
169:BOH,ES,1,N,0,BOH.N
169:BOHpA,ER,1,N,0,BOHPRA.N
169:BOHpB,ER,1,N,0,BOHPRB.N
169:BOIL,CE,1,P,0,BOIL.P
169:BOND,CE,1,N,0,BOND.N
169:BOOT,ES,1,N,0,BOOT.N
169:BORR,ES,1,N,0,BORR.N
169:BOUT,CE,1,P,0,BOUT.P
169:BOW,ES,1,N,0,BOW.N
169:BOX,ES,1,N,0,BOX.N
169:BP,ED,1,N,0,BP.N
169:BPAY,CE,1,P,0,BPAY.P
169:BPH,CE,1,P,0,BPH.P
169:BPI,CE,1,P,0,BPI.P
169:BPRE,ES,1,N,0,BPRE.N
169:BPRO,CE,1,P,0,BPRO.P
169:BR,ES,1,N,0,BR.N
169:BRAZ,CE,1,P,0,BRAZ.P
169:BRBR,ES,1,N,0,BRBR.N
169:BRC,ES,1,N,0,BRC.N
169:BRCC,ES,1,N,0,BRCC.N
169:BRCE,CE,1,N,0,BRCE.N
169:BREE,CE,1,N,0,BREE.N
169:BRF,CE,1,P,0,BRF.P
169:BRIE,CE,1,N,0,BRIE.N
169:BRIF,CE,1,P,0,BRIF.P
169:BRK.A,ES,1,N,0,BRK.A.N
169:BRK.B,ES,1,N,0,BRK.B.N
169:BRKC,CE,1,P,0,BRKC.P
169:BRO,ES,1,N,0,BRO.N
169:BROS,ES,1,N,0,BROS.N
169:BRSL,ES,1,N,0,BRSL.N
169:BRSP,ES,1,N,0,BRSP.N
169:BRT,ES,1,N,0,BRT.N
169:BRW,ES,1,N,0,BRW.N
169:BRX,ES,1,N,0,BRX.N
169:BRZU,CE,1,P,0,BRZU.P
169:BSAC,ED,1,N,0,BSAC.N
169:BSBR,ED,1,N,0,BSBR.N
169:BSL,ES,1,N,0,BSL.N
169:BSM,ES,1,N,0,BSM.N
169:BSOL,CE,1,P,0,BSOL.P
169:BSR,CE,1,P,0,BSR.P
169:BST,ES,1,N,0,BST.N
169:BSTP,CE,1,P,0,BSTP.P
169:BSTZ,ES,1,N,0,BSTZ.N
169:BSV,CE,1,P,0,BSV.P
169:BSX,ES,1,N,0,BSX.N
169:BTAL,CE,1,P,0,BTAL.P
169:BTC,CE,1,P,0,BTC.P
169:BTCC,CE,1,P,0,BTCC.P
169:BTE,ES,1,N,0,BTE.N
169:BTGO,ES,1,N,0,BTGO.N
169:BTI,ED,1,N,0,BTI.N
169:BTO,ES,1,N,0,BTO.N
169:BTOP,CE,1,P,0,BTOP.P
169:BTOT,CE,1,P,0,BTOT.P
169:BTR,CE,1,P,0,BTR.P
169:BTRN,CE,1,P,0,BTRN.P
169:BTT,ES,1,N,0,BTT.N
169:BTU,ES,1,N,0,BTU.N
169:BTX,ES,1,N,0,BTX.N
169:BTYB,CE,1,P,0,BTYB.P
169:BTZ,ES,1,N,0,BTZ.N
169:BUCK,CE,1,P,0,BUCK.P
169:BUD,ED,1,N,0,BUD.N
169:BUI,ES,1,N,0,BUI.N
169:BUIr,M,1,N,0,BUI.R.N
169:BUL,CE,1,P,0,BUL.P
169:BULZ,CE,1,P,0,BULZ.P
169:BUR,ES,1,N,0,BUR.N
169:BURL,ES,1,N,0,BURL.N
169:BUXX,CE,1,N,0,BUXX.N
169:BUYO,CE,1,P,0,BUYO.P
169:BUZZ,CE,1,P,0,BUZZ.P
169:BV,ES,1,N,0,BV.N
169:BVAL,CE,1,P,0,BVAL.P
169:BVN,ED,1,N,0,BVN.N
169:BW,ES,1,N,0,BW.N
169:BWA,ES,1,N,0,BWA.N
169:BWEB,CE,1,P,0,BWEB.P
169:BWET,CE,1,P,0,BWET.P
169:BWG,ES,1,N,0,BWG.N
169:BWLP,ES,1,N,0,BWLP.N
169:BWMX,ES,1,N,0,BWMX.N
169:BWOW,CE,1,P,0,BWOW.P
169:BWX,CE,1,P,0,BWX.P
169:BWXT,ES,1,N,0,BWXT.N
169:BWZ,CE,1,P,0,BWZ.P
169:BWpA,EP,1,N,0,BWPRA.N
169:BX,ES,1,N,0,BX.N
169:BXC,ES,1,N,0,BXC.N
169:BXMT,ES,1,N,0,BXMT.N
169:BXMX,ES,1,N,0,BXMX.N
169:BXP,ES,1,N,0,BXP.N
169:BXSL,ES,1,N,0,BXSL.N
169:BY,ES,1,N,0,BY.N
169:BYD,ES,1,N,0,BYD.N
169:BYLD,CE,1,P,0,BYLD.P
169:BYRE,CE,1,P,0,BYRE.P
169:BZH,ES,1,N,0,BZH.N
169:BZQ,CE,1,P,0,BZQ.P
169:C,ES,1,N,0,C.N
169:CAAA,CE,1,P,0,CAAA.P
169:CAAP,ES,1,N,0,CAAP.N
169:CABO,ES,1,N,0,CABO.N
169:CACI,ES,1,N,0,CACI.N
169:CAE,ES,1,N,0,CAE.N
169:CAF,ES,1,N,0,CAF.N
169:CAFX,CE,1,P,0,CAFX.P
169:CAG,ES,1,N,0,CAG.N
169:CAH,ES,1,N,0,CAH.N
169:CAIE,CE,1,P,0,CAIE.P
169:CAL,ES,1,N,0,CAL.N
169:CALX,ES,1,N,0,CALX.N
169:CALY,ES,1,N,0,CALY.N
169:CAM,CE,1,P,0,CAM.P
169:CAML,CE,1,P,0,CAML.P
169:CAMX,CE,1,P,0,CAMX.P
169:CANE,CE,1,P,0,CANE.P
169:CANG,ES,1,N,0,CANG.N
169:CAPE,CE,1,P,0,CAPE.P
169:CAPL,ES,1,N,0,CAPL.N
169:CARD,CE,1,P,0,CARD.P
169:CARK,CE,1,P,0,CARK.P
169:CARR,ES,1,N,0,CARR.N
169:CARS,ES,1,N,0,CARS.N
169:CARU,CE,1,P,0,CARU.P
169:CAS,CE,1,P,0,CAS.P
169:CAT,ES,1,N,0,CAT.N
169:CATF,CE,1,P,0,CATF.P
169:CATO,ES,1,N,0,CATO.N
169:CAVA,ES,1,N,0,CAVA.N
169:CB,ES,1,N,0,CB.N
169:CBAN,ES,1,N,0,CBAN.N
169:CBL,ES,1,N,0,CBL.N
169:CBLS,CE,1,P,0,CBLS.P
169:CBNA,ES,1,N,0,CBNA.N
169:CBON,CE,1,P,0,CBON.P
169:CBRE,ES,1,N,0,CBRE.N
169:CBSE,CE,1,P,0,CBSE.P
169:CBT,ES,1,N,0,CBT.N
169:CBU,ES,1,N,0,CBU.N
169:CBZ,ES,1,N,0,CBZ.N
169:CC,ES,1,N,0,CC.N
169:CCEF,CE,1,P,0,CCEF.P
169:CCI,ES,1,N,0,CCI.N
169:CCID,EP,1,N,0,CCID.N
169:CCIF,ES,1,N,0,CCIF.N
169:CCJ,ES,1,N,0,CCJ.N
169:CCK,ES,1,N,0,CCK.N
169:CCL,ES,1,N,0,CCL.N
169:CCM,ED,1,N,0,CCM.N
169:CCO,ES,1,N,0,CCO.N
169:CCOM,CE,1,P,0,CCOM.P
169:CCOR,CE,1,P,0,CCOR.P
169:CCRP,CE,1,P,0,CCRP.P
169:CCS,ES,1,N,0,CCS.N
169:CCU,ED,1,N,0,CCU.N
169:CDE,ES,1,N,0,CDE.N
169:CDEI,CE,1,P,0,CDEI.P
169:CDLR,ED,1,N,0,CDLR.N
169:CDP,ES,1,N,0,CDP.N
169:CDRE,ES,1,N,0,CDRE.N
169:CDRpB,EP,1,N,0,CDRPRB.N
169:CDRpC,EP,1,N,0,CDRPRC.N
169:CDX,CE,1,P,0,CDX.P
169:CE,ES,1,N,0,CE.N
169:CEE,ES,1,N,0,CEE.N
169:CEF,EU,1,P,0,CEF.P
169:CEFD,CE,1,P,0,CEFD.P
169:CELGr,M,1,N,0,CELG.R.N
169:CEPU,ED,1,N,0,CEPU.N
169:CERY,CE,1,P,0,CERY.P
169:CEW,CE,1,P,0,CEW.P
169:CF,ES,1,N,0,CF.N
169:CFG,ES,1,N,0,CFG.N
169:CFGpE,ER,1,N,0,CFGPRE.N
169:CFGpH,ER,1,N,0,CFGPRH.N
169:CFGpI,ER,1,N,0,CFGPRI.N
169:CFND,ES,1,N,0,CFND.N
169:CFR,ES,1,N,0,CFR.N
169:CFRpB,ER,1,N,0,CFRPRB.N
169:CGAU,ES,1,N,0,CGAU.N
169:CGBL,CE,1,P,0,CGBL.P
169:CGCB,CE,1,P,0,CGCB.P
169:CGCP,CE,1,P,0,CGCP.P
169:CGCV,CE,1,P,0,CGCV.P
169:CGDG,CE,1,P,0,CGDG.P
169:CGDV,CE,1,P,0,CGDV.P
169:CGGE,CE,1,P,0,CGGE.P
169:CGGG,CE,1,P,0,CGGG.P
169:CGGO,CE,1,P,0,CGGO.P
169:CGGR,CE,1,P,0,CGGR.P
169:CGHM,CE,1,P,0,CGHM.P
169:CGHY,CE,1,P,0,CGHY.P
169:CGIB,CE,1,P,0,CGIB.P
169:CGIC,CE,1,P,0,CGIC.P
169:CGIE,CE,1,P,0,CGIE.P
169:CGMM,CE,1,P,0,CGMM.P
169:CGMS,CE,1,P,0,CGMS.P
169:CGMU,CE,1,P,0,CGMU.P
169:CGNG,CE,1,P,0,CGNG.P
169:CGRO,CE,1,P,0,CGRO.P
169:CGSD,CE,1,P,0,CGSD.P
169:CGSM,CE,1,P,0,CGSM.P
169:CGUI,CE,1,P,0,CGUI.P
169:CGUS,CE,1,P,0,CGUS.P
169:CGV,CE,1,N,0,CGV.N
169:CGVV,CE,1,P,0,CGVV.P
169:CGW,CE,1,P,0,CGW.P
169:CGXU,CE,1,P,0,CGXU.P
169:CHAT,CE,1,P,0,CHAT.P
169:CHAU,CE,1,P,0,CHAU.P
169:CHCT,ES,1,N,0,CHCT.N
169:CHD,ES,1,N,0,CHD.N
169:CHE,ES,1,N,0,CHE.N
169:CHGG,ES,1,N,0,CHGG.N
169:CHH,ES,1,N,0,CHH.N
169:CHIQ,CE,1,P,0,CHIQ.P
169:CHMI,ES,1,N,0,CHMI.N
169:CHMIpA,EP,1,N,0,CHMIPRA.N
169:CHMIpB,EP,1,N,0,CHMIPRB.N
169:CHPT,ES,1,N,0,CHPT.N
169:CHPY,CE,1,P,0,CHPY.P
169:CHT,ED,1,N,0,CHT.N
169:CHWY,ES,1,N,0,CHWY.N
169:CI,ES,1,N,0,CI.N
169:CIA,ES,1,N,0,CIA.N
169:CIB,ER,1,N,0,CIB.N
169:CIEN,ES,1,N,0,CIEN.N
169:CIF,ES,1,N,0,CIF.N
169:CIG,ER,1,N,0,CIG.N
169:CIG.C,ED,1,N,0,CIG.C.N
169:CII,ES,1,N,0,CII.N
169:CIM,ES,1,N,0,CIM.N
169:CIMpA,EP,1,N,0,CIMPRA.N
169:CIMpB,EP,1,N,0,CIMPRB.N
169:CIMpC,EP,1,N,0,CIMPRC.N
169:CIMpD,EP,1,N,0,CIMPRD.N
169:CINT,ES,1,N,0,CINT.N
169:CION,ES,1,N,0,CION.N
169:CL,ES,1,N,0,CL.N
169:CLB,ES,1,N,0,CLB.N
169:CLBR.U,EU,1,N,0,CLBR.U.N
169:CLCG,CE,1,P,0,CLCG.P
169:CLCV,CE,1,P,0,CLCV.P
169:CLDT,ES,1,N,0,CLDT.N
169:CLDTpA,EP,1,N,0,CLDTPRA.N
169:CLF,ES,1,N,0,CLF.N
169:CLH,ES,1,N,0,CLH.N
169:CLIM,CE,1,P,0,CLIM.P
169:CLIP,CE,1,P,0,CLIP.P
169:CLIX,CE,1,P,0,CLIX.P
169:CLNK,CE,1,P,0,CLNK.P
169:CLOB,CE,1,P,0,CLOB.P
169:CLOC,CE,1,P,0,CLOC.P
169:CLOI,CE,1,P,0,CLOI.P
169:CLOX,CE,1,P,0,CLOX.P
169:CLOZ,CE,1,P,0,CLOZ.P
169:CLPR,ES,1,N,0,CLPR.N
169:CLS,ES,1,N,0,CLS.N
169:CLVT,ES,1,N,0,CLVT.N
169:CLW,ES,1,N,0,CLW.N
169:CLX,ES,1,N,0,CLX.N
169:CM,ES,1,N,0,CM.N
169:CMBS,CE,1,P,0,CMBS.P
169:CMBT,ES,1,N,0,CMBT.N
169:CMC,ES,1,N,0,CMC.N
169:CMCM,ED,1,N,0,CMCM.N
169:CMDB,ES,1,N,0,CMDB.N
169:CMDT,CE,1,P,0,CMDT.P
169:CMDY,CE,1,P,0,CMDY.P
169:CMF,CE,1,P,0,CMF.P
169:CMG,ES,1,N,0,CMG.N
169:CMI,ES,1,N,0,CMI.N
169:CMP,ES,1,N,0,CMP.N
169:CMRE,ES,1,N,0,CMRE.N
169:CMREpB,EP,1,N,0,CMREPRB.N
169:CMREpC,EP,1,N,0,CMREPRC.N
169:CMREpD,EP,1,N,0,CMREPRD.N
169:CMS,ES,1,N,0,CMS.N
169:CMSpB,EP,1,N,0,CMSPRB.N
169:CMSpC,ER,1,N,0,CMSPRC.N
169:CMTG,ES,1,N,0,CMTG.N
169:CMU,ES,1,N,0,CMU.N
169:CNA,ES,1,N,0,CNA.N
169:CNBS,CE,1,P,0,CNBS.P
169:CNC,ES,1,N,0,CNC.N
169:CNEQ,CE,1,P,0,CNEQ.P
169:CNF,ED,1,N,0,CNF.N
169:CNH,ES,1,N,0,CNH.N
169:CNI,ES,1,N,0,CNI.N
169:CNK,ES,1,N,0,CNK.N
169:CNM,ES,1,N,0,CNM.N
169:CNMD,ES,1,N,0,CNMD.N
169:CNNE,ES,1,N,0,CNNE.N
169:CNO,ES,1,N,0,CNO.N
169:CNP,ES,1,N,0,CNP.N
169:CNQ,ES,1,N,0,CNQ.N
169:CNR,ES,1,N,0,CNR.N
169:CNRG,CE,1,P,0,CNRG.P
169:CNS,ES,1,N,0,CNS.N
169:CNX,ES,1,N,0,CNX.N
169:CNXT,CE,1,P,0,CNXT.P
169:COAL,CE,1,P,0,COAL.P
169:CODI,ES,1,N,0,CODI.N
169:CODIpA,EP,1,N,0,CODIPRA.N
169:CODIpB,EP,1,N,0,CODIPRB.N
169:CODIpC,EP,1,N,0,CODIPRC.N
169:COF,ES,1,N,0,COF.N
169:COFpI,ER,1,N,0,COFPRI.N
169:COFpJ,ER,1,N,0,COFPRJ.N
169:COFpK,ER,1,N,0,COFPRK.N
169:COFpL,ER,1,N,0,COFPRL.N
169:COFpN,ER,1,N,0,COFPRN.N
169:COHR,ES,1,N,0,COHR.N
169:COIA,CE,1,P,0,COIA.P
169:COLD,ES,1,N,0,COLD.N
169:COLO,CE,1,P,0,COLO.P
169:COM,CE,1,P,0,COM.P
169:COMB,CE,1,P,0,COMB.P
169:COMP,ES,1,N,0,COMP.N
169:CON,ES,1,N,0,CON.N
169:CONY,CE,1,P,0,CONY.P
169:COOK,ES,1,N,0,COOK.N
169:COP,ES,1,N,0,COP.N
169:COPL,ES,1,N,0,COPL.N
169:COPL.U,EU,1,N,0,COPL.U.N
169:COPL.WS,RW,1,N,0,COPL.W.N
169:COPX,CE,1,P,0,COPX.P
169:COPY,CE,1,P,0,COPY.P
169:COPZ,CE,1,P,0,COPZ.P
169:COR,ES,1,N,0,COR.N
169:CORB,CE,1,P,0,CORB.P
169:CORN,CE,1,P,0,CORN.P
169:CORP,CE,1,P,0,CORP.P
169:COSO,ES,1,N,0,COSO.N
169:COTY,ES,1,N,0,COTY.N
169:COUR,ES,1,N,0,COUR.N
169:CP,ES,1,N,0,CP.N
169:CPA,ES,1,N,0,CPA.N
169:CPAC,ED,1,N,0,CPAC.N
169:CPAI,CE,1,N,0,CPAI.N
169:CPAY,ES,1,N,0,CPAY.N
169:CPER,CE,1,P,0,CPER.P
169:CPF,ES,1,N,0,CPF.N
169:CPII,CE,1,P,0,CPII.P
169:CPK,ES,1,N,0,CPK.N
169:CPLB,CE,1,P,0,CPLB.P
169:CPNG,ES,1,N,0,CPNG.N
169:CPNJ,CE,1,P,0,CPNJ.P
169:CPNM,CE,1,P,0,CPNM.P
169:CPNQ,CE,1,P,0,CPNQ.P
169:CPNS,CE,1,P,0,CPNS.P
169:CPRA,CE,1,P,0,CPRA.P
169:CPRI,ES,1,N,0,CPRI.N
169:CPRJ,CE,1,P,0,CPRJ.P
169:CPRO,CE,1,P,0,CPRO.P
169:CPRY,CE,1,P,0,CPRY.P
169:CPS,ES,1,N,0,CPS.N
169:CPSA,CE,1,P,0,CPSA.P
169:CPSD,CE,1,P,0,CPSD.P
169:CPSF,CE,1,P,0,CPSF.P
169:CPSJ,CE,1,P,0,CPSJ.P
169:CPSM,CE,1,P,0,CPSM.P
169:CPSN,CE,1,P,0,CPSN.P
169:CPSO,CE,1,P,0,CPSO.P
169:CPSP,CE,1,P,0,CPSP.P
169:CPSR,CE,1,P,0,CPSR.P
169:CPST,CE,1,P,0,CPST.P
169:CPSU,CE,1,P,0,CPSU.P
169:CPSY,CE,1,P,0,CPSY.P
169:CPT,ES,1,N,0,CPT.N
169:CPXR,CE,1,P,0,CPXR.P
169:CQP,ES,1,N,0,CQP.N
169:CQQQ,CE,1,P,0,CQQQ.P
169:CR,ES,1,N,0,CR.N
169:CRAK,CE,1,P,0,CRAK.P
169:CRBG,ES,1,N,0,CRBG.N
169:CRBN,CE,1,P,0,CRBN.P
169:CRC,ES,1,N,0,CRC.N
169:CRCA,CE,1,P,0,CRCA.P
169:CRCL,ES,1,N,0,CRCL.N
169:CRCO,CE,1,P,0,CRCO.P
169:CRD.A,ES,1,N,0,CRD.A.N
169:CRD.B,ES,1,N,0,CRD.B.N
169:CRDT,CE,1,P,0,CRDT.P
169:CRED,CE,1,P,0,CRED.P
169:CRGY,ES,1,N,0,CRGY.N
169:CRH,ES,1,N,0,CRH.N
169:CRI,ES,1,N,0,CRI.N
169:CRK,ES,1,N,0,CRK.N
169:CRL,ES,1,N,0,CRL.N
169:CRM,ES,1,N,0,CRM.N
169:CRPT,CE,1,P,0,CRPT.P
169:CRS,ES,1,N,0,CRS.N
169:CRSH,CE,1,P,0,CRSH.P
169:CRT,ES,1,N,0,CRT.N
169:CRTC,CE,1,P,0,CRTC.P
169:CRUX,CE,1,P,0,CRUX.P
169:CRXP,CE,1,P,0,CRXP.P
169:CSAN,ED,1,N,0,CSAN.N
169:CSD,CE,1,P,0,CSD.P
169:CSHI,CE,1,P,0,CSHI.P
169:CSHP,CE,1,P,0,CSHP.P
169:CSIO,CE,1,P,0,CSIO.P
169:CSL,ES,1,N,0,CSL.N
169:CSMD,CE,1,P,0,CSMD.P
169:CSNR,CE,1,P,0,CSNR.P
169:CSPF,CE,1,P,0,CSPF.P
169:CSR,ES,1,N,0,CSR.N
169:CSRE,CE,1,P,0,CSRE.P
169:CSSD,CE,1,P,0,CSSD.P
169:CSTM,ES,1,N,0,CSTM.N
169:CSV,ES,1,N,0,CSV.N
169:CSW,ES,1,N,0,CSW.N
169:CTA,CE,1,P,0,CTA.P
169:CTAP,CE,1,P,0,CTAP.P
169:CTApA,EP,1,N,0,CTAPRA.N
169:CTApB,EP,1,N,0,CTAPRB.N
169:CTEV,ES,1,N,0,CTEV.N
169:CTEX,CE,1,P,0,CTEX.P
169:CTO,ES,1,N,0,CTO.N
169:CTOS,ES,1,N,0,CTOS.N
169:CTOpA,EP,1,N,0,CTOPRA.N
169:CTRA,ES,1,N,0,CTRA.N
169:CTRE,ES,1,N,0,CTRE.N
169:CTRI,ES,1,N,0,CTRI.N
169:CTS,ES,1,N,0,CTS.N
169:CTVA,ES,1,N,0,CTVA.N
169:CTWO,CE,1,P,0,CTWO.P
169:CUBE,ES,1,N,0,CUBE.N
169:CUBI,ES,1,N,0,CUBI.N
169:CUK,ED,1,N,0,CUK.N
169:CURB,ES,1,N,0,CURB.N
169:CURE,CE,1,P,0,CURE.P
169:CURV,ES,1,N,0,CURV.N
169:CUT,CE,1,P,0,CUT.P
169:CUZ,ES,1,N,0,CUZ.N
169:CVE,ES,1,N,0,CVE.N
169:CVEO,ES,1,N,0,CVEO.N
169:CVI,ES,1,N,0,CVI.N
169:CVIE,CE,1,P,0,CVIE.P
169:CVLC,CE,1,P,0,CVLC.P
169:CVLG,ES,1,N,0,CVLG.N
169:CVMC,CE,1,P,0,CVMC.P
169:CVNA,ES,1,N,0,CVNA.N
169:CVNY,CE,1,P,0,CVNY.P
169:CVRD,CE,1,P,0,CVRD.P
169:CVRT,CE,1,P,0,CVRT.P
169:CVS,ES,1,N,0,CVS.N
169:CVSA,ES,1,N,0,CVSA.N
169:CVSB,CE,1,P,0,CVSB.P
169:CVX,ES,1,N,0,CVX.N
169:CVY,CE,1,P,0,CVY.P
169:CW,ES,1,N,0,CW.N
169:CWAN,ES,1,N,0,CWAN.N
169:CWB,CE,1,P,0,CWB.P
169:CWEB,CE,1,P,0,CWEB.P
169:CWEN,ES,1,N,0,CWEN.N
169:CWEN.A,ES,1,N,0,CWEN.A.N
169:CWH,ES,1,N,0,CWH.N
169:CWI,CE,1,P,0,CWI.P
169:CWK,ES,1,N,0,CWK.N
169:CWS,CE,1,P,0,CWS.P
169:CWT,ES,1,N,0,CWT.N
169:CX,ED,1,N,0,CX.N
169:CXE,ES,1,N,0,CXE.N
169:CXH,ES,1,N,0,CXH.N
169:CXM,ES,1,N,0,CXM.N
169:CXRN,CE,1,P,0,CXRN.P
169:CXT,ES,1,N,0,CXT.N
169:CXW,ES,1,N,0,CXW.N
169:CYD,ES,1,N,0,CYD.N
169:CYH,ES,1,N,0,CYH.N
169:CZA,CE,1,P,0,CZA.P
169:CpN,EP,1,N,0,CPRN.N
169:CpR,ER,1,N,0,CPRR.N
169:D,ES,1,N,0,D.N
169:DABS,CE,1,P,0,DABS.P
169:DAC,ES,1,N,0,DAC.N
169:DAL,ES,1,N,0,DAL.N
169:DAMD,CE,1,P,0,DAMD.P
169:DAN,ES,1,N,0,DAN.N
169:DANA,CE,1,P,0,DANA.P
169:DAO,ED,1,N,0,DAO.N
169:DAR,ES,1,N,0,DAR.N
169:DARP,CE,1,P,0,DARP.P
169:DAT,CE,1,P,0,DAT.P
169:DAVA,ED,1,N,0,DAVA.N
169:DB,ES,1,N,0,DB.N
169:DBA,CE,1,P,0,DBA.P
169:DBAW,CE,1,P,0,DBAW.P
169:DBB,CE,1,P,0,DBB.P
169:DBC,CE,1,P,0,DBC.P
169:DBD,ES,1,N,0,DBD.N
169:DBE,CE,1,P,0,DBE.P
169:DBEF,CE,1,P,0,DBEF.P
169:DBEM,CE,1,P,0,DBEM.P
169:DBEU,CE,1,P,0,DBEU.P
169:DBEZ,CE,1,P,0,DBEZ.P
169:DBI,ES,1,N,0,DBI.N
169:DBJP,CE,1,P,0,DBJP.P
169:DBL,ES,1,N,0,DBL.N
169:DBMF,CE,1,P,0,DBMF.P
169:DBND,CE,1,P,0,DBND.P
169:DBO,CE,1,P,0,DBO.P
169:DBP,CE,1,P,0,DBP.P
169:DBRG,ES,1,N,0,DBRG.N
169:DBRGpH,EP,1,N,0,DBRGPRH.N
169:DBRGpI,EP,1,N,0,DBRGPRI.N
169:DBRGpJ,EP,1,N,0,DBRGPRJ.N
169:DCH,ES,1,N,0,DCH.N
169:DCI,ES,1,N,0,DCI.N
169:DCMT,CE,1,P,0,DCMT.P
169:DCO,ES,1,N,0,DCO.N
169:DCOR,CE,1,P,0,DCOR.P
169:DCRE,CE,1,P,0,DCRE.P
169:DD,ES,1,N,0,DD.N
169:DDD,ES,1,N,0,DDD.N
169:DDDD,CE,1,P,0,DDDD.P
169:DDL,ED,1,N,0,DDL.N
169:DDM,CE,1,P,0,DDM.P
169:DDS,ES,1,N,0,DDS.N
169:DDT,EP,1,N,0,DDT.N
169:DE,ES,1,N,0,DE.N
169:DEA,ES,1,N,0,DEA.N
169:DEC,ES,1,N,0,DEC.N
169:DECK,ES,1,N,0,DECK.N
169:DEED,CE,1,P,0,DEED.P
169:DEEF,CE,1,P,0,DEEF.P
169:DEEP,CE,1,P,0,DEEP.P
169:DEFI,CE,1,P,0,DEFI.P
169:DEHP,CE,1,P,0,DEHP.P
169:DEI,ES,1,N,0,DEI.N
169:DELL,ES,1,N,0,DELL.N
169:DEM,CE,1,P,0,DEM.P
169:DEO,ED,1,N,0,DEO.N
169:DES,CE,1,P,0,DES.P
169:DESK,CE,1,P,0,DESK.P
169:DEUS,CE,1,P,0,DEUS.P
169:DEW,CE,1,P,0,DEW.P
169:DEXC,CE,1,P,0,DEXC.P
169:DFAC,CE,1,P,0,DFAC.P
169:DFAE,CE,1,P,0,DFAE.P
169:DFAI,CE,1,P,0,DFAI.P
169:DFAR,CE,1,P,0,DFAR.P
169:DFAS,CE,1,P,0,DFAS.P
169:DFAT,CE,1,P,0,DFAT.P
169:DFAU,CE,1,P,0,DFAU.P
169:DFAW,CE,1,P,0,DFAW.P
169:DFAX,CE,1,P,0,DFAX.P
169:DFCA,CE,1,P,0,DFCA.P
169:DFCF,CE,1,P,0,DFCF.P
169:DFE,CE,1,P,0,DFE.P
169:DFEM,CE,1,P,0,DFEM.P
169:DFEN,CE,1,P,0,DFEN.P
169:DFEV,CE,1,P,0,DFEV.P
169:DFGR,CE,1,P,0,DFGR.P
169:DFH,ES,1,N,0,DFH.N
169:DFII,CE,1,P,0,DFII.P
169:DFIN,ES,1,N,0,DFIN.N
169:DFIP,CE,1,P,0,DFIP.P
169:DFIV,CE,1,P,0,DFIV.P
169:DFJ,CE,1,P,0,DFJ.P
169:DFLV,CE,1,P,0,DFLV.P
169:DFNM,CE,1,P,0,DFNM.P
169:DFP,ES,1,N,0,DFP.N
169:DFSB,CE,1,P,0,DFSB.P
169:DFSD,CE,1,P,0,DFSD.P
169:DFSE,CE,1,P,0,DFSE.P
169:DFSI,CE,1,P,0,DFSI.P
169:DFSU,CE,1,P,0,DFSU.P
169:DFSV,CE,1,P,0,DFSV.P
169:DFTT,CE,1,P,0,DFTT.P
169:DFUS,CE,1,P,0,DFUS.P
169:DFUV,CE,1,P,0,DFUV.P
169:DFVE,CE,1,P,0,DFVE.P
169:DFVX,CE,1,P,0,DFVX.P
169:DG,ES,1,N,0,DG.N
169:DGIN,CE,1,P,0,DGIN.P
169:DGP,CE,1,P,0,DGP.P
169:DGRO,CE,1,P,0,DGRO.P
169:DGS,CE,1,P,0,DGS.P
169:DGT,CE,1,P,0,DGT.P
169:DGX,ES,1,N,0,DGX.N
169:DGZ,CE,1,P,0,DGZ.P
169:DHF,ES,1,N,0,DHF.N
169:DHI,ES,1,N,0,DHI.N
169:DHLX,CE,1,P,0,DHLX.P
169:DHR,ES,1,N,0,DHR.N
169:DHS,CE,1,P,0,DHS.P
169:DHSB,CE,1,P,0,DHSB.P
169:DHT,ES,1,N,0,DHT.N
169:DHX,ES,1,N,0,DHX.N
169:DIA,CE,1,P,0,DIA.P
169:DIAL,CE,1,P,0,DIAL.P
169:DIAX,ES,1,N,0,DIAX.N
169:DIEM,CE,1,P,0,DIEM.P
169:DIG,CE,1,P,0,DIG.P
169:DIM,CE,1,P,0,DIM.P
169:DIN,ES,1,N,0,DIN.N
169:DINO,ES,1,N,0,DINO.N
169:DIPS,CE,1,P,0,DIPS.P
169:DIS,ES,1,N,0,DIS.N
169:DISO,CE,1,P,0,DISO.P
169:DIV,CE,1,P,0,DIV.P
169:DIVE,CE,1,P,0,DIVE.P
169:DIVG,CE,1,P,0,DIVG.P
169:DIVI,CE,1,P,0,DIVI.P
169:DIVL,CE,1,P,0,DIVL.P
169:DIVO,CE,1,P,0,DIVO.P
169:DIVP,CE,1,P,0,DIVP.P
169:DIVS,CE,1,P,0,DIVS.P
169:DIVY,CE,1,N,0,DIVY.N
169:DIVZ,CE,1,P,0,DIVZ.P
169:DJD,CE,1,P,0,DJD.P
169:DJIA,CE,1,P,0,DJIA.P
169:DJP,CE,1,P,0,DJP.P
169:DK,ES,1,N,0,DK.N
169:DKL,ES,1,N,0,DKL.N
169:DKS,ES,1,N,0,DKS.N
169:DLB,ES,1,N,0,DLB.N
169:DLN,CE,1,P,0,DLN.P
169:DLNG,ES,1,N,0,DLNG.N
169:DLNGpA,EP,1,N,0,DLNGPRA.N
169:DLR,ES,1,N,0,DLR.N
169:DLRpJ,EP,1,N,0,DLRPRJ.N
169:DLRpK,EP,1,N,0,DLRPRK.N
169:DLRpL,EP,1,N,0,DLRPRL.N
169:DLS,CE,1,P,0,DLS.P
169:DLX,ES,1,N,0,DLX.N
169:DLY,ES,1,N,0,DLY.N
169:DMA,ES,1,N,0,DMA.N
169:DMB,ES,1,N,0,DMB.N
169:DMBS,CE,1,P,0,DMBS.P
169:DMO,ES,1,N,0,DMO.N
169:DMX,CE,1,P,0,DMX.P
169:DNA,ES,1,N,0,DNA.N
169:DNL,CE,1,P,0,DNL.P
169:DNOW,ES,1,N,0,DNOW.N
169:DNP,ES,1,N,0,DNP.N
169:DOC,ES,1,N,0,DOC.N
169:DOCN,ES,1,N,0,DOCN.N
169:DOCS,ES,1,N,0,DOCS.N
169:DOG,CE,1,P,0,DOG.P
169:DOL,CE,1,P,0,DOL.P
169:DOLE,ES,1,N,0,DOLE.N
169:DON,CE,1,P,0,DON.P
169:DOUG,ES,1,N,0,DOUG.N
169:DOV,ES,1,N,0,DOV.N
169:DOW,ES,1,N,0,DOW.N
169:DPG,ES,1,N,0,DPG.N
169:DPST,CE,1,P,0,DPST.P
169:DQ,ED,1,N,0,DQ.N
169:DRAI,CE,1,P,0,DRAI.P
169:DRAY,CE,1,P,0,DRAY.P
169:DRD,ED,1,N,0,DRD.N
169:DRES,CE,1,P,0,DRES.P
169:DRI,ES,1,N,0,DRI.N
169:DRIP,CE,1,P,0,DRIP.P
169:DRKY,CE,1,P,0,DRKY.P
169:DRLL,CE,1,N,0,DRLL.N
169:DRN,CE,1,P,0,DRN.P
169:DRUP,CE,1,P,0,DRUP.P
169:DRV,CE,1,P,0,DRV.P
169:DSCO,CE,1,P,0,DSCO.P
169:DSI,CE,1,P,0,DSI.P
169:DSL,ES,1,N,0,DSL.N
169:DSM,ES,1,N,0,DSM.N
169:DSMC,CE,1,N,0,DSMC.N
169:DSPY,CE,1,P,0,DSPY.P
169:DSTL,CE,1,P,0,DSTL.P
169:DSTX,CE,1,N,0,DSTX.N
169:DSU,ES,1,N,0,DSU.N
169:DSX,ES,1,N,0,DSX.N
169:DSX.WS,RW,1,N,0,DSX.WS.N
169:DSXpB,EP,1,N,0,DSXPRB.N
169:DT,ES,1,N,0,DT.N
169:DTAN,CE,1,P,0,DTAN.P
169:DTD,CE,1,P,0,DTD.P
169:DTE,ES,1,N,0,DTE.N
169:DTEC,CE,1,P,0,DTEC.P
169:DTF,ES,1,N,0,DTF.N
169:DTH,CE,1,P,0,DTH.P
169:DTM,ES,1,N,0,DTM.N
169:DTRE,CE,1,P,0,DTRE.P
169:DUG,CE,1,P,0,DUG.P
169:DUHP,CE,1,P,0,DUHP.P
169:DUK,ES,1,N,0,DUK.N
169:DUKQ,CE,1,P,0,DUKQ.P
169:DUKZ,CE,1,P,0,DUKZ.P
169:DUKpA,ER,1,N,0,DUKPRA.N
169:DULL,CE,1,P,0,DULL.P
169:DUNK,CE,1,P,0,DUNK.P
169:DUSB,CE,1,P,0,DUSB.P
169:DUSL,CE,1,P,0,DUSL.P
169:DUST,CE,1,P,0,DUST.P
169:DV,ES,1,N,0,DV.N
169:DVA,ES,1,N,0,DVA.N
169:DVDN,CE,1,P,0,DVDN.P
169:DVN,ES,1,N,0,DVN.N
169:DVND,CE,1,P,0,DVND.P
169:DVYA,CE,1,P,0,DVYA.P
169:DVYE,CE,1,P,0,DVYE.P
169:DWM,CE,1,P,0,DWM.P
169:DWMF,CE,1,P,0,DWMF.P
169:DWX,CE,1,P,0,DWX.P
169:DX,ES,1,N,0,DX.N
169:DXC,ES,1,N,0,DXC.N
169:DXD,CE,1,P,0,DXD.P
169:DXIV,CE,1,P,0,DXIV.P
169:DXJ,CE,1,P,0,DXJ.P
169:DXUV,CE,1,P,0,DXUV.P
169:DXYZ,ES,1,N,0,DXYZ.N
169:DXpC,EP,1,N,0,DXPRC.N
169:DY,ES,1,N,0,DY.N
169:DYLD,CE,1,P,0,DYLD.P
169:DYLG,CE,1,P,0,DYLG.P
169:DYNF,CE,1,P,0,DYNF.P
169:DZZ,CE,1,P,0,DZZ.P
169:E,ED,1,N,0,E.N
169:EAF,ES,1,N,0,EAF.N
169:EAFG,CE,1,P,0,EAFG.P
169:EAGG,CE,1,P,0,EAGG.P
169:EAGL,CE,1,P,0,EAGL.P
169:EAPR,CE,1,P,0,EAPR.P
169:EARN,ES,1,N,0,EARN.N
169:EASG,CE,1,P,0,EASG.P
169:EAT,ES,1,N,0,EAT.N
169:EATZ,CE,1,P,0,EATZ.P
169:EBF,ES,1,N,0,EBF.N
169:EBIT,CE,1,P,0,EBIT.P
169:EBND,CE,1,P,0,EBND.P
169:EBS,ES,1,N,0,EBS.N
169:EBUF,CE,1,P,0,EBUF.P
169:EC,ED,1,N,0,EC.N
169:ECAT,ES,1,N,0,ECAT.N
169:ECC,ES,1,N,0,ECC.N
169:ECCC,EP,1,N,0,ECCC.N
169:ECCpD,EP,1,N,0,ECCPRD.N
169:ECG,ES,1,N,0,ECG.N
169:ECL,ES,1,N,0,ECL.N
169:ECML,CE,1,P,0,ECML.P
169:ECNS,CE,1,P,0,ECNS.P
169:ECO,ES,1,N,0,ECO.N
169:ECON,CE,1,P,0,ECON.P
169:ECVT,ES,1,N,0,ECVT.N
169:ED,ES,1,N,0,ED.N
169:EDC,CE,1,P,0,EDC.P
169:EDD,ES,1,N,0,EDD.N
169:EDF,ES,1,N,0,EDF.N
169:EDGF,CE,1,P,0,EDGF.P
169:EDGH,CE,1,P,0,EDGH.P
169:EDGI,CE,1,P,0,EDGI.P
169:EDGQ,CE,1,P,0,EDGQ.P
169:EDGU,CE,1,P,0,EDGU.P
169:EDGX,CE,1,P,0,EDGX.P
169:EDIV,CE,1,P,0,EDIV.P
169:EDN,ED,1,N,0,EDN.N
169:EDOG,CE,1,P,0,EDOG.P
169:EDOW,CE,1,P,0,EDOW.P
169:EDU,ED,1,N,0,EDU.N
169:EDV,CE,1,P,0,EDV.P
169:EDZ,CE,1,P,0,EDZ.P
169:EE,ES,1,N,0,EE.N
169:EEA,ES,1,N,0,EEA.N
169:EELV,CE,1,P,0,EELV.P
169:EEM,CE,1,P,0,EEM.P
169:EEMO,CE,1,P,0,EEMO.P
169:EEMS,CE,1,P,0,EEMS.P
169:EEMX,CE,1,P,0,EEMX.P
169:EES,CE,1,P,0,EES.P
169:EET,CE,1,P,0,EET.P
169:EETH,CE,1,P,0,EETH.P
169:EEV,CE,1,P,0,EEV.P
169:EEX,ES,1,N,0,EEX.N
169:EFA,CE,1,P,0,EFA.P
169:EFAA,CE,1,P,0,EFAA.P
169:EFAX,CE,1,P,0,EFAX.P
169:EFC,ES,1,N,0,EFC.N
169:EFCpB,EP,1,N,0,EFCPRB.N
169:EFCpC,EP,1,N,0,EFCPRC.N
169:EFCpD,EP,1,N,0,EFCPRD.N
169:EFFE,CE,1,P,0,EFFE.P
169:EFFI,CE,1,P,0,EFFI.P
169:EFIV,CE,1,P,0,EFIV.P
169:EFO,CE,1,P,0,EFO.P
169:EFR,ES,1,N,0,EFR.N
169:EFT,ES,1,N,0,EFT.N
169:EFU,CE,1,P,0,EFU.P
169:EFX,ES,1,N,0,EFX.N
169:EFXT,ES,1,N,0,EFXT.N
169:EFZ,CE,1,P,0,EFZ.P
169:EG,ES,1,N,0,EG.N
169:EGGS,CE,1,P,0,EGGS.P
169:EGGY,CE,1,P,0,EGGY.P
169:EGLE,CE,1,P,0,EGLE.P
169:EGO,ES,1,N,0,EGO.N
169:EGP,ES,1,N,0,EGP.N
169:EGY,ES,1,N,0,EGY.N
169:EHAB,ES,1,N,0,EHAB.N
169:EHC,ES,1,N,0,EHC.N
169:EHI,ES,1,N,0,EHI.N
169:EIC,ES,1,N,0,EIC.N
169:EICA,EP,1,N,0,EICA.N
169:EICC,EP,1,N,0,EICC.N
169:EIDO,CE,1,P,0,EIDO.P
169:EIG,ES,1,N,0,EIG.N
169:EIIA,EP,1,N,0,EIIA.N
169:EINC,CE,1,P,0,EINC.P
169:EIPI,CE,1,P,0,EIPI.P
169:EIPX,CE,1,P,0,EIPX.P
169:EIRL,CE,1,P,0,EIRL.P
169:EIS,CE,1,P,0,EIS.P
169:EIX,ES,1,N,0,EIX.N
169:EJAN,CE,1,P,0,EJAN.P
169:EJUL,CE,1,P,0,EJUL.P
169:EL,ES,1,N,0,EL.N
169:ELAN,ES,1,N,0,ELAN.N
169:ELCV,CE,1,P,0,ELCV.P
169:ELD,CE,1,P,0,ELD.P
169:ELF,ES,1,N,0,ELF.N
169:ELM,CE,1,P,0,ELM.P
169:ELME,ES,1,N,0,ELME.N
169:ELPC,ED,1,N,0,ELPC.N
169:ELS,ES,1,N,0,ELS.N
169:ELV,ES,1,N,0,ELV.N
169:EMA,ES,1,N,0,EMA.N
169:EMBD,CE,1,P,0,EMBD.P
169:EMBJ,ED,1,N,0,EMBJ.N
169:EMBX,CE,1,P,0,EMBX.P
169:EMC,CE,1,P,0,EMC.P
169:EMCR,CE,1,P,0,EMCR.P
169:EMCS,CE,1,P,0,EMCS.P
169:EMD,ES,1,N,0,EMD.N
169:EMDM,CE,1,P,0,EMDM.P
169:EME,ES,1,N,0,EME.N
169:EMES,CE,1,P,0,EMES.P
169:EMET,CE,1,P,0,EMET.P
169:EMF,ES,1,N,0,EMF.N
169:EMHC,CE,1,P,0,EMHC.P
169:EMKT,CE,1,P,0,EMKT.P
169:EMLC,CE,1,P,0,EMLC.P
169:EMLP,CE,1,P,0,EMLP.P
169:EMM,CE,1,P,0,EMM.P
169:EMMF,CE,1,P,0,EMMF.P
169:EMN,ES,1,N,0,EMN.N
169:EMNT,CE,1,P,0,EMNT.P
169:EMO,ES,1,N,0,EMO.N
169:EMOP,CE,1,P,0,EMOP.P
169:EMOT,CE,1,P,0,EMOT.P
169:EMPB,CE,1,P,0,EMPB.P
169:EMQQ,CE,1,P,0,EMQQ.P
169:EMR,ES,1,N,0,EMR.N
169:EMSF,CE,1,P,0,EMSF.P
169:EMTY,CE,1,P,0,EMTY.P
169:ENB,ES,1,N,0,ENB.N
169:ENFR,CE,1,P,0,ENFR.P
169:ENIC,ED,1,N,0,ENIC.N
169:ENOV,ES,1,N,0,ENOV.N
169:ENR,ES,1,N,0,ENR.N
169:ENS,ES,1,N,0,ENS.N
169:ENVA,ES,1,N,0,ENVA.N
169:EOCT,CE,1,P,0,EOCT.P
169:EOD,ES,1,N,0,EOD.N
169:EOG,ES,1,N,0,EOG.N
169:EOI,ES,1,N,0,EOI.N
169:EOS,ES,1,N,0,EOS.N
169:EOT,ES,1,N,0,EOT.N
169:EPAC,ES,1,N,0,EPAC.N
169:EPAI,CE,1,P,0,EPAI.P
169:EPAM,ES,1,N,0,EPAM.N
169:EPC,ES,1,N,0,EPC.N
169:EPD,ES,1,N,0,EPD.N
169:EPEM,CE,1,P,0,EPEM.P
169:EPHE,CE,1,P,0,EPHE.P
169:EPI,CE,1,P,0,EPI.P
169:EPIN,CE,1,P,0,EPIN.P
169:EPMB,CE,1,P,0,EPMB.P
169:EPMV,CE,1,P,0,EPMV.P
169:EPOL,CE,1,P,0,EPOL.P
169:EPP,CE,1,P,0,EPP.P
169:EPR,ES,1,N,0,EPR.N
169:EPRT,ES,1,N,0,EPRT.N
169:EPRpC,EP,1,N,0,EPRPRC.N
169:EPRpE,EP,1,N,0,EPRPRE.N
169:EPRpG,EP,1,N,0,EPRPRG.N
169:EPS,CE,1,P,0,EPS.P
169:EPSB,CE,1,P,0,EPSB.P
169:EPSV,CE,1,P,0,EPSV.P
169:EPU,CE,1,P,0,EPU.P
169:EPV,CE,1,P,0,EPV.P
169:EPpC,EP,1,N,0,EPPRC.N
169:EQAL,CE,1,P,0,EQAL.P
169:EQBK,ES,1,N,0,EQBK.N
169:EQH,ES,1,N,0,EQH.N
169:EQHpA,ER,1,N,0,EQHPRA.N
169:EQHpC,ER,1,N,0,EQHPRC.N
169:EQIN,CE,1,P,0,EQIN.P
169:EQL,CE,1,P,0,EQL.P
169:EQNR,ED,1,N,0,EQNR.N
169:EQR,ES,1,N,0,EQR.N
169:EQS,ES,1,N,0,EQS.N
169:EQT,ES,1,N,0,EQT.N
169:EQTY,CE,1,P,0,EQTY.P
169:EQWL,CE,1,P,0,EQWL.P
169:ERO,ES,1,N,0,ERO.N
169:ERTH,CE,1,P,0,ERTH.P
169:ERX,CE,1,P,0,ERX.P
169:ERY,CE,1,P,0,ERY.P
169:ES,ES,1,N,0,ES.N
169:ESAB,ES,1,N,0,ESAB.N
169:ESBA,EU,1,P,0,ESBA.P
169:ESBG,CE,1,P,0,ESBG.P
169:ESE,ES,1,N,0,ESE.N
169:ESI,ES,1,N,0,ESI.N
169:ESIM,CE,1,P,0,ESIM.P
169:ESIX,CE,1,P,0,ESIX.P
169:ESLG,CE,1,P,0,ESLG.P
169:ESLV,CE,1,P,0,ESLV.P
169:ESNT,ES,1,N,0,ESNT.N
169:ESRT,ES,1,N,0,ESRT.N
169:ESS,ES,1,N,0,ESS.N
169:ESSC,CE,1,P,0,ESSC.P
169:ESTC,ES,1,N,0,ESTC.N
169:ESUM,CE,1,P,0,ESUM.P
169:ET,ES,1,N,0,ET.N
169:ETB,ES,1,N,0,ETB.N
169:ETCO,CE,1,P,0,ETCO.P
169:ETD,ES,1,N,0,ETD.N
169:ETFT,CE,1,P,0,ETFT.P
169:ETG,ES,1,N,0,ETG.N
169:ETH,CE,1,P,0,ETH.P
169:ETHD,CE,1,P,0,ETHD.P
169:ETHE,CE,1,P,0,ETHE.P
169:ETHO,CE,1,P,0,ETHO.P
169:ETHT,CE,1,P,0,ETHT.P
169:ETHW,CE,1,P,0,ETHW.P
169:ETIp,EP,1,N,0,ETIPR.N
169:ETJ,ES,1,N,0,ETJ.N
169:ETN,ES,1,N,0,ETN.N
169:ETO,ES,1,N,0,ETO.N
169:ETR,ES,1,N,0,ETR.N
169:ETSY,ES,1,N,0,ETSY.N
169:ETV,ES,1,N,0,ETV.N
169:ETW,ES,1,N,0,ETW.N
169:ETX,ES,1,N,0,ETX.N
169:ETY,ES,1,N,0,ETY.N
169:ETpI,EP,1,N,0,ETPRI.N
169:EUDG,CE,1,P,0,EUDG.P
169:EUM,CE,1,P,0,EUM.P
169:EUO,CE,1,P,0,EUO.P
169:EURL,CE,1,P,0,EURL.P
169:EUSA,CE,1,P,0,EUSA.P
169:EUSB,CE,1,P,0,EUSB.P
169:EVAC,ES,1,N,0,EVAC.N
169:EVAC.U,EU,1,N,0,EVAC.U.N
169:EVAC.WS,RW,1,N,0,EVAC.WS.N
169:EVC,ES,1,N,0,EVC.N
169:EVEX,ES,1,N,0,EVEX.N
169:EVEX.WS,RW,1,N,0,EVEX.WS.N
169:EVF,ES,1,N,0,EVF.N
169:EVG,ES,1,N,0,EVG.N
169:EVH,ES,1,N,0,EVH.N
169:EVHY,CE,1,P,0,EVHY.P
169:EVIM,CE,1,P,0,EVIM.P
169:EVLN,CE,1,P,0,EVLN.P
169:EVMN,ES,1,N,0,EVMN.N
169:EVMO,CE,1,P,0,EVMO.P
169:EVN,ES,1,N,0,EVN.N
169:EVNT,CE,1,P,0,EVNT.P
169:EVR,ES,1,N,0,EVR.N
169:EVSB,CE,1,P,0,EVSB.P
169:EVSM,CE,1,P,0,EVSM.P
169:EVT,ES,1,N,0,EVT.N
169:EVTC,ES,1,N,0,EVTC.N
169:EVTL,ES,1,N,0,EVTL.N
169:EVTR,CE,1,N,0,EVTR.N
169:EVX,CE,1,P,0,EVX.P
169:EW,ES,1,N,0,EW.N
169:EWA,CE,1,P,0,EWA.P
169:EWC,CE,1,P,0,EWC.P
169:EWD,CE,1,P,0,EWD.P
169:EWG,CE,1,P,0,EWG.P
169:EWH,CE,1,P,0,EWH.P
169:EWI,CE,1,P,0,EWI.P
169:EWJ,CE,1,P,0,EWJ.P
169:EWK,CE,1,P,0,EWK.P
169:EWL,CE,1,P,0,EWL.P
169:EWM,CE,1,P,0,EWM.P
169:EWN,CE,1,P,0,EWN.P
169:EWO,CE,1,P,0,EWO.P
169:EWP,CE,1,P,0,EWP.P
169:EWQ,CE,1,P,0,EWQ.P
169:EWS,CE,1,P,0,EWS.P
169:EWT,CE,1,P,0,EWT.P
169:EWU,CE,1,P,0,EWU.P
169:EWV,CE,1,P,0,EWV.P
169:EWW,CE,1,P,0,EWW.P
169:EWX,CE,1,P,0,EWX.P
169:EWY,CE,1,P,0,EWY.P
169:EWZ,CE,1,P,0,EWZ.P
169:EXEQ,CE,1,P,0,EXEQ.P
169:EXG,ES,1,N,0,EXG.N
169:EXI,CE,1,P,0,EXI.P
169:EXK,ES,1,N,0,EXK.N
169:EXP,ES,1,N,0,EXP.N
169:EXPD,ES,1,N,0,EXPD.N
169:EXR,ES,1,N,0,EXR.N
169:EZA,CE,1,P,0,EZA.P
169:EZJ,CE,1,P,0,EZJ.P
169:EZM,CE,1,P,0,EZM.P
169:F,ES,1,N,0,F.N
169:FAF,ES,1,N,0,FAF.N
169:FAI,CE,1,P,0,FAI.P
169:FAN,CE,1,P,0,FAN.P
169:FARX,CE,1,P,0,FARX.P
169:FAS,CE,1,P,0,FAS.P
169:FAZ,CE,1,P,0,FAZ.P
169:FBDC,CE,1,P,0,FBDC.P
169:FBIN,ES,1,N,0,FBIN.N
169:FBK,ES,1,N,0,FBK.N
169:FBND,CE,1,P,0,FBND.P
169:FBP,ES,1,N,0,FBP.N
169:FBRT,ES,1,N,0,FBRT.N
169:FBRTpE,EP,1,N,0,FBRTPRE.N
169:FBT,CE,1,P,0,FBT.P
169:FBY,CE,1,P,0,FBY.P
169:FC,ES,1,N,0,FC.N
169:FCBD,CE,1,P,0,FCBD.P
169:FCF,ES,1,N,0,FCF.N
169:FCFY,CE,1,P,0,FCFY.P
169:FCG,CE,1,P,0,FCG.P
169:FCN,ES,1,N,0,FCN.N
169:FCOM,CE,1,P,0,FCOM.P
169:FCOR,CE,1,P,0,FCOR.P
169:FCPT,ES,1,N,0,FCPT.N
169:FCRS,ES,1,N,0,FCRS.N
169:FCRS.U,EU,1,N,0,FCRS.U.N
169:FCRS.WS,RW,1,N,0,FCRS.WS.N
169:FCSH,CE,1,P,0,FCSH.P
169:FCT,ES,1,N,0,FCT.N
169:FCUS,CE,1,P,0,FCUS.P
169:FCX,ES,1,N,0,FCX.N
169:FDAT,CE,1,P,0,FDAT.P
169:FDD,CE,1,P,0,FDD.P
169:FDG,CE,1,P,0,FDG.P
169:FDHY,CE,1,P,0,FDHY.P
169:FDIS,CE,1,P,0,FDIS.P
169:FDL,CE,1,P,0,FDL.P
169:FDLO,CE,1,P,0,FDLO.P
169:FDLS,CE,1,P,0,FDLS.P
169:FDM,CE,1,P,0,FDM.P
169:FDMO,CE,1,P,0,FDMO.P
169:FDN,CE,1,P,0,FDN.P
169:FDP,ES,1,N,0,FDP.N
169:FDRR,CE,1,P,0,FDRR.P
169:FDS,ES,1,N,0,FDS.N
169:FDV,CE,1,P,0,FDV.P
169:FDVV,CE,1,P,0,FDVV.P
169:FDX,ES,1,N,0,FDX.N
169:FE,ES,1,N,0,FE.N
169:FEAC,CE,1,P,0,FEAC.P
169:FEDM,CE,1,P,0,FEDM.P
169:FEDU,ED,1,N,0,FEDU.N
169:FEGE,CE,1,N,0,FEGE.N
169:FEIG,CE,1,P,0,FEIG.P
169:FELC,CE,1,P,0,FELC.P
169:FELG,CE,1,P,0,FELG.P
169:FELV,CE,1,P,0,FELV.P
169:FEMD,CE,1,P,0,FEMD.P
169:FEMR,CE,1,P,0,FEMR.P
169:FENG,ED,1,N,0,FENG.N
169:FENI,CE,1,P,0,FENI.P
169:FENY,CE,1,P,0,FENY.P
169:FEOE,CE,1,N,0,FEOE.N
169:FERG,ES,1,N,0,FERG.N
169:FESM,CE,1,P,0,FESM.P
169:FET,ES,1,N,0,FET.N
169:FEUS,CE,1,P,0,FEUS.P
169:FEZ,CE,1,P,0,FEZ.P
169:FF,ES,1,N,0,FF.N
169:FFA,ES,1,N,0,FFA.N
169:FFC,ES,1,N,0,FFC.N
169:FFIU,CE,1,P,0,FFIU.P
169:FFLS,CE,1,P,0,FFLS.P
169:FFND,CE,1,P,0,FFND.P
169:FFOX,CE,1,P,0,FFOX.P
169:FFTY,CE,1,P,0,FFTY.P
169:FFWM,ES,1,N,0,FFWM.N
169:FG,ES,1,N,0,FG.N
169:FGD,CE,1,P,0,FGD.P
169:FGDL,CE,1,P,0,FGDL.P
169:FGSM,CE,1,P,0,FGSM.P
169:FHI,ES,1,N,0,FHI.N
169:FHLC,CE,1,P,0,FHLC.P
169:FHN,ES,1,N,0,FHN.N
169:FHNpC,ER,1,N,0,FHNPRC.N
169:FHNpE,ER,1,N,0,FHNPRE.N
169:FHNpF,ER,1,N,0,FHNPRF.N
169:FHNpH,ER,1,N,0,FHNPRH.N
169:FHYS,CE,1,P,0,FHYS.P
169:FIAT,CE,1,P,0,FIAT.P
169:FIAX,CE,1,P,0,FIAX.P
169:FICO,ES,1,N,0,FICO.N
169:FIDI,CE,1,P,0,FIDI.P
169:FIDU,CE,1,P,0,FIDU.P
169:FIG,ES,1,N,0,FIG.N
169:FIGB,CE,1,P,0,FIGB.P
169:FIGS,ES,1,N,0,FIGS.N
169:FIHL,ES,1,N,0,FIHL.N
169:FIIG,CE,1,P,0,FIIG.P
169:FINS,ES,1,N,0,FINS.N
169:FINT,CE,1,P,0,FINT.P
169:FINV,ED,1,N,0,FINV.N
169:FIS,ES,1,N,0,FIS.N
169:FISK,EU,1,P,0,FISK.P
169:FISR,CE,1,P,0,FISR.P
169:FITE,CE,1,P,0,FITE.P
169:FIVA,CE,1,P,0,FIVA.P
169:FIW,CE,1,P,0,FIW.P
169:FIX,ES,1,N,0,FIX.N
169:FIXP,CE,1,P,0,FIXP.P
169:FIXT,CE,1,N,0,FIXT.N
169:FLAG,CE,1,P,0,FLAG.P
169:FLAU,CE,1,P,0,FLAU.P
169:FLAX,CE,1,P,0,FLAX.P
169:FLBR,CE,1,P,0,FLBR.P
169:FLC,ES,1,N,0,FLC.N
169:FLCA,CE,1,P,0,FLCA.P
169:FLCB,CE,1,P,0,FLCB.P
169:FLCC,CE,1,P,0,FLCC.P
169:FLCE,CE,1,P,0,FLCE.P
169:FLCG,CE,1,P,0,FLCG.P
169:FLCH,CE,1,P,0,FLCH.P
169:FLCO,CE,1,P,0,FLCO.P
169:FLCV,CE,1,P,0,FLCV.P
169:FLEE,CE,1,P,0,FLEE.P
169:FLEU,CE,1,P,0,FLEU.P
169:FLG,ES,1,N,0,FLG.N
169:FLGB,CE,1,P,0,FLGB.P
169:FLGR,CE,1,P,0,FLGR.P
169:FLGV,CE,1,P,0,FLGV.P
169:FLGpA,ER,1,N,0,FLGPRA.N
169:FLIN,CE,1,P,0,FLIN.P
169:FLJH,CE,1,P,0,FLJH.P
169:FLJP,CE,1,P,0,FLJP.P
169:FLKR,CE,1,P,0,FLKR.P
169:FLLA,CE,1,P,0,FLLA.P
169:FLMB,CE,1,P,0,FLMB.P
169:FLMI,CE,1,P,0,FLMI.P
169:FLMX,CE,1,P,0,FLMX.P
169:FLNG,ES,1,N,0,FLNG.N
169:FLO,ES,1,N,0,FLO.N
169:FLOC,ES,1,N,0,FLOC.N
169:FLOW,CE,1,P,0,FLOW.P
169:FLR,ES,1,N,0,FLR.N
169:FLRG,CE,1,P,0,FLRG.P
169:FLRN,CE,1,P,0,FLRN.P
169:FLRT,CE,1,P,0,FLRT.P
169:FLS,ES,1,N,0,FLS.N
169:FLSA,CE,1,P,0,FLSA.P
169:FLSP,CE,1,P,0,FLSP.P
169:FLSW,CE,1,P,0,FLSW.P
169:FLTB,CE,1,P,0,FLTB.P
169:FLTR,CE,1,P,0,FLTR.P
169:FLTW,CE,1,P,0,FLTW.P
169:FLUD,CE,1,P,0,FLUD.P
169:FLUT,ES,1,N,0,FLUT.N
169:FLV,CE,1,P,0,FLV.P
169:FLXR,CE,1,N,0,FLXR.N
169:FLYD,CE,1,P,0,FLYD.P
169:FLYU,CE,1,P,0,FLYU.P
169:FMAT,CE,1,P,0,FMAT.P
169:FMC,ES,1,N,0,FMC.N
169:FMCE,CE,1,P,0,FMCE.P
169:FMCX,CE,1,P,0,FMCX.P
169:FMDE,CE,1,P,0,FMDE.P
169:FMF,CE,1,P,0,FMF.P
169:FMKT,CE,1,P,0,FMKT.P
169:FMN,ES,1,N,0,FMN.N
169:FMNY,CE,1,P,0,FMNY.P
169:FMQQ,CE,1,P,0,FMQQ.P
169:FMS,ED,1,N,0,FMS.N
169:FMTL,CE,1,P,0,FMTL.P
169:FMX,ED,1,N,0,FMX.N
169:FMY,ES,1,N,0,FMY.N
169:FN,ES,1,N,0,FN.N
169:FNB,ES,1,N,0,FNB.N
169:FNCL,CE,1,P,0,FNCL.P
169:FND,ES,1,N,0,FND.N
169:FNDA,CE,1,P,0,FNDA.P
169:FNDB,CE,1,P,0,FNDB.P
169:FNDC,CE,1,P,0,FNDC.P
169:FNDE,CE,1,P,0,FNDE.P
169:FNDF,CE,1,P,0,FNDF.P
169:FNDX,CE,1,P,0,FNDX.P
169:FNF,ES,1,N,0,FNF.N
169:FNGD,CE,1,P,0,FNGD.P
169:FNGG,CE,1,P,0,FNGG.P
169:FNGO,CE,1,P,0,FNGO.P
169:FNGS,CE,1,P,0,FNGS.P
169:FNGU,CE,1,P,0,FNGU.P
169:FNV,ES,1,N,0,FNV.N
169:FOA,ES,1,N,0,FOA.N
169:FOF,ES,1,N,0,FOF.N
169:FOPC,CE,1,P,0,FOPC.P
169:FOR,ES,1,N,0,FOR.N
169:FOUR,ES,1,N,0,FOUR.N
169:FOURpA,EP,1,N,0,FOURPRA.N
169:FOXY,CE,1,P,0,FOXY.P
169:FPE,CE,1,P,0,FPE.P
169:FPEI,CE,1,P,0,FPEI.P
169:FPF,ES,1,N,0,FPF.N
169:FPH,ES,1,N,0,FPH.N
169:FPI,ES,1,N,0,FPI.N
169:FPS,ES,1,N,0,FPS.N
169:FPWR,CE,1,P,0,FPWR.P
169:FPX,CE,1,P,0,FPX.P
169:FQAL,CE,1,P,0,FQAL.P
169:FR,ES,1,N,0,FR.N
169:FRA,ES,1,N,0,FRA.N
169:FREL,CE,1,P,0,FREL.P
169:FRGN,CE,1,P,0,FRGN.P
169:FRI,CE,1,P,0,FRI.P
169:FRIZ,CE,1,P,0,FRIZ.P
169:FRO,ES,1,N,0,FRO.N
169:FRT,ES,1,N,0,FRT.N
169:FRTY,CE,1,P,0,FRTY.P
169:FRTpC,ER,1,N,0,FRTPRC.N
169:FSCC,CE,1,P,0,FSCC.P
169:FSCO,ES,1,N,0,FSCO.N
169:FSEC,CE,1,P,0,FSEC.P
169:FSIG,CE,1,P,0,FSIG.P
169:FSK,ES,1,N,0,FSK.N
169:FSM,ES,1,N,0,FSM.N
169:FSMB,CE,1,P,0,FSMB.P
169:FSMD,CE,1,P,0,FSMD.P
169:FSML,CE,1,P,0,FSML.P
169:FSOL,CE,1,P,0,FSOL.P
169:FSS,ES,1,N,0,FSS.N
169:FSSL,ES,1,N,0,FSSL.N
169:FSTA,CE,1,P,0,FSTA.P
169:FSYD,CE,1,P,0,FSYD.P
169:FT,ES,1,N,0,FT.N
169:FTBD,CE,1,P,0,FTBD.P
169:FTBI,CE,1,P,0,FTBI.P
169:FTCA,CE,1,P,0,FTCA.P
169:FTCB,CE,1,P,0,FTCB.P
169:FTCE,CE,1,P,0,FTCE.P
169:FTEC,CE,1,P,0,FTEC.P
169:FTHF,CE,1,P,0,FTHF.P
169:FTHY,ES,1,N,0,FTHY.N
169:FTI,ES,1,N,0,FTI.N
169:FTIF,CE,1,P,0,FTIF.P
169:FTK,ES,1,N,0,FTK.N
169:FTKI,CE,1,P,0,FTKI.P
169:FTLS,CE,1,P,0,FTLS.P
169:FTMA,CE,1,P,0,FTMA.P
169:FTMH,CE,1,P,0,FTMH.P
169:FTMN,CE,1,P,0,FTMN.P
169:FTMS,CE,1,P,0,FTMS.P
169:FTMU,CE,1,P,0,FTMU.P
169:FTNJ,CE,1,P,0,FTNJ.P
169:FTNY,CE,1,P,0,FTNY.P
169:FTOH,CE,1,P,0,FTOH.P
169:FTPA,CE,1,P,0,FTPA.P
169:FTRB,CE,1,P,0,FTRB.P
169:FTS,ES,1,N,0,FTS.N
169:FTSD,CE,1,P,0,FTSD.P
169:FTV,ES,1,N,0,FTV.N
169:FTW,ES,1,N,0,FTW.N
169:FTW.WS,RW,1,N,0,FTW.WS.N
169:FTWO,CE,1,N,0,FTWO.N
169:FUBO,ES,1,N,0,FUBO.N
169:FUL,ES,1,N,0,FUL.N
169:FUMB,CE,1,P,0,FUMB.P
169:FUN,ES,1,N,0,FUN.N
169:FUSI,CE,1,P,0,FUSI.P
169:FUTY,CE,1,P,0,FUTY.P
169:FVAL,CE,1,P,0,FVAL.P
169:FVD,CE,1,P,0,FVD.P
169:FVR,ES,1,N,0,FVR.N
169:FVRR,ES,1,N,0,FVRR.N
169:FWD,CE,1,P,0,FWD.P
169:FXA,CE,1,P,0,FXA.P
169:FXB,CE,1,P,0,FXB.P
169:FXC,CE,1,P,0,FXC.P
169:FXD,CE,1,P,0,FXD.P
169:FXE,CE,1,P,0,FXE.P
169:FXED,CE,1,N,0,FXED.N
169:FXF,CE,1,P,0,FXF.P
169:FXG,CE,1,P,0,FXG.P
169:FXH,CE,1,P,0,FXH.P
169:FXI,CE,1,P,0,FXI.P
169:FXL,CE,1,P,0,FXL.P
169:FXN,CE,1,P,0,FXN.P
169:FXO,CE,1,P,0,FXO.P
169:FXP,CE,1,P,0,FXP.P
169:FXR,CE,1,P,0,FXR.P
169:FXU,CE,1,P,0,FXU.P
169:FXY,CE,1,P,0,FXY.P
169:FXZ,CE,1,P,0,FXZ.P
169:G,ES,1,N,0,G.N
169:GAB,ES,1,N,0,GAB.N
169:GABF,CE,1,P,0,GABF.P
169:GABpG,EP,1,N,0,GABPRG.N
169:GABpH,EP,1,N,0,GABPRH.N
169:GABpK,EP,1,N,0,GABPRK.N
169:GABr,M,1,N,0,GAB.R.N
169:GAEM,CE,1,P,0,GAEM.P
169:GAID,CE,1,P,0,GAID.P
169:GAL,CE,1,P,0,GAL.P
169:GAM,ES,1,N,0,GAM.N
169:GAMR,CE,1,P,0,GAMR.P
169:GAMpB,EP,1,N,0,GAMPRB.N
169:GAP,ES,1,N,0,GAP.N
169:GARA,CE,1,P,0,GARA.P
169:GATX,ES,1,N,0,GATX.N
169:GAUD,CE,1,P,0,GAUD.P
169:GBAB,ES,1,N,0,GBAB.N
169:GBCI,ES,1,N,0,GBCI.N
169:GBF,CE,1,P,0,GBF.P
169:GBHI,CE,1,P,0,GBHI.P
169:GBIL,CE,1,P,0,GBIL.P
169:GBND,CE,1,P,0,GBND.P
169:GBTC,CE,1,P,0,GBTC.P
169:GBTG,ES,1,N,0,GBTG.N
169:GBX,ES,1,N,0,GBX.N
169:GCAD,CE,1,P,0,GCAD.P
169:GCAL,CE,1,P,0,GCAL.P
169:GCC,CE,1,P,0,GCC.P
169:GCO,ES,1,N,0,GCO.N
169:GCOR,CE,1,P,0,GCOR.P
169:GCTS,ES,1,N,0,GCTS.N
169:GCTS.WS,RW,1,N,0,GCTS.WS.N
169:GCV,ES,1,N,0,GCV.N
169:GD,ES,1,N,0,GD.N
169:GDDY,ES,1,N,0,GDDY.N
169:GDIV,CE,1,N,0,GDIV.N
169:GDL,ES,1,N,0,GDL.N
169:GDLC,CE,1,P,0,GDLC.P
169:GDO,ES,1,N,0,GDO.N
169:GDOC,CE,1,P,0,GDOC.P
169:GDOG,CE,1,P,0,GDOG.P
169:GDOT,ES,1,N,0,GDOT.N
169:GDV,ES,1,N,0,GDV.N
169:GDVpH,EP,1,N,0,GDVPRH.N
169:GDVpK,EP,1,N,0,GDVPRK.N
169:GDX,CE,1,P,0,GDX.P
169:GDXD,CE,1,P,0,GDXD.P
169:GDXJ,CE,1,P,0,GDXJ.P
169:GDXU,CE,1,P,0,GDXU.P
169:GDXY,CE,1,P,0,GDXY.P
169:GE,ES,1,N,0,GE.N
169:GEF,ES,1,N,0,GEF.N
169:GEF.B,ES,1,N,0,GEF.B.N
169:GEL,ES,1,N,0,GEL.N
169:GEM,CE,1,P,0,GEM.P
169:GEND,CE,1,P,0,GEND.P
169:GENI,ES,1,N,0,GENI.N
169:GENM,CE,1,P,0,GENM.P
169:GENT,CE,1,P,0,GENT.P
169:GENW,CE,1,P,0,GENW.P
169:GEO,ES,1,N,0,GEO.N
169:GEOA,CE,1,P,0,GEOA.P
169:GETY,ES,1,N,0,GETY.N
169:GEV,ES,1,N,0,GEV.N
169:GF,ES,1,N,0,GF.N
169:GFF,ES,1,N,0,GFF.N
169:GFI,ED,1,N,0,GFI.N
169:GFL,ES,1,N,0,GFL.N
169:GFR,ES,1,N,0,GFR.N
169:GGB,ER,1,N,0,GGB.N
169:GGG,ES,1,N,0,GGG.N
169:GGM,CE,1,P,0,GGM.P
169:GGME,CE,1,P,0,GGME.P
169:GGOV,CE,1,P,0,GGOV.P
169:GGRW,CE,1,P,0,GGRW.P
169:GGT,ES,1,N,0,GGT.N
169:GGTL,CE,1,P,0,GGTL.P
169:GGTR,M,1,N,0,GGTR.N
169:GGTpE,EP,1,N,0,GGTPRE.N
169:GGTpG,EP,1,N,0,GGTPRG.N
169:GGUS,CE,1,P,0,GGUS.P
169:GGZ,ES,1,N,0,GGZ.N
169:GHC,ES,1,N,0,GHC.N
169:GHG,ED,1,N,0,GHG.N
169:GHI,ES,1,N,0,GHI.N
169:GHM,ES,1,N,0,GHM.N
169:GHY,ES,1,N,0,GHY.N
169:GHYB,CE,1,P,0,GHYB.P
169:GIAX,CE,1,P,0,GIAX.P
169:GIB,ES,1,N,0,GIB.N
169:GIC,ES,1,N,0,GIC.N
169:GIGB,CE,1,P,0,GIGB.P
169:GIGL,CE,1,P,0,GIGL.P
169:GII,CE,1,P,0,GII.P
169:GIL,ES,1,N,0,GIL.N
169:GINN,CE,1,P,0,GINN.P
169:GIS,ES,1,N,0,GIS.N
169:GJH,EP,1,N,0,GJH.N
169:GJO,EP,1,N,0,GJO.N
169:GJP,EP,1,N,0,GJP.N
169:GJR,EP,1,N,0,GJR.N
169:GJS,EP,1,N,0,GJS.N
169:GJT,EP,1,N,0,GJT.N
169:GK,CE,1,P,0,GK.P
169:GKOS,ES,1,N,0,GKOS.N
169:GL,ES,1,N,0,GL.N
169:GLD,CE,1,P,0,GLD.P
169:GLDM,CE,1,P,0,GLDM.P
169:GLDN,CE,1,P,0,GLDN.P
169:GLED.U,EU,1,N,0,GLED.U.N
169:GLIN,CE,1,P,0,GLIN.P
169:GLIX,CE,1,P,0,GLIX.P
169:GLL,CE,1,P,0,GLL.P
169:GLNK,CE,1,P,0,GLNK.P
169:GLOB,ES,1,N,0,GLOB.N
169:GLOF,CE,1,P,0,GLOF.P
169:GLOPpA,EP,1,N,0,GLOPPRA.N
169:GLOPpB,EP,1,N,0,GLOPPRB.N
169:GLOPpC,EP,1,N,0,GLOPPRC.N
169:GLP,ES,1,N,0,GLP.N
169:GLPpB,EP,1,N,0,GLPPRB.N
169:GLRY,CE,1,P,0,GLRY.P
169:GLTR,CE,1,P,0,GLTR.P
169:GLW,ES,1,N,0,GLW.N
169:GM,ES,1,N,0,GM.N
169:GME,ES,1,N,0,GME.N
169:GME.WS,RW,1,N,0,GME.WS.N
169:GMED,ES,1,N,0,GMED.N
169:GMEY,CE,1,P,0,GMEY.P
169:GMF,CE,1,P,0,GMF.P
169:GMMA,CE,1,P,0,GMMA.P
169:GMMF,CE,1,N,0,GMMF.N
169:GMNY,CE,1,P,0,GMNY.P
169:GMOC,CE,1,P,0,GMOC.P
169:GMOD,CE,1,P,0,GMOD.P
169:GMOI,CE,1,P,0,GMOI.P
169:GMOV,CE,1,P,0,GMOV.P
169:GMUB,CE,1,P,0,GMUB.P
169:GMUN,CE,1,P,0,GMUN.P
169:GNE,ES,1,N,0,GNE.N
169:GNK,ES,1,N,0,GNK.N
169:GNL,ES,1,N,0,GNL.N
169:GNLpA,EP,1,N,0,GNLPRA.N
169:GNLpB,EP,1,N,0,GNLPRB.N
169:GNLpD,EP,1,N,0,GNLPRD.N
169:GNLpE,EP,1,N,0,GNLPRE.N
169:GNR,CE,1,P,0,GNR.P
169:GNRC,ES,1,N,0,GNRC.N
169:GNT,ES,1,N,0,GNT.N
169:GNTpA,EP,1,N,0,GNTPRA.N
169:GNW,ES,1,N,0,GNW.N
169:GOAU,CE,1,P,0,GOAU.P
169:GOEX,CE,1,P,0,GOEX.P
169:GOF,ES,1,N,0,GOF.N
169:GOLD,ES,1,N,0,GOLD.N
169:GOLF,ES,1,N,0,GOLF.N
169:GOLS,CE,1,P,0,GOLS.P
169:GOOS,ES,1,N,0,GOOS.N
169:GOOY,CE,1,P,0,GOOY.P
169:GOTU,ED,1,N,0,GOTU.N
169:GPC,ES,1,N,0,GPC.N
169:GPGI,ES,1,N,0,GPGI.N
169:GPI,ES,1,N,0,GPI.N
169:GPK,ES,1,N,0,GPK.N
169:GPMT,ES,1,N,0,GPMT.N
169:GPMTpA,EP,1,N,0,GPMTPRA.N
169:GPN,ES,1,N,0,GPN.N
169:GPOR,ES,1,N,0,GPOR.N
169:GPRK,ES,1,N,0,GPRK.N
169:GPTY,CE,1,P,0,GPTY.P
169:GPZ,CE,1,P,0,GPZ.P
169:GQGU,CE,1,P,0,GQGU.P
169:GQI,CE,1,P,0,GQI.P
169:GQRE,CE,1,P,0,GQRE.P
169:GRBK,ES,1,N,0,GRBK.N
169:GRBKpA,ER,1,N,0,GRBKPRA.N
169:GRC,ES,1,N,0,GRC.N
169:GRDN,ES,1,N,0,GRDN.N
169:GREK,CE,1,P,0,GREK.P
169:GRMN,ES,1,N,0,GRMN.N
169:GRN,CE,1,P,0,GRN.P
169:GRNB,CE,1,P,0,GRNB.P
169:GRND,ES,1,N,0,GRND.N
169:GRNI,CE,1,P,0,GRNI.P
169:GRNJ,CE,1,P,0,GRNJ.P
169:GRNT,ES,1,N,0,GRNT.N
169:GRNY,CE,1,P,0,GRNY.P
169:GROV,ES,1,N,0,GROV.N
169:GRPM,CE,1,P,0,GRPM.P
169:GRPZ,CE,1,P,0,GRPZ.P
169:GRX,ES,1,N,0,GRX.N
169:GS,ES,1,N,0,GS.N
169:GSBD,ES,1,N,0,GSBD.N
169:GSC,CE,1,P,0,GSC.P
169:GSEU,CE,1,P,0,GSEU.P
169:GSG,CE,1,P,0,GSG.P
169:GSIE,CE,1,P,0,GSIE.P
169:GSIG,CE,1,P,0,GSIG.P
169:GSJY,CE,1,P,0,GSJY.P
169:GSK,ED,1,N,0,GSK.N
169:GSKH,CE,1,P,0,GSKH.P
169:GSL,ES,1,N,0,GSL.N
169:GSLC,CE,1,P,0,GSLC.P
169:GSLpB,ER,1,N,0,GSLPRB.N
169:GSOL,CE,1,P,0,GSOL.P
169:GSPY,CE,1,P,0,GSPY.P
169:GSSC,CE,1,P,0,GSSC.P
169:GSUI,CE,1,P,0,GSUI.P
169:GSY,CE,1,P,0,GSY.P
169:GSpA,ER,1,N,0,GSPRA.N
169:GSpC,ER,1,N,0,GSPRC.N
169:GSpD,ER,1,N,0,GSPRD.N
169:GTEK,CE,1,P,0,GTEK.P
169:GTES,ES,1,N,0,GTES.N
169:GTLS,ES,1,N,0,GTLS.N
169:GTN,ES,1,N,0,GTN.N
169:GTN.A,ES,1,N,0,GTN.A.N
169:GTO,CE,1,P,0,GTO.P
169:GTY,ES,1,N,0,GTY.N
169:GUG,ES,1,N,0,GUG.N
169:GUMI,CE,1,P,0,GUMI.P
169:GUNR,CE,1,P,0,GUNR.P
169:GURU,CE,1,P,0,GURU.P
169:GUSA,CE,1,P,0,GUSA.P
169:GUSH,CE,1,P,0,GUSH.P
169:GUT,ES,1,N,0,GUT.N
169:GUTpC,EP,1,N,0,GUTPRC.N
169:GVA,ES,1,N,0,GVA.N
169:GVIP,CE,1,P,0,GVIP.P
169:GVLU,CE,1,P,0,GVLU.P
169:GVUS,CE,1,P,0,GVUS.P
169:GWH,ES,1,N,0,GWH.N
169:GWH.WS,RW,1,N,0,GWH.WS.N
169:GWRE,ES,1,N,0,GWRE.N
169:GWW,ES,1,N,0,GWW.N
169:GWX,CE,1,P,0,GWX.P
169:GXC,CE,1,P,0,GXC.P
169:GXIG,CE,1,P,0,GXIG.P
169:GXLC,CE,1,P,0,GXLC.P
169:GXO,ES,1,N,0,GXO.N
169:GXPC,CE,1,P,0,GXPC.P
169:GXPD,CE,1,P,0,GXPD.P
169:GXPE,CE,1,P,0,GXPE.P
169:GXPS,CE,1,P,0,GXPS.P
169:GXPT,CE,1,P,0,GXPT.P
169:GXRP,CE,1,P,0,GXRP.P
169:GXUS,CE,1,P,0,GXUS.P
169:GYLD,CE,1,N,0,GYLD.N
169:H,ES,1,N,0,H.N
169:HACK,CE,1,P,0,HACK.P
169:HAE,ES,1,N,0,HAE.N
169:HAFN,ES,1,N,0,HAFN.N
169:HAIL,CE,1,P,0,HAIL.P
169:HAKY,CE,1,P,0,HAKY.P
169:HAL,ES,1,N,0,HAL.N
169:HAP,CE,1,P,0,HAP.P
169:HAPI,CE,1,P,0,HAPI.P
169:HAPS,CE,1,P,0,HAPS.P
169:HARD,CE,1,P,0,HARD.P
169:HASI,ES,1,N,0,HASI.N
169:HAUZ,CE,1,P,0,HAUZ.P
169:HAWX,CE,1,P,0,HAWX.P
169:HAYW,ES,1,N,0,HAYW.N
169:HBB,ES,1,N,0,HBB.N
169:HBM,ES,1,N,0,HBM.N
169:HBRD,CE,1,P,0,HBRD.P
169:HBTA,CE,1,P,0,HBTA.P
169:HCA,ES,1,N,0,HCA.N
169:HCC,ES,1,N,0,HCC.N
169:HCI,ES,1,N,0,HCI.N
169:HCMT,CE,1,P,0,HCMT.P
169:HD,ES,1,N,0,HD.N
169:HDB,ED,1,N,0,HDB.N
169:HDEF,CE,1,P,0,HDEF.P
169:HDG,CE,1,P,0,HDG.P
169:HDGE,CE,1,P,0,HDGE.P
169:HDLB,CE,1,P,0,HDLB.P
169:HDMV,CE,1,P,0,HDMV.P
169:HDUS,CE,1,P,0,HDUS.P
169:HDV,CE,1,P,0,HDV.P
169:HE,ES,1,N,0,HE.N
169:HECA,CE,1,P,0,HECA.P
169:HEDG,CE,1,P,0,HEDG.P
169:HEDJ,CE,1,P,0,HEDJ.P
169:HEFT,CE,1,P,0,HEFT.P
169:HEI,ES,1,N,0,HEI.N
169:HEI.A,ES,1,N,0,HEI.A.N
169:HELO,CE,1,P,0,HELO.P
169:HELS,CE,1,P,0,HELS.P
169:HEQ,ES,1,N,0,HEQ.N
169:HEQT,CE,1,P,0,HEQT.P
169:HESM,ES,1,N,0,HESM.N
169:HEWJ,CE,1,P,0,HEWJ.P
169:HEZU,CE,1,P,0,HEZU.P
169:HF,CE,1,N,0,HF.N
169:HFEQ,CE,1,N,0,HFEQ.N
169:HFGM,CE,1,N,0,HFGM.N
169:HFMF,CE,1,N,0,HFMF.N
169:HFND,CE,1,N,0,HFND.N
169:HFRO,ES,1,N,0,HFRO.N
169:HFROpA,EP,1,N,0,HFROPRA.N
169:HFROpB,EP,1,N,0,HFROPRB.N
169:HFXI,CE,1,P,0,HFXI.P
169:HG,ES,1,N,0,HG.N
169:HGER,CE,1,N,0,HGER.N
169:HGLB,ES,1,N,0,HGLB.N
169:HGRO,CE,1,P,0,HGRO.P
169:HGTY,ES,1,N,0,HGTY.N
169:HGV,ES,1,N,0,HGV.N
169:HHH,ES,1,N,0,HHH.N
169:HIBL,CE,1,P,0,HIBL.P
169:HIBS,CE,1,P,0,HIBS.P
169:HIDV,CE,1,P,0,HIDV.P
169:HIG,ES,1,N,0,HIG.N
169:HIGH,CE,1,P,0,HIGH.P
169:HIGpG,ER,1,N,0,HIGPRG.N
169:HII,ES,1,N,0,HII.N
169:HIMS,ES,1,N,0,HIMS.N
169:HIO,ES,1,N,0,HIO.N
169:HIPO,ES,1,N,0,HIPO.N
169:HIPS,CE,1,P,0,HIPS.P
169:HIW,ES,1,N,0,HIW.N
169:HIX,ES,1,N,0,HIX.N
169:HIYY,CE,1,P,0,HIYY.P
169:HKD,ED,1,N,0,HKD.N
169:HL,ES,1,N,0,HL.N
169:HLF,ES,1,N,0,HLF.N
169:HLI,ES,1,N,0,HLI.N
169:HLIO,ES,1,N,0,HLIO.N
169:HLLY,ES,1,N,0,HLLY.N
169:HLLY.WS,RW,1,N,0,HLLY.WS.N
169:HLN,ED,1,N,0,HLN.N
169:HLT,ES,1,N,0,HLT.N
169:HLX,ES,1,N,0,HLX.N
169:HLpB,EP,1,N,0,HLPRB.N
169:HMC,ED,1,N,0,HMC.N
169:HMN,ES,1,N,0,HMN.N
169:HMOP,CE,1,P,0,HMOP.P
169:HMY,ED,1,N,0,HMY.N
169:HNGE,ES,1,N,0,HNGE.N
169:HNI,ES,1,N,0,HNI.N
169:HOG,ES,1,N,0,HOG.N
169:HOLA,CE,1,P,0,HOLA.P
169:HOLD,CE,1,P,0,HOLD.P
169:HOMB,ES,1,N,0,HOMB.N
169:HOMZ,CE,1,P,0,HOMZ.P
169:HOOY,CE,1,P,0,HOOY.P
169:HOOZ,CE,1,P,0,HOOZ.P
169:HOV,ES,1,N,0,HOV.N
169:HP,ES,1,N,0,HP.N
169:HPE,ES,1,N,0,HPE.N
169:HPEpC,EP,1,N,0,HPEPRC.N
169:HPF,ES,1,N,0,HPF.N
169:HPI,ES,1,N,0,HPI.N
169:HPP,ES,1,N,0,HPP.N
169:HPPpC,EP,1,N,0,HPPPRC.N
169:HPQ,ES,1,N,0,HPQ.N
169:HPS,ES,1,N,0,HPS.N
169:HQH,ES,1,N,0,HQH.N
169:HQL,ES,1,N,0,HQL.N
169:HR,ES,1,N,0,HR.N
169:HRB,ES,1,N,0,HRB.N
169:HRI,ES,1,N,0,HRI.N
169:HRL,ES,1,N,0,HRL.N
169:HRTG,ES,1,N,0,HRTG.N
169:HSBC,ED,1,N,0,HSBC.N
169:HSBH,CE,1,P,0,HSBH.P
169:HSCZ,CE,1,P,0,HSCZ.P
169:HSHP,ES,1,N,0,HSHP.N
169:HSMV,CE,1,P,0,HSMV.P
169:HSY,ES,1,N,0,HSY.N
169:HTAB,CE,1,P,0,HTAB.P
169:HTAX,CE,1,P,0,HTAX.P
169:HTB,ES,1,N,0,HTB.N
169:HTD,ES,1,N,0,HTD.N
169:HTEC,CE,1,P,0,HTEC.P
169:HTGC,ES,1,N,0,HTGC.N
169:HTH,ES,1,N,0,HTH.N
169:HTRB,CE,1,P,0,HTRB.P
169:HTT,ED,1,N,0,HTT.N
169:HUBB,ES,1,N,0,HUBB.N
169:HUBS,ES,1,N,0,HUBS.N
169:HUM,ES,1,N,0,HUM.N
169:HUN,ES,1,N,0,HUN.N
169:HUSV,CE,1,P,0,HUSV.P
169:HUYA,ED,1,N,0,HUYA.N
169:HVAC,CE,1,P,0,HVAC.P
169:HVT,ES,1,N,0,HVT.N
169:HVT.A,ES,1,N,0,HVT.A.N
169:HWM,ES,1,N,0,HWM.N
169:HXL,ES,1,N,0,HXL.N
169:HY,ES,1,N,0,HY.N
169:HYAC,ES,1,N,0,HYAC.N
169:HYAC.U,EU,1,N,0,HYAC.U.N
169:HYAC.WS,RW,1,N,0,HYAC.WS.N
169:HYBB,CE,1,P,0,HYBB.P
169:HYBX,CE,1,N,0,HYBX.N
169:HYDW,CE,1,P,0,HYDW.P
169:HYEM,CE,1,P,0,HYEM.P
169:HYFI,CE,1,P,0,HYFI.P
169:HYG,CE,1,P,0,HYG.P
169:HYGH,CE,1,P,0,HYGH.P
169:HYGV,CE,1,P,0,HYGV.P
169:HYI,ES,1,N,0,HYI.N
169:HYLB,CE,1,P,0,HYLB.P
169:HYMB,CE,1,P,0,HYMB.P
169:HYRM,CE,1,P,0,HYRM.P
169:HYS,CE,1,P,0,HYS.P
169:HYSA,CE,1,P,0,HYSA.P
169:HYSD,CE,1,P,0,HYSD.P
169:HYT,ES,1,N,0,HYT.N
169:HYTI,CE,1,P,0,HYTI.P
169:HYTR,CE,1,N,0,HYTR.N
169:HYUP,CE,1,P,0,HYUP.P
169:HZO,ES,1,N,0,HZO.N
169:IAE,ES,1,N,0,IAE.N
169:IAG,ES,1,N,0,IAG.N
169:IAI,CE,1,P,0,IAI.P
169:IAK,CE,1,P,0,IAK.P
169:IAPR,CE,1,P,0,IAPR.P
169:IAT,CE,1,P,0,IAT.P
169:IAU,CE,1,P,0,IAU.P
169:IAUG,CE,1,P,0,IAUG.P
169:IAUM,CE,1,P,0,IAUM.P
169:IBCA,CE,1,P,0,IBCA.P
169:IBD,CE,1,P,0,IBD.P
169:IBDR,CE,1,P,0,IBDR.P
169:IBDS,CE,1,P,0,IBDS.P
169:IBDT,CE,1,P,0,IBDT.P
169:IBDU,CE,1,P,0,IBDU.P
169:IBDV,CE,1,P,0,IBDV.P
169:IBDW,CE,1,P,0,IBDW.P
169:IBDX,CE,1,P,0,IBDX.P
169:IBDY,CE,1,P,0,IBDY.P
169:IBDZ,CE,1,P,0,IBDZ.P
169:IBFR,CE,1,P,0,IBFR.P
169:IBIC,CE,1,P,0,IBIC.P
169:IBID,CE,1,P,0,IBID.P
169:IBIE,CE,1,P,0,IBIE.P
169:IBIF,CE,1,P,0,IBIF.P
169:IBIG,CE,1,P,0,IBIG.P
169:IBIH,CE,1,P,0,IBIH.P
169:IBII,CE,1,P,0,IBII.P
169:IBIJ,CE,1,P,0,IBIJ.P
169:IBIK,CE,1,P,0,IBIK.P
169:IBIL,CE,1,P,0,IBIL.P
169:IBLC,CE,1,P,0,IBLC.P
169:IBM,ES,1,N,0,IBM.N
169:IBN,ED,1,N,0,IBN.N
169:IBND,CE,1,P,0,IBND.P
169:IBP,ES,1,N,0,IBP.N
169:IBRN,CE,1,P,0,IBRN.P
169:IBTA,ES,1,N,0,IBTA.N
169:IBUF,CE,1,P,0,IBUF.P
169:IBUY,CE,1,P,0,IBUY.P
169:ICAP,CE,1,P,0,ICAP.P
169:ICE,ES,1,N,0,ICE.N
169:ICL,ES,1,N,0,ICL.N
169:ICOI,CE,1,P,0,ICOI.P
169:ICPI,CE,1,P,0,ICPI.P
169:ICPY,CE,1,P,0,ICPY.P
169:ICRC,CE,1,P,0,ICRC.P
169:ICRpA,EP,1,N,0,ICRPRA.N
169:IDA,ES,1,N,0,IDA.N
169:IDE,ES,1,N,0,IDE.N
169:IDEC,CE,1,P,0,IDEC.P
169:IDEQ,CE,1,P,0,IDEQ.P
169:IDEV,CE,1,P,0,IDEV.P
169:IDGT,CE,1,P,0,IDGT.P
169:IDHQ,CE,1,P,0,IDHQ.P
169:IDLV,CE,1,P,0,IDLV.P
169:IDMO,CE,1,P,0,IDMO.P
169:IDNA,CE,1,P,0,IDNA.P
169:IDOG,CE,1,P,0,IDOG.P
169:IDRV,CE,1,P,0,IDRV.P
169:IDT,ES,1,N,0,IDT.N
169:IDU,CE,1,P,0,IDU.P
169:IDVO,CE,1,P,0,IDVO.P
169:IDX,CE,1,P,0,IDX.P
169:IDYN,CE,1,P,0,IDYN.P
169:IEMG,CE,1,P,0,IEMG.P
169:IETH,CE,1,P,0,IETH.P
169:IEUR,CE,1,P,0,IEUR.P
169:IEV,CE,1,P,0,IEV.P
169:IEX,ES,1,N,0,IEX.N
169:IEZ,CE,1,P,0,IEZ.P
169:IFEB,CE,1,P,0,IFEB.P
169:IFED,CE,1,P,0,IFED.P
169:IFF,ES,1,N,0,IFF.N
169:IFLN,CE,1,P,0,IFLN.P
169:IFLR,CE,1,P,0,IFLR.P
169:IFN,ES,1,N,0,IFN.N
169:IFS,ES,1,N,0,IFS.N
169:IG,CE,1,P,0,IG.P
169:IGA,ES,1,N,0,IGA.N
169:IGBH,CE,1,P,0,IGBH.P
169:IGCB,CE,1,N,0,IGCB.N
169:IGD,ES,1,N,0,IGD.N
169:IGGY,CE,1,P,0,IGGY.P
169:IGI,ES,1,N,0,IGI.N
169:IGLB,CE,1,P,0,IGLB.P
169:IGM,CE,1,P,0,IGM.P
169:IGME,CE,1,P,0,IGME.P
169:IGPT,CE,1,P,0,IGPT.P
169:IGR,ES,1,N,0,IGR.N
169:IGTR,CE,1,P,0,IGTR.P
169:IH,ED,1,N,0,IH.N
169:IHAK,CE,1,P,0,IHAK.P
169:IHD,ES,1,N,0,IHD.N
169:IHDG,CE,1,P,0,IHDG.P
169:IHE,CE,1,P,0,IHE.P
169:IHF,CE,1,P,0,IHF.P
169:IHG,ED,1,N,0,IHG.N
169:IHI,CE,1,P,0,IHI.P
169:IHS,ES,1,N,0,IHS.N
169:IHY,CE,1,P,0,IHY.P
169:IIF,ES,1,N,0,IIF.N
169:IIGD,CE,1,P,0,IIGD.P
169:IIIN,ES,1,N,0,IIIN.N
169:IIM,ES,1,N,0,IIM.N
169:IIPR,ES,1,N,0,IIPR.N
169:IIPRpA,EP,1,N,0,IIPRPRA.N
169:IJAN,CE,1,P,0,IJAN.P
169:IJH,CE,1,P,0,IJH.P
169:IJJ,CE,1,P,0,IJJ.P
169:IJK,CE,1,P,0,IJK.P
169:IJR,CE,1,P,0,IJR.P
169:IJS,CE,1,P,0,IJS.P
169:IJUL,CE,1,P,0,IJUL.P
169:IJUN,CE,1,P,0,IJUN.P
169:ILCB,CE,1,P,0,ILCB.P
169:ILCG,CE,1,P,0,ILCG.P
169:ILCV,CE,1,P,0,ILCV.P
169:ILDR,CE,1,P,0,ILDR.P
169:ILF,CE,1,P,0,ILF.P
169:ILOW,CE,1,P,0,ILOW.P
169:ILS,CE,1,P,0,ILS.P
169:ILTB,CE,1,P,0,ILTB.P
169:IMAR,CE,1,P,0,IMAR.P
169:IMAX,ES,1,N,0,IMAX.N
169:IMAY,CE,1,P,0,IMAY.P
169:IMCB,CE,1,P,0,IMCB.P
169:IMCG,CE,1,P,0,IMCG.P
169:IMRA,CE,1,P,0,IMRA.P
169:IMST,CE,1,P,0,IMST.P
169:IMTB,CE,1,P,0,IMTB.P
169:IMTM,CE,1,P,0,IMTM.P
169:IMVP,CE,1,P,0,IMVP.P
169:INCE,CE,1,P,0,INCE.P
169:INCM,CE,1,P,0,INCM.P
169:INCO,CE,1,P,0,INCO.P
169:INDE,CE,1,P,0,INDE.P
169:INDL,CE,1,P,0,INDL.P
169:INDS,CE,1,P,0,INDS.P
169:INDZ,CE,1,P,0,INDZ.P
169:INEQ,CE,1,P,0,INEQ.P
169:INFL,CE,1,P,0,INFL.P
169:INFO,CE,1,N,0,INFO.N
169:INFQ,ES,1,N,0,INFQ.N
169:INFQ.WS,RW,1,N,0,INFQ.WS.N
169:INFY,ED,1,N,0,INFY.N
169:ING,ED,1,N,0,ING.N
169:INGM,ES,1,N,0,INGM.N
169:INGR,ES,1,N,0,INGR.N
169:INKM,CE,1,P,0,INKM.P
169:INMU,CE,1,P,0,INMU.P
169:INN,ES,1,N,0,INN.N
169:INNpE,EP,1,N,0,INNPRE.N
169:INNpF,EP,1,N,0,INNPRF.N
169:INOV,CE,1,P,0,INOV.P
169:INQQ,CE,1,P,0,INQQ.P
169:INR,ES,1,N,0,INR.N
169:INSP,ES,1,N,0,INSP.N
169:INSW,ES,1,N,0,INSW.N
169:INTF,CE,1,P,0,INTF.P
169:INVG,CE,1,P,0,INVG.P
169:INVH,ES,1,N,0,INVH.N
169:INVN,CE,1,P,0,INVN.P
169:INVX,ES,1,N,0,INVX.N
169:IOCT,CE,1,P,0,IOCT.P
169:ION,CE,1,P,0,ION.P
169:IONQ,ES,1,N,0,IONQ.N
169:IONQ.WS,RW,1,N,0,IONQ.WS.N
169:IOO,CE,1,P,0,IOO.P
169:IOPP,CE,1,P,0,IOPP.P
169:IOT,ES,1,N,0,IOT.N
169:IP,ES,1,N,0,IP.N
169:IPAC,CE,1,P,0,IPAC.P
169:IPAY,CE,1,P,0,IPAY.P
169:IPB,EP,1,N,0,IPB.N
169:IPI,ES,1,N,0,IPI.N
169:IPO,CE,1,P,0,IPO.P
169:IPOS,CE,1,P,0,IPOS.P
169:IQDF,CE,1,P,0,IQDF.P
169:IQDY,CE,1,P,0,IQDY.P
169:IQHI,CE,1,P,0,IQHI.P
169:IQI,ES,1,N,0,IQI.N
169:IQLT,CE,1,P,0,IQLT.P
169:IQMM,CE,1,P,0,IQMM.P
169:IQRA,CE,1,P,0,IQRA.P
169:IQSI,CE,1,P,0,IQSI.P
169:IQSM,CE,1,P,0,IQSM.P
169:IQSU,CE,1,P,0,IQSU.P
169:IQSZ,CE,1,P,0,IQSZ.P
169:IQV,ES,1,N,0,IQV.N
169:IR,ES,1,N,0,IR.N
169:IRAB,ES,1,N,0,IRAB.N
169:IRAB.U,EU,1,N,0,IRAB.U.N
169:IRAB.WS,RW,1,N,0,IRAB.WS.N
169:IRE,CE,1,P,0,IRE.P
169:IRET,CE,1,P,0,IRET.P
169:IRM,ES,1,N,0,IRM.N
169:IRS,ED,1,N,0,IRS.N
169:IRS.WS,RW,1,N,0,IRS.WS.N
169:IRT,ES,1,N,0,IRT.N
169:IRTR,CE,1,P,0,IRTR.P
169:IRVH,CE,1,P,0,IRVH.P
169:ISCB,CE,1,P,0,ISCB.P
169:ISCF,CE,1,P,0,ISCF.P
169:ISCG,CE,1,P,0,ISCG.P
169:ISCV,CE,1,P,0,ISCV.P
169:ISD,ES,1,N,0,ISD.N
169:ISEP,CE,1,P,0,ISEP.P
169:ISMD,CE,1,P,0,ISMD.P
169:ISRA,CE,1,P,0,ISRA.P
169:ISWN,CE,1,P,0,ISWN.P
169:IT,ES,1,N,0,IT.N
169:ITAN,CE,1,P,0,ITAN.P
169:ITDB,CE,1,P,0,ITDB.P
169:ITDC,CE,1,P,0,ITDC.P
169:ITDD,CE,1,P,0,ITDD.P
169:ITDE,CE,1,P,0,ITDE.P
169:ITDF,CE,1,P,0,ITDF.P
169:ITDG,CE,1,P,0,ITDG.P
169:ITDH,CE,1,P,0,ITDH.P
169:ITDI,CE,1,P,0,ITDI.P
169:ITDJ,CE,1,P,0,ITDJ.P
169:ITEQ,CE,1,P,0,ITEQ.P
169:ITGR,ES,1,N,0,ITGR.N
169:ITOT,CE,1,P,0,ITOT.P
169:ITT,ES,1,N,0,ITT.N
169:ITUB,ER,1,N,0,ITUB.N
169:ITW,ES,1,N,0,ITW.N
169:IVE,CE,1,P,0,IVE.P
169:IVES,CE,1,P,0,IVES.P
169:IVLU,CE,1,P,0,IVLU.P
169:IVOG,CE,1,P,0,IVOG.P
169:IVOL,CE,1,P,0,IVOL.P
169:IVOO,CE,1,P,0,IVOO.P
169:IVOV,CE,1,P,0,IVOV.P
169:IVR,ES,1,N,0,IVR.N
169:IVRS,CE,1,P,0,IVRS.P
169:IVRpC,EP,1,N,0,IVRPRC.N
169:IVT,ES,1,N,0,IVT.N
169:IVV,CE,1,P,0,IVV.P
169:IVW,CE,1,P,0,IVW.P
169:IVZ,ES,1,N,0,IVZ.N
169:IWB,CE,1,P,0,IWB.P
169:IWC,CE,1,P,0,IWC.P
169:IWD,CE,1,P,0,IWD.P
169:IWDL,CE,1,P,0,IWDL.P
169:IWF,CE,1,P,0,IWF.P
169:IWFG,CE,1,P,0,IWFG.P
169:IWFL,CE,1,P,0,IWFL.P
169:IWL,CE,1,P,0,IWL.P
169:IWLG,CE,1,P,0,IWLG.P
169:IWM,CE,1,P,0,IWM.P
169:IWML,CE,1,P,0,IWML.P
169:IWMY,CE,1,P,0,IWMY.P
169:IWN,CE,1,P,0,IWN.P
169:IWO,CE,1,P,0,IWO.P
169:IWP,CE,1,P,0,IWP.P
169:IWR,CE,1,P,0,IWR.P
169:IWS,CE,1,P,0,IWS.P
169:IWV,CE,1,P,0,IWV.P
169:IWX,CE,1,P,0,IWX.P
169:IWY,CE,1,P,0,IWY.P
169:IX,ED,1,N,0,IX.N
169:IXC,CE,1,P,0,IXC.P
169:IXG,CE,1,P,0,IXG.P
169:IXJ,CE,1,P,0,IXJ.P
169:IXN,CE,1,P,0,IXN.P
169:IXP,CE,1,P,0,IXP.P
169:IYC,CE,1,P,0,IYC.P
169:IYE,CE,1,P,0,IYE.P
169:IYF,CE,1,P,0,IYF.P
169:IYG,CE,1,P,0,IYG.P
169:IYH,CE,1,P,0,IYH.P
169:IYK,CE,1,P,0,IYK.P
169:IYM,CE,1,P,0,IYM.P
169:IYR,CE,1,P,0,IYR.P
169:IYW,CE,1,P,0,IYW.P
169:IYY,CE,1,P,0,IYY.P
169:J,ES,1,N,0,J.N
169:JA,CE,1,P,0,JA.P
169:JAAA,CE,1,P,0,JAAA.P
169:JABS,CE,1,P,0,JABS.P
169:JACS,ES,1,N,0,JACS.N
169:JACS.U,EU,1,N,0,JACS.U.N
169:JACSr,M,1,N,0,JACS.R.N
169:JADE,CE,1,P,0,JADE.P
169:JAVA,CE,1,P,0,JAVA.P
169:JBGS,ES,1,N,0,JBGS.N
169:JBI,ES,1,N,0,JBI.N
169:JBK,EP,1,N,0,JBK.N
169:JBL,ES,1,N,0,JBL.N
169:JBND,CE,1,N,0,JBND.N
169:JBS,ES,1,N,0,JBS.N
169:JBTM,ES,1,N,0,JBTM.N
169:JCE,ES,1,N,0,JCE.N
169:JCHI,CE,1,P,0,JCHI.P
169:JCI,ES,1,N,0,JCI.N
169:JDIV,CE,1,P,0,JDIV.P
169:JDST,CE,1,P,0,JDST.P
169:JDVI,CE,1,P,0,JDVI.P
169:JDVL,CE,1,P,0,JDVL.P
169:JEDI,CE,1,P,0,JEDI.P
169:JEF,ES,1,N,0,JEF.N
169:JELD,ES,1,N,0,JELD.N
169:JEMB,CE,1,P,0,JEMB.P
169:JENA,ES,1,N,0,JENA.N
169:JENA.U,EU,1,N,0,JENA.U.N
169:JENAr,M,1,N,0,JENA.R.N
169:JEPI,CE,1,P,0,JEPI.P
169:JETD,CE,1,P,0,JETD.P
169:JETS,CE,1,P,0,JETS.P
169:JETU,CE,1,P,0,JETU.P
169:JFLI,CE,1,P,0,JFLI.P
169:JFLX,CE,1,P,0,JFLX.P
169:JFR,ES,1,N,0,JFR.N
169:JGH,ES,1,N,0,JGH.N
169:JGRO,CE,1,P,0,JGRO.P
169:JGRW,CE,1,P,0,JGRW.P
169:JHAC,CE,1,P,0,JHAC.P
169:JHCB,CE,1,P,0,JHCB.P
169:JHCP,CE,1,P,0,JHCP.P
169:JHCR,CE,1,P,0,JHCR.P
169:JHDV,CE,1,P,0,JHDV.P
169:JHEM,CE,1,P,0,JHEM.P
169:JHG,ES,1,N,0,JHG.N
169:JHHY,CE,1,P,0,JHHY.P
169:JHI,ES,1,N,0,JHI.N
169:JHID,CE,1,P,0,JHID.P
169:JHLN,CE,1,P,0,JHLN.P
169:JHMB,CE,1,P,0,JHMB.P
169:JHMD,CE,1,P,0,JHMD.P
169:JHML,CE,1,P,0,JHML.P
169:JHMM,CE,1,P,0,JHMM.P
169:JHMU,CE,1,P,0,JHMU.P
169:JHPI,CE,1,P,0,JHPI.P
169:JHS,ES,1,N,0,JHS.N
169:JHSC,CE,1,P,0,JHSC.P
169:JHX,ES,1,N,0,JHX.N
169:JIDE,CE,1,P,0,JIDE.P
169:JIG,CE,1,P,0,JIG.P
169:JIII,CE,1,P,0,JIII.P
169:JILL,ES,1,N,0,JILL.N
169:JIRE,CE,1,P,0,JIRE.P
169:JKS,ED,1,N,0,JKS.N
169:JLL,ES,1,N,0,JLL.N
169:JLQD,CE,1,P,0,JLQD.P
169:JLS,ES,1,N,0,JLS.N
169:JMBS,CE,1,P,0,JMBS.P
169:JMEE,CE,1,P,0,JMEE.P
169:JMHI,CE,1,P,0,JMHI.P
169:JMIA,ED,1,N,0,JMIA.N
169:JMM,ES,1,N,0,JMM.N
169:JMMF,CE,1,P,0,JMMF.P
169:JMOM,CE,1,P,0,JMOM.P
169:JMSI,CE,1,P,0,JMSI.P
169:JMTG,CE,1,P,0,JMTG.P
169:JNJ,ES,1,N,0,JNJ.N
169:JNK,CE,1,P,0,JNK.P
169:JNUG,CE,1,P,0,JNUG.P
169:JOBY,ES,1,N,0,JOBY.N
169:JOBY.WS,RW,1,N,0,JOBY.WS.N
169:JOE,ES,1,N,0,JOE.N
169:JOET,CE,1,P,0,JOET.P
169:JOF,ES,1,N,0,JOF.N
169:JOJO,CE,1,P,0,JOJO.P
169:JPAN,CE,1,P,0,JPAN.P
169:JPC,ES,1,N,0,JPC.N
169:JPEM,CE,1,P,0,JPEM.P
169:JPIE,CE,1,P,0,JPIE.P
169:JPIN,CE,1,P,0,JPIN.P
169:JPM,ES,1,N,0,JPM.N
169:JPMB,CE,1,P,0,JPMB.P
169:JPME,CE,1,P,0,JPME.P
169:JPMpC,ER,1,N,0,JPMPRC.N
169:JPMpD,ER,1,N,0,JPMPRD.N
169:JPMpJ,ER,1,N,0,JPMPRJ.N
169:JPMpK,ER,1,N,0,JPMPRK.N
169:JPMpL,ER,1,N,0,JPMPRL.N
169:JPMpM,ER,1,N,0,JPMPRM.N
169:JPO,CE,1,P,0,JPO.P
169:JPRE,CE,1,P,0,JPRE.P
169:JPSE,CE,1,P,0,JPSE.P
169:JPST,CE,1,P,0,JPST.P
169:JPSV,CE,1,P,0,JPSV.P
169:JPUS,CE,1,P,0,JPUS.P
169:JPXN,CE,1,P,0,JPXN.P
169:JQC,ES,1,N,0,JQC.N
169:JQUA,CE,1,P,0,JQUA.P
169:JRE,CE,1,P,0,JRE.P
169:JRI,ES,1,N,0,JRI.N
169:JRS,ES,1,N,0,JRS.N
169:JSCP,CE,1,P,0,JSCP.P
169:JSI,CE,1,P,0,JSI.P
169:JSTC,CE,1,P,0,JSTC.P
169:JUSA,CE,1,P,0,JUSA.P
169:JUST,CE,1,P,0,JUST.P
169:JVAL,CE,1,P,0,JVAL.P
169:JXI,CE,1,P,0,JXI.P
169:JXN,ES,1,N,0,JXN.N
169:JXNpA,ER,1,N,0,JXNPRA.N
169:KAI,ES,1,N,0,KAI.N
169:KARS,CE,1,P,0,KARS.P
169:KB,ED,1,N,0,KB.N
169:KBA,CE,1,P,0,KBA.P
169:KBDC,ES,1,N,0,KBDC.N
169:KBE,CE,1,P,0,KBE.P
169:KBFR,CE,1,P,0,KBFR.P
169:KBH,ES,1,N,0,KBH.N
169:KBR,ES,1,N,0,KBR.N
169:KBUF,CE,1,P,0,KBUF.P
169:KCAC.U,EU,1,N,0,KCAC.U.N
169:KCAI,CE,1,P,0,KCAI.P
169:KCCA,CE,1,P,0,KCCA.P
169:KCE,CE,1,P,0,KCE.P
169:KCSH,CE,1,P,0,KCSH.P
169:KD,ES,1,N,0,KD.N
169:KDEF,CE,1,P,0,KDEF.P
169:KDRN,CE,1,P,0,KDRN.P
169:KDVD,CE,1,P,0,KDVD.P
169:KEMQ,CE,1,P,0,KEMQ.P
169:KEMX,CE,1,P,0,KEMX.P
169:KEN,ES,1,N,0,KEN.N
169:KEP,ED,1,N,0,KEP.N
169:KEX,ES,1,N,0,KEX.N
169:KEY,ES,1,N,0,KEY.N
169:KEYS,ES,1,N,0,KEYS.N
169:KEYpI,ER,1,N,0,KEYPRI.N
169:KEYpJ,ER,1,N,0,KEYPRJ.N
169:KEYpK,ER,1,N,0,KEYPRK.N
169:KEYpL,ER,1,N,0,KEYPRL.N
169:KF,ES,1,N,0,KF.N
169:KFRC,ES,1,N,0,KFRC.N
169:KFS,ES,1,N,0,KFS.N
169:KFY,ES,1,N,0,KFY.N
169:KGC,ES,1,N,0,KGC.N
169:KGRN,CE,1,P,0,KGRN.P
169:KGS,ES,1,N,0,KGS.N
169:KHYB,CE,1,P,0,KHYB.P
169:KIE,CE,1,P,0,KIE.P
169:KIM,ES,1,N,0,KIM.N
169:KIMpL,ER,1,N,0,KIMPRL.N
169:KIMpM,ER,1,N,0,KIMPRM.N
169:KIMpN,ER,1,N,0,KIMPRN.N
169:KIO,ES,1,N,0,KIO.N
169:KKR,ES,1,N,0,KKR.N
169:KKRpD,EP,1,N,0,KKRPRD.N
169:KLAR,ES,1,N,0,KLAR.N
169:KLC,ES,1,N,0,KLC.N
169:KLIP,CE,1,P,0,KLIP.P
169:KLMN,CE,1,P,0,KLMN.P
169:KLMT,CE,1,P,0,KLMT.P
169:KMI,ES,1,N,0,KMI.N
169:KMID,CE,1,P,0,KMID.P
169:KMLM,CE,1,P,0,KMLM.P
169:KMPR,ES,1,N,0,KMPR.N
169:KMT,ES,1,N,0,KMT.N
169:KMX,ES,1,N,0,KMX.N
169:KN,ES,1,N,0,KN.N
169:KNCT,CE,1,P,0,KNCT.P
169:KNF,ES,1,N,0,KNF.N
169:KNO,CE,1,P,0,KNO.P
169:KNOP,ES,1,N,0,KNOP.N
169:KNRG,CE,1,P,0,KNRG.P
169:KNSL,ES,1,N,0,KNSL.N
169:KNTK,ES,1,N,0,KNTK.N
169:KNX,ES,1,N,0,KNX.N
169:KO,ES,1,N,0,KO.N
169:KODK,ES,1,N,0,KODK.N
169:KOF,ED,1,N,0,KOF.N
169:KOKU,CE,1,P,0,KOKU.P
169:KOLD,CE,1,P,0,KOLD.P
169:KOMP,CE,1,P,0,KOMP.P
169:KOOL,CE,1,P,0,KOOL.P
169:KOP,ES,1,N,0,KOP.N
169:KORE,ES,1,N,0,KORE.N
169:KORP,CE,1,P,0,KORP.P
169:KORU,CE,1,P,0,KORU.P
169:KOS,ES,1,N,0,KOS.N
169:KPHO,CE,1,P,0,KPHO.P
169:KPRO,CE,1,P,0,KPRO.P
169:KR,ES,1,N,0,KR.N
169:KRBN,CE,1,P,0,KRBN.P
169:KRC,ES,1,N,0,KRC.N
169:KRE,CE,1,P,0,KRE.P
169:KREF,ES,1,N,0,KREF.N
169:KREFpA,EP,1,N,0,KREFPRA.N
169:KRG,ES,1,N,0,KRG.N
169:KRMN,ES,1,N,0,KRMN.N
169:KRO,ES,1,N,0,KRO.N
169:KRP,ES,1,N,0,KRP.N
169:KRSP,ES,1,N,0,KRSP.N
169:KRSP.U,EU,1,N,0,KRSP.U.N
169:KRSP.WS,RW,1,N,0,KRSP.WS.N
169:KRYP,CE,1,P,0,KRYP.P
169:KSA,CE,1,P,0,KSA.P
169:KSPY,CE,1,P,0,KSPY.P
169:KSS,ES,1,N,0,KSS.N
169:KSTR,CE,1,P,0,KSTR.P
169:KT,ED,1,N,0,KT.N
169:KTB,ES,1,N,0,KTB.N
169:KTEC,CE,1,P,0,KTEC.P
169:KTF,ES,1,N,0,KTF.N
169:KTH,EP,1,N,0,KTH.N
169:KTN,EP,1,N,0,KTN.N
169:KURE,CE,1,P,0,KURE.P
169:KVLE,CE,1,P,0,KVLE.P
169:KVUE,ES,1,N,0,KVUE.N
169:KVYO,ES,1,N,0,KVYO.N
169:KW,ES,1,N,0,KW.N
169:KWEB,CE,1,P,0,KWEB.P
169:KWIN,CE,1,P,0,KWIN.P
169:KWR,ES,1,N,0,KWR.N
169:KXI,CE,1,P,0,KXI.P
169:KYN,ES,1,N,0,KYN.N
169:L,ES,1,N,0,L.N
169:LABD,CE,1,P,0,LABD.P
169:LABU,CE,1,P,0,LABU.P
169:LAC,ES,1,N,0,LAC.N
169:LAD,ES,1,N,0,LAD.N
169:LADR,ES,1,N,0,LADR.N
169:LALT,CE,1,P,0,LALT.P
169:LANV,ES,1,N,0,LANV.N
169:LANV.WS,RW,1,N,0,LANV.WS.N
169:LAR,ES,1,N,0,LAR.N
169:LAW,ES,1,N,0,LAW.N
169:LAZ,ES,1,N,0,LAZ.N
169:LB,ES,1,N,0,LB.N
169:LBAY,CE,1,P,0,LBAY.P
169:LBRT,ES,1,N,0,LBRT.N
169:LC,ES,1,N,0,LC.N
169:LCII,ES,1,N,0,LCII.N
169:LCLG,CE,1,P,0,LCLG.P
169:LCO,CE,1,P,0,LCO.P
169:LCR,CE,1,P,0,LCR.P
169:LCTD,CE,1,P,0,LCTD.P
169:LCTU,CE,1,P,0,LCTU.P
169:LDI,ES,1,N,0,LDI.N
169:LDOS,ES,1,N,0,LDOS.N
169:LDP,ES,1,N,0,LDP.N
169:LDRC,CE,1,P,0,LDRC.P
169:LDRH,CE,1,P,0,LDRH.P
169:LDRI,CE,1,P,0,LDRI.P
169:LDRT,CE,1,P,0,LDRT.P
169:LDUR,CE,1,P,0,LDUR.P
169:LEA,ES,1,N,0,LEA.N
169:LEG,ES,1,N,0,LEG.N
169:LEMB,CE,1,P,0,LEMB.P
169:LEN,ES,1,N,0,LEN.N
169:LEN.B,ES,1,N,0,LEN.B.N
169:LEO,ES,1,N,0,LEO.N
169:LEU,ES,1,N,0,LEU.N
169:LEVI,ES,1,N,0,LEVI.N
169:LFEQ,CE,1,P,0,LFEQ.P
169:LFGY,CE,1,P,0,LFGY.P
169:LFT,ES,1,N,0,LFT.N
169:LFTpA,EP,1,N,0,LFTPRA.N
169:LGDX,CE,1,P,0,LGDX.P
169:LGH,CE,1,P,0,LGH.P
169:LGHT,CE,1,P,0,LGHT.P
169:LGI,ES,1,N,0,LGI.N
169:LGLV,CE,1,P,0,LGLV.P
169:LGOV,CE,1,P,0,LGOV.P
169:LH,ES,1,N,0,LH.N
169:LHX,ES,1,N,0,LHX.N
169:LII,ES,1,N,0,LII.N
169:LION,ES,1,N,0,LION.N
169:LIT,CE,1,P,0,LIT.P
169:LITB,ED,1,N,0,LITB.N
169:LITL,CE,1,P,0,LITL.P
169:LLDR,CE,1,P,0,LLDR.P
169:LLY,ES,1,N,0,LLY.N
169:LLYX,CE,1,P,0,LLYX.P
169:LMBO,CE,1,P,0,LMBO.P
169:LMND,ES,1,N,0,LMND.N
169:LMT,ES,1,N,0,LMT.N
169:LMUB,CE,1,P,0,LMUB.P
169:LNC,ES,1,N,0,LNC.N
169:LNCpD,ER,1,N,0,LNCPRD.N
169:LND,ED,1,N,0,LND.N
169:LNG,ES,1,N,0,LNG.N
169:LNGX,CE,1,P,0,LNGX.P
169:LNN,ES,1,N,0,LNN.N
169:LOAR,ES,1,N,0,LOAR.N
169:LOB,ES,1,N,0,LOB.N
169:LOBpA,ER,1,N,0,LOBPRA.N
169:LOCL,ES,1,N,0,LOCL.N
169:LODI,CE,1,P,0,LODI.P
169:LOMA,ED,1,N,0,LOMA.N
169:LONZ,CE,1,P,0,LONZ.P
169:LOPP,CE,1,P,0,LOPP.P
169:LOUP,CE,1,P,0,LOUP.P
169:LOW,ES,1,N,0,LOW.N
169:LOWV,CE,1,P,0,LOWV.P
169:LPG,ES,1,N,0,LPG.N
169:LPL,ED,1,N,0,LPL.N
169:LPRE,CE,1,P,0,LPRE.P
169:LPX,ES,1,N,0,LPX.N
169:LQAI,CE,1,P,0,LQAI.P
169:LQD,CE,1,P,0,LQD.P
169:LQDB,CE,1,P,0,LQDB.P
169:LQDH,CE,1,P,0,LQDH.P
169:LQIG,CE,1,P,0,LQIG.P
169:LQPE,CE,1,P,0,LQPE.P
169:LQTI,CE,1,P,0,LQTI.P
169:LRGC,CE,1,P,0,LRGC.P
169:LRGF,CE,1,P,0,LRGF.P
169:LRGG,CE,1,P,0,LRGG.P
169:LRN,ES,1,N,0,LRN.N
169:LRNZ,CE,1,P,0,LRNZ.P
169:LSAF,CE,1,P,0,LSAF.P
169:LSAT,CE,1,P,0,LSAT.P
169:LSEQ,CE,1,P,0,LSEQ.P
169:LSGR,CE,1,P,0,LSGR.P
169:LSPD,ES,1,N,0,LSPD.N
169:LST,CE,1,P,0,LST.P
169:LSVD,CE,1,P,0,LSVD.P
169:LTAX,CE,1,P,0,LTAX.P
169:LTC,ES,1,N,0,LTC.N
169:LTH,ES,1,N,0,LTH.N
169:LTL,CE,1,P,0,LTL.P
169:LTM,ED,1,N,0,LTM.N
169:LTPZ,CE,1,P,0,LTPZ.P
169:LTTI,CE,1,P,0,LTTI.P
169:LU,ED,1,N,0,LU.N
169:LUCK,ES,1,N,0,LUCK.N
169:LUMN,ES,1,N,0,LUMN.N
169:LUV,ES,1,N,0,LUV.N
169:LUXE,ED,1,N,0,LUXE.N
169:LVLN,CE,1,P,0,LVLN.P
169:LVS,ES,1,N,0,LVS.N
169:LVWR,ES,1,N,0,LVWR.N
169:LVWR.WS,RW,1,N,0,LVWR.WS.N
169:LW,ES,1,N,0,LW.N
169:LXFR,ES,1,N,0,LXFR.N
169:LXP,ES,1,N,0,LXP.N
169:LXPpC,EP,1,N,0,LXPPRC.N
169:LXU,ES,1,N,0,LXU.N
169:LYB,ES,1,N,0,LYB.N
169:LYG,ED,1,N,0,LYG.N
169:LYV,ES,1,N,0,LYV.N
169:LZB,ES,1,N,0,LZB.N
169:LZM,ES,1,N,0,LZM.N
169:LZM.WS,RW,1,N,0,LZM.WS.N
169:M,ES,1,N,0,M.N
169:MA,ES,1,N,0,MA.N
169:MAA,ES,1,N,0,MAA.N
169:MAApI,EP,1,N,0,MAAPRI.N
169:MAC,ES,1,N,0,MAC.N
169:MADE,CE,1,P,0,MADE.P
169:MAGG,CE,1,P,0,MAGG.P
169:MAGN,ES,1,N,0,MAGN.N
169:MAIN,ES,1,N,0,MAIN.N
169:MAKX,CE,1,P,0,MAKX.P
169:MAN,ES,1,N,0,MAN.N
169:MANE,ES,1,N,0,MANE.N
169:MANI,CE,1,P,0,MANI.P
169:MANU,ES,1,N,0,MANU.N
169:MAPP,CE,1,P,0,MAPP.P
169:MARB,CE,1,P,0,MARB.P
169:MARO,CE,1,P,0,MARO.P
169:MAS,ES,1,N,0,MAS.N
169:MATV,ES,1,N,0,MATV.N
169:MATX,ES,1,N,0,MATX.N
169:MAVF,CE,1,P,0,MAVF.P
169:MAX,ES,1,N,0,MAX.N
169:MBC,ES,1,N,0,MBC.N
169:MBI,ES,1,N,0,MBI.N
169:MBOX,CE,1,P,0,MBOX.P
169:MBSD,CE,1,P,0,MBSD.P
169:MBSF,CE,1,P,0,MBSF.P
169:MBSX,CE,1,P,0,MBSX.P
169:MC,ES,1,N,0,MC.N
169:MCB,ES,1,N,0,MCB.N
169:MCD,ES,1,N,0,MCD.N
169:MCH,CE,1,P,0,MCH.P
169:MCI,ES,1,N,0,MCI.N
169:MCK,ES,1,N,0,MCK.N
169:MCN,ES,1,N,0,MCN.N
169:MCO,ES,1,N,0,MCO.N
169:MCR,ES,1,N,0,MCR.N
169:MCS,ES,1,N,0,MCS.N
169:MCY,ES,1,N,0,MCY.N
169:MD,ES,1,N,0,MD.N
169:MDA,ES,1,N,0,MDA.N
169:MDAA,CE,1,P,0,MDAA.P
169:MDST,CE,1,N,0,MDST.N
169:MDT,ES,1,N,0,MDT.N
169:MDU,ES,1,N,0,MDU.N
169:MDV,ES,1,N,0,MDV.N
169:MDVpA,EP,1,N,0,MDVPRA.N
169:MDY,CE,1,P,0,MDY.P
169:MDYG,CE,1,P,0,MDYG.P
169:MDYV,CE,1,P,0,MDYV.P
169:MEC,ES,1,N,0,MEC.N
169:MED,ES,1,N,0,MED.N
169:MEDI,CE,1,P,0,MEDI.P
169:MEG,ES,1,N,0,MEG.N
169:MEGI,ES,1,N,0,MEGI.N
169:MEI,ES,1,N,0,MEI.N
169:MEM,CE,1,P,0,MEM.P
169:MEME,CE,1,P,0,MEME.P
169:MEMX,CE,1,P,0,MEMX.P
169:MET,ES,1,N,0,MET.N
169:METV,CE,1,P,0,METV.P
169:METpA,EP,1,N,0,METPRA.N
169:METpE,ER,1,N,0,METPRE.N
169:METpF,ER,1,N,0,METPRF.N
169:MEXX,CE,1,P,0,MEXX.P
169:MFA,ES,1,N,0,MFA.N
169:MFApB,EP,1,N,0,MFAPRB.N
169:MFApC,EP,1,N,0,MFAPRC.N
169:MFC,ES,1,N,0,MFC.N
169:MFDX,CE,1,P,0,MFDX.P
169:MFEM,CE,1,P,0,MFEM.P
169:MFG,ED,1,N,0,MFG.N
169:MFM,ES,1,N,0,MFM.N
169:MFSB,CE,1,N,0,MFSB.N
169:MFSG,CE,1,N,0,MFSG.N
169:MFSI,CE,1,N,0,MFSI.N
169:MFSM,CE,1,N,0,MFSM.N
169:MFSV,CE,1,N,0,MFSV.N
169:MFUS,CE,1,P,0,MFUS.P
169:MG,ES,1,N,0,MG.N
169:MGA,ES,1,N,0,MGA.N
169:MGC,CE,1,P,0,MGC.P
169:MGF,ES,1,N,0,MGF.N
169:MGK,CE,1,P,0,MGK.P
169:MGM,ES,1,N,0,MGM.N
169:MGMT,CE,1,P,0,MGMT.P
169:MGNR,CE,1,P,0,MGNR.P
169:MGOV,CE,1,P,0,MGOV.P
169:MGV,CE,1,P,0,MGV.P
169:MGY,ES,1,N,0,MGY.N
169:MH,ES,1,N,0,MH.N
169:MHD,ES,1,N,0,MHD.N
169:MHF,ES,1,N,0,MHF.N
169:MHK,ES,1,N,0,MHK.N
169:MHO,ES,1,N,0,MHO.N
169:MHY,CE,1,P,0,MHY.P
169:MIAX,ES,1,N,0,MIAX.N
169:MICC,ES,1,N,0,MICC.N
169:MID,CE,1,P,0,MID.P
169:MIDE,CE,1,P,0,MIDE.P
169:MIDU,CE,1,P,0,MIDU.P
169:MIGO,CE,1,P,0,MIGO.P
169:MIN,ES,1,N,0,MIN.N
169:MINO,CE,1,P,0,MINO.P
169:MINT,CE,1,P,0,MINT.P
169:MINV,CE,1,P,0,MINV.P
169:MINY,CE,1,P,0,MINY.P
169:MIR,ES,1,N,0,MIR.N
169:MISL,CE,1,P,0,MISL.P
169:MITT,ES,1,N,0,MITT.N
169:MITTpA,EP,1,N,0,MITTPRA.N
169:MITTpB,EP,1,N,0,MITTPRB.N
169:MITTpC,EP,1,N,0,MITTPRC.N
169:MIY,ES,1,N,0,MIY.N
169:MJ,CE,1,P,0,MJ.P
169:MJSC,CE,1,P,0,MJSC.P
169:MKC,ES,1,N,0,MKC.N
169:MKC.V,ES,1,N,0,MKC.V.N
169:MKL,ES,1,N,0,MKL.N
169:MKOR,CE,1,P,0,MKOR.P
169:MKTN,CE,1,P,0,MKTN.P
169:MLDR,CE,1,P,0,MLDR.P
169:MLI,ES,1,N,0,MLI.N
169:MLM,ES,1,N,0,MLM.N
169:MLP,ES,1,N,0,MLP.N
169:MLPA,CE,1,P,0,MLPA.P
169:MLPB,CE,1,P,0,MLPB.P
169:MLPD,CE,1,P,0,MLPD.P
169:MLPR,CE,1,P,0,MLPR.P
169:MLPX,CE,1,P,0,MLPX.P
169:MLR,ES,1,N,0,MLR.N
169:MMCA,CE,1,P,0,MMCA.P
169:MMD,ES,1,N,0,MMD.N
169:MMI,ES,1,N,0,MMI.N
169:MMID,CE,1,N,0,MMID.N
169:MMIN,CE,1,P,0,MMIN.P
169:MMIT,CE,1,P,0,MMIT.P
169:MMK,CE,1,N,0,MMK.N
169:MMKT,CE,1,N,0,MMKT.N
169:MMLG,CE,1,P,0,MMLG.P
169:MMM,ES,1,N,0,MMM.N
169:MMMA,CE,1,P,0,MMMA.P
169:MMS,ES,1,N,0,MMS.N
169:MMSC,CE,1,P,0,MMSC.P
169:MMSD,CE,1,P,0,MMSD.P
169:MMT,ES,1,N,0,MMT.N
169:MMTM,CE,1,P,0,MMTM.P
169:MMU,ES,1,N,0,MMU.N
169:MNA,CE,1,P,0,MNA.P
169:MNBD,CE,1,P,0,MNBD.P
169:MNR,ES,1,N,0,MNR.N
169:MNRS,CE,1,P,0,MNRS.P
169:MNSO,ED,1,N,0,MNSO.N
169:MNTN,ES,1,N,0,MNTN.N
169:MO,ES,1,N,0,MO.N
169:MOD,ES,1,N,0,MOD.N
169:MOG.A,ES,1,N,0,MOG.A.N
169:MOG.B,ES,1,N,0,MOG.B.N
169:MOGU,ED,1,N,0,MOGU.N
169:MOH,ES,1,N,0,MOH.N
169:MOO,CE,1,P,0,MOO.P
169:MORT,CE,1,P,0,MORT.P
169:MOS,ES,1,N,0,MOS.N
169:MOTO,CE,1,P,0,MOTO.P
169:MOV,ES,1,N,0,MOV.N
169:MP,ES,1,N,0,MP.N
169:MPA,ES,1,N,0,MPA.N
169:MPC,ES,1,N,0,MPC.N
169:MPL,CE,1,P,0,MPL.P
169:MPLX,ES,1,N,0,MPLX.N
169:MPT,ES,1,N,0,MPT.N
169:MPV,ES,1,N,0,MPV.N
169:MPX,ES,1,N,0,MPX.N
169:MQY,ES,1,N,0,MQY.N
169:MRK,ES,1,N,0,MRK.N
169:MRNX,CE,1,P,0,MRNX.P
169:MRNY,CE,1,P,0,MRNY.P
169:MRP,ES,1,N,0,MRP.N
169:MRSH,ES,1,N,0,MRSH.N
169:MRSK,CE,1,P,0,MRSK.P
169:MS,ES,1,N,0,MS.N
169:MSA,ES,1,N,0,MSA.N
169:MSB,ES,1,N,0,MSB.N
169:MSC,ED,1,N,0,MSC.N
169:MSCI,ES,1,N,0,MSCI.N
169:MSD,ES,1,N,0,MSD.N
169:MSDL,ES,1,N,0,MSDL.N
169:MSFO,CE,1,P,0,MSFO.P
169:MSGE,ES,1,N,0,MSGE.N
169:MSGS,ES,1,N,0,MSGS.N
169:MSI,ES,1,N,0,MSI.N
169:MSIF,ES,1,N,0,MSIF.N
169:MSLC,CE,1,P,0,MSLC.P
169:MSM,ES,1,N,0,MSM.N
169:MSOS,CE,1,P,0,MSOS.P
169:MSOX,CE,1,P,0,MSOX.P
169:MSSM,CE,1,P,0,MSSM.P
169:MSTI,CE,1,P,0,MSTI.P
169:MSTY,CE,1,P,0,MSTY.P
169:MSpA,ER,1,N,0,MSPRA.N
169:MSpE,ER,1,N,0,MSPRE.N
169:MSpF,ER,1,N,0,MSPRF.N
169:MSpI,ER,1,N,0,MSPRI.N
169:MSpK,ER,1,N,0,MSPRK.N
169:MSpL,ER,1,N,0,MSPRL.N
169:MSpO,ER,1,N,0,MSPRO.N
169:MSpP,ER,1,N,0,MSPRP.N
169:MSpQ,ER,1,N,0,MSPRQ.N
169:MT,ES,1,N,0,MT.N
169:MTAL.U,EU,1,N,0,MTAL.U.N
169:MTB,ES,1,N,0,MTB.N
169:MTBA,CE,1,P,0,MTBA.P
169:MTBpH,EP,1,N,0,MTBPRH.N
169:MTBpJ,ER,1,N,0,MTBPRJ.N
169:MTBpK,ER,1,N,0,MTBPRK.N
169:MTD,ES,1,N,0,MTD.N
169:MTDR,ES,1,N,0,MTDR.N
169:MTG,ES,1,N,0,MTG.N
169:MTGP,CE,1,P,0,MTGP.P
169:MTH,ES,1,N,0,MTH.N
169:MTN,ES,1,N,0,MTN.N
169:MTR,ES,1,N,0,MTR.N
169:MTRN,ES,1,N,0,MTRN.N
169:MTUL,CE,1,P,0,MTUL.P
169:MTUS,ES,1,N,0,MTUS.N
169:MTW,ES,1,N,0,MTW.N
169:MTX,ES,1,N,0,MTX.N
169:MTZ,ES,1,N,0,MTZ.N
169:MUA,ES,1,N,0,MUA.N
169:MUB,CE,1,P,0,MUB.P
169:MUC,ES,1,N,0,MUC.N
169:MUFG,ED,1,N,0,MUFG.N
169:MUJ,ES,1,N,0,MUJ.N
169:MUNA,CE,1,P,0,MUNA.P
169:MUNB,CE,1,P,0,MUNB.P
169:MUNC,CE,1,P,0,MUNC.P
169:MUND,CE,1,P,0,MUND.P
169:MUNI,CE,1,P,0,MUNI.P
169:MUNX,CE,1,P,0,MUNX.P
169:MUR,ES,1,N,0,MUR.N
169:MUSA,ES,1,N,0,MUSA.N
169:MUSE,CE,1,N,0,MUSE.N
169:MUSI,CE,1,P,0,MUSI.P
169:MUSQ,CE,1,P,0,MUSQ.P
169:MUST,CE,1,P,0,MUST.P
169:MUX,ES,1,N,0,MUX.N
169:MVO,ES,1,N,0,MVO.N
169:MVPA,CE,1,P,0,MVPA.P
169:MVPL,CE,1,P,0,MVPL.P
169:MVRL,CE,1,P,0,MVRL.P
169:MVV,CE,1,P,0,MVV.P
169:MWA,ES,1,N,0,MWA.N
169:MX,ES,1,N,0,MX.N
169:MXE,ES,1,N,0,MXE.N
169:MXF,ES,1,N,0,MXF.N
169:MXI,CE,1,P,0,MXI.P
169:MYE,ES,1,N,0,MYE.N
169:MYI,ES,1,N,0,MYI.N
169:MYN,ES,1,N,0,MYN.N
169:MYY,CE,1,P,0,MYY.P
169:MZYX.U,EU,1,N,0,MZYX.U.N
169:MZZ,CE,1,P,0,MZZ.P
169:NABL,ES,1,N,0,NABL.N
169:NAC,ES,1,N,0,NAC.N
169:NACP,CE,1,P,0,NACP.P
169:NAD,ES,1,N,0,NAD.N
169:NAIL,CE,1,P,0,NAIL.P
169:NAN,ES,1,N,0,NAN.N
169:NANR,CE,1,P,0,NANR.P
169:NAT,ES,1,N,0,NAT.N
169:NATL,ES,1,N,0,NATL.N
169:NAZ,ES,1,N,0,NAZ.N
169:NBB,ES,1,N,0,NBB.N
169:NBCE,CE,1,P,0,NBCE.P
169:NBCM,CE,1,P,0,NBCM.P
169:NBCR,CE,1,P,0,NBCR.P
169:NBDS,CE,1,P,0,NBDS.P
169:NBET,CE,1,P,0,NBET.P
169:NBFC,CE,1,P,0,NBFC.P
169:NBFR,CE,1,P,0,NBFR.P
169:NBGX,CE,1,P,0,NBGX.P
169:NBHC,ES,1,N,0,NBHC.N
169:NBIE,CE,1,P,0,NBIE.P
169:NBJP,CE,1,P,0,NBJP.P
169:NBOS,CE,1,P,0,NBOS.P
169:NBR,ES,1,N,0,NBR.N
169:NBSD,CE,1,P,0,NBSD.P
169:NBSM,CE,1,P,0,NBSM.P
169:NBTR,CE,1,P,0,NBTR.P
169:NBXG,ES,1,N,0,NBXG.N
169:NC,ES,1,N,0,NC.N
169:NCA,ES,1,N,0,NCA.N
169:NCDL,ES,1,N,0,NCDL.N
169:NCLH,ES,1,N,0,NCLH.N
169:NCLO,CE,1,P,0,NCLO.P
169:NCV,ES,1,N,0,NCV.N
169:NCVpA,EP,1,N,0,NCVPRA.N
169:NCZ,ES,1,N,0,NCZ.N
169:NCZpA,EP,1,N,0,NCZPRA.N
169:NDIA,CE,1,P,0,NDIA.P
169:NDIV,CE,1,P,0,NDIV.P
169:NDMO,ES,1,N,0,NDMO.N
169:NDVG,CE,1,P,0,NDVG.P
169:NE,ES,1,N,0,NE.N
169:NE.WS,RW,1,N,0,NE.WS.N
169:NE.WS.A,RW,1,N,0,NE.WS.A.N
169:NEA,ES,1,N,0,NEA.N
169:NEE,ES,1,N,0,NEE.N
169:NEEpS,EU,1,N,0,NEEPRS.N
169:NEEpT,EU,1,N,0,NEEPRT.N
169:NEEpV,EU,1,N,0,NEEPRV.N
169:NEM,ES,1,N,0,NEM.N
169:NEMD,CE,1,P,0,NEMD.P
169:NET,ES,1,N,0,NET.N
169:NETL,CE,1,P,0,NETL.P
169:NEU,ES,1,N,0,NEU.N
169:NEXA,ES,1,N,0,NEXA.N
169:NFG,ES,1,N,0,NFG.N
169:NFJ,ES,1,N,0,NFJ.N
169:NFLT,CE,1,P,0,NFLT.P
169:NFLY,CE,1,P,0,NFLY.P
169:NFRA,CE,1,P,0,NFRA.P
169:NGG,ED,1,N,0,NGG.N
169:NGL,ES,1,N,0,NGL.N
169:NGLpB,EP,1,N,0,NGLPRB.N
169:NGLpC,EP,1,N,0,NGLPRC.N
169:NGS,ES,1,N,0,NGS.N
169:NGVC,ES,1,N,0,NGVC.N
169:NGVT,ES,1,N,0,NGVT.N
169:NHI,ES,1,N,0,NHI.N
169:NHYB,CE,1,P,0,NHYB.P
169:NHYM,CE,1,P,0,NHYM.P
169:NI,ES,1,N,0,NI.N
169:NIC,ES,1,N,0,NIC.N
169:NIE,ES,1,N,0,NIE.N
169:NIM,ES,1,N,0,NIM.N
169:NIO,ED,1,N,0,NIO.N
169:NIQ,ES,1,N,0,NIQ.N
169:NITE,CE,1,P,0,NITE.P
169:NJNK,CE,1,P,0,NJNK.P
169:NJR,ES,1,N,0,NJR.N
169:NKE,ES,1,N,0,NKE.N
169:NKX,ES,1,N,0,NKX.N
169:NL,ES,1,N,0,NL.N
169:NLOP,ES,1,N,0,NLOP.N
169:NLR,CE,1,P,0,NLR.P
169:NLY,ES,1,N,0,NLY.N
169:NLYpF,EP,1,N,0,NLYPRF.N
169:NLYpG,EP,1,N,0,NLYPRG.N
169:NLYpI,EP,1,N,0,NLYPRI.N
169:NLYpJ,EP,1,N,0,NLYPRJ.N
169:NMAI,ES,1,N,0,NMAI.N
169:NMAX,ES,1,N,0,NMAX.N
169:NMB,CE,1,P,0,NMB.P
169:NMBL,CE,1,P,0,NMBL.P
169:NMCO,ES,1,N,0,NMCO.N
169:NMG,ES,1,N,0,NMG.N
169:NMI,ES,1,N,0,NMI.N
169:NMM,ES,1,N,0,NMM.N
169:NMR,ED,1,N,0,NMR.N
169:NMS,ES,1,N,0,NMS.N
169:NMT,ES,1,N,0,NMT.N
169:NMZ,ES,1,N,0,NMZ.N
169:NNI,ES,1,N,0,NNI.N
169:NNN,ES,1,N,0,NNN.N
169:NNY,ES,1,N,0,NNY.N
169:NOA,ES,1,N,0,NOA.N
169:NOAH,ED,1,N,0,NOAH.N
169:NOC,ES,1,N,0,NOC.N
169:NOG,ES,1,N,0,NOG.N
169:NOK,ED,1,N,0,NOK.N
169:NOM,ES,1,N,0,NOM.N
169:NOMD,ES,1,N,0,NOMD.N
169:NORW,CE,1,P,0,NORW.P
169:NOTE,ES,1,N,0,NOTE.N
169:NOTE.WS,RW,1,N,0,NOTE.WS.N
169:NOV,ES,1,N,0,NOV.N
169:NOW,ES,1,N,0,NOW.N
169:NP,ES,1,N,0,NP.N
169:NPB,ES,1,N,0,NPB.N
169:NPCT,ES,1,N,0,NPCT.N
169:NPFD,ES,1,N,0,NPFD.N
169:NPK,ES,1,N,0,NPK.N
169:NPKI,ES,1,N,0,NPKI.N
169:NPO,ES,1,N,0,NPO.N
169:NPV,ES,1,N,0,NPV.N
169:NPWR,ES,1,N,0,NPWR.N
169:NPWR.WS,RW,1,N,0,NPWR.WS.N
169:NQP,ES,1,N,0,NQP.N
169:NRDY,ES,1,N,0,NRDY.N
169:NREF,ES,1,N,0,NREF.N
169:NREFpA,EP,1,N,0,NREFPRA.N
169:NRG,ES,1,N,0,NRG.N
169:NRGD,CE,1,P,0,NRGD.P
169:NRGU,CE,1,P,0,NRGU.P
169:NRGV,ES,1,N,0,NRGV.N
169:NRK,ES,1,N,0,NRK.N
169:NRP,ES,1,N,0,NRP.N
169:NRSH,CE,1,P,0,NRSH.P
169:NRT,ES,1,N,0,NRT.N
169:NSA,ES,1,N,0,NSA.N
169:NSApA,EP,1,N,0,NSAPRA.N
169:NSApB,EP,1,N,0,NSAPRB.N
169:NSC,ES,1,N,0,NSC.N
169:NSCI,CE,1,P,0,NSCI.P
169:NSP,ES,1,N,0,NSP.N
169:NTB,ES,1,N,0,NTB.N
169:NTR,ES,1,N,0,NTR.N
169:NTSE,CE,1,P,0,NTSE.P
169:NTSI,CE,1,P,0,NTSI.P
169:NTST,ES,1,N,0,NTST.N
169:NTSX,CE,1,P,0,NTSX.P
169:NTZ,ED,1,N,0,NTZ.N
169:NU,ES,1,N,0,NU.N
169:NUAG,CE,1,P,0,NUAG.P
169:NUBD,CE,1,P,0,NUBD.P
169:NUE,ES,1,N,0,NUE.N
169:NUGO,CE,1,P,0,NUGO.P
169:NUGT,CE,1,P,0,NUGT.P
169:NUHY,CE,1,P,0,NUHY.P
169:NUKX,CE,1,P,0,NUKX.P
169:NUKZ,CE,1,P,0,NUKZ.P
169:NUMI,CE,1,P,0,NUMI.P
169:NUS,ES,1,N,0,NUS.N
169:NUSA,CE,1,P,0,NUSA.P
169:NUV,ES,1,N,0,NUV.N
169:NUVB,ES,1,N,0,NUVB.N
169:NUW,ES,1,N,0,NUW.N
169:NVDB,CE,1,P,0,NVDB.P
169:NVDY,CE,1,P,0,NVDY.P
169:NVG,ES,1,N,0,NVG.N
169:NVGS,ES,1,N,0,NVGS.N
169:NVIR,CE,1,P,0,NVIR.P
169:NVO,ED,1,N,0,NVO.N
169:NVOH,CE,1,P,0,NVOH.P
169:NVOX,CE,1,P,0,NVOX.P
169:NVR,ES,1,N,0,NVR.N
169:NVRI,ES,1,N,0,NVRI.N
169:NVS,ED,1,N,0,NVS.N
169:NVST,ES,1,N,0,NVST.N
169:NVT,ES,1,N,0,NVT.N
169:NWAX,ES,1,N,0,NWAX.N
169:NWAX.U,EU,1,N,0,NWAX.U.N
169:NWAX.WS,RW,1,N,0,NWAX.WS.N
169:NWG,ED,1,N,0,NWG.N
169:NWLG,CE,1,P,0,NWLG.P
169:NWN,ES,1,N,0,NWN.N
169:NX,ES,1,N,0,NX.N
169:NXDR,ES,1,N,0,NXDR.N
169:NXDT,ES,1,N,0,NXDT.N
169:NXDTpA,EP,1,N,0,NXDTPRA.N
169:NXE,ES,1,N,0,NXE.N
169:NXG,ES,1,N,0,NXG.N
169:NXJ,ES,1,N,0,NXJ.N
169:NXP,ES,1,N,0,NXP.N
169:NXRT,ES,1,N,0,NXRT.N
169:NXTE,CE,1,P,0,NXTE.P
169:NXUS,CE,1,P,0,NXUS.P
169:NYC,ES,1,N,0,NYC.N
169:NYF,CE,1,P,0,NYF.P
169:NYM,CE,1,P,0,NYM.P
169:NYT,ES,1,N,0,NYT.N
169:NZF,ES,1,N,0,NZF.N
169:O,ES,1,N,0,O.N
169:OACP,CE,1,P,0,OACP.P
169:OAEM,CE,1,P,0,OAEM.P
169:OAIM,CE,1,P,0,OAIM.P
169:OAKG,CE,1,P,0,OAKG.P
169:OAKI,CE,1,P,0,OAKI.P
169:OAKM,CE,1,P,0,OAKM.P
169:OAKpA,EP,1,N,0,OAKPRA.N
169:OAKpB,EP,1,N,0,OAKPRB.N
169:OALC,CE,1,P,0,OALC.P
169:OARK,CE,1,P,0,OARK.P
169:OASC,CE,1,P,0,OASC.P
169:OBDC,ES,1,N,0,OBDC.N
169:OBK,ES,1,N,0,OBK.N
169:OBOR,CE,1,P,0,OBOR.P
169:OC,ES,1,N,0,OC.N
169:OCIO,CE,1,P,0,OCIO.P
169:ODC,ES,1,N,0,ODC.N
169:ODHY,CE,1,P,0,ODHY.P
169:ODV,ES,1,N,0,ODV.N
169:OEC,ES,1,N,0,OEC.N
169:OEF,CE,1,P,0,OEF.P
169:OEFA,CE,1,P,0,OEFA.P
169:OEI,CE,1,P,0,OEI.P
169:OFG,ES,1,N,0,OFG.N
169:OFRM,ES,1,N,0,OFRM.N
169:OGCP,EU,1,P,0,OGCP.P
169:OGE,ES,1,N,0,OGE.N
169:OGIG,CE,1,P,0,OGIG.P
169:OGN,ES,1,N,0,OGN.N
169:OGS,ES,1,N,0,OGS.N
169:OGSP,CE,1,P,0,OGSP.P
169:OHI,ES,1,N,0,OHI.N
169:OI,ES,1,N,0,OI.N
169:OIA,ES,1,N,0,OIA.N
169:OIH,CE,1,P,0,OIH.P
169:OII,ES,1,N,0,OII.N
169:OILD,CE,1,P,0,OILD.P
169:OILT,CE,1,P,0,OILT.P
169:OILU,CE,1,P,0,OILU.P
169:OIS,ES,1,N,0,OIS.N
169:OKE,ES,1,N,0,OKE.N
169:OKLO,ES,1,N,0,OKLO.N
169:OKLS,CE,1,P,0,OKLS.P
169:OLN,ES,1,N,0,OLN.N
169:OLP,ES,1,N,0,OLP.N
169:OMAH,CE,1,P,0,OMAH.P
169:OMC,ES,1,N,0,OMC.N
169:OMF,ES,1,N,0,OMF.N
169:OND,CE,1,P,0,OND.P
169:ONEO,CE,1,P,0,ONEO.P
169:ONEV,CE,1,P,0,ONEV.P
169:ONEY,CE,1,P,0,ONEY.P
169:ONIT,ES,1,N,0,ONIT.N
169:ONL,ES,1,N,0,ONL.N
169:ONLN,CE,1,P,0,ONLN.P
169:ONOF,CE,1,P,0,ONOF.P
169:ONON,ES,1,N,0,ONON.N
169:ONTF,ES,1,N,0,ONTF.N
169:ONTO,ES,1,N,0,ONTO.N
169:OOMA,ES,1,N,0,OOMA.N
169:OOSP,CE,1,P,0,OOSP.P
169:OPAD,ES,1,N,0,OPAD.N
169:OPER,CE,1,P,0,OPER.P
169:OPFI,ES,1,N,0,OPFI.N
169:OPFI.WS,RW,1,N,0,OPFI.WS.N
169:OPLN,ES,1,N,0,OPLN.N
169:OPP,ES,1,N,0,OPP.N
169:OPPE,CE,1,P,0,OPPE.P
169:OPPpA,EP,1,N,0,OPPPRA.N
169:OPPpB,EP,1,N,0,OPPPRB.N
169:OPTU,ES,1,N,0,OPTU.N
169:OPY,ES,1,N,0,OPY.N
169:OR,ES,1,N,0,OR.N
169:ORA,ES,1,N,0,ORA.N
169:ORC,ES,1,N,0,ORC.N
169:ORCL,ES,1,N,1,ORCL.N
169:ORCLpD,ER,1,N,0,ORCLPRD.N
169:ORI,ES,1,N,0,ORI.N
169:ORN,ES,1,N,0,ORN.N
169:OSCR,ES,1,N,0,OSCR.N
169:OSEA,CE,1,P,0,OSEA.P
169:OSG,ES,1,N,0,OSG.N
169:OSK,ES,1,N,0,OSK.N
169:OTF,ES,1,N,0,OTF.N
169:OTIS,ES,1,N,0,OTIS.N
169:OUNZ,CE,1,P,0,OUNZ.P
169:OUSA,CE,1,P,0,OUSA.P
169:OUSM,CE,1,P,0,OUSM.P
169:OUT,ES,1,N,0,OUT.N
169:OVV,ES,1,N,0,OVV.N
169:OWL,ES,1,N,0,OWL.N
169:OWLT,ES,1,N,0,OWLT.N
169:OWNB,CE,1,P,0,OWNB.P
169:OWNS,CE,1,P,0,OWNS.P
169:OXM,ES,1,N,0,OXM.N
169:OXY,ES,1,N,0,OXY.N
169:OXY.WS,RW,1,N,0,OXY.WS.N
169:PAAA,CE,1,P,0,PAAA.P
169:PAAS,ES,1,N,0,PAAS.N
169:PAB,CE,1,P,0,PAB.P
169:PAC,ED,1,N,0,PAC.N
169:PACK,ES,1,N,0,PACK.N
169:PACS,ES,1,N,0,PACS.N
169:PAG,ES,1,N,0,PAG.N
169:PAGS,ES,1,N,0,PAGS.N
169:PAI,ES,1,N,0,PAI.N
169:PAII,ES,1,N,0,PAII.N
169:PAII.U,EU,1,N,0,PAII.U.N
169:PALC,CE,1,P,0,PALC.P
169:PALL,CE,1,P,0,PALL.P
169:PAM,ED,1,N,0,PAM.N
169:PAMC,CE,1,P,0,PAMC.P
169:PAPI,CE,1,P,0,PAPI.P
169:PAR,ES,1,N,0,PAR.N
169:PARR,ES,1,N,0,PARR.N
169:PATH,ES,1,N,0,PATH.N
169:PAXS,ES,1,N,0,PAXS.N
169:PAY,ES,1,N,0,PAY.N
169:PAYC,ES,1,N,0,PAYC.N
169:PB,ES,1,N,0,PB.N
169:PBA,ES,1,N,0,PBA.N
169:PBD,CE,1,P,0,PBD.P
169:PBDC,CE,1,P,0,PBDC.P
169:PBE,CE,1,P,0,PBE.P
169:PBF,ES,1,N,0,PBF.N
169:PBH,ES,1,N,0,PBH.N
169:PBI,ES,1,N,0,PBI.N
169:PBJ,CE,1,P,0,PBJ.P
169:PBOT,CE,1,P,0,PBOT.P
169:PBR,ED,1,N,0,PBR.N
169:PBR.A,ER,1,N,0,PBR.A.N
169:PBT,ES,1,N,0,PBT.N
169:PBW,CE,1,P,0,PBW.P
169:PCCE,CE,1,P,0,PCCE.P
169:PCEF,CE,1,P,0,PCEF.P
169:PCF,ES,1,N,0,PCF.N
169:PCFI,CE,1,P,0,PCFI.P
169:PCG,ES,1,N,0,PCG.N
169:PCGG,CE,1,P,0,PCGG.P
169:PCGpX,EP,1,N,0,PCGPRX.N
169:PCHI,CE,1,P,0,PCHI.P
169:PCIG,CE,1,P,0,PCIG.P
169:PCLG,CE,1,P,0,PCLG.P
169:PCLN,CE,1,P,0,PCLN.P
169:PCLO,CE,1,P,0,PCLO.P
169:PCM,ES,1,N,0,PCM.N
169:PCN,ES,1,N,0,PCN.N
169:PCOR,ES,1,N,0,PCOR.N
169:PCQ,ES,1,N,0,PCQ.N
169:PCR,CE,1,P,0,PCR.P
169:PCRB,CE,1,P,0,PCRB.P
169:PCY,CE,1,P,0,PCY.P
169:PD,ES,1,N,0,PD.N
169:PDCC,ES,1,N,0,PDCC.N
169:PDI,ES,1,N,0,PDI.N
169:PDM,ES,1,N,0,PDM.N
169:PDN,CE,1,P,0,PDN.P
169:PDO,ES,1,N,0,PDO.N
169:PDPA,EP,1,N,0,PDPA.N
169:PDS,ES,1,N,0,PDS.N
169:PDT,ES,1,N,0,PDT.N
169:PDX,ES,1,N,0,PDX.N
169:PEB,ES,1,N,0,PEB.N
169:PEBpE,EP,1,N,0,PEBPRE.N
169:PEBpF,EP,1,N,0,PEBPRF.N
169:PEBpG,EP,1,N,0,PEBPRG.N
169:PEBpH,EP,1,N,0,PEBPRH.N
169:PEG,ES,1,N,0,PEG.N
169:PEJ,CE,1,P,0,PEJ.P
169:PEMX,CE,1,P,0,PEMX.P
169:PEN,ES,1,N,0,PEN.N
169:PEO,ES,1,N,0,PEO.N
169:PERF,ES,1,N,0,PERF.N
169:PERF.WS,RW,1,N,0,PERF.WS.N
169:PEVC,CE,1,P,0,PEVC.P
169:PEW,ES,1,N,0,PEW.N
169:PEW.WS,RW,1,N,0,PEW.WS.N
169:PEXL,CE,1,P,0,PEXL.P
169:PFD,ES,1,N,0,PFD.N
169:PFE,ES,1,N,0,PFE.N
169:PFFA,CE,1,P,0,PFFA.P
169:PFFD,CE,1,P,0,PFFD.P
169:PFFL,CE,1,P,0,PFFL.P
169:PFFR,CE,1,P,0,PFFR.P
169:PFFV,CE,1,P,0,PFFV.P
169:PFGC,ES,1,N,0,PFGC.N
169:PFIG,CE,1,P,0,PFIG.P
169:PFIX,CE,1,P,0,PFIX.P
169:PFL,ES,1,N,0,PFL.N
169:PFLD,CE,1,P,0,PFLD.P
169:PFLT,ES,1,N,0,PFLT.N
169:PFN,ES,1,N,0,PFN.N
169:PFO,ES,1,N,0,PFO.N
169:PFRL,CE,1,P,0,PFRL.P
169:PFS,ES,1,N,0,PFS.N
169:PFSI,ES,1,N,0,PFSI.N
169:PFUT,CE,1,P,0,PFUT.P
169:PFXF,CE,1,P,0,PFXF.P
169:PG,ES,1,N,0,PG.N
169:PGF,CE,1,P,0,PGF.P
169:PGHY,CE,1,P,0,PGHY.P
169:PGP,ES,1,N,0,PGP.N
169:PGR,ES,1,N,0,PGR.N
169:PGRI,CE,1,P,0,PGRI.P
169:PGRO,CE,1,P,0,PGRO.P
169:PGX,CE,1,P,0,PGX.P
169:PGZ,ES,1,N,0,PGZ.N
169:PH,ES,1,N,0,PH.N
169:PHDG,CE,1,P,0,PHDG.P
169:PHEQ,CE,1,P,0,PHEQ.P
169:PHG,ES,1,N,0,PHG.N
169:PHI,ED,1,N,0,PHI.N
169:PHIN,ES,1,N,0,PHIN.N
169:PHK,ES,1,N,0,PHK.N
169:PHM,ES,1,N,0,PHM.N
169:PHR,ES,1,N,0,PHR.N
169:PHYD,CE,1,P,0,PHYD.P
169:PHYL,CE,1,P,0,PHYL.P
169:PHYS,EU,1,P,0,PHYS.P
169:PICB,CE,1,P,0,PICB.P
169:PIFI,CE,1,P,0,PIFI.P
169:PII,ES,1,N,0,PII.N
169:PILL,CE,1,P,0,PILL.P
169:PIM,ES,1,N,0,PIM.N
169:PINE,ES,1,N,0,PINE.N
169:PINEpA,EP,1,N,0,PINEPRA.N
169:PINK,CE,1,P,0,PINK.P
169:PINS,ES,1,N,0,PINS.N
169:PIPR,ES,1,N,0,PIPR.N
169:PJFG,CE,1,P,0,PJFG.P
169:PJFV,CE,1,P,0,PJFV.P
169:PJIO,CE,1,P,0,PJIO.P
169:PJP,CE,1,P,0,PJP.P
169:PJT,ES,1,N,0,PJT.N
169:PK,ES,1,N,0,PK.N
169:PKB,CE,1,P,0,PKB.P
169:PKE,ES,1,N,0,PKE.N
169:PKG,ES,1,N,0,PKG.N
169:PKST,ES,1,N,0,PKST.N
169:PKX,ED,1,N,0,PKX.N
169:PL,ES,1,N,0,PL.N
169:PL.WS,RW,1,N,0,PL.WS.N
169:PLD,ES,1,N,0,PLD.N
169:PLDR,CE,1,P,0,PLDR.P
169:PLNT,ES,1,N,0,PLNT.N
169:PLOW,ES,1,N,0,PLOW.N
169:PLTA,CE,1,P,0,PLTA.P
169:PLTM,CE,1,P,0,PLTM.P
169:PLTY,CE,1,P,0,PLTY.P
169:PM,ES,1,N,0,PM.N
169:PMIO,CE,1,P,0,PMIO.P
169:PML,ES,1,N,0,PML.N
169:PMM,ES,1,N,0,PMM.N
169:PMMF,CE,1,N,0,PMMF.N
169:PMO,ES,1,N,0,PMO.N
169:PMT,ES,1,N,0,PMT.N
169:PMTpA,EP,1,N,0,PMTPRA.N
169:PMTpB,EP,1,N,0,PMTPRB.N
169:PMTpC,EP,1,N,0,PMTPRC.N
169:PNC,ES,1,N,0,PNC.N
169:PNFP,ES,1,N,0,PNFP.N
169:PNFPpA,EP,1,N,0,PNFPPRA.N
169:PNFPpB,EP,1,N,0,PNFPPRB.N
169:PNFPpC,ER,1,N,0,PNFPPRC.N
169:PNI,ES,1,N,0,PNI.N
169:PNNT,ES,1,N,0,PNNT.N
169:PNR,ES,1,N,0,PNR.N
169:PNW,ES,1,N,0,PNW.N
169:POR,ES,1,N,0,POR.N
169:POST,ES,1,N,0,POST.N
169:POW,CE,1,P,0,POW.P
169:POWA,CE,1,P,0,POWA.P
169:POWR,CE,1,P,0,POWR.P
169:PPA,CE,1,P,0,PPA.P
169:PPEM,CE,1,P,0,PPEM.P
169:PPG,ES,1,N,0,PPG.N
169:PPIE,CE,1,P,0,PPIE.P
169:PPL,ES,1,N,0,PPL.N
169:PPLC,EU,1,N,0,PPLC.N
169:PPLT,CE,1,P,0,PPLT.P
169:PPT,ES,1,N,0,PPT.N
169:PPTY,CE,1,P,0,PPTY.P
169:PQDI,CE,1,P,0,PQDI.P
169:PQNT,CE,1,P,0,PQNT.P
169:PQUS,CE,1,P,0,PQUS.P
169:PR,ES,1,N,0,PR.N
169:PRA,ES,1,N,0,PRA.N
169:PRAB,CE,1,P,0,PRAB.P
169:PRAE,CE,1,P,0,PRAE.P
169:PRAY,CE,1,P,0,PRAY.P
169:PRCS,CE,1,N,0,PRCS.N
169:PREF,CE,1,P,0,PREF.P
169:PRF,CE,1,P,0,PRF.P
169:PRFD,CE,1,P,0,PRFD.P
169:PRG,ES,1,N,0,PRG.N
169:PRGO,ES,1,N,0,PRGO.N
169:PRI,ES,1,N,0,PRI.N
169:PRIFpD,EP,1,N,0,PRIFPRD.N
169:PRIFpJ,EP,1,N,0,PRIFPRJ.N
169:PRIFpK,EP,1,N,0,PRIFPRK.N
169:PRIFpL,EP,1,N,0,PRIFPRL.N
169:PRIM,ES,1,N,0,PRIM.N
169:PRIV,CE,1,P,0,PRIV.P
169:PRKS,ES,1,N,0,PRKS.N
169:PRLB,ES,1,N,0,PRLB.N
169:PRM,ES,1,N,0,PRM.N
169:PRMB,ES,1,N,0,PRMB.N
169:PRSD,CE,1,P,0,PRSD.P
169:PRSU,ES,1,N,0,PRSU.N
169:PRT,ES,1,N,0,PRT.N
169:PRU,ES,1,N,0,PRU.N
169:PRVS,CE,1,N,0,PRVS.N
169:PRXG,CE,1,P,0,PRXG.P
169:PRXV,CE,1,P,0,PRXV.P
169:PSA,ES,1,N,0,PSA.N
169:PSApF,ER,1,N,0,PSAPRF.N
169:PSApG,ER,1,N,0,PSAPRG.N
169:PSApH,ER,1,N,0,PSAPRH.N
169:PSApI,ER,1,N,0,PSAPRI.N
169:PSApJ,ER,1,N,0,PSAPRJ.N
169:PSApK,ER,1,N,0,PSAPRK.N
169:PSApL,ER,1,N,0,PSAPRL.N
169:PSApM,ER,1,N,0,PSAPRM.N
169:PSApN,ER,1,N,0,PSAPRN.N
169:PSApO,ER,1,N,0,PSAPRO.N
169:PSApP,ER,1,N,0,PSAPRP.N
169:PSApQ,ER,1,N,0,PSAPRQ.N
169:PSApR,ER,1,N,0,PSAPRR.N
169:PSApS,ER,1,N,0,PSAPRS.N
169:PSBD,ES,1,N,0,PSBD.N
169:PSECpA,EP,1,N,0,PSECPRA.N
169:PSF,ES,1,N,0,PSF.N
169:PSFE,ES,1,N,0,PSFE.N
169:PSI,CE,1,P,0,PSI.P
169:PSIL,CE,1,P,0,PSIL.P
169:PSK,CE,1,P,0,PSK.P
169:PSLV,EU,1,P,0,PSLV.P
169:PSN,ES,1,N,0,PSN.N
169:PSO,ED,1,N,0,PSO.N
169:PSP,CE,1,P,0,PSP.P
169:PSQ,CE,1,P,0,PSQ.P
169:PSQA,CE,1,P,0,PSQA.P
169:PSQH,ES,1,N,0,PSQH.N
169:PSQH.WS,RW,1,N,0,PSQH.WS.N
169:PSQO,CE,1,P,0,PSQO.P
169:PSR,CE,1,P,0,PSR.P
169:PST,CE,1,P,0,PST.P
169:PSTG,ES,1,N,0,PSTG.N
169:PSTL,ES,1,N,0,PSTL.N
169:PSTP,CE,1,P,0,PSTP.P
169:PSX,ES,1,N,0,PSX.N
169:PTA,ES,1,N,0,PTA.N
169:PTBD,CE,1,P,0,PTBD.P
169:PTIN,CE,1,P,0,PTIN.P
169:PTL,CE,1,P,0,PTL.P
169:PTRB,CE,1,P,0,PTRB.P
169:PTY,ES,1,N,0,PTY.N
169:PUK,ED,1,N,0,PUK.N
169:PULS,CE,1,P,0,PULS.P
169:PULT,CE,1,P,0,PULT.P
169:PUMP,ES,1,N,0,PUMP.N
169:PUSH,CE,1,P,0,PUSH.P
169:PVAL,CE,1,P,0,PVAL.P
169:PVH,ES,1,N,0,PVH.N
169:PVI,CE,1,P,0,PVI.P
169:PVL,ES,1,N,0,PVL.N
169:PWB,CE,1,P,0,PWB.P
169:PWER,CE,1,P,0,PWER.P
169:PWR,ES,1,N,0,PWR.N
169:PWV,CE,1,P,0,PWV.P
169:PWZ,CE,1,P,0,PWZ.P
169:PXE,CE,1,P,0,PXE.P
169:PXED,ES,1,N,0,PXED.N
169:PXF,CE,1,P,0,PXF.P
169:PXH,CE,1,P,0,PXH.P
169:PXJ,CE,1,P,0,PXJ.P
169:PYLD,CE,1,P,0,PYLD.P
169:PYPY,CE,1,P,0,PYPY.P
169:PYT,EP,1,N,0,PYT.N
169:PZA,CE,1,P,0,PZA.P
169:PZT,CE,1,P,0,PZT.P
169:Q,ES,1,N,0,Q.N
169:QAI,CE,1,P,0,QAI.P
169:QARP,CE,1,P,0,QARP.P
169:QBTS,ES,1,N,0,QBTS.N
169:QDEF,CE,1,P,0,QDEF.P
169:QDF,CE,1,P,0,QDF.P
169:QDIV,CE,1,P,0,QDIV.P
169:QDPL,CE,1,P,0,QDPL.P
169:QDVO,CE,1,P,0,QDVO.P
169:QEFA,CE,1,P,0,QEFA.P
169:QEMM,CE,1,P,0,QEMM.P
169:QFLR,CE,1,P,0,QFLR.P
169:QGEN,ES,1,N,0,QGEN.N
169:QGRO,CE,1,P,0,QGRO.P
169:QGRW,CE,1,P,0,QGRW.P
169:QID,CE,1,P,0,QID.P
169:QIDX,CE,1,P,0,QIDX.P
169:QINT,CE,1,P,0,QINT.P
169:QIS,CE,1,P,0,QIS.P
169:QLD,CE,1,P,0,QLD.P
169:QLTA,CE,1,P,0,QLTA.P
169:QLTI,CE,1,P,0,QLTI.P
169:QLTY,CE,1,P,0,QLTY.P
169:QLV,CE,1,P,0,QLV.P
169:QLVD,CE,1,P,0,QLVD.P
169:QLVE,CE,1,P,0,QLVE.P
169:QPX,CE,1,P,0,QPX.P
169:QQH,CE,1,P,0,QQH.P
169:QQQD,CE,1,P,0,QQQD.P
169:QQQU,CE,1,P,0,QQQU.P
169:QRFT,CE,1,P,0,QRFT.P
169:QSR,ES,1,N,0,QSR.N
169:QSU,CE,1,P,0,QSU.P
169:QTPI,CE,1,P,0,QTPI.P
169:QTWO,ES,1,N,0,QTWO.N
169:QUAD,ES,1,N,0,QUAD.N
169:QUIZ,CE,1,P,0,QUIZ.P
169:QULL,CE,1,P,0,QULL.P
169:QUS,CE,1,P,0,QUS.P
169:QUSA,CE,1,P,0,QUSA.P
169:QVML,CE,1,P,0,QVML.P
169:QVMM,CE,1,P,0,QVMM.P
169:QVMS,CE,1,P,0,QVMS.P
169:QVMT,CE,1,P,0,QVMT.P
169:QWLD,CE,1,P,0,QWLD.P
169:QXAS,CE,1,P,0,QXAS.P
169:QXO,ES,1,N,0,QXO.N
169:QXOpB,ER,1,N,0,QXOPRB.N
169:R,ES,1,N,0,R.N
169:RA,ES,1,N,0,RA.N
169:RAAA,CE,1,P,0,RAAA.P
169:RAAR,CE,1,P,0,RAAR.P
169:RAAX,CE,1,P,0,RAAX.P
169:RAAY,CE,1,P,0,RAAY.P
169:RAC,ES,1,N,0,RAC.N
169:RAC.U,EU,1,N,0,RAC.U.N
169:RAC.WS,RW,1,N,0,RAC.WS.N
169:RACE,ES,1,N,0,RACE.N
169:RAFE,CE,1,P,0,RAFE.P
169:RAL,ES,1,N,0,RAL.N
169:RAMP,ES,1,N,0,RAMP.N
169:RAVI,CE,1,P,0,RAVI.P
169:RAYJ,CE,1,P,0,RAYJ.P
169:RBA,ES,1,N,0,RBA.N
169:RBC,ES,1,N,0,RBC.N
169:RBLD,CE,1,P,0,RBLD.P
169:RBLX,ES,1,N,0,RBLX.N
169:RBLY,CE,1,P,0,RBLY.P
169:RBRK,ES,1,N,0,RBRK.N
169:RC,ES,1,N,0,RC.N
169:RCI,ES,1,N,0,RCI.N
169:RCL,ES,1,N,0,RCL.N
169:RCLO,CE,1,P,0,RCLO.P
169:RCLR,CE,1,P,0,RCLR.P
169:RCLY,CE,1,P,0,RCLY.P
169:RCS,ES,1,N,0,RCS.N
169:RCTR,CE,1,P,0,RCTR.P
169:RCUS,ES,1,N,0,RCUS.N
169:RCpC,EP,1,N,0,RCPRC.N
169:RCpE,EP,1,N,0,RCPRE.N
169:RDDT,ES,1,N,0,RDDT.N
169:RDIV,CE,1,P,0,RDIV.P
169:RDN,ES,1,N,0,RDN.N
169:RDOG,CE,1,P,0,RDOG.P
169:RDW,ES,1,N,0,RDW.N
169:RDY,ED,1,N,0,RDY.N
169:RDYY,CE,1,P,0,RDYY.P
169:RECS,CE,1,P,0,RECS.P
169:REET,CE,1,P,0,REET.P
169:REFA,CE,1,P,0,REFA.P
169:REGS,CE,1,P,0,REGS.P
169:REK,CE,1,P,0,REK.P
169:REKT,CE,1,P,0,REKT.P
169:RELX,ED,1,N,0,RELX.N
169:REMC,CE,1,P,0,REMC.P
169:REMX,CE,1,P,0,REMX.P
169:RERE,ED,1,N,0,RERE.N
169:RES,ES,1,N,0,RES.N
169:RESM,CE,1,P,0,RESM.P
169:RETL,CE,1,P,0,RETL.P
169:REVS,CE,1,P,0,REVS.P
169:REW,CE,1,P,0,REW.P
169:REX,ES,1,N,0,REX.N
169:REXR,ES,1,N,0,REXR.N
169:REXRpB,EP,1,N,0,REXRPRB.N
169:REXRpC,EP,1,N,0,REXRPRC.N
169:REZ,CE,1,P,0,REZ.P
169:REZI,ES,1,N,0,REZI.N
169:RF,ES,1,N,0,RF.N
169:RFCI,CE,1,P,0,RFCI.P
169:RFDA,CE,1,P,0,RFDA.P
169:RFFC,CE,1,P,0,RFFC.P
169:RFG,CE,1,P,0,RFG.P
169:RFI,ES,1,N,0,RFI.N
169:RFIX,CE,1,P,0,RFIX.P
169:RFL,ES,1,N,0,RFL.N
169:RFLR,CE,1,P,0,RFLR.P
169:RFM,ES,1,N,0,RFM.N
169:RFMZ,ES,1,N,0,RFMZ.N
169:RFV,CE,1,P,0,RFV.P
169:RFpC,ER,1,N,0,RFPRC.N
169:RFpE,ER,1,N,0,RFPRE.N
169:RFpF,ER,1,N,0,RFPRF.N
169:RGA,ES,1,N,0,RGA.N
169:RGEF,CE,1,P,0,RGEF.P
169:RGR,ES,1,N,0,RGR.N
169:RGT,ES,1,N,0,RGT.N
169:RH,ES,1,N,0,RH.N
169:RHI,ES,1,N,0,RHI.N
169:RHLD,ES,1,N,0,RHLD.N
169:RHP,ES,1,N,0,RHP.N
169:RHRX,CE,1,P,0,RHRX.P
169:RHTX,CE,1,P,0,RHTX.P
169:RIET,CE,1,P,0,RIET.P
169:RIG,ES,1,N,0,RIG.N
169:RIGS,CE,1,P,0,RIGS.P
169:RILA,CE,1,P,0,RILA.P
169:RINF,CE,1,P,0,RINF.P
169:RIO,ED,1,N,0,RIO.N
169:RIOX,CE,1,P,0,RIOX.P
169:RISN,CE,1,P,0,RISN.P
169:RISR,CE,1,P,0,RISR.P
169:RITA,CE,1,P,0,RITA.P
169:RITM,ES,1,N,0,RITM.N
169:RITMpA,EP,1,N,0,RITMPRA.N
169:RITMpB,EP,1,N,0,RITMPRB.N
169:RITMpC,EP,1,N,0,RITMPRC.N
169:RITMpD,EP,1,N,0,RITMPRD.N
169:RITMpE,EP,1,N,0,RITMPRE.N
169:RITMpF,EP,1,N,0,RITMPRF.N
169:RIV,ES,1,N,0,RIV.N
169:RIVpA,EP,1,N,0,RIVPRA.N
169:RJDI,CE,1,P,0,RJDI.P
169:RJF,ES,1,N,0,RJF.N
169:RJMI,CE,1,P,0,RJMI.P
169:RJVI,CE,1,P,0,RJVI.P
169:RKT,ES,1,N,0,RKT.N
169:RL,ES,1,N,0,RL.N
169:RLI,ES,1,N,0,RLI.N
169:RLJ,ES,1,N,0,RLJ.N
169:RLJpA,EP,1,N,0,RLJPRA.N
169:RLTY,ES,1,N,0,RLTY.N
169:RLX,ED,1,N,0,RLX.N
169:RLY,CE,1,P,0,RLY.P
169:RM,ES,1,N,0,RM.N
169:RMAX,ES,1,N,0,RMAX.N
169:RMCA,CE,1,P,0,RMCA.P
169:RMD,ES,1,N,0,RMD.N
169:RMI,ES,1,N,0,RMI.N
169:RMM,ES,1,N,0,RMM.N
169:RMMZ,ES,1,N,0,RMMZ.N
169:RMNY,CE,1,P,0,RMNY.P
169:RMOP,CE,1,P,0,RMOP.P
169:RMRC,CE,1,P,0,RMRC.P
169:RMT,ES,1,N,0,RMT.N
169:RND,CE,1,P,0,RND.P
169:RNG,ES,1,N,0,RNG.N
169:RNGR,ES,1,N,0,RNGR.N
169:RNP,ES,1,N,0,RNP.N
169:RNR,ES,1,N,0,RNR.N
169:RNRpF,ER,1,N,0,RNRPRF.N
169:RNRpG,ER,1,N,0,RNRPRG.N
169:RNST,ES,1,N,0,RNST.N
169:RNTY,CE,1,P,0,RNTY.P
169:RNWZ,CE,1,P,0,RNWZ.P
169:ROAM,CE,1,P,0,ROAM.P
169:ROBO,CE,1,P,0,ROBO.P
169:RODM,CE,1,P,0,RODM.P
169:ROG,ES,1,N,0,ROG.N
169:ROK,ES,1,N,0,ROK.N
169:ROKT,CE,1,P,0,ROKT.P
169:ROL,ES,1,N,0,ROL.N
169:ROM,CE,1,P,0,ROM.P
169:RONB,CE,1,N,0,RONB.N
169:ROPE,CE,1,P,0,ROPE.P
169:ROSC,CE,1,P,0,ROSC.P
169:ROUS,CE,1,P,0,ROUS.P
169:RPAR,CE,1,P,0,RPAR.P
169:RPC,ES,1,N,0,RPC.N
169:RPG,CE,1,P,0,RPG.P
169:RPM,ES,1,N,0,RPM.N
169:RPT,ES,1,N,0,RPT.N
169:RPTpC,EP,1,N,0,RPTPRC.N
169:RPV,CE,1,P,0,RPV.P
169:RQI,ES,1,N,0,RQI.N
169:RRC,ES,1,N,0,RRC.N
169:RRX,ES,1,N,0,RRX.N
169:RS,ES,1,N,0,RS.N
169:RSDE,CE,1,P,0,RSDE.P
169:RSF,ES,1,N,0,RSF.N
169:RSG,ES,1,N,0,RSG.N
169:RSHO,CE,1,P,0,RSHO.P
169:RSI,ES,1,N,0,RSI.N
169:RSJN,CE,1,P,0,RSJN.P
169:RSKD,ES,1,N,0,RSKD.N
169:RSMC,CE,1,P,0,RSMC.P
169:RSMR,CE,1,P,0,RSMR.P
169:RSMV,CE,1,P,0,RSMV.P
169:RSP,CE,1,P,0,RSP.P
169:RSPA,CE,1,P,0,RSPA.P
169:RSPC,CE,1,P,0,RSPC.P
169:RSPD,CE,1,P,0,RSPD.P
169:RSPE,CE,1,P,0,RSPE.P
169:RSPF,CE,1,P,0,RSPF.P
169:RSPG,CE,1,P,0,RSPG.P
169:RSPH,CE,1,P,0,RSPH.P
169:RSPM,CE,1,P,0,RSPM.P
169:RSPN,CE,1,P,0,RSPN.P
169:RSPR,CE,1,P,0,RSPR.P
169:RSPS,CE,1,P,0,RSPS.P
169:RSPT,CE,1,P,0,RSPT.P
169:RSPU,CE,1,P,0,RSPU.P
169:RSSE,CE,1,P,0,RSSE.P
169:RSSL,CE,1,P,0,RSSL.P
169:RTO,ED,1,N,0,RTO.N
169:RTX,ES,1,N,0,RTX.N
169:RVER,CE,1,P,0,RVER.P
169:RVI,ES,1,N,0,RVI.N
169:RVLV,ES,1,N,0,RVLV.N
169:RVNU,CE,1,P,0,RVNU.P
169:RVT,ES,1,N,0,RVT.N
169:RVTY,ES,1,N,0,RVTY.N
169:RW,CE,1,P,0,RW.P
169:RWEM,CE,1,P,0,RWEM.P
169:RWJ,CE,1,P,0,RWJ.P
169:RWK,CE,1,P,0,RWK.P
169:RWL,CE,1,P,0,RWL.P
169:RWLC,CE,1,P,0,RWLC.P
169:RWM,CE,1,P,0,RWM.P
169:RWO,CE,1,P,0,RWO.P
169:RWR,CE,1,P,0,RWR.P
169:RWT,ES,1,N,0,RWT.N
169:RWTpA,EP,1,N,0,RWTPRA.N
169:RWX,CE,1,P,0,RWX.P
169:RXD,CE,1,P,0,RXD.P
169:RXI,CE,1,P,0,RXI.P
169:RXL,CE,1,P,0,RXL.P
169:RXO,ES,1,N,0,RXO.N
169:RY,ES,1,N,0,RY.N
169:RYAM,ES,1,N,0,RYAM.N
169:RYAN,ES,1,N,0,RYAN.N
169:RYLD,CE,1,P,0,RYLD.P
169:RYLG,CE,1,P,0,RYLG.P
169:RYN,ES,1,N,0,RYN.N
169:RYZ,ES,1,N,0,RYZ.N
169:RZG,CE,1,P,0,RZG.P
169:RZV,CE,1,P,0,RZV.P
169:S,ES,1,N,0,S.N
169:SA,ES,1,N,0,SA.N
169:SAA,CE,1,P,0,SAA.P
169:SABA,ES,1,N,0,SABA.N
169:SAC,ES,1,N,0,SAC.N
169:SAC.U,EU,1,N,0,SAC.U.N
169:SAC.WS,RW,1,N,0,SAC.WS.N
169:SAEF,CE,1,P,0,SAEF.P
169:SAFE,ES,1,N,0,SAFE.N
169:SAGP,CE,1,P,0,SAGP.P
169:SAH,ES,1,N,0,SAH.N
169:SAM,ES,1,N,0,SAM.N
169:SAMM,CE,1,P,0,SAMM.P
169:SAMT,CE,1,P,0,SAMT.P
169:SAN,ED,1,N,0,SAN.N
169:SAP,ED,1,N,0,SAP.N
169:SAPH,CE,1,P,0,SAPH.P
169:SAR,ES,1,N,0,SAR.N
169:SARO,ES,1,N,0,SARO.N
169:SASS,CE,1,P,0,SASS.P
169:SAWG,CE,1,P,0,SAWG.P
169:SAWS,CE,1,P,0,SAWS.P
169:SB,ES,1,N,0,SB.N
169:SBAR,CE,1,P,0,SBAR.P
169:SBB,CE,1,P,0,SBB.P
169:SBDS,ES,1,N,0,SBDS.N
169:SBH,ES,1,N,0,SBH.N
169:SBI,ES,1,N,0,SBI.N
169:SBIL,CE,1,P,0,SBIL.P
169:SBIO,CE,1,P,0,SBIO.P
169:SBIT,CE,1,P,0,SBIT.P
169:SBND,CE,1,P,0,SBND.P
169:SBR,ES,1,N,0,SBR.N
169:SBS,ED,1,N,0,SBS.N
169:SBSI,ES,1,N,0,SBSI.N
169:SBSW,ED,1,N,0,SBSW.N
169:SBXD,ES,1,N,0,SBXD.N
169:SBXD.U,EU,1,N,0,SBXD.U.N
169:SBXD.WS,RW,1,N,0,SBXD.WS.N
169:SBXE,ES,1,N,0,SBXE.N
169:SBXE.U,EU,1,N,0,SBXE.U.N
169:SBXE.WS,RW,1,N,0,SBXE.WS.N
169:SBpC,EP,1,N,0,SBPRC.N
169:SBpD,EP,1,N,0,SBPRD.N
169:SCAP,CE,1,P,0,SCAP.P
169:SCC,CE,1,P,0,SCC.P
169:SCCO,ES,1,N,0,SCCO.N
169:SCCR,CE,1,P,0,SCCR.P
169:SCD,ES,1,N,0,SCD.N
169:SCDL,CE,1,P,0,SCDL.P
169:SCDV,CE,1,P,0,SCDV.P
169:SCEpG,EP,1,N,0,SCEPRG.N
169:SCEpL,EP,1,N,0,SCEPRL.N
169:SCEpM,EP,1,N,0,SCEPRM.N
169:SCEpN,EP,1,N,0,SCEPRN.N
169:SCHA,CE,1,P,0,SCHA.P
169:SCHB,CE,1,P,0,SCHB.P
169:SCHC,CE,1,P,0,SCHC.P
169:SCHD,CE,1,P,0,SCHD.P
169:SCHE,CE,1,P,0,SCHE.P
169:SCHF,CE,1,P,0,SCHF.P
169:SCHG,CE,1,P,0,SCHG.P
169:SCHH,CE,1,P,0,SCHH.P
169:SCHI,CE,1,P,0,SCHI.P
169:SCHJ,CE,1,P,0,SCHJ.P
169:SCHK,CE,1,P,0,SCHK.P
169:SCHM,CE,1,P,0,SCHM.P
169:SCHO,CE,1,P,0,SCHO.P
169:SCHP,CE,1,P,0,SCHP.P
169:SCHQ,CE,1,P,0,SCHQ.P
169:SCHR,CE,1,P,0,SCHR.P
169:SCHV,CE,1,P,0,SCHV.P
169:SCHW,ES,1,N,0,SCHW.N
169:SCHWpD,ER,1,N,0,SCHWPRD.N
169:SCHWpJ,ER,1,N,0,SCHWPRJ.N
169:SCHX,CE,1,P,0,SCHX.P
169:SCHY,CE,1,P,0,SCHY.P
169:SCHZ,CE,1,P,0,SCHZ.P
169:SCI,ES,1,N,0,SCI.N
169:SCIO,CE,1,P,0,SCIO.P
169:SCJ,CE,1,P,0,SCJ.P
169:SCL,ES,1,N,0,SCL.N
169:SCM,ES,1,N,0,SCM.N
169:SCMB,CE,1,P,0,SCMB.P
169:SCO,CE,1,P,0,SCO.P
169:SCUS,CE,1,P,0,SCUS.P
169:SCYB,CE,1,P,0,SCYB.P
169:SD,ES,1,N,0,SD.N
169:SDCI,CE,1,P,0,SDCI.P
169:SDCP,CE,1,P,0,SDCP.P
169:SDD,CE,1,P,0,SDD.P
169:SDEM,CE,1,P,0,SDEM.P
169:SDFI,CE,1,P,0,SDFI.P
169:SDHC,ES,1,N,0,SDHC.N
169:SDHY,ES,1,N,0,SDHY.N
169:SDIV,CE,1,P,0,SDIV.P
169:SDMF,CE,1,P,0,SDMF.P
169:SDOG,CE,1,P,0,SDOG.P
169:SDOW,CE,1,P,0,SDOW.P
169:SDP,CE,1,P,0,SDP.P
169:SDRL,ES,1,N,0,SDRL.N
169:SDS,CE,1,P,0,SDS.P
169:SDY,CE,1,P,0,SDY.P
169:SE,ED,1,N,0,SE.N
169:SEA,CE,1,P,0,SEA.P
169:SEALpA,EP,1,N,0,SEALPRA.N
169:SEALpB,EP,1,N,0,SEALPRB.N
169:SECR,CE,1,P,0,SECR.P
169:SEE,ES,1,N,0,SEE.N
169:SEF,CE,1,P,0,SEF.P
169:SEG,ES,1,N,0,SEG.N
169:SEI,ES,1,N,0,SEI.N
169:SEIX,CE,1,P,0,SEIX.P
169:SEM,ES,1,N,0,SEM.N
169:SEMG,CE,1,P,0,SEMG.P
169:SEMI,CE,1,P,0,SEMI.P
169:SEMR,ES,1,N,0,SEMR.N
169:SEPI,CE,1,P,0,SEPI.P
169:SES,ES,1,N,0,SES.N
169:SES.WS,RW,1,N,0,SES.WS.N
169:SETH,CE,1,P,0,SETH.P
169:SF,ES,1,N,0,SF.N
169:SFBS,ES,1,N,0,SFBS.N
169:SFGV,CE,1,P,0,SFGV.P
169:SFL,ES,1,N,0,SFL.N
169:SFLR,CE,1,P,0,SFLR.P
169:SFTX,CE,1,P,0,SFTX.P
169:SFY,CE,1,P,0,SFY.P
169:SFYF,CE,1,P,0,SFYF.P
169:SFpB,ER,1,N,0,SFPRB.N
169:SFpC,ER,1,N,0,SFPRC.N
169:SFpD,ER,1,N,0,SFPRD.N
169:SG,ES,1,N,0,SG.N
169:SGDJ,CE,1,P,0,SGDJ.P
169:SGDM,CE,1,P,0,SGDM.P
169:SGHC,ES,1,N,0,SGHC.N
169:SGI,ES,1,N,0,SGI.N
169:SGLC,CE,1,P,0,SGLC.P
169:SGOL,CE,1,P,0,SGOL.P
169:SGOV,CE,1,N,0,SGOV.N
169:SGRT,CE,1,P,0,SGRT.P
169:SGRW,CE,1,P,0,SGRW.P
169:SGU,ES,1,N,0,SGU.N
169:SGVT,CE,1,P,0,SGVT.P
169:SH,CE,1,P,0,SH.P
169:SHAK,ES,1,N,0,SHAK.N
169:SHE,CE,1,P,0,SHE.P
169:SHEH,CE,1,P,0,SHEH.P
169:SHEL,ED,1,N,0,SHEL.N
169:SHG,ED,1,N,0,SHG.N
169:SHLD,CE,1,P,0,SHLD.P
169:SHM,CE,1,P,0,SHM.P
169:SHNY,CE,1,P,0,SHNY.P
169:SHO,ES,1,N,0,SHO.N
169:SHOC,CE,1,N,0,SHOC.N
169:SHOpH,EP,1,N,0,SHOPRH.N
169:SHOpI,EP,1,N,0,SHOPRI.N
169:SHPP,CE,1,P,0,SHPP.P
169:SHRT,CE,1,P,0,SHRT.P
169:SHUS,CE,1,P,0,SHUS.P
169:SHV,CE,1,N,0,SHV.N
169:SHW,ES,1,N,0,SHW.N
169:SHYG,CE,1,P,0,SHYG.P
169:SHYL,CE,1,P,0,SHYL.P
169:SI,ES,1,N,0,SI.N
169:SID,ED,1,N,0,SID.N
169:SIFI,CE,1,P,0,SIFI.P
169:SIG,ES,1,N,0,SIG.N
169:SIHY,CE,1,P,0,SIHY.P
169:SII,ES,1,N,0,SII.N
169:SIJ,CE,1,P,0,SIJ.P
169:SIL,CE,1,P,0,SIL.P
169:SILA,ES,1,N,0,SILA.N
169:SILJ,CE,1,P,0,SILJ.P
169:SIMS,CE,1,P,0,SIMS.P
169:SIO,CE,1,P,0,SIO.P
169:SIOO,CE,1,P,0,SIOO.P
169:SITC,ES,1,N,0,SITC.N
169:SITE,ES,1,N,0,SITE.N
169:SIVR,CE,1,P,0,SIVR.P
169:SIXA,CE,1,P,0,SIXA.P
169:SIXH,CE,1,P,0,SIXH.P
169:SIXL,CE,1,P,0,SIXL.P
169:SIXS,CE,1,P,0,SIXS.P
169:SIZE,CE,1,P,0,SIZE.P
169:SJB,CE,1,P,0,SJB.P
169:SJM,ES,1,N,0,SJM.N
169:SJNK,CE,1,P,0,SJNK.P
169:SJT,ES,1,N,0,SJT.N
169:SKE,ES,1,N,0,SKE.N
169:SKF,CE,1,P,0,SKF.P
169:SKIL,ES,1,N,0,SKIL.N
169:SKLZ,ES,1,N,0,SKLZ.N
169:SKM,ED,1,N,0,SKM.N
169:SKT,ES,1,N,0,SKT.N
169:SKY,ES,1,N,0,SKY.N
169:SKYH,ES,1,N,0,SKYH.N
169:SKYH.WS,RW,1,N,0,SKYH.WS.N
169:SLAI,ED,1,N,0,SLAI.N
169:SLB,ES,1,N,0,SLB.N
169:SLDR,CE,1,P,0,SLDR.P
169:SLF,ES,1,N,0,SLF.N
169:SLG,ES,1,N,0,SLG.N
169:SLGN,ES,1,N,0,SLGN.N
169:SLGpI,EP,1,N,0,SLGPRI.N
169:SLJY,CE,1,P,0,SLJY.P
169:SLNZ,CE,1,N,0,SLNZ.N
169:SLON,CE,1,P,0,SLON.P
169:SLQT,ES,1,N,0,SLQT.N
169:SLTY,CE,1,P,0,SLTY.P
169:SLV,CE,1,P,0,SLV.P
169:SLVM,ES,1,N,0,SLVM.N
169:SLVX,CE,1,P,0,SLVX.P
169:SLX,CE,1,P,0,SLX.P
169:SLYG,CE,1,P,0,SLYG.P
169:SLYV,CE,1,P,0,SLYV.P
169:SM,ES,1,N,0,SM.N
169:SMA,ES,1,N,0,SMA.N
169:SMAP,CE,1,P,0,SMAP.P
169:SMBK,ES,1,N,0,SMBK.N
169:SMBS,CE,1,P,0,SMBS.P
169:SMC,ES,1,N,0,SMC.N
169:SMCY,CE,1,P,0,SMCY.P
169:SMDD,CE,1,P,0,SMDD.P
169:SMDX,CE,1,P,0,SMDX.P
169:SMFG,ED,1,N,0,SMFG.N
169:SMG,ES,1,N,0,SMG.N
169:SMHB,CE,1,P,0,SMHB.P
169:SMHI,ES,1,N,0,SMHI.N
169:SMIG,CE,1,P,0,SMIG.P
169:SMIZ,CE,1,P,0,SMIZ.P
169:SMLF,CE,1,P,0,SMLF.P
169:SMLL,CE,1,P,0,SMLL.P
169:SMLV,CE,1,P,0,SMLV.P
169:SMMU,CE,1,P,0,SMMU.P
169:SMN,CE,1,P,0,SMN.P
169:SMOG,CE,1,P,0,SMOG.P
169:SMOX,CE,1,P,0,SMOX.P
169:SMP,ES,1,N,0,SMP.N
169:SMR,ES,1,N,0,SMR.N
169:SMRF,CE,1,P,0,SMRF.P
169:SMRT,ES,1,N,0,SMRT.N
169:SMTH,CE,1,P,0,SMTH.P
169:SMWB,ES,1,N,0,SMWB.N
169:SN,ES,1,N,0,SN.N
169:SNA,ES,1,N,0,SNA.N
169:SNAP,ES,1,N,0,SNAP.N
169:SNDA,ES,1,N,0,SNDA.N
169:SNDR,ES,1,N,0,SNDR.N
169:SNN,ED,1,N,0,SNN.N
169:SNOW,ES,1,N,0,SNOW.N
169:SNOY,CE,1,P,0,SNOY.P
169:SNPE,CE,1,P,0,SNPE.P
169:SNTH,CE,1,P,0,SNTH.P
169:SNX,ES,1,N,0,SNX.N
169:SO,ES,1,N,0,SO.N
169:SOBO,ES,1,N,0,SOBO.N
169:SOC,ES,1,N,0,SOC.N
169:SOEZ,CE,1,P,0,SOEZ.P
169:SOFR,CE,1,P,0,SOFR.P
169:SOLR,CE,1,P,0,SOLR.P
169:SOLV,ES,1,N,0,SOLV.N
169:SOMN,EU,1,N,0,SOMN.N
169:SON,ES,1,N,0,SON.N
169:SONY,ED,1,N,0,SONY.N
169:SOR,ES,1,N,0,SOR.N
169:SOS,ES,1,N,0,SOS.N
169:SOUL,ES,1,N,0,SOUL.N
169:SOUL.U,EU,1,N,0,SOUL.U.N
169:SOULr,M,1,N,0,SOUL.R.N
169:SOVF,CE,1,P,0,SOVF.P
169:SOXL,CE,1,P,0,SOXL.P
169:SOXS,CE,1,P,0,SOXS.P
169:SOXY,CE,1,P,0,SOXY.P
169:SOYB,CE,1,P,0,SOYB.P
169:SPAB,CE,1,P,0,SPAB.P
169:SPB,ES,1,N,0,SPB.N
169:SPBO,CE,1,P,0,SPBO.P
169:SPCE,ES,1,N,0,SPCE.N
169:SPD,CE,1,P,0,SPD.P
169:SPDG,CE,1,P,0,SPDG.P
169:SPDN,CE,1,P,0,SPDN.P
169:SPDV,CE,1,P,0,SPDV.P
169:SPDW,CE,1,P,0,SPDW.P
169:SPE,ES,1,N,0,SPE.N
169:SPEM,CE,1,P,0,SPEM.P
169:SPEU,CE,1,P,0,SPEU.P
169:SPEpC,EP,1,N,0,SPEPRC.N
169:SPFF,CE,1,P,0,SPFF.P
169:SPG,ES,1,N,0,SPG.N
169:SPGI,ES,1,N,0,SPGI.N
169:SPGM,CE,1,P,0,SPGM.P
169:SPGP,CE,1,P,0,SPGP.P
169:SPGpJ,EP,1,N,0,SPGPRJ.N
169:SPH,ES,1,N,0,SPH.N
169:SPHB,CE,1,P,0,SPHB.P
169:SPHD,CE,1,P,0,SPHD.P
169:SPHQ,CE,1,P,0,SPHQ.P
169:SPHR,ES,1,N,0,SPHR.N
169:SPHY,CE,1,P,0,SPHY.P
169:SPIB,CE,1,P,0,SPIB.P
169:SPIP,CE,1,P,0,SPIP.P
169:SPIR,ES,1,N,0,SPIR.N
169:SPLB,CE,1,P,0,SPLB.P
169:SPLV,CE,1,P,0,SPLV.P
169:SPMA,EP,1,N,0,SPMA.N
169:SPMB,CE,1,P,0,SPMB.P
169:SPMC,ES,1,N,0,SPMC.N
169:SPMD,CE,1,P,0,SPMD.P
169:SPME,EP,1,N,0,SPME.N
169:SPMO,CE,1,P,0,SPMO.P
169:SPNT,ES,1,N,0,SPNT.N
169:SPOT,ES,1,N,0,SPOT.N
169:SPPP,EU,1,P,0,SPPP.P
169:SPRE,CE,1,P,0,SPRE.P
169:SPRU,ES,1,N,0,SPRU.N
169:SPSB,CE,1,P,0,SPSB.P
169:SPSK,CE,1,P,0,SPSK.P
169:SPSM,CE,1,P,0,SPSM.P
169:SPTB,CE,1,P,0,SPTB.P
169:SPTE,CE,1,P,0,SPTE.P
169:SPTI,CE,1,P,0,SPTI.P
169:SPTL,CE,1,P,0,SPTL.P
169:SPTM,CE,1,P,0,SPTM.P
169:SPTS,CE,1,P,0,SPTS.P
169:SPTU,CE,1,P,0,SPTU.P
169:SPUC,CE,1,P,0,SPUC.P
169:SPUS,CE,1,P,0,SPUS.P
169:SPUT,CE,1,P,0,SPUT.P
169:SPUU,CE,1,P,0,SPUU.P
169:SPVM,CE,1,P,0,SPVM.P
169:SPWO,CE,1,P,0,SPWO.P
169:SPXC,ES,1,N,0,SPXC.N
169:SPXE,CE,1,P,0,SPXE.P
169:SPXL,CE,1,P,0,SPXL.P
169:SPXN,CE,1,P,0,SPXN.P
169:SPXS,CE,1,P,0,SPXS.P
169:SPXT,CE,1,P,0,SPXT.P
169:SPXU,CE,1,P,0,SPXU.P
169:SPXV,CE,1,P,0,SPXV.P
169:SPXX,ES,1,N,0,SPXX.N
169:SPY,CE,1,P,0,SPY.P
169:SPYC,CE,1,P,0,SPYC.P
169:SPYD,CE,1,P,0,SPYD.P
169:SPYG,CE,1,P,0,SPYG.P
169:SPYM,CE,1,P,0,SPYM.P
169:SPYT,CE,1,P,0,SPYT.P
169:SPYU,CE,1,P,0,SPYU.P
169:SPYV,CE,1,P,0,SPYV.P
169:SPYX,CE,1,P,0,SPYX.P
169:SQM,ED,1,N,0,SQM.N
169:SQNS,ED,1,N,0,SQNS.N
169:SR,ES,1,N,0,SR.N
169:SRE,ES,1,N,0,SRE.N
169:SRFM,ES,1,N,0,SRFM.N
169:SRG,ES,1,N,0,SRG.N
169:SRGpA,EP,1,N,0,SRGPRA.N
169:SRHQ,CE,1,P,0,SRHQ.P
169:SRHR,CE,1,P,0,SRHR.P
169:SRI,ES,1,N,0,SRI.N
169:SRL,ES,1,N,0,SRL.N
169:SRLN,CE,1,P,0,SRLN.P
169:SROI,CE,1,P,0,SROI.P
169:SRS,CE,1,P,0,SRS.P
169:SRTY,CE,1,P,0,SRTY.P
169:SRV,ES,1,N,0,SRV.N
169:SRVR,CE,1,P,0,SRVR.P
169:SSB,ES,1,N,0,SSB.N
169:SSD,ES,1,N,0,SSD.N
169:SSFI,CE,1,P,0,SSFI.P
169:SSG,CE,1,P,0,SSG.P
169:SSL,ED,1,N,0,SSL.N
169:SSO,CE,1,P,0,SSO.P
169:SSPY,CE,1,P,0,SSPY.P
169:SST,ES,1,N,0,SST.N
169:SSTK,ES,1,N,0,SSTK.N
169:SSUS,CE,1,P,0,SSUS.P
169:SSXU,CE,1,P,0,SSXU.P
169:ST,ES,1,N,0,ST.N
169:STAG,ES,1,N,0,STAG.N
169:STAX,CE,1,P,0,STAX.P
169:STBQ,CE,1,P,0,STBQ.P
169:STC,ES,1,N,0,STC.N
169:STCE,CE,1,P,0,STCE.P
169:STE,ES,1,N,0,STE.N
169:STEL,ES,1,N,0,STEL.N
169:STEM,ES,1,N,0,STEM.N
169:STEW,ES,1,N,0,STEW.N
169:STG,ED,1,N,0,STG.N
169:STHH,CE,1,P,0,STHH.P
169:STIP,CE,1,P,0,STIP.P
169:STK,ES,1,N,0,STK.N
169:STLA,ES,1,N,0,STLA.N
169:STM,ES,1,N,0,STM.N
169:STN,ES,1,N,0,STN.N
169:STNG,ES,1,N,0,STNG.N
169:STPZ,CE,1,P,0,STPZ.P
169:STRN,CE,1,P,0,STRN.P
169:STRV,CE,1,N,0,STRV.N
169:STSM,CE,1,P,0,STSM.P
169:STT,ES,1,N,0,STT.N
169:STTpG,ER,1,N,0,STTPRG.N
169:STUB,ES,1,N,0,STUB.N
169:STVN,ES,1,N,0,STVN.N
169:STWD,ES,1,N,0,STWD.N
169:STXD,CE,1,N,0,STXD.N
169:STXE,CE,1,N,0,STXE.N
169:STXG,CE,1,N,0,STXG.N
169:STXI,CE,1,N,0,STXI.N
169:STXK,CE,1,N,0,STXK.N
169:STXM,CE,1,N,0,STXM.N
169:STXT,CE,1,N,0,STXT.N
169:STXV,CE,1,N,0,STXV.N
169:STZ,ES,1,N,0,STZ.N
169:SU,ES,1,N,0,SU.N
169:SUB,CE,1,P,0,SUB.P
169:SUI,ES,1,N,0,SUI.N
169:SUN,ES,1,N,0,SUN.N
169:SUNB,ES,1,N,0,SUNB.N
169:SUNC,EU,1,N,0,SUNC.N
169:SUPL,CE,1,P,0,SUPL.P
169:SUPV,ED,1,N,0,SUPV.N
169:SURE,CE,1,P,0,SURE.P
169:SURI,CE,1,P,0,SURI.P
169:SUSA,CE,1,P,0,SUSA.P
169:SUZ,ED,1,N,0,SUZ.N
169:SVOL,CE,1,P,0,SVOL.P
169:SVV,ES,1,N,0,SVV.N
169:SW,ES,1,N,0,SW.N
169:SWAN,CE,1,P,0,SWAN.P
169:SWK,ES,1,N,0,SWK.N
169:SWX,ES,1,N,0,SWX.N
169:SWZ,ES,1,N,0,SWZ.N
169:SXC,ES,1,N,0,SXC.N
169:SXI,ES,1,N,0,SXI.N
169:SXQG,CE,1,P,0,SXQG.P
169:SXT,ES,1,N,0,SXT.N
169:SYF,ES,1,N,0,SYF.N
169:SYFI,CE,1,P,0,SYFI.P
169:SYFpA,ER,1,N,0,SYFPRA.N
169:SYFpB,ER,1,N,0,SYFPRB.N
169:SYK,ES,1,N,0,SYK.N
169:SYY,ES,1,N,0,SYY.N
169:SZK,CE,1,P,0,SZK.P
169:SZNE,CE,1,P,0,SZNE.P
169:T,ES,1,N,0,T.N
169:TABD,CE,1,P,0,TABD.P
169:TAC,ES,1,N,0,TAC.N
169:TACK,CE,1,P,0,TACK.P
169:TACN,CE,1,P,0,TACN.P
169:TACU,CE,1,P,0,TACU.P
169:TAFI,CE,1,P,0,TAFI.P
169:TAFL,CE,1,P,0,TAFL.P
169:TAFM,CE,1,P,0,TAFM.P
169:TAGG,CE,1,P,0,TAGG.P
169:TAGS,CE,1,P,0,TAGS.P
169:TAK,ED,1,N,0,TAK.N
169:TAL,ED,1,N,0,TAL.N
169:TALO,ES,1,N,0,TALO.N
169:TALV,CE,1,P,0,TALV.P
169:TAN,CE,1,P,0,TAN.P
169:TAP,ES,1,N,0,TAP.N
169:TAP.A,ES,1,N,0,TAP.A.N
169:TAXF,CE,1,P,0,TAXF.P
169:TAXM,CE,1,P,0,TAXM.P
169:TAXX,CE,1,P,0,TAXX.P
169:TBBB,ES,1,N,0,TBBB.N
169:TBF,CE,1,P,0,TBF.P
169:TBFC,CE,1,P,0,TBFC.P
169:TBFG,CE,1,P,0,TBFG.P
169:TBG,CE,1,P,0,TBG.P
169:TBI,ES,1,N,0,TBI.N
169:TBLL,CE,1,P,0,TBLL.P
169:TBLU,CE,1,N,0,TBLU.N
169:TBN,ES,1,N,0,TBN.N
169:TBT,CE,1,P,0,TBT.P
169:TBUX,CE,1,P,0,TBUX.P
169:TBX,CE,1,P,0,TBX.P
169:TBXU,CE,1,P,0,TBXU.P
169:TCAF,CE,1,P,0,TCAF.P
169:TCAI,CE,1,N,0,TCAI.N
169:TCAL,CE,1,P,0,TCAL.P
169:TCBX,ES,1,N,0,TCBX.N
169:TCHP,CE,1,P,0,TCHP.P
169:TCI,ES,1,N,0,TCI.N
169:TCPB,CE,1,P,0,TCPB.P
169:TCV,CE,1,P,0,TCV.P
169:TD,ES,1,N,0,TD.N
169:TDAY,ES,1,N,0,TDAY.N
169:TDC,ES,1,N,0,TDC.N
169:TDF,ES,1,N,0,TDF.N
169:TDG,ES,1,N,0,TDG.N
169:TDOC,ES,1,N,0,TDOC.N
169:TDS,ES,1,N,0,TDS.N
169:TDSpU,ER,1,N,0,TDSPRU.N
169:TDSpV,ER,1,N,0,TDSPRV.N
169:TDTF,CE,1,P,0,TDTF.P
169:TDTT,CE,1,P,0,TDTT.P
169:TDVG,CE,1,P,0,TDVG.P
169:TDW,ES,1,N,0,TDW.N
169:TDY,ES,1,N,0,TDY.N
169:TE,ES,1,N,0,TE.N
169:TE.WS,RW,1,N,0,TE.WS.N
169:TEC,CE,1,P,0,TEC.P
169:TECB,CE,1,P,0,TECB.P
169:TECK,ES,1,N,0,TECK.N
169:TECL,CE,1,P,0,TECL.P
169:TECS,CE,1,P,0,TECS.P
169:TEI,ES,1,N,0,TEI.N
169:TEK,CE,1,P,0,TEK.P
169:TEL,ES,1,N,0,TEL.N
169:TEMD,CE,1,P,0,TEMD.P
169:TEMR,CE,1,P,0,TEMR.P
169:TEN,ES,1,N,0,TEN.N
169:TENpE,EP,1,N,0,TENPRE.N
169:TENpF,EP,1,N,0,TENPRF.N
169:TEO,ED,1,N,0,TEO.N
169:TEQI,CE,1,P,0,TEQI.P
169:TESL,CE,1,P,0,TESL.P
169:TEVA,ED,1,N,0,TEVA.N
169:TEX,ES,1,N,0,TEX.N
169:TEXU,CE,1,P,0,TEXU.P
169:TFC,ES,1,N,0,TFC.N
169:TFCpI,ER,1,N,0,TFCPRI.N
169:TFCpO,ER,1,N,0,TFCPRO.N
169:TFCpR,ER,1,N,0,TFCPRR.N
169:TFFI,CE,1,P,0,TFFI.P
169:TFI,CE,1,P,0,TFI.P
169:TFII,ES,1,N,0,TFII.N
169:TFIN,ES,1,N,0,TFIN.N
169:TFINp,ER,1,N,0,TFINPR.N
169:TFLO,CE,1,P,0,TFLO.P
169:TFLR,CE,1,P,0,TFLR.P
169:TFPM,ES,1,N,0,TFPM.N
169:TFPN,CE,1,P,0,TFPN.P
169:TFX,ES,1,N,0,TFX.N
169:TG,ES,1,N,0,TG.N
169:TGE,ES,1,N,0,TGE.N
169:TGLB,CE,1,P,0,TGLB.P
169:TGLS,ES,1,N,0,TGLS.N
169:TGNA,ES,1,N,0,TGNA.N
169:TGRT,CE,1,P,0,TGRT.P
169:TGRW,CE,1,P,0,TGRW.P
169:TGS,ED,1,N,0,TGS.N
169:TGT,ES,1,N,0,TGT.N
169:THC,ES,1,N,0,THC.N
169:THD,CE,1,P,0,THD.P
169:THEQ,CE,1,P,0,THEQ.P
169:THG,ES,1,N,0,THG.N
169:THIR,CE,1,N,0,THIR.N
169:THLV,CE,1,N,0,THLV.N
169:THNQ,CE,1,P,0,THNQ.P
169:THNR,CE,1,P,0,THNR.P
169:THO,ES,1,N,0,THO.N
169:THQ,ES,1,N,0,THQ.N
169:THR,ES,1,N,0,THR.N
169:THRO,CE,1,P,0,THRO.P
169:THTA,CE,1,P,0,THTA.P
169:THW,ES,1,N,0,THW.N
169:THY,CE,1,P,0,THY.P
169:THYF,CE,1,P,0,THYF.P
169:TIC,ES,1,N,0,TIC.N
169:TIER,CE,1,P,0,TIER.P
169:TIIV,CE,1,P,0,TIIV.P
169:TILL,CE,1,P,0,TILL.P
169:TIMB,ED,1,N,0,TIMB.N
169:TIME,CE,1,P,0,TIME.P
169:TINS,CE,1,P,0,TINS.P
169:TINT,CE,1,P,0,TINT.P
169:TINY,CE,1,P,0,TINY.P
169:TIP,CE,1,P,0,TIP.P
169:TIPA,CE,1,P,0,TIPA.P
169:TIPB,CE,1,P,0,TIPB.P
169:TIPC,CE,1,P,0,TIPC.P
169:TIPD,CE,1,P,0,TIPD.P
169:TIPX,CE,1,P,0,TIPX.P
169:TIPZ,CE,1,P,0,TIPZ.P
169:TISI,ES,1,N,0,TISI.N
169:TJX,ES,1,N,0,TJX.N
169:TK,ES,1,N,0,TK.N
169:TKC,ED,1,N,0,TKC.N
169:TKNQ,CE,1,P,0,TKNQ.P
169:TKO,ES,1,N,0,TKO.N
169:TKR,ES,1,N,0,TKR.N
169:TLCI,CE,1,P,0,TLCI.P
169:TLH,CE,1,P,0,TLH.P
169:TLK,ED,1,N,0,TLK.N
169:TLTD,CE,1,P,0,TLTD.P
169:TLTE,CE,1,P,0,TLTE.P
169:TLYS,ES,1,N,0,TLYS.N
169:TM,ED,1,N,0,TM.N
169:TME,ED,1,N,0,TME.N
169:TMF,CE,1,P,0,TMF.P
169:TMH,CE,1,P,0,TMH.P
169:TMHC,ES,1,N,0,TMHC.N
169:TMLP,CE,1,P,0,TMLP.P
169:TMO,ES,1,N,0,TMO.N
169:TMSL,CE,1,P,0,TMSL.P
169:TMV,CE,1,P,0,TMV.P
169:TMVE,CE,1,P,0,TMVE.P
169:TNA,CE,1,P,0,TNA.P
169:TNC,ES,1,N,0,TNC.N
169:TNET,ES,1,N,0,TNET.N
169:TNGY,CE,1,N,0,TNGY.N
169:TNK,ES,1,N,0,TNK.N
169:TNL,ES,1,N,0,TNL.N
169:TNUK,CE,1,P,0,TNUK.P
169:TOAK,CE,1,P,0,TOAK.P
169:TOGA,CE,1,P,0,TOGA.P
169:TOK,CE,1,P,0,TOK.P
169:TOL,ES,1,N,0,TOL.N
169:TOLZ,CE,1,P,0,TOLZ.P
169:TOPC,CE,1,P,0,TOPC.P
169:TOPT,CE,1,P,0,TOPT.P
169:TOST,ES,1,N,0,TOST.N
169:TOT,CE,1,P,0,TOT.P
169:TOTL,CE,1,P,0,TOTL.P
169:TOTR,CE,1,P,0,TOTR.P
169:TOUS,CE,1,P,0,TOUS.P
169:TOV,CE,1,P,0,TOV.P
169:TPB,ES,1,N,0,TPB.N
169:TPC,ES,1,N,0,TPC.N
169:TPH,ES,1,N,0,TPH.N
169:TPHD,CE,1,P,0,TPHD.P
169:TPIF,CE,1,P,0,TPIF.P
169:TPL,ES,1,N,0,TPL.N
169:TPLC,CE,1,P,0,TPLC.P
169:TPOR,CE,1,P,0,TPOR.P
169:TPR,ES,1,N,0,TPR.N
169:TPRY,CE,1,P,0,TPRY.P
169:TPSC,CE,1,P,0,TPSC.P
169:TPVG,ES,1,N,0,TPVG.N
169:TPYP,CE,1,N,0,TPYP.N
169:TPZ,CE,1,N,0,TPZ.N
169:TR,ES,1,N,0,TR.N
169:TRAD.U,EU,1,N,0,TRAD.U.N
169:TRAK,ES,1,N,0,TRAK.N
169:TRC,ES,1,N,0,TRC.N
169:TREX,ES,1,N,0,TREX.N
169:TRFK,CE,1,P,0,TRFK.P
169:TRFM,CE,1,P,0,TRFM.P
169:TRGP,ES,1,N,0,TRGP.N
169:TRN,ES,1,N,0,TRN.N
169:TRND,CE,1,P,0,TRND.P
169:TRNO,ES,1,N,0,TRNO.N
169:TROT,CE,1,P,0,TROT.P
169:TROX,ES,1,N,0,TROX.N
169:TRP,ES,1,N,0,TRP.N
169:TRTNpA,EP,1,N,0,TRTNPRA.N
169:TRTNpB,EP,1,N,0,TRTNPRB.N
169:TRTNpC,EP,1,N,0,TRTNPRC.N
169:TRTNpD,EP,1,N,0,TRTNPRD.N
169:TRTNpE,EP,1,N,0,TRTNPRE.N
169:TRTNpF,EP,1,N,0,TRTNPRF.N
169:TRTNpG,EP,1,N,0,TRTNPRG.N
169:TRTX,ES,1,N,0,TRTX.N
169:TRTXpC,EP,1,N,0,TRTXPRC.N
169:TRU,ES,1,N,0,TRU.N
169:TRV,ES,1,N,0,TRV.N
169:TS,ED,1,N,0,TS.N
169:TSCV,CE,1,P,0,TSCV.P
169:TSEC,CE,1,P,0,TSEC.P
169:TSES,CE,1,P,0,TSES.P
169:TSI,ES,1,N,0,TSI.N
169:TSIC,CE,1,P,0,TSIC.P
169:TSIr,M,1,N,0,TSI.RT.N
169:TSLI,CE,1,P,0,TSLI.P
169:TSLX,ES,1,N,0,TSLX.N
169:TSLY,CE,1,P,0,TSLY.P
169:TSM,ED,1,N,1,TSM.N
169:TSME,CE,1,P,0,TSME.P
169:TSMY,CE,1,P,0,TSMY.P
169:TSN,ES,1,N,0,TSN.N
169:TSNF,CE,1,P,0,TSNF.P
169:TSPA,CE,1,P,0,TSPA.P
169:TSQ,ES,1,N,0,TSQ.N
169:TSRS,CE,1,P,0,TSRS.P
169:TSSD,CE,1,P,0,TSSD.P
169:TSXD,CE,1,P,0,TSXD.P
169:TSXU,CE,1,P,0,TSXU.P
169:TT,ES,1,N,0,TT.N
169:TTAM,ES,1,N,0,TTAM.N
169:TTC,ES,1,N,0,TTC.N
169:TTE,ES,1,N,0,TTE.N
169:TTI,ES,1,N,0,TTI.N
169:TTOP,CE,1,P,0,TTOP.P
169:TTT,CE,1,P,0,TTT.P
169:TTXD,CE,1,P,0,TTXD.P
169:TTXU,CE,1,P,0,TTXU.P
169:TU,ES,1,N,0,TU.N
169:TUA,CE,1,P,0,TUA.P
169:TUSB,CE,1,P,0,TUSB.P
169:TUYA,ED,1,N,0,TUYA.N
169:TV,ED,1,N,0,TV.N
169:TVAL,CE,1,P,0,TVAL.P
169:TWI,ES,1,N,0,TWI.N
169:TWLO,ES,1,N,0,TWLO.N
169:TWM,CE,1,P,0,TWM.P
169:TWN,ES,1,N,0,TWN.N
169:TWO,ES,1,N,0,TWO.N
169:TWOpA,EP,1,N,0,TWOPRA.N
169:TWOpB,EP,1,N,0,TWOPRB.N
169:TWOpC,EP,1,N,0,TWOPRC.N
169:TX,ED,1,N,0,TX.N
169:TXBC,CE,1,P,0,TXBC.P
169:TXNM,ES,1,N,0,TXNM.N
169:TXO,ES,1,N,0,TXO.N
169:TXS,CE,1,P,0,TXS.P
169:TXT,ES,1,N,0,TXT.N
169:TXXI,CE,1,P,0,TXXI.P
169:TY,ES,1,N,0,TY.N
169:TYD,CE,1,P,0,TYD.P
169:TYG,ES,1,N,0,TYG.N
169:TYL,ES,1,N,0,TYL.N
169:TYLG,CE,1,P,0,TYLG.P
169:TYO,CE,1,P,0,TYO.P
169:TYp,EP,1,N,0,TYPR.N
169:TZA,CE,1,P,0,TZA.P
169:TpA,ER,1,N,0,TPRA.N
169:TpC,ER,1,N,0,TPRC.N
169:U,ES,1,N,0,U.N
169:UA,ES,1,N,0,UA.N
169:UAA,ES,1,N,0,UAA.N
169:UAMY,ES,1,N,0,UAMY.N
169:UAN,ES,1,N,0,UAN.N
169:UBER,ES,1,N,0,UBER.N
169:UBOT,CE,1,P,0,UBOT.P
169:UBR,CE,1,P,0,UBR.P
169:UBS,ES,1,N,0,UBS.N
169:UBT,CE,1,P,0,UBT.P
169:UCB,ES,1,N,0,UCB.N
169:UCC,CE,1,P,0,UCC.P
169:UCIB,CE,1,P,0,UCIB.P
169:UCO,CE,1,P,0,UCO.P
169:UCON,CE,1,P,0,UCON.P
169:UDI,CE,1,P,0,UDI.P
169:UDIV,CE,1,P,0,UDIV.P
169:UDN,CE,1,P,0,UDN.P
169:UDOW,CE,1,P,0,UDOW.P
169:UDR,ES,1,N,0,UDR.N
169:UE,ES,1,N,0,UE.N
169:UFI,ES,1,N,0,UFI.N
169:UGA,CE,1,P,0,UGA.P
169:UGE,CE,1,P,0,UGE.P
169:UGI,ES,1,N,0,UGI.N
169:UGL,CE,1,P,0,UGL.P
169:UGP,ED,1,N,0,UGP.N
169:UHAL,ES,1,N,0,UHAL.N
169:UHAL.B,ES,1,N,0,UHAL.B.N
169:UHS,ES,1,N,0,UHS.N
169:UHT,ES,1,N,0,UHT.N
169:UI,ES,1,N,0,UI.N
169:UIS,ES,1,N,0,UIS.N
169:UJB,CE,1,P,0,UJB.P
169:UL,ED,1,N,0,UL.N
169:ULE,CE,1,P,0,ULE.P
169:ULS,ES,1,N,0,ULS.N
169:ULST,CE,1,P,0,ULST.P
169:ULTY,CE,1,P,0,ULTY.P
169:UMC,ED,1,N,0,UMC.N
169:UMDD,CE,1,P,0,UMDD.P
169:UMH,ES,1,N,0,UMH.N
169:UMHpD,EP,1,N,0,UMHPRD.N
169:UMI,CE,1,P,0,UMI.P
169:UNF,ES,1,N,0,UNF.N
169:UNFI,ES,1,N,0,UNFI.N
169:UNG,CE,1,P,0,UNG.P
169:UNH,ES,1,N,0,UNH.N
169:UNL,CE,1,P,0,UNL.P
169:UNM,ES,1,N,0,UNM.N
169:UNP,ES,1,N,0,UNP.N
169:UP,ES,1,N,0,UP.N
169:UPAR,CE,1,P,0,UPAR.P
169:UPGD,CE,1,P,0,UPGD.P
169:UPRO,CE,1,P,0,UPRO.P
169:UPS,ES,1,N,0,UPS.N
169:UPV,CE,1,P,0,UPV.P
169:UPW,CE,1,P,0,UPW.P
169:URA,CE,1,P,0,URA.P
169:URAA,CE,1,P,0,URAA.P
169:URE,CE,1,P,0,URE.P
169:URI,ES,1,N,0,URI.N
169:URNM,CE,1,P,0,URNM.P
169:URSP,CE,1,P,0,URSP.P
169:URTH,CE,1,P,0,URTH.P
169:URTY,CE,1,P,0,URTY.P
169:USA,ES,1,N,0,USA.N
169:USAC,ES,1,N,0,USAC.N
169:USAI,CE,1,P,0,USAI.P
169:USB,ES,1,N,0,USB.N
169:USBpA,ER,1,N,0,USBPRA.N
169:USBpH,ER,1,N,0,USBPRH.N
169:USBpP,ER,1,N,0,USBPRP.N
169:USBpQ,ER,1,N,0,USBPRQ.N
169:USBpR,ER,1,N,0,USBPRR.N
169:USBpS,ER,1,N,0,USBPRS.N
169:USCA,CE,1,P,0,USCA.P
169:USCI,CE,1,P,0,USCI.P
169:USD,CE,1,P,0,USD.P
169:USDU,CE,1,P,0,USDU.P
169:USE,CE,1,P,0,USE.P
169:USFD,ES,1,N,0,USFD.N
169:USFE,CE,1,P,0,USFE.P
169:USFR,CE,1,P,0,USFR.P
169:USG,CE,1,P,0,USG.P
169:USL,CE,1,P,0,USL.P
169:USMD,CE,1,P,0,USMD.P
169:USML,CE,1,P,0,USML.P
169:USNA,ES,1,N,0,USNA.N
169:USNG,CE,1,P,0,USNG.P
169:USNZ,CE,1,P,0,USNZ.P
169:USO,CE,1,P,0,USO.P
169:USPH,ES,1,N,0,USPH.N
169:USPX,CE,1,P,0,USPX.P
169:USRT,CE,1,P,0,USRT.P
169:USSE,CE,1,P,0,USSE.P
169:USSG,CE,1,P,0,USSG.P
169:UST,CE,1,P,0,UST.P
169:UTES,CE,1,P,0,UTES.P
169:UTF,ES,1,N,0,UTF.N
169:UTI,ES,1,N,0,UTI.N
169:UTL,ES,1,N,0,UTL.N
169:UTSL,CE,1,P,0,UTSL.P
169:UTZ,ES,1,N,0,UTZ.N
169:UUP,CE,1,P,0,UUP.P
169:UVE,ES,1,N,0,UVE.N
169:UVV,ES,1,N,0,UVV.N
169:UWM,CE,1,P,0,UWM.P
169:UWMC,ES,1,N,0,UWMC.N
169:UXI,CE,1,P,0,UXI.P
169:UXRP,CE,1,P,0,UXRP.P
169:UYG,CE,1,P,0,UYG.P
169:UYM,CE,1,P,0,UYM.P
169:V,ES,1,N,0,V.N
169:VABS,CE,1,P,0,VABS.P
169:VAC,ES,1,N,0,VAC.N
169:VACI,ES,1,N,0,VACI.N
169:VACI.U,EU,1,N,0,VACI.U.N
169:VACI.WS,RW,1,N,0,VACI.WS.N
169:VAL,ES,1,N,0,VAL.N
169:VAL.WS,RW,1,N,0,VAL.WS.N
169:VALE,ED,1,N,0,VALE.N
169:VALQ,CE,1,P,0,VALQ.P
169:VATE,ES,1,N,0,VATE.N
169:VAW,CE,1,P,0,VAW.P
169:VB,CE,1,P,0,VB.P
169:VBF,ES,1,N,0,VBF.N
169:VBK,CE,1,P,0,VBK.P
169:VBND,CE,1,P,0,VBND.P
169:VBR,CE,1,P,0,VBR.P
169:VCLN,CE,1,P,0,VCLN.P
169:VCOB,CE,1,P,0,VCOB.P
169:VCR,CE,1,P,0,VCR.P
169:VCV,ES,1,N,0,VCV.N
169:VDC,CE,1,P,0,VDC.P
169:VDE,CE,1,P,0,VDE.P
169:VDI,CE,1,P,0,VDI.P
169:VEA,CE,1,P,0,VEA.P
169:VEEV,ES,1,N,0,VEEV.N
169:VEGA,CE,1,P,0,VEGA.P
169:VEGI,CE,1,P,0,VEGI.P
169:VEL,ES,1,N,0,VEL.N
169:VEM,CE,1,P,0,VEM.P
169:VEMY,CE,1,P,0,VEMY.P
169:VERS,CE,1,P,0,VERS.P
169:VET,ES,1,N,0,VET.N
169:VETZ,CE,1,P,0,VETZ.P
169:VEU,CE,1,P,0,VEU.P
169:VEXC,CE,1,P,0,VEXC.P
169:VFC,ES,1,N,0,VFC.N
169:VFH,CE,1,P,0,VFH.P
169:VG,ES,1,N,0,VG.N
169:VGI,ES,1,N,0,VGI.N
169:VGK,CE,1,P,0,VGK.P
169:VGM,ES,1,N,0,VGM.N
169:VGRO,CE,1,P,0,VGRO.P
169:VGT,CE,1,P,0,VGT.P
169:VGVT,CE,1,P,0,VGVT.P
169:VHI,ES,1,N,0,VHI.N
169:VHT,CE,1,P,0,VHT.P
169:VIA,ES,1,N,0,VIA.N
169:VICE,CE,1,P,0,VICE.P
169:VICI,ES,1,N,0,VICI.N
169:VIDI,CE,1,P,0,VIDI.P
169:VIG,CE,1,P,0,VIG.P
169:VIK,ES,1,N,0,VIK.N
169:VIOG,CE,1,P,0,VIOG.P
169:VIOO,CE,1,P,0,VIOO.P
169:VIOV,CE,1,P,0,VIOV.P
169:VIPS,ED,1,N,0,VIPS.N
169:VIRT,ES,1,N,0,VIRT.N
169:VIS,CE,1,P,0,VIS.P
169:VIST,ED,1,N,0,VIST.N
169:VIV,ED,1,N,0,VIV.N
169:VKQ,ES,1,N,0,VKQ.N
169:VLLU,CE,1,P,0,VLLU.P
169:VLN,ES,1,N,0,VLN.N
169:VLN.WS,RW,1,N,0,VLN.WS.N
169:VLO,ES,1,N,0,VLO.N
169:VLRS,ED,1,N,0,VLRS.N
169:VLT,ES,1,N,0,VLT.N
169:VLTO,ES,1,N,0,VLTO.N
169:VLU,CE,1,P,0,VLU.P
169:VMC,ES,1,N,0,VMC.N
169:VMI,ES,1,N,0,VMI.N
169:VMO,ES,1,N,0,VMO.N
169:VMSB,CE,1,P,0,VMSB.P
169:VNAM,CE,1,P,0,VNAM.P
169:VNIE,CE,1,P,0,VNIE.P
169:VNLA,CE,1,P,0,VNLA.P
169:VNO,ES,1,N,0,VNO.N
169:VNOpL,EP,1,N,0,VNOPRL.N
169:VNOpM,EP,1,N,0,VNOPRM.N
169:VNOpN,EP,1,N,0,VNOPRN.N
169:VNOpO,EP,1,N,0,VNOPRO.N
169:VNQ,CE,1,P,0,VNQ.P
169:VNSE,CE,1,P,0,VNSE.P
169:VNT,ES,1,N,0,VNT.N
169:VO,CE,1,P,0,VO.P
169:VOC,ES,1,N,0,VOC.N
169:VOE,CE,1,P,0,VOE.P
169:VOO,CE,1,P,0,VOO.P
169:VOOG,CE,1,P,0,VOOG.P
169:VOOV,CE,1,P,0,VOOV.P
169:VOT,CE,1,P,0,VOT.P
169:VOX,CE,1,P,0,VOX.P
169:VOYA,ES,1,N,0,VOYA.N
169:VOYApB,ER,1,N,0,VOYAPRB.N
169:VOYG,ES,1,N,0,VOYG.N
169:VPC,CE,1,P,0,VPC.P
169:VPG,ES,1,N,0,VPG.N
169:VPL,CE,1,P,0,VPL.P
169:VPU,CE,1,P,0,VPU.P
169:VPV,ES,1,N,0,VPV.N
169:VPX,CE,1,P,0,VPX.P
169:VRAI,CE,1,P,0,VRAI.P
169:VRE,ES,1,N,0,VRE.N
169:VRP,CE,1,P,0,VRP.P
169:VRT,ES,1,N,0,VRT.N
169:VRTS,ES,1,N,0,VRTS.N
169:VSCO,ES,1,N,0,VSCO.N
169:VSH,ES,1,N,0,VSH.N
169:VSHY,CE,1,P,0,VSHY.P
169:VSLU,CE,1,P,0,VSLU.P
169:VSS,CE,1,P,0,VSS.P
169:VST,ES,1,N,0,VST.N
169:VSTS,ES,1,N,0,VSTS.N
169:VT,CE,1,P,0,VT.P
169:VTEB,CE,1,P,0,VTEB.P
169:VTES,CE,1,P,0,VTES.P
169:VTEX,ES,1,N,0,VTEX.N
169:VTG,CE,1,P,0,VTG.P
169:VTI,CE,1,P,0,VTI.P
169:VTMX,ED,1,N,0,VTMX.N
169:VTN,ES,1,N,0,VTN.N
169:VTOL,ES,1,N,0,VTOL.N
169:VTP,CE,1,P,0,VTP.P
169:VTR,ES,1,N,0,VTR.N
169:VTS,ES,1,N,0,VTS.N
169:VTV,CE,1,P,0,VTV.P
169:VUG,CE,1,P,0,VUG.P
169:VUS,CE,1,P,0,VUS.P
169:VUSE,CE,1,P,0,VUSE.P
169:VUSI,CE,1,P,0,VUSI.P
169:VV,CE,1,P,0,VV.P
169:VVR,ES,1,N,0,VVR.N
169:VVV,ES,1,N,0,VVV.N
169:VVX,ES,1,N,0,VVX.N
169:VWO,CE,1,P,0,VWO.P
169:VXF,CE,1,P,0,VXF.P
169:VYLD,CE,1,P,0,VYLD.P
169:VYM,CE,1,P,0,VYM.P
169:VYX,ES,1,N,0,VYX.N
169:VZ,ES,1,N,0,VZ.N
169:W,ES,1,N,0,W.N
169:WAB,ES,1,N,0,WAB.N
169:WAGN,CE,1,N,0,WAGN.N
169:WAL,ES,1,N,0,WAL.N
169:WALpA,ER,1,N,0,WALPRA.N
169:WANT,CE,1,P,0,WANT.P
169:WAR,CE,1,P,0,WAR.P
169:WAT,ES,1,N,0,WAT.N
169:WBI,ES,1,N,0,WBI.N
169:WBIF,CE,1,P,0,WBIF.P
169:WBIG,CE,1,P,0,WBIG.P
169:WBIL,CE,1,P,0,WBIL.P
169:WBIY,CE,1,N,0,WBIY.N
169:WBS,ES,1,N,0,WBS.N
169:WBSpF,ER,1,N,0,WBSPRF.N
169:WBSpG,ER,1,N,0,WBSPRG.N
169:WBX,ES,1,N,0,WBX.N
169:WCAP,CE,1,P,0,WCAP.P
169:WCC,ES,1,N,0,WCC.N
169:WCEO,CE,1,P,0,WCEO.P
169:WCME,CE,1,P,0,WCME.P
169:WCMI,CE,1,P,0,WCMI.P
169:WCN,ES,1,N,0,WCN.N
169:WCPB,CE,1,P,0,WCPB.P
169:WD,ES,1,N,0,WD.N
169:WDEF,CE,1,P,0,WDEF.P
169:WDH,ED,1,N,0,WDH.N
169:WDI,ES,1,N,0,WDI.N
169:WDIV,CE,1,P,0,WDIV.P
169:WDS,ED,1,N,0,WDS.N
169:WDTE,CE,1,P,0,WDTE.P
169:WEA,ES,1,N,0,WEA.N
169:WEAT,CE,1,P,0,WEAT.P
169:WEAV,ES,1,N,0,WEAV.N
169:WEBL,CE,1,P,0,WEBL.P
169:WEBS,CE,1,P,0,WEBS.P
169:WEC,ES,1,N,0,WEC.N
169:WEEL,CE,1,P,0,WEEL.P
169:WELL,ES,1,N,0,WELL.N
169:WEPN,CE,1,P,0,WEPN.P
169:WES,ES,1,N,0,WES.N
169:WEX,ES,1,N,0,WEX.N
169:WF,ED,1,N,0,WF.N
169:WFC,ES,1,N,0,WFC.N
169:WFCpA,ER,1,N,0,WFCPRA.N
169:WFCpC,ER,1,N,0,WFCPRC.N
169:WFCpD,ER,1,N,0,WFCPRD.N
169:WFCpL,EP,1,N,0,WFCPRL.N
169:WFCpY,ER,1,N,0,WFCPRY.N
169:WFCpZ,ER,1,N,0,WFCPRZ.N
169:WFG,ES,1,N,0,WFG.N
169:WGO,ES,1,N,0,WGO.N
169:WH,ES,1,N,0,WH.N
169:WHD,ES,1,N,0,WHD.N
169:WHG,ES,1,N,0,WHG.N
169:WHR,ES,1,N,0,WHR.N
169:WHRpA,ER,1,N,0,WHR.PRA.N
169:WIA,ES,1,N,0,WIA.N
169:WINN,CE,1,N,0,WINN.N
169:WIP,CE,1,P,0,WIP.P
169:WISD,CE,1,P,0,WISD.P
169:WIT,ED,1,N,0,WIT.N
169:WIW,ES,1,N,0,WIW.N
169:WK,ES,1,N,0,WK.N
169:WKC,ES,1,N,0,WKC.N
169:WLK,ES,1,N,0,WLK.N
169:WLKP,ES,1,N,0,WLKP.N
169:WLTG,CE,1,N,0,WLTG.N
169:WLY,ES,1,N,0,WLY.N
169:WLYB,ES,1,N,0,WLYB.N
169:WM,ES,1,N,0,WM.N
169:WMB,ES,1,N,0,WMB.N
169:WMK,ES,1,N,0,WMK.N
169:WMS,ES,1,N,0,WMS.N
169:WMSB,CE,1,P,0,WMSB.P
169:WNC,ES,1,N,0,WNC.N
169:WNTR,CE,1,P,0,WNTR.P
169:WOLF,ES,1,N,0,WOLF.N
169:WOMN,CE,1,P,0,WOMN.P
169:WOR,ES,1,N,0,WOR.N
169:WPAC,ES,1,N,0,WPAC.N
169:WPAC.U,EU,1,N,0,WPAC.U.N
169:WPACr,M,1,N,0,WPAC.R.N
169:WPC,ES,1,N,0,WPC.N
169:WPM,ES,1,N,0,WPM.N
169:WPP,ED,1,N,0,WPP.N
169:WRB,ES,1,N,0,WRB.N
169:WRBY,ES,1,N,0,WRBY.N
169:WS,ES,1,N,0,WS.N
169:WSM,ES,1,N,0,WSM.N
169:WSO,ES,1,N,0,WSO.N
169:WSO.B,ES,1,N,0,WSO.B.N
169:WSR,ES,1,N,0,WSR.N
169:WST,ES,1,N,0,WST.N
169:WT,ES,1,N,0,WT.N
169:WTI,ES,1,N,0,WTI.N
169:WTIB,CE,1,P,0,WTIB.P
169:WTID,CE,1,P,0,WTID.P
169:WTIU,CE,1,P,0,WTIU.P
169:WTM,ES,1,N,0,WTM.N
169:WTMF,CE,1,P,0,WTMF.P
169:WTPI,CE,1,P,0,WTPI.P
169:WTRE,CE,1,P,0,WTRE.P
169:WTRG,ES,1,N,0,WTRG.N
169:WTS,ES,1,N,0,WTS.N
169:WTTR,ES,1,N,0,WTTR.N
169:WTV,CE,1,P,0,WTV.P
169:WU,ES,1,N,0,WU.N
169:WWJD,CE,1,P,0,WWJD.P
169:WWW,ES,1,N,0,WWW.N
169:WXET,CE,1,P,0,WXET.P
169:WY,ES,1,N,0,WY.N
169:XAGG,CE,1,P,0,XAGG.P
169:XAR,CE,1,P,0,XAR.P
169:XB,CE,1,P,0,XB.P
169:XBB,CE,1,P,0,XBB.P
169:XBFR,CE,1,P,0,XBFR.P
169:XBI,CE,1,P,0,XBI.P
169:XC,CE,1,P,0,XC.P
169:XCCC,CE,1,P,0,XCCC.P
169:XCEM,CE,1,P,0,XCEM.P
169:XCHG,CE,1,P,0,XCHG.P
169:XCLR,CE,1,P,0,XCLR.P
169:XCOR,CE,1,P,0,XCOR.P
169:XES,CE,1,P,0,XES.P
169:XFIV,CE,1,P,0,XFIV.P
169:XFLH,ES,1,N,0,XFLH.N
169:XFLH.U,EU,1,N,0,XFLH.U.N
169:XFLHr,M,1,N,0,XFLH.R.N
169:XFLT,ES,1,N,0,XFLT.N
169:XFLX,CE,1,P,0,XFLX.P
169:XHB,CE,1,P,0,XHB.P
169:XHE,CE,1,P,0,XHE.P
169:XHLF,CE,1,P,0,XHLF.P
169:XHR,ES,1,N,0,XHR.N
169:XHS,CE,1,P,0,XHS.P
169:XHYC,CE,1,P,0,XHYC.P
169:XHYD,CE,1,P,0,XHYD.P
169:XHYE,CE,1,P,0,XHYE.P
169:XHYF,CE,1,P,0,XHYF.P
169:XHYH,CE,1,P,0,XHYH.P
169:XHYI,CE,1,P,0,XHYI.P
169:XHYT,CE,1,P,0,XHYT.P
169:XIDV,CE,1,P,0,XIDV.P
169:XIFR,ES,1,N,0,XIFR.N
169:XITK,CE,1,P,0,XITK.P
169:XLB,CE,1,P,0,XLB.P
169:XLBI,CE,1,P,0,XLBI.P
169:XLC,CE,1,P,0,XLC.P
169:XLCI,CE,1,P,0,XLCI.P
169:XLE,CE,1,P,0,XLE.P
169:XLEI,CE,1,P,0,XLEI.P
169:XLF,CE,1,P,0,XLF.P
169:XLFI,CE,1,P,0,XLFI.P
169:XLG,CE,1,P,0,XLG.P
169:XLI,CE,1,P,0,XLI.P
169:XLII,CE,1,P,0,XLII.P
169:XLK,CE,1,P,0,XLK.P
169:XLKI,CE,1,P,0,XLKI.P
169:XLP,CE,1,P,0,XLP.P
169:XLRE,CE,1,P,0,XLRE.P
169:XLRI,CE,1,P,0,XLRI.P
169:XLSI,CE,1,P,0,XLSI.P
169:XLSR,CE,1,P,0,XLSR.P
169:XLU,CE,1,P,0,XLU.P
169:XLUI,CE,1,P,0,XLUI.P
169:XLV,CE,1,P,0,XLV.P
169:XLVI,CE,1,P,0,XLVI.P
169:XLY,CE,1,P,0,XLY.P
169:XLYI,CE,1,P,0,XLYI.P
169:XME,CE,1,P,0,XME.P
169:XMHQ,CE,1,P,0,XMHQ.P
169:XMLV,CE,1,P,0,XMLV.P
169:XMMO,CE,1,P,0,XMMO.P
169:XMVM,CE,1,P,0,XMVM.P
169:XNAV,CE,1,P,0,XNAV.P
169:XNTK,CE,1,P,0,XNTK.P
169:XOEF,CE,1,P,0,XOEF.P
169:XOM,ES,1,N,0,XOM.N
169:XOMO,CE,1,P,0,XOMO.P
169:XONE,CE,1,P,0,XONE.P
169:XOP,CE,1,P,0,XOP.P
169:XPAY,CE,1,P,0,XPAY.P
169:XPER,ES,1,N,0,XPER.N
169:XPEV,ED,1,N,0,XPEV.N
169:XPH,CE,1,P,0,XPH.P
169:XPND,CE,1,P,0,XPND.P
169:XPO,ES,1,N,0,XPO.N
169:XPOF,ES,1,N,0,XPOF.N
169:XPP,CE,1,P,0,XPP.P
169:XPRO,ES,1,N,0,XPRO.N
169:XRLX,CE,1,P,0,XRLX.P
169:XRMI,CE,1,P,0,XRMI.P
169:XRN,ES,1,N,0,XRN.N
169:XRNpA,EP,1,N,0,XRNPRA.N
169:XRNpB,EP,1,N,0,XRNPRB.N
169:XRP,CE,1,P,0,XRP.P
169:XRPZ,CE,1,P,0,XRPZ.P
169:XRT,CE,1,P,0,XRT.P
169:XSD,CE,1,P,0,XSD.P
169:XSLV,CE,1,P,0,XSLV.P
169:XSMO,CE,1,P,0,XSMO.P
169:XSOE,CE,1,P,0,XSOE.P
169:XSVM,CE,1,P,0,XSVM.P
169:XSVN,CE,1,P,0,XSVN.P
169:XSW,CE,1,P,0,XSW.P
169:XTEN,CE,1,P,0,XTEN.P
169:XTL,CE,1,P,0,XTL.P
169:XTN,CE,1,P,0,XTN.P
169:XTR,CE,1,P,0,XTR.P
169:XTRE,CE,1,P,0,XTRE.P
169:XTWO,CE,1,P,0,XTWO.P
169:XTWY,CE,1,P,0,XTWY.P
169:XUDV,CE,1,P,0,XUDV.P
169:XV,CE,1,P,0,XV.P
169:XXI,ES,1,N,0,XXI.N
169:XXRP,CE,1,P,0,XXRP.P
169:XXV,CE,1,P,0,XXV.P
169:XYF,ED,1,N,0,XYF.N
169:XYL,ES,1,N,0,XYL.N
169:XYLD,CE,1,P,0,XYLD.P
169:XYLG,CE,1,P,0,XYLG.P
169:XYZ,ES,1,N,0,XYZ.N
169:XYZY,CE,1,P,0,XYZY.P
169:XZO,ES,1,N,0,XZO.N
169:YALA,ED,1,N,0,YALA.N
169:YALL,CE,1,P,0,YALL.P
169:YANG,CE,1,P,0,YANG.P
169:YBIT,CE,1,P,0,YBIT.P
169:YCL,CE,1,P,0,YCL.P
169:YCS,CE,1,P,0,YCS.P
169:YCY,ES,1,N,0,YCY.N
169:YCY.U,EU,1,N,0,YCY.U.N
169:YCY.WS,RW,1,N,0,YCY.WS.N
169:YEAR,CE,1,P,0,YEAR.P
169:YELP,ES,1,N,0,YELP.N
169:YETI,ES,1,N,0,YETI.N
169:YEXT,ES,1,N,0,YEXT.N
169:YFFI,CE,1,P,0,YFFI.P
169:YFYA,CE,1,P,0,YFYA.P
169:YGLD,CE,1,P,0,YGLD.P
169:YINN,CE,1,P,0,YINN.P
169:YLD,CE,1,P,0,YLD.P
169:YLDW,CE,1,P,0,YLDW.P
169:YMAG,CE,1,P,0,YMAG.P
169:YMAX,CE,1,P,0,YMAX.P
169:YMM,ED,1,N,0,YMM.N
169:YOLO,CE,1,P,0,YOLO.P
169:YOU,ES,1,N,0,YOU.N
169:YPF,ED,1,N,0,YPF.N
169:YRD,ED,1,N,0,YRD.N
169:YSG,ED,1,N,0,YSG.N
169:YSS,ES,1,N,0,YSS.N
169:YUM,ES,1,N,0,YUM.N
169:YUMC,ES,1,N,0,YUMC.N
169:YXI,CE,1,P,0,YXI.P
169:YYY,CE,1,P,0,YYY.P
169:YYYM,CE,1,P,0,YYYM.P
169:ZBH,ES,1,N,0,ZBH.N
169:ZCBA,CE,1,P,0,ZCBA.P
169:ZCBB,CE,1,P,0,ZCBB.P
169:ZCBC,CE,1,P,0,ZCBC.P
169:ZCBE,CE,1,P,0,ZCBE.P
169:ZCBF,CE,1,P,0,ZCBF.P
169:ZCBG,CE,1,P,0,ZCBG.P
169:ZEPP,ED,1,N,0,ZEPP.N
169:ZETA,ES,1,N,0,ZETA.N
169:ZETX,CE,1,P,0,ZETX.P
169:ZGN,ES,1,N,0,ZGN.N
169:ZH,ED,1,N,0,ZH.N
169:ZHDG,CE,1,P,0,ZHDG.P
169:ZIG,CE,1,P,0,ZIG.P
169:ZIM,ES,1,N,0,ZIM.N
169:ZIP,ES,1,N,0,ZIP.N
169:ZKH,ED,1,N,0,ZKH.N
169:ZROZ,CE,1,P,0,ZROZ.P
169:ZSB,CE,1,P,0,ZSB.P
169:ZSC,CE,1,P,0,ZSC.P
169:ZSL,CE,1,P,0,ZSL.P
169:ZTAX,CE,1,P,0,ZTAX.P
169:ZTO,ED,1,N,0,ZTO.N
169:ZTR,ES,1,N,0,ZTR.N
169:ZTS,ES,1,N,0,ZTS.N
169:ZVIA,ES,1,N,0,ZVIA.N
169:ZWS,ES,1,N,0,ZWS.N
170:ACCS,ES,1,A,0,ACCS.A
170:ACU,ES,1,A,0,ACU.A
170:AEF,ES,1,A,0,AEF.A
170:AEON,ES,1,A,0,AEON.A
170:AGIG,ES,1,A,0,AGIG.A
170:AIB,ES,1,A,0,AIB.A
170:AIM,ES,1,A,0,AIM.A
170:AIRI,ES,1,A,0,AIRI.A
170:AMBO,ED,1,A,0,AMBO.A
170:AMS,ES,1,A,0,AMS.A
170:AMZE,ES,1,A,0,AMZE.A
170:APT,ES,1,A,0,APT.A
170:APUS,ES,1,A,0,APUS.A
170:AREN,ES,1,A,0,AREN.A
170:ARMP,ES,1,A,0,ARMP.A
170:ASM,ES,1,A,0,ASM.A
170:ATCH,ES,1,A,0,ATCH.A
170:ATNM,ES,1,A,0,ATNM.A
170:AUST,ES,1,A,0,AUST.A
170:AWX,ES,1,A,0,AWX.A
170:AXIL,ES,1,A,0,AXIL.A
170:AZTR,ES,1,A,0,AZTR.A
170:BATL,ES,1,A,0,BATL.A
170:BCHT,ES,1,A,0,BCHT.A
170:BCV,ES,1,A,0,BCV.A
170:BCVpA,EP,1,A,0,BCVPRA.A
170:BDL,ES,1,A,0,BDL.A
170:BESS,ES,1,A,0,BESS.A
170:BESS.WS,RW,1,A,0,BESS.WS.A
170:BGI,ES,1,A,0,BGI.A
170:BHB,ES,1,A,0,BHB.A
170:BHM,ES,1,A,0,BHM.A
170:BKTI,ES,1,A,0,BKTI.A
170:BMNR,ES,1,A,0,BMNR.A
170:BQ,ES,1,A,0,BQ.A
170:BRBS,ES,1,A,0,BRBS.A
170:BRIA,ES,1,A,0,BRIA.A
170:BRN,ES,1,A,0,BRN.A
170:BTG,ES,1,A,1,BTG.A
170:BUDA,ES,1,A,0,BUDA.A
170:BURU,ES,1,A,0,BURU.A
170:CANF,ED,1,A,0,CANF.A
170:CATX,ES,1,A,0,CATX.A
170:CCEL,ES,1,A,0,CCEL.A
170:CET,ES,1,A,0,CET.A
170:CEV,ES,1,A,0,CEV.A
170:CHOW,ES,1,A,0,CHOW.A
170:CIK,ES,1,A,0,CIK.A
170:CITR,ES,1,A,0,CITR.A
170:CIX,ES,1,A,0,CIX.A
170:CKX,ES,1,A,0,CKX.A
170:CLDI,ES,1,A,0,CLDI.A
170:CLM,ES,1,A,0,CLM.A
170:CMCL,ES,1,A,0,CMCL.A
170:CMT,ES,1,A,0,CMT.A
170:CNL,ES,1,A,0,CNL.A
170:COE,ED,1,A,0,COE.A
170:COHN,ES,1,A,0,COHN.A
170:CPHI,ES,1,A,0,CPHI.A
170:CRF,ES,1,A,0,CRF.A
170:CTGO,ES,1,A,0,CTGO.A
170:CTM,ES,1,A,0,CTM.A
170:CVM,ES,1,A,0,CVM.A
170:CVR,ES,1,A,0,CVR.A
170:CVU,ES,1,A,0,CVU.A
170:DC,ES,1,A,0,DC.A
170:DDC,ES,1,A,0,DDC.A
170:DHY,ES,1,A,0,DHY.A
170:DIT,ES,1,A,0,DIT.A
170:DNN,ES,1,A,0,DNN.A
170:DSS,ES,1,A,0,DSS.A
170:DVS,ES,1,A,0,DVS.A
170:DXF,ED,1,A,0,DXF.A
170:EAD,ES,1,A,0,EAD.A
170:ECF,ES,1,A,0,ECF.A
170:ECFpA,EP,1,A,0,ECFPRA.A
170:EGG,ES,1,A,0,EGG.A
170:EIM,ES,1,A,0,EIM.A
170:ELA,ES,1,A,0,ELA.A
170:ELLO,ES,1,A,0,ELLO.A
170:ELMD,ES,1,A,0,ELMD.A
170:EONR,ES,1,A,0,EONR.A
170:EONR.WS,RW,1,A,0,EONR.WS.A
170:EP,ES,1,A,0,EP.A
170:EPM,ES,1,A,0,EPM.A
170:EQX,ES,1,A,0,EQX.A
170:ERC,ES,1,A,0,ERC.A
170:ERH,ES,1,A,0,ERH.A
170:ESP,ES,1,A,0,ESP.A
170:EVI,ES,1,A,0,EVI.A
170:EVV,ES,1,A,0,EVV.A
170:EXOD,ES,1,A,0,EXOD.A
170:FAX,ES,1,A,0,FAX.A
170:FCO,ES,1,A,0,FCO.A
170:FJET,ES,1,A,0,FJET.A
170:FLYX,ES,1,A,0,FLYX.A
170:FLYX.WS,RW,1,A,0,FLYX.WS.A
170:FSI,ES,1,A,0,FSI.A
170:FSP,ES,1,A,0,FSP.A
170:FTF,ES,1,A,0,FTF.A
170:FURY,ES,1,A,0,FURY.A
170:GAU,ES,1,A,0,GAU.A
170:GBR,ES,1,A,0,GBR.A
170:GCDT,ES,1,A,0,GCDT.A
170:GENC,ES,1,A,0,GENC.A
170:GGN,ES,1,A,0,GGN.A
170:GGNpB,EP,1,A,0,GGNPRB.A
170:GLDG,ES,1,A,0,GLDG.A
170:GLO,ES,1,A,0,GLO.A
170:GLQ,ES,1,A,0,GLQ.A
170:GLU,ES,1,A,0,GLU.A
170:GLUpA,EP,1,A,0,GLUPRA.A
170:GLUpB,EP,1,A,0,GLUPRB.A
170:GLV,ES,1,A,0,GLV.A
170:GNS,ES,1,A,0,GNS.A
170:GORO,ES,1,A,0,GORO.A
170:GPUS,ES,1,A,0,GPUS.A
170:GPUSpD,EP,1,A,0,GPUSPRD.A
170:GRAF,ES,1,A,0,GRAF.A
170:GRAF.U,EU,1,A,0,GRAF.U.A
170:GRAF.WS,RW,1,A,0,GRAF.WS.A
170:GRF,ES,1,A,0,GRF.A
170:GRO,ES,1,A,0,GRO.A
170:GROY,ES,1,A,0,GROY.A
170:GROY.WS,RW,1,A,0,GROY.WS.A
170:GTE,ES,1,A,0,GTE.A
170:HCWC,ES,1,A,0,HCWC.A
170:HSLV,ES,1,A,0,HSLV.A
170:HYLN,ES,1,A,0,HYLN.A
170:IAF,ES,1,A,0,IAF.A
170:IAUX,ES,1,A,0,IAUX.A
170:IAUX.WS,RW,1,A,0,IAUX.WS.A
170:IBO,ES,1,A,0,IBO.A
170:IDR,ES,1,A,0,IDR.A
170:IE,ES,1,A,0,IE.A
170:IGC,ES,1,A,0,IGC.A
170:IHT,ES,1,A,0,IHT.A
170:IMO,ES,1,A,0,IMO.A
170:INDO,ES,1,A,0,INDO.A
170:INFU,ES,1,A,0,INFU.A
170:INLX,ES,1,A,0,INLX.A
170:INTT,ES,1,A,0,INTT.A
170:INUV,ES,1,A,0,INUV.A
170:IOR,ES,1,A,0,IOR.A
170:ISOU,ES,1,A,0,ISOU.A
170:ITP,ES,1,A,0,ITP.A
170:ITRG,ES,1,A,0,ITRG.A
170:JAGU,ES,1,A,0,JAGU.A
170:JMG,ES,1,A,0,JMG.A
170:JOB,ES,1,A,0,JOB.A
170:KAPA,ES,1,A,0,KAPA.A
170:KNRX,ES,1,A,0,KNRX.A
170:KULR,ES,1,A,1,KULR.A
170:LCTX,ES,1,A,0,LCTX.A
170:LEGO,ES,1,A,0,LEGO.A
170:LEGO.U,EU,1,A,0,LEGO.U.A
170:LEGO.WS,RW,1,A,0,LEGO.WS.A
170:LEGT,ES,1,A,0,LEGT.A
170:LEGT.U,EU,1,A,0,LEGT.U.A
170:LEGT.WS,RW,1,A,0,LEGT.WS.A
170:LGCY,ES,1,A,0,LGCY.A
170:LGL,ES,1,A,0,LGL.A
170:LGPS,ES,1,A,0,LGPS.A
170:LODE,ES,1,A,0,LODE.A
170:LPA,ES,1,A,0,LPA.A
170:LSF,ES,1,A,0,LSF.A
170:LUD,ES,1,A,0,LUD.A
170:MAIA,ES,1,A,0,MAIA.A
170:MCRP,ES,1,A,0,MCRP.A
170:MGLD,ES,1,A,0,MGLD.A
170:MHH,ES,1,A,0,MHH.A
170:MI,ES,1,A,0,MI.A
170:MINE,ES,1,A,0,MINE.A
170:MITQ,ES,1,A,0,MITQ.A
170:MLSS,ES,1,A,0,MLSS.A
170:MMA,ES,1,A,0,MMA.A
170:MPTI,ES,1,A,0,MPTI.A
170:MPU,ES,1,A,0,MPU.A
170:MRT,ES,1,A,0,MRT.A
170:MSN,ES,1,A,0,MSN.A
170:MTA,ES,1,A,0,MTA.A
170:MTNB,ES,1,A,0,MTNB.A
170:MWG,ES,1,A,0,MWG.A
170:MXC,ES,1,A,0,MXC.A
170:MYND,ED,1,A,0,MYND.A
170:MYO,ES,1,A,0,MYO.A
170:NAK,ES,1,A,0,NAK.A
170:NBH,ES,1,A,0,NBH.A
170:NBY,ES,1,A,0,NBY.A
170:NCL,ES,1,A,0,NCL.A
170:NEN,ED,1,A,0,NEN.A
170:NEWP,ES,1,A,0,NEWP.A
170:NFGC,ES,1,A,0,NFGC.A
170:NG,ES,1,A,0,NG.A
170:NGD,ES,1,A,0,NGD.A
170:NHC,ES,1,A,0,NHC.A
170:NHS,ES,1,A,0,NHS.A
170:NML,ES,1,A,0,NML.A
170:NNVC,ES,1,A,0,NNVC.A
170:NRO,ES,1,A,0,NRO.A
170:NRXS,ES,1,A,0,NRXS.A
170:NSRX,ES,1,A,0,NSRX.A
170:NTIP,ES,1,A,0,NTIP.A
170:OBE,ES,1,A,0,OBE.A
170:OGEN,ES,1,A,0,OGEN.A
170:OPHC,ES,1,A,0,OPHC.A
170:OPPpC,EP,1,A,0,OPPPRC.A
170:OPTT,ES,1,A,0,OPTT.A
170:ORLA,ES,1,A,0,ORLA.A
170:OSTX,ES,1,A,0,OSTX.A
170:OTH,ES,1,A,0,OTH.A
170:OZ,EU,1,A,0,OZ.A
170:PAPL,ES,1,A,0,PAPL.A
170:PCGpA,EP,1,A,0,PCGPRA.A
170:PCGpB,EP,1,A,0,PCGPRB.A
170:PCGpC,EP,1,A,0,PCGPRC.A
170:PCGpD,EP,1,A,0,PCGPRD.A
170:PCGpE,EP,1,A,0,PCGPRE.A
170:PCGpG,EP,1,A,0,PCGPRG.A
170:PCGpH,EP,1,A,0,PCGPRH.A
170:PCGpI,EP,1,A,0,PCGPRI.A
170:PED,ES,1,A,0,PED.A
170:PHGE,ES,1,A,0,PHGE.A
170:PHXEp,EP,1,A,0,PHXEPR.A
170:PLAG,ES,1,A,0,PLAG.A
170:PLG,ES,1,A,0,PLG.A
170:PLX,ES,1,A,0,PLX.A
170:PMI,ES,1,A,0,PMI.A
170:PMNT,ES,1,A,0,PMNT.A
170:POAS,ES,1,A,0,POAS.A
170:PRK,ES,1,A,0,PRK.A
170:PTHS,ES,1,A,0,PTHS.A
170:PTN,ES,1,A,0,PTN.A
170:PW,ES,1,A,0,PW.A
170:PWpA,EP,1,A,0,PWPRA.A
170:PZG,ES,1,A,0,PZG.A
170:QNC,ES,1,A,0,QNC.A
170:RCG,ES,1,A,0,RCG.A
170:REED,ES,1,A,0,REED.A
170:REI,ES,1,A,0,REI.A
170:REPX,ES,1,A,0,REPX.A
170:RGNT,ES,1,A,0,RGNT.A
170:RLGT,ES,1,A,0,RLGT.A
170:ROLR,ES,1,A,0,ROLR.A
170:RVP,ES,1,A,0,RVP.A
170:RYDE,ES,1,A,0,RYDE.A
170:SACH,ES,1,A,0,SACH.A
170:SACHpA,EP,1,A,0,SACHPRA.A
170:SBEV,ES,1,A,0,SBEV.A
170:SEB,ES,1,A,0,SEB.A
170:SER,ES,1,A,0,SER.A
170:SIF,ES,1,A,0,SIF.A
170:SIM,ED,1,A,0,SIM.A
170:SLI,ES,1,A,0,SLI.A
170:SLND,ES,1,A,0,SLND.A
170:SLND.WS,RW,1,A,0,SLND.WS.A
170:SLSR,ES,1,A,0,SLSR.A
170:SMJF,ES,1,A,0,SMJF.A
170:SOAR,ES,1,A,0,SOAR.A
170:SRXH,ES,1,A,0,SRXH.A
170:STRW,ES,1,A,0,STRW.A
170:STXS,ES,1,A,0,STXS.A
170:SVM,ES,1,A,0,SVM.A
170:SYNX,ES,1,A,0,SYNX.A
170:TCGL,ES,1,A,0,TCGL.A
170:TGB,ES,1,A,0,TGB.A
170:TGE.WS,RW,1,A,0,TGE.WS.A
170:TGEN,ES,1,A,0,TGEN.A
170:THM,ES,1,A,0,THM.A
170:TII,ES,1,A,0,TII.A
170:TMDE,ES,1,A,0,TMDE.A
170:TMP,ES,1,A,0,TMP.A
170:TMQ,ES,1,A,0,TMQ.A
170:TOON,ES,1,A,0,TOON.A
170:TOPP,ES,1,A,0,TOPP.A
170:TOPS,ES,1,A,0,TOPS.A
170:TOVX,ES,1,A,0,TOVX.A
170:TPET,ES,1,A,0,TPET.A
170:TRT,ES,1,A,0,TRT.A
170:TRX,ES,1,A,0,TRX.A
170:UAC,ES,1,A,0,UAC.A
170:UAC.U,EU,1,A,0,UAC.U.A
170:UAC.WS,RW,1,A,0,UAC.WS.A
170:UAVS,ES,1,A,0,UAVS.A
170:UEC,ES,1,A,0,UEC.A
170:UMAC,ES,1,A,0,UMAC.A
170:URG,ES,1,A,0,URG.A
170:USAS,ES,1,A,0,USAS.A
170:USBC,ES,1,A,0,USBC.A
170:UTG,ES,1,A,0,UTG.A
170:UUU,ES,1,A,0,UUU.A
170:UUUU,ES,1,A,0,UUUU.A
170:VENU,ES,1,A,0,VENU.A
170:VFL,ES,1,A,0,VFL.A
170:VGZ,ES,1,A,0,VGZ.A
170:VKI,ES,1,A,0,VKI.A
170:VNRX,ES,1,A,0,VNRX.A
170:VNTG,ES,1,A,0,VNTG.A
170:VTAK,ES,1,A,0,VTAK.A
170:VZLA,ES,1,A,0,VZLA.A
170:WRN,ES,1,A,0,WRN.A
170:WWR,ES,1,A,0,WWR.A
170:WYY,ES,1,A,0,WYY.A
170:XPL,ES,1,A,0,XPL.A
170:XTNT,ES,1,A,0,XTNT.A
170:YCBD,ES,1,A,0,YCBD.A
170:ZDGE,ES,1,A,0,ZDGE.A
170:ZONE,ES,1,A,0,ZONE.A
171:AAAA,CE,1,Z,0,AAAA.B
171:AAAU,CE,1,Z,0,AAAU.B
171:AAPR,CE,1,Z,0,AAPR.B
171:AAPW,CE,1,Z,0,AAPW.B
171:AAPX,CE,1,Z,0,AAPX.B
171:AAPY,CE,1,Z,0,AAPY.B
171:AAUM,CE,1,Z,0,AAUM.B
171:ABFL,CE,1,Z,0,ABFL.B
171:ABLD,CE,1,Z,0,ABLD.B
171:ABLG,CE,1,Z,0,ABLG.B
171:ABLS,CE,1,Z,0,ABLS.B
171:ABOT,CE,1,Z,0,ABOT.B
171:ABXB,CE,1,Z,0,ABXB.B
171:ACIO,CE,1,Z,0,ACIO.B
171:ACSG,CE,1,Z,0,ACSG.B
171:ACSI,CE,1,Z,0,ACSI.B
171:ACSV,CE,1,Z,0,ACSV.B
171:ACWV,CE,1,Z,0,ACWV.B
171:ADFI,CE,1,Z,0,ADFI.B
171:ADME,CE,1,Z,0,ADME.B
171:AEMS,CE,1,Z,0,AEMS.B
171:AESR,CE,1,Z,0,AESR.B
171:AFIF,CE,1,Z,0,AFIF.B
171:AFRU,CE,1,Z,0,AFRU.B
171:AIOO,CE,1,Z,0,AIOO.B
171:AJAN,CE,1,Z,0,AJAN.B
171:AJUL,CE,1,Z,0,AJUL.B
171:AMDW,CE,1,Z,0,AMDW.B
171:AMZP,CE,1,Z,0,AMZP.B
171:AMZW,CE,1,Z,0,AMZW.B
171:AOCT,CE,1,Z,0,AOCT.B
171:APHU,CE,1,Z,0,APHU.B
171:APLX,CE,1,Z,0,APLX.B
171:APLZ,CE,1,Z,0,APLZ.B
171:APOC,CE,1,Z,0,APOC.B
171:APRB,CE,1,Z,0,APRB.B
171:APRH,CE,1,Z,0,APRH.B
171:APRJ,CE,1,Z,0,APRJ.B
171:APRP,CE,1,Z,0,APRP.B
171:APRT,CE,1,Z,0,APRT.B
171:APRW,CE,1,Z,0,APRW.B
171:APRZ,CE,1,Z,0,APRZ.B
171:APXM,CE,1,Z,0,APXM.B
171:AQEC,CE,1,Z,0,AQEC.B
171:AQLT,CE,1,Z,0,AQLT.B
171:ARCM,CE,1,Z,0,ARCM.B
171:ARCX,CE,1,Z,0,ARCX.B
171:ARKB,CE,1,Z,0,ARKB.B
171:ARKD,CE,1,Z,0,ARKD.B
171:ARKF,CE,1,Z,0,ARKF.B
171:ARKG,CE,1,Z,0,ARKG.B
171:ARKK,CE,1,Z,0,ARKK.B
171:ARKQ,CE,1,Z,0,ARKQ.B
171:ARKT,CE,1,Z,0,ARKT.B
171:ARKW,CE,1,Z,0,ARKW.B
171:ARKX,CE,1,Z,0,ARKX.B
171:ARLU,CE,1,Z,0,ARLU.B
171:ARMW,CE,1,Z,0,ARMW.B
171:ARWG,CE,1,Z,0,ARWG.B
171:ASTN,CE,1,Z,0,ASTN.B
171:ASTX,CE,1,Z,0,ASTX.B
171:ATMP,CE,1,Z,0,ATMP.B
171:ATTR,CE,1,Z,0,ATTR.B
171:AUGM,CE,1,Z,0,AUGM.B
171:AUGP,CE,1,Z,0,AUGP.B
171:AUGT,CE,1,Z,0,AUGT.B
171:AUGU,CE,1,Z,0,AUGU.B
171:AUGW,CE,1,Z,0,AUGW.B
171:AUGZ,CE,1,Z,0,AUGZ.B
171:AVGW,CE,1,Z,0,AVGW.B
171:AVRY,CE,1,Z,0,AVRY.B
171:BABW,CE,1,Z,0,BABW.B
171:BAGY,CE,1,Z,0,BAGY.B
171:BALI,CE,1,Z,0,BALI.B
171:BALT,CE,1,Z,0,BALT.B
171:BAMA,CE,1,Z,0,BAMA.B
171:BAMB,CE,1,Z,0,BAMB.B
171:BAMD,CE,1,Z,0,BAMD.B
171:BAMG,CE,1,Z,0,BAMG.B
171:BAMO,CE,1,Z,0,BAMO.B
171:BAMU,CE,1,Z,0,BAMU.B
171:BAMV,CE,1,Z,0,BAMV.B
171:BAMY,CE,1,Z,0,BAMY.B
171:BAPR,CE,1,Z,0,BAPR.B
171:BAUG,CE,1,Z,0,BAUG.B
171:BBAX,CE,1,Z,0,BBAX.B
171:BBCA,CE,1,Z,0,BBCA.B
171:BBEM,CE,1,Z,0,BBEM.B
171:BBEU,CE,1,Z,0,BBEU.B
171:BBHY,CE,1,Z,0,BBHY.B
171:BBIB,CE,1,Z,0,BBIB.B
171:BBIN,CE,1,Z,0,BBIN.B
171:BBJP,CE,1,Z,0,BBJP.B
171:BBLB,CE,1,Z,0,BBLB.B
171:BBRE,CE,1,Z,0,BBRE.B
171:BBSB,CE,1,Z,0,BBSB.B
171:BBUS,CE,1,Z,0,BBUS.B
171:BCCC,CE,1,Z,0,BCCC.B
171:BCHP,CE,1,Z,0,BCHP.B
171:BCKT,CE,1,Z,0,BCKT.B
171:BDEC,CE,1,Z,0,BDEC.B
171:BEGS,CE,1,Z,0,BEGS.B
171:BEMB,CE,1,Z,0,BEMB.B
171:BESF,CE,1,Z,0,BESF.B
171:BEX,CE,1,Z,0,BEX.B
171:BEZ,CE,1,Z,0,BEZ.B
171:BFEB,CE,1,Z,0,BFEB.B
171:BFLB,CE,1,Z,0,BFLB.B
171:BGLD,CE,1,Z,0,BGLD.B
171:BHYB,CE,1,Z,0,BHYB.B
171:BILT,CE,1,Z,0,BILT.B
171:BINV,CE,1,Z,0,BINV.B
171:BITK,CE,1,Z,0,BITK.B
171:BITX,CE,1,Z,0,BITX.B
171:BITY,CE,1,Z,0,BITY.B
171:BJAN,CE,1,Z,0,BJAN.B
171:BJUL,CE,1,Z,0,BJUL.B
171:BJUN,CE,1,Z,0,BJUN.B
171:BKGI,CE,1,Z,0,BKGI.B
171:BLDG,CE,1,Z,0,BLDG.B
171:BMAR,CE,1,Z,0,BMAR.B
171:BMAY,CE,1,Z,0,BMAY.B
171:BMNU,CE,1,Z,0,BMNU.B
171:BNDY,CE,1,Z,0,BNDY.B
171:BNOV,CE,1,Z,0,BNOV.B
171:BOCT,CE,1,Z,0,BOCT.B
171:BOXA,CE,1,Z,0,BOXA.B
171:BOXX,CE,1,Z,0,BOXX.B
171:BRKW,CE,1,Z,0,BRKW.B
171:BRLN,CE,1,Z,0,BRLN.B
171:BSEP,CE,1,Z,0,BSEP.B
171:BSMC,CE,1,Z,0,BSMC.B
171:BTCI,CE,1,Z,0,BTCI.B
171:BTCL,CE,1,Z,0,BTCL.B
171:BTCO,CE,1,Z,0,BTCO.B
171:BTCW,CE,1,Z,0,BTCW.B
171:BTCZ,CE,1,Z,0,BTCZ.B
171:BTFL,CE,1,Z,0,BTFL.B
171:BUFB,CE,1,Z,0,BUFB.B
171:BUFD,CE,1,Z,0,BUFD.B
171:BUFF,CE,1,Z,0,BUFF.B
171:BUFG,CE,1,Z,0,BUFG.B
171:BUFH,CE,1,Z,0,BUFH.B
171:BUFP,CE,1,Z,0,BUFP.B
171:BUFQ,CE,1,Z,0,BUFQ.B
171:BUFR,CE,1,Z,0,BUFR.B
171:BUFS,CE,1,Z,0,BUFS.B
171:BUFT,CE,1,Z,0,BUFT.B
171:BUFX,CE,1,Z,0,BUFX.B
171:BUFY,CE,1,Z,0,BUFY.B
171:BUFZ,CE,1,Z,0,BUFZ.B
171:BUSA,CE,1,Z,0,BUSA.B
171:BUYW,CE,1,Z,0,BUYW.B
171:BUYZ,CE,1,Z,0,BUYZ.B
171:BWTG,CE,1,Z,0,BWTG.B
171:CABZ,CE,1,Z,0,CABZ.B
171:CALF,CE,1,Z,0,CALF.B
171:CAOS,CE,1,Z,0,CAOS.B
171:CBOA,CE,1,Z,0,CBOA.B
171:CBOE,ES,1,Z,1,CBOE.B
171:CBOJ,CE,1,Z,0,CBOJ.B
171:CBOL,CE,1,Z,0,CBOL.B
171:CBOO,CE,1,Z,0,CBOO.B
171:CBOY,CE,1,Z,0,CBOY.B
171:CBTA,CE,1,Z,0,CBTA.B
171:CBTJ,CE,1,Z,0,CBTJ.B
171:CBTL,CE,1,Z,0,CBTL.B
171:CBTO,CE,1,Z,0,CBTO.B
171:CBTY,CE,1,Z,0,CBTY.B
171:CBXA,CE,1,Z,0,CBXA.B
171:CBXJ,CE,1,Z,0,CBXJ.B
171:CBXL,CE,1,Z,0,CBXL.B
171:CBXO,CE,1,Z,0,CBXO.B
171:CBXY,CE,1,Z,0,CBXY.B
171:CCUP,CE,1,Z,0,CCUP.B
171:CEFS,CE,1,Z,0,CEFS.B
171:CEFZ,CE,1,Z,0,CEFZ.B
171:CEGX,CE,1,Z,0,CEGX.B
171:CEMB,CE,1,Z,0,CEMB.B
171:CFIT,CE,1,Z,0,CFIT.B
171:CIFU,CE,1,Z,0,CIFU.B
171:CLSE,CE,1,Z,0,CLSE.B
171:CLSX,CE,1,Z,0,CLSX.B
171:CLSZ,CE,1,Z,0,CLSZ.B
171:CMCI,CE,1,Z,0,CMCI.B
171:CNAV,CE,1,Z,0,CNAV.B
171:CNYA,CE,1,Z,0,CNYA.B
171:COHX,CE,1,Z,0,COHX.B
171:COII,CE,1,Z,0,COII.B
171:COIO,CE,1,Z,0,COIO.B
171:COIW,CE,1,Z,0,COIW.B
171:COMD,CE,1,Z,0,COMD.B
171:COPA,CE,1,Z,0,COPA.B
171:CORD,CE,1,Z,0,CORD.B
171:COSW,CE,1,Z,0,COSW.B
171:COWZ,CE,1,Z,0,COWZ.B
171:COZX,CE,1,Z,0,COZX.B
171:CPSL,CE,1,Z,0,CPSL.B
171:CRCD,CE,1,Z,0,CRCD.B
171:CRDU,CE,1,Z,0,CRDU.B
171:CRMX,CE,1,Z,0,CRMX.B
171:CRWU,CE,1,Z,0,CRWU.B
171:CSEX,CE,1,Z,0,CSEX.B
171:CSM,CE,1,Z,0,CSM.B
171:CSTK,CE,1,Z,0,CSTK.B
171:CTEF,CE,1,Z,0,CTEF.B
171:CTIF,CE,1,Z,0,CTIF.B
171:CVAR,CE,1,Z,0,CVAR.B
171:CWII,CE,1,Z,0,CWII.B
171:CWVX,CE,1,Z,0,CWVX.B
171:DAPR,CE,1,Z,0,DAPR.B
171:DAUG,CE,1,Z,0,DAUG.B
171:DDEC,CE,1,Z,0,DDEC.B
171:DDFD,CE,1,Z,0,DDFD.B
171:DDFF,CE,1,Z,0,DDFF.B
171:DDFJ,CE,1,Z,0,DDFJ.B
171:DDFL,CE,1,Z,0,DDFL.B
171:DDFM,CE,1,Z,0,DDFM.B
171:DDFN,CE,1,Z,0,DDFN.B
171:DDFO,CE,1,Z,0,DDFO.B
171:DDFS,CE,1,Z,0,DDFS.B
171:DDLS,CE,1,Z,0,DDLS.B
171:DDNQ,CE,1,Z,0,DDNQ.B
171:DDSQ,CE,1,Z,0,DDSQ.B
171:DDTD,CE,1,Z,0,DDTD.B
171:DDTF,CE,1,Z,0,DDTF.B
171:DDTJ,CE,1,Z,0,DDTJ.B
171:DDTL,CE,1,Z,0,DDTL.B
171:DDTM,CE,1,Z,0,DDTM.B
171:DDTN,CE,1,Z,0,DDTN.B
171:DDTO,CE,1,Z,0,DDTO.B
171:DDTS,CE,1,Z,0,DDTS.B
171:DDV,CE,1,Z,0,DDV.B
171:DDWM,CE,1,Z,0,DDWM.B
171:DDX,CE,1,Z,0,DDX.B
171:DDXX,CE,1,Z,0,DDXX.B
171:DECM,CE,1,Z,0,DECM.B
171:DECP,CE,1,Z,0,DECP.B
171:DECT,CE,1,Z,0,DECT.B
171:DECU,CE,1,Z,0,DECU.B
171:DECW,CE,1,Z,0,DECW.B
171:DECZ,CE,1,Z,0,DECZ.B
171:DEFR,CE,1,Z,0,DEFR.B
171:DFEB,CE,1,Z,0,DFEB.B
171:DFIC,CE,1,Z,0,DFIC.B
171:DFIS,CE,1,Z,0,DFIS.B
171:DFNL,CE,1,Z,0,DFNL.B
171:DGJA,CE,1,Z,0,DGJA.B
171:DGOC,CE,1,Z,0,DGOC.B
171:DHDG,CE,1,Z,0,DHDG.B
171:DIHP,CE,1,Z,0,DIHP.B
171:DINT,CE,1,Z,0,DINT.B
171:DISV,CE,1,Z,0,DISV.B
171:DIVB,CE,1,Z,0,DIVB.B
171:DIVN,CE,1,Z,0,DIVN.B
171:DJAN,CE,1,Z,0,DJAN.B
171:DJTU,CE,1,Z,0,DJTU.B
171:DJUL,CE,1,Z,0,DJUL.B
171:DJUN,CE,1,Z,0,DJUN.B
171:DLAG,CE,1,Z,0,DLAG.B
171:DLFE,CE,1,Z,0,DLFE.B
171:DLNV,CE,1,Z,0,DLNV.B
171:DMAR,CE,1,Z,0,DMAR.B
171:DMAX,CE,1,Z,0,DMAX.B
171:DMAY,CE,1,Z,0,DMAY.B
171:DNOV,CE,1,Z,0,DNOV.B
171:DOCT,CE,1,Z,0,DOCT.B
171:DOGD,CE,1,Z,0,DOGD.B
171:DOGG,CE,1,Z,0,DOGG.B
171:DOJE,CE,1,Z,0,DOJE.B
171:DRGN,CE,1,Z,0,DRGN.B
171:DRNL,CE,1,Z,0,DRNL.B
171:DRSK,CE,1,Z,0,DRSK.B
171:DSEP,CE,1,Z,0,DSEP.B
171:DUBS,CE,1,Z,0,DUBS.B
171:DURA,CE,1,Z,0,DURA.B
171:DUSA,CE,1,Z,0,DUSA.B
171:DVVY,CE,1,Z,0,DVVY.B
171:DWLD,CE,1,Z,0,DWLD.B
171:EALT,CE,1,Z,0,EALT.B
171:EAOA,CE,1,Z,0,EAOA.B
171:EAOK,CE,1,Z,0,EAOK.B
171:EAOM,CE,1,Z,0,EAOM.B
171:EAOR,CE,1,Z,0,EAOR.B
171:ECH,CE,1,Z,0,ECH.B
171:EDEN,CE,1,Z,0,EDEN.B
171:EDGE,CE,1,Z,0,EDGE.B
171:EEMV,CE,1,Z,0,EEMV.B
171:EFAD,CE,1,Z,0,EFAD.B
171:EFAV,CE,1,Z,0,EFAV.B
171:EFG,CE,1,Z,0,EFG.B
171:EFNL,CE,1,Z,0,EFNL.B
171:EFV,CE,1,Z,0,EFV.B
171:EGUS,CE,1,Z,0,EGUS.B
171:EHY,CE,1,Z,0,EHY.B
171:EMDV,CE,1,Z,0,EMDV.B
171:EMGF,CE,1,Z,0,EMGF.B
171:EMHY,CE,1,Z,0,EMHY.B
171:EMTL,CE,1,Z,0,EMTL.B
171:ENOR,CE,1,Z,0,ENOR.B
171:ENPX,CE,1,Z,0,ENPX.B
171:EOSU,CE,1,Z,0,EOSU.B
171:EPRF,CE,1,Z,0,EPRF.B
171:EQLT,CE,1,Z,0,EQLT.B
171:ESG,CE,1,Z,0,ESG.B
171:ESGG,CE,1,Z,0,ESGG.B
171:ESGV,CE,1,Z,1,ESGV.B
171:ESK,CE,1,Z,0,ESK.B
171:ESML,CE,1,Z,0,ESML.B
171:ETHU,CE,1,Z,0,ETHU.B
171:ETHV,CE,1,Z,0,ETHV.B
171:ETTY,CE,1,Z,0,ETTY.B
171:ETU,CE,1,Z,0,ETU.B
171:EUAD,CE,1,Z,0,EUAD.B
171:EUDV,CE,1,Z,0,EUDV.B
171:EUHY,CE,1,Z,0,EUHY.B
171:EUIG,CE,1,Z,0,EUIG.B
171:EVLU,CE,1,Z,0,EVLU.B
171:EVUS,CE,1,Z,0,EVUS.B
171:EWUS,CE,1,Z,0,EWUS.B
171:EYLD,CE,1,Z,0,EYLD.B
171:EZBC,CE,1,Z,0,EZBC.B
171:EZET,CE,1,Z,0,EZET.B
171:EZPZ,CE,1,Z,0,EZPZ.B
171:EZU,CE,1,Z,0,EZU.B
171:FAPR,CE,1,Z,0,FAPR.B
171:FAUG,CE,1,Z,0,FAUG.B
171:FB,CE,1,Z,0,FB.B
171:FBCG,CE,1,Z,0,FBCG.B
171:FBCV,CE,1,Z,0,FBCV.B
171:FBTC,CE,1,Z,0,FBTC.B
171:FBUF,CE,1,Z,0,FBUF.B
171:FCLD,CE,1,Z,0,FCLD.B
171:FCPI,CE,1,Z,0,FCPI.B
171:FCTR,CE,1,Z,0,FCTR.B
171:FDEC,CE,1,Z,0,FDEC.B
171:FDEM,CE,1,Z,0,FDEM.B
171:FDEV,CE,1,Z,0,FDEV.B
171:FDND,CE,1,Z,0,FDND.B
171:FDRV,CE,1,Z,0,FDRV.B
171:FEBM,CE,1,Z,0,FEBM.B
171:FEBP,CE,1,Z,0,FEBP.B
171:FEBT,CE,1,Z,0,FEBT.B
171:FEBU,CE,1,Z,0,FEBU.B
171:FEBW,CE,1,Z,0,FEBW.B
171:FEBZ,CE,1,Z,0,FEBZ.B
171:FETH,CE,1,Z,0,FETH.B
171:FFDI,CE,1,Z,0,FFDI.B
171:FFEB,CE,1,Z,0,FFEB.B
171:FFEM,CE,1,Z,0,FFEM.B
171:FFF,CE,1,Z,0,FFF.B
171:FFGX,CE,1,Z,0,FFGX.B
171:FFLC,CE,1,Z,0,FFLC.B
171:FFLG,CE,1,Z,0,FFLG.B
171:FFLV,CE,1,Z,0,FFLV.B
171:FFOG,CE,1,Z,0,FFOG.B
171:FFSM,CE,1,Z,0,FFSM.B
171:FGRU,CE,1,Z,0,FGRU.B
171:FHDG,CE,1,Z,0,FHDG.B
171:FHEQ,CE,1,Z,0,FHEQ.B
171:FJAN,CE,1,Z,0,FJAN.B
171:FJUL,CE,1,Z,0,FJUL.B
171:FJUN,CE,1,Z,0,FJUN.B
171:FLAO,CE,1,Z,0,FLAO.B
171:FLBL,CE,1,Z,0,FLBL.B
171:FLDR,CE,1,Z,0,FLDR.B
171:FLDZ,CE,1,Z,0,FLDZ.B
171:FLHY,CE,1,Z,0,FLHY.B
171:FLIA,CE,1,Z,0,FLIA.B
171:FLJJ,CE,1,Z,0,FLJJ.B
171:FLOT,CE,1,Z,0,FLOT.B
171:FLQL,CE,1,Z,0,FLQL.B
171:FLQM,CE,1,Z,0,FLQM.B
171:FLQS,CE,1,Z,0,FLQS.B
171:FLXI,CE,1,Z,0,FLXI.B
171:FLXN,CE,1,Z,0,FLXN.B
171:FLYT,CE,1,Z,0,FLYT.B
171:FMAG,CE,1,Z,0,FMAG.B
171:FMAR,CE,1,Z,0,FMAR.B
171:FMAY,CE,1,Z,0,FMAY.B
171:FNOV,CE,1,Z,0,FNOV.B
171:FOCT,CE,1,Z,0,FOCT.B
171:FORH,CE,1,Z,0,FORH.B
171:FOWF,CE,1,Z,0,FOWF.B
171:FPAG,CE,1,Z,0,FPAG.B
171:FPAS,CE,1,Z,0,FPAS.B
171:FPFD,CE,1,Z,0,FPFD.B
171:FPRO,CE,1,Z,0,FPRO.B
171:FRDM,CE,1,Z,0,FRDM.B
171:FRNW,CE,1,Z,0,FRNW.B
171:FSEP,CE,1,Z,0,FSEP.B
171:FYEE,CE,1,Z,0,FYEE.B
171:FYLD,CE,1,Z,0,FYLD.B
171:GAA,CE,1,Z,0,GAA.B
171:GAPR,CE,1,Z,0,GAPR.B
171:GARP,CE,1,Z,0,GARP.B
171:GAUG,CE,1,Z,0,GAUG.B
171:GBXA,CE,1,Z,0,GBXA.B
171:GCOW,CE,1,Z,0,GCOW.B
171:GDE,CE,1,Z,0,GDE.B
171:GDEC,CE,1,Z,0,GDEC.B
171:GDMA,CE,1,Z,0,GDMA.B
171:GDMN,CE,1,Z,0,GDMN.B
171:GDT,CE,1,Z,0,GDT.B
171:GDXW,CE,1,Z,0,GDXW.B
171:GEMD,CE,1,Z,0,GEMD.B
171:GEVX,CE,1,Z,0,GEVX.B
171:GFEB,CE,1,Z,0,GFEB.B
171:GHTA,CE,1,Z,0,GHTA.B
171:GHYG,CE,1,Z,0,GHYG.B
171:GIF,CE,1,Z,0,GIF.B
171:GJAN,CE,1,Z,0,GJAN.B
171:GJUL,CE,1,Z,0,GJUL.B
171:GJUN,CE,1,Z,0,GJUN.B
171:GLBL,CE,1,Z,0,GLBL.B
171:GLDW,CE,1,Z,0,GLDW.B
171:GLXU,CE,1,Z,0,GLXU.B
171:GMAR,CE,1,Z,0,GMAR.B
171:GMAY,CE,1,Z,0,GMAY.B
171:GMEU,CE,1,Z,0,GMEU.B
171:GMOM,CE,1,Z,0,GMOM.B
171:GNOV,CE,1,Z,0,GNOV.B
171:GOCT,CE,1,Z,0,GOCT.B
171:GOLY,CE,1,Z,0,GOLY.B
171:GOOP,CE,1,Z,0,GOOP.B
171:GOOW,CE,1,Z,0,GOOW.B
171:GOOX,CE,1,Z,0,GOOX.B
171:GOP,CE,1,Z,0,GOP.B
171:GOVT,CE,1,Z,0,GOVT.B
171:GOVZ,CE,1,Z,0,GOVZ.B
171:GROZ,CE,1,Z,0,GROZ.B
171:GSEE,CE,1,Z,0,GSEE.B
171:GSEP,CE,1,Z,0,GSEP.B
171:GSEW,CE,1,Z,0,GSEW.B
171:GSID,CE,1,Z,0,GSID.B
171:GSST,CE,1,Z,0,GSST.B
171:GSUS,CE,1,Z,0,GSUS.B
171:GSWO,CE,1,Z,0,GSWO.B
171:GTIP,CE,1,Z,0,GTIP.B
171:GTOC,CE,1,Z,0,GTOC.B
171:GTOH,CE,1,Z,0,GTOH.B
171:GTOS,CE,1,Z,0,GTOS.B
171:GVAL,CE,1,Z,0,GVAL.B
171:GVI,CE,1,Z,0,GVI.B
171:HAUS,CE,1,Z,0,HAUS.B
171:HBTC,CE,1,Z,0,HBTC.B
171:HCRB,CE,1,Z,0,HCRB.B
171:HEEM,CE,1,Z,0,HEEM.B
171:HEFA,CE,1,Z,0,HEFA.B
171:HEGD,CE,1,Z,0,HEGD.B
171:HELX,CE,1,Z,0,HELX.B
171:HEMI,CE,1,Z,0,HEMI.B
171:HFGO,CE,1,Z,0,HFGO.B
171:HFSI,CE,1,Z,0,HFSI.B
171:HIMU,CE,1,Z,0,HIMU.B
171:HODL,CE,1,Z,0,HODL.B
171:HOII,CE,1,Z,0,HOII.B
171:HOOW,CE,1,Z,0,HOOW.B
171:HTUS,CE,1,Z,0,HTUS.B
171:HUMN,CE,1,Z,0,HUMN.B
171:HYBL,CE,1,Z,0,HYBL.B
171:HYD,CE,1,Z,0,HYD.B
171:HYDB,CE,1,Z,0,HYDB.B
171:HYGW,CE,1,Z,0,HYGW.B
171:HYHG,CE,1,Z,0,HYHG.B
171:HYIN,CE,1,Z,0,HYIN.B
171:HYKE,CE,1,Z,0,HYKE.B
171:IAGG,CE,1,Z,0,IAGG.B
171:IAUI,CE,1,Z,0,IAUI.B
171:IBHF,CE,1,Z,0,IBHF.B
171:IBHG,CE,1,Z,0,IBHG.B
171:IBHH,CE,1,Z,0,IBHH.B
171:IBHI,CE,1,Z,0,IBHI.B
171:IBHJ,CE,1,Z,0,IBHJ.B
171:IBHK,CE,1,Z,0,IBHK.B
171:IBHL,CE,1,Z,0,IBHL.B
171:IBMO,CE,1,Z,0,IBMO.B
171:IBMP,CE,1,Z,0,IBMP.B
171:IBMQ,CE,1,Z,0,IBMQ.B
171:IBMR,CE,1,Z,0,IBMR.B
171:IBMS,CE,1,Z,0,IBMS.B
171:IBMT,CE,1,Z,0,IBMT.B
171:ICF,CE,1,Z,0,ICF.B
171:ICLO,CE,1,Z,0,ICLO.B
171:ICOW,CE,1,Z,0,ICOW.B
171:ICSH,CE,1,Z,0,ICSH.B
171:ICVT,CE,1,Z,0,ICVT.B
171:IDUB,CE,1,Z,0,IDUB.B
171:IDV,CE,1,Z,0,IDV.B
171:IDVZ,CE,1,Z,0,IDVZ.B
171:IEDI,CE,1,Z,0,IEDI.B
171:IEFA,CE,1,Z,0,IEFA.B
171:IEO,CE,1,Z,0,IEO.B
171:IETC,CE,1,Z,0,IETC.B
171:IFRA,CE,1,Z,0,IFRA.B
171:IGE,CE,1,Z,0,IGE.B
171:IGEB,CE,1,Z,0,IGEB.B
171:IGHG,CE,1,Z,0,IGHG.B
171:IGLD,CE,1,Z,0,IGLD.B
171:IGRO,CE,1,Z,0,IGRO.B
171:IGV,CE,1,Z,0,IGV.B
171:IMF,CE,1,Z,0,IMF.B
171:IMFL,CE,1,Z,0,IMFL.B
171:IMTG,CE,1,Z,0,IMTG.B
171:INDA,CE,1,Z,0,INDA.B
171:INTL,CE,1,Z,0,INTL.B
171:INTM,CE,1,Z,0,INTM.B
171:IPAV,CE,1,Z,0,IPAV.B
171:IQDG,CE,1,Z,0,IQDG.B
171:IQM,CE,1,Z,0,IQM.B
171:IREX,CE,1,Z,0,IREX.B
171:IREZ,CE,1,Z,0,IREZ.B
171:IROC,CE,1,Z,0,IROC.B
171:ISBG,CE,1,Z,0,ISBG.B
171:ISMF,CE,1,Z,0,ISMF.B
171:ISPY,CE,1,Z,0,ISPY.B
171:ISSB,CE,1,Z,0,ISSB.B
171:ISVL,CE,1,Z,0,ISVL.B
171:ITA,CE,1,Z,0,ITA.B
171:ITB,CE,1,Z,0,ITB.B
171:ITM,CE,1,Z,0,ITM.B
171:ITOL,CE,1,Z,0,ITOL.B
171:ITWO,CE,1,Z,0,ITWO.B
171:IVVB,CE,1,Z,0,IVVB.B
171:IVVM,CE,1,Z,0,IVVM.B
171:IVVW,CE,1,Z,0,IVVW.B
171:IWMI,CE,1,Z,0,IWMI.B
171:IWMW,CE,1,Z,0,IWMW.B
171:IYJ,CE,1,Z,0,IYJ.B
171:IYLD,CE,1,Z,0,IYLD.B
171:IYRI,CE,1,Z,0,IYRI.B
171:IYT,CE,1,Z,0,IYT.B
171:IYZ,CE,1,Z,0,IYZ.B
171:IZRL,CE,1,Z,0,IZRL.B
171:JAJL,CE,1,Z,0,JAJL.B
171:JANB,CE,1,Z,0,JANB.B
171:JANH,CE,1,Z,0,JANH.B
171:JANI,CE,1,Z,0,JANI.B
171:JANJ,CE,1,Z,0,JANJ.B
171:JANM,CE,1,Z,0,JANM.B
171:JANP,CE,1,Z,0,JANP.B
171:JANT,CE,1,Z,0,JANT.B
171:JANU,CE,1,Z,0,JANU.B
171:JANW,CE,1,Z,0,JANW.B
171:JANZ,CE,1,Z,0,JANZ.B
171:JBBB,CE,1,Z,0,JBBB.B
171:JCPB,CE,1,Z,0,JCPB.B
171:JCPI,CE,1,Z,0,JCPI.B
171:JEMA,CE,1,Z,0,JEMA.B
171:JMST,CE,1,Z,0,JMST.B
171:JMUB,CE,1,Z,0,JMUB.B
171:JNEU,CE,1,Z,0,JNEU.B
171:JOBX,CE,1,Z,0,JOBX.B
171:JOYT,CE,1,Z,0,JOYT.B
171:JPHY,CE,1,Z,0,JPHY.B
171:JPIB,CE,1,Z,0,JPIB.B
171:JPLD,CE,1,Z,0,JPLD.B
171:JUCY,CE,1,Z,0,JUCY.B
171:JULB,CE,1,Z,0,JULB.B
171:JULH,CE,1,Z,0,JULH.B
171:JULJ,CE,1,Z,0,JULJ.B
171:JULM,CE,1,Z,0,JULM.B
171:JULP,CE,1,Z,0,JULP.B
171:JULT,CE,1,Z,0,JULT.B
171:JULU,CE,1,Z,0,JULU.B
171:JULW,CE,1,Z,0,JULW.B
171:JULZ,CE,1,Z,0,JULZ.B
171:JUNM,CE,1,Z,0,JUNM.B
171:JUNP,CE,1,Z,0,JUNP.B
171:JUNT,CE,1,Z,0,JUNT.B
171:JUNW,CE,1,Z,0,JUNW.B
171:JUNZ,CE,1,Z,0,JUNZ.B
171:JXX,CE,1,Z,0,JXX.B
171:KAMO,CE,1,Z,0,KAMO.B
171:KAPR,CE,1,Z,0,KAPR.B
171:KAUG,CE,1,Z,0,KAUG.B
171:KCOP,CE,1,Z,0,KCOP.B
171:KDEC,CE,1,Z,0,KDEC.B
171:KFEB,CE,1,Z,0,KFEB.B
171:KGLD,CE,1,Z,0,KGLD.B
171:KHPI,CE,1,Z,0,KHPI.B
171:KJAN,CE,1,Z,0,KJAN.B
171:KJUL,CE,1,Z,0,KJUL.B
171:KJUN,CE,1,Z,0,KJUN.B
171:KMAR,CE,1,Z,0,KMAR.B
171:KMAY,CE,1,Z,0,KMAY.B
171:KNG,CE,1,Z,0,KNG.B
171:KNOV,CE,1,Z,0,KNOV.B
171:KNOW,CE,1,Z,0,KNOW.B
171:KOCT,CE,1,Z,0,KOCT.B
171:KONG,CE,1,Z,0,KONG.B
171:KSEP,CE,1,Z,0,KSEP.B
171:KSLV,CE,1,Z,0,KSLV.B
171:KTUP,CE,1,Z,0,KTUP.B
171:KWT,CE,1,Z,0,KWT.B
171:KYLD,CE,1,Z,0,KYLD.B
171:LABX,CE,1,Z,0,LABX.B
171:LAPR,CE,1,Z,0,LAPR.B
171:LBO,CE,1,Z,0,LBO.B
171:LCAP,CE,1,Z,0,LCAP.B
171:LCF,CE,1,Z,0,LCF.B
171:LCOW,CE,1,Z,0,LCOW.B
171:LDDR,CE,1,Z,0,LDDR.B
171:LEAD,CE,1,Z,0,LEAD.B
171:LENS,CE,1,Z,0,LENS.B
171:LEUX,CE,1,Z,0,LEUX.B
171:LFAI,CE,1,Z,0,LFAI.B
171:LFAO,CE,1,Z,0,LFAO.B
171:LFAW,CE,1,Z,0,LFAW.B
171:LFBE,CE,1,Z,0,LFBE.B
171:LFDR,CE,1,Z,0,LFDR.B
171:LIAE,CE,1,Z,0,LIAE.B
171:LIAM,CE,1,Z,0,LIAM.B
171:LIAU,CE,1,Z,0,LIAU.B
171:LIBD,CE,1,Z,0,LIBD.B
171:LIFT,CE,1,Z,0,LIFT.B
171:LIMI,CE,1,Z,0,LIMI.B
171:LITX,CE,1,Z,0,LITX.B
171:LJAN,CE,1,Z,0,LJAN.B
171:LJUL,CE,1,Z,0,LJUL.B
171:LKOR,CE,1,Z,0,LKOR.B
171:LLII,CE,1,Z,0,LLII.B
171:LNOK,CE,1,Z,0,LNOK.B
171:LOCT,CE,1,Z,0,LOCT.B
171:LQDI,CE,1,Z,0,LQDI.B
171:LQDW,CE,1,Z,0,LQDW.B
171:LRCU,CE,1,Z,0,LRCU.B
171:LUNL,CE,1,Z,0,LUNL.B
171:LVDS,CE,1,Z,0,LVDS.B
171:LVHI,CE,1,Z,0,LVHI.B
171:LYLD,CE,1,Z,0,LYLD.B
171:MAGA,CE,1,Z,0,MAGA.B
171:MAGC,CE,1,Z,0,MAGC.B
171:MAGO,CE,1,Z,0,MAGO.B
171:MAGS,CE,1,Z,0,MAGS.B
171:MAGX,CE,1,Z,0,MAGX.B
171:MAGY,CE,1,Z,0,MAGY.B
171:MAMB,CE,1,Z,0,MAMB.B
171:MARM,CE,1,Z,0,MARM.B
171:MARS,CE,1,Z,0,MARS.B
171:MART,CE,1,Z,0,MART.B
171:MARU,CE,1,Z,0,MARU.B
171:MARW,CE,1,Z,0,MARW.B
171:MARZ,CE,1,Z,0,MARZ.B
171:MAXJ,CE,1,Z,0,MAXJ.B
171:MAYM,CE,1,Z,0,MAYM.B
171:MAYP,CE,1,Z,0,MAYP.B
171:MAYT,CE,1,Z,0,MAYT.B
171:MAYU,CE,1,Z,0,MAYU.B
171:MAYW,CE,1,Z,0,MAYW.B
171:MAYZ,CE,1,Z,0,MAYZ.B
171:MBBA,CE,1,Z,0,MBBA.B
171:MBBB,CE,1,Z,0,MBBB.B
171:MBCC,CE,1,Z,0,MBCC.B
171:MBND,CE,1,Z,0,MBND.B
171:MBNE,CE,1,Z,0,MBNE.B
171:MCOW,CE,1,Z,0,MCOW.B
171:MDBX,CE,1,Z,0,MDBX.B
171:MDEV,CE,1,Z,0,MDEV.B
171:MDLV,CE,1,Z,0,MDLV.B
171:MDPL,CE,1,Z,0,MDPL.B
171:MEAR,CE,1,Z,0,MEAR.B
171:MEMY,CE,1,Z,0,MEMY.B
171:METW,CE,1,Z,0,METW.B
171:MFUL,CE,1,Z,0,MFUL.B
171:MFUT,CE,1,Z,0,MFUT.B
171:MIG,CE,1,Z,0,MIG.B
171:MILK,CE,1,Z,0,MILK.B
171:MINN,CE,1,Z,0,MINN.B
171:MLN,CE,1,Z,0,MLN.B
171:MLPI,CE,1,Z,0,MLPI.B
171:MMAX,CE,1,Z,0,MMAX.B
171:MOAT,CE,1,Z,0,MOAT.B
171:MOTG,CE,1,Z,0,MOTG.B
171:MOTI,CE,1,Z,0,MOTI.B
171:MPLY,CE,1,Z,0,MPLY.B
171:MPRO,CE,1,Z,0,MPRO.B
171:MRCP,CE,1,Z,0,MRCP.B
171:MRGR,CE,1,Z,0,MRGR.B
171:MSFW,CE,1,Z,0,MSFW.B
171:MSFX,CE,1,Z,0,MSFX.B
171:MSFY,CE,1,Z,0,MSFY.B
171:MSII,CE,1,Z,0,MSII.B
171:MSMR,CE,1,Z,0,MSMR.B
171:MSOO,CE,1,Z,0,MSOO.B
171:MSSS,CE,1,Z,0,MSSS.B
171:MSST,CE,1,Z,0,MSST.B
171:MSTB,CE,1,Z,0,MSTB.B
171:MSTK,CE,1,Z,0,MSTK.B
171:MSTQ,CE,1,Z,0,MSTQ.B
171:MSTU,CE,1,Z,0,MSTU.B
171:MSTW,CE,1,Z,0,MSTW.B
171:MSTZ,CE,1,Z,0,MSTZ.B
171:MTRA,CE,1,Z,0,MTRA.B
171:MTUM,CE,1,Z,0,MTUM.B
171:MUNY,CE,1,Z,0,MUNY.B
171:MVAL,CE,1,Z,0,MVAL.B
171:MVFD,CE,1,Z,0,MVFD.B
171:MVFG,CE,1,Z,0,MVFG.B
171:MYLD,CE,1,Z,0,MYLD.B
171:NANC,CE,1,Z,0,NANC.B
171:NAPR,CE,1,Z,0,NAPR.B
171:NAUG,CE,1,Z,0,NAUG.B
171:NBIZ,CE,1,Z,0,NBIZ.B
171:NDEC,CE,1,Z,0,NDEC.B
171:NDOW,CE,1,Z,0,NDOW.B
171:NEAR,CE,1,Z,0,NEAR.B
171:NEBX,CE,1,Z,0,NEBX.B
171:NEHI,CE,1,Z,0,NEHI.B
171:NELS,CE,1,Z,0,NELS.B
171:NERD,CE,1,Z,0,NERD.B
171:NFEB,CE,1,Z,0,NFEB.B
171:NFLP,CE,1,Z,0,NFLP.B
171:NFLU,CE,1,Z,0,NFLU.B
171:NFLW,CE,1,Z,0,NFLW.B
171:NIHI,CE,1,Z,0,NIHI.B
171:NJAN,CE,1,Z,0,NJAN.B
171:NJUL,CE,1,Z,0,NJUL.B
171:NJUN,CE,1,Z,0,NJUN.B
171:NLSI,CE,1,Z,0,NLSI.B
171:NMAR,CE,1,Z,0,NMAR.B
171:NMAY,CE,1,Z,0,NMAY.B
171:NNEX,CE,1,Z,0,NNEX.B
171:NNOV,CE,1,Z,0,NNOV.B
171:NOBL,CE,1,Z,0,NOBL.B
171:NOCT,CE,1,Z,0,NOCT.B
171:NODE,CE,1,Z,0,NODE.B
171:NOVM,CE,1,Z,0,NOVM.B
171:NOVP,CE,1,Z,0,NOVP.B
171:NOVZ,CE,1,Z,0,NOVZ.B
171:NPFE,CE,1,Z,0,NPFE.B
171:NSEP,CE,1,Z,0,NSEP.B
171:NUDM,CE,1,Z,0,NUDM.B
171:NUDV,CE,1,Z,0,NUDV.B
171:NUEM,CE,1,Z,0,NUEM.B
171:NULC,CE,1,Z,0,NULC.B
171:NULG,CE,1,Z,0,NULG.B
171:NULV,CE,1,Z,0,NULV.B
171:NUMG,CE,1,Z,0,NUMG.B
171:NUMV,CE,1,Z,0,NUMV.B
171:NURE,CE,1,Z,0,NURE.B
171:NUSC,CE,1,Z,0,NUSC.B
171:NVBT,CE,1,Z,0,NVBT.B
171:NVBU,CE,1,Z,0,NVBU.B
171:NVBW,CE,1,Z,0,NVBW.B
171:NVDO,CE,1,Z,0,NVDO.B
171:NVDQ,CE,1,Z,0,NVDQ.B
171:NVDW,CE,1,Z,0,NVDW.B
171:NVDX,CE,1,Z,0,NVDX.B
171:NVII,CE,1,Z,0,NVII.B
171:NVIT,CE,1,Z,0,NVIT.B
171:NVTX,CE,1,Z,0,NVTX.B
171:NXTI,CE,1,Z,0,NXTI.B
171:OBND,CE,1,Z,0,OBND.B
171:OCTB,CE,1,Z,0,OCTB.B
171:OCTH,CE,1,Z,0,OCTH.B
171:OCTJ,CE,1,Z,0,OCTJ.B
171:OCTM,CE,1,Z,0,OCTM.B
171:OCTP,CE,1,Z,0,OCTP.B
171:OCTT,CE,1,Z,0,OCTT.B
171:OCTU,CE,1,Z,0,OCTU.B
171:OCTW,CE,1,Z,0,OCTW.B
171:OCTZ,CE,1,Z,0,OCTZ.B
171:OILK,CE,1,Z,0,OILK.B
171:OMFL,CE,1,Z,0,OMFL.B
171:OMFS,CE,1,Z,0,OMFS.B
171:ONDL,CE,1,Z,0,ONDL.B
171:ONDU,CE,1,Z,0,ONDU.B
171:ONEH,CE,1,Z,0,ONEH.B
171:ONEZ,CE,1,Z,0,ONEZ.B
171:OPEX,CE,1,Z,0,OPEX.B
171:ORO,CE,1,Z,0,ORO.B
171:OSCV,CE,1,Z,0,OSCV.B
171:OVB,CE,1,Z,0,OVB.B
171:OVF,CE,1,Z,0,OVF.B
171:OVL,CE,1,Z,0,OVL.B
171:OVLH,CE,1,Z,0,OVLH.B
171:OVM,CE,1,Z,0,OVM.B
171:OVS,CE,1,Z,0,OVS.B
171:OVT,CE,1,Z,0,OVT.B
171:PAAU,CE,1,Z,0,PAAU.B
171:PAPR,CE,1,Z,0,PAPR.B
171:PATX,CE,1,Z,0,PATX.B
171:PAUG,CE,1,Z,0,PAUG.B
171:PAVE,CE,1,Z,0,PAVE.B
171:PAWZ,CE,1,Z,0,PAWZ.B
171:PAYH,CE,1,Z,0,PAYH.B
171:PAYM,CE,1,Z,0,PAYM.B
171:PAYR,CE,1,Z,0,PAYR.B
171:PBAP,CE,1,Z,0,PBAP.B
171:PBAU,CE,1,Z,0,PBAU.B
171:PBDE,CE,1,Z,0,PBDE.B
171:PBFB,CE,1,Z,0,PBFB.B
171:PBFR,CE,1,Z,0,PBFR.B
171:PBJA,CE,1,Z,0,PBJA.B
171:PBJL,CE,1,Z,0,PBJL.B
171:PBJN,CE,1,Z,0,PBJN.B
171:PBL,CE,1,Z,0,PBL.B
171:PBMR,CE,1,Z,0,PBMR.B
171:PBMY,CE,1,Z,0,PBMY.B
171:PBNV,CE,1,Z,0,PBNV.B
171:PBOC,CE,1,Z,0,PBOC.B
171:PBP,CE,1,Z,0,PBP.B
171:PBSE,CE,1,Z,0,PBSE.B
171:PBTP,CE,1,Z,0,PBTP.B
171:PBUS,CE,1,Z,0,PBUS.B
171:PCI,CE,1,Z,0,PCI.B
171:PCL,CE,1,Z,0,PCL.B
171:PCS,CE,1,Z,0,PCS.B
171:PDEC,CE,1,Z,0,PDEC.B
171:PEX,CE,1,Z,0,PEX.B
171:PFEB,CE,1,Z,0,PFEB.B
171:PICK,CE,1,Z,0,PICK.B
171:PIEL,CE,1,Z,0,PIEL.B
171:PIEQ,CE,1,Z,0,PIEQ.B
171:PIPE,CE,1,Z,0,PIPE.B
171:PIT,CE,1,Z,0,PIT.B
171:PJAN,CE,1,Z,0,PJAN.B
171:PJBF,CE,1,Z,0,PJBF.B
171:PJFM,CE,1,Z,0,PJFM.B
171:PJUL,CE,1,Z,0,PJUL.B
171:PJUN,CE,1,Z,0,PJUN.B
171:PLGI,CE,1,Z,0,PLGI.B
171:PLOO,CE,1,Z,0,PLOO.B
171:PLTI,CE,1,Z,0,PLTI.B
171:PLTW,CE,1,Z,0,PLTW.B
171:PLU,CE,1,Z,0,PLU.B
171:PMAP,CE,1,Z,0,PMAP.B
171:PMAR,CE,1,Z,0,PMAR.B
171:PMAU,CE,1,Z,0,PMAU.B
171:PMAY,CE,1,Z,0,PMAY.B
171:PMDE,CE,1,Z,0,PMDE.B
171:PMFB,CE,1,Z,0,PMFB.B
171:PMJA,CE,1,Z,0,PMJA.B
171:PMJL,CE,1,Z,0,PMJL.B
171:PMJN,CE,1,Z,0,PMJN.B
171:PMMR,CE,1,Z,0,PMMR.B
171:PMMY,CE,1,Z,0,PMMY.B
171:PMNV,CE,1,Z,0,PMNV.B
171:PMOC,CE,1,Z,0,PMOC.B
171:PMSE,CE,1,Z,0,PMSE.B
171:PNOV,CE,1,Z,0,PNOV.B
171:POCT,CE,1,Z,0,POCT.B
171:PONX,CE,1,Z,0,PONX.B
171:PRNT,CE,1,Z,0,PRNT.B
171:PSCJ,CE,1,Z,0,PSCJ.B
171:PSCQ,CE,1,Z,0,PSCQ.B
171:PSCW,CE,1,Z,0,PSCW.B
171:PSCX,CE,1,Z,0,PSCX.B
171:PSDM,CE,1,Z,0,PSDM.B
171:PSEP,CE,1,Z,0,PSEP.B
171:PSFD,CE,1,Z,0,PSFD.B
171:PSFF,CE,1,Z,0,PSFF.B
171:PSFJ,CE,1,Z,0,PSFJ.B
171:PSFM,CE,1,Z,0,PSFM.B
171:PSFO,CE,1,Z,0,PSFO.B
171:PSH,CE,1,Z,0,PSH.B
171:PSMD,CE,1,Z,0,PSMD.B
171:PSMJ,CE,1,Z,0,PSMJ.B
171:PSMO,CE,1,Z,0,PSMO.B
171:PSMR,CE,1,Z,0,PSMR.B
171:PTEU,CE,1,Z,0,PTEU.B
171:PTLC,CE,1,Z,0,PTLC.B
171:PTMC,CE,1,Z,0,PTMC.B
171:PVEX,CE,1,Z,0,PVEX.B
171:PWS,CE,1,Z,0,PWS.B
171:QBER,CE,1,Z,0,QBER.B
171:QBF,CE,1,Z,0,QBF.B
171:QBSF,CE,1,Z,0,QBSF.B
171:QBTX,CE,1,Z,0,QBTX.B
171:QBUL,CE,1,Z,0,QBUL.B
171:QCAP,CE,1,Z,0,QCAP.B
171:QCJA,CE,1,Z,0,QCJA.B
171:QCJL,CE,1,Z,0,QCJL.B
171:QCOC,CE,1,Z,0,QCOC.B
171:QDEC,CE,1,Z,0,QDEC.B
171:QDTE,CE,1,Z,0,QDTE.B
171:QETH,CE,1,Z,0,QETH.B
171:QFHD,CE,1,Z,0,QFHD.B
171:QFRD,CE,1,Z,0,QFRD.B
171:QHY,CE,1,Z,0,QHY.B
171:QIG,CE,1,Z,0,QIG.B
171:QJUN,CE,1,Z,0,QJUN.B
171:QLC,CE,1,Z,0,QLC.B
171:QMAG,CE,1,Z,0,QMAG.B
171:QMAR,CE,1,Z,0,QMAR.B
171:QMFE,CE,1,Z,0,QMFE.B
171:QMMY,CE,1,Z,0,QMMY.B
171:QMNV,CE,1,Z,0,QMNV.B
171:QSIG,CE,1,Z,0,QSIG.B
171:QSOL,CE,1,Z,0,QSOL.B
171:QSPT,CE,1,Z,0,QSPT.B
171:QTAC,CE,1,Z,0,QTAC.B
171:QTAP,CE,1,Z,0,QTAP.B
171:QTJA,CE,1,Z,0,QTJA.B
171:QTJL,CE,1,Z,0,QTJL.B
171:QTOC,CE,1,Z,0,QTOC.B
171:QUAL,CE,1,Z,0,QUAL.B
171:QUBX,CE,1,Z,0,QUBX.B
171:QUVU,CE,1,Z,0,QUVU.B
171:QVOY,CE,1,Z,0,QVOY.B
171:RB,CE,1,Z,0,RB.B
171:RBLU,CE,1,Z,0,RBLU.B
171:RBUF,CE,1,Z,0,RBUF.B
171:RDFI,CE,1,Z,0,RDFI.B
171:RDTE,CE,1,Z,0,RDTE.B
171:RDVI,CE,1,Z,0,RDVI.B
171:RDWU,CE,1,Z,0,RDWU.B
171:REGL,CE,1,Z,0,REGL.B
171:REM,CE,1,Z,0,REM.B
171:RGTU,CE,1,Z,0,RGTU.B
171:RKTL,CE,1,Z,0,RKTL.B
171:RMIF,CE,1,Z,0,RMIF.B
171:RMME,CE,1,Z,0,RMME.B
171:ROBN,CE,1,Z,0,ROBN.B
171:ROMO,CE,1,Z,0,ROMO.B
171:RPHS,CE,1,Z,0,RPHS.B
171:RSBA,CE,1,Z,0,RSBA.B
171:RSBT,CE,1,Z,0,RSBT.B
171:RSBY,CE,1,Z,0,RSBY.B
171:RSEE,CE,1,Z,0,RSEE.B
171:RSSB,CE,1,Z,0,RSSB.B
171:RSST,CE,1,Z,0,RSST.B
171:RSSX,CE,1,Z,0,RSSX.B
171:RSSY,CE,1,Z,0,RSSY.B
171:RTAI,CE,1,Z,0,RTAI.B
171:RTRE,CE,1,Z,0,RTRE.B
171:RULE,CE,1,Z,0,RULE.B
171:RVRB,CE,1,Z,0,RVRB.B
171:RYSE,CE,1,Z,0,RYSE.B
171:SATO,CE,1,Z,0,SATO.B
171:SAUG,CE,1,Z,0,SAUG.B
171:SBTU,CE,1,Z,0,SBTU.B
171:SCEC,CE,1,Z,0,SCEC.B
171:SCEP,CE,1,Z,0,SCEP.B
171:SCLZ,CE,1,Z,0,SCLZ.B
171:SCMC,CE,1,Z,0,SCMC.B
171:SCNM,CE,1,Z,0,SCNM.B
171:SCOW,CE,1,Z,0,SCOW.B
171:SDVD,CE,1,Z,0,SDVD.B
171:SECT,CE,1,Z,0,SECT.B
171:SECU,CE,1,Z,0,SECU.B
171:SEIM,CE,1,Z,0,SEIM.B
171:SEIQ,CE,1,Z,0,SEIQ.B
171:SEIV,CE,1,Z,0,SEIV.B
171:SELV,CE,1,Z,0,SELV.B
171:SEPM,CE,1,Z,0,SEPM.B
171:SEPP,CE,1,Z,0,SEPP.B
171:SEPT,CE,1,Z,0,SEPT.B
171:SEPU,CE,1,Z,0,SEPU.B
171:SEPW,CE,1,Z,0,SEPW.B
171:SEPZ,CE,1,Z,0,SEPZ.B
171:SFEB,CE,1,Z,0,SFEB.B
171:SFTY,CE,1,Z,0,SFTY.B
171:SHAG,CE,1,Z,0,SHAG.B
171:SHDG,CE,1,Z,0,SHDG.B
171:SHYD,CE,1,Z,0,SHYD.B
171:SHYM,CE,1,Z,0,SHYM.B
171:SIXD,CE,1,Z,0,SIXD.B
171:SIXF,CE,1,Z,0,SIXF.B
171:SIXJ,CE,1,Z,0,SIXJ.B
171:SIXO,CE,1,Z,0,SIXO.B
171:SIXP,CE,1,Z,0,SIXP.B
171:SIXZ,CE,1,Z,0,SIXZ.B
171:SLVP,CE,1,Z,0,SLVP.B
171:SMAX,CE,1,Z,0,SMAX.B
171:SMAY,CE,1,Z,0,SMAY.B
171:SMB,CE,1,Z,0,SMB.B
171:SMDV,CE,1,Z,0,SMDV.B
171:SMIN,CE,1,Z,0,SMIN.B
171:SMMD,CE,1,Z,0,SMMD.B
171:SMMV,CE,1,Z,0,SMMV.B
171:SMOT,CE,1,Z,0,SMOT.B
171:SMQ,CE,1,Z,0,SMQ.B
171:SMU,CE,1,Z,0,SMU.B
171:SMUP,CE,1,Z,0,SMUP.B
171:SMZ,CE,1,Z,0,SMZ.B
171:SNAV,CE,1,Z,0,SNAV.B
171:SNDU,CE,1,Z,0,SNDU.B
171:SNOU,CE,1,Z,0,SNOU.B
171:SNOV,CE,1,Z,0,SNOV.B
171:SNPD,CE,1,Z,0,SNPD.B
171:SNPG,CE,1,Z,0,SNPG.B
171:SNPX,CE,1,Z,0,SNPX.B
171:SNXX,CE,1,Z,0,SNXX.B
171:SOLM,CE,1,Z,0,SOLM.B
171:SOLX,CE,1,Z,0,SOLX.B
171:SPBU,CE,1,Z,0,SPBU.B
171:SPBW,CE,1,Z,0,SPBW.B
171:SPBX,CE,1,Z,0,SPBX.B
171:SPCI,CE,1,Z,0,SPCI.B
171:SPCZ,CE,1,Z,0,SPCZ.B
171:SPIN,CE,1,Z,0,SPIN.B
171:SPLS,CE,1,Z,0,SPLS.B
171:SPYA,CE,1,Z,0,SPYA.B
171:SPYH,CE,1,Z,0,SPYH.B
171:SPYI,CE,1,Z,0,SPYI.B
171:SQMX,CE,1,Z,0,SQMX.B
171:SRPU,CE,1,Z,0,SRPU.B
171:SSK,CE,1,Z,0,SSK.B
171:STBF,CE,1,Z,0,STBF.B
171:STEN,CE,1,Z,0,STEN.B
171:STOT,CE,1,Z,0,STOT.B
171:STOX,CE,1,Z,0,STOX.B
171:SVAL,CE,1,Z,0,SVAL.B
171:SVIX,CE,1,Z,0,SVIX.B
171:SVXY,CE,1,Z,0,SVXY.B
171:SYLD,CE,1,Z,0,SYLD.B
171:SYSB,CE,1,Z,0,SYSB.B
171:TAIL,CE,1,Z,0,TAIL.B
171:TAPR,CE,1,Z,0,TAPR.B
171:TBJL,CE,1,Z,0,TBJL.B
171:TDAQ,CE,1,Z,0,TDAQ.B
171:TDAX,CE,1,Z,0,TDAX.B
171:TDEC,CE,1,Z,0,TDEC.B
171:TDV,CE,1,Z,0,TDV.B
171:TDVI,CE,1,Z,0,TDVI.B
171:TEMT,CE,1,Z,0,TEMT.B
171:TEMX,CE,1,Z,0,TEMX.B
171:TEND,CE,1,Z,0,TEND.B
171:TENJ,CE,1,Z,0,TENJ.B
171:TENM,CE,1,Z,0,TENM.B
171:TEST,CE,1,Z,0,TEST.B
171:TETH,CE,1,Z,0,TETH.B
171:TFJL,CE,1,Z,0,TFJL.B
171:TGLR,CE,1,Z,0,TGLR.B
171:TILT,CE,1,Z,0,TILT.B
171:TJAN,CE,1,Z,0,TJAN.B
171:TJUL,CE,1,Z,0,TJUL.B
171:TJUN,CE,1,Z,0,TJUN.B
171:TLDR,CE,1,Z,0,TLDR.B
171:TLTI,CE,1,Z,0,TLTI.B
171:TLTP,CE,1,Z,0,TLTP.B
171:TLTW,CE,1,Z,0,TLTW.B
171:TLTX,CE,1,Z,0,TLTX.B
171:TMAR,CE,1,Z,0,TMAR.B
171:TMAT,CE,1,Z,0,TMAT.B
171:TMDV,CE,1,Z,0,TMDV.B
171:TMFC,CE,1,Z,0,TMFC.B
171:TMFE,CE,1,Z,0,TMFE.B
171:TMFG,CE,1,Z,0,TMFG.B
171:TMFM,CE,1,Z,0,TMFM.B
171:TMFS,CE,1,Z,0,TMFS.B
171:TMFX,CE,1,Z,0,TMFX.B
171:TOCT,CE,1,Z,0,TOCT.B
171:TOKE,CE,1,Z,0,TOKE.B
171:TOLL,CE,1,Z,0,TOLL.B
171:TOS,CE,1,Z,0,TOS.B
171:TOXR,CE,1,Z,0,TOXR.B
171:TPAY,CE,1,Z,0,TPAY.B
171:TRIO,CE,1,Z,0,TRIO.B
171:TRPA,CE,1,Z,0,TRPA.B
171:TRSY,CE,1,Z,0,TRSY.B
171:TRTY,CE,1,Z,0,TRTY.B
171:TSEP,CE,1,Z,0,TSEP.B
171:TSII,CE,1,Z,0,TSII.B
171:TSLO,CE,1,Z,0,TSLO.B
171:TSLP,CE,1,Z,0,TSLP.B
171:TSLT,CE,1,Z,0,TSLT.B
171:TSLW,CE,1,Z,0,TSLW.B
171:TSLZ,CE,1,Z,0,TSLZ.B
171:TSOL,CE,1,Z,0,TSOL.B
171:TSPX,CE,1,Z,0,TSPX.B
171:TSYW,CE,1,Z,0,TSYW.B
171:TTDU,CE,1,Z,0,TTDU.B
171:TUSI,CE,1,Z,0,TUSI.B
171:TWOX,CE,1,Z,0,TWOX.B
171:TYA,CE,1,Z,0,TYA.B
171:TYLD,CE,1,Z,0,TYLD.B
171:UAPR,CE,1,Z,0,UAPR.B
171:UAUG,CE,1,Z,0,UAUG.B
171:UBEW,CE,1,Z,0,UBEW.B
171:UDEC,CE,1,Z,0,UDEC.B
171:UFEB,CE,1,Z,0,UFEB.B
171:UFOD,CE,1,Z,0,UFOD.B
171:UJAN,CE,1,Z,0,UJAN.B
171:UJUL,CE,1,Z,0,UJUL.B
171:UJUN,CE,1,Z,0,UJUN.B
171:UMAR,CE,1,Z,0,UMAR.B
171:UMAY,CE,1,Z,0,UMAY.B
171:UNHW,CE,1,Z,0,UNHW.B
171:UNOV,CE,1,Z,0,UNOV.B
171:UNX,CE,1,Z,0,UNX.B
171:UOCT,CE,1,Z,0,UOCT.B
171:UPSD,CE,1,Z,0,UPSD.B
171:UPSX,CE,1,Z,0,UPSX.B
171:URAN,CE,1,Z,0,URAN.B
171:USAX,CE,1,Z,0,USAX.B
171:USEP,CE,1,Z,0,USEP.B
171:USEW,CE,1,Z,0,USEW.B
171:USHY,CE,1,Z,0,USHY.B
171:USLN,CE,1,Z,0,USLN.B
171:USMF,CE,1,Z,0,USMF.B
171:USMV,CE,1,Z,0,USMV.B
171:UVIX,CE,1,Z,0,UVIX.B
171:UVXY,CE,1,Z,0,UVXY.B
171:UX,CE,1,Z,0,UX.B
171:UXAP,CE,1,Z,0,UXAP.B
171:UXJA,CE,1,Z,0,UXJA.B
171:UXJL,CE,1,Z,0,UXJL.B
171:UXOC,CE,1,Z,0,UXOC.B
171:VAMO,CE,1,Z,0,VAMO.B
171:VCEB,CE,1,Z,0,VCEB.B
171:VCRM,CE,1,Z,0,VCRM.B
171:VDIG,CE,1,Z,0,VDIG.B
171:VEGN,CE,1,Z,0,VEGN.B
171:VFMF,CE,1,Z,0,VFMF.B
171:VFMO,CE,1,Z,0,VFMO.B
171:VFMV,CE,1,Z,0,VFMV.B
171:VFQY,CE,1,Z,0,VFQY.B
171:VFVA,CE,1,Z,0,VFVA.B
171:VGHY,CE,1,Z,0,VGHY.B
171:VGMS,CE,1,Z,0,VGMS.B
171:VIXM,CE,1,Z,0,VIXM.B
171:VIXY,CE,1,Z,0,VIXY.B
171:VLUE,CE,1,Z,0,VLUE.B
171:VMAX,CE,1,Z,0,VMAX.B
171:VNM,CE,1,Z,0,VNM.B
171:VOYX,CE,1,Z,0,VOYX.B
171:VSDB,CE,1,Z,0,VSDB.B
171:VSDM,CE,1,Z,0,VSDM.B
171:VSGX,CE,1,Z,0,VSGX.B
171:VTEC,CE,1,Z,0,VTEC.B
171:VTEI,CE,1,Z,0,VTEI.B
171:VTEL,CE,1,Z,0,VTEL.B
171:VUSB,CE,1,Z,0,VUSB.B
171:VUSG,CE,1,Z,0,VUSG.B
171:VUSV,CE,1,Z,0,VUSV.B
171:VWID,CE,1,Z,0,VWID.B
171:VXX,CE,1,Z,0,VXX.B
171:VXZ,CE,1,Z,0,VXZ.B
171:WDCX,CE,1,Z,0,WDCX.B
171:WDNA,CE,1,Z,0,WDNA.B
171:WEED,CE,1,Z,0,WEED.B
171:WEEK,CE,1,Z,0,WEEK.B
171:WLDR,CE,1,Z,0,WLDR.B
171:WLDU,CE,1,Z,0,WLDU.B
171:WMTI,CE,1,Z,0,WMTI.B
171:WPAY,CE,1,Z,0,WPAY.B
171:WQTM,CE,1,Z,0,WQTM.B
171:WTAI,CE,1,Z,0,WTAI.B
171:WTLS,CE,1,Z,0,WTLS.B
171:WUGI,CE,1,Z,0,WUGI.B
171:WULX,CE,1,Z,0,WULX.B
171:WZRD,CE,1,Z,0,WZRD.B
171:XAPR,CE,1,Z,0,XAPR.B
171:XAUG,CE,1,Z,0,XAUG.B
171:XBAP,CE,1,Z,0,XBAP.B
171:XBJA,CE,1,Z,0,XBJA.B
171:XBJL,CE,1,Z,0,XBJL.B
171:XBOC,CE,1,Z,0,XBOC.B
171:XBOX,CE,1,Z,0,XBOX.B
171:XDAT,CE,1,Z,0,XDAT.B
171:XDEC,CE,1,Z,0,XDEC.B
171:XDIV,CE,1,Z,0,XDIV.B
171:XDQQ,CE,1,Z,0,XDQQ.B
171:XDSQ,CE,1,Z,0,XDSQ.B
171:XDTE,CE,1,Z,0,XDTE.B
171:XEMD,CE,1,Z,0,XEMD.B
171:XEML,CE,1,Z,0,XEML.B
171:XFEB,CE,1,Z,0,XFEB.B
171:XIDE,CE,1,Z,0,XIDE.B
171:XIJN,CE,1,Z,0,XIJN.B
171:XIMR,CE,1,Z,0,XIMR.B
171:XISE,CE,1,Z,0,XISE.B
171:XJAN,CE,1,Z,0,XJAN.B
171:XJH,CE,1,Z,0,XJH.B
171:XJR,CE,1,Z,0,XJR.B
171:XJUL,CE,1,Z,0,XJUL.B
171:XJUN,CE,1,Z,0,XJUN.B
171:XMAR,CE,1,Z,0,XMAR.B
171:XMAY,CE,1,Z,0,XMAY.B
171:XMPT,CE,1,Z,0,XMPT.B
171:XNOV,CE,1,Z,0,XNOV.B
171:XOCT,CE,1,Z,0,XOCT.B
171:XOEX,CE,1,Z,0,XOEX.B
171:XRPK,CE,1,Z,0,XRPK.B
171:XRPM,CE,1,Z,0,XRPM.B
171:XRPR,CE,1,Z,0,XRPR.B
171:XSEP,CE,1,Z,0,XSEP.B
171:XSHD,CE,1,Z,0,XSHD.B
171:XSHQ,CE,1,Z,0,XSHQ.B
171:XTAP,CE,1,Z,0,XTAP.B
171:XTJA,CE,1,Z,0,XTJA.B
171:XTJL,CE,1,Z,0,XTJL.B
171:XTOC,CE,1,Z,0,XTOC.B
171:XUSP,CE,1,Z,0,XUSP.B
171:XVOL,CE,1,Z,0,XVOL.B
171:XVV,CE,1,Z,0,XVV.B
171:YBTC,CE,1,Z,0,YBTC.B
171:YDEC,CE,1,Z,0,YDEC.B
171:YETH,CE,1,Z,0,YETH.B
171:YJUN,CE,1,Z,0,YJUN.B
171:YMAR,CE,1,Z,0,YMAR.B
171:YSEP,CE,1,Z,0,YSEP.B
171:ZALT,CE,1,Z,0,ZALT.B
171:ZAPR,CE,1,Z,0,ZAPR.B
171:ZAUG,CE,1,Z,0,ZAUG.B
171:ZDEK,CE,1,Z,0,ZDEK.B
171:ZECP,CE,1,Z,0,ZECP.B
171:ZFEB,CE,1,Z,0,ZFEB.B
171:ZJAN,CE,1,Z,0,ZJAN.B
171:ZJUL,CE,1,Z,0,ZJUL.B
171:ZJUN,CE,1,Z,0,ZJUN.B
171:ZMAR,CE,1,Z,0,ZMAR.B
171:ZMAY,CE,1,Z,0,ZMAY.B
171:ZNOV,CE,1,Z,0,ZNOV.B
171:ZOCT,CE,1,Z,0,ZOCT.B
171:ZSEP,CE,1,Z,0,ZSEP.B
171:ZVOL,CE,1,Z,0,ZVOL.B
185:AACB,ES,1,Q,0,AACB.O
185:AACBR,M,1,Q,0,AACBR.O
185:AACBU,EU,1,Q,0,AACBU.O
185:AACIU,EU,1,Q,0,AACIU.O
185:AACOU,EU,1,Q,0,AACOU.O
185:AADR,CE,1,Q,0,AADR.O
185:AAEQ,CE,1,Q,0,AAEQ.O
185:AAL,ES,1,Q,0,AAL.O
185:AALG,CE,1,Q,0,AALG.O
185:AAME,ES,1,Q,0,AAME.O
185:AAOI,ES,1,Q,0,AAOI.O
185:AAON,ES,1,Q,0,AAON.O
185:AAPB,CE,1,Q,0,AAPB.O
185:AAPD,CE,1,Q,0,AAPD.O
185:AAPG,ED,1,Q,0,AAPG.O
185:AAPL,ES,1,Q,0,AAPL.O
185:AAPU,CE,1,Q,0,AAPU.O
185:AARD,ES,1,Q,0,AARD.O
185:AAUS,CE,1,Q,0,AAUS.O
185:AAVM,CE,1,Q,0,AAVM.O
185:AAXJ,CE,1,Q,0,AAXJ.O
185:ABCL,ES,1,Q,0,ABCL.O
185:ABCS,CE,1,Q,0,ABCS.O
185:ABI,CE,1,Q,0,ABI.O
185:ABIG,CE,1,Q,0,ABIG.O
185:ABNB,ES,1,Q,0,ABNB.O
185:ABNG,CE,1,Q,0,ABNG.O
185:ABOS,ES,1,Q,0,ABOS.O
185:ABSI,ES,1,Q,0,ABSI.O
185:ABUS,ES,1,Q,0,ABUS.O
185:ABVE,ES,1,Q,0,ABVE.O
185:ABVEW,RW,1,Q,0,ABVEW.O
185:ABVX,ED,1,Q,0,ABVX.O
185:ACAAU,EU,1,Q,0,ACAAU.O
185:ACAD,ES,1,Q,0,ACAD.O
185:ACDC,ES,1,Q,0,ACDC.O
185:ACEP,CE,1,Q,0,ACEP.O
185:ACGL,ES,1,Q,0,ACGL.O
185:ACGLN,ER,1,Q,0,ACGLN.O
185:ACGLO,ER,1,Q,0,ACGLO.O
185:ACHC,ES,1,Q,0,ACHC.O
185:ACIU,ES,1,Q,0,ACIU.O
185:ACIW,ES,1,Q,0,ACIW.O
185:ACLS,ES,1,Q,0,ACLS.O
185:ACLX,ES,1,Q,0,ACLX.O
185:ACMR,ES,1,Q,0,ACMR.O
185:ACNT,ES,1,Q,0,ACNT.O
185:ACRS,ES,1,Q,0,ACRS.O
185:ACRV,ES,1,Q,0,ACRV.O
185:ACT,ES,1,Q,0,ACT.O
185:ACTG,ES,1,Q,0,ACTG.O
185:ACTU,ES,1,Q,0,ACTU.O
185:ACWI,CE,1,Q,0,ACWI.O
185:ACWX,CE,1,Q,0,ACWX.O
185:ADAC,ES,1,Q,0,ADAC.O
185:ADACU,EU,1,Q,0,ADACU.O
185:ADACW,RW,1,Q,0,ADACW.O
185:ADAG,ED,1,Q,0,ADAG.O
185:ADAM,ES,1,Q,0,ADAM.O
185:ADAMG,DB,1,Q,0,ADAMG.O
185:ADAMH,DB,1,Q,0,ADAMH.O
185:ADAMI,DB,1,Q,0,ADAMI.O
185:ADAML,EP,1,Q,0,ADAML.O
185:ADAMM,EP,1,Q,0,ADAMM.O
185:ADAMN,EP,1,Q,0,ADAMN.O
185:ADAMO,DB,1,Q,0,ADAMO.O
185:ADAMZ,EP,1,Q,0,ADAMZ.O
185:ADBE,ES,1,Q,0,ADBE.O
185:ADBG,CE,1,Q,0,ADBG.O
185:ADEA,ES,1,Q,0,ADEA.O
185:ADI,ES,1,Q,0,ADI.O
185:ADMA,ES,1,Q,0,ADMA.O
185:ADP,ES,1,Q,0,ADP.O
185:ADPT,ES,1,Q,0,ADPT.O
185:ADSK,ES,1,Q,0,ADSK.O
185:ADTN,ES,1,Q,0,ADTN.O
185:ADUS,ES,1,Q,0,ADUS.O
185:ADV,ES,1,Q,0,ADV.O
185:AEAQ,ES,1,Q,0,AEAQ.O
185:AEAQU,EU,1,Q,0,AEAQU.O
185:AEAQW,RW,1,Q,0,AEAQW.O
185:AEBI,ES,1,Q,0,AEBI.O
185:AEIS,ES,1,Q,0,AEIS.O
185:AEP,ES,1,Q,0,AEP.O
185:AEVA,ES,1,Q,0,AEVA.O
185:AFCG,ES,1,Q,0,AFCG.O
185:AFJK,ES,1,Q,0,AFJK.O
185:AFJKR,M,1,Q,0,AFJKR.O
185:AFJKU,EU,1,Q,0,AFJKU.O
185:AFOS,CE,1,Q,0,AFOS.O
185:AFRM,ES,1,Q,0,AFRM.O
185:AFSC,CE,1,Q,0,AFSC.O
185:AFYA,ES,1,Q,0,AFYA.O
185:AGEM,CE,1,Q,0,AGEM.O
185:AGGA,CE,1,Q,0,AGGA.O
185:AGIO,ES,1,Q,0,AGIO.O
185:AGIX,CE,1,Q,0,AGIX.O
185:AGMB,ED,1,Q,0,AGMB.O
185:AGMI,CE,1,Q,0,AGMI.O
185:AGNC,ES,1,Q,0,AGNC.O
185:AGNCL,ER,1,Q,0,AGNCL.O
185:AGNCM,ER,1,Q,0,AGNCM.O
185:AGNCN,ER,1,Q,0,AGNCN.O
185:AGNCO,ER,1,Q,0,AGNCO.O
185:AGNCP,ER,1,Q,0,AGNCP.O
185:AGNCZ,ER,1,Q,0,AGNCZ.O
185:AGNG,CE,1,Q,0,AGNG.O
185:AGYS,ES,1,Q,0,AGYS.O
185:AGZD,CE,1,Q,0,AGZD.O
185:AIA,CE,1,Q,0,AIA.O
185:AIFD,CE,1,Q,0,AIFD.O
185:AIFU,ES,1,Q,0,AIFU.O
185:AIMS,CE,1,Q,0,AIMS.O
185:AIOT,ES,1,Q,0,AIOT.O
185:AIP,ES,1,Q,0,AIP.O
185:AIPI,CE,1,Q,0,AIPI.O
185:AIPO,CE,1,Q,0,AIPO.O
185:AIQ,CE,1,Q,0,AIQ.O
185:AIRO,ES,1,Q,0,AIRO.O
185:AIRR,CE,1,Q,0,AIRR.O
185:AIRS,ES,1,Q,0,AIRS.O
185:AIRTP,EP,1,Q,0,AIRTP.O
185:AISP,ES,1,Q,0,AISP.O
185:AIXI,ED,1,Q,0,AIXI.O
185:AKAM,ES,1,Q,0,AKAM.O
185:AKTS,ES,1,Q,0,AKTS.O
185:ALAB,ES,1,Q,0,ALAB.O
185:ALBG,CE,1,Q,0,ALBG.O
185:ALCO,ES,1,Q,0,ALCO.O
185:ALDF,ES,1,Q,0,ALDF.O
185:ALDFU,EU,1,Q,0,ALDFU.O
185:ALDFW,RW,1,Q,0,ALDFW.O
185:ALEC,ES,1,Q,0,ALEC.O
185:ALF,ES,1,Q,0,ALF.O
185:ALFUU,EU,1,Q,0,ALFUU.O
185:ALFUW,RW,1,Q,0,ALFUW.O
185:ALGM,ES,1,Q,0,ALGM.O
185:ALGN,ES,1,Q,0,ALGN.O
185:ALGT,ES,1,Q,0,ALGT.O
185:ALHC,ES,1,Q,0,ALHC.O
185:ALIL,CE,1,Q,0,ALIL.O
185:ALIS,ES,1,Q,0,ALIS.O
185:ALISR,M,1,Q,0,ALISR.O
185:ALISU,EU,1,Q,0,ALISU.O
185:ALKS,ES,1,Q,0,ALKS.O
185:ALKT,ES,1,Q,0,ALKT.O
185:ALLO,ES,1,Q,0,ALLO.O
185:ALLT,ES,1,Q,0,ALLT.O
185:ALLW,CE,1,Q,0,ALLW.O
185:ALMS,ES,1,Q,0,ALMS.O
185:ALNT,ES,1,Q,0,ALNT.O
185:ALNY,ES,1,Q,0,ALNY.O
185:ALOT,ES,1,Q,0,ALOT.O
185:ALOV,ES,1,Q,0,ALOV.O
185:ALOVU,EU,1,Q,0,ALOVU.O
185:ALOVW,RW,1,Q,0,ALOVW.O
185:ALPS,ES,1,Q,0,ALPS.O
185:ALRM,ES,1,Q,0,ALRM.O
185:ALT,ES,1,Q,0,ALT.O
185:ALTY,CE,1,Q,0,ALTY.O
185:ALVO,ES,1,Q,0,ALVO.O
185:ALVOW,RW,1,Q,0,ALVOW.O
185:ALXO,ES,1,Q,0,ALXO.O
185:AMAL,ES,1,Q,0,AMAL.O
185:AMAT,ES,1,Q,0,AMAT.O
185:AMBA,ES,1,Q,0,AMBA.O
185:AMBR,ED,1,Q,0,AMBR.O
185:AMCX,ES,1,Q,0,AMCX.O
185:AMD,ES,1,Q,0,AMD.O
185:AMDD,CE,1,Q,0,AMDD.O
185:AMDG,CE,1,Q,0,AMDG.O
185:AMDL,CE,1,Q,0,AMDL.O
185:AMGN,ES,1,Q,0,AMGN.O
185:AMID,CE,1,Q,0,AMID.O
185:AMKR,ES,1,Q,0,AMKR.O
185:AMLX,ES,1,Q,0,AMLX.O
185:AMPH,ES,1,Q,0,AMPH.O
185:AMRX,ES,1,Q,0,AMRX.O
185:AMSC,ES,1,Q,0,AMSC.O
185:AMSF,ES,1,Q,0,AMSF.O
185:AMTX,ES,1,Q,0,AMTX.O
185:AMUN,CE,1,Q,0,AMUN.O
185:AMUU,CE,1,Q,0,AMUU.O
185:AMWD,ES,1,Q,0,AMWD.O
185:AMYY,CE,1,Q,0,AMYY.O
185:AMZD,CE,1,Q,0,AMZD.O
185:AMZN,ES,1,Q,0,AMZN.O
185:AMZU,CE,1,Q,0,AMZU.O
185:AMZZ,CE,1,Q,0,AMZZ.O
185:ANAB,ES,1,Q,0,ANAB.O
185:ANDE,ES,1,Q,0,ANDE.O
185:ANEL,CE,1,Q,0,ANEL.O
185:ANGI,ES,1,Q,0,ANGI.O
185:ANGL,CE,1,Q,0,ANGL.O
185:ANGO,ES,1,Q,0,ANGO.O
185:ANIK,ES,1,Q,0,ANIK.O
185:ANIP,ES,1,Q,0,ANIP.O
185:ANL,ED,1,Q,0,ANL.O
185:ANNX,ES,1,Q,0,ANNX.O
185:ANSC,ES,1,Q,0,ANSC.O
185:ANSCU,EU,1,Q,0,ANSCU.O
185:ANSCW,RW,1,Q,0,ANSCW.O
185:ANTA,ES,1,Q,0,ANTA.O
185:ANTX,ES,1,Q,0,ANTX.O
185:ANV,CE,1,Q,0,ANV.O
185:AOHY,CE,1,Q,0,AOHY.O
185:AOSL,ES,1,Q,0,AOSL.O
185:AOTG,CE,1,Q,0,AOTG.O
185:AOUT,ES,1,Q,0,AOUT.O
185:APA,ES,1,Q,0,APA.O
185:APAD,ES,1,Q,0,APAD.O
185:APADR,M,1,Q,0,APADR.O
185:APADU,EU,1,Q,0,APADU.O
185:APEI,ES,1,Q,0,APEI.O
185:APGE,ES,1,Q,0,APGE.O
185:API,ED,1,Q,0,API.O
185:APLD,ES,1,Q,0,APLD.O
185:APLS,ES,1,Q,0,APLS.O
185:APOG,ES,1,Q,0,APOG.O
185:APP,ES,1,Q,0,APP.O
185:APPF,ES,1,Q,0,APPF.O
185:APPN,ES,1,Q,0,APPN.O
185:APPX,CE,1,Q,0,APPX.O
185:APXT,ES,1,Q,0,APXT.O
185:APXTU,EU,1,Q,0,APXTU.O
185:APXTW,RW,1,Q,0,APXTW.O
185:APYX,ES,1,Q,0,APYX.O
185:AQST,ES,1,Q,0,AQST.O
185:AQWA,CE,1,Q,0,AQWA.O
185:ARAI,ES,1,Q,0,ARAI.O
185:ARAY,ES,1,Q,0,ARAY.O
185:ARCB,ES,1,Q,0,ARCB.O
185:ARCC,ES,1,Q,0,ARCC.O
185:ARCI,ES,1,Q,0,ARCI.O
185:ARCIU,EU,1,Q,0,ARCIU.O
185:ARCIW,RW,1,Q,0,ARCIW.O
185:ARCT,ES,1,Q,0,ARCT.O
185:ARDX,ES,1,Q,0,ARDX.O
185:ARGX,ED,1,Q,0,ARGX.O
185:ARHS,ES,1,Q,0,ARHS.O
185:ARKR,ES,1,Q,0,ARKR.O
185:ARLP,ES,1,Q,0,ARLP.O
185:ARM,ED,1,Q,0,ARM.O
185:ARMG,CE,1,Q,0,ARMG.O
185:AROW,ES,1,Q,0,AROW.O
185:ARQ,ES,1,Q,0,ARQ.O
185:ARQT,ES,1,Q,0,ARQT.O
185:ARRY,ES,1,Q,0,ARRY.O
185:ARTC,ES,1,Q,0,ARTC.O
185:ARTCU,EU,1,Q,0,ARTCU.O
185:ARTCW,RW,1,Q,0,ARTCW.O
185:ARTNA,ES,1,Q,0,ARTNA.O
185:ARTV,ES,1,Q,0,ARTV.O
185:ARVN,ES,1,Q,0,ARVN.O
185:ARVR,CE,1,Q,0,ARVR.O
185:ARWR,ES,1,Q,0,ARWR.O
185:ASCI,CE,1,Q,0,ASCI.O
185:ASMB,ES,1,Q,0,ASMB.O
185:ASMG,CE,1,Q,0,ASMG.O
185:ASML,ES,1,Q,0,ASML.O
185:ASMU,CE,1,Q,0,ASMU.O
185:ASND,ED,1,Q,0,ASND.O
185:ASO,ES,1,Q,0,ASO.O
185:ASPS,ES,1,Q,0,ASPS.O
185:ASPSW,RW,1,Q,0,ASPSW.O
185:ASPSZ,RW,1,Q,0,ASPSZ.O
185:ASRV,ES,1,Q,0,ASRV.O
185:ASST,ES,1,Q,0,ASST.O
185:ASTE,ES,1,Q,0,ASTE.O
185:ASTL,ES,1,Q,0,ASTL.O
185:ASTLW,RW,1,Q,0,ASTLW.O
185:ASTS,ES,1,Q,0,ASTS.O
185:ASYS,ES,1,Q,0,ASYS.O
185:ATAI,ES,1,Q,0,ATAI.O
185:ATAT,ED,1,Q,0,ATAT.O
185:ATEC,ES,1,Q,0,ATEC.O
185:ATII,ES,1,Q,0,ATII.O
185:ATIIU,EU,1,Q,0,ATIIU.O
185:ATIIW,RW,1,Q,0,ATIIW.O
185:ATLC,ES,1,Q,0,ATLC.O
185:ATLCL,DB,1,Q,0,ATLCL.O
185:ATLCP,EP,1,Q,0,ATLCP.O
185:ATLCZ,DB,1,Q,0,ATLCZ.O
185:ATLN,ES,1,Q,0,ATLN.O
185:ATNI,ES,1,Q,0,ATNI.O
185:ATRA,ES,1,Q,0,ATRA.O
185:ATRC,ES,1,Q,0,ATRC.O
185:ATRO,ES,1,Q,0,ATRO.O
185:AUBN,ES,1,Q,0,AUBN.O
185:AUDC,ES,1,Q,0,AUDC.O
185:AUGO,ES,1,Q,0,AUGO.O
185:AUMI,CE,1,Q,0,AUMI.O
185:AUPH,ES,1,Q,0,AUPH.O
185:AUR,ES,1,Q,0,AUR.O
185:AURA,ES,1,Q,0,AURA.O
185:AUROW,RW,1,Q,0,AUROW.O
185:AUTL,ED,1,Q,0,AUTL.O
185:AVAH,ES,1,Q,0,AVAH.O
185:AVAV,ES,1,Q,0,AVAV.O
185:AVBH,ES,1,Q,0,AVBH.O
185:AVBP,ES,1,Q,0,AVBP.O
185:AVGB,CE,1,Q,0,AVGB.O
185:AVGG,CE,1,Q,0,AVGG.O
185:AVGO,ES,1,Q,0,AVGO.O
185:AVGU,CE,1,Q,0,AVGU.O
185:AVGX,CE,1,Q,0,AVGX.O
185:AVIR,ES,1,Q,0,AVIR.O
185:AVL,CE,1,Q,0,AVL.O
185:AVNW,ES,1,Q,0,AVNW.O
185:AVO,ES,1,Q,0,AVO.O
185:AVOS,CE,1,Q,0,AVOS.O
185:AVPT,ES,1,Q,0,AVPT.O
185:AVR,ES,1,Q,0,AVR.O
185:AVS,CE,1,Q,0,AVS.O
185:AVT,ES,1,Q,0,AVT.O
185:AVUQ,CE,1,Q,0,AVUQ.O
185:AVXC,CE,1,Q,0,AVXC.O
185:AVXL,ES,1,Q,0,AVXL.O
185:AVXX,CE,1,Q,0,AVXX.O
185:AWRE,ES,1,Q,0,AWRE.O
185:AXIN,ES,1,Q,0,AXIN.O
185:AXINR,M,1,Q,0,AXINR.O
185:AXINU,EU,1,Q,0,AXINU.O
185:AXON,ES,1,Q,0,AXON.O
185:AXPG,CE,1,Q,0,AXPG.O
185:AXSM,ES,1,Q,0,AXSM.O
185:AXTI,ES,1,Q,0,AXTI.O
185:AZI,ES,1,Q,0,AZI.O
185:AZTA,ES,1,Q,0,AZTA.O
185:AZYY,CE,1,Q,0,AZYY.O
185:BABU,CE,1,Q,0,BABU.O
185:BABX,CE,1,Q,0,BABX.O
185:BACC,ES,1,Q,0,BACC.O
185:BACCR,M,1,Q,0,BACCR.O
185:BACCU,EU,1,Q,0,BACCU.O
185:BAER,ES,1,Q,0,BAER.O
185:BAERW,RW,1,Q,0,BAERW.O
185:BAFE,CE,1,Q,0,BAFE.O
185:BAIG,CE,1,Q,0,BAIG.O
185:BAIV,CE,1,Q,0,BAIV.O
185:BALQ,CE,1,Q,0,BALQ.O
185:BAND,ES,1,Q,0,BAND.O
185:BANF,ES,1,Q,0,BANF.O
185:BANFP,EP,1,Q,0,BANFP.O
185:BANR,ES,1,Q,0,BANR.O
185:BANX,ES,1,Q,0,BANX.O
185:BASG,CE,1,Q,0,BASG.O
185:BASV,CE,1,Q,0,BASV.O
185:BATRA,ES,1,Q,0,BATRA.O
185:BATRK,ES,1,Q,0,BATRK.O
185:BAYA,ES,1,Q,0,BAYA.O
185:BAYAR,M,1,Q,0,BAYAR.O
185:BAYAU,EU,1,Q,0,BAYAU.O
185:BBB,CE,1,Q,0,BBB.O
185:BBCQ,ES,1,Q,0,BBCQ.O
185:BBCQU,EU,1,Q,0,BBCQU.O
185:BBCQW,RW,1,Q,0,BBCQW.O
185:BBH,CE,1,Q,0,BBH.O
185:BBIO,ES,1,Q,0,BBIO.O
185:BBNX,ES,1,Q,0,BBNX.O
185:BBOT,ES,1,Q,0,BBOT.O
185:BBSI,ES,1,Q,0,BBSI.O
185:BBYY,CE,1,Q,0,BBYY.O
185:BCAR,ES,1,Q,0,BCAR.O
185:BCARU,EU,1,Q,0,BCARU.O
185:BCARW,RW,1,Q,0,BCARW.O
185:BCAX,ES,1,Q,0,BCAX.O
185:BCBP,ES,1,Q,0,BCBP.O
185:BCFN,CE,1,Q,0,BCFN.O
185:BCG,ES,1,Q,0,BCG.O
185:BCIC,ES,1,Q,0,BCIC.O
185:BCLO,CE,1,Q,0,BCLO.O
185:BCML,ES,1,Q,0,BCML.O
185:BCPC,ES,1,Q,0,BCPC.O
185:BCRX,ES,1,Q,0,BCRX.O
185:BCTK,CE,1,Q,0,BCTK.O
185:BCYC,ED,1,Q,0,BCYC.O
185:BDCI,ES,1,Q,0,BDCI.O
185:BDCIU,EU,1,Q,0,BDCIU.O
185:BDCIW,RW,1,Q,0,BDCIW.O
185:BDGS,CE,1,Q,0,BDGS.O
185:BDSX,ES,1,Q,0,BDSX.O
185:BDTX,ES,1,Q,0,BDTX.O
185:BDVL,CE,1,Q,0,BDVL.O
185:BDYN,CE,1,Q,0,BDYN.O
185:BEAG,ES,1,Q,0,BEAG.O
185:BEAGR,M,1,Q,0,BEAGR.O
185:BEAGU,EU,1,Q,0,BEAGU.O
185:BEAM,ES,1,Q,0,BEAM.O
185:BEDY,CE,1,Q,0,BEDY.O
185:BEEP,ES,1,Q,0,BEEP.O
185:BEEX,CE,1,Q,0,BEEX.O
185:BEEZ,CE,1,Q,0,BEEZ.O
185:BEG,CE,1,Q,0,BEG.O
185:BELFA,ES,1,Q,0,BELFA.O
185:BELFB,ES,1,Q,0,BELFB.O
185:BELT,CE,1,Q,0,BELT.O
185:BETR,ES,1,Q,0,BETR.O
185:BETRW,RW,1,Q,0,BETRW.O
185:BFST,ES,1,Q,0,BFST.O
185:BGC,ES,1,Q,0,BGC.O
185:BGIN,ES,1,Q,0,BGIN.O
185:BGL,ES,1,Q,0,BGL.O
185:BGRN,CE,1,Q,0,BGRN.O
185:BGRO,CE,1,Q,0,BGRO.O
185:BHDG,CE,1,Q,0,BHDG.O
185:BHF,ES,1,Q,0,BHF.O
185:BHFAL,DB,1,Q,0,BHFAL.O
185:BHFAM,ER,1,Q,0,BHFAM.O
185:BHFAN,ER,1,Q,0,BHFAN.O
185:BHFAO,ER,1,Q,0,BHFAO.O
185:BHFAP,ER,1,Q,0,BHFAP.O
185:BHST,ES,1,Q,0,BHST.O
185:BIB,CE,1,Q,0,BIB.O
185:BIDG,CE,1,Q,0,BIDG.O
185:BIDU,ED,1,Q,0,BIDU.O
185:BIIB,ES,1,Q,0,BIIB.O
185:BILI,ED,1,Q,0,BILI.O
185:BIOA,ES,1,Q,0,BIOA.O
185:BIOX,ES,1,Q,0,BIOX.O
185:BIRD,ES,1,Q,0,BIRD.O
185:BIS,CE,1,Q,0,BIS.O
185:BITF,ES,1,Q,0,BITF.O
185:BITS,CE,1,Q,0,BITS.O
185:BIXI,ES,1,Q,0,BIXI.O
185:BIXIU,EU,1,Q,0,BIXIU.O
185:BIXIW,RW,1,Q,0,BIXIW.O
185:BJK,CE,1,Q,0,BJK.O
185:BJRI,ES,1,Q,0,BJRI.O
185:BKCH,CE,1,Q,0,BKCH.O
185:BKHA,ES,1,Q,0,BKHA.O
185:BKHAR,M,1,Q,0,BKHAR.O
185:BKHAU,EU,1,Q,0,BKHAU.O
185:BKMI,CE,1,Q,0,BKMI.O
185:BKMS,CE,1,Q,0,BKMS.O
185:BKNG,ES,1,Q,0,BKNG.O
185:BKR,ES,1,Q,0,BKR.O
185:BL,ES,1,Q,0,BL.O
185:BLBD,ES,1,Q,0,BLBD.O
185:BLCN,CE,1,Q,0,BLCN.O
185:BLCR,CE,1,Q,0,BLCR.O
185:BLDP,ES,1,Q,0,BLDP.O
185:BLFY,ES,1,Q,0,BLFY.O
185:BLKB,ES,1,Q,0,BLKB.O
185:BLLN,ES,1,Q,0,BLLN.O
185:BLMN,ES,1,Q,0,BLMN.O
185:BLRK,ES,1,Q,0,BLRK.O
185:BLRKU,EU,1,Q,0,BLRKU.O
185:BLRKW,RW,1,Q,0,BLRKW.O
185:BLSG,CE,1,Q,0,BLSG.O
185:BLUW,ES,1,Q,0,BLUW.O
185:BLUWU,EU,1,Q,0,BLUWU.O
185:BLUWW,RW,1,Q,0,BLUWW.O
185:BLZE,ES,1,Q,0,BLZE.O
185:BLZR,ES,1,Q,0,BLZR.O
185:BLZRU,EU,1,Q,0,BLZRU.O
185:BLZRW,RW,1,Q,0,BLZRW.O
185:BMAX,CE,1,Q,0,BMAX.O
185:BMBL,ES,1,Q,0,BMBL.O
185:BMEA,ES,1,Q,0,BMEA.O
185:BMNG,CE,1,Q,0,BMNG.O
185:BMOP,CE,1,Q,0,BMOP.O
185:BMRC,ES,1,Q,0,BMRC.O
185:BMRN,ES,1,Q,0,BMRN.O
185:BND,CE,1,Q,0,BND.O
185:BNDP,CE,1,Q,0,BNDP.O
185:BNDW,CE,1,Q,0,BNDW.O
185:BNDX,CE,1,Q,0,BNDX.O
185:BNR,ED,1,Q,0,BNR.O
185:BNTX,ED,1,Q,0,BNTX.O
185:BOED,CE,1,Q,0,BOED.O
185:BOEG,CE,1,Q,0,BOEG.O
185:BOEU,CE,1,Q,0,BOEU.O
185:BOKF,ES,1,Q,0,BOKF.O
185:BOLD,ES,1,Q,0,BOLD.O
185:BOOM,ES,1,Q,0,BOOM.O
185:BOTT,CE,1,Q,0,BOTT.O
185:BOTZ,CE,1,Q,0,BOTZ.O
185:BPOP,ES,1,Q,0,BPOP.O
185:BPRN,ES,1,Q,0,BPRN.O
185:BPYPM,EP,1,Q,0,BPYPM.O
185:BPYPN,EP,1,Q,0,BPYPN.O
185:BPYPO,EP,1,Q,0,BPYPO.O
185:BPYPP,EP,1,Q,0,BPYPP.O
185:BRAG,ES,1,Q,0,BRAG.O
185:BRAI,ES,1,Q,0,BRAI.O
185:BRCB,ES,1,Q,0,BRCB.O
185:BREM,CE,1,Q,0,BREM.O
185:BRES,CE,1,Q,0,BRES.O
185:BRHY,CE,1,Q,0,BRHY.O
185:BRID,ES,1,Q,0,BRID.O
185:BRKD,CE,1,Q,0,BRKD.O
185:BRKR,ES,1,Q,0,BRKR.O
185:BRKRP,EP,1,Q,0,BRKRP.O
185:BRKU,CE,1,Q,0,BRKU.O
185:BRLT,ES,1,Q,0,BRLT.O
185:BRNS,ED,1,Q,0,BRNS.O
185:BRNY,CE,1,Q,0,BRNY.O
185:BRR,ES,1,Q,0,BRR.O
185:BRRR,CE,1,Q,0,BRRR.O
185:BRTR,CE,1,Q,0,BRTR.O
185:BRZE,ES,1,Q,0,BRZE.O
185:BSCQ,CE,1,Q,0,BSCQ.O
185:BSCR,CE,1,Q,0,BSCR.O
185:BSCS,CE,1,Q,0,BSCS.O
185:BSCT,CE,1,Q,0,BSCT.O
185:BSCU,CE,1,Q,0,BSCU.O
185:BSCV,CE,1,Q,0,BSCV.O
185:BSCW,CE,1,Q,0,BSCW.O
185:BSCX,CE,1,Q,0,BSCX.O
185:BSCY,CE,1,Q,0,BSCY.O
185:BSCZ,CE,1,Q,0,BSCZ.O
185:BSET,ES,1,Q,0,BSET.O
185:BSJQ,CE,1,Q,0,BSJQ.O
185:BSJR,CE,1,Q,0,BSJR.O
185:BSJS,CE,1,Q,0,BSJS.O
185:BSJT,CE,1,Q,0,BSJT.O
185:BSJU,CE,1,Q,0,BSJU.O
185:BSJV,CE,1,Q,0,BSJV.O
185:BSJW,CE,1,Q,0,BSJW.O
185:BSJX,CE,1,Q,0,BSJX.O
185:BSMQ,CE,1,Q,0,BSMQ.O
185:BSMR,CE,1,Q,0,BSMR.O
185:BSMS,CE,1,Q,0,BSMS.O
185:BSMT,CE,1,Q,0,BSMT.O
185:BSMU,CE,1,Q,0,BSMU.O
185:BSMV,CE,1,Q,0,BSMV.O
185:BSMW,CE,1,Q,0,BSMW.O
185:BSMY,CE,1,Q,0,BSMY.O
185:BSMZ,CE,1,Q,0,BSMZ.O
185:BSRR,ES,1,Q,0,BSRR.O
185:BSSX,CE,1,Q,0,BSSX.O
185:BSVN,ES,1,Q,0,BSVN.O
185:BSVO,CE,1,Q,0,BSVO.O
185:BSY,ES,1,Q,0,BSY.O
185:BTF,CE,1,Q,0,BTF.O
185:BTGD,CE,1,Q,0,BTGD.O
185:BTMD,ES,1,Q,0,BTMD.O
185:BTOC,ES,1,Q,0,BTOC.O
185:BTQ,ES,1,Q,0,BTQ.O
185:BTSG,ES,1,Q,0,BTSG.O
185:BTSGU,EU,1,Q,0,BTSGU.O
185:BU,CE,1,Q,0,BU.O
185:BUFC,CE,1,Q,0,BUFC.O
185:BUFI,CE,1,Q,0,BUFI.O
185:BUFM,CE,1,Q,0,BUFM.O
185:BUG,CE,1,Q,0,BUG.O
185:BULD,CE,1,Q,0,BULD.O
185:BULG,CE,1,Q,0,BULG.O
185:BULX,CE,1,Q,0,BULX.O
185:BUSE,ES,1,Q,0,BUSE.O
185:BUSEP,ER,1,Q,0,BUSEP.O
185:BVS,ES,1,Q,0,BVS.O
185:BWAY,ED,1,Q,0,BWAY.O
185:BWFG,ES,1,Q,0,BWFG.O
185:BWIN,ES,1,Q,0,BWIN.O
185:BWMN,ES,1,Q,0,BWMN.O
185:BYND,ES,1,Q,0,BYND.O
185:BZ,ED,1,Q,0,BZ.O
185:BZAI,ES,1,Q,0,BZAI.O
185:BZUN,ED,1,Q,0,BZUN.O
185:CA,CE,1,Q,0,CA.O
185:CABA,ES,1,Q,0,CABA.O
185:CAC,ES,1,Q,0,CAC.O
185:CACC,ES,1,Q,0,CACC.O
185:CADL,ES,1,Q,0,CADL.O
185:CAEP,ES,1,Q,0,CAEP.O
185:CAFG,CE,1,Q,0,CAFG.O
185:CAI,ES,1,Q,0,CAI.O
185:CAIQ,CE,1,Q,0,CAIQ.O
185:CAKE,ES,1,Q,0,CAKE.O
185:CALI,CE,1,Q,0,CALI.O
185:CALM,ES,1,Q,0,CALM.O
185:CAMP,ES,1,Q,0,CAMP.O
185:CAMT,ES,1,Q,0,CAMT.O
185:CAN,ED,1,Q,0,CAN.O
185:CANC,CE,1,Q,0,CANC.O
185:CANQ,CE,1,Q,0,CANQ.O
185:CAPN,ES,1,Q,0,CAPN.O
185:CAPNR,M,1,Q,0,CAPNR.O
185:CAPNU,EU,1,Q,0,CAPNU.O
185:CAPR,ES,1,Q,0,CAPR.O
185:CAPT,ES,1,Q,0,CAPT.O
185:CAQUU,EU,1,Q,0,CAQUU.O
185:CAR,ES,1,Q,0,CAR.O
185:CARE,ES,1,Q,0,CARE.O
185:CARG,ES,1,Q,0,CARG.O
185:CARL,ES,1,Q,0,CARL.O
185:CART,ES,1,Q,0,CART.O
185:CARY,CE,1,Q,0,CARY.O
185:CARZ,CE,1,Q,0,CARZ.O
185:CASH,ES,1,Q,0,CASH.O
185:CASS,ES,1,Q,0,CASS.O
185:CAST,ES,1,Q,0,CAST.O
185:CASY,ES,1,Q,0,CASY.O
185:CATH,CE,1,Q,0,CATH.O
185:CATY,ES,1,Q,0,CATY.O
185:CBC,ES,1,Q,0,CBC.O
185:CBFV,ES,1,Q,0,CBFV.O
185:CBLL,ES,1,Q,0,CBLL.O
185:CBNK,ES,1,Q,0,CBNK.O
185:CBRL,ES,1,Q,0,CBRL.O
185:CBSH,ES,1,Q,0,CBSH.O
185:CCAP,ES,1,Q,0,CCAP.O
185:CCB,ES,1,Q,0,CCB.O
185:CCBG,ES,1,Q,0,CCBG.O
185:CCC,ES,1,Q,0,CCC.O
185:CCCC,ES,1,Q,0,CCCC.O
185:CCD,ES,1,Q,0,CCD.O
185:CCEC,ES,1,Q,0,CCEC.O
185:CCEP,ES,1,Q,0,CCEP.O
185:CCFE,CE,1,Q,0,CCFE.O
185:CCII,ES,1,Q,0,CCII.O
185:CCIIU,EU,1,Q,0,CCIIU.O
185:CCIIW,RW,1,Q,0,CCIIW.O
185:CCIX,ES,1,Q,0,CCIX.O
185:CCIXU,EU,1,Q,0,CCIXU.O
185:CCIXW,RW,1,Q,0,CCIXW.O
185:CCLD,ES,1,Q,0,CCLD.O
185:CCLDO,EP,1,Q,0,CCLDO.O
185:CCNE,ES,1,Q,0,CCNE.O
185:CCNEP,ER,1,Q,0,CCNEP.O
185:CCNR,CE,1,Q,0,CCNR.O
185:CCOI,ES,1,Q,0,CCOI.O
185:CCRN,ES,1,Q,0,CCRN.O
185:CCSB,CE,1,Q,0,CCSB.O
185:CCSI,ES,1,Q,0,CCSI.O
185:CCSO,CE,1,Q,0,CCSO.O
185:CCXI,ES,1,Q,0,CCXI.O
185:CCXIU,EU,1,Q,0,CCXIU.O
185:CCXIW,RW,1,Q,0,CCXIW.O
185:CD,ES,1,Q,0,CD.O
185:CDC,CE,1,Q,0,CDC.O
185:CDIG,CE,1,Q,0,CDIG.O
185:CDL,CE,1,Q,0,CDL.O
185:CDLX,ES,1,Q,0,CDLX.O
185:CDNA,ES,1,Q,0,CDNA.O
185:CDNL,ES,1,Q,0,CDNL.O
185:CDNS,ES,1,Q,0,CDNS.O
185:CDW,ES,1,Q,0,CDW.O
185:CDXS,ES,1,Q,0,CDXS.O
185:CDZI,ES,1,Q,0,CDZI.O
185:CDZIP,ER,1,Q,0,CDZIP.O
185:CECO,ES,1,Q,0,CECO.O
185:CEFA,CE,1,Q,0,CEFA.O
185:CEG,ES,1,Q,0,CEG.O
185:CENT,ES,1,Q,0,CENT.O
185:CENTA,ES,1,Q,0,CENTA.O
185:CENX,ES,1,Q,0,CENX.O
185:CEPF,ES,1,Q,0,CEPF.O
185:CEPI,CE,1,Q,0,CEPI.O
185:CEPO,ES,1,Q,0,CEPO.O
185:CEPS,ES,1,Q,0,CEPS.O
185:CEPT,ES,1,Q,0,CEPT.O
185:CEPV,ES,1,Q,0,CEPV.O
185:CERS,ES,1,Q,0,CERS.O
185:CERT,ES,1,Q,0,CERT.O
185:CEVA,ES,1,Q,0,CEVA.O
185:CFA,CE,1,Q,0,CFA.O
185:CFFI,ES,1,Q,0,CFFI.O
185:CFFN,ES,1,Q,0,CFFN.O
185:CFLT,ES,1,Q,0,CFLT.O
185:CFO,CE,1,Q,0,CFO.O
185:CG,ES,1,Q,0,CG.O
185:CGABL,DB,1,Q,0,CGABL.O
185:CGBD,ES,1,Q,0,CGBD.O
185:CGC,ES,1,Q,0,CGC.O
185:CGCT,ES,1,Q,0,CGCT.O
185:CGCTU,EU,1,Q,0,CGCTU.O
185:CGCTW,RW,1,Q,0,CGCTW.O
185:CGEM,ES,1,Q,0,CGEM.O
185:CGNT,ES,1,Q,0,CGNT.O
185:CGNX,ES,1,Q,0,CGNX.O
185:CGO,ES,1,Q,0,CGO.O
185:CGON,ES,1,Q,0,CGON.O
185:CHA,ED,1,Q,0,CHA.O
185:CHAC,ES,1,Q,0,CHAC.O
185:CHACR,M,1,Q,0,CHACR.O
185:CHACU,EU,1,Q,0,CHACU.O
185:CHAR,ES,1,Q,0,CHAR.O
185:CHARR,M,1,Q,0,CHARR.O
185:CHARU,EU,1,Q,0,CHARU.O
185:CHCO,ES,1,Q,0,CHCO.O
185:CHDN,ES,1,Q,0,CHDN.O
185:CHEC,ES,1,Q,0,CHEC.O
185:CHECU,EU,1,Q,0,CHECU.O
185:CHECW,RW,1,Q,0,CHECW.O
185:CHEF,ES,1,Q,0,CHEF.O
185:CHGX,CE,1,Q,0,CHGX.O
185:CHI,ES,1,Q,0,CHI.O
185:CHKP,ES,1,Q,0,CHKP.O
185:CHMG,ES,1,Q,0,CHMG.O
185:CHPG,ES,1,Q,0,CHPG.O
185:CHPGR,M,1,Q,0,CHPGR.O
185:CHPGU,EU,1,Q,0,CHPGU.O
185:CHPS,CE,1,Q,0,CHPS.O
185:CHPX,CE,1,Q,0,CHPX.O
185:CHRD,ES,1,Q,0,CHRD.O
185:CHRI,CE,1,Q,0,CHRI.O
185:CHRS,ES,1,Q,0,CHRS.O
185:CHRW,ES,1,Q,0,CHRW.O
185:CHSCL,EP,1,Q,0,CHSCL.O
185:CHSCM,EP,1,Q,0,CHSCM.O
185:CHSCN,EP,1,Q,0,CHSCN.O
185:CHSCO,EP,1,Q,0,CHSCO.O
185:CHSCP,EP,1,Q,0,CHSCP.O
185:CHTR,ES,1,Q,0,CHTR.O
185:CHW,ES,1,Q,0,CHW.O
185:CHY,ES,1,Q,0,CHY.O
185:CHYM,ES,1,Q,0,CHYM.O
185:CIBR,CE,1,Q,0,CIBR.O
185:CIFG,CE,1,Q,0,CIFG.O
185:CIFR,ES,1,Q,0,CIFR.O
185:CIGI,ES,1,Q,0,CIGI.O
185:CINF,ES,1,Q,0,CINF.O
185:CLAR,ES,1,Q,0,CLAR.O
185:CLBK,ES,1,Q,0,CLBK.O
185:CLBT,ES,1,Q,0,CLBT.O
185:CLFD,ES,1,Q,0,CLFD.O
185:CLLS,ED,1,Q,0,CLLS.O
185:CLMB,ES,1,Q,0,CLMB.O
185:CLMT,ES,1,Q,0,CLMT.O
185:CLNE,ES,1,Q,0,CLNE.O
185:CLOA,CE,1,Q,0,CLOA.O
185:CLOD,CE,1,Q,0,CLOD.O
185:CLOU,CE,1,Q,0,CLOU.O
185:CLOV,ES,1,Q,0,CLOV.O
185:CLPS,ES,1,Q,0,CLPS.O
185:CLSM,CE,1,Q,0,CLSM.O
185:CLYM,ES,1,Q,0,CLYM.O
185:CMBM,ES,1,Q,0,CMBM.O
185:CMBO,CE,1,Q,0,CMBO.O
185:CMCO,ES,1,Q,0,CMCO.O
185:CMCSA,ES,1,Q,0,CMCSA.O
185:CME,ES,1,Q,0,CME.O
185:CMGG,CE,1,Q,0,CMGG.O
185:CMII,ES,1,Q,0,CMII.O
185:CMIIU,EU,1,Q,0,CMIIU.O
185:CMIIW,RW,1,Q,0,CMIIW.O
185:CMPR,ES,1,Q,0,CMPR.O
185:CMPS,ED,1,Q,0,CMPS.O
185:CMRC,ES,1,Q,0,CMRC.O
185:CMTL,ES,1,Q,0,CMTL.O
185:CNCG,CE,1,Q,0,CNCG.O
185:CNCK,ES,1,Q,0,CNCK.O
185:CNDT,ES,1,Q,0,CNDT.O
185:CNOB,ES,1,Q,0,CNOB.O
185:CNOBP,ER,1,Q,0,CNOBP.O
185:CNQQ,CE,1,Q,0,CNQQ.O
185:CNTA,ED,1,Q,0,CNTA.O
185:CNTB,ES,1,Q,0,CNTB.O
185:CNXC,ES,1,Q,0,CNXC.O
185:CNXN,ES,1,Q,0,CNXN.O
185:COCO,ES,1,Q,0,COCO.O
185:COGT,ES,1,Q,0,COGT.O
185:COHU,ES,1,Q,0,COHU.O
185:COIG,CE,1,Q,0,COIG.O
185:COIN,ES,1,Q,0,COIN.O
185:COKE,ES,1,Q,0,COKE.O
185:COLA,ES,1,Q,0,COLA.O
185:COLAR,M,1,Q,0,COLAR.O
185:COLAU,EU,1,Q,0,COLAU.O
185:COLB,ES,1,Q,0,COLB.O
185:COLL,ES,1,Q,0,COLL.O
185:COLM,ES,1,Q,0,COLM.O
185:COMT,CE,1,Q,0,COMT.O
185:CONI,CE,1,Q,0,CONI.O
185:CONL,CE,1,Q,0,CONL.O
185:CONX,CE,1,Q,0,CONX.O
185:COO,ES,1,Q,0,COO.O
185:COPJ,CE,1,Q,0,COPJ.O
185:COPP,CE,1,Q,0,COPP.O
185:CORO,CE,1,Q,0,CORO.O
185:CORZ,ES,1,Q,0,CORZ.O
185:CORZW,RW,1,Q,0,CORZW.O
185:CORZZ,RW,1,Q,0,CORZZ.O
185:COST,ES,1,Q,0,COST.O
185:COTG,CE,1,Q,0,COTG.O
185:COWG,CE,1,Q,0,COWG.O
185:COWS,CE,1,Q,0,COWS.O
185:COYY,CE,1,Q,0,COYY.O
185:CPAG,CE,1,Q,0,CPAG.O
185:CPB,ES,1,Q,0,CPB.O
185:CPHC,ES,1,Q,0,CPHC.O
185:CPHY,CE,1,Q,0,CPHY.O
185:CPIX,ES,1,Q,0,CPIX.O
185:CPLS,CE,1,Q,0,CPLS.O
185:CPRT,ES,1,Q,0,CPRT.O
185:CPSS,ES,1,Q,0,CPSS.O
185:CPZ,ES,1,Q,0,CPZ.O
185:CRAC,ES,1,Q,0,CRAC.O
185:CRACR,M,1,Q,0,CRACR.O
185:CRACU,EU,1,Q,0,CRACU.O
185:CRACW,RW,1,Q,0,CRACW.O
185:CRAI,ES,1,Q,0,CRAI.O
185:CRAN,ES,1,Q,0,CRAN.O
185:CRANR,M,1,Q,0,CRANR.O
185:CRANU,EU,1,Q,0,CRANU.O
185:CRAQ,ES,1,Q,0,CRAQ.O
185:CRAQR,M,1,Q,0,CRAQR.O
185:CRAQU,EU,1,Q,0,CRAQU.O
185:CRBU,ES,1,Q,0,CRBU.O
185:CRCG,CE,1,Q,0,CRCG.O
185:CRCT,ES,1,Q,0,CRCT.O
185:CRDO,ES,1,Q,0,CRDO.O
185:CRESY,ED,1,Q,0,CRESY.O
185:CRMD,ES,1,Q,0,CRMD.O
185:CRMG,CE,1,Q,0,CRMG.O
185:CRML,ES,1,Q,0,CRML.O
185:CRMT,ES,1,Q,0,CRMT.O
185:CRMU,CE,1,Q,0,CRMU.O
185:CRNC,ES,1,Q,0,CRNC.O
185:CRNT,ES,1,Q,0,CRNT.O
185:CRNX,ES,1,Q,0,CRNX.O
185:CRON,ES,1,Q,0,CRON.O
185:CROX,ES,1,Q,0,CROX.O
185:CRSP,ES,1,Q,0,CRSP.O
185:CRSR,ES,1,Q,0,CRSR.O
185:CRTO,ED,1,Q,0,CRTO.O
185:CRUS,ES,1,Q,0,CRUS.O
185:CRVL,ES,1,Q,0,CRVL.O
185:CRVS,ES,1,Q,0,CRVS.O
185:CRWD,ES,1,Q,0,CRWD.O
185:CRWG,CE,1,Q,0,CRWG.O
185:CRWL,CE,1,Q,0,CRWL.O
185:CRWV,ES,1,Q,0,CRWV.O
185:CSB,CE,1,Q,0,CSB.O
185:CSCL,CE,1,Q,0,CSCL.O
185:CSCO,ES,1,Q,0,CSCO.O
185:CSCS,CE,1,Q,0,CSCS.O
185:CSGP,ES,1,Q,0,CSGP.O
185:CSGS,ES,1,Q,0,CSGS.O
185:CSIQ,ES,1,Q,0,CSIQ.O
185:CSPI,ES,1,Q,0,CSPI.O
185:CSQ,ES,1,Q,0,CSQ.O
185:CSTE,ES,1,Q,0,CSTE.O
185:CSTL,ES,1,Q,0,CSTL.O
185:CSWC,ES,1,Q,0,CSWC.O
185:CSX,ES,1,Q,0,CSX.O
185:CTAAU,EU,1,Q,0,CTAAU.O
185:CTAS,ES,1,Q,0,CTAS.O
185:CTBI,ES,1,Q,0,CTBI.O
185:CTEC,CE,1,Q,0,CTEC.O
185:CTKB,ES,1,Q,0,CTKB.O
185:CTLP,ES,1,Q,0,CTLP.O
185:CTMX,ES,1,Q,0,CTMX.O
185:CTNM,ES,1,Q,0,CTNM.O
185:CTRN,ES,1,Q,0,CTRN.O
185:CTSH,ES,1,Q,0,CTSH.O
185:CUB,ES,1,Q,0,CUB.O
185:CUBWU,EU,1,Q,0,CUBWU.O
185:CUBWW,RW,1,Q,0,CUBWW.O
185:CURR,ES,1,Q,0,CURR.O
185:CUSD,CE,1,Q,0,CUSD.O
185:CVBF,ES,1,Q,0,CVBF.O
185:CVCO,ES,1,Q,0,CVCO.O
185:CVGI,ES,1,Q,0,CVGI.O
185:CVGW,ES,1,Q,0,CVGW.O
185:CVLT,ES,1,Q,0,CVLT.O
185:CVNX,CE,1,Q,0,CVNX.O
185:CVRX,ES,1,Q,0,CVRX.O
185:CWCO,ES,1,Q,0,CWCO.O
185:CWST,ES,1,Q,0,CWST.O
185:CXSE,CE,1,Q,0,CXSE.O
185:CYCU,ES,1,Q,0,CYCU.O
185:CYTK,ES,1,Q,0,CYTK.O
185:CZAR,CE,1,Q,0,CZAR.O
185:CZR,ES,1,Q,0,CZR.O
185:CZWI,ES,1,Q,0,CZWI.O
185:DAAQ,ES,1,Q,0,DAAQ.O
185:DAAQU,EU,1,Q,0,DAAQU.O
185:DAAQW,RW,1,Q,0,DAAQW.O
185:DADS,CE,1,Q,0,DADS.O
185:DAIC,ES,1,Q,0,DAIC.O
185:DAICW,RW,1,Q,0,DAICW.O
185:DAK,CE,1,Q,0,DAK.O
185:DAKT,ES,1,Q,0,DAKT.O
185:DALI,CE,1,Q,0,DALI.O
185:DAPP,CE,1,Q,0,DAPP.O
185:DASH,ES,1,Q,0,DASH.O
185:DAVE,ES,1,Q,0,DAVE.O
185:DAVEW,RW,1,Q,0,DAVEW.O
185:DAWN,ES,1,Q,0,DAWN.O
185:DAX,CE,1,Q,0,DAX.O
185:DBCA,ES,1,Q,0,DBCA.O
185:DBCAU,EU,1,Q,0,DBCAU.O
185:DBCAW,RW,1,Q,0,DBCAW.O
185:DBSC,CE,1,Q,0,DBSC.O
185:DBX,ES,1,Q,0,DBX.O
185:DCBO,ES,1,Q,0,DCBO.O
185:DCOM,ES,1,Q,0,DCOM.O
185:DCOMG,DB,1,Q,0,DCOMG.O
185:DCOMP,EP,1,Q,0,DCOMP.O
185:DDI,ED,1,Q,0,DDI.O
185:DDIV,CE,1,Q,0,DDIV.O
185:DDOG,ES,1,Q,0,DDOG.O
185:DECO,CE,1,Q,0,DECO.O
185:DEMZ,CE,1,Q,0,DEMZ.O
185:DFGP,CE,1,Q,0,DFGP.O
185:DFGX,CE,1,Q,0,DFGX.O
185:DFNS,ES,1,Q,0,DFNS.O
185:DFTX,ES,1,Q,0,DFTX.O
185:DGCB,CE,1,Q,0,DGCB.O
185:DGICA,ES,1,Q,0,DGICA.O
185:DGICB,ES,1,Q,0,DGICB.O
185:DGII,ES,1,Q,0,DGII.O
185:DGLO,CE,1,Q,0,DGLO.O
185:DGRE,CE,1,Q,0,DGRE.O
185:DGRS,CE,1,Q,0,DGRS.O
185:DGRW,CE,1,Q,0,DGRW.O
185:DH,ES,1,Q,0,DH.O
185:DHC,ES,1,Q,0,DHC.O
185:DHCNI,DB,1,Q,0,DHCNI.O
185:DHCNL,DB,1,Q,0,DHCNL.O
185:DHIL,ES,1,Q,0,DHIL.O
185:DIBS,ES,1,Q,0,DIBS.O
185:DIME,CE,1,Q,0,DIME.O
185:DIOD,ES,1,Q,0,DIOD.O
185:DIVD,CE,1,Q,0,DIVD.O
185:DJT,ES,1,Q,0,DJT.O
185:DJTWW,RW,1,Q,0,DJTWW.O
185:DKNG,ES,1,Q,0,DKNG.O
185:DKNX,CE,1,Q,0,DKNX.O
185:DLLL,CE,1,Q,0,DLLL.O
185:DLO,ES,1,Q,0,DLO.O
185:DLTH,ES,1,Q,0,DLTH.O
185:DLTR,ES,1,Q,0,DLTR.O
185:DMAA,ES,1,Q,0,DMAA.O
185:DMAAR,M,1,Q,0,DMAAR.O
185:DMAAU,EU,1,Q,0,DMAAU.O
185:DMII,ES,1,Q,0,DMII.O
185:DMIIR,M,1,Q,0,DMIIR.O
185:DMIIU,EU,1,Q,0,DMIIU.O
185:DMLP,ES,1,Q,0,DMLP.O
185:DMRC,ES,1,Q,0,DMRC.O
185:DMXF,CE,1,Q,0,DMXF.O
185:DNLI,ES,1,Q,0,DNLI.O
185:DNMX,ES,1,Q,0,DNMX.O
185:DNMXU,EU,1,Q,0,DNMXU.O
185:DNMXW,RW,1,Q,0,DNMXW.O
185:DNNG,CE,1,Q,0,DNNG.O
185:DNUT,ES,1,Q,0,DNUT.O
185:DOCU,ES,1,Q,0,DOCU.O
185:DOMO,ES,1,Q,0,DOMO.O
185:DOO,ES,1,Q,0,DOO.O
185:DORM,ES,1,Q,0,DORM.O
185:DOX,ES,1,Q,0,DOX.O
185:DOYU,ED,1,Q,0,DOYU.O
185:DPZ,ES,1,Q,0,DPZ.O
185:DRDB,ES,1,Q,0,DRDB.O
185:DRDBU,EU,1,Q,0,DRDBU.O
185:DRDBW,RW,1,Q,0,DRDBW.O
185:DRH,ES,1,Q,0,DRH.O
185:DRIV,CE,1,Q,0,DRIV.O
185:DRNZ,CE,1,Q,0,DRNZ.O
185:DRS,ES,1,Q,0,DRS.O
185:DRVN,ES,1,Q,0,DRVN.O
185:DSAC,ES,1,Q,0,DSAC.O
185:DSACU,EU,1,Q,0,DSACU.O
185:DSACW,RW,1,Q,0,DSACW.O
185:DSGN,ES,1,Q,0,DSGN.O
185:DSGR,ES,1,Q,0,DSGR.O
185:DSGX,ES,1,Q,0,DSGX.O
185:DSP,ES,1,Q,0,DSP.O
185:DSWL,ES,1,Q,0,DSWL.O
185:DSY,ES,1,Q,0,DSY.O
185:DTCR,CE,1,Q,0,DTCR.O
185:DTSQ,ES,1,Q,0,DTSQ.O
185:DTSQR,M,1,Q,0,DTSQR.O
185:DTSQU,EU,1,Q,0,DTSQU.O
185:DUKH,CE,1,Q,0,DUKH.O
185:DUKX,CE,1,Q,0,DUKX.O
185:DUOG,CE,1,Q,0,DUOG.O
185:DUOL,ES,1,Q,0,DUOL.O
185:DVAL,CE,1,Q,0,DVAL.O
185:DVGR,CE,1,Q,0,DVGR.O
185:DVIN,CE,1,Q,0,DVIN.O
185:DVLU,CE,1,Q,0,DVLU.O
185:DVOL,CE,1,Q,0,DVOL.O
185:DVQQ,CE,1,Q,0,DVQQ.O
185:DVRE,CE,1,Q,0,DVRE.O
185:DVSP,CE,1,Q,0,DVSP.O
185:DVUT,CE,1,Q,0,DVUT.O
185:DVXB,CE,1,Q,0,DVXB.O
185:DVXC,CE,1,Q,0,DVXC.O
185:DVXE,CE,1,Q,0,DVXE.O
185:DVXF,CE,1,Q,0,DVXF.O
185:DVXK,CE,1,Q,0,DVXK.O
185:DVXP,CE,1,Q,0,DVXP.O
185:DVXV,CE,1,Q,0,DVXV.O
185:DVXY,CE,1,Q,0,DVXY.O
185:DVY,CE,1,Q,0,DVY.O
185:DWAS,CE,1,Q,0,DWAS.O
185:DWAW,CE,1,Q,0,DWAW.O
185:DWSH,CE,1,Q,0,DWSH.O
185:DWSN,ES,1,Q,0,DWSN.O
185:DWUS,CE,1,Q,0,DWUS.O
185:DXCM,ES,1,Q,0,DXCM.O
185:DXLG,ES,1,Q,0,DXLG.O
185:DXPE,ES,1,Q,0,DXPE.O
185:DYFI,CE,1,Q,0,DYFI.O
185:DYN,ES,1,Q,0,DYN.O
185:DYNB,CE,1,Q,0,DYNB.O
185:DYOR,ES,1,Q,0,DYOR.O
185:DYORU,EU,1,Q,0,DYORU.O
185:DYORW,RW,1,Q,0,DYORW.O
185:DYTA,CE,1,Q,0,DYTA.O
185:EA,ES,1,Q,0,EA.O
185:EART,CE,1,Q,0,EART.O
185:EASY,CE,1,Q,0,EASY.O
185:EBAY,ES,1,Q,0,EBAY.O
185:EBC,ES,1,Q,0,EBC.O
185:EBI,CE,1,Q,0,EBI.O
185:EBIZ,CE,1,Q,0,EBIZ.O
185:EBMT,ES,1,Q,0,EBMT.O
185:EBON,ES,1,Q,0,EBON.O
185:ECOW,CE,1,Q,0,ECOW.O
185:ECPG,ES,1,Q,0,ECPG.O
185:ECX,ES,1,Q,0,ECX.O
185:EDAP,ED,1,Q,0,EDAP.O
185:EDIT,ES,1,Q,0,EDIT.O
185:EDUC,ES,1,Q,0,EDUC.O
185:EEE,CE,1,Q,0,EEE.O
185:EEFT,ES,1,Q,0,EEFT.O
185:EEMA,CE,1,Q,0,EEMA.O
185:EFAS,CE,1,Q,0,EFAS.O
185:EFRA,CE,1,Q,0,EFRA.O
185:EFSC,ES,1,Q,0,EFSC.O
185:EFSCP,ER,1,Q,0,EFSCP.O
185:EGGQ,CE,1,Q,0,EGGQ.O
185:EGHA,ES,1,Q,0,EGHA.O
185:EGHAR,M,1,Q,0,EGHAR.O
185:EGHAU,EU,1,Q,0,EGHAU.O
185:EGHT,ES,1,Q,0,EGHT.O
185:EH,ED,1,Q,0,EH.O
185:EHLS,CE,1,Q,0,EHLS.O
185:EHTH,ES,1,Q,0,EHTH.O
185:EIKN,ES,1,Q,0,EIKN.O
185:EKG,CE,1,Q,0,EKG.O
185:ELFY,CE,1,Q,0,ELFY.O
185:ELIL,CE,1,Q,0,ELIL.O
185:ELIS,CE,1,Q,0,ELIS.O
185:ELPW,ES,1,Q,0,ELPW.O
185:ELVN,ES,1,Q,0,ELVN.O
185:EMAT,ES,1,Q,0,EMAT.O
185:EMB,CE,1,Q,0,EMB.O
185:EMBC,ES,1,Q,0,EMBC.O
185:EMCB,CE,1,Q,0,EMCB.O
185:EMEQ,CE,1,Q,0,EMEQ.O
185:EMIF,CE,1,Q,0,EMIF.O
185:EMIS,ES,1,Q,0,EMIS.O
185:EMISR,M,1,Q,0,EMISR.O
185:EML,ES,1,Q,0,EML.O
185:EMPD,ES,1,Q,0,EMPD.O
185:EMXC,CE,1,Q,0,EMXC.O
185:EMXF,CE,1,Q,0,EMXF.O
185:ENDW,CE,1,Q,0,ENDW.O
185:ENHI,CE,1,Q,0,ENHI.O
185:ENHU,CE,1,Q,0,ENHU.O
185:ENLT,ES,1,Q,0,ENLT.O
185:ENPH,ES,1,Q,0,ENPH.O
185:ENSG,ES,1,Q,0,ENSG.O
185:ENTA,ES,1,Q,0,ENTA.O
185:ENTG,ES,1,Q,0,ENTG.O
185:ENVX,ES,1,Q,0,ENVX.O
185:ENZL,CE,1,Q,0,ENZL.O
185:EOLS,ES,1,Q,0,EOLS.O
185:EPSN,ES,1,Q,0,EPSN.O
185:EQIX,ES,1,Q,0,EQIX.O
185:EQPT,ES,1,Q,0,EQPT.O
185:EQRR,CE,1,Q,0,EQRR.O
185:ERAS,ES,1,Q,0,ERAS.O
185:ERET,CE,1,Q,0,ERET.O
185:ERIC,ED,1,Q,0,ERIC.O
185:ERIE,ES,1,Q,0,ERIE.O
185:ERII,ES,1,Q,0,ERII.O
185:ERNZ,CE,1,Q,0,ERNZ.O
185:ESCA,ES,1,Q,0,ESCA.O
185:ESGD,CE,1,Q,0,ESGD.O
185:ESGE,CE,1,Q,0,ESGE.O
185:ESGU,CE,1,Q,0,ESGU.O
185:ESLT,ES,1,Q,0,ESLT.O
185:ESMV,CE,1,Q,0,ESMV.O
185:ESN,CE,1,Q,0,ESN.O
185:ESPO,CE,1,Q,0,ESPO.O
185:ESPR,ES,1,Q,0,ESPR.O
185:ETEC,CE,1,Q,0,ETEC.O
185:ETHA,CE,1,Q,0,ETHA.O
185:ETHB,CE,1,Q,0,ETHB.O
185:ETHM,ES,1,Q,0,ETHM.O
185:ETHMU,EU,1,Q,0,ETHMU.O
185:ETHMW,RW,1,Q,0,ETHMW.O
185:ETON,ES,1,Q,0,ETON.O
185:ETOR,ES,1,Q,0,ETOR.O
185:ETRL,CE,1,Q,0,ETRL.O
185:EUFN,CE,1,Q,0,EUFN.O
185:EVCM,ES,1,Q,0,EVCM.O
185:EVER,ES,1,Q,0,EVER.O
185:EVGO,ES,1,Q,0,EVGO.O
185:EVGOW,RW,1,Q,0,EVGOW.O
185:EVMT,CE,1,Q,0,EVMT.O
185:EVO,ED,1,Q,0,EVO.O
185:EVOX,ES,1,Q,0,EVOX.O
185:EVOXU,EU,1,Q,0,EVOXU.O
185:EVOXW,RW,1,Q,0,EVOXW.O
185:EVPF,CE,1,Q,0,EVPF.O
185:EVRG,ES,1,Q,0,EVRG.O
185:EVSD,CE,1,Q,0,EVSD.O
185:EVYM,CE,1,Q,0,EVYM.O
185:EWBC,ES,1,Q,0,EWBC.O
185:EWCZ,ES,1,Q,0,EWCZ.O
185:EWJV,CE,1,Q,0,EWJV.O
185:EWTX,ES,1,Q,0,EWTX.O
185:EWZS,CE,1,Q,0,EWZS.O
185:EXC,ES,1,Q,0,EXC.O
185:EXE,ES,1,Q,0,EXE.O
185:EXEL,ES,1,Q,0,EXEL.O
185:EXFY,ES,1,Q,0,EXFY.O
185:EXLS,ES,1,Q,0,EXLS.O
185:EXPE,ES,1,Q,0,EXPE.O
185:EXPI,ES,1,Q,0,EXPI.O
185:EXPO,ES,1,Q,0,EXPO.O
185:EXTR,ES,1,Q,0,EXTR.O
185:EXUS,CE,1,Q,0,EXUS.O
185:EYE,ES,1,Q,0,EYE.O
185:EYEG,CE,1,Q,0,EYEG.O
185:EYPT,ES,1,Q,0,EYPT.O
185:EZMO,CE,1,Q,0,EZMO.O
185:EZPW,ES,1,Q,0,EZPW.O
185:EZRO,CE,1,Q,0,EZRO.O
185:FA,ES,1,Q,0,FA.O
185:FAAA,CE,1,Q,0,FAAA.O
185:FAAR,CE,1,Q,0,FAAR.O
185:FAB,CE,1,Q,0,FAB.O
185:FACT,ES,1,Q,0,FACT.O
185:FACTU,EU,1,Q,0,FACTU.O
185:FACTW,RW,1,Q,0,FACTW.O
185:FAD,CE,1,Q,0,FAD.O
185:FALN,CE,1,Q,0,FALN.O
185:FANG,ES,1,Q,0,FANG.O
185:FARM,ES,1,Q,0,FARM.O
185:FAST,ES,1,Q,0,FAST.O
185:FATE,ES,1,Q,0,FATE.O
185:FBIZ,ES,1,Q,0,FBIZ.O
185:FBL,CE,1,Q,0,FBL.O
185:FBNC,ES,1,Q,0,FBNC.O
185:FBOT,CE,1,Q,0,FBOT.O
185:FBYD,ES,1,Q,0,FBYD.O
185:FBYY,CE,1,Q,0,FBYY.O
185:FCA,CE,1,Q,0,FCA.O
185:FCAL,CE,1,Q,0,FCAL.O
185:FCBC,ES,1,Q,0,FCBC.O
185:FCEF,CE,1,Q,0,FCEF.O
185:FCEL,ES,1,Q,0,FCEL.O
185:FCFS,ES,1,Q,0,FCFS.O
185:FCLO,CE,1,Q,0,FCLO.O
185:FCNCA,ES,1,Q,0,FCNCA.O
185:FCNCN,ER,1,Q,0,FCNCN.O
185:FCNCO,EP,1,Q,0,FCNCO.O
185:FCNCP,ER,1,Q,0,FCNCP.O
185:FCTE,CE,1,Q,0,FCTE.O
185:FCVT,CE,1,Q,0,FCVT.O
185:FCXG,CE,1,Q,0,FCXG.O
185:FDBC,ES,1,Q,0,FDBC.O
185:FDCF,CE,1,Q,0,FDCF.O
185:FDFF,CE,1,Q,0,FDFF.O
185:FDIF,CE,1,Q,0,FDIF.O
185:FDIG,CE,1,Q,0,FDIG.O
185:FDIQ,CE,1,Q,0,FDIQ.O
185:FDIV,CE,1,Q,0,FDIV.O
185:FDMT,ES,1,Q,0,FDMT.O
185:FDNI,CE,1,Q,0,FDNI.O
185:FDRS,CE,1,Q,0,FDRS.O
185:FDRX,CE,1,Q,0,FDRX.O
185:FDT,CE,1,Q,0,FDT.O
185:FDTS,CE,1,Q,0,FDTS.O
185:FDTX,CE,1,Q,0,FDTX.O
185:FDUS,ES,1,Q,0,FDUS.O
185:FEAM,ES,1,Q,0,FEAM.O
185:FEAT,CE,1,Q,0,FEAT.O
185:FEIM,ES,1,Q,0,FEIM.O
185:FELE,ES,1,Q,0,FELE.O
185:FEM,CE,1,Q,0,FEM.O
185:FEMB,CE,1,Q,0,FEMB.O
185:FEMS,CE,1,Q,0,FEMS.O
185:FEP,CE,1,Q,0,FEP.O
185:FEPI,CE,1,Q,0,FEPI.O
185:FER,ES,1,Q,0,FER.O
185:FERA,ES,1,Q,0,FERA.O
185:FERAR,M,1,Q,0,FERAR.O
185:FERAU,EU,1,Q,0,FERAU.O
185:FEUZ,CE,1,Q,0,FEUZ.O
185:FEX,CE,1,Q,0,FEX.O
185:FFBC,ES,1,Q,0,FFBC.O
185:FFIC,ES,1,Q,0,FFIC.O
185:FFIN,ES,1,Q,0,FFIN.O
185:FFIV,ES,1,Q,0,FFIV.O
185:FFUT,CE,1,Q,0,FFUT.O
185:FGBI,ES,1,Q,0,FGBI.O
185:FGBIP,ER,1,Q,0,FGBIP.O
185:FGII,ES,1,Q,0,FGII.O
185:FGIIU,EU,1,Q,0,FGIIU.O
185:FGIIW,RW,1,Q,0,FGIIW.O
185:FGM,CE,1,Q,0,FGM.O
185:FGMC,ES,1,Q,0,FGMC.O
185:FGMCR,M,1,Q,0,FGMCR.O
185:FGMCU,EU,1,Q,0,FGMCU.O
185:FGNX,ES,1,Q,0,FGNX.O
185:FGNXP,EP,1,Q,0,FGNXP.O
185:FGSI,CE,1,Q,0,FGSI.O
185:FHB,ES,1,Q,0,FHB.O
185:FHTX,ES,1,Q,0,FHTX.O
185:FIBK,ES,1,Q,0,FIBK.O
185:FICS,CE,1,Q,0,FICS.O
185:FID,CE,1,Q,0,FID.O
185:FIGG,CE,1,Q,0,FIGG.O
185:FIGR,ES,1,Q,0,FIGR.O
185:FIGX,ES,1,Q,0,FIGX.O
185:FIGXU,EU,1,Q,0,FIGXU.O
185:FIGXW,RW,1,Q,0,FIGXW.O
185:FINW,ES,1,Q,0,FINW.O
185:FINX,CE,1,Q,0,FINX.O
185:FIP,ES,1,Q,0,FIP.O
185:FISI,ES,1,Q,0,FISI.O
185:FISV,ES,1,Q,0,FISV.O
185:FITB,ES,1,Q,0,FITB.O
185:FITBI,ER,1,Q,0,FITBI.O
185:FITBM,ER,1,Q,0,FITBM.O
185:FITBO,ER,1,Q,0,FITBO.O
185:FITBP,ER,1,Q,0,FITBP.O
185:FIVE,ES,1,Q,0,FIVE.O
185:FIVN,ES,1,Q,0,FIVN.O
185:FIVY,CE,1,Q,0,FIVY.O
185:FIXD,CE,1,Q,0,FIXD.O
185:FIZZ,ES,1,Q,0,FIZZ.O
185:FJP,CE,1,Q,0,FJP.O
185:FKU,CE,1,Q,0,FKU.O
185:FLDB,CE,1,Q,0,FLDB.O
185:FLEX,ES,1,Q,0,FLEX.O
185:FLGT,ES,1,Q,0,FLGT.O
185:FLN,CE,1,Q,0,FLN.O
185:FLNC,ES,1,Q,0,FLNC.O
185:FLWS,ES,1,Q,0,FLWS.O
185:FLX,ED,1,Q,0,FLX.O
185:FLXS,ES,1,Q,0,FLXS.O
185:FLY,ES,1,Q,0,FLY.O
185:FLYW,ES,1,Q,0,FLYW.O
185:FMB,CE,1,Q,0,FMB.O
185:FMBH,ES,1,Q,0,FMBH.O
185:FMED,CE,1,Q,0,FMED.O
185:FMET,CE,1,Q,0,FMET.O
185:FMHI,CE,1,Q,0,FMHI.O
185:FMTM,CE,1,Q,0,FMTM.O
185:FMUB,CE,1,Q,0,FMUB.O
185:FMUN,CE,1,Q,0,FMUN.O
185:FNK,CE,1,Q,0,FNK.O
185:FNKO,ES,1,Q,0,FNKO.O
185:FNLC,ES,1,Q,0,FNLC.O
185:FNWB,ES,1,Q,0,FNWB.O
185:FNX,CE,1,Q,0,FNX.O
185:FNY,CE,1,Q,0,FNY.O
185:FOLD,ES,1,Q,0,FOLD.O
185:FORM,ES,1,Q,0,FORM.O
185:FORR,ES,1,Q,0,FORR.O
185:FORTY,ED,1,Q,0,FORTY.O
185:FOSL,ES,1,Q,0,FOSL.O
185:FOX,ES,1,Q,0,FOX.O
185:FOXA,ES,1,Q,0,FOXA.O
185:FOXF,ES,1,Q,0,FOXF.O
185:FPA,CE,1,Q,0,FPA.O
185:FPXE,CE,1,Q,0,FPXE.O
185:FPXI,CE,1,Q,0,FPXI.O
185:FRBA,ES,1,Q,0,FRBA.O
185:FRD,ES,1,Q,0,FRD.O
185:FRDD,CE,1,Q,0,FRDD.O
185:FRDU,CE,1,Q,0,FRDU.O
185:FRME,ES,1,Q,0,FRME.O
185:FRMEP,ER,1,Q,0,FRMEP.O
185:FRMI,ES,1,Q,0,FRMI.O
185:FROG,ES,1,Q,0,FROG.O
185:FRPH,ES,1,Q,0,FRPH.O
185:FRPT,ES,1,Q,0,FRPT.O
185:FRSH,ES,1,Q,0,FRSH.O
185:FRST,ES,1,Q,0,FRST.O
185:FRWD,CE,1,Q,0,FRWD.O
185:FSBC,ES,1,Q,0,FSBC.O
185:FSCS,CE,1,Q,0,FSCS.O
185:FSGS,CE,1,Q,0,FSGS.O
185:FSHP,ES,1,Q,0,FSHP.O
185:FSHPR,M,1,Q,0,FSHPR.O
185:FSHPU,EU,1,Q,0,FSHPU.O
185:FSLR,ES,1,Q,0,FSLR.O
185:FSLY,ES,1,Q,0,FSLY.O
185:FSTR,ES,1,Q,0,FSTR.O
185:FSUN,ES,1,Q,0,FSUN.O
185:FSV,ES,1,Q,0,FSV.O
185:FSZ,CE,1,Q,0,FSZ.O
185:FTA,CE,1,Q,0,FTA.O
185:FTAG,CE,1,Q,0,FTAG.O
185:FTAI,ES,1,Q,0,FTAI.O
185:FTAIM,EP,1,Q,0,FTAIM.O
185:FTAIN,EP,1,Q,0,FTAIN.O
185:FTC,CE,1,Q,0,FTC.O
185:FTCS,CE,1,Q,0,FTCS.O
185:FTDR,ES,1,Q,0,FTDR.O
185:FTDS,CE,1,Q,0,FTDS.O
185:FTGC,CE,1,Q,0,FTGC.O
185:FTGS,CE,1,Q,0,FTGS.O
185:FTHI,CE,1,Q,0,FTHI.O
185:FTNT,ES,1,Q,0,FTNT.O
185:FTQI,CE,1,Q,0,FTQI.O
185:FTRE,ES,1,Q,0,FTRE.O
185:FTRI,CE,1,Q,0,FTRI.O
185:FTSL,CE,1,Q,0,FTSL.O
185:FTSM,CE,1,Q,0,FTSM.O
185:FTXG,CE,1,Q,0,FTXG.O
185:FTXH,CE,1,Q,0,FTXH.O
185:FTXL,CE,1,Q,0,FTXL.O
185:FTXN,CE,1,Q,0,FTXN.O
185:FTXO,CE,1,Q,0,FTXO.O
185:FTXR,CE,1,Q,0,FTXR.O
185:FULC,ES,1,Q,0,FULC.O
185:FULT,ES,1,Q,0,FULT.O
185:FULTP,ER,1,Q,0,FULTP.O
185:FUNC,ES,1,Q,0,FUNC.O
185:FUND,ES,1,Q,0,FUND.O
185:FUSE,ES,1,Q,0,FUSE.O
185:FUTG,CE,1,Q,0,FUTG.O
185:FUTU,ED,1,Q,0,FUTU.O
185:FV,CE,1,Q,0,FV.O
185:FVAV,ES,1,Q,0,FVAV.O
185:FVC,CE,1,Q,0,FVC.O
185:FWONA,ES,1,Q,0,FWONA.O
185:FWONK,ES,1,Q,0,FWONK.O
185:FWRD,ES,1,Q,0,FWRD.O
185:FWRG,ES,1,Q,0,FWRG.O
185:FYC,CE,1,Q,0,FYC.O
185:FYT,CE,1,Q,0,FYT.O
185:FYX,CE,1,Q,0,FYX.O
185:GABC,ES,1,Q,0,GABC.O
185:GAIA,ES,1,Q,0,GAIA.O
185:GAIN,ES,1,Q,0,GAIN.O
185:GAING,DB,1,Q,0,GAING.O
185:GAINI,DB,1,Q,0,GAINI.O
185:GAINN,DB,1,Q,0,GAINN.O
185:GAINZ,DB,1,Q,0,GAINZ.O
185:GAMB,ES,1,Q,0,GAMB.O
185:GANX,ES,1,Q,0,GANX.O
185:GARY,CE,1,Q,0,GARY.O
185:GASS,ES,1,Q,0,GASS.O
185:GAUZ,ES,1,Q,0,GAUZ.O
185:GAVA,CE,1,Q,0,GAVA.O
185:GBDC,ES,1,Q,0,GBDC.O
185:GBLI,ES,1,Q,0,GBLI.O
185:GBUG,CE,1,Q,0,GBUG.O
185:GCL,ES,1,Q,0,GCL.O
185:GCLWW,RW,1,Q,0,GCLWW.O
185:GCMG,ES,1,Q,0,GCMG.O
185:GCT,ES,1,Q,0,GCT.O
185:GDEN,ES,1,Q,0,GDEN.O
185:GDEV,ES,1,Q,0,GDEV.O
185:GDEVW,RW,1,Q,0,GDEVW.O
185:GDFN,CE,1,Q,0,GDFN.O
185:GDRX,ES,1,Q,0,GDRX.O
185:GDS,ED,1,Q,0,GDS.O
185:GECC,ES,1,Q,0,GECC.O
185:GECCG,DB,1,Q,0,GECCG.O
185:GECCH,DB,1,Q,0,GECCH.O
185:GECCI,DB,1,Q,0,GECCI.O
185:GECCO,DB,1,Q,0,GECCO.O
185:GEG,ES,1,Q,0,GEG.O
185:GEGGL,DB,1,Q,0,GEGGL.O
185:GEHC,ES,1,Q,0,GEHC.O
185:GEME,CE,1,Q,0,GEME.O
185:GEMG,CE,1,Q,0,GEMG.O
185:GEMI,ES,1,Q,0,GEMI.O
185:GEN,ES,1,Q,0,GEN.O
185:GENB,ES,1,Q,0,GENB.O
185:GENK,ES,1,Q,0,GENK.O
185:GENVR,M,1,Q,0,GENVR.O
185:GEOS,ES,1,Q,0,GEOS.O
185:GERN,ES,1,Q,0,GERN.O
185:GEVG,CE,1,Q,0,GEVG.O
185:GEW,CE,1,Q,0,GEW.O
185:GFGF,CE,1,Q,0,GFGF.O
185:GFLW,CE,1,Q,0,GFLW.O
185:GFS,ES,1,Q,0,GFS.O
185:GGLL,CE,1,Q,0,GGLL.O
185:GGLS,CE,1,Q,0,GGLS.O
185:GH,ES,1,Q,0,GH.O
185:GHRS,ES,1,Q,0,GHRS.O
185:GIG,ES,1,Q,0,GIG.O
185:GIGGU,EU,1,Q,0,GIGGU.O
185:GIGGW,RW,1,Q,0,GIGGW.O
185:GIII,ES,1,Q,0,GIII.O
185:GILD,ES,1,Q,0,GILD.O
185:GILT,ES,1,Q,0,GILT.O
185:GIND,CE,1,Q,0,GIND.O
185:GINX,CE,1,Q,0,GINX.O
185:GIW,ES,1,Q,0,GIW.O
185:GIWWR,M,1,Q,0,GIWWR.O
185:GIWWU,EU,1,Q,0,GIWWU.O
185:GIXXU,EU,1,Q,0,GIXXU.O
185:GKAT,CE,1,Q,0,GKAT.O
185:GLAD,ES,1,Q,0,GLAD.O
185:GLBE,ES,1,Q,0,GLBE.O
185:GLCR,CE,1,Q,0,GLCR.O
185:GLDB,CE,1,Q,0,GLDB.O
185:GLDD,ES,1,Q,0,GLDD.O
185:GLDI,CE,1,Q,0,GLDI.O
185:GLDY,CE,1,Q,0,GLDY.O
185:GLGG,CE,1,Q,0,GLGG.O
185:GLIBA,ES,1,Q,0,GLIBA.O
185:GLIBK,ES,1,Q,0,GLIBK.O
185:GLNG,ES,1,Q,0,GLNG.O
185:GLOO,ES,1,Q,0,GLOO.O
185:GLOW,CE,1,Q,0,GLOW.O
185:GLPG,ED,1,Q,0,GLPG.O
185:GLPI,ES,1,Q,0,GLPI.O
185:GLRE,ES,1,Q,0,GLRE.O
185:GLUE,ES,1,Q,0,GLUE.O
185:GLWG,CE,1,Q,0,GLWG.O
185:GLXY,ES,1,Q,0,GLXY.O
185:GMAB,ED,1,Q,0,GMAB.O
185:GNMA,CE,1,Q,0,GNMA.O
185:GNOM,CE,1,Q,0,GNOM.O
185:GNTX,ES,1,Q,0,GNTX.O
185:GO,ES,1,Q,0,GO.O
185:GOGO,ES,1,Q,0,GOGO.O
185:GOOD,ES,1,Q,0,GOOD.O
185:GOODN,EP,1,Q,0,GOODN.O
185:GOODO,EP,1,Q,0,GOODO.O
185:GOOG,ES,1,Q,0,GOOG.O
185:GOOGL,ES,1,Q,0,GOOGL.O
185:GOSS,ES,1,Q,0,GOSS.O
185:GOU,CE,1,Q,0,GOU.O
185:GOVI,CE,1,Q,0,GOVI.O
185:GPAC,ES,1,Q,0,GPAC.O
185:GPACU,EU,1,Q,0,GPACU.O
185:GPACW,RW,1,Q,0,GPACW.O
185:GPAT,ES,1,Q,0,GPAT.O
185:GPATU,EU,1,Q,0,GPATU.O
185:GPATW,RW,1,Q,0,GPATW.O
185:GPCR,ED,1,Q,0,GPCR.O
185:GPIQ,CE,1,Q,0,GPIQ.O
185:GPIX,CE,1,Q,0,GPIX.O
185:GPRE,ES,1,Q,0,GPRE.O
185:GPRF,CE,1,Q,0,GPRF.O
185:GPRO,ES,1,Q,0,GPRO.O
185:GPT,CE,1,Q,0,GPT.O
185:GQQQ,CE,1,Q,0,GQQQ.O
185:GRAB,ES,1,Q,0,GRAB.O
185:GRABW,RW,1,Q,0,GRABW.O
185:GRAG,CE,1,Q,0,GRAG.O
185:GRAL,ES,1,Q,0,GRAL.O
185:GREE,ES,1,Q,0,GREE.O
185:GREEL,DB,1,Q,0,GREEL.O
185:GRFS,ED,1,Q,0,GRFS.O
185:GRID,CE,1,Q,0,GRID.O
185:GRIN,CE,1,Q,0,GRIN.O
185:GRPN,ES,1,Q,0,GRPN.O
185:GRVY,ED,1,Q,0,GRVY.O
185:GRW,CE,1,Q,0,GRW.O
185:GSAT,ES,1,Q,0,GSAT.O
185:GSBC,ES,1,Q,0,GSBC.O
185:GSGO,CE,1,Q,0,GSGO.O
185:GSHD,ES,1,Q,0,GSHD.O
185:GSHR,ES,1,Q,0,GSHR.O
185:GSHRU,EU,1,Q,0,GSHRU.O
185:GSHRW,RW,1,Q,0,GSHRW.O
185:GSIB,CE,1,Q,0,GSIB.O
185:GSIT,ES,1,Q,0,GSIT.O
185:GSRF,ES,1,Q,0,GSRF.O
185:GSRFR,M,1,Q,0,GSRFR.O
185:GSRFU,EU,1,Q,0,GSRFU.O
185:GT,ES,1,Q,0,GT.O
185:GTEN,ES,1,Q,0,GTEN.O
185:GTENU,EU,1,Q,0,GTENU.O
185:GTENW,RW,1,Q,0,GTENW.O
185:GTERA,ES,1,Q,0,GTERA.O
185:GTERR,M,1,Q,0,GTERR.O
185:GTERU,EU,1,Q,0,GTERU.O
185:GTERW,RW,1,Q,0,GTERW.O
185:GTLB,ES,1,Q,0,GTLB.O
185:GTM,ES,1,Q,0,GTM.O
185:GTOP,CE,1,Q,0,GTOP.O
185:GTOQ,CE,1,Q,0,GTOQ.O
185:GTPE,CE,1,Q,0,GTPE.O
185:GTR,CE,1,Q,0,GTR.O
185:GTX,ES,1,Q,0,GTX.O
185:GUSE,CE,1,Q,0,GUSE.O
185:GUTS,ES,1,Q,0,GUTS.O
185:GVLE,CE,1,Q,0,GVLE.O
185:GWRS,ES,1,Q,0,GWRS.O
185:GXDW,CE,1,Q,0,GXDW.O
185:HACQU,EU,1,Q,0,HACQU.O
185:HAFC,ES,1,Q,0,HAFC.O
185:HAIN,ES,1,Q,0,HAIN.O
185:HALO,ES,1,Q,0,HALO.O
185:HAS,ES,1,Q,0,HAS.O
185:HAVA,ES,1,Q,0,HAVA.O
185:HAVAR,M,1,Q,0,HAVAR.O
185:HAVAU,EU,1,Q,0,HAVAU.O
185:HBAN,ES,1,Q,0,HBAN.O
185:HBANL,ER,1,Q,0,HBANL.O
185:HBANM,ER,1,Q,0,HBANM.O
185:HBANP,ER,1,Q,0,HBANP.O
185:HBANZ,ER,1,Q,0,HBANZ.O
185:HBCP,ES,1,Q,0,HBCP.O
185:HBDC,CE,1,Q,0,HBDC.O
185:HBNC,ES,1,Q,0,HBNC.O
185:HBR,CE,1,Q,0,HBR.O
185:HBT,ES,1,Q,0,HBT.O
185:HCAC,ES,1,Q,0,HCAC.O
185:HCACR,M,1,Q,0,HCACR.O
185:HCACU,EU,1,Q,0,HCACU.O
185:HCAT,ES,1,Q,0,HCAT.O
185:HCICU,EU,1,Q,0,HCICU.O
185:HCKT,ES,1,Q,0,HCKT.O
185:HCM,ED,1,Q,0,HCM.O
185:HCMA,ES,1,Q,0,HCMA.O
185:HCMAU,EU,1,Q,0,HCMAU.O
185:HCMAW,RW,1,Q,0,HCMAW.O
185:HCOW,CE,1,Q,0,HCOW.O
185:HCSG,ES,1,Q,0,HCSG.O
185:HDL,ED,1,Q,0,HDL.O
185:HEAL,CE,1,Q,0,HEAL.O
185:HECO,CE,1,Q,0,HECO.O
185:HELE,ES,1,Q,0,HELE.O
185:HELP,ES,1,Q,0,HELP.O
185:HEPS,ED,1,Q,0,HEPS.O
185:HEQQ,CE,1,Q,0,HEQQ.O
185:HERD,CE,1,Q,0,HERD.O
185:HERE,ED,1,Q,0,HERE.O
185:HERO,CE,1,Q,0,HERO.O
185:HFSP,CE,1,Q,0,HFSP.O
185:HFWA,ES,1,Q,0,HFWA.O
185:HHS,ES,1,Q,0,HHS.O
185:HIDE,CE,1,Q,0,HIDE.O
185:HIFS,ES,1,Q,0,HIFS.O
185:HIMX,ED,1,Q,0,HIMX.O
185:HIMZ,CE,1,Q,0,HIMZ.O
185:HISF,CE,1,Q,0,HISF.O
185:HLAL,CE,1,Q,0,HLAL.O
185:HLIT,ES,1,Q,0,HLIT.O
185:HLMN,ES,1,Q,0,HLMN.O
185:HLNE,ES,1,Q,0,HLNE.O
185:HLXC,ES,1,Q,0,HLXC.O
185:HMYY,CE,1,Q,0,HMYY.O
185:HNDL,CE,1,Q,0,HNDL.O
185:HNNA,ES,1,Q,0,HNNA.O
185:HNNAZ,DB,1,Q,0,HNNAZ.O
185:HNST,ES,1,Q,0,HNST.O
185:HNVR,ES,1,Q,0,HNVR.O
185:HODU,CE,1,Q,0,HODU.O
185:HOFT,ES,1,Q,0,HOFT.O
185:HOLX,ES,1,Q,0,HOLX.O
185:HON,ES,1,Q,0,HON.O
185:HOOD,ES,1,Q,0,HOOD.O
185:HOOG,CE,1,Q,0,HOOG.O
185:HOOX,CE,1,Q,0,HOOX.O
185:HOPE,ES,1,Q,0,HOPE.O
185:HOVNP,ER,1,Q,0,HOVNP.O
185:HOWL,ES,1,Q,0,HOWL.O
185:HOYY,CE,1,Q,0,HOYY.O
185:HPK,ES,1,Q,0,HPK.O
185:HQGO,CE,1,Q,0,HQGO.O
185:HQY,ES,1,Q,0,HQY.O
185:HRMY,ES,1,Q,0,HRMY.O
185:HROW,ES,1,Q,0,HROW.O
185:HRTS,CE,1,Q,0,HRTS.O
185:HRZN,ES,1,Q,0,HRZN.O
185:HSAI,ED,1,Q,0,HSAI.O
185:HSIC,ES,1,Q,0,HSIC.O
185:HSPT,ES,1,Q,0,HSPT.O
185:HSPTR,M,1,Q,0,HSPTR.O
185:HSPTU,EU,1,Q,0,HSPTU.O
185:HST,ES,1,Q,0,HST.O
185:HSTM,ES,1,Q,0,HSTM.O
185:HTBK,ES,1,Q,0,HTBK.O
185:HTFL,ES,1,Q,0,HTFL.O
185:HTHT,ED,1,Q,0,HTHT.O
185:HTLD,ES,1,Q,0,HTLD.O
185:HTO,ES,1,Q,0,HTO.O
185:HTZ,ES,1,Q,0,HTZ.O
185:HTZWW,RW,1,Q,0,HTZWW.O
185:HUBG,ES,1,Q,0,HUBG.O
185:HUIZ,ED,1,Q,0,HUIZ.O
185:HUMA,ES,1,Q,0,HUMA.O
185:HUMAW,RW,1,Q,0,HUMAW.O
185:HURC,ES,1,Q,0,HURC.O
185:HURN,ES,1,Q,0,HURN.O
185:HUT,ES,1,Q,0,HUT.O
185:HUTG,CE,1,Q,0,HUTG.O
185:HVII,ES,1,Q,0,HVII.O
185:HVIIR,M,1,Q,0,HVIIR.O
185:HVIIU,EU,1,Q,0,HVIIU.O
185:HVMC,ES,1,Q,0,HVMC.O
185:HVMCU,EU,1,Q,0,HVMCU.O
185:HVMCW,RW,1,Q,0,HVMCW.O
185:HWAY,CE,1,Q,0,HWAY.O
185:HWBK,ES,1,Q,0,HWBK.O
185:HWC,ES,1,Q,0,HWC.O
185:HWCPZ,DB,1,Q,0,HWCPZ.O
185:HWKN,ES,1,Q,0,HWKN.O
185:HWSM,CE,1,Q,0,HWSM.O
185:HYBI,CE,1,Q,0,HYBI.O
185:HYDR,CE,1,Q,0,HYDR.O
185:HYLS,CE,1,Q,0,HYLS.O
185:HYP,CE,1,Q,0,HYP.O
185:HYPR,ES,1,Q,0,HYPR.O
185:HYXF,CE,1,Q,0,HYXF.O
185:HYZD,CE,1,Q,0,HYZD.O
185:IAC,ES,1,Q,0,IAC.O
185:IACOU,EU,1,Q,0,IACOU.O
185:IALT,CE,1,Q,0,IALT.O
185:IART,ES,1,Q,0,IART.O
185:IBAT,CE,1,Q,0,IBAT.O
185:IBB,CE,1,Q,0,IBB.O
185:IBBQ,CE,1,Q,0,IBBQ.O
185:IBCP,ES,1,Q,0,IBCP.O
185:IBEX,ES,1,Q,0,IBEX.O
185:IBGA,CE,1,Q,0,IBGA.O
185:IBGB,CE,1,Q,0,IBGB.O
185:IBGK,CE,1,Q,0,IBGK.O
185:IBGL,CE,1,Q,0,IBGL.O
185:IBIT,CE,1,Q,0,IBIT.O
185:IBKR,ES,1,Q,0,IBKR.O
185:IBOC,ES,1,Q,0,IBOC.O
185:IBOT,CE,1,Q,0,IBOT.O
185:IBRX,ES,1,Q,0,IBRX.O
185:IBTG,CE,1,Q,0,IBTG.O
185:IBTH,CE,1,Q,0,IBTH.O
185:IBTI,CE,1,Q,0,IBTI.O
185:IBTJ,CE,1,Q,0,IBTJ.O
185:IBTK,CE,1,Q,0,IBTK.O
185:IBTL,CE,1,Q,0,IBTL.O
185:IBTM,CE,1,Q,0,IBTM.O
185:IBTO,CE,1,Q,0,IBTO.O
185:IBTP,CE,1,Q,0,IBTP.O
185:IBTQ,CE,1,Q,0,IBTQ.O
185:ICFI,ES,1,Q,0,ICFI.O
185:ICHR,ES,1,Q,0,ICHR.O
185:ICLN,CE,1,Q,0,ICLN.O
185:ICLR,ES,1,Q,0,ICLR.O
185:ICMB,ES,1,Q,0,ICMB.O
185:ICOP,CE,1,Q,0,ICOP.O
185:ICUI,ES,1,Q,0,ICUI.O
185:IDCC,ES,1,Q,0,IDCC.O
185:IDEF,CE,1,Q,0,IDEF.O
185:IDN,ES,1,Q,0,IDN.O
185:IDVY,CE,1,Q,0,IDVY.O
185:IDXX,ES,1,Q,0,IDXX.O
185:IDYA,ES,1,Q,0,IDYA.O
185:IEAG,ES,1,Q,0,IEAG.O
185:IEAGR,M,1,Q,0,IEAGR.O
185:IEAGU,EU,1,Q,0,IEAGU.O
185:IEF,CE,1,Q,0,IEF.O
185:IEI,CE,1,Q,0,IEI.O
185:IEP,ES,1,Q,0,IEP.O
185:IESC,ES,1,Q,0,IESC.O
185:IEUS,CE,1,Q,0,IEUS.O
185:IFGL,CE,1,Q,0,IFGL.O
185:IFLO,CE,1,Q,0,IFLO.O
185:IFRX,ES,1,Q,0,IFRX.O
185:IFV,CE,1,Q,0,IFV.O
185:IGAC,ES,1,Q,0,IGAC.O
185:IGACR,M,1,Q,0,IGACR.O
185:IGACU,EU,1,Q,0,IGACU.O
185:IGF,CE,1,Q,0,IGF.O
185:IGIB,CE,1,Q,0,IGIB.O
185:IGOV,CE,1,Q,0,IGOV.O
185:IGSB,CE,1,Q,0,IGSB.O
185:IHRT,ES,1,Q,0,IHRT.O
185:III,ES,1,Q,0,III.O
185:IIIV,ES,1,Q,0,IIIV.O
185:IJT,CE,1,Q,0,IJT.O
185:ILIT,CE,1,Q,0,ILIT.O
185:ILLUU,EU,1,Q,0,ILLUU.O
185:ILMN,ES,1,Q,0,ILMN.O
185:ILPT,ES,1,Q,0,ILPT.O
185:IMCR,ED,1,Q,0,IMCR.O
185:IMCV,CE,1,Q,0,IMCV.O
185:IMKTA,ES,1,Q,0,IMKTA.O
185:IMMP,ED,1,Q,0,IMMP.O
185:IMMR,ES,1,Q,0,IMMR.O
185:IMOM,CE,1,Q,0,IMOM.O
185:IMOS,ED,1,Q,0,IMOS.O
185:IMRX,ES,1,Q,0,IMRX.O
185:IMSR,ES,1,Q,0,IMSR.O
185:IMSRW,RW,1,Q,0,IMSRW.O
185:IMVT,ES,1,Q,0,IMVT.O
185:INAC,ES,1,Q,0,INAC.O
185:INACR,M,1,Q,0,INACR.O
185:INACU,EU,1,Q,0,INACU.O
185:INBK,ES,1,Q,0,INBK.O
185:INBKZ,DB,1,Q,0,INBKZ.O
185:INBX,ES,1,Q,0,INBX.O
185:INCR,ES,1,Q,0,INCR.O
185:INCY,ES,1,Q,0,INCY.O
185:IND,CE,1,Q,0,IND.O
185:INDB,ES,1,Q,0,INDB.O
185:INDH,CE,1,Q,0,INDH.O
185:INDV,ES,1,Q,0,INDV.O
185:INDY,CE,1,Q,0,INDY.O
185:INGN,ES,1,Q,0,INGN.O
185:INMD,ES,1,Q,0,INMD.O
185:INNV,ES,1,Q,0,INNV.O
185:INOD,ES,1,Q,0,INOD.O
185:INRO,CE,1,Q,0,INRO.O
185:INSG,ES,1,Q,0,INSG.O
185:INSM,ES,1,Q,0,INSM.O
185:INTA,ES,1,Q,0,INTA.O
185:INTC,ES,1,Q,0,INTC.O
185:INTR,ES,1,Q,0,INTR.O
185:INTU,ES,1,Q,0,INTU.O
185:INTW,CE,1,Q,0,INTW.O
185:INV,ES,1,Q,0,INV.O
185:INVA,ES,1,Q,0,INVA.O
185:IOBT,ES,1,Q,0,IOBT.O
185:IONL,CE,1,Q,0,IONL.O
185:IONS,ES,1,Q,0,IONS.O
185:IONX,CE,1,Q,0,IONX.O
185:IONZ,CE,1,Q,0,IONZ.O
185:IOSP,ES,1,Q,0,IOSP.O
185:IOVA,ES,1,Q,0,IOVA.O
185:IOYY,CE,1,Q,0,IOYY.O
185:IPAR,ES,1,Q,0,IPAR.O
185:IPCX,ES,1,Q,0,IPCX.O
185:IPCXR,M,1,Q,0,IPCXR.O
185:IPCXU,EU,1,Q,0,IPCXU.O
185:IPEX,ES,1,Q,0,IPEX.O
185:IPEXR,M,1,Q,0,IPEXR.O
185:IPEXU,EU,1,Q,0,IPEXU.O
185:IPGP,ES,1,Q,0,IPGP.O
185:IPHA,ED,1,Q,0,IPHA.O
185:IPKW,CE,1,Q,0,IPKW.O
185:IPOD,ES,1,Q,0,IPOD.O
185:IPODU,EU,1,Q,0,IPODU.O
185:IPODW,RW,1,Q,0,IPODW.O
185:IQ,ED,1,Q,0,IQ.O
185:IQQQ,CE,1,Q,0,IQQQ.O
185:IRDM,ES,1,Q,0,IRDM.O
185:IREG,CE,1,Q,0,IREG.O
185:IREN,ES,1,Q,0,IREN.O
185:IRHO,ES,1,Q,0,IRHO.O
185:IRHOR,M,1,Q,0,IRHOR.O
185:IRHOU,EU,1,Q,0,IRHOU.O
185:IRMD,ES,1,Q,0,IRMD.O
185:IRON,ES,1,Q,0,IRON.O
185:IRTC,ES,1,Q,0,IRTC.O
185:IRWD,ES,1,Q,0,IRWD.O
185:ISHG,CE,1,Q,0,ISHG.O
185:ISHP,CE,1,Q,0,ISHP.O
185:ISRG,ES,1,Q,0,ISRG.O
185:ISSC,ES,1,Q,0,ISSC.O
185:ISTB,CE,1,Q,0,ISTB.O
185:ISTR,ES,1,Q,0,ISTR.O
185:ISUL,CE,1,Q,0,ISUL.O
185:ITHA,ES,1,Q,0,ITHA.O
185:ITHAU,EU,1,Q,0,ITHAU.O
185:ITHAW,RW,1,Q,0,ITHAW.O
185:ITIC,ES,1,Q,0,ITIC.O
185:ITRI,ES,1,Q,0,ITRI.O
185:ITRN,ES,1,Q,0,ITRN.O
185:IUS,CE,1,Q,0,IUS.O
185:IUSB,CE,1,Q,0,IUSB.O
185:IUSG,CE,1,Q,0,IUSG.O
185:IUSV,CE,1,Q,0,IUSV.O
185:IVA,ED,1,Q,0,IVA.O
185:IVAL,CE,1,Q,0,IVAL.O
185:IVSI,CE,1,Q,0,IVSI.O
185:IVSS,CE,1,Q,0,IVSS.O
185:IVSX,CE,1,Q,0,IVSX.O
185:IVVD,ES,1,Q,0,IVVD.O
185:IXUS,CE,1,Q,0,IXUS.O
185:JACK,ES,1,Q,0,JACK.O
185:JAKK,ES,1,Q,0,JAKK.O
185:JANX,ES,1,Q,0,JANX.O
185:JAPN,CE,1,Q,0,JAPN.O
185:JAZZ,ES,1,Q,0,JAZZ.O
185:JBHT,ES,1,Q,0,JBHT.O
185:JBLU,ES,1,Q,0,JBLU.O
185:JBSS,ES,1,Q,0,JBSS.O
185:JCAP,ES,1,Q,0,JCAP.O
185:JD,ED,1,Q,0,JD.O
185:JDOC,CE,1,Q,0,JDOC.O
185:JEPQ,CE,1,Q,0,JEPQ.O
185:JF,ED,1,Q,0,JF.O
185:JFIN,ED,1,Q,0,JFIN.O
185:JFU,ED,1,Q,0,JFU.O
185:JGLO,CE,1,Q,0,JGLO.O
185:JHAI,CE,1,Q,0,JHAI.O
185:JIVE,CE,1,Q,0,JIVE.O
185:JJSF,ES,1,Q,0,JJSF.O
185:JKHY,ES,1,Q,0,JKHY.O
185:JMID,CE,1,Q,0,JMID.O
185:JOUT,ES,1,Q,0,JOUT.O
185:JOYY,ED,1,Q,0,JOYY.O
185:JPEF,CE,1,Q,0,JPEF.O
185:JPY,CE,1,Q,0,JPY.O
185:JRVR,ES,1,Q,0,JRVR.O
185:JSM,DB,1,Q,0,JSM.O
185:JSMD,CE,1,Q,0,JSMD.O
185:JSML,CE,1,Q,0,JSML.O
185:JTEK,CE,1,Q,0,JTEK.O
185:KALU,ES,1,Q,0,KALU.O
185:KALV,ES,1,Q,0,KALV.O
185:KAT,CE,1,Q,0,KAT.O
185:KBAB,CE,1,Q,0,KBAB.O
185:KBDU,CE,1,Q,0,KBDU.O
185:KBON,ES,1,Q,0,KBON.O
185:KBONU,EU,1,Q,0,KBONU.O
185:KBONW,RW,1,Q,0,KBONW.O
185:KBSX,ES,1,Q,0,KBSX.O
185:KBWB,CE,1,Q,0,KBWB.O
185:KBWD,CE,1,Q,0,KBWD.O
185:KBWP,CE,1,Q,0,KBWP.O
185:KBWY,CE,1,Q,0,KBWY.O
185:KC,ED,1,Q,0,KC.O
185:KCHV,ES,1,Q,0,KCHV.O
185:KCHVR,M,1,Q,0,KCHVR.O
185:KCHVU,EU,1,Q,0,KCHVU.O
185:KDK,ES,1,Q,0,KDK.O
185:KDP,ES,1,Q,0,KDP.O
185:KE,ES,1,Q,0,KE.O
185:KEAT,CE,1,Q,0,KEAT.O
185:KELYA,ES,1,Q,0,KELYA.O
185:KELYB,ES,1,Q,0,KELYB.O
185:KEQU,ES,1,Q,0,KEQU.O
185:KFFB,ES,1,Q,0,KFFB.O
185:KFII,ES,1,Q,0,KFII.O
185:KFIIR,M,1,Q,0,KFIIR.O
185:KFIIU,EU,1,Q,0,KFIIU.O
185:KHC,ES,1,Q,0,KHC.O
185:KIDS,ES,1,Q,0,KIDS.O
185:KIQQ,CE,1,Q,0,KIQQ.O
185:KJD,CE,1,Q,0,KJD.O
185:KLAC,ES,1,Q,0,KLAC.O
185:KLAG,CE,1,Q,0,KLAG.O
185:KLIC,ES,1,Q,0,KLIC.O
185:KLRS,ES,1,Q,0,KLRS.O
185:KLTR,ES,1,Q,0,KLTR.O
185:KLXE,ES,1,Q,0,KLXE.O
185:KMB,ES,1,Q,0,KMB.O
185:KMDA,ES,1,Q,0,KMDA.O
185:KMLI,CE,1,Q,0,KMLI.O
185:KMTS,ES,1,Q,0,KMTS.O
185:KNDI,ES,1,Q,0,KNDI.O
185:KNGZ,CE,1,Q,0,KNGZ.O
185:KNSA,ES,1,Q,0,KNSA.O
185:KOD,ES,1,Q,0,KOD.O
185:KOID,CE,1,Q,0,KOID.O
185:KOYN,ES,1,Q,0,KOYN.O
185:KOYNU,EU,1,Q,0,KOYNU.O
185:KOYNW,RW,1,Q,0,KOYNW.O
185:KPDD,CE,1,Q,0,KPDD.O
185:KPLT,ES,1,Q,0,KPLT.O
185:KPLTW,RW,1,Q,0,KPLTW.O
185:KPTI,ES,1,Q,0,KPTI.O
185:KQQQ,CE,1,Q,0,KQQQ.O
185:KRAQU,EU,1,Q,0,KRAQU.O
185:KRMA,CE,1,Q,0,KRMA.O
185:KRNT,ES,1,Q,0,KRNT.O
185:KRNY,ES,1,Q,0,KRNY.O
185:KROP,CE,1,Q,0,KROP.O
185:KROS,ES,1,Q,0,KROS.O
185:KRT,ES,1,Q,0,KRT.O
185:KRUS,ES,1,Q,0,KRUS.O
185:KRYS,ES,1,Q,0,KRYS.O
185:KSPI,ED,1,Q,0,KSPI.O
185:KTCC,ES,1,Q,0,KTCC.O
185:KTOS,ES,1,Q,0,KTOS.O
185:KTWO,ES,1,Q,0,KTWO.O
185:KTWOR,M,1,Q,0,KTWOR.O
185:KTWOU,EU,1,Q,0,KTWOU.O
185:KURA,ES,1,Q,0,KURA.O
185:KVAC,ES,1,Q,0,KVAC.O
185:KVACU,EU,1,Q,0,KVACU.O
185:KVACW,RW,1,Q,0,KVACW.O
185:KVHI,ES,1,Q,0,KVHI.O
185:KWM,ES,1,Q,0,KWM.O
185:KYIV,ES,1,Q,0,KYIV.O
185:KYMR,ES,1,Q,0,KYMR.O
185:KYNB,ES,1,Q,0,KYNB.O
185:KYTX,ES,1,Q,0,KYTX.O
185:LAB,ES,1,Q,0,LAB.O
185:LACG,CE,1,Q,0,LACG.O
185:LAES,ES,1,Q,0,LAES.O
185:LAFA,ES,1,Q,0,LAFA.O
185:LAFAR,M,1,Q,0,LAFAR.O
185:LAFAU,EU,1,Q,0,LAFAU.O
185:LAKE,ES,1,Q,0,LAKE.O
185:LAMR,ES,1,Q,0,LAMR.O
185:LAND,ES,1,Q,0,LAND.O
185:LANDO,EP,1,Q,0,LANDO.O
185:LANDP,EP,1,Q,0,LANDP.O
185:LARK,ES,1,Q,0,LARK.O
185:LASR,ES,1,Q,0,LASR.O
185:LATA,ES,1,Q,0,LATA.O
185:LATAU,EU,1,Q,0,LATAU.O
185:LATAW,RW,1,Q,0,LATAW.O
185:LAUR,ES,1,Q,0,LAUR.O
185:LAYS,CE,1,Q,0,LAYS.O
185:LBRDA,ES,1,Q,0,LBRDA.O
185:LBRDK,ES,1,Q,0,LBRDK.O
185:LBRDP,EP,1,Q,0,LBRDP.O
185:LBRX,ES,1,Q,0,LBRX.O
185:LBTYA,ES,1,Q,0,LBTYA.O
185:LBTYB,ES,1,Q,0,LBTYB.O
185:LBTYK,ES,1,Q,0,LBTYK.O
185:LCCC,ES,1,Q,0,LCCC.O
185:LCCCR,M,1,Q,0,LCCCR.O
185:LCCCU,EU,1,Q,0,LCCCU.O
185:LCDL,CE,1,Q,0,LCDL.O
185:LCDS,CE,1,Q,0,LCDS.O
185:LCID,ES,1,Q,0,LCID.O
185:LCUT,ES,1,Q,0,LCUT.O
185:LDEM,CE,1,Q,0,LDEM.O
185:LDRX,CE,1,Q,0,LDRX.O
185:LDSF,CE,1,Q,0,LDSF.O
185:LECO,ES,1,Q,0,LECO.O
185:LEE,ES,1,Q,0,LEE.O
185:LEGH,ES,1,Q,0,LEGH.O
185:LEGN,ED,1,Q,0,LEGN.O
185:LEGR,CE,1,Q,0,LEGR.O
185:LENZ,ES,1,Q,0,LENZ.O
185:LESL,ES,1,Q,0,LESL.O
185:LEXI,CE,1,Q,0,LEXI.O
185:LFAC,ES,1,Q,0,LFAC.O
185:LFACU,EU,1,Q,0,LFACU.O
185:LFACW,RW,1,Q,0,LFACW.O
185:LFCR,ES,1,Q,0,LFCR.O
185:LFMD,ES,1,Q,0,LFMD.O
185:LFMDP,EP,1,Q,0,LFMDP.O
185:LFSC,CE,1,Q,0,LFSC.O
185:LFST,ES,1,Q,0,LFST.O
185:LFUS,ES,1,Q,0,LFUS.O
185:LGCF,CE,1,Q,0,LGCF.O
185:LGIH,ES,1,Q,0,LGIH.O
185:LGN,ES,1,Q,0,LGN.O
185:LGND,ES,1,Q,0,LGND.O
185:LGO,ES,1,Q,0,LGO.O
185:LGRO,CE,1,Q,0,LGRO.O
185:LI,ED,1,Q,0,LI.O
185:LIEN,ES,1,Q,0,LIEN.O
185:LIF,ES,1,Q,0,LIF.O
185:LIFE,ES,1,Q,0,LIFE.O
185:LILA,ES,1,Q,0,LILA.O
185:LILAK,ES,1,Q,0,LILAK.O
185:LIMN,ES,1,Q,0,LIMN.O
185:LIN,ES,1,Q,0,LIN.O
185:LINC,ES,1,Q,0,LINC.O
185:LINE,ES,1,Q,0,LINE.O
185:LINT,CE,1,Q,0,LINT.O
185:LITE,ES,1,Q,0,LITE.O
185:LITP,CE,1,Q,0,LITP.O
185:LIVN,ES,1,Q,0,LIVN.O
185:LKFN,ES,1,Q,0,LKFN.O
185:LKQ,ES,1,Q,0,LKQ.O
185:LKSP,ES,1,Q,0,LKSP.O
185:LKSPR,M,1,Q,0,LKSPR.O
185:LKSPU,EU,1,Q,0,LKSPU.O
185:LLYVA,ES,1,Q,0,LLYVA.O
185:LLYVK,ES,1,Q,0,LLYVK.O
185:LMAT,ES,1,Q,0,LMAT.O
185:LMBS,CE,1,Q,0,LMBS.O
185:LMNR,ES,1,Q,0,LMNR.O
185:LMNX,CE,1,Q,0,LMNX.O
185:LMRI,ES,1,Q,0,LMRI.O
185:LMTL,CE,1,Q,0,LMTL.O
185:LMTS,CE,1,Q,0,LMTS.O
185:LNT,ES,1,Q,0,LNT.O
185:LNTH,ES,1,Q,0,LNTH.O
185:LOCO,ES,1,Q,0,LOCO.O
185:LOGI,ES,1,Q,0,LOGI.O
185:LOGO,CE,1,Q,0,LOGO.O
185:LOKV,ES,1,Q,0,LOKV.O
185:LOKVU,EU,1,Q,0,LOKVU.O
185:LOKVW,RW,1,Q,0,LOKVW.O
185:LOOP,ES,1,Q,0,LOOP.O
185:LOPE,ES,1,Q,0,LOPE.O
185:LOT,ED,1,Q,0,LOT.O
185:LOTI,CE,1,Q,0,LOTI.O
185:LOVE,ES,1,Q,0,LOVE.O
185:LPAA,ES,1,Q,0,LPAA.O
185:LPAAU,EU,1,Q,0,LPAAU.O
185:LPAAW,RW,1,Q,0,LPAAW.O
185:LPBB,ES,1,Q,0,LPBB.O
185:LPBBU,EU,1,Q,0,LPBBU.O
185:LPBBW,RW,1,Q,0,LPBBW.O
185:LPCV,ES,1,Q,0,LPCV.O
185:LPCVU,EU,1,Q,0,LPCVU.O
185:LPCVW,RW,1,Q,0,LPCVW.O
185:LPLA,ES,1,Q,0,LPLA.O
185:LPRO,ES,1,Q,0,LPRO.O
185:LPSN,ES,1,Q,0,LPSN.O
185:LQDT,ES,1,Q,0,LQDT.O
185:LRCX,ES,1,Q,0,LRCX.O
185:LRGE,CE,1,Q,0,LRGE.O
185:LRMR,ES,1,Q,0,LRMR.O
185:LRND,CE,1,Q,0,LRND.O
185:LSAK,ES,1,Q,0,LSAK.O
185:LSBK,ES,1,Q,0,LSBK.O
185:LSCC,ES,1,Q,0,LSCC.O
185:LSTR,ES,1,Q,0,LSTR.O
185:LTCC,CE,1,Q,0,LTCC.O
185:LTRYW,RW,1,Q,0,LTRYW.O
185:LULG,CE,1,Q,0,LULG.O
185:LULU,ES,1,Q,0,LULU.O
185:LUNG,ES,1,Q,0,LUNG.O
185:LUNR,ES,1,Q,0,LUNR.O
185:LVHD,CE,1,Q,0,LVHD.O
185:LVIG,CE,1,Q,0,LVIG.O
185:LWAC,ES,1,Q,0,LWAC.O
185:LWACU,EU,1,Q,0,LWACU.O
185:LWACW,RW,1,Q,0,LWACW.O
185:LWAY,ES,1,Q,0,LWAY.O
185:LX,ED,1,Q,0,LX.O
185:LXEH,ED,1,Q,0,LXEH.O
185:LXEO,ES,1,Q,0,LXEO.O
185:LYEL,ES,1,Q,0,LYEL.O
185:LYFT,ES,1,Q,0,LYFT.O
185:LYTS,ES,1,Q,0,LYTS.O
185:LZ,ES,1,Q,0,LZ.O
185:MAAS,ES,1,Q,0,MAAS.O
185:MAAY,CE,1,Q,0,MAAY.O
185:MACI,ES,1,Q,0,MACI.O
185:MACIU,EU,1,Q,0,MACIU.O
185:MACIW,RW,1,Q,0,MACIW.O
185:MANH,ES,1,Q,0,MANH.O
185:MAPS,ES,1,Q,0,MAPS.O
185:MAPSW,RW,1,Q,0,MAPSW.O
185:MAR,ES,1,Q,0,MAR.O
185:MASI,ES,1,Q,0,MASI.O
185:MASS,ES,1,Q,0,MASS.O
185:MAT,ES,1,Q,0,MAT.O
185:MATE,CE,1,Q,0,MATE.O
185:MATW,ES,1,Q,0,MATW.O
185:MAXI,CE,1,Q,0,MAXI.O
185:MAXN,ES,1,Q,0,MAXN.O
185:MAZE,ES,1,Q,0,MAZE.O
185:MBAV,ES,1,Q,0,MBAV.O
185:MBAVU,EU,1,Q,0,MBAVU.O
185:MBAVW,RW,1,Q,0,MBAVW.O
185:MBB,CE,1,Q,0,MBB.O
185:MBLY,ES,1,Q,0,MBLY.O
185:MBS,CE,1,Q,0,MBS.O
185:MBUU,ES,1,Q,0,MBUU.O
185:MBVI,ES,1,Q,0,MBVI.O
185:MBVIU,EU,1,Q,0,MBVIU.O
185:MBVIW,RW,1,Q,0,MBVIW.O
185:MBWM,ES,1,Q,0,MBWM.O
185:MBX,ES,1,Q,0,MBX.O
185:MCBS,ES,1,Q,0,MCBS.O
185:MCDS,CE,1,Q,0,MCDS.O
185:MCFT,ES,1,Q,0,MCFT.O
185:MCGA,ES,1,Q,0,MCGA.O
185:MCGAU,EU,1,Q,0,MCGAU.O
185:MCGAW,RW,1,Q,0,MCGAW.O
185:MCHB,ES,1,Q,0,MCHB.O
185:MCHI,CE,1,Q,0,MCHI.O
185:MCHP,ES,1,Q,0,MCHP.O
185:MCHPP,ER,1,Q,0,MCHPP.O
185:MCHS,CE,1,Q,0,MCHS.O
185:MCHX,ES,1,Q,0,MCHX.O
185:MCRB,ES,1,Q,0,MCRB.O
185:MCRI,ES,1,Q,0,MCRI.O
185:MCW,ES,1,Q,0,MCW.O
185:MDB,ES,1,Q,0,MDB.O
185:MDGL,ES,1,Q,0,MDGL.O
185:MDIV,CE,1,Q,0,MDIV.O
185:MDLN,ES,1,Q,0,MDLN.O
185:MDLZ,ES,1,Q,0,MDLZ.O
185:MDWD,ES,1,Q,0,MDWD.O
185:MEDP,ES,1,Q,0,MEDP.O
185:MEDX,CE,1,Q,0,MEDX.O
185:MELI,ES,1,Q,0,MELI.O
185:MEMA,CE,1,Q,0,MEMA.O
185:MEMS,CE,1,Q,0,MEMS.O
185:MENS,ES,1,Q,0,MENS.O
185:MEOH,ES,1,Q,0,MEOH.O
185:MERC,ES,1,Q,0,MERC.O
185:MESH,ES,1,Q,0,MESH.O
185:MESHU,EU,1,Q,0,MESHU.O
185:MESHW,RW,1,Q,0,MESHW.O
185:MESO,ED,1,Q,0,MESO.O
185:META,ES,1,Q,0,META.O
185:METC,ES,1,Q,0,METC.O
185:METCB,ES,1,Q,0,METCB.O
185:METCI,DB,1,Q,0,METCI.O
185:METCZ,DB,1,Q,0,METCZ.O
185:METD,CE,1,Q,0,METD.O
185:METL,CE,1,Q,0,METL.O
185:METU,CE,1,Q,0,METU.O
185:MEVO,ES,1,Q,0,MEVO.O
185:MEVOU,EU,1,Q,0,MEVOU.O
185:MEVOW,RW,1,Q,0,MEVOW.O
185:MFIC,ES,1,Q,0,MFIC.O
185:MFICL,DB,1,Q,0,MFICL.O
185:MFIG,CE,1,Q,0,MFIG.O
185:MFIN,ES,1,Q,0,MFIN.O
185:MFLX,CE,1,Q,0,MFLX.O
185:MFMO,CE,1,Q,0,MFMO.O
185:MFVL,CE,1,Q,0,MFVL.O
185:MGEE,ES,1,Q,0,MGEE.O
185:MGNI,ES,1,Q,0,MGNI.O
185:MGNX,ES,1,Q,0,MGNX.O
185:MGPI,ES,1,Q,0,MGPI.O
185:MGRC,ES,1,Q,0,MGRC.O
185:MGTX,ES,1,Q,0,MGTX.O
185:MGX,ES,1,Q,0,MGX.O
185:MGYR,ES,1,Q,0,MGYR.O
185:MIDD,ES,1,Q,0,MIDD.O
185:MILN,CE,1,Q,0,MILN.O
185:MIRM,ES,1,Q,0,MIRM.O
185:MIST,ES,1,Q,0,MIST.O
185:MKAM,CE,1,Q,0,MKAM.O
185:MKLY,ES,1,Q,0,MKLY.O
185:MKLYR,M,1,Q,0,MKLYR.O
185:MKLYU,EU,1,Q,0,MKLYU.O
185:MKSI,ES,1,Q,0,MKSI.O
185:MKTW,ES,1,Q,0,MKTW.O
185:MKTX,ES,1,Q,0,MKTX.O
185:MLAAU,EU,1,Q,0,MLAAU.O
185:MLAB,ES,1,Q,0,MLAB.O
185:MLAC,ES,1,Q,0,MLAC.O
185:MLACR,M,1,Q,0,MLACR.O
185:MLACU,EU,1,Q,0,MLACU.O
185:MLCI,ES,1,Q,0,MLCI.O
185:MLCIL,DB,1,Q,0,MLCIL.O
185:MLCO,ED,1,Q,0,MLCO.O
185:MLKN,ES,1,Q,0,MLKN.O
185:MLYS,ES,1,Q,0,MLYS.O
185:MMED,ES,1,Q,0,MMED.O
185:MMLP,ES,1,Q,0,MMLP.O
185:MMSI,ES,1,Q,0,MMSI.O
185:MMTX,ES,1,Q,0,MMTX.O
185:MMTXU,EU,1,Q,0,MMTXU.O
185:MMTXW,RW,1,Q,0,MMTXW.O
185:MMYT,ES,1,Q,0,MMYT.O
185:MNDO,ES,1,Q,0,MNDO.O
185:MNDY,ES,1,Q,0,MNDY.O
185:MNKD,ES,1,Q,0,MNKD.O
185:MNOV,ES,1,Q,0,MNOV.O
185:MNRO,ES,1,Q,0,MNRO.O
185:MNST,ES,1,Q,0,MNST.O
185:MNVT,CE,1,Q,0,MNVT.O
185:MNY,ES,1,Q,0,MNY.O
185:MNYWW,RW,1,Q,0,MNYWW.O
185:MNZL,CE,1,Q,0,MNZL.O
185:MODL,CE,1,Q,0,MODL.O
185:MOLN,ED,1,Q,0,MOLN.O
185:MOMO,ED,1,Q,0,MOMO.O
185:MOOD,CE,1,Q,0,MOOD.O
185:MORN,ES,1,Q,0,MORN.O
185:MPAA,ES,1,Q,0,MPAA.O
185:MPB,ES,1,Q,0,MPB.O
185:MPG,CE,1,Q,0,MPG.O
185:MPLT,ES,1,Q,0,MPLT.O
185:MPWR,ES,1,Q,0,MPWR.O
185:MQ,ES,1,Q,0,MQ.O
185:MQQQ,CE,1,Q,0,MQQQ.O
185:MRAL,CE,1,Q,0,MRAL.O
185:MRAM,ES,1,Q,0,MRAM.O
185:MRBK,ES,1,Q,0,MRBK.O
185:MRCC,ES,1,Q,0,MRCC.O
185:MRCY,ES,1,Q,0,MRCY.O
185:MRLN,ES,1,Q,0,MRLN.O
185:MRNA,ES,1,Q,0,MRNA.O
185:MRTN,ES,1,Q,0,MRTN.O
185:MRVI,ES,1,Q,0,MRVI.O
185:MRVL,ES,1,Q,0,MRVL.O
185:MRVU,CE,1,Q,0,MRVU.O
185:MRX,ES,1,Q,0,MRX.O
185:MSBI,ES,1,Q,0,MSBI.O
185:MSBIP,ER,1,Q,0,MSBIP.O
185:MSDD,CE,1,Q,0,MSDD.O
185:MSEX,ES,1,Q,0,MSEX.O
185:MSFD,CE,1,Q,0,MSFD.O
185:MSFL,CE,1,Q,0,MSFL.O
185:MSFT,ES,1,Q,0,MSFT.O
185:MSFU,CE,1,Q,0,MSFU.O
185:MSLE,ES,1,Q,0,MSLE.O
185:MST,CE,1,Q,0,MST.O
185:MSTP,CE,1,Q,0,MSTP.O
185:MSTR,ES,1,Q,0,MSTR.O
185:MSTX,CE,1,Q,0,MSTX.O
185:MTCH,ES,1,Q,0,MTCH.O
185:MTLS,ED,1,Q,0,MTLS.O
185:MTRX,ES,1,Q,0,MTRX.O
185:MTSI,ES,1,Q,0,MTSI.O
185:MTYY,CE,1,Q,0,MTYY.O
185:MU,ES,1,Q,0,MU.O
185:MUD,CE,1,Q,0,MUD.O
185:MULL,CE,1,Q,0,MULL.O
185:MULT,CE,1,Q,0,MULT.O
185:MUU,CE,1,Q,0,MUU.O
185:MUZEU,EU,1,Q,0,MUZEU.O
185:MVIS,ES,1,Q,0,MVIS.O
185:MVLL,CE,1,Q,0,MVLL.O
185:MWH,ES,1,Q,0,MWH.O
185:MXCT,ES,1,Q,0,MXCT.O
185:MXL,ES,1,Q,0,MXL.O
185:MYCF,CE,1,Q,0,MYCF.O
185:MYCG,CE,1,Q,0,MYCG.O
185:MYCH,CE,1,Q,0,MYCH.O
185:MYCI,CE,1,Q,0,MYCI.O
185:MYCJ,CE,1,Q,0,MYCJ.O
185:MYCK,CE,1,Q,0,MYCK.O
185:MYCL,CE,1,Q,0,MYCL.O
185:MYCM,CE,1,Q,0,MYCM.O
185:MYCN,CE,1,Q,0,MYCN.O
185:MYCO,CE,1,Q,0,MYCO.O
185:MYFW,ES,1,Q,0,MYFW.O
185:MYGN,ES,1,Q,0,MYGN.O
185:MYHA,CE,1,Q,0,MYHA.O
185:MYHB,CE,1,Q,0,MYHB.O
185:MYHC,CE,1,Q,0,MYHC.O
185:MYHD,CE,1,Q,0,MYHD.O
185:MYHE,CE,1,Q,0,MYHE.O
185:MYMF,CE,1,Q,0,MYMF.O
185:MYMG,CE,1,Q,0,MYMG.O
185:MYMH,CE,1,Q,0,MYMH.O
185:MYMI,CE,1,Q,0,MYMI.O
185:MYMJ,CE,1,Q,0,MYMJ.O
185:MYMK,CE,1,Q,0,MYMK.O
185:MYPS,ES,1,Q,0,MYPS.O
185:MYPSW,RW,1,Q,0,MYPSW.O
185:MYRG,ES,1,Q,0,MYRG.O
185:MZTI,ES,1,Q,0,MZTI.O
185:NA,ES,1,Q,0,NA.O
185:NAII,ES,1,Q,0,NAII.O
185:NAKA,ES,1,Q,0,NAKA.O
185:NAMM,ES,1,Q,0,NAMM.O
185:NAMS,ES,1,Q,0,NAMS.O
185:NAMSW,RW,1,Q,0,NAMSW.O
185:NATH,ES,1,Q,0,NATH.O
185:NATO,CE,1,Q,0,NATO.O
185:NAVI,ES,1,Q,0,NAVI.O
185:NAVN,ES,1,Q,0,NAVN.O
185:NB,ES,1,Q,0,NB.O
185:NBIG,CE,1,Q,0,NBIG.O
185:NBIL,CE,1,Q,0,NBIL.O
185:NBIS,ES,1,Q,0,NBIS.O
185:NBIX,ES,1,Q,0,NBIX.O
185:NBN,ES,1,Q,0,NBN.O
185:NBP,ED,1,Q,0,NBP.O
185:NBTB,ES,1,Q,0,NBTB.O
185:NBTX,ED,1,Q,0,NBTX.O
185:NCIQ,CE,1,Q,0,NCIQ.O
185:NCMI,ES,1,Q,0,NCMI.O
185:NCNO,ES,1,Q,0,NCNO.O
185:NCPB,CE,1,Q,0,NCPB.O
185:NDAA,CE,1,Q,0,NDAA.O
185:NDAQ,ES,1,Q,0,NDAQ.O
185:NDLS,ES,1,Q,0,NDLS.O
185:NDSN,ES,1,Q,0,NDSN.O
185:NEMG,CE,1,Q,0,NEMG.O
185:NEOG,ES,1,Q,0,NEOG.O
185:NETG,CE,1,Q,0,NETG.O
185:NEUP,ES,1,Q,0,NEUP.O
185:NEWT,ES,1,Q,0,NEWT.O
185:NEWTG,DB,1,Q,0,NEWTG.O
185:NEWTH,DB,1,Q,0,NEWTH.O
185:NEWTI,DB,1,Q,0,NEWTI.O
185:NEWTO,DB,1,Q,0,NEWTO.O
185:NEWTP,ER,1,Q,0,NEWTP.O
185:NEWZ,CE,1,Q,0,NEWZ.O
185:NEXN,ES,1,Q,0,NEXN.O
185:NFBK,ES,1,Q,0,NFBK.O
185:NFE,ES,1,Q,0,NFE.O
185:NFLX,ES,1,Q,0,NFLX.O
185:NFRX,CE,1,Q,0,NFRX.O
185:NFTY,CE,1,Q,0,NFTY.O
185:NFXL,CE,1,Q,0,NFXL.O
185:NFXS,CE,1,Q,0,NFXS.O
185:NGNE,ES,1,Q,0,NGNE.O
185:NHIC,ES,1,Q,0,NHIC.O
185:NHICU,EU,1,Q,0,NHICU.O
185:NHICW,RW,1,Q,0,NHICW.O
185:NHPAP,EP,1,Q,0,NHPAP.O
185:NHPBP,EP,1,Q,0,NHPBP.O
185:NICE,ED,1,Q,0,NICE.O
185:NIKL,CE,1,Q,0,NIKL.O
185:NIOG,CE,1,Q,0,NIOG.O
185:NIPG,ED,1,Q,0,NIPG.O
185:NIU,ED,1,Q,0,NIU.O
185:NIXT,CE,1,Q,0,NIXT.O
185:NKLR,ES,1,Q,0,NKLR.O
185:NKTX,ES,1,Q,0,NKTX.O
185:NMFC,ES,1,Q,0,NMFC.O
185:NMFCZ,DB,1,Q,0,NMFCZ.O
185:NMIH,ES,1,Q,0,NMIH.O
185:NMP,ES,1,Q,0,NMP.O
185:NMPAR,M,1,Q,0,NMPAR.O
185:NMPAU,EU,1,Q,0,NMPAU.O
185:NMRA,ES,1,Q,0,NMRA.O
185:NMRK,ES,1,Q,0,NMRK.O
185:NNBR,ES,1,Q,0,NNBR.O
185:NNNN,ES,1,Q,0,NNNN.O
185:NNOX,ES,1,Q,0,NNOX.O
185:NOEM,ES,1,Q,0,NOEM.O
185:NOEMR,M,1,Q,0,NOEMR.O
185:NOEMU,EU,1,Q,0,NOEMU.O
185:NOEMW,RW,1,Q,0,NOEMW.O
185:NOVT,ES,1,Q,0,NOVT.O
185:NOVTU,EU,1,Q,0,NOVTU.O
185:NOWL,CE,1,Q,0,NOWL.O
185:NPAC,ES,1,Q,0,NPAC.O
185:NPACU,EU,1,Q,0,NPACU.O
185:NPACW,RW,1,Q,0,NPACW.O
185:NPCE,ES,1,Q,0,NPCE.O
185:NPFI,CE,1,Q,0,NPFI.O
185:NRC,ES,1,Q,0,NRC.O
185:NRDS,ES,1,Q,0,NRDS.O
185:NRES,CE,1,Q,0,NRES.O
185:NRIM,ES,1,Q,0,NRIM.O
185:NRIX,ES,1,Q,0,NRIX.O
185:NSCR,CE,1,Q,0,NSCR.O
185:NSI,CE,1,Q,0,NSI.O
185:NSIT,ES,1,Q,0,NSIT.O
185:NSSC,ES,1,Q,0,NSSC.O
185:NTAP,ES,1,Q,0,NTAP.O
185:NTCT,ES,1,Q,0,NTCT.O
185:NTES,ED,1,Q,0,NTES.O
185:NTGR,ES,1,Q,0,NTGR.O
185:NTHI,ES,1,Q,0,NTHI.O
185:NTIC,ES,1,Q,0,NTIC.O
185:NTLA,ES,1,Q,0,NTLA.O
185:NTNX,ES,1,Q,0,NTNX.O
185:NTRA,ES,1,Q,0,NTRA.O
185:NTRS,ES,1,Q,0,NTRS.O
185:NTRSO,ER,1,Q,0,NTRSO.O
185:NTSK,ES,1,Q,0,NTSK.O
185:NTWO,ES,1,Q,0,NTWO.O
185:NTWOU,EU,1,Q,0,NTWOU.O
185:NTWOW,RW,1,Q,0,NTWOW.O
185:NUAI,ES,1,Q,0,NUAI.O
185:NUG,CE,1,Q,0,NUG.O
185:NUGY,CE,1,Q,0,NUGY.O
185:NUSB,CE,1,Q,0,NUSB.O
185:NUVL,ES,1,Q,0,NUVL.O
185:NVAX,ES,1,Q,0,NVAX.O
185:NVCR,ES,1,Q,0,NVCR.O
185:NVD,CE,1,Q,0,NVD.O
185:NVDA,ES,1,Q,0,NVDA.O
185:NVDD,CE,1,Q,0,NVDD.O
185:NVDG,CE,1,Q,0,NVDG.O
185:NVDL,CE,1,Q,0,NVDL.O
185:NVDS,CE,1,Q,0,NVDS.O
185:NVDU,CE,1,Q,0,NVDU.O
185:NVMI,ES,1,Q,0,NVMI.O
185:NVTS,ES,1,Q,0,NVTS.O
185:NVX,ED,1,Q,0,NVX.O
185:NVYY,CE,1,Q,0,NVYY.O
185:NWBI,ES,1,Q,0,NWBI.O
185:NWE,ES,1,Q,0,NWE.O
185:NWFL,ES,1,Q,0,NWFL.O
185:NWL,ES,1,Q,0,NWL.O
185:NWPX,ES,1,Q,0,NWPX.O
185:NWS,ES,1,Q,0,NWS.O
185:NWSA,ES,1,Q,0,NWSA.O
185:NXPI,ES,1,Q,0,NXPI.O
185:NXST,ES,1,Q,0,NXST.O
185:NXT,ES,1,Q,0,NXT.O
185:NXTC,ES,1,Q,0,NXTC.O
185:NXTG,CE,1,Q,0,NXTG.O
185:NYAX,ES,1,Q,0,NYAX.O
185:NYXH,ES,1,Q,0,NYXH.O
185:NZAC,CE,1,Q,0,NZAC.O
185:NZUS,CE,1,Q,0,NZUS.O
185:OABI,ES,1,Q,0,OABI.O
185:OACC,ES,1,Q,0,OACC.O
185:OACCU,EU,1,Q,0,OACCU.O
185:OACCW,RW,1,Q,0,OACCW.O
185:OBA,ES,1,Q,0,OBA.O
185:OBAI,ES,1,Q,0,OBAI.O
185:OBAWU,EU,1,Q,0,OBAWU.O
185:OBAWW,RW,1,Q,0,OBAWW.O
185:OBIL,CE,1,Q,0,OBIL.O
185:OBIO,ES,1,Q,0,OBIO.O
185:OBTC,EU,1,Q,0,OBTC.O
185:OCC,ES,1,Q,0,OCC.O
185:OCFC,ES,1,Q,0,OCFC.O
185:OCS,ES,1,Q,0,OCS.O
185:OCSAW,RW,1,Q,0,OCSAW.O
185:OCSL,ES,1,Q,0,OCSL.O
185:OCUL,ES,1,Q,0,OCUL.O
185:ODD,ES,1,Q,0,ODD.O
185:ODDS,CE,1,Q,0,ODDS.O
185:ODFL,ES,1,Q,0,ODFL.O
185:OFIX,ES,1,Q,0,OFIX.O
185:OFLX,ES,1,Q,0,OFLX.O
185:OFS,ES,1,Q,0,OFS.O
185:OFSSH,DB,1,Q,0,OFSSH.O
185:OFSSO,DB,1,Q,0,OFSSO.O
185:OGI,ES,1,Q,0,OGI.O
185:OIM,ES,1,Q,0,OIM.O
185:OIMAU,EU,1,Q,0,OIMAU.O
185:OIMAW,RW,1,Q,0,OIMAW.O
185:OKLL,CE,1,Q,0,OKLL.O
185:OKTA,ES,1,Q,0,OKTA.O
185:OKTG,CE,1,Q,0,OKTG.O
185:OKUR,ES,1,Q,0,OKUR.O
185:OLED,ES,1,Q,0,OLED.O
185:OLLI,ES,1,Q,0,OLLI.O
185:OLMA,ES,1,Q,0,OLMA.O
185:OLPX,ES,1,Q,0,OLPX.O
185:OM,ES,1,Q,0,OM.O
185:OMAB,ED,1,Q,0,OMAB.O
185:OMCL,ES,1,Q,0,OMCL.O
185:OMDA,ES,1,Q,0,OMDA.O
185:OMER,ES,1,Q,0,OMER.O
185:ON,ES,1,Q,0,ON.O
185:ONB,ES,1,Q,0,ONB.O
185:ONBPO,ER,1,Q,0,ONBPO.O
185:ONBPP,ER,1,Q,0,ONBPP.O
185:ONC,ED,1,Q,0,ONC.O
185:ONCH,ES,1,Q,0,ONCH.O
185:ONCHU,EU,1,Q,0,ONCHU.O
185:ONCHW,RW,1,Q,0,ONCHW.O
185:ONDG,CE,1,Q,0,ONDG.O
185:ONEQ,CE,1,Q,0,ONEQ.O
185:ONEW,ES,1,Q,0,ONEW.O
185:OOQB,CE,1,Q,0,OOQB.O
185:OOSB,CE,1,Q,0,OOSB.O
185:OPBK,ES,1,Q,0,OPBK.O
185:OPCH,ES,1,Q,0,OPCH.O
185:OPEG,CE,1,Q,0,OPEG.O
185:OPEN,ES,1,Q,0,OPEN.O
185:OPENL,RW,1,Q,0,OPENL.O
185:OPENW,RW,1,Q,0,OPENW.O
185:OPENZ,RW,1,Q,0,OPENZ.O
185:OPK,ES,1,Q,0,OPK.O
185:OPPJ,CE,1,Q,0,OPPJ.O
185:OPRA,ED,1,Q,0,OPRA.O
185:OPRT,ES,1,Q,0,OPRT.O
185:OPTZ,CE,1,Q,0,OPTZ.O
185:ORCS,CE,1,Q,0,ORCS.O
185:ORCU,CE,1,Q,0,ORCU.O
185:ORCX,CE,1,Q,0,ORCX.O
185:ORIC,ES,1,Q,0,ORIC.O
185:ORIQ,ES,1,Q,0,ORIQ.O
185:ORIQU,EU,1,Q,0,ORIQU.O
185:ORIQW,RW,1,Q,0,ORIQW.O
185:ORKA,ES,1,Q,0,ORKA.O
185:ORLG,CE,1,Q,0,ORLG.O
185:ORLY,ES,1,Q,0,ORLY.O
185:ORR,CE,1,Q,0,ORR.O
185:OS,ES,1,Q,0,OS.O
185:OSBC,ES,1,Q,0,OSBC.O
185:OSCG,CE,1,Q,0,OSCG.O
185:OSCX,CE,1,Q,0,OSCX.O
185:OSIS,ES,1,Q,0,OSIS.O
185:OSUR,ES,1,Q,0,OSUR.O
185:OTEX,ES,1,Q,0,OTEX.O
185:OTGA,ES,1,Q,0,OTGA.O
185:OTGAU,EU,1,Q,0,OTGAU.O
185:OTGAW,RW,1,Q,0,OTGAW.O
185:OTGL,CE,1,Q,0,OTGL.O
185:OTLY,ED,1,Q,0,OTLY.O
185:OTTR,ES,1,Q,0,OTTR.O
185:OUST,ES,1,Q,0,OUST.O
185:OVBC,ES,1,Q,0,OVBC.O
185:OWLS,ES,1,Q,0,OWLS.O
185:OXLC,ES,1,Q,0,OXLC.O
185:OXLCG,DB,1,Q,0,OXLCG.O
185:OXLCI,DB,1,Q,0,OXLCI.O
185:OXLCL,DB,1,Q,0,OXLCL.O
185:OXLCN,EP,1,Q,0,OXLCN.O
185:OXLCO,EP,1,Q,0,OXLCO.O
185:OXLCP,EP,1,Q,0,OXLCP.O
185:OXLCZ,DB,1,Q,0,OXLCZ.O
185:OXSQ,ES,1,Q,0,OXSQ.O
185:OXSQG,DB,1,Q,0,OXSQG.O
185:OXSQH,DB,1,Q,0,OXSQH.O
185:OYSE,ES,1,Q,0,OYSE.O
185:OYSER,M,1,Q,0,OYSER.O
185:OYSEU,EU,1,Q,0,OYSEU.O
185:OZEM,CE,1,Q,0,OZEM.O
185:OZK,ES,1,Q,0,OZK.O
185:OZKAP,EP,1,Q,0,OZKAP.O
185:PAA,ES,1,Q,0,PAA.O
185:PAACU,EU,1,Q,0,PAACU.O
185:PABD,CE,1,Q,0,PABD.O
185:PABU,CE,1,Q,0,PABU.O
185:PACB,ES,1,Q,0,PACB.O
185:PACH,ES,1,Q,0,PACH.O
185:PACHU,EU,1,Q,0,PACHU.O
185:PACHW,RW,1,Q,0,PACHW.O
185:PAGP,ES,1,Q,0,PAGP.O
185:PAHC,ES,1,Q,0,PAHC.O
185:PAL,ES,1,Q,0,PAL.O
185:PALD,CE,1,Q,0,PALD.O
185:PALOU,EU,1,Q,0,PALOU.O
185:PALU,CE,1,Q,0,PALU.O
185:PAMT,ES,1,Q,0,PAMT.O
185:PANG,CE,1,Q,0,PANG.O
185:PANW,ES,1,Q,0,PANW.O
185:PATK,ES,1,Q,0,PATK.O
185:PATN,CE,1,Q,0,PATN.O
185:PAX,ES,1,Q,0,PAX.O
185:PAYO,ES,1,Q,0,PAYO.O
185:PAYP,ED,1,Q,0,PAYP.O
185:PAYX,ES,1,Q,0,PAYX.O
185:PBEU,CE,1,Q,0,PBEU.O
185:PBOG,CE,1,Q,0,PBOG.O
185:PBPH,CE,1,Q,0,PBPH.O
185:PBQQ,CE,1,Q,0,PBQQ.O
185:PBRG,CE,1,Q,0,PBRG.O
185:PBYI,ES,1,Q,0,PBYI.O
185:PCAP,ES,1,Q,0,PCAP.O
185:PCAPU,EU,1,Q,0,PCAPU.O
185:PCAPW,RW,1,Q,0,PCAPW.O
185:PCAR,ES,1,Q,0,PCAR.O
185:PCB,ES,1,Q,0,PCB.O
185:PCMM,CE,1,Q,0,PCMM.O
185:PCRX,ES,1,Q,0,PCRX.O
185:PCSC,ES,1,Q,0,PCSC.O
185:PCTY,ES,1,Q,0,PCTY.O
185:PCVX,ES,1,Q,0,PCVX.O
185:PDBA,CE,1,Q,0,PDBA.O
185:PDBC,CE,1,Q,0,PDBC.O
185:PDD,ED,1,Q,0,PDD.O
185:PDDL,CE,1,Q,0,PDDL.O
185:PDFS,ES,1,Q,0,PDFS.O
185:PDLB,ES,1,Q,0,PDLB.O
185:PDP,CE,1,Q,0,PDP.O
185:PDYN,ES,1,Q,0,PDYN.O
185:PDYNW,RW,1,Q,0,PDYNW.O
185:PEBK,ES,1,Q,0,PEBK.O
185:PEBO,ES,1,Q,0,PEBO.O
185:PECO,ES,1,Q,0,PECO.O
185:PEGA,ES,1,Q,0,PEGA.O
185:PELI,ES,1,Q,0,PELI.O
185:PELIR,M,1,Q,0,PELIR.O
185:PELIU,EU,1,Q,0,PELIU.O
185:PENG,ES,1,Q,0,PENG.O
185:PENN,ES,1,Q,0,PENN.O
185:PEP,ES,1,Q,0,PEP.O
185:PEPG,ES,1,Q,0,PEPG.O
185:PEPS,CE,1,Q,0,PEPS.O
185:PERI,ES,1,Q,0,PERI.O
185:PETS,ES,1,Q,0,PETS.O
185:PEY,CE,1,Q,0,PEY.O
185:PEZ,CE,1,Q,0,PEZ.O
185:PFBC,ES,1,Q,0,PFBC.O
185:PFDE,CE,1,Q,0,PFDE.O
185:PFF,CE,1,Q,0,PFF.O
185:PFG,ES,1,Q,0,PFG.O
185:PFI,CE,1,Q,0,PFI.O
185:PFIS,ES,1,Q,0,PFIS.O
185:PFM,CE,1,Q,0,PFM.O
185:PFOE,CE,1,Q,0,PFOE.O
185:PFSA,ES,1,Q,0,PFSA.O
185:PFX,ES,1,Q,0,PFX.O
185:PFXNZ,DB,1,Q,0,PFXNZ.O
185:PGAC,ES,1,Q,0,PGAC.O
185:PGACR,M,1,Q,0,PGACR.O
185:PGACU,EU,1,Q,0,PGACU.O
185:PGC,ES,1,Q,0,PGC.O
185:PGEN,ES,1,Q,0,PGEN.O
185:PGJ,CE,1,Q,0,PGJ.O
185:PGNY,ES,1,Q,0,PGNY.O
185:PHAR,ED,1,Q,0,PHAR.O
185:PHAT,ES,1,Q,0,PHAT.O
185:PHO,CE,1,Q,0,PHO.O
185:PHVS,ES,1,Q,0,PHVS.O
185:PI,ES,1,Q,0,PI.O
185:PICS,ES,1,Q,0,PICS.O
185:PID,CE,1,Q,0,PID.O
185:PIE,CE,1,Q,0,PIE.O
185:PIO,CE,1,Q,0,PIO.O
185:PIZ,CE,1,Q,0,PIZ.O
185:PKOH,ES,1,Q,0,PKOH.O
185:PKW,CE,1,Q,0,PKW.O
185:PLAB,ES,1,Q,0,PLAB.O
185:PLAY,ES,1,Q,0,PLAY.O
185:PLBL,ES,1,Q,0,PLBL.O
185:PLBY,ES,1,Q,0,PLBY.O
185:PLCE,ES,1,Q,0,PLCE.O
185:PLMK,ES,1,Q,0,PLMK.O
185:PLMKU,EU,1,Q,0,PLMKU.O
185:PLMKW,RW,1,Q,0,PLMKW.O
185:PLMR,ES,1,Q,0,PLMR.O
185:PLPC,ES,1,Q,0,PLPC.O
185:PLRX,ES,1,Q,0,PLRX.O
185:PLTD,CE,1,Q,0,PLTD.O
185:PLTG,CE,1,Q,0,PLTG.O
185:PLTK,ES,1,Q,0,PLTK.O
185:PLTR,ES,1,Q,0,PLTR.O
185:PLTU,CE,1,Q,0,PLTU.O
185:PLTZ,CE,1,Q,0,PLTZ.O
185:PLUL,CE,1,Q,0,PLUL.O
185:PLUS,ES,1,Q,0,PLUS.O
185:PLXS,ES,1,Q,0,PLXS.O
185:PLYY,CE,1,Q,0,PLYY.O
185:PMBS,CE,1,Q,0,PMBS.O
185:PMTR,ES,1,Q,0,PMTR.O
185:PMTRU,EU,1,Q,0,PMTRU.O
185:PMTRW,RW,1,Q,0,PMTRW.O
185:PMTS,ES,1,Q,0,PMTS.O
185:PMVP,ES,1,Q,0,PMVP.O
185:PNBK,ES,1,Q,0,PNBK.O
185:PNQI,CE,1,Q,0,PNQI.O
185:PNTG,ES,1,Q,0,PNTG.O
185:PODD,ES,1,Q,0,PODD.O
185:POLE,ES,1,Q,0,POLE.O
185:POLEU,EU,1,Q,0,POLEU.O
185:POLEW,RW,1,Q,0,POLEW.O
185:POM,ED,1,Q,0,POM.O
185:PONOU,EU,1,Q,0,PONOU.O
185:PONY,ED,1,Q,0,PONY.O
185:POOL,ES,1,Q,0,POOL.O
185:POWI,ES,1,Q,0,POWI.O
185:POWL,ES,1,Q,0,POWL.O
185:PPC,ES,1,Q,0,PPC.O
185:PPH,CE,1,Q,0,PPH.O
185:PPHC,ES,1,Q,0,PPHC.O
185:PPI,CE,1,Q,0,PPI.O
185:PPIH,ES,1,Q,0,PPIH.O
185:PQAP,CE,1,Q,0,PQAP.O
185:PQJA,CE,1,Q,0,PQJA.O
185:PQJL,CE,1,Q,0,PQJL.O
185:PQOC,CE,1,Q,0,PQOC.O
185:PRAA,ES,1,Q,0,PRAA.O
185:PRAX,ES,1,Q,0,PRAX.O
185:PRCT,ES,1,Q,0,PRCT.O
185:PRDO,ES,1,Q,0,PRDO.O
185:PRE,ES,1,Q,0,PRE.O
185:PRFZ,CE,1,Q,0,PRFZ.O
185:PRGS,ES,1,Q,0,PRGS.O
185:PRHIZ,DB,1,Q,0,PRHIZ.O
185:PRLD,ES,1,Q,0,PRLD.O
185:PRME,ES,1,Q,0,PRME.O
185:PRMR,CE,1,Q,0,PRMR.O
185:PRN,CE,1,Q,0,PRN.O
185:PROV,ES,1,Q,0,PROV.O
185:PRPL,ES,1,Q,0,PRPL.O
185:PRTA,ES,1,Q,0,PRTA.O
185:PRTC,ED,1,Q,0,PRTC.O
185:PRVA,ES,1,Q,0,PRVA.O
185:PSC,CE,1,Q,0,PSC.O
185:PSCC,CE,1,Q,0,PSCC.O
185:PSCD,CE,1,Q,0,PSCD.O
185:PSCE,CE,1,Q,0,PSCE.O
185:PSCF,CE,1,Q,0,PSCF.O
185:PSCH,CE,1,Q,0,PSCH.O
185:PSCI,CE,1,Q,0,PSCI.O
185:PSCM,CE,1,Q,0,PSCM.O
185:PSCT,CE,1,Q,0,PSCT.O
185:PSCU,CE,1,Q,0,PSCU.O
185:PSEC,ES,1,Q,0,PSEC.O
185:PSET,CE,1,Q,0,PSET.O
185:PSKY,ES,1,Q,0,PSKY.O
185:PSL,CE,1,Q,0,PSL.O
185:PSMT,ES,1,Q,0,PSMT.O
185:PSNL,ES,1,Q,0,PSNL.O
185:PSNY,ED,1,Q,0,PSNY.O
185:PSNYW,ED,1,Q,0,PSNYW.O
185:PSTR,CE,1,Q,0,PSTR.O
185:PSWD,CE,1,Q,0,PSWD.O
185:PTC,ES,1,Q,0,PTC.O
185:PTCT,ES,1,Q,0,PTCT.O
185:PTEN,ES,1,Q,0,PTEN.O
185:PTF,CE,1,Q,0,PTF.O
185:PTGX,ES,1,Q,0,PTGX.O
185:PTH,CE,1,Q,0,PTH.O
185:PTIR,CE,1,Q,0,PTIR.O
185:PTLO,ES,1,Q,0,PTLO.O
185:PTNQ,CE,1,Q,0,PTNQ.O
185:PTON,ES,1,Q,0,PTON.O
185:PTOR,ES,1,Q,0,PTOR.O
185:PTORU,EU,1,Q,0,PTORU.O
185:PTORW,RW,1,Q,0,PTORW.O
185:PTRN,ES,1,Q,0,PTRN.O
185:PUBM,ES,1,Q,0,PUBM.O
185:PUI,CE,1,Q,0,PUI.O
185:PWP,ES,1,Q,0,PWP.O
185:PWRD,CE,1,Q,0,PWRD.O
185:PXI,CE,1,Q,0,PXI.O
185:PY,CE,1,Q,0,PY.O
185:PYPG,CE,1,Q,0,PYPG.O
185:PYPL,ES,1,Q,0,PYPL.O
185:PYXS,ES,1,Q,0,PYXS.O
185:PYZ,CE,1,Q,0,PYZ.O
185:PZZA,ES,1,Q,0,PZZA.O
185:QABA,CE,1,Q,0,QABA.O
185:QALT,CE,1,Q,0,QALT.O
185:QAT,CE,1,Q,0,QAT.O
185:QB,CE,1,Q,0,QB.O
185:QBIG,CE,1,Q,0,QBIG.O
185:QBTZ,CE,1,Q,0,QBTZ.O
185:QBUF,CE,1,Q,0,QBUF.O
185:QBY,CE,1,Q,0,QBY.O
185:QCLN,CE,1,Q,0,QCLN.O
185:QCLR,CE,1,Q,0,QCLR.O
185:QCMD,CE,1,Q,0,QCMD.O
185:QCML,CE,1,Q,0,QCML.O
185:QCMU,CE,1,Q,0,QCMU.O
185:QCOM,ES,1,Q,0,QCOM.O
185:QCRH,ES,1,Q,0,QCRH.O
185:QDEL,ES,1,Q,0,QDEL.O
185:QDTY,CE,1,Q,0,QDTY.O
185:QETA,ES,1,Q,0,QETA.O
185:QETAR,M,1,Q,0,QETAR.O
185:QETAU,EU,1,Q,0,QETAU.O
185:QEW,CE,1,Q,0,QEW.O
185:QFIN,ED,1,Q,0,QFIN.O
185:QGRD,CE,1,Q,0,QGRD.O
185:QH,ED,1,Q,0,QH.O
185:QHDG,CE,1,Q,0,QHDG.O
185:QLDY,CE,1,Q,0,QLDY.O
185:QLYS,ES,1,Q,0,QLYS.O
185:QMCO,ES,1,Q,0,QMCO.O
185:QMID,CE,1,Q,0,QMID.O
185:QMOM,CE,1,Q,0,QMOM.O
185:QNCX,ES,1,Q,0,QNCX.O
185:QNST,ES,1,Q,0,QNST.O
185:QNXT,CE,1,Q,0,QNXT.O
185:QOWZ,CE,1,Q,0,QOWZ.O
185:QPUX,CE,1,Q,0,QPUX.O
185:QQA,CE,1,Q,0,QQA.O
185:QQDN,CE,1,Q,0,QQDN.O
185:QQEW,CE,1,Q,0,QQEW.O
185:QQHG,CE,1,Q,0,QQHG.O
185:QQLV,CE,1,Q,0,QQLV.O
185:QQMG,CE,1,Q,0,QQMG.O
185:QQQ,CE,1,Q,1,QQQ.O
185:QQQA,CE,1,Q,0,QQQA.O
185:QQQE,CE,1,Q,0,QQQE.O
185:QQQG,CE,1,Q,0,QQQG.O
185:QQQH,CE,1,Q,0,QQQH.O
185:QQQI,CE,1,Q,0,QQQI.O
185:QQQJ,CE,1,Q,0,QQQJ.O
185:QQQM,CE,1,Q,0,QQQM.O
185:QQQP,CE,1,Q,0,QQQP.O
185:QQQS,CE,1,Q,0,QQQS.O
185:QQQT,CE,1,Q,0,QQQT.O
185:QQQX,ES,1,Q,0,QQQX.O
185:QQQY,CE,1,Q,0,QQQY.O
185:QQUP,CE,1,Q,0,QQUP.O
185:QQWZ,CE,1,Q,0,QQWZ.O
185:QQXL,CE,1,Q,0,QQXL.O
185:QQXT,CE,1,Q,0,QQXT.O
185:QRMI,CE,1,Q,0,QRMI.O
185:QRVO,ES,1,Q,0,QRVO.O
185:QS,ES,1,Q,0,QS.O
185:QSEA,ES,1,Q,0,QSEA.O
185:QSEAR,M,1,Q,0,QSEAR.O
185:QSEAU,EU,1,Q,0,QSEAU.O
185:QSI,ES,1,Q,0,QSI.O
185:QSIAW,RW,1,Q,0,QSIAW.O
185:QSIX,CE,1,Q,0,QSIX.O
185:QSML,CE,1,Q,0,QSML.O
185:QTEC,CE,1,Q,0,QTEC.O
185:QTOP,CE,1,Q,0,QTOP.O
185:QTR,CE,1,Q,0,QTR.O
185:QTRX,ES,1,Q,0,QTRX.O
185:QTUM,CE,1,Q,0,QTUM.O
185:QUMS,ES,1,Q,0,QUMS.O
185:QUMSR,M,1,Q,0,QUMSR.O
185:QUMSU,EU,1,Q,0,QUMSU.O
185:QURE,ES,1,Q,0,QURE.O
185:QVAL,CE,1,Q,0,QVAL.O
185:QXQ,CE,1,Q,0,QXQ.O
185:QYLD,CE,1,Q,0,QYLD.O
185:QYLG,CE,1,Q,0,QYLG.O
185:RAA,CE,1,Q,0,RAA.O
185:RAAQ,ES,1,Q,0,RAAQ.O
185:RAAQU,EU,1,Q,0,RAAQU.O
185:RAAQW,RW,1,Q,0,RAAQW.O
185:RAIL,ES,1,Q,0,RAIL.O
185:RANG,ES,1,Q,0,RANG.O
185:RANGR,M,1,Q,0,RANGR.O
185:RANGU,EU,1,Q,0,RANGU.O
185:RANI,ES,1,Q,0,RANI.O
185:RAPP,ES,1,Q,0,RAPP.O
185:RARE,ES,1,Q,0,RARE.O
185:RAUS,CE,1,Q,0,RAUS.O
185:RBB,ES,1,Q,0,RBB.O
185:RBBN,ES,1,Q,0,RBBN.O
185:RBCAA,ES,1,Q,0,RBCAA.O
185:RBIL,CE,1,Q,0,RBIL.O
185:RCAX,CE,1,Q,0,RCAX.O
185:RCGE,CE,1,Q,0,RCGE.O
185:RCKT,ES,1,Q,0,RCKT.O
185:RCKY,ES,1,Q,0,RCKY.O
185:RCMT,ES,1,Q,0,RCMT.O
185:RDAG,ES,1,Q,0,RDAG.O
185:RDAGU,EU,1,Q,0,RDAGU.O
185:RDAGW,RW,1,Q,0,RDAGW.O
185:RDNT,ES,1,Q,0,RDNT.O
185:RDTL,CE,1,Q,0,RDTL.O
185:RDTY,CE,1,Q,0,RDTY.O
185:RDVY,CE,1,Q,0,RDVY.O
185:RDWR,ES,1,Q,0,RDWR.O
185:RDZN,ES,1,Q,0,RDZN.O
185:REAI,CE,1,Q,0,REAI.O
185:REAL,ES,1,Q,0,REAL.O
185:REFI,ES,1,Q,0,REFI.O
185:REG,ES,1,Q,0,REG.O
185:REGCO,EP,1,Q,0,REGCO.O
185:REGCP,EP,1,Q,0,REGCP.O
185:REGN,ES,1,Q,0,REGN.O
185:REIT,CE,1,Q,0,REIT.O
185:RELL,ES,1,Q,0,RELL.O
185:RELY,ES,1,Q,0,RELY.O
185:REMG,CE,1,Q,0,REMG.O
185:RENT,ES,1,Q,0,RENT.O
185:REPL,ES,1,Q,0,REPL.O
185:REYN,ES,1,Q,0,REYN.O
185:RFAI,ES,1,Q,0,RFAI.O
185:RFAIR,M,1,Q,0,RFAIR.O
185:RFAIU,EU,1,Q,0,RFAIU.O
185:RFAM,ES,1,Q,0,RFAM.O
185:RFAMR,M,1,Q,0,RFAMR.O
185:RFAMU,EU,1,Q,0,RFAMU.O
185:RFDI,CE,1,Q,0,RFDI.O
185:RFEM,CE,1,Q,0,RFEM.O
185:RFIL,ES,1,Q,0,RFIL.O
185:RGCO,ES,1,Q,0,RGCO.O
185:RGEN,ES,1,Q,0,RGEN.O
185:RGLD,ES,1,Q,0,RGLD.O
185:RGLO,CE,1,Q,0,RGLO.O
185:RGNX,ES,1,Q,0,RGNX.O
185:RGP,ES,1,Q,0,RGP.O
185:RGS,ES,1,Q,0,RGS.O
185:RGTX,CE,1,Q,0,RGTX.O
185:RGTZ,CE,1,Q,0,RGTZ.O
185:RGYY,CE,1,Q,0,RGYY.O
185:RICK,ES,1,Q,0,RICK.O
185:RIFR,CE,1,Q,0,RIFR.O
185:RIGL,ES,1,Q,0,RIGL.O
185:RILY,ES,1,Q,0,RILY.O
185:RILYG,DB,1,Q,0,RILYG.O
185:RILYK,DB,1,Q,0,RILYK.O
185:RILYL,ER,1,Q,0,RILYL.O
185:RILYN,DB,1,Q,0,RILYN.O
185:RILYP,ER,1,Q,0,RILYP.O
185:RILYT,DB,1,Q,0,RILYT.O
185:RILYZ,DB,1,Q,0,RILYZ.O
185:RING,CE,1,Q,0,RING.O
185:RINT,CE,1,Q,0,RINT.O
185:RIVN,ES,1,Q,0,RIVN.O
185:RJET,ES,1,Q,0,RJET.O
185:RKLX,CE,1,Q,0,RKLX.O
185:RKLZ,CE,1,Q,0,RKLZ.O
185:RKNG,CE,1,Q,0,RKNG.O
185:RLAY,ES,1,Q,0,RLAY.O
185:RMBS,ES,1,Q,0,RMBS.O
185:RMNI,ES,1,Q,0,RMNI.O
185:RNA,ES,1,Q,0,RNA.O
185:RNAC,ES,1,Q,0,RNAC.O
185:RNEM,CE,1,Q,0,RNEM.O
185:RNGT,ES,1,Q,0,RNGT.O
185:RNGTU,EU,1,Q,0,RNGTU.O
185:RNGTW,RW,1,Q,0,RNGTW.O
185:RNIN,CE,1,Q,0,RNIN.O
185:RNRG,CE,1,Q,0,RNRG.O
185:RNW,ES,1,Q,0,RNW.O
185:RNWWW,RW,1,Q,0,RNWWW.O
185:ROAD,ES,1,Q,0,ROAD.O
185:ROBT,CE,1,Q,0,ROBT.O
185:ROCK,ES,1,Q,0,ROCK.O
185:ROE,CE,1,Q,0,ROE.O
185:ROIV,ES,1,Q,0,ROIV.O
185:ROKU,ES,1,Q,0,ROKU.O
185:ROOT,ES,1,Q,0,ROOT.O
185:ROP,ES,1,Q,0,ROP.O
185:ROST,ES,1,Q,0,ROST.O
185:RPD,ES,1,Q,0,RPD.O
185:RPRX,ES,1,Q,0,RPRX.O
185:RRBI,ES,1,Q,0,RRBI.O
185:RRGB,ES,1,Q,0,RRGB.O
185:RRR,ES,1,Q,0,RRR.O
185:RSVR,ES,1,Q,0,RSVR.O
185:RSVRW,RW,1,Q,0,RSVRW.O
185:RTAC,ES,1,Q,0,RTAC.O
185:RTACU,EU,1,Q,0,RTACU.O
185:RTACW,RW,1,Q,0,RTACW.O
185:RTH,CE,1,Q,0,RTH.O
185:RTXG,CE,1,Q,0,RTXG.O
185:RTYY,CE,1,Q,0,RTYY.O
185:RUM,ES,1,Q,0,RUM.O
185:RUMBW,RW,1,Q,0,RUMBW.O
185:RUN,ES,1,Q,0,RUN.O
185:RUNN,CE,1,Q,0,RUNN.O
185:RUSC,CE,1,Q,0,RUSC.O
185:RUSHA,ES,1,Q,0,RUSHA.O
185:RUSHB,ES,1,Q,0,RUSHB.O
185:RVMD,ES,1,Q,0,RVMD.O
185:RVMDW,RW,1,Q,0,RVMDW.O
185:RVNL,CE,1,Q,0,RVNL.O
185:RVSB,ES,1,Q,0,RVSB.O
185:RWAY,ES,1,Q,0,RWAY.O
185:RWAYI,DB,1,Q,0,RWAYI.O
185:RWAYL,DB,1,Q,0,RWAYL.O
185:RXRX,ES,1,Q,0,RXRX.O
185:RXST,ES,1,Q,0,RXST.O
185:RXT,ES,1,Q,0,RXT.O
185:RYAAY,ED,1,Q,0,RYAAY.O
185:RYTM,ES,1,Q,0,RYTM.O
185:RZLV,ES,1,Q,0,RZLV.O
185:SAAQU,EU,1,Q,0,SAAQU.O
185:SABR,ES,1,Q,0,SABR.O
185:SAFT,ES,1,Q,0,SAFT.O
185:SAIA,ES,1,Q,0,SAIA.O
185:SAIC,ES,1,Q,0,SAIC.O
185:SAIL,ES,1,Q,0,SAIL.O
185:SAMG,ES,1,Q,0,SAMG.O
185:SANA,ES,1,Q,0,SANA.O
185:SANG,ES,1,Q,0,SANG.O
185:SANM,ES,1,Q,0,SANM.O
185:SARK,CE,1,Q,0,SARK.O
185:SATA,EP,1,Q,0,SATA.O
185:SATG,CE,1,Q,0,SATG.O
185:SATS,ES,1,Q,0,SATS.O
185:SBAC,ES,1,Q,0,SBAC.O
185:SBC,ES,1,Q,0,SBC.O
185:SBCF,ES,1,Q,0,SBCF.O
185:SBGI,ES,1,Q,0,SBGI.O
185:SBLK,ES,1,Q,0,SBLK.O
185:SBRA,ES,1,Q,0,SBRA.O
185:SBU,CE,1,Q,0,SBU.O
185:SBUX,ES,1,Q,0,SBUX.O
185:SCAG,ED,1,Q,0,SCAG.O
185:SCDS,CE,1,Q,0,SCDS.O
185:SCHL,ES,1,Q,0,SCHL.O
185:SCII,ES,1,Q,0,SCII.O
185:SCIIR,M,1,Q,0,SCIIR.O
185:SCIIU,EU,1,Q,0,SCIIU.O
185:SCLS,CE,1,Q,0,SCLS.O
185:SCOR,ES,1,Q,0,SCOR.O
185:SCPQ,ES,1,Q,0,SCPQ.O
185:SCPQU,EU,1,Q,0,SCPQU.O
185:SCPQW,RW,1,Q,0,SCPQW.O
185:SCSC,ES,1,Q,0,SCSC.O
185:SCVL,ES,1,Q,0,SCVL.O
185:SCZ,CE,1,Q,0,SCZ.O
185:SDG,CE,1,Q,0,SDG.O
185:SDGR,ES,1,Q,0,SDGR.O
185:SDHI,ES,1,Q,0,SDHI.O
185:SDHIR,M,1,Q,0,SDHIR.O
185:SDHIU,EU,1,Q,0,SDHIU.O
185:SDSI,CE,1,Q,0,SDSI.O
185:SDTY,CE,1,Q,0,SDTY.O
185:SDVY,CE,1,Q,0,SDVY.O
185:SEAT,ES,1,Q,0,SEAT.O
185:SEATW,RW,1,Q,0,SEATW.O
185:SEDG,ES,1,Q,0,SEDG.O
185:SEEM,CE,1,Q,0,SEEM.O
185:SEER,ES,1,Q,0,SEER.O
185:SEGG,ES,1,Q,0,SEGG.O
185:SEIC,ES,1,Q,0,SEIC.O
185:SEIE,CE,1,Q,0,SEIE.O
185:SEIS,CE,1,Q,0,SEIS.O
185:SEMY,CE,1,Q,0,SEMY.O
185:SENEA,ES,1,Q,0,SENEA.O
185:SENEB,ES,1,Q,0,SENEB.O
185:SENS,ES,1,Q,0,SENS.O
185:SEPN,ES,1,Q,0,SEPN.O
185:SERA,ES,1,Q,0,SERA.O
185:SETM,CE,1,Q,0,SETM.O
185:SFD,ES,1,Q,0,SFD.O
185:SFIX,ES,1,Q,0,SFIX.O
185:SFLO,CE,1,Q,0,SFLO.O
185:SFM,ES,1,Q,0,SFM.O
185:SFNC,ES,1,Q,0,SFNC.O
185:SFST,ES,1,Q,0,SFST.O
185:SGA,ES,1,Q,0,SGA.O
185:SGC,ES,1,Q,0,SGC.O
185:SGHT,ES,1,Q,0,SGHT.O
185:SGMT,ES,1,Q,0,SGMT.O
185:SGP,ES,1,Q,0,SGP.O
185:SGRY,ES,1,Q,0,SGRY.O
185:SHBI,ES,1,Q,0,SHBI.O
185:SHC,ES,1,Q,0,SHC.O
185:SHEN,ES,1,Q,0,SHEN.O
185:SHLS,ES,1,Q,0,SHLS.O
185:SHMD,ES,1,Q,0,SHMD.O
185:SHOO,ES,1,Q,0,SHOO.O
185:SHOP,ES,1,Q,0,SHOP.O
185:SHPD,CE,1,Q,0,SHPD.O
185:SHPU,CE,1,Q,0,SHPU.O
185:SHRY,CE,1,Q,0,SHRY.O
185:SHY,CE,1,Q,0,SHY.O
185:SIBN,ES,1,Q,0,SIBN.O
185:SIGA,ES,1,Q,0,SIGA.O
185:SIGI,ES,1,Q,0,SIGI.O
185:SIGIP,ER,1,Q,0,SIGIP.O
185:SILC,ES,1,Q,0,SILC.O
185:SIMA,ES,1,Q,0,SIMA.O
185:SIMAU,EU,1,Q,0,SIMAU.O
185:SIMAW,RW,1,Q,0,SIMAW.O
185:SIMO,ED,1,Q,0,SIMO.O
185:SION,ES,1,Q,0,SION.O
185:SIRI,ES,1,Q,0,SIRI.O
185:SITM,ES,1,Q,0,SITM.O
185:SIXG,CE,1,Q,0,SIXG.O
185:SJCP,CE,1,Q,0,SJCP.O
185:SJLD,CE,1,Q,0,SJLD.O
185:SKAIU,EU,1,Q,0,SKAIU.O
185:SKOR,CE,1,Q,0,SKOR.O
185:SKRE,CE,1,Q,0,SKRE.O
185:SKWD,ES,1,Q,0,SKWD.O
185:SKYE,ES,1,Q,0,SKYE.O
185:SKYU,CE,1,Q,0,SKYU.O
185:SKYW,ES,1,Q,0,SKYW.O
185:SKYY,CE,1,Q,0,SKYY.O
185:SLAB,ES,1,Q,0,SLAB.O
185:SLDB,ES,1,Q,0,SLDB.O
185:SLDE,ES,1,Q,0,SLDE.O
185:SLDP,ES,1,Q,0,SLDP.O
185:SLDPW,RW,1,Q,0,SLDPW.O
185:SLM,ES,1,Q,0,SLM.O
185:SLMBP,EP,1,Q,0,SLMBP.O
185:SLN,ED,1,Q,0,SLN.O
185:SLP,ES,1,Q,0,SLP.O
185:SLQD,CE,1,Q,0,SLQD.O
185:SLRC,ES,1,Q,0,SLRC.O
185:SLVO,CE,1,Q,0,SLVO.O
185:SLVR,CE,1,Q,0,SLVR.O
185:SMBC,ES,1,Q,0,SMBC.O
185:SMCF,CE,1,Q,0,SMCF.O
185:SMCI,ES,1,Q,0,SMCI.O
185:SMCL,CE,1,Q,0,SMCL.O
185:SMCO,CE,1,Q,0,SMCO.O
185:SMCX,CE,1,Q,0,SMCX.O
185:SMCZ,CE,1,Q,0,SMCZ.O
185:SMH,CE,1,Q,0,SMH.O
185:SMHX,CE,1,Q,0,SMHX.O
185:SMMT,ES,1,Q,0,SMMT.O
185:SMOM,CE,1,Q,0,SMOM.O
185:SMRI,CE,1,Q,0,SMRI.O
185:SMST,CE,1,Q,0,SMST.O
185:SMTC,ES,1,Q,0,SMTC.O
185:SMYY,CE,1,Q,0,SMYY.O
185:SNAG,CE,1,Q,0,SNAG.O
185:SNBR,ES,1,Q,0,SNBR.O
185:SNCY,ES,1,Q,0,SNCY.O
185:SND,ES,1,Q,0,SND.O
185:SNDK,ES,1,Q,0,SNDK.O
185:SNDX,ES,1,Q,0,SNDX.O
185:SNEX,ES,1,Q,0,SNEX.O
185:SNFCA,ES,1,Q,0,SNFCA.O
185:SNPS,ES,1,Q,0,SNPS.O
185:SNSR,CE,1,Q,0,SNSR.O
185:SNT,ES,1,Q,0,SNT.O
185:SNWV,ES,1,Q,0,SNWV.O
185:SNY,ED,1,Q,0,SNY.O
185:SOCA,ES,1,Q,0,SOCA.O
185:SOCAU,EU,1,Q,0,SOCAU.O
185:SOCAW,RW,1,Q,0,SOCAW.O
185:SOCL,CE,1,Q,0,SOCL.O
185:SOFA,CE,1,Q,0,SOFA.O
185:SOFI,ES,1,Q,0,SOFI.O
185:SOFX,CE,1,Q,0,SOFX.O
185:SOHOB,EP,1,Q,0,SOHOB.O
185:SOHON,EP,1,Q,0,SOHON.O
185:SOHOO,EP,1,Q,0,SOHOO.O
185:SOHU,ED,1,Q,0,SOHU.O
185:SOLC,CE,1,Q,0,SOLC.O
185:SOLS,ES,1,Q,0,SOLS.O
185:SOLT,CE,1,Q,0,SOLT.O
185:SOLZ,CE,1,Q,0,SOLZ.O
185:SONO,ES,1,Q,0,SONO.O
185:SOPH,ES,1,Q,0,SOPH.O
185:SORN,ES,1,Q,0,SORN.O
185:SORNU,EU,1,Q,0,SORNU.O
185:SORNW,RW,1,Q,0,SORNW.O
185:SOUN,ES,1,Q,0,SOUN.O
185:SOUNW,RW,1,Q,0,SOUNW.O
185:SOUX,CE,1,Q,0,SOUX.O
185:SOXQ,CE,1,Q,0,SOXQ.O
185:SOXX,CE,1,Q,0,SOXX.O
185:SPAM,CE,1,Q,0,SPAM.O
185:SPAQ,CE,1,Q,0,SPAQ.O
185:SPBC,CE,1,Q,0,SPBC.O
185:SPCT,CE,1,Q,0,SPCT.O
185:SPCX,CE,1,Q,0,SPCX.O
185:SPEG,ES,1,Q,0,SPEG.O
185:SPEGR,M,1,Q,0,SPEGR.O
185:SPEGU,EU,1,Q,0,SPEGU.O
185:SPFI,ES,1,Q,0,SPFI.O
185:SPIT,CE,1,Q,0,SPIT.O
185:SPKL,ES,1,Q,0,SPKL.O
185:SPKLU,EU,1,Q,0,SPKLU.O
185:SPKLW,RW,1,Q,0,SPKLW.O
185:SPOG,CE,1,Q,0,SPOG.O
185:SPOK,ES,1,Q,0,SPOK.O
185:SPRO,ES,1,Q,0,SPRO.O
185:SPRX,CE,1,Q,0,SPRX.O
185:SPRY,ES,1,Q,0,SPRY.O
185:SPSC,ES,1,Q,0,SPSC.O
185:SPWH,ES,1,Q,0,SPWH.O
185:SPWR,ES,1,Q,0,SPWR.O
185:SPXD,CE,1,Q,0,SPXD.O
185:SPYQ,CE,1,Q,1,SPYQ.O
185:SQLV,CE,1,Q,0,SQLV.O
185:SQQQ,CE,1,Q,0,SQQQ.O
185:SQS,CE,1,Q,0,SQS.O
185:SRAD,ES,1,Q,0,SRAD.O
185:SRCE,ES,1,Q,0,SRCE.O
185:SRET,CE,1,Q,0,SRET.O
185:SRPT,ES,1,Q,0,SRPT.O
185:SRRK,ES,1,Q,0,SRRK.O
185:SSAC,ES,1,Q,0,SSAC.O
185:SSACR,M,1,Q,0,SSACR.O
185:SSACU,EU,1,Q,0,SSACU.O
185:SSACW,RW,1,Q,0,SSACW.O
185:SSBI,ES,1,Q,0,SSBI.O
185:SSNC,ES,1,Q,0,SSNC.O
185:SSP,ES,1,Q,0,SSP.O
185:SSRM,ES,1,Q,0,SSRM.O
185:SSS,CE,1,Q,0,SSS.O
185:SSSS,ES,1,Q,0,SSSS.O
185:SSSSL,DB,1,Q,0,SSSSL.O
185:SSYS,ES,1,Q,0,SSYS.O
185:STAA,ES,1,Q,0,STAA.O
185:STBA,ES,1,Q,0,STBA.O
185:STEP,ES,1,Q,0,STEP.O
185:STGW,ES,1,Q,0,STGW.O
185:STHO,ES,1,Q,0,STHO.O
185:STIM,ES,1,Q,0,STIM.O
185:STKE,ES,1,Q,0,STKE.O
185:STKL,ES,1,Q,0,STKL.O
185:STLD,ES,1,Q,0,STLD.O
185:STNC,CE,1,Q,0,STNC.O
185:STNE,ES,1,Q,0,STNE.O
185:STOK,ES,1,Q,0,STOK.O
185:STRA,ES,1,Q,0,STRA.O
185:STRC,EP,1,Q,0,STRC.O
185:STRD,EP,1,Q,0,STRD.O
185:STRF,EP,1,Q,0,STRF.O
185:STRK,EP,1,Q,0,STRK.O
185:STRL,ES,1,Q,0,STRL.O
185:STRO,ES,1,Q,0,STRO.O
185:STRR,ES,1,Q,0,STRR.O
185:STRRP,EP,1,Q,0,STRRP.O
185:STRS,ES,1,Q,0,STRS.O
185:STRT,ES,1,Q,0,STRT.O
185:STRZ,ES,1,Q,0,STRZ.O
185:STTK,ES,1,Q,0,STTK.O
185:STX,ES,1,Q,0,STX.O
185:SUIS,CE,1,Q,0,SUIS.O
185:SUMAU,EU,1,Q,0,SUMAU.O
185:SUPN,ES,1,Q,0,SUPN.O
185:SUPP,CE,1,Q,0,SUPP.O
185:SUSB,CE,1,Q,0,SUSB.O
185:SUSC,CE,1,Q,0,SUSC.O
185:SUSL,CE,1,Q,0,SUSL.O
185:SUUN,ES,1,Q,0,SUUN.O
185:SVA,ES,1,Q,0,SVA.O
185:SVAC,ES,1,Q,0,SVAC.O
185:SVACU,EU,1,Q,0,SVACU.O
185:SVACW,RW,1,Q,0,SVACW.O
185:SVAQ,ES,1,Q,0,SVAQ.O
185:SVAQU,EU,1,Q,0,SVAQU.O
185:SVAQW,RW,1,Q,0,SVAQW.O
185:SVC,ES,1,Q,0,SVC.O
185:SVCC,ES,1,Q,0,SVCC.O
185:SVCCU,EU,1,Q,0,SVCCU.O
185:SVCCW,RW,1,Q,0,SVCCW.O
185:SVCO,ES,1,Q,0,SVCO.O
185:SVIV,ES,1,Q,0,SVIV.O
185:SVIVU,EU,1,Q,0,SVIVU.O
185:SVIVW,RW,1,Q,0,SVIVW.O
185:SVRA,ES,1,Q,0,SVRA.O
185:SWBI,ES,1,Q,0,SWBI.O
185:SWIM,ES,1,Q,0,SWIM.O
185:SWKH,ES,1,Q,0,SWKH.O
185:SWKHL,DB,1,Q,0,SWKHL.O
185:SWKS,ES,1,Q,0,SWKS.O
185:SWP,CE,1,Q,0,SWP.O
185:SYBT,ES,1,Q,0,SYBT.O
185:SYM,ES,1,Q,0,SYM.O
185:SYNA,ES,1,Q,0,SYNA.O
185:SYPR,ES,1,Q,0,SYPR.O
185:SYRE,ES,1,Q,0,SYRE.O
185:SYZ,CE,1,Q,0,SYZ.O
185:SZZL,ES,1,Q,0,SZZL.O
185:SZZLR,M,1,Q,0,SZZLR.O
185:SZZLU,EU,1,Q,0,SZZLU.O
185:TACH,ES,1,Q,0,TACH.O
185:TACHU,EU,1,Q,0,TACHU.O
185:TACHW,RW,1,Q,0,TACHW.O
185:TACO,ES,1,Q,0,TACO.O
185:TACOU,EU,1,Q,0,TACOU.O
185:TACOW,RW,1,Q,0,TACOW.O
185:TACT,ES,1,Q,0,TACT.O
185:TARA,ES,1,Q,0,TARA.O
185:TARK,CE,1,Q,0,TARK.O
185:TARS,ES,1,Q,0,TARS.O
185:TASK,ES,1,Q,0,TASK.O
185:TATT,ES,1,Q,0,TATT.O
185:TAVI,ES,1,Q,0,TAVI.O
185:TAVIR,M,1,Q,0,TAVIR.O
185:TAVIU,EU,1,Q,0,TAVIU.O
185:TAX,CE,1,Q,0,TAX.O
185:TAXE,CE,1,Q,0,TAXE.O
185:TAXI,CE,1,Q,0,TAXI.O
185:TAXS,CE,1,Q,0,TAXS.O
185:TAXT,CE,1,Q,0,TAXT.O
185:TBBK,ES,1,Q,0,TBBK.O
185:TBCH,ES,1,Q,0,TBCH.O
185:TBHC,ES,1,Q,0,TBHC.O
185:TBIL,CE,1,Q,0,TBIL.O
185:TBLA,ES,1,Q,0,TBLA.O
185:TBLAW,RW,1,Q,0,TBLAW.O
185:TBLD,ES,1,Q,0,TBLD.O
185:TBMC,ES,1,Q,0,TBMC.O
185:TBMCR,M,1,Q,0,TBMCR.O
185:TBPH,ES,1,Q,0,TBPH.O
185:TBRG,ES,1,Q,0,TBRG.O
185:TCBI,ES,1,Q,0,TCBI.O
185:TCBIO,ER,1,Q,0,TCBIO.O
185:TCBK,ES,1,Q,0,TCBK.O
185:TCHI,CE,1,Q,0,TCHI.O
185:TCMD,ES,1,Q,0,TCMD.O
185:TCOM,ED,1,Q,0,TCOM.O
185:TCPC,ES,1,Q,0,TCPC.O
185:TCRX,ES,1,Q,0,TCRX.O
185:TDAC,ES,1,Q,0,TDAC.O
185:TDACU,EU,1,Q,0,TDACU.O
185:TDACW,RW,1,Q,0,TDACW.O
185:TDI,CE,1,Q,0,TDI.O
185:TDIV,CE,1,Q,0,TDIV.O
185:TDOG,CE,1,Q,0,TDOG.O
185:TDOT,CE,1,Q,0,TDOT.O
185:TDSB,CE,1,Q,0,TDSB.O
185:TDSC,CE,1,Q,0,TDSC.O
185:TDUP,ES,1,Q,0,TDUP.O
185:TDWD,ES,1,Q,0,TDWD.O
185:TDWDR,M,1,Q,0,TDWDR.O
185:TDWDU,EU,1,Q,0,TDWDU.O
185:TEAD,ES,1,Q,0,TEAD.O
185:TEAM,ES,1,Q,0,TEAM.O
185:TECH,ES,1,Q,0,TECH.O
185:TECX,ES,1,Q,0,TECX.O
185:TEKX,CE,1,Q,0,TEKX.O
185:TEKY,CE,1,Q,0,TEKY.O
185:TELA,ES,1,Q,0,TELA.O
185:TEM,ES,1,Q,0,TEM.O
185:TENB,ES,1,Q,0,TENB.O
185:TER,ES,1,Q,0,TER.O
185:TERG,CE,1,Q,0,TERG.O
185:TERN,ES,1,Q,0,TERN.O
185:TEXN,CE,1,Q,0,TEXN.O
185:TEXX,CE,1,Q,0,TEXX.O
185:TFNS,CE,1,Q,0,TFNS.O
185:TFSL,ES,1,Q,0,TFSL.O
185:THFF,ES,1,Q,0,THFF.O
185:THMZ,CE,1,Q,0,THMZ.O
185:THRM,ES,1,Q,0,THRM.O
185:THRV,CE,1,Q,0,THRV.O
185:THYM,CE,1,Q,0,THYM.O
185:TIGO,ES,1,Q,0,TIGO.O
185:TIGR,ED,1,Q,0,TIGR.O
185:TILE,ES,1,Q,0,TILE.O
185:TITN,ES,1,Q,0,TITN.O
185:TKNO,ES,1,Q,0,TKNO.O
185:TLA,CE,1,Q,0,TLA.O
185:TLG,CE,1,Q,0,TLG.O
185:TLN,ES,1,Q,0,TLN.O
185:TLNC,ES,1,Q,0,TLNC.O
185:TLNCU,EU,1,Q,0,TLNCU.O
185:TLNCW,RW,1,Q,0,TLNCW.O
185:TLRY,ES,1,Q,0,TLRY.O
185:TLS,ES,1,Q,0,TLS.O
185:TLSI,ES,1,Q,0,TLSI.O
185:TLSIW,RW,1,Q,0,TLSIW.O
185:TLT,CE,1,Q,0,TLT.O
185:TLX,ED,1,Q,0,TLX.O
185:TMB,CE,1,Q,0,TMB.O
185:TMC,ES,1,Q,0,TMC.O
185:TMCI,ES,1,Q,0,TMCI.O
185:TMCWW,RW,1,Q,0,TMCWW.O
185:TMDX,ES,1,Q,0,TMDX.O
185:TMED,CE,1,Q,0,TMED.O
185:TMET,CE,1,Q,0,TMET.O
185:TMNL,CE,1,Q,0,TMNL.O
185:TMNS,CE,1,Q,0,TMNS.O
185:TMSF,CE,1,Q,0,TMSF.O
185:TMTSU,EU,1,Q,0,TMTSU.O
185:TMUS,ES,1,Q,0,TMUS.O
185:TMUSI,DB,1,Q,0,TMUSI.O
185:TMUSL,DB,1,Q,0,TMUSL.O
185:TMUSZ,DB,1,Q,0,TMUSZ.O
185:TNDM,ES,1,Q,0,TNDM.O
185:TNGX,ES,1,Q,0,TNGX.O
185:TNXP,ES,1,Q,0,TNXP.O
185:TNXT,CE,1,Q,0,TNXT.O
185:TNYA,ES,1,Q,0,TNYA.O
185:TOWN,ES,1,Q,0,TOWN.O
185:TPG,ES,1,Q,0,TPG.O
185:TPGXL,DB,1,Q,0,TPGXL.O
185:TPLS,CE,1,Q,0,TPLS.O
185:TQQQ,CE,1,Q,0,TQQQ.O
185:TQQY,CE,1,Q,0,TQQY.O
185:TRBF,CE,1,Q,0,TRBF.O
185:TRDA,ES,1,Q,0,TRDA.O
185:TREE,ES,1,Q,0,TREE.O
185:TRGSU,EU,1,Q,0,TRGSU.O
185:TRI,ES,1,Q,0,TRI.O
185:TRIB,ED,1,Q,0,TRIB.O
185:TRIN,ES,1,Q,0,TRIN.O
185:TRINI,DB,1,Q,0,TRINI.O
185:TRINZ,DB,1,Q,0,TRINZ.O
185:TRIP,ES,1,Q,0,TRIP.O
185:TRMB,ES,1,Q,0,TRMB.O
185:TRMD,ES,1,Q,0,TRMD.O
185:TRMK,ES,1,Q,0,TRMK.O
185:TRNS,ES,1,Q,0,TRNS.O
185:TROW,ES,1,Q,0,TROW.O
185:TRS,ES,1,Q,0,TRS.O
185:TRST,ES,1,Q,0,TRST.O
185:TRUC,CE,1,Q,0,TRUC.O
185:TRUD,CE,1,Q,0,TRUD.O
185:TRUP,ES,1,Q,0,TRUP.O
185:TRUT,CE,1,Q,0,TRUT.O
185:TRVG,ED,1,Q,0,TRVG.O
185:TRVI,ES,1,Q,0,TRVI.O
185:TSAT,ES,1,Q,0,TSAT.O
185:TSBK,ES,1,Q,0,TSBK.O
185:TSCM,CE,1,Q,0,TSCM.O
185:TSCO,ES,1,Q,0,TSCO.O
185:TSDD,CE,1,Q,0,TSDD.O
185:TSEL,CE,1,Q,0,TSEL.O
185:TSEM,ES,1,Q,0,TSEM.O
185:TSHA,ES,1,Q,0,TSHA.O
185:TSL,CE,1,Q,0,TSL.O
185:TSLA,ES,1,Q,0,TSLA.O
185:TSLG,CE,1,Q,0,TSLG.O
185:TSLL,CE,1,Q,0,TSLL.O
185:TSLQ,CE,1,Q,0,TSLQ.O
185:TSLR,CE,1,Q,0,TSLR.O
185:TSLS,CE,1,Q,0,TSLS.O
185:TSMG,CE,1,Q,0,TSMG.O
185:TSMU,CE,1,Q,0,TSMU.O
185:TSMX,CE,1,Q,0,TSMX.O
185:TSMZ,CE,1,Q,0,TSMZ.O
185:TSPY,CE,1,Q,0,TSPY.O
185:TSUI,CE,1,Q,0,TSUI.O
185:TSYX,CE,1,Q,0,TSYX.O
185:TSYY,CE,1,Q,0,TSYY.O
185:TTAN,ES,1,Q,0,TTAN.O
185:TTD,ES,1,Q,0,TTD.O
185:TTEC,ES,1,Q,0,TTEC.O
185:TTEK,ES,1,Q,0,TTEK.O
185:TTEQ,CE,1,Q,0,TTEQ.O
185:TTGT,ES,1,Q,0,TTGT.O
185:TTMI,ES,1,Q,0,TTMI.O
185:TTRX,ES,1,Q,0,TTRX.O
185:TTWO,ES,1,Q,0,TTWO.O
185:TUG,CE,1,Q,0,TUG.O
185:TUGN,CE,1,Q,0,TUGN.O
185:TUR,CE,1,Q,0,TUR.O
185:TURF,CE,1,Q,0,TURF.O
185:TUSK,ES,1,Q,0,TUSK.O
185:TVA,ES,1,Q,0,TVA.O
185:TVACU,EU,1,Q,0,TVACU.O
185:TVACW,RW,1,Q,0,TVACW.O
185:TVAI,ES,1,Q,0,TVAI.O
185:TVAIR,M,1,Q,0,TVAIR.O
185:TVAIU,EU,1,Q,0,TVAIU.O
185:TVGN,ES,1,Q,0,TVGN.O
185:TVTX,ES,1,Q,0,TVTX.O
185:TW,ES,1,Q,0,TW.O
185:TWFG,ES,1,Q,0,TWFG.O
185:TWIN,ES,1,Q,0,TWIN.O
185:TWLV,ES,1,Q,0,TWLV.O
185:TWLVR,M,1,Q,0,TWLVR.O
185:TWLVU,EU,1,Q,0,TWLVU.O
185:TWST,ES,1,Q,0,TWST.O
185:TXG,ES,1,Q,0,TXG.O
185:TXMD,ES,1,Q,0,TXMD.O
185:TXN,ES,1,Q,0,TXN.O
185:TXRH,ES,1,Q,0,TXRH.O
185:TXUE,CE,1,Q,0,TXUE.O
185:TXUG,CE,1,Q,0,TXUG.O
185:TXXD,CE,1,Q,0,TXXD.O
185:TXXS,CE,1,Q,0,TXXS.O
185:TYRA,ES,1,Q,0,TYRA.O
185:TZOO,ES,1,Q,0,TZOO.O
185:UAE,CE,1,Q,0,UAE.O
185:UAL,ES,1,Q,0,UAL.O
185:UBFO,ES,1,Q,0,UBFO.O
185:UBND,CE,1,Q,0,UBND.O
185:UBRL,CE,1,Q,0,UBRL.O
185:UBSI,ES,1,Q,0,UBSI.O
185:UCL,ED,1,Q,0,UCL.O
185:UCRD,CE,1,Q,0,UCRD.O
185:UCTT,ES,1,Q,0,UCTT.O
185:UCYB,CE,1,Q,0,UCYB.O
185:UDMY,ES,1,Q,0,UDMY.O
185:UECG,CE,1,Q,0,UECG.O
185:UEIC,ES,1,Q,0,UEIC.O
185:UEVM,CE,1,Q,0,UEVM.O
185:UFCS,ES,1,Q,0,UFCS.O
185:UFIV,CE,1,Q,0,UFIV.O
185:UFO,CE,1,Q,0,UFO.O
185:UFPI,ES,1,Q,0,UFPI.O
185:UG,ES,1,Q,0,UG.O
185:UHG,ES,1,Q,0,UHG.O
185:UITB,CE,1,Q,0,UITB.O
185:UIVM,CE,1,Q,0,UIVM.O
185:ULBI,ES,1,Q,0,ULBI.O
185:ULCC,ES,1,Q,0,ULCC.O
185:ULH,ES,1,Q,0,ULH.O
185:ULTA,ES,1,Q,0,ULTA.O
185:ULTI,CE,1,Q,0,ULTI.O
185:ULVM,CE,1,Q,0,ULVM.O
185:UMBF,ES,1,Q,0,UMBF.O
185:UMBFO,ER,1,Q,0,UMBFO.O
185:UMMA,CE,1,Q,0,UMMA.O
185:UNB,ES,1,Q,0,UNB.O
185:UNHG,CE,1,Q,0,UNHG.O
185:UNIT,ES,1,Q,0,UNIT.O
185:UNIY,CE,1,Q,0,UNIY.O
185:UNTY,ES,1,Q,0,UNTY.O
185:UPB,ES,1,Q,0,UPB.O
185:UPBD,ES,1,Q,0,UPBD.O
185:UPGR,CE,1,Q,0,UPGR.O
185:UPLD,ES,1,Q,0,UPLD.O
185:UPSG,CE,1,Q,0,UPSG.O
185:UPST,ES,1,Q,0,UPST.O
185:UPWK,ES,1,Q,0,UPWK.O
185:URBN,ES,1,Q,0,URBN.O
185:URGN,ES,1,Q,0,URGN.O
185:URNJ,CE,1,Q,0,URNJ.O
185:USAF,CE,1,Q,0,USAF.O
185:USAR,ES,1,Q,0,USAR.O
185:USCB,ES,1,Q,0,USCB.O
185:USCL,CE,1,Q,0,USCL.O
185:USDX,CE,1,Q,0,USDX.O
185:USFI,CE,1,Q,0,USFI.O
185:USGG,CE,1,Q,0,USGG.O
185:USIG,CE,1,Q,0,USIG.O
185:USIN,CE,1,Q,0,USIN.O
185:USIO,ES,1,Q,0,USIO.O
185:USLM,ES,1,Q,0,USLM.O
185:USMC,CE,1,Q,0,USMC.O
185:USOI,CE,1,Q,0,USOI.O
185:USOY,CE,1,Q,0,USOY.O
185:USRD,CE,1,Q,0,USRD.O
185:USSH,CE,1,Q,0,USSH.O
185:USTB,CE,1,Q,0,USTB.O
185:USVM,CE,1,Q,0,USVM.O
185:USVN,CE,1,Q,0,USVN.O
185:USXF,CE,1,Q,0,USXF.O
185:UTEN,CE,1,Q,0,UTEN.O
185:UTHR,ES,1,Q,0,UTHR.O
185:UTHY,CE,1,Q,0,UTHY.O
185:UTMD,ES,1,Q,0,UTMD.O
185:UTRE,CE,1,Q,0,UTRE.O
185:UTSI,ES,1,Q,0,UTSI.O
185:UTWO,CE,1,Q,0,UTWO.O
185:UTWY,CE,1,Q,0,UTWY.O
185:UUUG,CE,1,Q,0,UUUG.O
185:UVSP,ES,1,Q,0,UVSP.O
185:UXIN,ED,1,Q,0,UXIN.O
185:UYLD,CE,1,Q,0,UYLD.O
185:VACH,ES,1,Q,0,VACH.O
185:VACHU,EU,1,Q,0,VACHU.O
185:VACHW,RW,1,Q,0,VACHW.O
185:VALG,CE,1,Q,0,VALG.O
185:VALN,ED,1,Q,0,VALN.O
185:VAVX,CE,1,Q,0,VAVX.O
185:VBIL,CE,1,Q,0,VBIL.O
185:VBNK,ES,1,Q,0,VBNK.O
185:VC,ES,1,Q,0,VC.O
185:VCEL,ES,1,Q,0,VCEL.O
185:VCIC,ES,1,Q,0,VCIC.O
185:VCICU,EU,1,Q,0,VCICU.O
185:VCICW,RW,1,Q,0,VCICW.O
185:VCIT,CE,1,Q,0,VCIT.O
185:VCLT,CE,1,Q,0,VCLT.O
185:VCRB,CE,1,Q,0,VCRB.O
185:VCSH,CE,1,Q,0,VCSH.O
185:VCTR,ES,1,Q,0,VCTR.O
185:VCYT,ES,1,Q,0,VCYT.O
185:VECO,ES,1,Q,0,VECO.O
185:VEEA,ES,1,Q,0,VEEA.O
185:VEON,ED,1,Q,0,VEON.O
185:VERA,ES,1,Q,0,VERA.O
185:VERI,ES,1,Q,0,VERI.O
185:VERX,ES,1,Q,0,VERX.O
185:VFLO,CE,1,Q,0,VFLO.O
185:VFS,ES,1,Q,0,VFS.O
185:VGIT,CE,1,Q,0,VGIT.O
185:VGLT,CE,1,Q,0,VGLT.O
185:VGSH,CE,1,Q,0,VGSH.O
185:VGSR,CE,1,Q,0,VGSR.O
185:VGUS,CE,1,Q,0,VGUS.O
185:VHCP,ES,1,Q,0,VHCP.O
185:VHCPU,EU,1,Q,0,VHCPU.O
185:VHCPW,RW,1,Q,0,VHCPW.O
185:VHUB,ES,1,Q,0,VHUB.O
185:VIASP,EP,1,Q,0,VIASP.O
185:VIAV,ES,1,Q,0,VIAV.O
185:VICR,ES,1,Q,0,VICR.O
185:VIGI,CE,1,Q,0,VIGI.O
185:VINP,ES,1,Q,0,VINP.O
185:VIOT,ED,1,Q,0,VIOT.O
185:VIR,ES,1,Q,0,VIR.O
185:VIRC,ES,1,Q,0,VIRC.O
185:VISN,ES,1,Q,0,VISN.O
185:VITL,ES,1,Q,0,VITL.O
185:VLGEA,ES,1,Q,0,VLGEA.O
185:VLY,ES,1,Q,0,VLY.O
185:VLYPN,EP,1,Q,0,VLYPN.O
185:VLYPO,EP,1,Q,0,VLYPO.O
185:VLYPP,EP,1,Q,0,VLYPP.O
185:VMBS,CE,1,Q,0,VMBS.O
185:VNDA,ES,1,Q,0,VNDA.O
185:VNET,ED,1,Q,0,VNET.O
185:VNME,ES,1,Q,0,VNME.O
185:VNMEU,EU,1,Q,0,VNMEU.O
185:VNMEW,RW,1,Q,0,VNMEW.O
185:VNOM,ES,1,Q,0,VNOM.O
185:VNQI,CE,1,Q,0,VNQI.O
185:VOD,ED,1,Q,0,VOD.O
185:VOLT,CE,1,Q,0,VOLT.O
185:VONE,CE,1,Q,0,VONE.O
185:VONG,CE,1,Q,0,VONG.O
185:VONV,CE,1,Q,0,VONV.O
185:VOR,ES,1,Q,0,VOR.O
185:VOTE,CE,1,Q,0,VOTE.O
185:VPLS,CE,1,Q,0,VPLS.O
185:VRA,ES,1,Q,0,VRA.O
185:VREX,ES,1,Q,0,VREX.O
185:VRIG,CE,1,Q,0,VRIG.O
185:VRM,ES,1,Q,0,VRM.O
185:VRNS,ES,1,Q,0,VRNS.O
185:VRSK,ES,1,Q,0,VRSK.O
185:VRSN,ES,1,Q,0,VRSN.O
185:VRTL,CE,1,Q,0,VRTL.O
185:VRTX,ES,1,Q,0,VRTX.O
185:VSAT,ES,1,Q,0,VSAT.O
185:VSDA,CE,1,Q,0,VSDA.O
185:VSEC,ES,1,Q,0,VSEC.O
185:VSECU,EU,1,Q,0,VSECU.O
185:VSMV,CE,1,Q,0,VSMV.O
185:VSNT,ES,1,Q,0,VSNT.O
185:VSOL,CE,1,Q,0,VSOL.O
185:VSTL,CE,1,Q,0,VSTL.O
185:VTC,CE,1,Q,0,VTC.O
185:VTHR,CE,1,Q,0,VTHR.O
185:VTIP,CE,1,Q,0,VTIP.O
185:VTIX,ES,1,Q,0,VTIX.O
185:VTRS,ES,1,Q,0,VTRS.O
185:VTWG,CE,1,Q,0,VTWG.O
185:VTWO,CE,1,Q,0,VTWO.O
185:VTWV,CE,1,Q,0,VTWV.O
185:VWAV,ES,1,Q,0,VWAV.O
185:VWOB,CE,1,Q,0,VWOB.O
185:VXUS,CE,1,Q,0,VXUS.O
185:VYGR,ES,1,Q,0,VYGR.O
185:VYMI,CE,1,Q,0,VYMI.O
185:WABC,ES,1,Q,0,WABC.O
185:WABF,CE,1,Q,0,WABF.O
185:WAFD,ES,1,Q,0,WAFD.O
185:WAFDP,ER,1,Q,0,WAFDP.O
185:WAMA,CE,1,Q,0,WAMA.O
185:WASH,ES,1,Q,0,WASH.O
185:WAY,ES,1,Q,0,WAY.O
185:WB,ED,1,Q,0,WB.O
185:WBD,ES,1,Q,0,WBD.O
185:WBTN,ES,1,Q,0,WBTN.O
185:WCBR,CE,1,Q,0,WCBR.O
185:WCLD,CE,1,Q,0,WCLD.O
185:WDAF,CE,1,Q,0,WDAF.O
185:WDAY,ES,1,Q,0,WDAY.O
185:WDC,ES,1,Q,0,WDC.O
185:WDFC,ES,1,Q,0,WDFC.O
185:WDGF,CE,1,Q,0,WDGF.O
185:WEEI,CE,1,Q,0,WEEI.O
185:WEN,ES,1,Q,0,WEN.O
185:WENN,ES,1,Q,0,WENN.O
185:WENNU,EU,1,Q,0,WENNU.O
185:WENNW,RW,1,Q,0,WENNW.O
185:WERN,ES,1,Q,0,WERN.O
185:WEST,ES,1,Q,0,WEST.O
185:WEYS,ES,1,Q,0,WEYS.O
185:WFRD,ES,1,Q,0,WFRD.O
185:WGMI,CE,1,Q,0,WGMI.O
185:WGS,ES,1,Q,0,WGS.O
185:WGSWW,RW,1,Q,0,WGSWW.O
185:WHF,ES,1,Q,0,WHF.O
185:WHFCL,DB,1,Q,0,WHFCL.O
185:WIMA,CE,1,Q,0,WIMA.O
185:WIMI,ES,1,Q,0,WIMI.O
185:WINA,ES,1,Q,0,WINA.O
185:WING,ES,1,Q,0,WING.O
185:WISE,CE,1,Q,0,WISE.O
185:WIX,ES,1,Q,0,WIX.O
185:WKEY,ED,1,Q,0,WKEY.O
185:WLAC,ES,1,Q,0,WLAC.O
185:WLACU,EU,1,Q,0,WLACU.O
185:WLACW,RW,1,Q,0,WLACW.O
185:WLDN,ES,1,Q,0,WLDN.O
185:WLFC,ES,1,Q,0,WLFC.O
185:WLIIU,EU,1,Q,0,WLIIU.O
185:WLTH,ES,1,Q,0,WLTH.O
185:WMG,ES,1,Q,0,WMG.O
185:WMT,ES,1,Q,0,WMT.O
185:WNEB,ES,1,Q,0,WNEB.O
185:WOOD,CE,1,Q,0,WOOD.O
185:WOOF,ES,1,Q,0,WOOF.O
185:WPRT,ES,1,Q,0,WPRT.O
185:WRD,ED,1,Q,0,WRD.O
185:WRLD,ES,1,Q,0,WRLD.O
185:WRND,CE,1,Q,0,WRND.O
185:WSBC,ES,1,Q,0,WSBC.O
185:WSBCO,ER,1,Q,0,WSBCO.O
185:WSBF,ES,1,Q,0,WSBF.O
185:WSFS,ES,1,Q,0,WSFS.O
185:WSGE,CE,1,Q,0,WSGE.O
185:WSML,CE,1,Q,0,WSML.O
185:WTBA,ES,1,Q,0,WTBA.O
185:WTBN,CE,1,Q,0,WTBN.O
185:WTFC,ES,1,Q,0,WTFC.O
185:WTFCN,ER,1,Q,0,WTFCN.O
185:WTIP,CE,1,Q,0,WTIP.O
185:WTMU,CE,1,Q,0,WTMU.O
185:WTMY,CE,1,Q,0,WTMY.O
185:WTW,ES,1,Q,0,WTW.O
185:WVE,ES,1,Q,0,WVE.O
185:WW,ES,1,Q,0,WW.O
185:WWD,ES,1,Q,0,WWD.O
185:WYNN,ES,1,Q,0,WYNN.O
185:XAIX,CE,1,Q,0,XAIX.O
185:XBCI,CE,1,Q,0,XBCI.O
185:XBIL,CE,1,Q,0,XBIL.O
185:XBIT,ES,1,Q,0,XBIT.O
185:XBTY,CE,1,Q,0,XBTY.O
185:XCBE,ES,1,Q,0,XCBE.O
185:XCBEU,EU,1,Q,0,XCBEU.O
185:XCBEW,RW,1,Q,0,XCBEW.O
185:XCH,ED,1,Q,0,XCH.O
185:XCNY,CE,1,Q,0,XCNY.O
185:XDEF,CE,1,Q,0,XDEF.O
185:XEL,ES,1,Q,0,XEL.O
185:XELLL,DB,1,Q,0,XELLL.O
185:XENE,ES,1,Q,0,XENE.O
185:XERS,ES,1,Q,0,XERS.O
185:XGN,ES,1,Q,0,XGN.O
185:XMAG,CE,1,Q,0,XMAG.O
185:XMTR,ES,1,Q,0,XMTR.O
185:XNCR,ES,1,Q,0,XNCR.O
185:XNET,ED,1,Q,0,XNET.O
185:XOMA,ES,1,Q,0,XOMA.O
185:XOMAO,ER,1,Q,0,XOMAO.O
185:XOMAP,EP,1,Q,0,XOMAP.O
185:XOMX,CE,1,Q,0,XOMX.O
185:XOMZ,CE,1,Q,0,XOMZ.O
185:XOVR,CE,1,Q,0,XOVR.O
185:XP,ES,1,Q,0,XP.O
185:XPEG,CE,1,Q,0,XPEG.O
185:XQQI,CE,1,Q,0,XQQI.O
185:XRAY,ES,1,Q,0,XRAY.O
185:XRPC,CE,1,Q,0,XRPC.O
185:XRPI,CE,1,Q,0,XRPI.O
185:XRPN,ES,1,Q,0,XRPN.O
185:XRPNU,EU,1,Q,0,XRPNU.O
185:XRPNW,RW,1,Q,0,XRPNW.O
185:XRPT,CE,1,Q,0,XRPT.O
185:XRX,ES,1,Q,0,XRX.O
185:XRXDW,RW,1,Q,0,XRXDW.O
185:XSLL,ES,1,Q,0,XSLL.O
185:XSLLU,EU,1,Q,0,XSLLU.O
185:XSLLW,RW,1,Q,0,XSLLW.O
185:XSPI,CE,1,Q,0,XSPI.O
185:XT,CE,1,Q,0,XT.O
185:XXX,CE,1,Q,0,XXX.O
185:XYZG,CE,1,Q,0,XYZG.O
185:YB,ED,1,Q,0,YB.O
185:YBMN,CE,1,Q,0,YBMN.O
185:YBST,CE,1,Q,0,YBST.O
185:YBTY,CE,1,Q,0,YBTY.O
185:YDES,ES,1,Q,0,YDES.O
185:YDESW,RW,1,Q,0,YDESW.O
185:YHNA,ES,1,Q,0,YHNA.O
185:YHNAR,M,1,Q,0,YHNAR.O
185:YHNAU,EU,1,Q,0,YHNAU.O
185:YI,ED,1,Q,0,YI.O
185:YLDE,CE,1,Q,0,YLDE.O
185:YMT,ED,1,Q,0,YMT.O
185:YNOT,CE,1,Q,0,YNOT.O
185:YOKE,CE,1,Q,0,YOKE.O
185:YORW,ES,1,Q,0,YORW.O
185:YQ,ED,1,Q,0,YQ.O
185:YQQQ,CE,1,Q,0,YQQQ.O
185:YSPY,CE,1,Q,0,YSPY.O
185:YXT,ED,1,Q,0,YXT.O
185:Z,ES,1,Q,0,Z.O
185:ZAP,CE,1,Q,0,ZAP.O
185:ZBIO,ES,1,Q,0,ZBIO.O
185:ZBRA,ES,1,Q,0,ZBRA.O
185:ZD,ES,1,Q,0,ZD.O
185:ZG,ES,1,Q,0,ZG.O
185:ZHOG,CE,1,Q,0,ZHOG.O
185:ZION,ES,1,Q,0,ZION.O
185:ZIONP,ER,1,Q,0,ZIONP.O
185:ZKP,ES,1,Q,0,ZKP.O
185:ZKPU,EU,1,Q,0,ZKPU.O
185:ZKPW,RW,1,Q,0,ZKPW.O
185:ZLAB,ED,1,Q,0,ZLAB.O
185:ZM,ES,1,Q,0,ZM.O
185:ZMUN,CE,1,Q,0,ZMUN.O
185:ZNTL,ES,1,Q,0,ZNTL.O
185:ZS,ES,1,Q,0,ZS.O
185:ZTEN,CE,1,Q,0,ZTEN.O
185:ZTOP,CE,1,Q,0,ZTOP.O
185:ZTRE,CE,1,Q,0,ZTRE.O
185:ZTWO,CE,1,Q,0,ZTWO.O
185:ZUMZ,ES,1,Q,0,ZUMZ.O
185:ZVRA,ES,1,Q,0,ZVRA.O
185:ZYME,ES,1,Q,0,ZYME.O
186:AACG,ED,1,Q,0,AACG.O
186:ABAT,ES,1,Q,0,ABAT.O
186:ABEO,ES,1,Q,0,ABEO.O
186:ABLV,ES,1,Q,0,ABLV.O
186:ABLVW,RW,1,Q,0,ABLVW.O
186:ABTC,ES,1,Q,0,ABTC.O
186:ABTS,ES,1,Q,0,ABTS.O
186:ABVC,ES,1,Q,0,ABVC.O
186:ACB,ES,1,Q,0,ACB.O
186:ACCL,ES,1,Q,0,ACCL.O
186:ACET,ES,1,Q,0,ACET.O
186:ACFN,ES,1,Q,0,ACFN.O
186:ACHV,ES,1,Q,0,ACHV.O
186:ACIC,ES,1,Q,0,ACIC.O
186:ACNB,ES,1,Q,0,ACNB.O
186:ACOG,ES,1,Q,0,ACOG.O
186:ACON,ES,1,Q,0,ACON.O
186:ACONW,RW,1,Q,0,ACONW.O
186:ACXP,ES,1,Q,0,ACXP.O
186:ADGM,ES,1,Q,0,ADGM.O
186:ADIL,ES,1,Q,0,ADIL.O
186:ADSE,ES,1,Q,0,ADSE.O
186:ADSEW,RW,1,Q,0,ADSEW.O
186:ADTX,ES,1,Q,0,ADTX.O
186:ADUR,ES,1,Q,0,ADUR.O
186:ADVB,ES,1,Q,0,ADVB.O
186:ADXN,ED,1,Q,0,ADXN.O
186:AEC,ES,1,Q,0,AEC.O
186:AEHL,ES,1,Q,0,AEHL.O
186:AEHR,ES,1,Q,0,AEHR.O
186:AEI,ES,1,Q,0,AEI.O
186:AEMD,ES,1,Q,0,AEMD.O
186:AENT,ES,1,Q,0,AENT.O
186:AENTW,RW,1,Q,0,AENTW.O
186:AERT,ES,1,Q,0,AERT.O
186:AERTW,RW,1,Q,0,AERTW.O
186:AEYE,ES,1,Q,0,AEYE.O
186:AFBI,ES,1,Q,0,AFBI.O
186:AFRI,ES,1,Q,0,AFRI.O
186:AFRIW,RW,1,Q,0,AFRIW.O
186:AGAE,ES,1,Q,0,AGAE.O
186:AGCC,ES,1,Q,0,AGCC.O
186:AGEN,ES,1,Q,0,AGEN.O
186:AGH,ES,1,Q,0,AGH.O
186:AGMH,ES,1,Q,0,AGMH.O
186:AGPU,ES,1,Q,0,AGPU.O
186:AGRZ,ES,1,Q,0,AGRZ.O
186:AHCO,ES,1,Q,0,AHCO.O
186:AHG,ED,1,Q,0,AHG.O
186:AHMA,ES,1,Q,0,AHMA.O
186:AIDX,ES,1,Q,0,AIDX.O
186:AIFF,ES,1,Q,0,AIFF.O
186:AIHS,ES,1,Q,0,AIHS.O
186:AIIO,ES,1,Q,0,AIIO.O
186:AIIOW,RW,1,Q,0,AIIOW.O
186:AIMD,ES,1,Q,0,AIMD.O
186:AIMDW,RW,1,Q,0,AIMDW.O
186:AIOS,ES,1,Q,0,AIOS.O
186:AIRE,ES,1,Q,0,AIRE.O
186:AIRG,ES,1,Q,0,AIRG.O
186:AIRJ,ES,1,Q,0,AIRJ.O
186:AIRJW,RW,1,Q,0,AIRJW.O
186:AIRT,ES,1,Q,0,AIRT.O
186:AISPW,RW,1,Q,0,AISPW.O
186:AIXC,ES,1,Q,0,AIXC.O
186:AKAN,ES,1,Q,0,AKAN.O
186:AKBA,ES,1,Q,0,AKBA.O
186:AKTX,ED,1,Q,0,AKTX.O
186:ALAR,ED,1,Q,0,ALAR.O
186:ALBT,ES,1,Q,0,ALBT.O
186:ALCY,ES,1,Q,0,ALCY.O
186:ALCYU,EU,1,Q,0,ALCYU.O
186:ALCYW,RW,1,Q,0,ALCYW.O
186:ALDX,ES,1,Q,0,ALDX.O
186:ALGS,ES,1,Q,0,ALGS.O
186:ALLR,ES,1,Q,0,ALLR.O
186:ALM,ES,1,Q,0,ALM.O
186:ALMU,ES,1,Q,0,ALMU.O
186:ALOY,ES,1,Q,0,ALOY.O
186:ALRS,ES,1,Q,0,ALRS.O
186:ALTI,ES,1,Q,0,ALTI.O
186:ALTO,ES,1,Q,0,ALTO.O
186:ALTS,ES,1,Q,0,ALTS.O
186:ALZN,ES,1,Q,0,ALZN.O
186:AMCI,ES,1,Q,0,AMCI.O
186:AMIX,ES,1,Q,0,AMIX.O
186:AMOD,ES,1,Q,0,AMOD.O
186:AMODW,RW,1,Q,0,AMODW.O
186:AMPG,ES,1,Q,0,AMPG.O
186:AMPGR,M,1,Q,0,AMPGR.O
186:AMPGZ,M,1,Q,0,AMPGZ.O
186:AMPL,ES,1,Q,0,AMPL.O
186:AMRN,ED,1,Q,0,AMRN.O
186:AMST,ES,1,Q,0,AMST.O
186:ANGH,ES,1,Q,0,ANGH.O
186:ANGHW,RW,1,Q,0,ANGHW.O
186:ANIX,ES,1,Q,0,ANIX.O
186:ANNA,ES,1,Q,0,ANNA.O
186:ANNAW,RW,1,Q,0,ANNAW.O
186:ANPA,ES,1,Q,0,ANPA.O
186:ANY,ES,1,Q,0,ANY.O
186:APAC,ES,1,Q,0,APAC.O
186:APACR,M,1,Q,0,APACR.O
186:APACU,EU,1,Q,0,APACU.O
186:APC,ES,1,Q,0,APC.O
186:APLM,ES,1,Q,0,APLM.O
186:APLMW,RW,1,Q,0,APLMW.O
186:APM,ES,1,Q,0,APM.O
186:APPS,ES,1,Q,0,APPS.O
186:APRE,ES,1,Q,0,APRE.O
186:APVO,ES,1,Q,0,APVO.O
186:APWC,ES,1,Q,0,APWC.O
186:AQB,ES,1,Q,0,AQB.O
186:AQMS,ES,1,Q,0,AQMS.O
186:ARBB,ES,1,Q,0,ARBB.O
186:ARBE,ES,1,Q,0,ARBE.O
186:ARBEW,RW,1,Q,0,ARBEW.O
186:ARBK,ED,1,Q,0,ARBK.O
186:AREB,ES,1,Q,0,AREB.O
186:AREBW,RW,1,Q,0,AREBW.O
186:AREC,ES,1,Q,0,AREC.O
186:ARKO,ES,1,Q,0,ARKO.O
186:ARQQ,ES,1,Q,0,ARQQ.O
186:ARQQW,RW,1,Q,0,ARQQW.O
186:ARTL,ES,1,Q,0,ARTL.O
186:ARTW,ES,1,Q,0,ARTW.O
186:ASBP,ES,1,Q,0,ASBP.O
186:ASBPW,RW,1,Q,0,ASBPW.O
186:ASLE,ES,1,Q,0,ASLE.O
186:ASNS,ES,1,Q,0,ASNS.O
186:ASPC,ES,1,Q,0,ASPC.O
186:ASPCR,M,1,Q,0,ASPCR.O
186:ASPCU,EU,1,Q,0,ASPCU.O
186:ASPI,ES,1,Q,0,ASPI.O
186:ASRT,ES,1,Q,0,ASRT.O
186:ASTC,ES,1,Q,0,ASTC.O
186:ASTH,ES,1,Q,0,ASTH.O
186:ASTI,ES,1,Q,0,ASTI.O
186:ASUR,ES,1,Q,0,ASUR.O
186:ATCX,ES,1,Q,0,ATCX.O
186:ATER,ES,1,Q,0,ATER.O
186:ATEX,ES,1,Q,0,ATEX.O
186:ATGL,ES,1,Q,0,ATGL.O
186:ATHE,ED,1,Q,0,ATHE.O
186:ATHR,ES,1,Q,0,ATHR.O
186:ATLO,ES,1,Q,0,ATLO.O
186:ATLX,ES,1,Q,0,ATLX.O
186:ATOM,ES,1,Q,0,ATOM.O
186:ATON,ES,1,Q,0,ATON.O
186:ATOS,ES,1,Q,0,ATOS.O
186:ATPC,ES,1,Q,0,ATPC.O
186:ATXG,ES,1,Q,0,ATXG.O
186:ATYR,ES,1,Q,0,ATYR.O
186:AUID,ES,1,Q,0,AUID.O
186:AURE,ES,1,Q,0,AURE.O
186:AUUD,ES,1,Q,0,AUUD.O
186:AVTX,ES,1,Q,0,AVTX.O
186:AVX,ES,1,Q,0,AVX.O
186:AXG,ES,1,Q,0,AXG.O
186:AXGN,ES,1,Q,0,AXGN.O
186:AYTU,ES,1,Q,0,AYTU.O
186:AZ,ES,1,Q,0,AZ.O
186:BAFN,ES,1,Q,0,BAFN.O
186:BANL,ES,1,Q,0,BANL.O
186:BAOS,ES,1,Q,0,BAOS.O
186:BBCP,ES,1,Q,0,BBCP.O
186:BBGI,ES,1,Q,0,BBGI.O
186:BBLG,ES,1,Q,0,BBLG.O
186:BBLGW,RW,1,Q,0,BBLGW.O
186:BCAB,ES,1,Q,0,BCAB.O
186:BCAL,ES,1,Q,0,BCAL.O
186:BCDA,ES,1,Q,0,BCDA.O
186:BCGWW,RW,1,Q,0,BCGWW.O
186:BCTX,ES,1,Q,0,BCTX.O
186:BCTXL,RW,1,Q,0,BCTXL.O
186:BCTXZ,RW,1,Q,0,BCTXZ.O
186:BDMD,ES,1,Q,0,BDMD.O
186:BDMDW,RW,1,Q,0,BDMDW.O
186:BDRX,ED,1,Q,0,BDRX.O
186:BEAT,ES,1,Q,0,BEAT.O
186:BEATW,RW,1,Q,0,BEATW.O
186:BEEM,ES,1,Q,0,BEEM.O
186:BENF,ES,1,Q,0,BENF.O
186:BENFW,RW,1,Q,0,BENFW.O
186:BFC,ES,1,Q,0,BFC.O
186:BFRG,ES,1,Q,0,BFRG.O
186:BFRGW,RW,1,Q,0,BFRGW.O
186:BFRI,ES,1,Q,0,BFRI.O
186:BFRIW,RW,1,Q,0,BFRIW.O
186:BGLC,ES,1,Q,0,BGLC.O
186:BGLWW,RW,1,Q,0,BGLWW.O
186:BGM,ES,1,Q,0,BGM.O
186:BGMS,ES,1,Q,0,BGMS.O
186:BGMSP,EP,1,Q,0,BGMSP.O
186:BHRB,ES,1,Q,0,BHRB.O
186:BIAF,ES,1,Q,0,BIAF.O
186:BIAFW,RW,1,Q,0,BIAFW.O
186:BIVI,ES,1,Q,0,BIVI.O
186:BIVIW,RW,1,Q,0,BIVIW.O
186:BIYA,ES,1,Q,0,BIYA.O
186:BJDX,ES,1,Q,0,BJDX.O
186:BKYI,ES,1,Q,0,BKYI.O
186:BLFS,ES,1,Q,0,BLFS.O
186:BLIN,ES,1,Q,0,BLIN.O
186:BLIV,ES,1,Q,0,BLIV.O
186:BLNE,ES,1,Q,0,BLNE.O
186:BLNK,ES,1,Q,0,BLNK.O
186:BLRX,ED,1,Q,0,BLRX.O
186:BLTE,ED,1,Q,0,BLTE.O
186:BMGL,ES,1,Q,0,BMGL.O
186:BMHL,ES,1,Q,0,BMHL.O
186:BMM,ES,1,Q,0,BMM.O
186:BMR,ES,1,Q,0,BMR.O
186:BMRA,ES,1,Q,0,BMRA.O
186:BNAI,ES,1,Q,0,BNAI.O
186:BNAIW,RW,1,Q,0,BNAIW.O
186:BNBX,ES,1,Q,0,BNBX.O
186:BNC,ES,1,Q,0,BNC.O
186:BNCWW,RW,1,Q,0,BNCWW.O
186:BNGO,ES,1,Q,0,BNGO.O
186:BNKK,ES,1,Q,0,BNKK.O
186:BNRG,ES,1,Q,0,BNRG.O
186:BNTC,ES,1,Q,0,BNTC.O
186:BNZI,ES,1,Q,0,BNZI.O
186:BNZIW,RW,1,Q,0,BNZIW.O
186:BODI,ES,1,Q,0,BODI.O
186:BOF,ES,1,Q,0,BOF.O
186:BOLT,ES,1,Q,0,BOLT.O
186:BON,ES,1,Q,0,BON.O
186:BOSC,ES,1,Q,0,BOSC.O
186:BOTJ,ES,1,Q,0,BOTJ.O
186:BOXL,ES,1,Q,0,BOXL.O
186:BPAC,ES,1,Q,0,BPAC.O
186:BPACR,M,1,Q,0,BPACR.O
186:BPACU,EU,1,Q,0,BPACU.O
186:BRBI,ED,1,Q,0,BRBI.O
186:BRFH,ES,1,Q,0,BRFH.O
186:BRLS,ES,1,Q,0,BRLS.O
186:BRLSW,RW,1,Q,0,BRLSW.O
186:BRRWW,RW,1,Q,0,BRRWW.O
186:BRTX,ES,1,Q,0,BRTX.O
186:BSAA,ES,1,Q,0,BSAA.O
186:BSAAR,M,1,Q,0,BSAAR.O
186:BSAAU,EU,1,Q,0,BSAAU.O
186:BSBK,ES,1,Q,0,BSBK.O
186:BTAI,ES,1,Q,0,BTAI.O
186:BTBD,ES,1,Q,0,BTBD.O
186:BTBDW,RW,1,Q,0,BTBDW.O
186:BTBT,ES,1,Q,0,BTBT.O
186:BTCS,ES,1,Q,0,BTCS.O
186:BTCT,ES,1,Q,0,BTCT.O
186:BTDR,ES,1,Q,0,BTDR.O
186:BTM,ES,1,Q,0,BTM.O
186:BTMWW,RW,1,Q,0,BTMWW.O
186:BTOG,ES,1,Q,0,BTOG.O
186:BTTC,ES,1,Q,0,BTTC.O
186:BULL,ES,1,Q,0,BULL.O
186:BULLW,RW,1,Q,0,BULLW.O
186:BUUU,ES,1,Q,0,BUUU.O
186:BVC,ES,1,Q,0,BVC.O
186:BVFL,ES,1,Q,0,BVFL.O
186:BWB,ES,1,Q,0,BWB.O
186:BWBBP,ER,1,Q,0,BWBBP.O
186:BWEN,ES,1,Q,0,BWEN.O
186:BYAH,ES,1,Q,0,BYAH.O
186:BYFC,ES,1,Q,0,BYFC.O
186:BYRN,ES,1,Q,0,BYRN.O
186:BYSI,ES,1,Q,0,BYSI.O
186:BZAIW,RW,1,Q,0,BZAIW.O
186:BZFD,ES,1,Q,0,BZFD.O
186:BZFDW,RW,1,Q,0,BZFDW.O
186:CAAS,ES,1,Q,0,CAAS.O
186:CABR,ES,1,Q,0,CABR.O
186:CALC,ES,1,Q,0,CALC.O
186:CAPS,ES,1,Q,0,CAPS.O
186:CAPTW,RW,1,Q,0,CAPTW.O
186:CBAT,ES,1,Q,0,CBAT.O
186:CBIO,ES,1,Q,0,CBIO.O
186:CBK,ES,1,Q,0,CBK.O
186:CBUS,ES,1,Q,0,CBUS.O
186:CCG,ES,1,Q,0,CCG.O
186:CCGWW,RW,1,Q,0,CCGWW.O
186:CCHH,ES,1,Q,0,CCHH.O
186:CCTG,ES,1,Q,0,CCTG.O
186:CDIO,ES,1,Q,0,CDIO.O
186:CDIOW,RW,1,Q,0,CDIOW.O
186:CDRO,ES,1,Q,0,CDRO.O
186:CDROW,RW,1,Q,0,CDROW.O
186:CDT,ES,1,Q,0,CDT.O
186:CDTG,ES,1,Q,0,CDTG.O
186:CDTTW,RW,1,Q,0,CDTTW.O
186:CELC,ES,1,Q,0,CELC.O
186:CELH,ES,1,Q,0,CELH.O
186:CELU,ES,1,Q,0,CELU.O
186:CELUW,RW,1,Q,0,CELUW.O
186:CELZ,ES,1,Q,0,CELZ.O
186:CENN,ES,1,Q,0,CENN.O
186:CETX,ES,1,Q,0,CETX.O
186:CETY,ES,1,Q,0,CETY.O
186:CFBK,ES,1,Q,0,CFBK.O
186:CGEN,ES,1,Q,0,CGEN.O
186:CGTL,ES,1,Q,0,CGTL.O
186:CGTX,ES,1,Q,0,CGTX.O
186:CHAI,ES,1,Q,0,CHAI.O
186:CHCI,ES,1,Q,0,CHCI.O
186:CHNR,ES,1,Q,0,CHNR.O
186:CHR,ES,1,Q,0,CHR.O
186:CHSN,ES,1,Q,0,CHSN.O
186:CIGL,ES,1,Q,0,CIGL.O
186:CIIT,ES,1,Q,0,CIIT.O
186:CING,ES,1,Q,0,CING.O
186:CINGW,RW,1,Q,0,CINGW.O
186:CISO,ES,1,Q,0,CISO.O
186:CISS,ES,1,Q,0,CISS.O
186:CIVB,ES,1,Q,0,CIVB.O
186:CJMB,ES,1,Q,0,CJMB.O
186:CLDX,ES,1,Q,0,CLDX.O
186:CLGN,ES,1,Q,0,CLGN.O
186:CLIK,ES,1,Q,0,CLIK.O
186:CLIR,ES,1,Q,0,CLIR.O
186:CLNN,ES,1,Q,0,CLNN.O
186:CLPT,ES,1,Q,0,CLPT.O
186:CLRB,ES,1,Q,0,CLRB.O
186:CLRO,ES,1,Q,0,CLRO.O
186:CLSK,ES,1,Q,0,CLSK.O
186:CLSKW,RW,1,Q,0,CLSKW.O
186:CLST,ES,1,Q,0,CLST.O
186:CLWT,ES,1,Q,0,CLWT.O
186:CMCT,ES,1,Q,0,CMCT.O
186:CMMB,ED,1,Q,0,CMMB.O
186:CMND,ES,1,Q,0,CMND.O
186:CMPX,ES,1,Q,0,CMPX.O
186:CMTV,ES,1,Q,0,CMTV.O
186:CNCKW,RW,1,Q,0,CNCKW.O
186:CNET,ES,1,Q,0,CNET.O
186:CNEY,ES,1,Q,0,CNEY.O
186:CNSP,ES,1,Q,0,CNSP.O
186:CNTN,ES,1,Q,0,CNTN.O
186:CNTX,ES,1,Q,0,CNTX.O
186:CNTY,ES,1,Q,0,CNTY.O
186:CNVS,ES,1,Q,0,CNVS.O
186:COCH,ES,1,Q,0,COCH.O
186:COCHW,RW,1,Q,0,COCHW.O
186:COCP,ES,1,Q,0,COCP.O
186:CODA,ES,1,Q,0,CODA.O
186:CODX,ES,1,Q,0,CODX.O
186:COEP,ES,1,Q,0,COEP.O
186:COEPW,RW,1,Q,0,COEPW.O
186:COFS,ES,1,Q,0,COFS.O
186:COOT,ES,1,Q,0,COOT.O
186:COOTW,RW,1,Q,0,COOTW.O
186:CORT,ES,1,Q,0,CORT.O
186:COSM,ES,1,Q,0,COSM.O
186:COYA,ES,1,Q,0,COYA.O
186:CPBI,ES,1,Q,0,CPBI.O
186:CPOP,ES,1,Q,0,CPOP.O
186:CPRX,ES,1,Q,0,CPRX.O
186:CPSH,ES,1,Q,0,CPSH.O
186:CRBP,ES,1,Q,0,CRBP.O
186:CRDF,ES,1,Q,0,CRDF.O
186:CRDL,ES,1,Q,0,CRDL.O
186:CRE,ES,1,Q,0,CRE.O
186:CREG,ES,1,Q,0,CREG.O
186:CREX,ES,1,Q,0,CREX.O
186:CRGO,ES,1,Q,0,CRGO.O
186:CRGOW,RW,1,Q,0,CRGOW.O
186:CRIS,ES,1,Q,0,CRIS.O
186:CRMLW,RW,1,Q,0,CRMLW.O
186:CRVO,ES,1,Q,0,CRVO.O
186:CRWS,ES,1,Q,0,CRWS.O
186:CSAI,ES,1,Q,0,CSAI.O
186:CSBR,ES,1,Q,0,CSBR.O
186:CTNT,ES,1,Q,0,CTNT.O
186:CTOR,ES,1,Q,0,CTOR.O
186:CTRM,ES,1,Q,0,CTRM.O
186:CTSO,ES,1,Q,0,CTSO.O
186:CTW,ES,1,Q,0,CTW.O
186:CTXR,ES,1,Q,0,CTXR.O
186:CUE,ES,1,Q,0,CUE.O
186:CULP,ES,1,Q,0,CULP.O
186:CUPR,ES,1,Q,0,CUPR.O
186:CURI,ES,1,Q,0,CURI.O
186:CURX,ES,1,Q,0,CURX.O
186:CV,ES,1,Q,0,CV.O
186:CVKD,ES,1,Q,0,CVKD.O
186:CVV,ES,1,Q,0,CVV.O
186:CWBC,ES,1,Q,0,CWBC.O
186:CWD,ES,1,Q,0,CWD.O
186:CXAI,ES,1,Q,0,CXAI.O
186:CXAIW,RW,1,Q,0,CXAIW.O
186:CXDO,ES,1,Q,0,CXDO.O
186:CYCN,ES,1,Q,0,CYCN.O
186:CYCUW,RW,1,Q,0,CYCUW.O
186:CYN,ES,1,Q,0,CYN.O
186:CYPH,ES,1,Q,0,CYPH.O
186:CYRX,ES,1,Q,0,CYRX.O
186:CZFS,ES,1,Q,0,CZFS.O
186:CZNC,ES,1,Q,0,CZNC.O
186:DAIO,ES,1,Q,0,DAIO.O
186:DARE,ES,1,Q,0,DARE.O
186:DBGI,ES,1,Q,0,DBGI.O
186:DBVT,ED,1,Q,0,DBVT.O
186:DCGO,ES,1,Q,0,DCGO.O
186:DCOY,ES,1,Q,0,DCOY.O
186:DCTH,ES,1,Q,0,DCTH.O
186:DCX,ES,1,Q,0,DCX.O
186:DEFT,ES,1,Q,0,DEFT.O
186:DERM,ES,1,Q,0,DERM.O
186:DEVS,ES,1,Q,0,DEVS.O
186:DFDV,ES,1,Q,0,DFDV.O
186:DFDVW,RW,1,Q,0,DFDVW.O
186:DFLI,ES,1,Q,0,DFLI.O
186:DFLIW,RW,1,Q,0,DFLIW.O
186:DFNSW,RW,1,Q,0,DFNSW.O
186:DFSC,ES,1,Q,0,DFSC.O
186:DFSCW,RW,1,Q,0,DFSCW.O
186:DGNX,ES,1,Q,0,DGNX.O
186:DGXX,ES,1,Q,0,DGXX.O
186:DJCO,ES,1,Q,0,DJCO.O
186:DKI,ES,1,Q,0,DKI.O
186:DLHC,ES,1,Q,0,DLHC.O
186:DLPN,ES,1,Q,0,DLPN.O
186:DLXY,ES,1,Q,0,DLXY.O
186:DMAC,ES,1,Q,0,DMAC.O
186:DMRA,ES,1,Q,0,DMRA.O
186:DNTH,ES,1,Q,0,DNTH.O
186:DOGZ,ES,1,Q,0,DOGZ.O
186:DOMH,ES,1,Q,0,DOMH.O
186:DPRO,ES,1,Q,0,DPRO.O
186:DRCT,ES,1,Q,0,DRCT.O
186:DRIO,ES,1,Q,0,DRIO.O
186:DRMA,ES,1,Q,0,DRMA.O
186:DRMAW,RW,1,Q,0,DRMAW.O
186:DRTS,ES,1,Q,0,DRTS.O
186:DRTSW,RW,1,Q,0,DRTSW.O
186:DRUG,ES,1,Q,0,DRUG.O
186:DSYWW,RW,1,Q,0,DSYWW.O
186:DTCK,ES,1,Q,0,DTCK.O
186:DTCX,ES,1,Q,0,DTCX.O
186:DTI,ES,1,Q,0,DTI.O
186:DTIL,ES,1,Q,0,DTIL.O
186:DTSS,ES,1,Q,0,DTSS.O
186:DTST,ES,1,Q,0,DTST.O
186:DTSTW,RW,1,Q,0,DTSTW.O
186:DUO,ES,1,Q,0,DUO.O
186:DUOT,ES,1,Q,0,DUOT.O
186:DVLT,ES,1,Q,0,DVLT.O
186:DWTX,ES,1,Q,0,DWTX.O
186:DXR,ES,1,Q,0,DXR.O
186:DXST,ES,1,Q,0,DXST.O
186:DYAI,ES,1,Q,0,DYAI.O
186:ECBK,ES,1,Q,0,ECBK.O
186:ECOR,ES,1,Q,0,ECOR.O
186:ECXWW,RW,1,Q,0,ECXWW.O
186:EDBL,ES,1,Q,0,EDBL.O
186:EDBLW,RW,1,Q,0,EDBLW.O
186:EDHL,ES,1,Q,0,EDHL.O
186:EDRY,ES,1,Q,0,EDRY.O
186:EDSA,ES,1,Q,0,EDSA.O
186:EDTK,ES,1,Q,0,EDTK.O
186:EEIQ,ES,1,Q,0,EEIQ.O
186:EFOI,ES,1,Q,0,EFOI.O
186:EFSI,ES,1,Q,0,EFSI.O
186:EFTY,ES,1,Q,0,EFTY.O
186:EGAN,ES,1,Q,0,EGAN.O
186:EGBN,ES,1,Q,0,EGBN.O
186:EHGO,ES,1,Q,0,EHGO.O
186:EHLD,ES,1,Q,0,EHLD.O
186:EJH,ES,1,Q,0,EJH.O
186:EKSO,ES,1,Q,0,EKSO.O
186:ELAB,ES,1,Q,0,ELAB.O
186:ELBM,ES,1,Q,0,ELBM.O
186:ELDN,ES,1,Q,0,ELDN.O
186:ELE,ES,1,Q,0,ELE.O
186:ELOG,ES,1,Q,0,ELOG.O
186:ELSE,ES,1,Q,0,ELSE.O
186:ELTK,ES,1,Q,0,ELTK.O
186:ELTX,ES,1,Q,0,ELTX.O
186:ELUT,ES,1,Q,0,ELUT.O
186:ELVA,ES,1,Q,0,ELVA.O
186:ELVR,ED,1,Q,0,ELVR.O
186:ELWT,ES,1,Q,0,ELWT.O
186:EM,ED,1,Q,0,EM.O
186:EMPG,ES,1,Q,0,EMPG.O
186:ENGN,ES,1,Q,0,ENGN.O
186:ENGNW,RW,1,Q,0,ENGNW.O
186:ENGS,ES,1,Q,0,ENGS.O
186:ENLV,ES,1,Q,0,ENLV.O
186:ENSC,ES,1,Q,0,ENSC.O
186:ENTX,ES,1,Q,0,ENTX.O
186:ENVB,ES,1,Q,0,ENVB.O
186:EOSE,ES,1,Q,0,EOSE.O
186:EPOW,ES,1,Q,0,EPOW.O
186:EPRX,ES,1,Q,0,EPRX.O
186:EPSM,ES,1,Q,0,EPSM.O
186:EQ,ES,1,Q,0,EQ.O
186:ERNA,ES,1,Q,0,ERNA.O
186:ERNAW,RW,1,Q,0,ERNAW.O
186:ESEA,ES,1,Q,0,ESEA.O
186:ESHA,ES,1,Q,0,ESHA.O
186:ESHAR,M,1,Q,0,ESHAR.O
186:ESLA,ES,1,Q,0,ESLA.O
186:ESLAW,RW,1,Q,0,ESLAW.O
186:ESOA,ES,1,Q,0,ESOA.O
186:ESQ,ES,1,Q,0,ESQ.O
186:ESTA,ES,1,Q,0,ESTA.O
186:ETS,ES,1,Q,0,ETS.O
186:EU,ES,1,Q,0,EU.O
186:EUDA,ES,1,Q,0,EUDA.O
186:EUDAW,RW,1,Q,0,EUDAW.O
186:EURK,ES,1,Q,0,EURK.O
186:EURKR,M,1,Q,0,EURKR.O
186:EURKU,EU,1,Q,0,EURKU.O
186:EVAX,ED,1,Q,0,EVAX.O
186:EVGN,ES,1,Q,0,EVGN.O
186:EVLV,ES,1,Q,0,EVLV.O
186:EVLVW,RW,1,Q,0,EVLVW.O
186:EVTV,ES,1,Q,0,EVTV.O
186:EXAS,ES,1,Q,0,EXAS.O
186:EXOZ,ES,1,Q,0,EXOZ.O
186:EZGO,ES,1,Q,0,EZGO.O
186:EZRA,ES,1,Q,0,EZRA.O
186:FAMI,ES,1,Q,0,FAMI.O
186:FATN,ES,1,Q,0,FATN.O
186:FBGL,ES,1,Q,0,FBGL.O
186:FBIO,ES,1,Q,0,FBIO.O
186:FBIOP,EP,1,Q,0,FBIOP.O
186:FBLA,ES,1,Q,0,FBLA.O
186:FBLG,ES,1,Q,0,FBLG.O
186:FBRX,ES,1,Q,0,FBRX.O
186:FBYDW,RW,1,Q,0,FBYDW.O
186:FCAP,ES,1,Q,0,FCAP.O
186:FCCO,ES,1,Q,0,FCCO.O
186:FCHL,ES,1,Q,0,FCHL.O
186:FCUV,ES,1,Q,0,FCUV.O
186:FDSB,ES,1,Q,0,FDSB.O
186:FEBO,ES,1,Q,0,FEBO.O
186:FEED,ES,1,Q,0,FEED.O
186:FEMY,ES,1,Q,0,FEMY.O
186:FENC,ES,1,Q,0,FENC.O
186:FFAI,ES,1,Q,0,FFAI.O
186:FFAIW,RW,1,Q,0,FFAIW.O
186:FGI,ES,1,Q,0,FGI.O
186:FGIWW,RW,1,Q,0,FGIWW.O
186:FGL,ES,1,Q,0,FGL.O
186:FIEE,ES,1,Q,0,FIEE.O
186:FKWL,ES,1,Q,0,FKWL.O
186:FLD,ES,1,Q,0,FLD.O
186:FLDDW,RW,1,Q,0,FLDDW.O
186:FLL,ES,1,Q,0,FLL.O
186:FLNA,ES,1,Q,0,FLNA.O
186:FLNT,ES,1,Q,0,FLNT.O
186:FLUX,ES,1,Q,0,FLUX.O
186:FLYE,ES,1,Q,0,FLYE.O
186:FMAO,ES,1,Q,0,FMAO.O
186:FMFC,ES,1,Q,0,FMFC.O
186:FMNB,ES,1,Q,0,FMNB.O
186:FMST,ES,1,Q,0,FMST.O
186:FMSTW,RW,1,Q,0,FMSTW.O
186:FNGR,ES,1,Q,0,FNGR.O
186:FNUC,ES,1,Q,0,FNUC.O
186:FNWD,ES,1,Q,0,FNWD.O
186:FOFO,ES,1,Q,0,FOFO.O
186:FONR,ES,1,Q,0,FONR.O
186:FORA,ES,1,Q,0,FORA.O
186:FOXX,ES,1,Q,0,FOXX.O
186:FOXXW,RW,1,Q,0,FOXXW.O
186:FRAF,ES,1,Q,0,FRAF.O
186:FRGT,ES,1,Q,0,FRGT.O
186:FRHC,ES,1,Q,0,FRHC.O
186:FRMM,ES,1,Q,0,FRMM.O
186:FRSX,ED,1,Q,0,FRSX.O
186:FSBW,ES,1,Q,0,FSBW.O
186:FSEA,ES,1,Q,0,FSEA.O
186:FTCI,ES,1,Q,0,FTCI.O
186:FTEK,ES,1,Q,0,FTEK.O
186:FTFT,ES,1,Q,0,FTFT.O
186:FTHM,ES,1,Q,0,FTHM.O
186:FTLF,ES,1,Q,0,FTLF.O
186:FTRK,ES,1,Q,0,FTRK.O
186:FUFU,ES,1,Q,0,FUFU.O
186:FUFUW,RW,1,Q,0,FUFUW.O
186:FUSB,ES,1,Q,0,FUSB.O
186:FUSEW,RW,1,Q,0,FUSEW.O
186:FVCB,ES,1,Q,0,FVCB.O
186:FVN,ES,1,Q,0,FVN.O
186:FVNNR,M,1,Q,0,FVNNR.O
186:FVNNU,EU,1,Q,0,FVNNU.O
186:FWDI,ES,1,Q,1,FWDI.O
186:FXNC,ES,1,Q,0,FXNC.O
186:GALT,ES,1,Q,0,GALT.O
186:GAME,ES,1,Q,0,GAME.O
186:GBFH,ES,1,Q,0,GBFH.O
186:GCBC,ES,1,Q,0,GCBC.O
186:GCTK,ES,1,Q,0,GCTK.O
186:GDC,ES,1,Q,0,GDC.O
186:GDHG,ES,1,Q,0,GDHG.O
186:GDTC,ES,1,Q,0,GDTC.O
186:GDYN,ES,1,Q,0,GDYN.O
186:GELS,ES,1,Q,0,GELS.O
186:GEVO,ES,1,Q,1,GEVO.O
186:GFAI,ES,1,Q,0,GFAI.O
186:GFAIW,RW,1,Q,0,GFAIW.O
186:GGAL,ED,1,Q,0,GGAL.O
186:GGR,ES,1,Q,0,GGR.O
186:GGROW,RW,1,Q,0,GGROW.O
186:GGRP,ES,1,Q,0,GGRP.O
186:GIBO,ES,1,Q,0,GIBO.O
186:GIBOW,RW,1,Q,0,GIBOW.O
186:GIFT,ES,1,Q,0,GIFT.O
186:GIGM,ES,1,Q,0,GIGM.O
186:GIPR,ES,1,Q,0,GIPR.O
186:GIPRW,RW,1,Q,0,GIPRW.O
186:GITS,ES,1,Q,0,GITS.O
186:GLBS,ES,1,Q,0,GLBS.O
186:GLE,ES,1,Q,0,GLE.O
186:GLMD,ES,1,Q,0,GLMD.O
186:GLSI,ES,1,Q,0,GLSI.O
186:GLXG,ES,1,Q,0,GLXG.O
186:GMEX,ES,1,Q,0,GMEX.O
186:GMHS,ES,1,Q,0,GMHS.O
186:GMM,ES,1,Q,0,GMM.O
186:GNLN,ES,1,Q,0,GNLN.O
186:GNLX,ES,1,Q,0,GNLX.O
186:GNPX,ES,1,Q,0,GNPX.O
186:GNSS,ES,1,Q,0,GNSS.O
186:GNTA,ED,1,Q,0,GNTA.O
186:GOAI,ES,1,Q,0,GOAI.O
186:GOCO,ES,1,Q,0,GOCO.O
186:GOVX,ES,1,Q,0,GOVX.O
186:GP,ES,1,Q,0,GP.O
186:GRAN,ES,1,Q,0,GRAN.O
186:GRCE,ES,1,Q,0,GRCE.O
186:GRDX,ES,1,Q,0,GRDX.O
186:GRI,ES,1,Q,0,GRI.O
186:GRML,ES,1,Q,0,GRML.O
186:GRMLW,RW,1,Q,0,GRMLW.O
186:GRNQ,ES,1,Q,0,GRNQ.O
186:GROW,ES,1,Q,0,GROW.O
186:GRRR,ES,1,Q,0,GRRR.O
186:GRRRW,RW,1,Q,0,GRRRW.O
186:GRWG,ES,1,Q,0,GRWG.O
186:GSIW,ES,1,Q,0,GSIW.O
186:GSM,ES,1,Q,0,GSM.O
186:GSUN,ES,1,Q,0,GSUN.O
186:GTBP,ES,1,Q,0,GTBP.O
186:GTEC,ES,1,Q,0,GTEC.O
186:GTIM,ES,1,Q,0,GTIM.O
186:GURE,ES,1,Q,0,GURE.O
186:GV,ES,1,Q,0,GV.O
186:GVH,ES,1,Q,0,GVH.O
186:GWAV,ES,1,Q,0,GWAV.O
186:GXAI,ES,1,Q,0,GXAI.O
186:GYRE,ES,1,Q,0,GYRE.O
186:GYRO,ES,1,Q,0,GYRO.O
186:HAO,ES,1,Q,0,HAO.O
186:HBIO,ES,1,Q,0,HBIO.O
186:HBNB,ES,1,Q,0,HBNB.O
186:HCAI,ES,1,Q,0,HCAI.O
186:HCHL,ES,1,Q,0,HCHL.O
186:HCTI,ES,1,Q,0,HCTI.O
186:HCWB,ES,1,Q,0,HCWB.O
186:HDSN,ES,1,Q,0,HDSN.O
186:HERZ,ES,1,Q,0,HERZ.O
186:HFBL,ES,1,Q,0,HFBL.O
186:HFFG,ES,1,Q,0,HFFG.O
186:HGBL,ES,1,Q,0,HGBL.O
186:HIHO,ES,1,Q,0,HIHO.O
186:HIND,ES,1,Q,0,HIND.O
186:HIT,ES,1,Q,0,HIT.O
186:HITI,ES,1,Q,0,HITI.O
186:HIVE,ES,1,Q,0,HIVE.O
186:HKIT,ES,1,Q,0,HKIT.O
186:HKPD,ES,1,Q,0,HKPD.O
186:HLP,ES,1,Q,0,HLP.O
186:HMR,ES,1,Q,0,HMR.O
186:HNRG,ES,1,Q,0,HNRG.O
186:HOLO,ES,1,Q,0,HOLO.O
186:HOLOW,RW,1,Q,0,HOLOW.O
186:HOTH,ES,1,Q,0,HOTH.O
186:HOUR,ES,1,Q,0,HOUR.O
186:HOVR,ES,1,Q,0,HOVR.O
186:HOVRW,RW,1,Q,0,HOVRW.O
186:HPAI,ES,1,Q,0,HPAI.O
186:HPAIW,RW,1,Q,0,HPAIW.O
186:HQI,ES,1,Q,0,HQI.O
186:HRTX,ES,1,Q,0,HRTX.O
186:HSCS,ES,1,Q,0,HSCS.O
186:HSCSW,RW,1,Q,0,HSCSW.O
186:HSDT,ES,1,Q,0,HSDT.O
186:HTCO,ES,1,Q,0,HTCO.O
186:HTCR,ES,1,Q,0,HTCR.O
186:HTLM,ES,1,Q,0,HTLM.O
186:HTOO,ES,1,Q,0,HTOO.O
186:HUBC,ES,1,Q,0,HUBC.O
186:HUBCW,RW,1,Q,0,HUBCW.O
186:HUBCZ,RW,1,Q,0,HUBCZ.O
186:HUDI,ES,1,Q,0,HUDI.O
186:HUHU,ES,1,Q,0,HUHU.O
186:HURA,ES,1,Q,0,HURA.O
186:HWH,ES,1,Q,0,HWH.O
186:HXHX,ES,1,Q,0,HXHX.O
186:HYFM,ES,1,Q,0,HYFM.O
186:HYFT,ES,1,Q,0,HYFT.O
186:HYMC,ES,1,Q,0,HYMC.O
186:HYNE,ES,1,Q,0,HYNE.O
186:HYPD,ES,1,Q,0,HYPD.O
186:IBAC,ES,1,Q,0,IBAC.O
186:IBACR,M,1,Q,0,IBACR.O
186:IBG,ES,1,Q,0,IBG.O
186:IBIO,ES,1,Q,0,IBIO.O
186:ICCC,ES,1,Q,0,ICCC.O
186:ICCM,ES,1,Q,0,ICCM.O
186:ICG,ED,1,Q,0,ICG.O
186:ICON,ES,1,Q,0,ICON.O
186:ICU,ES,1,Q,0,ICU.O
186:ICUCW,RW,1,Q,0,ICUCW.O
186:IDAI,ES,1,Q,0,IDAI.O
186:IFBD,ES,1,Q,0,IFBD.O
186:IGIC,ES,1,Q,0,IGIC.O
186:IINN,ES,1,Q,0,IINN.O
186:IINNW,RW,1,Q,0,IINNW.O
186:IKT,ES,1,Q,0,IKT.O
186:ILAG,ES,1,Q,0,ILAG.O
186:IMA,ES,1,Q,0,IMA.O
186:IMCC,ES,1,Q,0,IMCC.O
186:IMDX,ES,1,Q,0,IMDX.O
186:IMMX,ES,1,Q,0,IMMX.O
186:IMNM,ES,1,Q,0,IMNM.O
186:IMNN,ES,1,Q,0,IMNN.O
186:IMPP,ES,1,Q,0,IMPP.O
186:IMPPP,EP,1,Q,0,IMPPP.O
186:IMRN,ED,1,Q,0,IMRN.O
186:IMTE,ES,1,Q,0,IMTE.O
186:IMTX,ES,1,Q,0,IMTX.O
186:IMUX,ES,1,Q,0,IMUX.O
186:IMXI,ES,1,Q,0,IMXI.O
186:INAB,ES,1,Q,0,INAB.O
186:INBS,ES,1,Q,0,INBS.O
186:INDI,ES,1,Q,0,INDI.O
186:INDP,ES,1,Q,0,INDP.O
186:INEO,ES,1,Q,0,INEO.O
186:INHD,ES,1,Q,0,INHD.O
186:INKT,ES,1,Q,0,INKT.O
186:INLF,ES,1,Q,0,INLF.O
186:INM,ES,1,Q,0,INM.O
186:INMB,ES,1,Q,0,INMB.O
186:INO,ES,1,Q,0,INO.O
186:INSE,ES,1,Q,0,INSE.O
186:INTG,ES,1,Q,0,INTG.O
186:INTJ,ES,1,Q,0,INTJ.O
186:INTS,ES,1,Q,0,INTS.O
186:INTZ,ES,1,Q,0,INTZ.O
186:INVE,ES,1,Q,0,INVE.O
186:INVZ,ES,1,Q,0,INVZ.O
186:INVZW,RW,1,Q,0,INVZW.O
186:IONR,ED,1,Q,0,IONR.O
186:IOTR,ES,1,Q,0,IOTR.O
186:IPDN,ES,1,Q,0,IPDN.O
186:IPM,ES,1,Q,0,IPM.O
186:IPSC,ES,1,Q,0,IPSC.O
186:IPST,ES,1,Q,0,IPST.O
186:IPW,ES,1,Q,0,IPW.O
186:IPWR,ES,1,Q,0,IPWR.O
186:IPX,ED,1,Q,0,IPX.O
186:IQST,ES,1,Q,0,IQST.O
186:IRD,ES,1,Q,0,IRD.O
186:IRIX,ES,1,Q,0,IRIX.O
186:ISBA,ES,1,Q,0,ISBA.O
186:ISPC,ES,1,Q,0,ISPC.O
186:ISPR,ES,1,Q,0,ISPR.O
186:ITOC,ES,1,Q,0,ITOC.O
186:ITRM,ES,1,Q,0,ITRM.O
186:IVDA,ES,1,Q,0,IVDA.O
186:IVDAW,RW,1,Q,0,IVDAW.O
186:IVF,ES,1,Q,0,IVF.O
186:IXHL,ES,1,Q,0,IXHL.O
186:IZEA,ES,1,Q,0,IZEA.O
186:IZM,ES,1,Q,0,IZM.O
186:JAGX,ES,1,Q,0,JAGX.O
186:JBDI,ES,1,Q,0,JBDI.O
186:JBIO,ES,1,Q,0,JBIO.O
186:JCSE,ES,1,Q,0,JCSE.O
186:JCTC,ES,1,Q,0,JCTC.O
186:JDZG,ES,1,Q,0,JDZG.O
186:JEM,ES,1,Q,0,JEM.O
186:JFB,ES,1,Q,0,JFB.O
186:JFBR,ES,1,Q,0,JFBR.O
186:JFBRW,RW,1,Q,0,JFBRW.O
186:JG,ED,1,Q,0,JG.O
186:JL,ES,1,Q,0,JL.O
186:JLHL,ES,1,Q,0,JLHL.O
186:JMSB,ES,1,Q,0,JMSB.O
186:JRSH,ES,1,Q,0,JRSH.O
186:JSPR,ES,1,Q,0,JSPR.O
186:JSPRW,RW,1,Q,0,JSPRW.O
186:JTAI,ES,1,Q,0,JTAI.O
186:JUNS,ES,1,Q,0,JUNS.O
186:JVA,ES,1,Q,0,JVA.O
186:JWEL,ES,1,Q,0,JWEL.O
186:JXG,ES,1,Q,0,JXG.O
186:JYD,ES,1,Q,0,JYD.O
186:JYNT,ES,1,Q,0,JYNT.O
186:JZ,ED,1,Q,0,JZ.O
186:JZXN,ES,1,Q,0,JZXN.O
186:KALA,ES,1,Q,0,KALA.O
186:KARO,ES,1,Q,0,KARO.O
186:KDKRW,RW,1,Q,0,KDKRW.O
186:KG,ES,1,Q,0,KG.O
186:KGEI,ES,1,Q,0,KGEI.O
186:KIDZ,ES,1,Q,0,KIDZ.O
186:KIDZW,RW,1,Q,0,KIDZW.O
186:KINS,ES,1,Q,0,KINS.O
186:KITT,ES,1,Q,0,KITT.O
186:KITTW,RW,1,Q,0,KITTW.O
186:KMRK,ES,1,Q,0,KMRK.O
186:KOPN,ES,1,Q,0,KOPN.O
186:KOSS,ES,1,Q,0,KOSS.O
186:KPRX,ES,1,Q,0,KPRX.O
186:KRKR,ED,1,Q,0,KRKR.O
186:KRMD,ES,1,Q,0,KRMD.O
186:KRRO,ES,1,Q,0,KRRO.O
186:KSCP,ES,1,Q,0,KSCP.O
186:KTTA,ES,1,Q,0,KTTA.O
186:KTTAW,RW,1,Q,0,KTTAW.O
186:KUST,ES,1,Q,0,KUST.O
186:KWMWW,RW,1,Q,0,KWMWW.O
186:KXIN,ES,1,Q,0,KXIN.O
186:KYIVW,RW,1,Q,0,KYIVW.O
186:KZIA,ED,1,Q,0,KZIA.O
186:KZR,ES,1,Q,0,KZR.O
186:LASE,ES,1,Q,0,LASE.O
186:LAWR,ED,1,Q,0,LAWR.O
186:LBGJ,ES,1,Q,0,LBGJ.O
186:LCFY,ES,1,Q,0,LCFY.O
186:LCFYW,RW,1,Q,0,LCFYW.O
186:LCNB,ES,1,Q,0,LCNB.O
186:LE,ES,1,Q,0,LE.O
186:LEDS,ES,1,Q,0,LEDS.O
186:LEXX,ES,1,Q,0,LEXX.O
186:LFS,ED,1,Q,0,LFS.O
186:LFVN,ES,1,Q,0,LFVN.O
186:LFWD,ES,1,Q,0,LFWD.O
186:LGCB,ES,1,Q,0,LGCB.O
186:LGCL,ES,1,Q,0,LGCL.O
186:LGHL,ED,1,Q,0,LGHL.O
186:LGVN,ES,1,Q,0,LGVN.O
186:LHAI,ES,1,Q,0,LHAI.O
186:LHSW,ES,1,Q,0,LHSW.O
186:LICN,ES,1,Q,0,LICN.O
186:LIDR,ES,1,Q,0,LIDR.O
186:LIDRW,RW,1,Q,0,LIDRW.O
186:LIMNW,RW,1,Q,0,LIMNW.O
186:LIND,ES,1,Q,0,LIND.O
186:LINK,ES,1,Q,0,LINK.O
186:LIQT,ES,1,Q,0,LIQT.O
186:LITS,ES,1,Q,0,LITS.O
186:LIVE,ES,1,Q,0,LIVE.O
186:LIXT,ES,1,Q,0,LIXT.O
186:LMB,ES,1,Q,0,LMB.O
186:LMFA,ES,1,Q,0,LMFA.O
186:LNAI,ES,1,Q,0,LNAI.O
186:LNKB,ES,1,Q,0,LNKB.O
186:LNKS,ES,1,Q,0,LNKS.O
186:LNSR,ES,1,Q,0,LNSR.O
186:LNZA,ES,1,Q,0,LNZA.O
186:LNZAW,RW,1,Q,0,LNZAW.O
186:LOAN,ES,1,Q,0,LOAN.O
186:LOBO,ES,1,Q,0,LOBO.O
186:LONA,ES,1,Q,0,LONA.O
186:LOTWW,RW,1,Q,0,LOTWW.O
186:LPCN,ES,1,Q,0,LPCN.O
186:LPTH,ES,1,Q,0,LPTH.O
186:LQDA,ES,1,Q,0,LQDA.O
186:LRE,ED,1,Q,0,LRE.O
186:LRHC,ES,1,Q,0,LRHC.O
186:LSE,ES,1,Q,0,LSE.O
186:LSH,ES,1,Q,0,LSH.O
186:LSTA,ES,1,Q,0,LSTA.O
186:LTBR,ES,1,Q,0,LTBR.O
186:LTRN,ES,1,Q,0,LTRN.O
186:LTRX,ES,1,Q,0,LTRX.O
186:LUCD,ES,1,Q,0,LUCD.O
186:LUCY,ES,1,Q,0,LUCY.O
186:LUCYW,RW,1,Q,0,LUCYW.O
186:LVLU,ES,1,Q,0,LVLU.O
186:LVO,ES,1,Q,0,LVO.O
186:LWLG,ES,1,Q,0,LWLG.O
186:LXRX,ES,1,Q,0,LXRX.O
186:LZMH,ES,1,Q,0,LZMH.O
186:MAGH,ES,1,Q,0,MAGH.O
186:MAMA,ES,1,Q,0,MAMA.O
186:MAMK,ES,1,Q,0,MAMK.O
186:MAMO,ES,1,Q,0,MAMO.O
186:MARA,ES,1,Q,0,MARA.O
186:MARPS,ES,1,Q,0,MARPS.O
186:MASK,ES,1,Q,0,MASK.O
186:MATH,ES,1,Q,0,MATH.O
186:MAYS,ES,1,Q,0,MAYS.O
186:MB,ES,1,Q,0,MB.O
186:MBAI,ES,1,Q,0,MBAI.O
186:MBBC,ES,1,Q,0,MBBC.O
186:MBIN,ES,1,Q,0,MBIN.O
186:MBINL,ER,1,Q,0,MBINL.O
186:MBINM,ER,1,Q,0,MBINM.O
186:MBINN,ER,1,Q,0,MBINN.O
186:MBIO,ES,1,Q,0,MBIO.O
186:MBNKO,EP,1,Q,0,MBNKO.O
186:MBOT,ES,1,Q,0,MBOT.O
186:MBRX,ES,1,Q,0,MBRX.O
186:MCTA,ES,1,Q,0,MCTA.O
186:MDAI,ES,1,Q,0,MDAI.O
186:MDAIW,RW,1,Q,0,MDAIW.O
186:MDBH,ES,1,Q,0,MDBH.O
186:MDCX,ES,1,Q,0,MDCX.O
186:MDCXW,RW,1,Q,0,MDCXW.O
186:MDIA,ES,1,Q,0,MDIA.O
186:MDRR,ES,1,Q,0,MDRR.O
186:MDXG,ES,1,Q,0,MDXG.O
186:MDXH,ES,1,Q,0,MDXH.O
186:MEGL,ES,1,Q,0,MEGL.O
186:MEHA,ES,1,Q,0,MEHA.O
186:MFI,ES,1,Q,0,MFI.O
186:MGIH,ES,1,Q,0,MGIH.O
186:MGN,ES,1,Q,0,MGN.O
186:MGRT,ES,1,Q,0,MGRT.O
186:MGRX,ES,1,Q,0,MGRX.O
186:MIGI,ES,1,Q,0,MIGI.O
186:MIMI,ES,1,Q,0,MIMI.O
186:MIND,ES,1,Q,0,MIND.O
186:MIRA,ES,1,Q,0,MIRA.O
186:MITK,ES,1,Q,0,MITK.O
186:MKDW,ES,1,Q,0,MKDW.O
186:MKDWW,RW,1,Q,0,MKDWW.O
186:MKZR,ES,1,Q,0,MKZR.O
186:MLEC,ES,1,Q,0,MLEC.O
186:MLECW,RW,1,Q,0,MLECW.O
186:MLGO,ES,1,Q,0,MLGO.O
186:MLTX,ES,1,Q,0,MLTX.O
186:MNDR,ES,1,Q,0,MNDR.O
186:MNPR,ES,1,Q,0,MNPR.O
186:MNSB,ES,1,Q,0,MNSB.O
186:MNSBP,ER,1,Q,0,MNSBP.O
186:MNTK,ES,1,Q,0,MNTK.O
186:MNTS,ES,1,Q,0,MNTS.O
186:MNTSW,RW,1,Q,0,MNTSW.O
186:MOB,ES,1,Q,0,MOB.O
186:MOBBW,RW,1,Q,0,MOBBW.O
186:MOBX,ES,1,Q,0,MOBX.O
186:MOBXW,RW,1,Q,0,MOBXW.O
186:MODD,ES,1,Q,0,MODD.O
186:MOVE,ES,1,Q,0,MOVE.O
186:MRDN,ES,1,Q,0,MRDN.O
186:MREO,ED,1,Q,0,MREO.O
186:MRKR,ES,1,Q,0,MRKR.O
186:MRM,ED,1,Q,0,MRM.O
186:MRNO,ES,1,Q,0,MRNO.O
186:MRNOW,RW,1,Q,0,MRNOW.O
186:MSAI,ES,1,Q,0,MSAI.O
186:MSAIW,RW,1,Q,0,MSAIW.O
186:MSGM,ES,1,Q,0,MSGM.O
186:MSGY,ES,1,Q,0,MSGY.O
186:MSS,ES,1,Q,0,MSS.O
186:MSW,ES,1,Q,0,MSW.O
186:MTC,ES,1,Q,0,MTC.O
186:MTEK,ES,1,Q,0,MTEK.O
186:MTEKW,RW,1,Q,0,MTEKW.O
186:MTEN,ES,1,Q,0,MTEN.O
186:MTEX,ES,1,Q,0,MTEX.O
186:MTVA,ES,1,Q,0,MTVA.O
186:MVBF,ES,1,Q,0,MVBF.O
186:MVST,ES,1,Q,0,MVST.O
186:MVSTW,RW,1,Q,0,MVSTW.O
186:MWYN,ES,1,Q,0,MWYN.O
186:MYSE,ES,1,Q,0,MYSE.O
186:MYSEW,RW,1,Q,0,MYSEW.O
186:MYSZ,ES,1,Q,0,MYSZ.O
186:NAAS,ED,1,Q,0,NAAS.O
186:NAGE,ES,1,Q,0,NAGE.O
186:NAMI,ED,1,Q,0,NAMI.O
186:NAMMW,RW,1,Q,0,NAMMW.O
186:NATR,ES,1,Q,0,NATR.O
186:NAUT,ES,1,Q,0,NAUT.O
186:NBBK,ES,1,Q,0,NBBK.O
186:NBRGU,EU,1,Q,0,NBRGU.O
186:NCEL,ES,1,Q,0,NCEL.O
186:NCEW,ES,1,Q,0,NCEW.O
186:NCI,ES,1,Q,0,NCI.O
186:NCNA,ED,1,Q,0,NCNA.O
186:NCPL,ES,1,Q,0,NCPL.O
186:NCPLW,RW,1,Q,0,NCPLW.O
186:NCRA,ES,1,Q,0,NCRA.O
186:NCSM,ES,1,Q,0,NCSM.O
186:NCT,ES,1,Q,0,NCT.O
186:NCTY,ED,1,Q,0,NCTY.O
186:NDRA,ES,1,Q,0,NDRA.O
186:NECB,ES,1,Q,0,NECB.O
186:NEGG,ES,1,Q,0,NEGG.O
186:NEO,ES,1,Q,0,NEO.O
186:NEON,ES,1,Q,0,NEON.O
186:NEOV,ES,1,Q,0,NEOV.O
186:NEOVW,RW,1,Q,0,NEOVW.O
186:NEPH,ES,1,Q,0,NEPH.O
186:NERV,ES,1,Q,0,NERV.O
186:NESR,ES,1,Q,0,NESR.O
186:NEXM,ES,1,Q,0,NEXM.O
186:NEXT,ES,1,Q,0,NEXT.O
186:NGEN,ES,1,Q,0,NGEN.O
186:NHTC,ES,1,Q,0,NHTC.O
186:NIOBW,RW,1,Q,0,NIOBW.O
186:NIVF,ES,1,Q,0,NIVF.O
186:NIVFW,RW,1,Q,0,NIVFW.O
186:NIXX,ES,1,Q,0,NIXX.O
186:NIXXW,RW,1,Q,0,NIXXW.O
186:NKSH,ES,1,Q,0,NKSH.O
186:NKTR,ES,1,Q,0,NKTR.O
186:NMTC,ES,1,Q,0,NMTC.O
186:NN,ES,1,Q,0,NN.O
186:NNAVW,RW,1,Q,0,NNAVW.O
186:NNDM,ED,1,Q,0,NNDM.O
186:NNE,ES,1,Q,0,NNE.O
186:NODK,ES,1,Q,0,NODK.O
186:NOMA,ES,1,Q,0,NOMA.O
186:NOTV,ES,1,Q,0,NOTV.O
186:NPT,ES,1,Q,0,NPT.O
186:NRSN,ES,1,Q,0,NRSN.O
186:NRSNW,RW,1,Q,0,NRSNW.O
186:NRXP,ES,1,Q,0,NRXP.O
186:NRXPW,RW,1,Q,0,NRXPW.O
186:NSPR,ES,1,Q,0,NSPR.O
186:NSTS,ES,1,Q,0,NSTS.O
186:NSYS,ES,1,Q,0,NSYS.O
186:NTCL,ES,1,Q,0,NTCL.O
186:NTRB,ES,1,Q,0,NTRB.O
186:NTRBW,RW,1,Q,0,NTRBW.O
186:NTRP,ES,1,Q,0,NTRP.O
186:NTWK,ES,1,Q,0,NTWK.O
186:NUAIW,RW,1,Q,0,NUAIW.O
186:NUCL,ES,1,Q,0,NUCL.O
186:NUCLW,RW,1,Q,0,NUCLW.O
186:NUTR,ES,1,Q,0,NUTR.O
186:NUTX,ES,1,Q,0,NUTX.O
186:NUWE,ES,1,Q,0,NUWE.O
186:NVA,ED,1,Q,0,NVA.O
186:NVAWW,RW,1,Q,0,NVAWW.O
186:NVCT,ES,1,Q,0,NVCT.O
186:NVEC,ES,1,Q,0,NVEC.O
186:NVNI,ES,1,Q,0,NVNI.O
186:NVNIW,RW,1,Q,0,NVNIW.O
186:NVNO,ES,1,Q,0,NVNO.O
186:NVVE,ES,1,Q,0,NVVE.O
186:NVVEW,RW,1,Q,0,NVVEW.O
186:NWGL,ED,1,Q,0,NWGL.O
186:NWTG,ES,1,Q,0,NWTG.O
186:NXGL,ES,1,Q,0,NXGL.O
186:NXGLW,RW,1,Q,0,NXGLW.O
186:NXL,ES,1,Q,0,NXL.O
186:NXPL,ES,1,Q,0,NXPL.O
186:NXPLW,RW,1,Q,0,NXPLW.O
186:NXTS,ES,1,Q,0,NXTS.O
186:NXTT,ES,1,Q,0,NXTT.O
186:NXXT,ES,1,Q,0,NXXT.O
186:OABIW,RW,1,Q,0,OABIW.O
186:OAKU,ES,1,Q,0,OAKU.O
186:OAKUR,M,1,Q,0,OAKUR.O
186:OAKUU,EU,1,Q,0,OAKUU.O
186:OAKUW,RW,1,Q,0,OAKUW.O
186:OBT,ES,1,Q,0,OBT.O
186:OCCI,ES,1,Q,0,OCCI.O
186:OCCIM,EP,1,Q,0,OCCIM.O
186:OCCIN,EP,1,Q,0,OCCIN.O
186:OCCIO,EP,1,Q,0,OCCIO.O
186:OCG,ES,1,Q,0,OCG.O
186:OCGN,ES,1,Q,0,OCGN.O
186:ODVWZ,RW,1,Q,0,ODVWZ.O
186:ODYS,ES,1,Q,0,ODYS.O
186:OESX,ES,1,Q,0,OESX.O
186:OFAL,ES,1,Q,0,OFAL.O
186:OIO,ES,1,Q,0,OIO.O
186:OIOWW,RW,1,Q,0,OIOWW.O
186:OKYO,ES,1,Q,0,OKYO.O
186:OLB,ES,1,Q,0,OLB.O
186:OLOX,ES,1,Q,0,OLOX.O
186:OMEX,ES,1,Q,0,OMEX.O
186:OMH,ES,1,Q,0,OMH.O
186:OMSE,ES,1,Q,0,OMSE.O
186:ONCO,ES,1,Q,0,ONCO.O
186:ONCY,ES,1,Q,0,ONCY.O
186:ONDS,ES,1,Q,0,ONDS.O
186:ONEG,ES,1,Q,0,ONEG.O
186:ONFO,ES,1,Q,0,ONFO.O
186:ONFOW,RW,1,Q,0,ONFOW.O
186:ONMD,ES,1,Q,0,ONMD.O
186:ONMDW,RW,1,Q,0,ONMDW.O
186:OPAL,ES,1,Q,0,OPAL.O
186:OPRX,ES,1,Q,0,OPRX.O
186:OPTX,ES,1,Q,0,OPTX.O
186:OPTXW,RW,1,Q,0,OPTXW.O
186:OPXS,ES,1,Q,0,OPXS.O
186:ORBS,ES,1,Q,0,ORBS.O
186:ORGN,ES,1,Q,0,ORGN.O
186:ORGNW,RW,1,Q,0,ORGNW.O
186:ORGO,ES,1,Q,0,ORGO.O
186:ORIO,ES,1,Q,0,ORIO.O
186:ORIS,ES,1,Q,0,ORIS.O
186:ORKT,ES,1,Q,0,ORKT.O
186:ORMP,ES,1,Q,0,ORMP.O
186:ORRF,ES,1,Q,0,ORRF.O
186:OSPN,ES,1,Q,0,OSPN.O
186:OSRH,ES,1,Q,0,OSRH.O
186:OSRHW,RW,1,Q,0,OSRHW.O
186:OSS,ES,1,Q,0,OSS.O
186:OST,ES,1,Q,0,OST.O
186:OSW,ES,1,Q,0,OSW.O
186:OTLK,ES,1,Q,0,OTLK.O
186:OVID,ES,1,Q,0,OVID.O
186:OVLY,ES,1,Q,0,OVLY.O
186:OXBR,ES,1,Q,0,OXBR.O
186:OXBRW,RW,1,Q,0,OXBRW.O
186:PALI,ES,1,Q,0,PALI.O
186:PANL,ES,1,Q,0,PANL.O
186:PARK,ES,1,Q,0,PARK.O
186:PASG,ES,1,Q,0,PASG.O
186:PASW,ES,1,Q,0,PASW.O
186:PAVM,ES,1,Q,0,PAVM.O
186:PAVS,ES,1,Q,0,PAVS.O
186:PAYS,ES,1,Q,0,PAYS.O
186:PBFS,ES,1,Q,0,PBFS.O
186:PBHC,ES,1,Q,0,PBHC.O
186:PBM,ES,1,Q,0,PBM.O
186:PBMWW,RW,1,Q,0,PBMWW.O
186:PC,ES,1,Q,0,PC.O
186:PCLA,ED,1,Q,0,PCLA.O
186:PCSA,ES,1,Q,0,PCSA.O
186:PCT,ES,1,Q,0,PCT.O
186:PCTTU,EU,1,Q,0,PCTTU.O
186:PCTTW,RW,1,Q,0,PCTTW.O
186:PCYO,ES,1,Q,0,PCYO.O
186:PDC,ED,1,Q,0,PDC.O
186:PDEX,ES,1,Q,0,PDEX.O
186:PDSB,ES,1,Q,0,PDSB.O
186:PESI,ES,1,Q,0,PESI.O
186:PETZ,ES,1,Q,0,PETZ.O
186:PFAI,ES,1,Q,0,PFAI.O
186:PGY,ES,1,Q,0,PGY.O
186:PGYWW,RW,1,Q,0,PGYWW.O
186:PHIO,ES,1,Q,0,PHIO.O
186:PHOE,ES,1,Q,0,PHOE.O
186:PHUN,ES,1,Q,0,PHUN.O
186:PIII,ES,1,Q,0,PIII.O
186:PIIIW,RW,1,Q,0,PIIIW.O
186:PKBK,ES,1,Q,0,PKBK.O
186:PLBC,ES,1,Q,0,PLBC.O
186:PLRZ,ES,1,Q,0,PLRZ.O
186:PLSE,ES,1,Q,0,PLSE.O
186:PLSM,ES,1,Q,0,PLSM.O
186:PLTS,ES,1,Q,0,PLTS.O
186:PLUG,ES,1,Q,0,PLUG.O
186:PLUR,ES,1,Q,0,PLUR.O
186:PLUT,ES,1,Q,0,PLUT.O
186:PLYX,ES,1,Q,0,PLYX.O
186:PMAX,ES,1,Q,0,PMAX.O
186:PMCB,ES,1,Q,0,PMCB.O
186:PMEC,ES,1,Q,0,PMEC.O
186:PMN,ES,1,Q,0,PMN.O
186:PN,ES,1,Q,0,PN.O
186:PNRG,ES,1,Q,0,PNRG.O
186:POCI,ES,1,Q,0,POCI.O
186:PODC,ES,1,Q,0,PODC.O
186:POET,ES,1,Q,0,POET.O
186:POLA,ES,1,Q,0,POLA.O
186:POWW,ES,1,Q,0,POWW.O
186:POWWP,EP,1,Q,0,POWWP.O
186:PPBT,ED,1,Q,0,PPBT.O
186:PPCB,ES,1,Q,0,PPCB.O
186:PPSI,ES,1,Q,0,PPSI.O
186:PPTA,ES,1,Q,0,PPTA.O
186:PRCH,ES,1,Q,0,PRCH.O
186:PRENW,RW,1,Q,0,PRENW.O
186:PRFX,ES,1,Q,0,PRFX.O
186:PRHI,ES,1,Q,0,PRHI.O
186:PROF,ES,1,Q,0,PROF.O
186:PROK,ES,1,Q,0,PROK.O
186:PROP,ES,1,Q,0,PROP.O
186:PRPO,ES,1,Q,0,PRPO.O
186:PRQR,ES,1,Q,0,PRQR.O
186:PRSO,ES,1,Q,0,PRSO.O
186:PRTH,ES,1,Q,0,PRTH.O
186:PRTS,ES,1,Q,0,PRTS.O
186:PRZO,ES,1,Q,0,PRZO.O
186:PSHG,ES,1,Q,0,PSHG.O
186:PSIG,ES,1,Q,0,PSIG.O
186:PSIX,ES,1,Q,0,PSIX.O
186:PSTV,ES,1,Q,0,PSTV.O
186:PTLE,ES,1,Q,0,PTLE.O
186:PTNM,ES,1,Q,0,PTNM.O
186:PULM,ES,1,Q,0,PULM.O
186:PURR,ES,1,Q,0,PURR.O
186:PVLA,ES,1,Q,0,PVLA.O
186:PXLW,ES,1,Q,0,PXLW.O
186:PXS,ES,1,Q,0,PXS.O
186:PYPD,ES,1,Q,0,PYPD.O
186:QCLS,ES,1,Q,0,QCLS.O
186:QMMM,ES,1,Q,0,QMMM.O
186:QNRX,ED,1,Q,0,QNRX.O
186:QNTM,ES,1,Q,0,QNTM.O
186:QRHC,ES,1,Q,0,QRHC.O
186:QTI,ES,1,Q,0,QTI.O
186:QTTB,ES,1,Q,0,QTTB.O
186:QUBT,ES,1,Q,0,QUBT.O
186:QUCY,ES,1,Q,0,QUCY.O
186:QUIK,ES,1,Q,0,QUIK.O
186:QVCGA,ES,1,Q,0,QVCGA.O
186:QVCGP,EP,1,Q,0,QVCGP.O
186:RADX,ED,1,Q,0,RADX.O
186:RAIN,ES,1,Q,0,RAIN.O
186:RAINW,RW,1,Q,0,RAINW.O
186:RAND,ES,1,Q,0,RAND.O
186:RAVE,ES,1,Q,0,RAVE.O
186:RAY,ES,1,Q,0,RAY.O
186:RAYA,ES,1,Q,0,RAYA.O
186:RBKB,ES,1,Q,0,RBKB.O
186:RBNE,ES,1,Q,0,RBNE.O
186:RCAT,ES,1,Q,0,RCAT.O
186:RCEL,ES,1,Q,0,RCEL.O
186:RCKTW,RW,1,Q,0,RCKTW.O
186:RCON,ES,1,Q,0,RCON.O
186:RCT,ES,1,Q,0,RCT.O
186:RDAC,ES,1,Q,0,RDAC.O
186:RDACR,M,1,Q,0,RDACR.O
186:RDACU,EU,1,Q,0,RDACU.O
186:RDCM,ES,1,Q,0,RDCM.O
186:RDGT,ES,1,Q,0,RDGT.O
186:RDHL,ED,1,Q,0,RDHL.O
186:RDI,ES,1,Q,0,RDI.O
186:RDIB,ES,1,Q,0,RDIB.O
186:RDNW,ES,1,Q,0,RDNW.O
186:RDVT,ES,1,Q,0,RDVT.O
186:RDZNW,RW,1,Q,0,RDZNW.O
186:REAX,ES,1,Q,0,REAX.O
186:REBN,ES,1,Q,0,REBN.O
186:RECT,ES,1,Q,0,RECT.O
186:REE,ES,1,Q,0,REE.O
186:REFR,ES,1,Q,0,REFR.O
186:REKR,ES,1,Q,0,REKR.O
186:RENX,ES,1,Q,0,RENX.O
186:RETO,ES,1,Q,0,RETO.O
186:REVB,ES,1,Q,0,REVB.O
186:REVBW,RW,1,Q,0,REVBW.O
186:RGC,ES,1,Q,0,RGC.O
186:RGTI,ES,1,Q,0,RGTI.O
186:RGTIW,RW,1,Q,0,RGTIW.O
186:RIBB,ES,1,Q,0,RIBB.O
186:RIBBR,M,1,Q,0,RIBBR.O
186:RIBBU,EU,1,Q,0,RIBBU.O
186:RIME,ES,1,Q,0,RIME.O
186:RIOT,ES,1,Q,0,RIOT.O
186:RITR,ES,1,Q,0,RITR.O
186:RKDA,ES,1,Q,0,RKDA.O
186:RKLB,ES,1,Q,0,RKLB.O
186:RLMD,ES,1,Q,0,RLMD.O
186:RLYB,ES,1,Q,0,RLYB.O
186:RMBI,ES,1,Q,0,RMBI.O
186:RMCF,ES,1,Q,0,RMCF.O
186:RMCO,ES,1,Q,0,RMCO.O
186:RMCOW,RW,1,Q,0,RMCOW.O
186:RMR,ES,1,Q,0,RMR.O
186:RMSG,ES,1,Q,0,RMSG.O
186:RMSGW,RW,1,Q,0,RMSGW.O
186:RMTI,ES,1,Q,0,RMTI.O
186:RNAZ,ES,1,Q,0,RNAZ.O
186:RNTX,ES,1,Q,0,RNTX.O
186:RNXT,ES,1,Q,0,RNXT.O
186:ROC,ES,1,Q,0,ROC.O
186:ROMA,ES,1,Q,0,ROMA.O
186:RPAY,ES,1,Q,0,RPAY.O
186:RPGL,ES,1,Q,0,RPGL.O
186:RPID,ES,1,Q,0,RPID.O
186:RR,ES,1,Q,0,RR.O
186:RSSS,ES,1,Q,0,RSSS.O
186:RUBI,ES,1,Q,0,RUBI.O
186:RVPH,ES,1,Q,0,RVPH.O
186:RVSN,ES,1,Q,0,RVSN.O
186:RVSNW,RW,1,Q,0,RVSNW.O
186:RVYL,ES,1,Q,0,RVYL.O
186:RYET,ES,1,Q,0,RYET.O
186:RYM,ES,1,Q,0,RYM.O
186:RYOJ,ES,1,Q,0,RYOJ.O
186:RZLT,ES,1,Q,0,RZLT.O
186:RZLVW,RW,1,Q,0,RZLVW.O
186:SABS,ES,1,Q,0,SABS.O
186:SABSW,RW,1,Q,0,SABSW.O
186:SAFX,ES,1,Q,0,SAFX.O
186:SAGT,ES,1,Q,0,SAGT.O
186:SAIH,ES,1,Q,0,SAIH.O
186:SAIHW,RW,1,Q,0,SAIHW.O
186:SATL,ES,1,Q,0,SATL.O
186:SATLW,RW,1,Q,0,SATLW.O
186:SBCWW,RW,1,Q,0,SBCWW.O
186:SBET,ES,1,Q,0,SBET.O
186:SBFG,ES,1,Q,0,SBFG.O
186:SBFM,ES,1,Q,0,SBFM.O
186:SBFMW,RW,1,Q,0,SBFMW.O
186:SBLX,ES,1,Q,0,SBLX.O
186:SCAGW,RW,1,Q,0,SCAGW.O
186:SCKT,ES,1,Q,0,SCKT.O
186:SCLX,ES,1,Q,0,SCLX.O
186:SCLXW,RW,1,Q,0,SCLXW.O
186:SCNI,ED,1,Q,0,SCNI.O
186:SCNX,ES,1,Q,0,SCNX.O
186:SCWO,ES,1,Q,0,SCWO.O
186:SCYX,ES,1,Q,0,SCYX.O
186:SCZM,ES,1,Q,0,SCZM.O
186:SDA,ES,1,Q,0,SDA.O
186:SDAWW,RW,1,Q,0,SDAWW.O
186:SDM,ES,1,Q,0,SDM.O
186:SDOT,ES,1,Q,0,SDOT.O
186:SDST,ES,1,Q,0,SDST.O
186:SDSTW,RW,1,Q,0,SDSTW.O
186:SEED,ES,1,Q,0,SEED.O
186:SELF,ES,1,Q,0,SELF.O
186:SELX,ES,1,Q,0,SELX.O
186:SERV,ES,1,Q,0,SERV.O
186:SEV,ES,1,Q,0,SEV.O
186:SEVN,ES,1,Q,0,SEVN.O
186:SEZL,ES,1,Q,0,SEZL.O
186:SFBC,ES,1,Q,0,SFBC.O
186:SFHG,ES,1,Q,0,SFHG.O
186:SFWL,ES,1,Q,0,SFWL.O
186:SGLY,ES,1,Q,0,SGLY.O
186:SGML,ES,1,Q,0,SGML.O
186:SGMO,ES,1,Q,0,SGMO.O
186:SGRP,ES,1,Q,0,SGRP.O
186:SHAZ,ES,1,Q,0,SHAZ.O
186:SHFS,ES,1,Q,0,SHFS.O
186:SHFSW,RW,1,Q,0,SHFSW.O
186:SHIM,ES,1,Q,0,SHIM.O
186:SHIP,ES,1,Q,0,SHIP.O
186:SHMDW,RW,1,Q,0,SHMDW.O
186:SHPH,ES,1,Q,0,SHPH.O
186:SIDU,ES,1,Q,0,SIDU.O
186:SIEB,ES,1,Q,0,SIEB.O
186:SIFY,ED,1,Q,0,SIFY.O
186:SILO,ES,1,Q,0,SILO.O
186:SINT,ES,1,Q,0,SINT.O
186:SJ,ES,1,Q,0,SJ.O
186:SKBL,ES,1,Q,0,SKBL.O
186:SKIN,ES,1,Q,0,SKIN.O
186:SKK,ES,1,Q,0,SKK.O
186:SKYQ,ES,1,Q,0,SKYQ.O
186:SKYT,ES,1,Q,0,SKYT.O
186:SKYX,ES,1,Q,0,SKYX.O
186:SLE,ES,1,Q,0,SLE.O
186:SLGB,ES,1,Q,0,SLGB.O
186:SLGL,ES,1,Q,0,SLGL.O
186:SLMT,ES,1,Q,0,SLMT.O
186:SLNG,ES,1,Q,0,SLNG.O
186:SLNH,ES,1,Q,0,SLNH.O
186:SLNHP,EP,1,Q,0,SLNHP.O
186:SLNO,ES,1,Q,0,SLNO.O
186:SLS,ES,1,Q,0,SLS.O
186:SLSN,ES,1,Q,0,SLSN.O
186:SLXN,ES,1,Q,0,SLXN.O
186:SLXNW,RW,1,Q,0,SLXNW.O
186:SMID,ES,1,Q,0,SMID.O
186:SMPL,ES,1,Q,0,SMPL.O
186:SMSI,ES,1,Q,0,SMSI.O
186:SMTI,ES,1,Q,0,SMTI.O
186:SMTK,ES,1,Q,0,SMTK.O
186:SMX,ES,1,Q,0,SMX.O
186:SMXT,ES,1,Q,0,SMXT.O
186:SMXWW,RW,1,Q,0,SMXWW.O
186:SNAL,ES,1,Q,0,SNAL.O
186:SNDL,ES,1,Q,0,SNDL.O
186:SNES,ES,1,Q,0,SNES.O
186:SNGX,ES,1,Q,0,SNGX.O
186:SNOA,ES,1,Q,0,SNOA.O
186:SNSE,ES,1,Q,0,SNSE.O
186:SNTG,ES,1,Q,0,SNTG.O
186:SNTI,ES,1,Q,0,SNTI.O
186:SNYR,ES,1,Q,0,SNYR.O
186:SOBR,ES,1,Q,0,SOBR.O
186:SOGP,ED,1,Q,0,SOGP.O
186:SONM,ES,1,Q,0,SONM.O
186:SOPA,ES,1,Q,0,SOPA.O
186:SORA,ES,1,Q,0,SORA.O
186:SOTK,ES,1,Q,0,SOTK.O
186:SOWG,ES,1,Q,0,SOWG.O
186:SPAI,ES,1,Q,0,SPAI.O
186:SPCB,ES,1,Q,0,SPCB.O
186:SPHL,ES,1,Q,0,SPHL.O
186:SPPL,ES,1,Q,0,SPPL.O
186:SPRB,ES,1,Q,0,SPRB.O
186:SPRC,ES,1,Q,0,SPRC.O
186:SPT,ES,1,Q,0,SPT.O
186:SPWRW,RW,1,Q,0,SPWRW.O
186:SQFT,ES,1,Q,0,SQFT.O
186:SQFTP,EP,1,Q,0,SQFTP.O
186:SQFTW,RW,1,Q,0,SQFTW.O
186:SRBK,ES,1,Q,0,SRBK.O
186:SRTA,ES,1,Q,0,SRTA.O
186:SRTAW,RW,1,Q,0,SRTAW.O
186:SRTS,ES,1,Q,0,SRTS.O
186:SRZN,ES,1,Q,0,SRZN.O
186:SRZNW,RW,1,Q,0,SRZNW.O
186:SSEA,ES,1,Q,0,SSEA.O
186:SSEAR,M,1,Q,0,SSEAR.O
186:SSEAU,EU,1,Q,0,SSEAU.O
186:SSII,ES,1,Q,0,SSII.O
186:SSM,ES,1,Q,0,SSM.O
186:SSTI,ES,1,Q,0,SSTI.O
186:STAK,ES,1,Q,0,STAK.O
186:STEX,ES,1,Q,0,STEX.O
186:STFS,ES,1,Q,0,STFS.O
186:STI,ES,1,Q,0,STI.O
186:STKH,ED,1,Q,0,STKH.O
186:STKS,ES,1,Q,0,STKS.O
186:STSS,ES,1,Q,0,STSS.O
186:STSSW,RW,1,Q,0,STSSW.O
186:SUGP,ES,1,Q,0,SUGP.O
186:SUIG,ES,1,Q,0,SUIG.O
186:SUNE,ES,1,Q,0,SUNE.O
186:SUNS,ES,1,Q,0,SUNS.O
186:SUPX,ES,1,Q,0,SUPX.O
186:SURG,ES,1,Q,0,SURG.O
186:SVRE,ED,1,Q,0,SVRE.O
186:SVREW,RW,1,Q,0,SVREW.O
186:SVRN,ES,1,Q,0,SVRN.O
186:SWAG,ES,1,Q,0,SWAG.O
186:SWAGW,RW,1,Q,0,SWAGW.O
186:SWMR,ES,1,Q,0,SWMR.O
186:SWVL,ES,1,Q,0,SWVL.O
186:SWVLW,RW,1,Q,0,SWVLW.O
186:SXTC,ES,1,Q,0,SXTC.O
186:SXTP,ES,1,Q,0,SXTP.O
186:SXTPW,RW,1,Q,0,SXTPW.O
186:SY,ED,1,Q,0,SY.O
186:TALK,ES,1,Q,0,TALK.O
186:TALKW,RW,1,Q,0,TALKW.O
186:TANH,ES,1,Q,0,TANH.O
186:TAOP,ES,1,Q,0,TAOP.O
186:TAOX,ES,1,Q,0,TAOX.O
186:TAYD,ES,1,Q,0,TAYD.O
186:TBH,ES,1,Q,0,TBH.O
186:TC,ED,1,Q,0,TC.O
186:TCBS,ES,1,Q,0,TCBS.O
186:TCRT,ES,1,Q,0,TCRT.O
186:TCX,ES,1,Q,0,TCX.O
186:TDIC,ES,1,Q,0,TDIC.O
186:TDTH,ED,1,Q,0,TDTH.O
186:TELO,ES,1,Q,0,TELO.O
186:TENX,ES,1,Q,0,TENX.O
186:TGHL,ES,1,Q,0,TGHL.O
186:TGL,ES,1,Q,0,TGL.O
186:TGTX,ES,1,Q,0,TGTX.O
186:TH,ES,1,Q,0,TH.O
186:THCH,ES,1,Q,0,THCH.O
186:THH,ES,1,Q,0,THH.O
186:THRY,ES,1,Q,0,THRY.O
186:TIL,ES,1,Q,0,TIL.O
186:TIPT,ES,1,Q,0,TIPT.O
186:TIVC,ES,1,Q,0,TIVC.O
186:TJGC,ES,1,Q,0,TJGC.O
186:TKLF,ED,1,Q,0,TKLF.O
186:TLF,ES,1,Q,0,TLF.O
186:TLIH,ES,1,Q,0,TLIH.O
186:TLPH,ES,1,Q,0,TLPH.O
186:TLSA,ES,1,Q,0,TLSA.O
186:TNMG,ES,1,Q,0,TNMG.O
186:TNON,ES,1,Q,0,TNON.O
186:TNONW,RW,1,Q,0,TNONW.O
186:TOI,ES,1,Q,0,TOI.O
186:TOIIW,RW,1,Q,0,TOIIW.O
186:TOMZ,ES,1,Q,0,TOMZ.O
186:TONX,ES,1,Q,0,TONX.O
186:TOP,ES,1,Q,0,TOP.O
186:TORO,ES,1,Q,0,TORO.O
186:TOUR,ED,1,Q,0,TOUR.O
186:TOYO,ES,1,Q,0,TOYO.O
186:TPCS,ES,1,Q,0,TPCS.O
186:TPST,ES,1,Q,0,TPST.O
186:TRAW,ES,1,Q,0,TRAW.O
186:TRNR,ES,1,Q,0,TRNR.O
186:TRON,ES,1,Q,0,TRON.O
186:TROO,ES,1,Q,0,TROO.O
186:TRSG,ES,1,Q,0,TRSG.O
186:TRUG,ES,1,Q,0,TRUG.O
186:TSSI,ES,1,Q,0,TSSI.O
186:TULP,ES,1,Q,0,TULP.O
186:TURB,ED,1,Q,0,TURB.O
186:TVGNW,RW,1,Q,0,TVGNW.O
186:TVRD,ES,1,Q,0,TVRD.O
186:TWAV,ES,1,Q,0,TWAV.O
186:TWG,ES,1,Q,0,TWG.O
186:TYGO,ES,1,Q,0,TYGO.O
186:UBCP,ES,1,Q,0,UBCP.O
186:UBXG,ES,1,Q,0,UBXG.O
186:UCAR,ES,1,Q,0,UCAR.O
186:UCFI,ES,1,Q,0,UCFI.O
186:UCFIW,RW,1,Q,0,UCFIW.O
186:UFG,ES,1,Q,0,UFG.O
186:UFPT,ES,1,Q,0,UFPT.O
186:UGRO,ES,1,Q,0,UGRO.O
186:UHGWW,RW,1,Q,0,UHGWW.O
186:UK,ES,1,Q,0,UK.O
186:UNCY,ES,1,Q,0,UNCY.O
186:UOKA,ES,1,Q,0,UOKA.O
186:UONE,ES,1,Q,0,UONE.O
186:UONEK,ES,1,Q,0,UONEK.O
186:UPC,ES,1,Q,0,UPC.O
186:UPXI,ES,1,Q,0,UPXI.O
186:UROY,ES,1,Q,0,UROY.O
186:USAU,ES,1,Q,0,USAU.O
186:USEA,ES,1,Q,0,USEA.O
186:USEG,ES,1,Q,0,USEG.O
186:USGO,ES,1,Q,0,USGO.O
186:USGOW,RW,1,Q,0,USGOW.O
186:UYSC,ES,1,Q,0,UYSC.O
186:UYSCR,M,1,Q,0,UYSCR.O
186:UYSCU,EU,1,Q,0,UYSCU.O
186:VABK,ES,1,Q,0,VABK.O
186:VALU,ES,1,Q,0,VALU.O
186:VANI,ES,1,Q,0,VANI.O
186:VBIX,ES,1,Q,0,VBIX.O
186:VCIG,ES,1,Q,0,VCIG.O
186:VEEAW,RW,1,Q,0,VEEAW.O
186:VEEE,ES,1,Q,0,VEEE.O
186:VELO,ES,1,Q,0,VELO.O
186:VERU,ES,1,Q,0,VERU.O
186:VFF,ES,1,Q,0,VFF.O
186:VFSWW,RW,1,Q,0,VFSWW.O
186:VGAS,ES,1,Q,0,VGAS.O
186:VGASW,RW,1,Q,0,VGASW.O
186:VHC,ES,1,Q,0,VHC.O
186:VIVO,ES,1,Q,0,VIVO.O
186:VIVS,ES,1,Q,0,VIVS.O
186:VKTX,ES,1,Q,0,VKTX.O
186:VMAR,ES,1,Q,0,VMAR.O
186:VMD,ES,1,Q,0,VMD.O
186:VMET,ES,1,Q,0,VMET.O
186:VNCE,ES,1,Q,0,VNCE.O
186:VOXR,ES,1,Q,0,VOXR.O
186:VRAX,ES,1,Q,0,VRAX.O
186:VRCA,ES,1,Q,0,VRCA.O
186:VRDN,ES,1,Q,0,VRDN.O
186:VRME,ES,1,Q,0,VRME.O
186:VRRM,ES,1,Q,0,VRRM.O
186:VS,ES,1,Q,0,VS.O
186:VSA,ED,1,Q,0,VSA.O
186:VSEE,ES,1,Q,0,VSEE.O
186:VSEEW,RW,1,Q,0,VSEEW.O
186:VSME,ES,1,Q,0,VSME.O
186:VSTD,ES,1,Q,0,VSTD.O
186:VSTM,ES,1,Q,0,VSTM.O
186:VTGN,ES,1,Q,0,VTGN.O
186:VTSI,ES,1,Q,0,VTSI.O
186:VTVT,ES,1,Q,0,VTVT.O
186:VUZI,ES,1,Q,0,VUZI.O
186:VVOS,ES,1,Q,0,VVOS.O
186:VWAVW,RW,1,Q,0,VWAVW.O
186:VYNE,ES,1,Q,0,VYNE.O
186:WAFU,ES,1,Q,0,WAFU.O
186:WAI,ES,1,Q,0,WAI.O
186:WALD,ES,1,Q,0,WALD.O
186:WALDW,RW,1,Q,0,WALDW.O
186:WATT,ES,1,Q,0,WATT.O
186:WAVE,ED,1,Q,0,WAVE.O
186:WBUY,ES,1,Q,0,WBUY.O
186:WCT,ES,1,Q,0,WCT.O
186:WETH,ES,1,Q,0,WETH.O
186:WETO,ES,1,Q,0,WETO.O
186:WFCF,ES,1,Q,0,WFCF.O
186:WFF,ES,1,Q,0,WFF.O
186:WGRX,ES,1,Q,0,WGRX.O
186:WHLR,ES,1,Q,0,WHLR.O
186:WHLRD,EP,1,Q,0,WHLRD.O
186:WHLRL,DC,1,Q,0,WHLRL.O
186:WHLRP,EP,1,Q,0,WHLRP.O
186:WHWK,ES,1,Q,0,WHWK.O
186:WILC,ES,1,Q,0,WILC.O
186:WKHS,ES,1,Q,0,WKHS.O
186:WKSP,ES,1,Q,0,WKSP.O
186:WLDS,ES,1,Q,0,WLDS.O
186:WLDSW,RW,1,Q,0,WLDSW.O
186:WNW,ES,1,Q,0,WNW.O
186:WOK,ES,1,Q,0,WOK.O
186:WORX,ES,1,Q,0,WORX.O
186:WRAP,ES,1,Q,0,WRAP.O
186:WSBK,ES,1,Q,0,WSBK.O
186:WSC,ES,1,Q,0,WSC.O
186:WSHP,ES,1,Q,0,WSHP.O
186:WSTN,ES,1,Q,0,WSTN.O
186:WSTNR,M,1,Q,0,WSTNR.O
186:WSTNU,EU,1,Q,0,WSTNU.O
186:WTF,ES,1,Q,0,WTF.O
186:WTG,ES,1,Q,0,WTG.O
186:WTGUR,M,1,Q,0,WTGUR.O
186:WTGUU,EU,1,Q,0,WTGUU.O
186:WTO,ES,1,Q,0,WTO.O
186:WULF,ES,1,Q,0,WULF.O
186:WVVI,ES,1,Q,0,WVVI.O
186:WVVIP,EP,1,Q,0,WVVIP.O
186:WXM,ES,1,Q,0,WXM.O
186:WYFI,ES,1,Q,0,WYFI.O
186:WYHG,ED,1,Q,0,WYHG.O
186:XAIR,ES,1,Q,0,XAIR.O
186:XBIO,ES,1,Q,0,XBIO.O
186:XBP,ES,1,Q,0,XBP.O
186:XBPEW,RW,1,Q,0,XBPEW.O
186:XCUR,ES,1,Q,0,XCUR.O
186:XELB,ES,1,Q,0,XELB.O
186:XFOR,ES,1,Q,0,XFOR.O
186:XHG,ED,1,Q,0,XHG.O
186:XHLD,ES,1,Q,0,XHLD.O
186:XLO,ES,1,Q,0,XLO.O
186:XOS,ES,1,Q,0,XOS.O
186:XOSWW,RW,1,Q,0,XOSWW.O
186:XPEL,ES,1,Q,0,XPEL.O
186:XPON,ES,1,Q,0,XPON.O
186:XRTX,ES,1,Q,0,XRTX.O
186:XTIA,ES,1,Q,0,XTIA.O
186:XTKG,ES,1,Q,0,XTKG.O
186:XTLB,ED,1,Q,0,XTLB.O
186:XWEL,ES,1,Q,0,XWEL.O
186:XWIN,ES,1,Q,0,XWIN.O
186:XXII,ES,1,Q,0,XXII.O
186:YAAS,ES,1,Q,0,YAAS.O
186:YDDL,ES,1,Q,0,YDDL.O
186:YDKG,ES,1,Q,0,YDKG.O
186:YHC,ES,1,Q,0,YHC.O
186:YHGJ,ES,1,Q,0,YHGJ.O
186:YIBO,ES,1,Q,0,YIBO.O
186:YJ,ED,1,Q,0,YJ.O
186:YMAT,ES,1,Q,0,YMAT.O
186:YOUL,ED,1,Q,0,YOUL.O
186:YSXT,ES,1,Q,0,YSXT.O
186:YTRA,ES,1,Q,0,YTRA.O
186:YYAI,ES,1,Q,0,YYAI.O
186:YYGH,ES,1,Q,0,YYGH.O
186:ZBAI,ES,1,Q,0,ZBAI.O
186:ZBAO,ES,1,Q,0,ZBAO.O
186:ZCMD,ES,1,Q,0,ZCMD.O
186:ZDAI,ES,1,Q,0,ZDAI.O
186:ZENA,ES,1,Q,0,ZENA.O
186:ZENV,ES,1,Q,0,ZENV.O
186:ZEO,ES,1,Q,0,ZEO.O
186:ZEOWW,RW,1,Q,0,ZEOWW.O
186:ZGM,ES,1,Q,0,ZGM.O
186:ZJK,ES,1,Q,0,ZJK.O
186:ZJYL,ES,1,Q,0,ZJYL.O
186:ZKIN,ES,1,Q,0,ZKIN.O
186:ZNB,ES,1,Q,0,ZNB.O
186:ZOOZ,ES,1,Q,0,ZOOZ.O
186:ZOOZW,RW,1,Q,0,ZOOZW.O
186:ZSPC,ES,1,Q,0,ZSPC.O
186:ZSTK,ES,1,Q,0,ZSTK.O
186:ZTEK,ES,1,Q,0,ZTEK.O
186:ZURA,ES,1,Q,0,ZURA.O
186:ZYBT,ES,1,Q,0,ZYBT.O
89:861001,I,1,,0,861001.TI
89:861002,I,1,,0,861002.TI
89:861003,I,1,,0,861003.TI
89:861004,I,1,,0,861004.TI
89:861005,I,1,,0,861005.TI
89:861006,I,1,,0,861006.TI
89:861007,I,1,,0,861007.TI
89:861008,I,1,,0,861008.TI
89:861009,I,1,,0,861009.TI
89:861010,I,1,,0,861010.TI
89:861011,I,1,,0,861011.TI
89:861012,I,1,,0,861012.TI
89:861013,I,1,,0,861013.TI
89:861014,I,1,,0,861014.TI
89:861015,I,1,,0,861015.TI
89:861016,I,1,,0,861016.TI
89:861017,I,1,,0,861017.TI
89:861018,I,1,,0,861018.TI
89:861019,I,1,,0,861019.TI
89:861020,I,1,,0,861020.TI
89:861021,I,1,,0,861021.TI
89:861022,I,1,,0,861022.TI
89:861023,I,1,,0,861023.TI
89:861024,I,1,,0,861024.TI
89:861025,I,1,,0,861025.TI
89:861026,I,1,,0,861026.TI
89:861027,I,1,,0,861027.TI
89:861028,I,1,,0,861028.TI
89:861029,I,1,,0,861029.TI
89:861031,I,1,,0,861031.TI
89:861032,I,1,,0,861032.TI
89:861033,I,1,,0,861033.TI
89:861034,I,1,,0,861034.TI
89:861035,I,1,,0,861035.TI
89:861036,I,1,,0,861036.TI
89:861037,I,1,,0,861037.TI
89:861038,I,1,,0,861038.TI
89:861039,I,1,,0,861039.TI
89:861040,I,1,,0,861040.TI
89:861041,I,1,,0,861041.TI
89:861042,I,1,,0,861042.TI
89:861043,I,1,,0,861043.TI
89:861044,I,1,,0,861044.TI
89:861045,I,1,,0,861045.TI
89:861047,I,1,,0,861047.TI
89:861048,I,1,,0,861048.TI
89:861049,I,1,,0,861049.TI
89:861050,I,1,,0,861050.TI
89:861051,I,1,,0,861051.TI
89:861052,I,1,,0,861052.TI
89:861053,I,1,,0,861053.TI
89:861054,I,1,,0,861054.TI
89:861055,I,1,,0,861055.TI
89:861056,I,1,,0,861056.TI
89:861057,I,1,,0,861057.TI
89:861058,I,1,,0,861058.TI
89:861059,I,1,,0,861059.TI
89:861060,I,1,,0,861060.TI
89:861061,I,1,,0,861061.TI
89:861062,I,1,,0,861062.TI
89:861063,I,1,,0,861063.TI
89:861064,I,1,,0,861064.TI
89:861065,I,1,,0,861065.TI
89:861066,I,1,,0,861066.TI
89:861067,I,1,,0,861067.TI
89:861068,I,1,,0,861068.TI
89:861070,I,1,,0,861070.TI
89:861071,I,1,,0,861071.TI
89:861072,I,1,,0,861072.TI
89:861073,I,1,,0,861073.TI
89:861074,I,1,,0,861074.TI
89:861075,I,1,,0,861075.TI
89:861076,I,1,,0,861076.TI
89:861077,I,1,,0,861077.TI
89:861078,I,1,,0,861078.TI
89:861079,I,1,,0,861079.TI
89:861080,I,1,,0,861080.TI
89:861081,I,1,,0,861081.TI
89:861082,I,1,,0,861082.TI
89:861083,I,1,,0,861083.TI
89:861084,I,1,,0,861084.TI
89:861085,I,1,,0,861085.TI
89:861086,I,1,,0,861086.TI
89:861087,I,1,,0,861087.TI
89:861088,I,1,,0,861088.TI
89:861089,I,1,,0,861089.TI
89:861090,I,1,,0,861090.TI
89:861091,I,1,,0,861091.TI
89:861092,I,1,,0,861092.TI
89:861093,I,1,,0,861093.TI
89:861094,I,1,,0,861094.TI
89:861095,I,1,,0,861095.TI
89:861096,I,1,,0,861096.TI
89:861097,I,1,,0,861097.TI
89:861098,I,1,,0,861098.TI
89:861099,I,1,,0,861099.TI
89:861100,I,1,,0,861100.TI
89:861101,I,1,,0,861101.TI
89:861102,I,1,,0,861102.TI
89:861103,I,1,,0,861103.TI
89:861104,I,1,,0,861104.TI
89:861105,I,1,,0,861105.TI
89:861106,I,1,,0,861106.TI
89:861107,I,1,,0,861107.TI
89:861108,I,1,,0,861108.TI
89:861109,I,1,,0,861109.TI
89:861110,I,1,,0,861110.TI
89:861111,I,1,,0,861111.TI
89:861112,I,1,,0,861112.TI
89:861113,I,1,,0,861113.TI
89:861114,I,1,,0,861114.TI
89:861115,I,1,,0,861115.TI
89:861116,I,1,,0,861116.TI
89:861117,I,1,,0,861117.TI
89:861118,I,1,,0,861118.TI
89:861119,I,1,,0,861119.TI
89:861120,I,1,,0,861120.TI
89:861121,I,1,,0,861121.TI
89:861122,I,1,,0,861122.TI
89:861123,I,1,,0,861123.TI
89:861124,I,1,,0,861124.TI
89:861125,I,1,,0,861125.TI
89:861126,I,1,,0,861126.TI
89:861127,I,1,,0,861127.TI
89:861128,I,1,,0,861128.TI
89:861129,I,1,,0,861129.TI
89:861130,I,1,,0,861130.TI
89:861131,I,1,,0,861131.TI
89:861132,I,1,,0,861132.TI
89:861133,I,1,,0,861133.TI
89:861134,I,1,,0,861134.TI
89:861135,I,1,,0,861135.TI
89:861136,I,1,,0,861136.TI
89:861137,I,1,,0,861137.TI
89:861138,I,1,,0,861138.TI
89:861139,I,1,,0,861139.TI
89:861140,I,1,,0,861140.TI
89:861141,I,1,,0,861141.TI
89:861142,I,1,,0,861142.TI
89:861143,I,1,,0,861143.TI
89:861144,I,1,,0,861144.TI
89:861145,I,1,,0,861145.TI
89:861146,I,1,,0,861146.TI
89:861147,I,1,,0,861147.TI
89:861148,I,1,,0,861148.TI
89:861149,I,1,,0,861149.TI
89:861151,I,1,,0,861151.TI
89:861152,I,1,,0,861152.TI
89:861154,I,1,,0,861154.TI
89:861155,I,1,,0,861155.TI
89:861156,I,1,,0,861156.TI
89:861157,I,1,,0,861157.TI
89:861158,I,1,,0,861158.TI
89:861159,I,1,,0,861159.TI
89:861160,I,1,,0,861160.TI
89:861161,I,1,,0,861161.TI
89:861162,I,1,,0,861162.TI
89:861163,I,1,,0,861163.TI
89:861164,I,1,,0,861164.TI
89:861165,I,1,,0,861165.TI
89:861166,I,1,,0,861166.TI
89:861167,I,1,,0,861167.TI
89:861168,I,1,,0,861168.TI
89:861169,I,1,,0,861169.TI
89:861170,I,1,,0,861170.TI
89:861171,I,1,,0,861171.TI
89:861172,I,1,,0,861172.TI
89:861173,I,1,,0,861173.TI
89:861177,I,1,,0,861177.TI
89:861178,I,1,,0,861178.TI
89:861179,I,1,,0,861179.TI
89:861180,I,1,,0,861180.TI
89:861181,I,1,,0,861181.TI
89:861182,I,1,,0,861182.TI
89:861183,I,1,,0,861183.TI
89:861184,I,1,,0,861184.TI
89:861185,I,1,,0,861185.TI
89:861186,I,1,,0,861186.TI
89:861187,I,1,,0,861187.TI
89:861188,I,1,,0,861188.TI
89:861189,I,1,,0,861189.TI
89:861190,I,1,,0,861190.TI
89:861191,I,1,,0,861191.TI
89:861192,I,1,,0,861192.TI
89:861193,I,1,,0,861193.TI
89:861194,I,1,,0,861194.TI
89:861195,I,1,,0,861195.TI
89:861196,I,1,,0,861196.TI
89:861197,I,1,,0,861197.TI
89:861198,I,1,,0,861198.TI
89:861199,I,1,,0,861199.TI
89:861200,I,1,,0,861200.TI
89:861201,I,1,,0,861201.TI
89:861202,I,1,,0,861202.TI
89:861203,I,1,,0,861203.TI
89:861204,I,1,,0,861204.TI
89:861205,I,1,,0,861205.TI
89:861206,I,1,,0,861206.TI
89:861208,I,1,,0,861208.TI
89:861209,I,1,,0,861209.TI
89:861210,I,1,,0,861210.TI
89:861211,I,1,,0,861211.TI
89:861212,I,1,,0,861212.TI
89:861213,I,1,,0,861213.TI
89:861214,I,1,,0,861214.TI
89:861215,I,1,,0,861215.TI
89:861216,I,1,,0,861216.TI
89:861217,I,1,,0,861217.TI
89:861218,I,1,,0,861218.TI
89:861219,I,1,,0,861219.TI
89:861220,I,1,,0,861220.TI
89:861221,I,1,,0,861221.TI
89:861222,I,1,,0,861222.TI
89:861224,I,1,,0,861224.TI
89:861225,I,1,,0,861225.TI
89:861226,I,1,,0,861226.TI
89:861227,I,1,,0,861227.TI
89:861228,I,1,,0,861228.TI
89:861229,I,1,,0,861229.TI
89:861230,I,1,,0,861230.TI
89:861231,I,1,,0,861231.TI
89:861232,I,1,,0,861232.TI
89:861233,I,1,,0,861233.TI
89:861234,I,1,,0,861234.TI
89:861235,I,1,,0,861235.TI
89:861236,I,1,,0,861236.TI
89:861237,I,1,,0,861237.TI
89:861238,I,1,,0,861238.TI
89:861239,I,1,,0,861239.TI
89:861240,I,1,,0,861240.TI
89:861241,I,1,,0,861241.TI
89:861242,I,1,,0,861242.TI
89:861243,I,1,,0,861243.TI
89:861244,I,1,,0,861244.TI
89:861245,I,1,,0,861245.TI
89:861246,I,1,,0,861246.TI
89:861247,I,1,,0,861247.TI
89:861248,I,1,,0,861248.TI
89:861249,I,1,,0,861249.TI
89:861250,I,1,,0,861250.TI
89:861251,I,1,,0,861251.TI
89:861263,I,1,,0,861263.TI
89:861264,I,1,,0,861264.TI
89:861265,I,1,,0,861265.TI
89:861266,I,1,,0,861266.TI
89:861267,I,1,,0,861267.TI
89:861268,I,1,,0,861268.TI
89:861269,I,1,,0,861269.TI
89:861270,I,1,,0,861270.TI
89:861271,I,1,,0,861271.TI
89:861272,I,1,,0,861272.TI
89:861273,I,1,,0,861273.TI
89:861274,I,1,,0,861274.TI
89:861275,I,1,,0,861275.TI
89:861276,I,1,,0,861276.TI
89:861277,I,1,,0,861277.TI
89:861278,I,1,,0,861278.TI
89:861279,I,1,,0,861279.TI
89:861280,I,1,,0,861280.TI
89:861281,I,1,,0,861281.TI
89:861282,I,1,,0,861282.TI
89:861283,I,1,,0,861283.TI
89:861284,I,1,,0,861284.TI
89:861285,I,1,,0,861285.TI
89:861286,I,1,,0,861286.TI
89:861287,I,1,,0,861287.TI
89:861288,I,1,,0,861288.TI
89:861289,I,1,,0,861289.TI
89:861290,I,1,,0,861290.TI
89:861291,I,1,,0,861291.TI
89:861292,I,1,,0,861292.TI
89:861293,I,1,,0,861293.TI
89:862001,I,1,,0,862001.TI
89:862002,I,1,,0,862002.TI
89:862003,I,1,,0,862003.TI
89:862004,I,1,,0,862004.TI
89:862005,I,1,,0,862005.TI
89:862006,I,1,,0,862006.TI
89:862007,I,1,,0,862007.TI
89:862008,I,1,,0,862008.TI
89:862009,I,1,,0,862009.TI
89:862010,I,1,,0,862010.TI
89:862011,I,1,,0,862011.TI
89:862201,I,1,,0,862201.TI
89:862202,I,1,,0,862202.TI
89:862203,I,1,,0,862203.TI
89:862205,I,1,,0,862205.TI
89:862206,I,1,,0,862206.TI
89:862207,I,1,,0,862207.TI
89:862208,I,1,,0,862208.TI
89:862209,I,1,,0,862209.TI
89:862210,I,1,,0,862210.TI
89:862211,I,1,,0,862211.TI
89:862212,I,1,,1,862212.TI
89:862213,I,1,,0,862213.TI
89:862214,I,1,,0,862214.TI
89:862215,I,1,,0,862215.TI
89:862216,I,1,,0,862216.TI
89:862217,I,1,,0,862217.TI
89:862218,I,1,,0,862218.TI
89:862219,I,1,,0,862219.TI
89:862220,I,1,,0,862220.TI
89:862221,I,1,,0,862221.TI
89:862222,I,1,,0,862222.TI
89:862223,I,1,,0,862223.TI
89:862224,I,1,,0,862224.TI
89:862225,I,1,,0,862225.TI
89:862226,I,1,,0,862226.TI
89:862228,I,1,,0,862228.TI
89:862229,I,1,,1,862229.TI
89:862230,I,1,,0,862230.TI
89:862232,I,1,,0,862232.TI
89:862901,I,1,,0,862901.TI
89:862902,I,1,,0,862902.TI
89:862903,I,1,,0,862903.TI
89:862904,I,1,,0,862904.TI
89:862905,I,1,,0,862905.TI
89:862906,I,1,,0,862906.TI
89:862907,I,1,,0,862907.TI
89:862909,I,1,,0,862909.TI
89:862910,I,1,,0,862910.TI
89:862911,I,1,,0,862911.TI
89:862912,I,1,,0,862912.TI
89:862913,I,1,,0,862913.TI
89:862914,I,1,,0,862914.TI
89:862915,I,1,,0,862915.TI
89:865002,I,1,,0,865002.TI
89:865004,I,1,,0,865004.TI
89:865007,I,1,,0,865007.TI
89:865008,I,1,,0,865008.TI
89:865009,I,1,,0,865009.TI
89:865013,I,1,,0,865013.TI
89:865014,I,1,,0,865014.TI
89:865017,I,1,,0,865017.TI
89:865019,I,1,,0,865019.TI
89:865022,I,1,,0,865022.TI
89:865024,I,1,,0,865024.TI
89:865028,I,1,,0,865028.TI
89:865031,I,1,,0,865031.TI
89:865032,I,1,,0,865032.TI
89:865035,I,1,,0,865035.TI
89:865036,I,1,,0,865036.TI
89:865038,I,1,,0,865038.TI
89:865039,I,1,,0,865039.TI
89:865040,I,1,,0,865040.TI
89:865045,I,1,,0,865045.TI
89:865048,I,1,,0,865048.TI
89:865049,I,1,,0,865049.TI
89:865050,I,1,,0,865050.TI
89:865051,I,1,,0,865051.TI
89:865052,I,1,,0,865052.TI
89:865053,I,1,,0,865053.TI
89:865054,I,1,,0,865054.TI
89:865056,I,1,,0,865056.TI
89:865057,I,1,,0,865057.TI
89:865060,I,1,,0,865060.TI
89:865061,I,1,,0,865061.TI
89:865062,I,1,,0,865062.TI
89:865063,I,1,,0,865063.TI
89:865064,I,1,,0,865064.TI
89:865071,I,1,,0,865071.TI
89:865072,I,1,,0,865072.TI
89:865073,I,1,,0,865073.TI
89:865074,I,1,,0,865074.TI
89:865077,I,1,,0,865077.TI
89:865078,I,1,,0,865078.TI
89:865079,I,1,,0,865079.TI
89:865082,I,1,,0,865082.TI
89:865083,I,1,,0,865083.TI
89:865087,I,1,,0,865087.TI
89:865088,I,1,,0,865088.TI
89:865089,I,1,,0,865089.TI
89:865090,I,1,,0,865090.TI
89:865091,I,1,,0,865091.TI
89:865092,I,1,,0,865092.TI
89:865093,I,1,,0,865093.TI
89:865094,I,1,,0,865094.TI
89:865095,I,1,,0,865095.TI
89:865096,I,1,,0,865096.TI
89:865103,I,1,,0,865103.TI
89:865106,I,1,,0,865106.TI
89:865108,I,1,,0,865108.TI
89:865114,I,1,,0,865114.TI
89:865115,I,1,,0,865115.TI
89:865124,I,1,,0,865124.TI
89:865130,I,1,,0,865130.TI
89:865131,I,1,,0,865131.TI
89:865133,I,1,,0,865133.TI
89:865134,I,1,,0,865134.TI
89:865135,I,1,,0,865135.TI
89:865137,I,1,,0,865137.TI
89:865138,I,1,,0,865138.TI
89:865139,I,1,,0,865139.TI
89:865140,I,1,,0,865140.TI
89:865145,I,1,,0,865145.TI
89:865147,I,1,,0,865147.TI
89:865151,I,1,,0,865151.TI
89:865154,I,1,,0,865154.TI
89:865161,I,1,,0,865161.TI
89:865162,I,1,,0,865162.TI
89:865165,I,1,,0,865165.TI
89:865166,I,1,,0,865166.TI
89:865169,I,1,,0,865169.TI
89:865170,I,1,,0,865170.TI
89:865171,I,1,,0,865171.TI
89:865174,I,1,,0,865174.TI
89:865176,I,1,,0,865176.TI
89:865177,I,1,,0,865177.TI
89:865180,I,1,,0,865180.TI
89:865181,I,1,,0,865181.TI
89:865182,I,1,,0,865182.TI
89:865183,I,1,,0,865183.TI
89:865184,I,1,,0,865184.TI
89:865185,I,1,,0,865185.TI
89:865186,I,1,,0,865186.TI
89:865187,I,1,,0,865187.TI
89:865188,I,1,,0,865188.TI
89:865189,I,1,,0,865189.TI
89:865190,I,1,,0,865190.TI
89:865191,I,1,,0,865191.TI
89:865193,I,1,,0,865193.TI
89:865195,I,1,,0,865195.TI
89:865197,I,1,,0,865197.TI
89:865198,I,1,,0,865198.TI
89:865199,I,1,,0,865199.TI
89:865200,I,1,,0,865200.TI
89:865201,I,1,,0,865201.TI
89:865202,I,1,,0,865202.TI
89:865203,I,1,,0,865203.TI
89:865204,I,1,,0,865204.TI
89:865205,I,1,,0,865205.TI
89:865206,I,1,,0,865206.TI
89:865207,I,1,,0,865207.TI
89:865208,I,1,,0,865208.TI
89:865209,I,1,,0,865209.TI
89:865210,I,1,,0,865210.TI
89:865211,I,1,,0,865211.TI
89:865212,I,1,,0,865212.TI
89:865213,I,1,,0,865213.TI
89:865214,I,1,,0,865214.TI
89:865215,I,1,,0,865215.TI
89:865216,I,1,,0,865216.TI
89:865217,I,1,,0,865217.TI
89:865218,I,1,,0,865218.TI
89:865219,I,1,,0,865219.TI
89:865220,I,1,,0,865220.TI
89:865221,I,1,,0,865221.TI
89:865222,I,1,,0,865222.TI
89:865223,I,1,,0,865223.TI
89:865224,I,1,,0,865224.TI
89:865225,I,1,,0,865225.TI
89:865226,I,1,,0,865226.TI
89:865227,I,1,,0,865227.TI
89:865228,I,1,,0,865228.TI
89:865229,I,1,,0,865229.TI
89:865230,I,1,,0,865230.TI
89:865231,I,1,,0,865231.TI
89:865232,I,1,,0,865232.TI
89:865233,I,1,,0,865233.TI
89:865234,I,1,,0,865234.TI
89:865235,I,1,,0,865235.TI
89:865236,I,1,,0,865236.TI
89:865237,I,1,,0,865237.TI
89:865238,I,1,,0,865238.TI
89:865239,I,1,,0,865239.TI
89:865240,I,1,,0,865240.TI
89:865241,I,1,,0,865241.TI
89:865242,I,1,,0,865242.TI
89:865243,I,1,,0,865243.TI
89:865244,I,1,,0,865244.TI
89:865245,I,1,,0,865245.TI
89:865246,I,1,,0,865246.TI
89:865247,I,1,,0,865247.TI
89:865248,I,1,,0,865248.TI
89:865249,I,1,,0,865249.TI
89:865250,I,1,,0,865250.TI
89:865251,I,1,,0,865251.TI
89:865252,I,1,,0,865252.TI
89:865253,I,1,,0,865253.TI
89:865254,I,1,,0,865254.TI
89:865255,I,1,,0,865255.TI
89:865256,I,1,,0,865256.TI
89:865257,I,1,,0,865257.TI
89:865258,I,1,,0,865258.TI
89:865259,I,1,,0,865259.TI
89:865260,I,1,,0,865260.TI
89:865261,I,1,,0,865261.TI
89:865262,I,1,,0,865262.TI
89:865263,I,1,,0,865263.TI
89:865264,I,1,,0,865264.TI
89:865265,I,1,,0,865265.TI
89:865266,I,1,,0,865266.TI
89:865268,I,1,,0,865268.TI
89:865269,I,1,,0,865269.TI
U31F:0GUSDT.P,SP,1,,0,0GUSDT.P.BYP
U31F:1000000CHEEMSUSDT.P,SP,1,,0,1000000CHEEMSUSDT.P.BYP
U31F:1000000MOGUSDT.P,SP,1,,0,1000000MOGUSDT.P.BYP
U31F:1000000VINUUSDT.P,SP,1,,0,1000000VINUUSDT.P.BYP
U31F:10000COQUSDT.P,SP,1,,0,10000COQUSDT.P.BYP
U31F:10000ELONUSDT.P,SP,1,,0,10000ELONUSDT.P.BYP
U31F:10000LADYSUSDT.P,SP,1,,0,10000LADYSUSDT.P.BYP
U31F:10000NFTUSDT.P,SP,1,,0,10000NFTUSDT.P.BYP
U31F:10000QUBICUSDT.P,SP,1,,0,10000QUBICUSDT.P.BYP
U31F:10000SATSUSDT.P,SP,1,,0,10000SATSUSDT.P.BYP
U31F:10000WENUSDT.P,SP,1,,0,10000WENUSDT.P.BYP
U31F:10000WHYUSDT.P,SP,1,,0,10000WHYUSDT.P.BYP
U31F:1000BONKUSDC.P,SP,1,,0,1000BONKUSDC.P.BYP
U31F:1000BONKUSDT.P,SP,1,,0,1000BONKUSDT.P.BYP
U31F:1000BTTUSDT.P,SP,1,,0,1000BTTUSDT.P.BYP
U31F:1000CATUSDT.P,SP,1,,0,1000CATUSDT.P.BYP
U31F:1000FLOKIUSDT.P,SP,1,,0,1000FLOKIUSDT.P.BYP
U31F:1000LUNCUSDT.P,SP,1,,0,1000LUNCUSDT.P.BYP
U31F:1000NEIROCTOUSDC.P,SP,1,,0,1000NEIROCTOUSDC.P.BYP
U31F:1000NEIROCTOUSDT.P,SP,1,,0,1000NEIROCTOUSDT.P.BYP
U31F:1000PEPEUSDC.P,SP,1,,0,1000PEPEUSDC.P.BYP
U31F:1000PEPEUSDT.P,SP,1,,0,1000PEPEUSDT.P.BYP
U31F:1000RATSUSDT.P,SP,1,,0,1000RATSUSDT.P.BYP
U31F:1000SHIBUSDC.P,SP,1,,0,1000SHIBUSDC.P.BYP
U31F:1000SHIBUSDT.P,SP,1,,0,1000SHIBUSDT.P.BYP
U31F:1000TAGUSDT.P,SP,1,,0,1000TAGUSDT.P.BYP
U31F:1000TOSHIUSDT.P,SP,1,,0,1000TOSHIUSDT.P.BYP
U31F:1000TURBOUSDT.P,SP,1,,0,1000TURBOUSDT.P.BYP
U31F:1000XECUSDT.P,SP,1,,0,1000XECUSDT.P.BYP
U31F:1000XUSDT.P,SP,1,,0,1000XUSDT.P.BYP
U31F:1CATUSDT.P,SP,1,,0,1CATUSDT.P.BYP
U31F:1INCHUSDT.P,SP,1,,0,1INCHUSDT.P.BYP
U31F:2ZUSDT.P,SP,1,,0,2ZUSDT.P.BYP
U31F:4USDT.P,SP,1,,0,4USDT.P.BYP
U31F:A2ZUSDT.P,SP,1,,0,A2ZUSDT.P.BYP
U31F:A8USDT.P,SP,1,,0,A8USDT.P.BYP
U31F:AAVEUSD.P,SP,1,,0,AAVEUSD.P.BYP
U31F:AAVEUSDC.P,SP,1,,0,AAVEUSDC.P.BYP
U31F:AAVEUSDT.P,SP,1,,0,AAVEUSDT.P.BYP
U31F:ACEUSDT.P,SP,1,,0,ACEUSDT.P.BYP
U31F:ACHUSDT.P,SP,1,,0,ACHUSDT.P.BYP
U31F:ACTUSDT.P,SP,1,,0,ACTUSDT.P.BYP
U31F:ACUUSDT.P,SP,1,,0,ACUUSDT.P.BYP
U31F:ACXUSDT.P,SP,1,,0,ACXUSDT.P.BYP
U31F:ADAUSD.P,SP,1,,0,ADAUSD.P.BYP
U31F:ADAUSDC.P,SP,1,,0,ADAUSDC.P.BYP
U31F:ADAUSDT.P,SP,1,,0,ADAUSDT.P.BYP
U31F:AERGOUSDT.P,SP,1,,0,AERGOUSDT.P.BYP
U31F:AEROUSDT.P,SP,1,,0,AEROUSDT.P.BYP
U31F:AEVOUSDC.P,SP,1,,0,AEVOUSDC.P.BYP
U31F:AEVOUSDT.P,SP,1,,0,AEVOUSDT.P.BYP
U31F:AGIUSDT.P,SP,1,,0,AGIUSDT.P.BYP
U31F:AGLDUSDT.P,SP,1,,0,AGLDUSDT.P.BYP
U31F:AGTUSDT.P,SP,1,,0,AGTUSDT.P.BYP
U31F:AI16ZUSDC.P,SP,1,,0,AI16ZUSDC.P.BYP
U31F:AI16ZUSDT.P,SP,1,,0,AI16ZUSDT.P.BYP
U31F:AIAUSDT.P,SP,1,,0,AIAUSDT.P.BYP
U31F:AINUSDT.P,SP,1,,0,AINUSDT.P.BYP
U31F:AIOUSDT.P,SP,1,,0,AIOUSDT.P.BYP
U31F:AIOZUSDT.P,SP,1,,0,AIOZUSDT.P.BYP
U31F:AIUSDT.P,SP,1,,0,AIUSDT.P.BYP
U31F:AIXBTUSDT.P,SP,1,,0,AIXBTUSDT.P.BYP
U31F:AKEUSDT.P,SP,1,,0,AKEUSDT.P.BYP
U31F:AKROUSDT.P,SP,1,,0,AKROUSDT.P.BYP
U31F:AKTUSDT.P,SP,1,,0,AKTUSDT.P.BYP
U31F:ALCHUSDT.P,SP,1,,0,ALCHUSDT.P.BYP
U31F:ALEOUSDT.P,SP,1,,0,ALEOUSDT.P.BYP
U31F:ALGOUSDT.P,SP,1,,0,ALGOUSDT.P.BYP
U31F:ALICEUSDT.P,SP,1,,0,ALICEUSDT.P.BYP
U31F:ALLOUSDT.P,SP,1,,0,ALLOUSDT.P.BYP
U31F:ALPACAUSDT.P,SP,1,,0,ALPACAUSDT.P.BYP
U31F:ALPHAUSDT.P,SP,1,,0,ALPHAUSDT.P.BYP
U31F:ALPINEUSDT.P,SP,1,,0,ALPINEUSDT.P.BYP
U31F:ALTUSDT.P,SP,1,,0,ALTUSDT.P.BYP
U31F:ALUUSDT.P,SP,1,,0,ALUUSDT.P.BYP
U31F:AMBUSDT.P,SP,1,,0,AMBUSDT.P.BYP
U31F:ANCUSDT.P,SP,1,,0,ANCUSDT.P.BYP
U31F:ANIMEUSDT.P,SP,1,,0,ANIMEUSDT.P.BYP
U31F:ANKRUSDT.P,SP,1,,0,ANKRUSDT.P.BYP
U31F:APEUSDC.P,SP,1,,0,APEUSDC.P.BYP
U31F:APEUSDT.P,SP,1,,0,APEUSDT.P.BYP
U31F:APEXUSDT.P,SP,1,,0,APEXUSDT.P.BYP
U31F:API3USDT.P,SP,1,,0,API3USDT.P.BYP
U31F:APRUSDT.P,SP,1,,0,APRUSDT.P.BYP
U31F:APTUSD.P,SP,1,,0,APTUSD.P.BYP
U31F:APTUSDC.P,SP,1,,0,APTUSDC.P.BYP
U31F:APTUSDT.P,SP,1,,0,APTUSDT.P.BYP
U31F:ARBUSDC.P,SP,1,,0,ARBUSDC.P.BYP
U31F:ARBUSDT.P,SP,1,,0,ARBUSDT.P.BYP
U31F:ARCUSDT.P,SP,1,,0,ARCUSDT.P.BYP
U31F:ARIAUSDT.P,SP,1,,0,ARIAUSDT.P.BYP
U31F:ARKMUSDT.P,SP,1,,0,ARKMUSDT.P.BYP
U31F:ARKUSDT.P,SP,1,,0,ARKUSDT.P.BYP
U31F:ARPAUSDT.P,SP,1,,0,ARPAUSDT.P.BYP
U31F:ARUSDT.P,SP,1,,0,ARUSDT.P.BYP
U31F:ASPUSDT.P,SP,1,,0,ASPUSDT.P.BYP
U31F:ASRUSDT.P,SP,1,,0,ASRUSDT.P.BYP
U31F:ASTERUSDC.P,SP,1,,0,ASTERUSDC.P.BYP
U31F:ASTERUSDT.P,SP,1,,0,ASTERUSDT.P.BYP
U31F:ASTRUSDT.P,SP,1,,0,ASTRUSDT.P.BYP
U31F:ATAUSDT.P,SP,1,,0,ATAUSDT.P.BYP
U31F:ATHUSDT.P,SP,1,,0,ATHUSDT.P.BYP
U31F:ATOMUSDC.P,SP,1,,0,ATOMUSDC.P.BYP
U31F:ATOMUSDT.P,SP,1,,0,ATOMUSDT.P.BYP
U31F:ATUSDT.P,SP,1,,0,ATUSDT.P.BYP
U31F:AUCTIONUSDT.P,SP,1,,0,AUCTIONUSDT.P.BYP
U31F:AUDIOUSDT.P,SP,1,,0,AUDIOUSDT.P.BYP
U31F:AUSDT.P,SP,1,,0,AUSDT.P.BYP
U31F:AVAAIUSDT.P,SP,1,,0,AVAAIUSDT.P.BYP
U31F:AVAILUSDT.P,SP,1,,0,AVAILUSDT.P.BYP
U31F:AVAUSDT.P,SP,1,,0,AVAUSDT.P.BYP
U31F:AVAXUSD.P,SP,1,,0,AVAXUSD.P.BYP
U31F:AVAXUSDC.P,SP,1,,0,AVAXUSDC.P.BYP
U31F:AVAXUSDT.P,SP,1,,0,AVAXUSDT.P.BYP
U31F:AVLUSDT.P,SP,1,,0,AVLUSDT.P.BYP
U31F:AVNTUSDT.P,SP,1,,0,AVNTUSDT.P.BYP
U31F:AWEUSDT.P,SP,1,,0,AWEUSDT.P.BYP
U31F:AXLUSDT.P,SP,1,,0,AXLUSDT.P.BYP
U31F:AXSUSDT.P,SP,1,,0,AXSUSDT.P.BYP
U31F:AZTECUSDT.P,SP,1,,0,AZTECUSDT.P.BYP
U31F:B2USDT.P,SP,1,,0,B2USDT.P.BYP
U31F:B3USDT.P,SP,1,,0,B3USDT.P.BYP
U31F:BABYUSDT.P,SP,1,,0,BABYUSDT.P.BYP
U31F:BADGERUSDT.P,SP,1,,0,BADGERUSDT.P.BYP
U31F:BAKEUSDT.P,SP,1,,0,BAKEUSDT.P.BYP
U31F:BALUSDT.P,SP,1,,0,BALUSDT.P.BYP
U31F:BANANAS31USDT.P,SP,1,,0,BANANAS31USDT.P.BYP
U31F:BANANAUSDT.P,SP,1,,0,BANANAUSDT.P.BYP
U31F:BANDUSDT.P,SP,1,,0,BANDUSDT.P.BYP
U31F:BANKUSDT.P,SP,1,,0,BANKUSDT.P.BYP
U31F:BANUSDT.P,SP,1,,0,BANUSDT.P.BYP
U31F:BARDUSDT.P,SP,1,,0,BARDUSDT.P.BYP
U31F:BATUSDT.P,SP,1,,0,BATUSDT.P.BYP
U31F:BBUSDT.P,SP,1,,0,BBUSDT.P.BYP
U31F:BCHUSD.P,SP,1,,0,BCHUSD.P.BYP
U31F:BCHUSDC.P,SP,1,,0,BCHUSDC.P.BYP
U31F:BCHUSDT.P,SP,1,,0,BCHUSDT.P.BYP
U31F:BDXNUSDT.P,SP,1,,0,BDXNUSDT.P.BYP
U31F:BEAMUSDT.P,SP,1,,0,BEAMUSDT.P.BYP
U31F:BEATUSDT.P,SP,1,,0,BEATUSDT.P.BYP
U31F:BELUSDT.P,SP,1,,0,BELUSDT.P.BYP
U31F:BERAUSDT.P,SP,1,,0,BERAUSDT.P.BYP
U31F:BICOUSDT.P,SP,1,,0,BICOUSDT.P.BYP
U31F:BIGTIMEUSDT.P,SP,1,,0,BIGTIMEUSDT.P.BYP
U31F:BIOUSDT.P,SP,1,,0,BIOUSDT.P.BYP
U31F:BIRBUSDT.P,SP,1,,0,BIRBUSDT.P.BYP
U31F:BLASTUSDT.P,SP,1,,0,BLASTUSDT.P.BYP
U31F:BLESSUSDT.P,SP,1,,0,BLESSUSDT.P.BYP
U31F:BLUAIUSDT.P,SP,1,,0,BLUAIUSDT.P.BYP
U31F:BLURUSDT.P,SP,1,,0,BLURUSDT.P.BYP
U31F:BLZUSDT.P,SP,1,,0,BLZUSDT.P.BYP
U31F:BMTUSDT.P,SP,1,,0,BMTUSDT.P.BYP
U31F:BNBUSDC.P,SP,1,,0,BNBUSDC.P.BYP
U31F:BNBUSDT.P,SP,1,,0,BNBUSDT.P.BYP
U31F:BNTUSDT.P,SP,1,,0,BNTUSDT.P.BYP
U31F:BNXUSDT.P,SP,1,,0,BNXUSDT.P.BYP
U31F:BOBAUSDT.P,SP,1,,0,BOBAUSDT.P.BYP
U31F:BOBBOBUSDT.P,SP,1,,0,BOBBOBUSDT.P.BYP
U31F:BOMEUSDT.P,SP,1,,0,BOMEUSDT.P.BYP
U31F:BONDUSDT.P,SP,1,,0,BONDUSDT.P.BYP
U31F:BRETTUSDT.P,SP,1,,0,BRETTUSDT.P.BYP
U31F:BREVUSDT.P,SP,1,,0,BREVUSDT.P.BYP
U31F:BROCCOLIUSDT.P,SP,1,,0,BROCCOLIUSDT.P.BYP
U31F:BRUSDT.P,SP,1,,0,BRUSDT.P.BYP
U31F:BSUUSDT.P,SP,1,,0,BSUUSDT.P.BYP
U31F:BSVUSDT.P,SP,1,,0,BSVUSDT.P.BYP
U31F:BSWUSDT.P,SP,1,,0,BSWUSDT.P.BYP
U31F:BTCUSD.210625,FP,1,,0,BTCUSD.210625.BYF
U31F:BTCUSD.210924,FP,1,,0,BTCUSD.210924.BYF
U31F:BTCUSD.211231,FP,1,,0,BTCUSD.211231.BYF
U31F:BTCUSD.220325,FP,1,,0,BTCUSD.220325.BYF
U31F:BTCUSD.220624,FP,1,,0,BTCUSD.220624.BYF
U31F:BTCUSD.220930,FP,1,,0,BTCUSD.220930.BYF
U31F:BTCUSD.221230,FP,1,,0,BTCUSD.221230.BYF
U31F:BTCUSD.230331,FP,1,,0,BTCUSD.230331.BYF
U31F:BTCUSD.230630,FP,1,,0,BTCUSD.230630.BYF
U31F:BTCUSD.230929,FP,1,,0,BTCUSD.230929.BYF
U31F:BTCUSD.231229,FP,1,,0,BTCUSD.231229.BYF
U31F:BTCUSD.240329,FP,1,,0,BTCUSD.240329.BYF
U31F:BTCUSD.240628,FP,1,,0,BTCUSD.240628.BYF
U31F:BTCUSD.240927,FP,1,,0,BTCUSD.240927.BYF
U31F:BTCUSD.241227,FP,1,,0,BTCUSD.241227.BYF
U31F:BTCUSD.250328,FP,1,,0,BTCUSD.250328.BYF
U31F:BTCUSD.250627,FP,1,,0,BTCUSD.250627.BYF
U31F:BTCUSD.250926,FP,1,,0,BTCUSD.250926.BYF
U31F:BTCUSD.251226,FP,1,,0,BTCUSD.251226.BYF
U31F:BTCUSD.260327,FP,1,,0,BTCUSD.260327.BYF
U31F:BTCUSD.260626,FP,1,,0,BTCUSD.260626.BYF
U31F:BTCUSD.260925,FP,1,,0,BTCUSD.260925.BYF
U31F:BTCUSD.P,SP,1,,0,BTCUSD.P.BYP
U31F:BTCUSDC.230331,FP,1,,0,BTC.230331.BYF
U31F:BTCUSDC.230407,FP,1,,0,BTC.230407.BYF
U31F:BTCUSDC.230414,FP,1,,0,BTC.230414.BYF
U31F:BTCUSDC.230421,FP,1,,0,BTC.230421.BYF
U31F:BTCUSDC.230428,FP,1,,0,BTC.230428.BYF
U31F:BTCUSDC.230505,FP,1,,0,BTC.230505.BYF
U31F:BTCUSDC.230512,FP,1,,0,BTC.230512.BYF
U31F:BTCUSDC.230519,FP,1,,0,BTC.230519.BYF
U31F:BTCUSDC.230526,FP,1,,0,BTC.230526.BYF
U31F:BTCUSDC.230602,FP,1,,0,BTC.230602.BYF
U31F:BTCUSDC.230609,FP,1,,0,BTC.230609.BYF
U31F:BTCUSDC.230616,FP,1,,0,BTC.230616.BYF
U31F:BTCUSDC.230623,FP,1,,0,BTC.230623.BYF
U31F:BTCUSDC.230630,FP,1,,0,BTC.230630.BYF
U31F:BTCUSDC.230707,FP,1,,0,BTC.230707.BYF
U31F:BTCUSDC.230714,FP,1,,0,BTC.230714.BYF
U31F:BTCUSDC.230721,FP,1,,0,BTC.230721.BYF
U31F:BTCUSDC.230728,FP,1,,0,BTC.230728.BYF
U31F:BTCUSDC.230804,FP,1,,0,BTC.230804.BYF
U31F:BTCUSDC.230811,FP,1,,0,BTC.230811.BYF
U31F:BTCUSDC.230818,FP,1,,0,BTC.230818.BYF
U31F:BTCUSDC.230825,FP,1,,0,BTC.230825.BYF
U31F:BTCUSDC.230901,FP,1,,0,BTC.230901.BYF
U31F:BTCUSDC.230908,FP,1,,0,BTC.230908.BYF
U31F:BTCUSDC.230915,FP,1,,0,BTC.230915.BYF
U31F:BTCUSDC.230922,FP,1,,0,BTC.230922.BYF
U31F:BTCUSDC.230929,FP,1,,0,BTC.230929.BYF
U31F:BTCUSDC.231006,FP,1,,0,BTC.231006.BYF
U31F:BTCUSDC.231013,FP,1,,0,BTC.231013.BYF
U31F:BTCUSDC.231020,FP,1,,0,BTC.231020.BYF
U31F:BTCUSDC.231027,FP,1,,0,BTC.231027.BYF
U31F:BTCUSDC.231103,FP,1,,0,BTC.231103.BYF
U31F:BTCUSDC.231110,FP,1,,0,BTC.231110.BYF
U31F:BTCUSDC.231117,FP,1,,0,BTC.231117.BYF
U31F:BTCUSDC.231124,FP,1,,0,BTC.231124.BYF
U31F:BTCUSDC.231201,FP,1,,0,BTC.231201.BYF
U31F:BTCUSDC.231208,FP,1,,0,BTC.231208.BYF
U31F:BTCUSDC.231215,FP,1,,0,BTC.231215.BYF
U31F:BTCUSDC.231222,FP,1,,0,BTC.231222.BYF
U31F:BTCUSDC.231229,FP,1,,0,BTC.231229.BYF
U31F:BTCUSDC.240105,FP,1,,0,BTC.240105.BYF
U31F:BTCUSDC.240112,FP,1,,0,BTC.240112.BYF
U31F:BTCUSDC.240119,FP,1,,0,BTC.240119.BYF
U31F:BTCUSDC.240126,FP,1,,0,BTC.240126.BYF
U31F:BTCUSDC.240202,FP,1,,0,BTC.240202.BYF
U31F:BTCUSDC.240209,FP,1,,0,BTC.240209.BYF
U31F:BTCUSDC.240216,FP,1,,0,BTC.240216.BYF
U31F:BTCUSDC.240223,FP,1,,0,BTC.240223.BYF
U31F:BTCUSDC.240301,FP,1,,0,BTC.240301.BYF
U31F:BTCUSDC.240308,FP,1,,0,BTC.240308.BYF
U31F:BTCUSDC.240315,FP,1,,0,BTC.240315.BYF
U31F:BTCUSDC.240322,FP,1,,0,BTC.240322.BYF
U31F:BTCUSDC.240329,FP,1,,0,BTC.240329.BYF
U31F:BTCUSDC.240405,FP,1,,0,BTC.240405.BYF
U31F:BTCUSDC.240412,FP,1,,0,BTC.240412.BYF
U31F:BTCUSDC.240419,FP,1,,0,BTC.240419.BYF
U31F:BTCUSDC.240426,FP,1,,0,BTC.240426.BYF
U31F:BTCUSDC.240503,FP,1,,0,BTC.240503.BYF
U31F:BTCUSDC.240510,FP,1,,0,BTC.240510.BYF
U31F:BTCUSDC.240517,FP,1,,0,BTC.240517.BYF
U31F:BTCUSDC.240524,FP,1,,0,BTC.240524.BYF
U31F:BTCUSDC.240531,FP,1,,0,BTC.240531.BYF
U31F:BTCUSDC.240607,FP,1,,0,BTC.240607.BYF
U31F:BTCUSDC.240614,FP,1,,0,BTC.240614.BYF
U31F:BTCUSDC.240621,FP,1,,0,BTC.240621.BYF
U31F:BTCUSDC.240628,FP,1,,0,BTC.240628.BYF
U31F:BTCUSDC.240705,FP,1,,0,BTC.240705.BYF
U31F:BTCUSDC.240712,FP,1,,0,BTC.240712.BYF
U31F:BTCUSDC.240719,FP,1,,0,BTC.240719.BYF
U31F:BTCUSDC.240726,FP,1,,0,BTC.240726.BYF
U31F:BTCUSDC.240802,FP,1,,0,BTC.240802.BYF
U31F:BTCUSDC.240809,FP,1,,0,BTC.240809.BYF
U31F:BTCUSDC.240816,FP,1,,0,BTC.240816.BYF
U31F:BTCUSDC.240823,FP,1,,0,BTC.240823.BYF
U31F:BTCUSDC.240830,FP,1,,0,BTC.240830.BYF
U31F:BTCUSDC.240906,FP,1,,0,BTC.240906.BYF
U31F:BTCUSDC.240913,FP,1,,0,BTC.240913.BYF
U31F:BTCUSDC.240920,FP,1,,0,BTC.240920.BYF
U31F:BTCUSDC.240927,FP,1,,0,BTC.240927.BYF
U31F:BTCUSDC.241004,FP,1,,0,BTC.241004.BYF
U31F:BTCUSDC.241011,FP,1,,0,BTC.241011.BYF
U31F:BTCUSDC.241018,FP,1,,0,BTC.241018.BYF
U31F:BTCUSDC.241025,FP,1,,0,BTC.241025.BYF
U31F:BTCUSDC.241101,FP,1,,0,BTC.241101.BYF
U31F:BTCUSDC.241108,FP,1,,0,BTC.241108.BYF
U31F:BTCUSDC.241115,FP,1,,0,BTC.241115.BYF
U31F:BTCUSDC.241122,FP,1,,0,BTC.241122.BYF
U31F:BTCUSDC.241129,FP,1,,0,BTC.241129.BYF
U31F:BTCUSDC.241206,FP,1,,0,BTC.241206.BYF
U31F:BTCUSDC.241213,FP,1,,0,BTC.241213.BYF
U31F:BTCUSDC.241220,FP,1,,0,BTC.241220.BYF
U31F:BTCUSDC.241227,FP,1,,0,BTC.241227.BYF
U31F:BTCUSDC.250103,FP,1,,0,BTC.250103.BYF
U31F:BTCUSDC.250110,FP,1,,0,BTC.250110.BYF
U31F:BTCUSDC.250117,FP,1,,0,BTC.250117.BYF
U31F:BTCUSDC.250124,FP,1,,0,BTC.250124.BYF
U31F:BTCUSDC.250131,FP,1,,0,BTC.250131.BYF
U31F:BTCUSDC.250207,FP,1,,0,BTC.250207.BYF
U31F:BTCUSDC.250214,FP,1,,0,BTC.250214.BYF
U31F:BTCUSDC.250221,FP,1,,0,BTC.250221.BYF
U31F:BTCUSDC.250228,FP,1,,0,BTC.250228.BYF
U31F:BTCUSDC.250307,FP,1,,0,BTC.250307.BYF
U31F:BTCUSDC.250314,FP,1,,0,BTC.250314.BYF
U31F:BTCUSDC.250328,FP,1,,0,BTC.250328.BYF
U31F:BTCUSDC.250425,FP,1,,0,BTC.250425.BYF
U31F:BTCUSDC.250627,FP,1,,0,BTC.250627.BYF
U31F:BTCUSDC.250926,FP,1,,0,BTC.250926.BYF
U31F:BTCUSDC.251226,FP,1,,0,BTC.251226.BYF
U31F:BTCUSDC.P,SP,1,,0,BTCUSDC.P.BYP
U31F:BTCUSDT.250321,FP,1,,0,BTCUSDT.250321.BYF
U31F:BTCUSDT.250404,FP,1,,0,BTCUSDT.250404.BYF
U31F:BTCUSDT.250411,FP,1,,0,BTCUSDT.250411.BYF
U31F:BTCUSDT.250418,FP,1,,0,BTCUSDT.250418.BYF
U31F:BTCUSDT.250425,FP,1,,0,BTCUSDT.250425.BYF
U31F:BTCUSDT.250502,FP,1,,0,BTCUSDT.250502.BYF
U31F:BTCUSDT.250509,FP,1,,0,BTCUSDT.250509.BYF
U31F:BTCUSDT.250516,FP,1,,0,BTCUSDT.250516.BYF
U31F:BTCUSDT.250523,FP,1,,0,BTCUSDT.250523.BYF
U31F:BTCUSDT.250530,FP,1,,0,BTCUSDT.250530.BYF
U31F:BTCUSDT.250606,FP,1,,0,BTCUSDT.250606.BYF
U31F:BTCUSDT.250613,FP,1,,0,BTCUSDT.250613.BYF
U31F:BTCUSDT.250620,FP,1,,0,BTCUSDT.250620.BYF
U31F:BTCUSDT.250627,FP,1,,0,BTCUSDT.250627.BYF
U31F:BTCUSDT.250704,FP,1,,0,BTCUSDT.250704.BYF
U31F:BTCUSDT.250711,FP,1,,0,BTCUSDT.250711.BYF
U31F:BTCUSDT.250718,FP,1,,0,BTCUSDT.250718.BYF
U31F:BTCUSDT.250725,FP,1,,0,BTCUSDT.250725.BYF
U31F:BTCUSDT.250801,FP,1,,0,BTCUSDT.250801.BYF
U31F:BTCUSDT.250808,FP,1,,0,BTCUSDT.250808.BYF
U31F:BTCUSDT.250815,FP,1,,0,BTCUSDT.250815.BYF
U31F:BTCUSDT.250822,FP,1,,0,BTCUSDT.250822.BYF
U31F:BTCUSDT.250829,FP,1,,0,BTCUSDT.250829.BYF
U31F:BTCUSDT.250905,FP,1,,0,BTCUSDT.250905.BYF
U31F:BTCUSDT.250912,FP,1,,0,BTCUSDT.250912.BYF
U31F:BTCUSDT.250919,FP,1,,0,BTCUSDT.250919.BYF
U31F:BTCUSDT.250926,FP,1,,0,BTCUSDT.250926.BYF
U31F:BTCUSDT.251003,FP,1,,0,BTCUSDT.251003.BYF
U31F:BTCUSDT.251010,FP,1,,0,BTCUSDT.251010.BYF
U31F:BTCUSDT.251017,FP,1,,0,BTCUSDT.251017.BYF
U31F:BTCUSDT.251024,FP,1,,0,BTCUSDT.251024.BYF
U31F:BTCUSDT.251031,FP,1,,0,BTCUSDT.251031.BYF
U31F:BTCUSDT.251107,FP,1,,0,BTCUSDT.251107.BYF
U31F:BTCUSDT.251114,FP,1,,0,BTCUSDT.251114.BYF
U31F:BTCUSDT.251121,FP,1,,0,BTCUSDT.251121.BYF
U31F:BTCUSDT.251128,FP,1,,0,BTCUSDT.251128.BYF
U31F:BTCUSDT.251205,FP,1,,0,BTCUSDT.251205.BYF
U31F:BTCUSDT.251212,FP,1,,0,BTCUSDT.251212.BYF
U31F:BTCUSDT.251219,FP,1,,0,BTCUSDT.251219.BYF
U31F:BTCUSDT.251226,FP,1,,0,BTCUSDT.251226.BYF
U31F:BTCUSDT.260102,FP,1,,0,BTCUSDT.260102.BYF
U31F:BTCUSDT.260109,FP,1,,0,BTCUSDT.260109.BYF
U31F:BTCUSDT.260116,FP,1,,0,BTCUSDT.260116.BYF
U31F:BTCUSDT.260123,FP,1,,0,BTCUSDT.260123.BYF
U31F:BTCUSDT.260130,FP,1,,0,BTCUSDT.260130.BYF
U31F:BTCUSDT.260206,FP,1,,0,BTCUSDT.260206.BYF
U31F:BTCUSDT.260213,FP,1,,0,BTCUSDT.260213.BYF
U31F:BTCUSDT.260220,FP,1,,0,BTCUSDT.260220.BYF
U31F:BTCUSDT.260227,FP,1,,0,BTCUSDT.260227.BYF
U31F:BTCUSDT.260306,FP,1,,0,BTCUSDT.260306.BYF
U31F:BTCUSDT.260313,FP,1,,0,BTCUSDT.260313.BYF
U31F:BTCUSDT.260320,FP,1,,0,BTCUSDT.260320.BYF
U31F:BTCUSDT.260327,FP,1,,0,BTCUSDT.260327.BYF
U31F:BTCUSDT.260403,FP,1,,0,BTCUSDT.260403.BYF
U31F:BTCUSDT.260424,FP,1,,0,BTCUSDT.260424.BYF
U31F:BTCUSDT.260529,FP,1,,0,BTCUSDT.260529.BYF
U31F:BTCUSDT.260626,FP,1,,0,BTCUSDT.260626.BYF
U31F:BTCUSDT.260925,FP,1,,0,BTCUSDT.260925.BYF
U31F:BTCUSDT.261225,FP,1,,0,BTCUSDT.261225.BYF
U31F:BTCUSDT.P,SP,1,,0,BTCUSDT.P.BYP
U31F:BTRUSDT.P,SP,1,,0,BTRUSDT.P.BYP
U31F:BTTUSDT.P,SP,1,,0,BTTUSDT.P.BYP
U31F:BUSDT.P,SP,1,,0,BUSDT.P.BYP
U31F:C98USDT.P,SP,1,,0,C98USDT.P.BYP
U31F:CAKEUSDT.P,SP,1,,0,CAKEUSDT.P.BYP
U31F:CAMPUSDT.P,SP,1,,0,CAMPUSDT.P.BYP
U31F:CARVUSDT.P,SP,1,,0,CARVUSDT.P.BYP
U31F:CATIUSDT.P,SP,1,,0,CATIUSDT.P.BYP
U31F:CCUSDT.P,SP,1,,0,CCUSDT.P.BYP
U31F:CELOUSDT.P,SP,1,,0,CELOUSDT.P.BYP
U31F:CELRUSDT.P,SP,1,,0,CELRUSDT.P.BYP
U31F:CETUSUSDT.P,SP,1,,0,CETUSUSDT.P.BYP
U31F:CFGUSDT.P,SP,1,,0,CFGUSDT.P.BYP
U31F:CFXUSDT.P,SP,1,,0,CFXUSDT.P.BYP
U31F:CGPTUSDT.P,SP,1,,0,CGPTUSDT.P.BYP
U31F:CHESSUSDT.P,SP,1,,0,CHESSUSDT.P.BYP
U31F:CHILLGUYUSDT.P,SP,1,,0,CHILLGUYUSDT.P.BYP
U31F:CHRUSDT.P,SP,1,,0,CHRUSDT.P.BYP
U31F:CHZUSDC.P,SP,1,,0,CHZUSDC.P.BYP
U31F:CHZUSDT.P,SP,1,,0,CHZUSDT.P.BYP
U31F:CKBUSDT.P,SP,1,,0,CKBUSDT.P.BYP
U31F:CLANKERUSDT.P,SP,1,,0,CLANKERUSDT.P.BYP
U31F:CLOUDUSDT.P,SP,1,,0,CLOUDUSDT.P.BYP
U31F:CLOUSDT.P,SP,1,,0,CLOUSDT.P.BYP
U31F:COAIUSDT.P,SP,1,,0,COAIUSDT.P.BYP
U31F:COMBOUSDT.P,SP,1,,0,COMBOUSDT.P.BYP
U31F:COMMONUSDT.P,SP,1,,0,COMMONUSDT.P.BYP
U31F:COMPUSDT.P,SP,1,,0,COMPUSDT.P.BYP
U31F:COOKIEUSDT.P,SP,1,,0,COOKIEUSDT.P.BYP
U31F:COOKUSDT.P,SP,1,,0,COOKUSDT.P.BYP
U31F:COREUSDT.P,SP,1,,0,COREUSDT.P.BYP
U31F:COSUSDT.P,SP,1,,0,COSUSDT.P.BYP
U31F:COTIUSDT.P,SP,1,,0,COTIUSDT.P.BYP
U31F:COWUSDT.P,SP,1,,0,COWUSDT.P.BYP
U31F:CPOOLUSDT.P,SP,1,,0,CPOOLUSDT.P.BYP
U31F:CROSSUSDT.P,SP,1,,0,CROSSUSDT.P.BYP
U31F:CROUSDT.P,SP,1,,0,CROUSDT.P.BYP
U31F:CRVUSDC.P,SP,1,,0,CRVUSDC.P.BYP
U31F:CRVUSDT.P,SP,1,,0,CRVUSDT.P.BYP
U31F:CTCUSDT.P,SP,1,,0,CTCUSDT.P.BYP
U31F:CTKUSDT.P,SP,1,,0,CTKUSDT.P.BYP
U31F:CTSIUSDT.P,SP,1,,0,CTSIUSDT.P.BYP
U31F:CUDISUSDT.P,SP,1,,0,CUDISUSDT.P.BYP
U31F:CUSDT.P,SP,1,,0,CUSDT.P.BYP
U31F:CVCUSDT.P,SP,1,,0,CVCUSDT.P.BYP
U31F:CVXUSDT.P,SP,1,,0,CVXUSDT.P.BYP
U31F:CYBERUSDT.P,SP,1,,0,CYBERUSDT.P.BYP
U31F:CYSUSDT.P,SP,1,,0,CYSUSDT.P.BYP
U31F:DAMUSDT.P,SP,1,,0,DAMUSDT.P.BYP
U31F:DASHUSDT.P,SP,1,,0,DASHUSDT.P.BYP
U31F:DATAUSDT.P,SP,1,,0,DATAUSDT.P.BYP
U31F:DBRUSDT.P,SP,1,,0,DBRUSDT.P.BYP
U31F:DEEPUSDT.P,SP,1,,0,DEEPUSDT.P.BYP
U31F:DEGENUSDT.P,SP,1,,0,DEGENUSDT.P.BYP
U31F:DENTUSDT.P,SP,1,,0,DENTUSDT.P.BYP
U31F:DEXEUSDT.P,SP,1,,0,DEXEUSDT.P.BYP
U31F:DGBUSDT.P,SP,1,,0,DGBUSDT.P.BYP
U31F:DIAUSDT.P,SP,1,,0,DIAUSDT.P.BYP
U31F:DMCUSDT.P,SP,1,,0,DMCUSDT.P.BYP
U31F:DODOUSDT.P,SP,1,,0,DODOUSDT.P.BYP
U31F:DOGEUSD.P,SP,1,,0,DOGEUSD.P.BYP
U31F:DOGEUSDC.P,SP,1,,0,DOGEUSDC.P.BYP
U31F:DOGEUSDT.251031,FP,1,,0,DOGEUSDT.251031.BYF
U31F:DOGEUSDT.251107,FP,1,,0,DOGEUSDT.251107.BYF
U31F:DOGEUSDT.251114,FP,1,,0,DOGEUSDT.251114.BYF
U31F:DOGEUSDT.251121,FP,1,,0,DOGEUSDT.251121.BYF
U31F:DOGEUSDT.251128,FP,1,,0,DOGEUSDT.251128.BYF
U31F:DOGEUSDT.251205,FP,1,,0,DOGEUSDT.251205.BYF
U31F:DOGEUSDT.251212,FP,1,,0,DOGEUSDT.251212.BYF
U31F:DOGEUSDT.251219,FP,1,,0,DOGEUSDT.251219.BYF
U31F:DOGEUSDT.251226,FP,1,,0,DOGEUSDT.251226.BYF
U31F:DOGEUSDT.260102,FP,1,,0,DOGEUSDT.260102.BYF
U31F:DOGEUSDT.260109,FP,1,,0,DOGEUSDT.260109.BYF
U31F:DOGEUSDT.260116,FP,1,,0,DOGEUSDT.260116.BYF
U31F:DOGEUSDT.260123,FP,1,,0,DOGEUSDT.260123.BYF
U31F:DOGEUSDT.260130,FP,1,,0,DOGEUSDT.260130.BYF
U31F:DOGEUSDT.260206,FP,1,,0,DOGEUSDT.260206.BYF
U31F:DOGEUSDT.260213,FP,1,,0,DOGEUSDT.260213.BYF
U31F:DOGEUSDT.260220,FP,1,,0,DOGEUSDT.260220.BYF
U31F:DOGEUSDT.260227,FP,1,,0,DOGEUSDT.260227.BYF
U31F:DOGEUSDT.260306,FP,1,,0,DOGEUSDT.260306.BYF
U31F:DOGEUSDT.260313,FP,1,,0,DOGEUSDT.260313.BYF
U31F:DOGEUSDT.260320,FP,1,,0,DOGEUSDT.260320.BYF
U31F:DOGEUSDT.260327,FP,1,,0,DOGEUSDT.260327.BYF
U31F:DOGEUSDT.260403,FP,1,,0,DOGEUSDT.260403.BYF
U31F:DOGEUSDT.260424,FP,1,,0,DOGEUSDT.260424.BYF
U31F:DOGEUSDT.P,SP,1,,0,DOGEUSDT.P.BYP
U31F:DOGSUSDT.P,SP,1,,0,DOGSUSDT.P.BYP
U31F:DOGUSDT.P,SP,1,,0,DOGUSDT.P.BYP
U31F:DOLOUSDT.P,SP,1,,0,DOLOUSDT.P.BYP
U31F:DOODUSDT.P,SP,1,,0,DOODUSDT.P.BYP
U31F:DOTUSD.P,SP,1,,0,DOTUSD.P.BYP
U31F:DOTUSDC.P,SP,1,,0,DOTUSDC.P.BYP
U31F:DOTUSDT.P,SP,1,,0,DOTUSDT.P.BYP
U31F:DRIFTUSDT.P,SP,1,,0,DRIFTUSDT.P.BYP
U31F:DUSKUSDT.P,SP,1,,0,DUSKUSDT.P.BYP
U31F:DYDXUSDT.P,SP,1,,0,DYDXUSDT.P.BYP
U31F:DYMUSDT.P,SP,1,,0,DYMUSDT.P.BYP
U31F:EDENUSDT.P,SP,1,,0,EDENUSDT.P.BYP
U31F:EDUUSDT.P,SP,1,,0,EDUUSDT.P.BYP
U31F:EGLDUSDT.P,SP,1,,0,EGLDUSDT.P.BYP
U31F:EIGENUSDC.P,SP,1,,0,EIGENUSDC.P.BYP
U31F:EIGENUSDT.P,SP,1,,0,EIGENUSDT.P.BYP
U31F:ELSAUSDT.P,SP,1,,0,ELSAUSDT.P.BYP
U31F:ELXUSDT.P,SP,1,,0,ELXUSDT.P.BYP
U31F:ENAUSDC.P,SP,1,,0,ENAUSDC.P.BYP
U31F:ENAUSDT.P,SP,1,,0,ENAUSDT.P.BYP
U31F:ENJUSDT.P,SP,1,,0,ENJUSDT.P.BYP
U31F:ENSOUSDT.P,SP,1,,0,ENSOUSDT.P.BYP
U31F:ENSUSDT.P,SP,1,,0,ENSUSDT.P.BYP
U31F:EOSUSD.P,SP,1,,0,EOSUSD.P.BYP
U31F:EOSUSDC.P,SP,1,,0,EOSUSDC.P.BYP
U31F:EOSUSDT.P,SP,1,,0,EOSUSDT.P.BYP
U31F:EPICUSDT.P,SP,1,,0,EPICUSDT.P.BYP
U31F:EPTUSDT.P,SP,1,,0,EPTUSDT.P.BYP
U31F:ERAUSDT.P,SP,1,,0,ERAUSDT.P.BYP
U31F:ESPORTSUSDT.P,SP,1,,0,ESPORTSUSDT.P.BYP
U31F:ESPUSDT.P,SP,1,,0,ESPUSDT.P.BYP
U31F:ESUSDT.P,SP,1,,0,ESUSDT.P.BYP
U31F:ETCUSD.P,SP,1,,0,ETCUSD.P.BYP
U31F:ETCUSDC.P,SP,1,,0,ETCUSDC.P.BYP
U31F:ETCUSDT.P,SP,1,,0,ETCUSDT.P.BYP
U31F:ETHFIUSDC.P,SP,1,,0,ETHFIUSDC.P.BYP
U31F:ETHFIUSDT.P,SP,1,,0,ETHFIUSDT.P.BYP
U31F:ETHUSD.210625,FP,1,,0,ETHUSD.210625.BYF
U31F:ETHUSD.210924,FP,1,,0,ETHUSD.210924.BYF
U31F:ETHUSD.211231,FP,1,,0,ETHUSD.211231.BYF
U31F:ETHUSD.220325,FP,1,,0,ETHUSD.220325.BYF
U31F:ETHUSD.220624,FP,1,,0,ETHUSD.220624.BYF
U31F:ETHUSD.220930,FP,1,,0,ETHUSD.220930.BYF
U31F:ETHUSD.221230,FP,1,,0,ETHUSD.221230.BYF
U31F:ETHUSD.230331,FP,1,,0,ETHUSD.230331.BYF
U31F:ETHUSD.230630,FP,1,,0,ETHUSD.230630.BYF
U31F:ETHUSD.230929,FP,1,,0,ETHUSD.230929.BYF
U31F:ETHUSD.231229,FP,1,,0,ETHUSD.231229.BYF
U31F:ETHUSD.240329,FP,1,,0,ETHUSD.240329.BYF
U31F:ETHUSD.240628,FP,1,,0,ETHUSD.240628.BYF
U31F:ETHUSD.240927,FP,1,,0,ETHUSD.240927.BYF
U31F:ETHUSD.241227,FP,1,,0,ETHUSD.241227.BYF
U31F:ETHUSD.250328,FP,1,,0,ETHUSD.250328.BYF
U31F:ETHUSD.250627,FP,1,,0,ETHUSD.250627.BYF
U31F:ETHUSD.250926,FP,1,,0,ETHUSD.250926.BYF
U31F:ETHUSD.251226,FP,1,,0,ETHUSD.251226.BYF
U31F:ETHUSD.260327,FP,1,,0,ETHUSD.260327.BYF
U31F:ETHUSD.260626,FP,1,,0,ETHUSD.260626.BYF
U31F:ETHUSD.260925,FP,1,,0,ETHUSD.260925.BYF
U31F:ETHUSD.P,SP,1,,0,ETHUSD.P.BYP
U31F:ETHUSDC.230331,FP,1,,0,ETH.230331.BYF
U31F:ETHUSDC.230407,FP,1,,0,ETH.230407.BYF
U31F:ETHUSDC.230414,FP,1,,0,ETH.230414.BYF
U31F:ETHUSDC.230421,FP,1,,0,ETH.230421.BYF
U31F:ETHUSDC.230428,FP,1,,0,ETH.230428.BYF
U31F:ETHUSDC.230505,FP,1,,0,ETH.230505.BYF
U31F:ETHUSDC.230512,FP,1,,0,ETH.230512.BYF
U31F:ETHUSDC.230519,FP,1,,0,ETH.230519.BYF
U31F:ETHUSDC.230526,FP,1,,0,ETH.230526.BYF
U31F:ETHUSDC.230602,FP,1,,0,ETH.230602.BYF
U31F:ETHUSDC.230609,FP,1,,0,ETH.230609.BYF
U31F:ETHUSDC.230616,FP,1,,0,ETH.230616.BYF
U31F:ETHUSDC.230623,FP,1,,0,ETH.230623.BYF
U31F:ETHUSDC.230630,FP,1,,0,ETH.230630.BYF
U31F:ETHUSDC.230707,FP,1,,0,ETH.230707.BYF
U31F:ETHUSDC.230714,FP,1,,0,ETH.230714.BYF
U31F:ETHUSDC.230721,FP,1,,0,ETH.230721.BYF
U31F:ETHUSDC.230728,FP,1,,0,ETH.230728.BYF
U31F:ETHUSDC.230804,FP,1,,0,ETH.230804.BYF
U31F:ETHUSDC.230811,FP,1,,0,ETH.230811.BYF
U31F:ETHUSDC.230818,FP,1,,0,ETH.230818.BYF
U31F:ETHUSDC.230825,FP,1,,0,ETH.230825.BYF
U31F:ETHUSDC.230901,FP,1,,0,ETH.230901.BYF
U31F:ETHUSDC.230908,FP,1,,0,ETH.230908.BYF
U31F:ETHUSDC.230915,FP,1,,0,ETH.230915.BYF
U31F:ETHUSDC.230922,FP,1,,0,ETH.230922.BYF
U31F:ETHUSDC.230929,FP,1,,0,ETH.230929.BYF
U31F:ETHUSDC.231006,FP,1,,0,ETH.231006.BYF
U31F:ETHUSDC.231013,FP,1,,0,ETH.231013.BYF
U31F:ETHUSDC.231020,FP,1,,0,ETH.231020.BYF
U31F:ETHUSDC.231027,FP,1,,0,ETH.231027.BYF
U31F:ETHUSDC.231103,FP,1,,0,ETH.231103.BYF
U31F:ETHUSDC.231110,FP,1,,0,ETH.231110.BYF
U31F:ETHUSDC.231117,FP,1,,0,ETH.231117.BYF
U31F:ETHUSDC.231124,FP,1,,0,ETH.231124.BYF
U31F:ETHUSDC.231201,FP,1,,0,ETH.231201.BYF
U31F:ETHUSDC.231208,FP,1,,0,ETH.231208.BYF
U31F:ETHUSDC.231215,FP,1,,0,ETH.231215.BYF
U31F:ETHUSDC.231222,FP,1,,0,ETH.231222.BYF
U31F:ETHUSDC.231229,FP,1,,0,ETH.231229.BYF
U31F:ETHUSDC.240105,FP,1,,0,ETH.240105.BYF
U31F:ETHUSDC.240112,FP,1,,0,ETH.240112.BYF
U31F:ETHUSDC.240119,FP,1,,0,ETH.240119.BYF
U31F:ETHUSDC.240126,FP,1,,0,ETH.240126.BYF
U31F:ETHUSDC.240202,FP,1,,0,ETH.240202.BYF
U31F:ETHUSDC.240209,FP,1,,0,ETH.240209.BYF
U31F:ETHUSDC.240216,FP,1,,0,ETH.240216.BYF
U31F:ETHUSDC.240223,FP,1,,0,ETH.240223.BYF
U31F:ETHUSDC.240301,FP,1,,0,ETH.240301.BYF
U31F:ETHUSDC.240308,FP,1,,0,ETH.240308.BYF
U31F:ETHUSDC.240315,FP,1,,0,ETH.240315.BYF
U31F:ETHUSDC.240322,FP,1,,0,ETH.240322.BYF
U31F:ETHUSDC.240329,FP,1,,0,ETH.240329.BYF
U31F:ETHUSDC.240405,FP,1,,0,ETH.240405.BYF
U31F:ETHUSDC.240412,FP,1,,0,ETH.240412.BYF
U31F:ETHUSDC.240419,FP,1,,0,ETH.240419.BYF
U31F:ETHUSDC.240426,FP,1,,0,ETH.240426.BYF
U31F:ETHUSDC.240503,FP,1,,0,ETH.240503.BYF
U31F:ETHUSDC.240510,FP,1,,0,ETH.240510.BYF
U31F:ETHUSDC.240517,FP,1,,0,ETH.240517.BYF
U31F:ETHUSDC.240524,FP,1,,0,ETH.240524.BYF
U31F:ETHUSDC.240531,FP,1,,0,ETH.240531.BYF
U31F:ETHUSDC.240607,FP,1,,0,ETH.240607.BYF
U31F:ETHUSDC.240614,FP,1,,0,ETH.240614.BYF
U31F:ETHUSDC.240621,FP,1,,0,ETH.240621.BYF
U31F:ETHUSDC.240628,FP,1,,0,ETH.240628.BYF
U31F:ETHUSDC.240705,FP,1,,0,ETH.240705.BYF
U31F:ETHUSDC.240712,FP,1,,0,ETH.240712.BYF
U31F:ETHUSDC.240719,FP,1,,0,ETH.240719.BYF
U31F:ETHUSDC.240726,FP,1,,0,ETH.240726.BYF
U31F:ETHUSDC.240802,FP,1,,0,ETH.240802.BYF
U31F:ETHUSDC.240809,FP,1,,0,ETH.240809.BYF
U31F:ETHUSDC.240816,FP,1,,0,ETH.240816.BYF
U31F:ETHUSDC.240823,FP,1,,0,ETH.240823.BYF
U31F:ETHUSDC.240830,FP,1,,0,ETH.240830.BYF
U31F:ETHUSDC.240906,FP,1,,0,ETH.240906.BYF
U31F:ETHUSDC.240913,FP,1,,0,ETH.240913.BYF
U31F:ETHUSDC.240920,FP,1,,0,ETH.240920.BYF
U31F:ETHUSDC.240927,FP,1,,0,ETH.240927.BYF
U31F:ETHUSDC.241004,FP,1,,0,ETH.241004.BYF
U31F:ETHUSDC.241011,FP,1,,0,ETH.241011.BYF
U31F:ETHUSDC.241018,FP,1,,0,ETH.241018.BYF
U31F:ETHUSDC.241025,FP,1,,0,ETH.241025.BYF
U31F:ETHUSDC.241101,FP,1,,0,ETH.241101.BYF
U31F:ETHUSDC.241108,FP,1,,0,ETH.241108.BYF
U31F:ETHUSDC.241115,FP,1,,0,ETH.241115.BYF
U31F:ETHUSDC.241122,FP,1,,0,ETH.241122.BYF
U31F:ETHUSDC.241129,FP,1,,0,ETH.241129.BYF
U31F:ETHUSDC.241206,FP,1,,0,ETH.241206.BYF
U31F:ETHUSDC.241213,FP,1,,0,ETH.241213.BYF
U31F:ETHUSDC.241220,FP,1,,0,ETH.241220.BYF
U31F:ETHUSDC.241227,FP,1,,0,ETH.241227.BYF
U31F:ETHUSDC.250103,FP,1,,0,ETH.250103.BYF
U31F:ETHUSDC.250110,FP,1,,0,ETH.250110.BYF
U31F:ETHUSDC.250117,FP,1,,0,ETH.250117.BYF
U31F:ETHUSDC.250124,FP,1,,0,ETH.250124.BYF
U31F:ETHUSDC.250131,FP,1,,0,ETH.250131.BYF
U31F:ETHUSDC.250207,FP,1,,0,ETH.250207.BYF
U31F:ETHUSDC.250214,FP,1,,0,ETH.250214.BYF
U31F:ETHUSDC.250221,FP,1,,0,ETH.250221.BYF
U31F:ETHUSDC.250228,FP,1,,0,ETH.250228.BYF
U31F:ETHUSDC.250307,FP,1,,0,ETH.250307.BYF
U31F:ETHUSDC.250314,FP,1,,0,ETH.250314.BYF
U31F:ETHUSDC.250328,FP,1,,0,ETH.250328.BYF
U31F:ETHUSDC.250425,FP,1,,0,ETH.250425.BYF
U31F:ETHUSDC.250627,FP,1,,0,ETH.250627.BYF
U31F:ETHUSDC.250926,FP,1,,0,ETH.250926.BYF
U31F:ETHUSDC.251226,FP,1,,0,ETH.251226.BYF
U31F:ETHUSDC.P,SP,1,,0,ETHUSDC.P.BYP
U31F:ETHUSDT.250321,FP,1,,0,ETHUSDT.250321.BYF
U31F:ETHUSDT.250404,FP,1,,0,ETHUSDT.250404.BYF
U31F:ETHUSDT.250411,FP,1,,0,ETHUSDT.250411.BYF
U31F:ETHUSDT.250418,FP,1,,0,ETHUSDT.250418.BYF
U31F:ETHUSDT.250425,FP,1,,0,ETHUSDT.250425.BYF
U31F:ETHUSDT.250502,FP,1,,0,ETHUSDT.250502.BYF
U31F:ETHUSDT.250509,FP,1,,0,ETHUSDT.250509.BYF
U31F:ETHUSDT.250516,FP,1,,0,ETHUSDT.250516.BYF
U31F:ETHUSDT.250523,FP,1,,0,ETHUSDT.250523.BYF
U31F:ETHUSDT.250530,FP,1,,0,ETHUSDT.250530.BYF
U31F:ETHUSDT.250606,FP,1,,0,ETHUSDT.250606.BYF
U31F:ETHUSDT.250613,FP,1,,0,ETHUSDT.250613.BYF
U31F:ETHUSDT.250620,FP,1,,0,ETHUSDT.250620.BYF
U31F:ETHUSDT.250627,FP,1,,0,ETHUSDT.250627.BYF
U31F:ETHUSDT.250704,FP,1,,0,ETHUSDT.250704.BYF
U31F:ETHUSDT.250711,FP,1,,0,ETHUSDT.250711.BYF
U31F:ETHUSDT.250718,FP,1,,0,ETHUSDT.250718.BYF
U31F:ETHUSDT.250725,FP,1,,0,ETHUSDT.250725.BYF
U31F:ETHUSDT.250801,FP,1,,0,ETHUSDT.250801.BYF
U31F:ETHUSDT.250808,FP,1,,0,ETHUSDT.250808.BYF
U31F:ETHUSDT.250815,FP,1,,0,ETHUSDT.250815.BYF
U31F:ETHUSDT.250822,FP,1,,0,ETHUSDT.250822.BYF
U31F:ETHUSDT.250829,FP,1,,0,ETHUSDT.250829.BYF
U31F:ETHUSDT.250905,FP,1,,0,ETHUSDT.250905.BYF
U31F:ETHUSDT.250912,FP,1,,0,ETHUSDT.250912.BYF
U31F:ETHUSDT.250919,FP,1,,0,ETHUSDT.250919.BYF
U31F:ETHUSDT.250926,FP,1,,0,ETHUSDT.250926.BYF
U31F:ETHUSDT.251003,FP,1,,0,ETHUSDT.251003.BYF
U31F:ETHUSDT.251010,FP,1,,0,ETHUSDT.251010.BYF
U31F:ETHUSDT.251017,FP,1,,0,ETHUSDT.251017.BYF
U31F:ETHUSDT.251024,FP,1,,0,ETHUSDT.251024.BYF
U31F:ETHUSDT.251031,FP,1,,0,ETHUSDT.251031.BYF
U31F:ETHUSDT.251107,FP,1,,0,ETHUSDT.251107.BYF
U31F:ETHUSDT.251114,FP,1,,0,ETHUSDT.251114.BYF
U31F:ETHUSDT.251121,FP,1,,0,ETHUSDT.251121.BYF
U31F:ETHUSDT.251128,FP,1,,0,ETHUSDT.251128.BYF
U31F:ETHUSDT.251205,FP,1,,0,ETHUSDT.251205.BYF
U31F:ETHUSDT.251212,FP,1,,0,ETHUSDT.251212.BYF
U31F:ETHUSDT.251219,FP,1,,0,ETHUSDT.251219.BYF
U31F:ETHUSDT.251226,FP,1,,0,ETHUSDT.251226.BYF
U31F:ETHUSDT.260102,FP,1,,0,ETHUSDT.260102.BYF
U31F:ETHUSDT.260109,FP,1,,0,ETHUSDT.260109.BYF
U31F:ETHUSDT.260116,FP,1,,0,ETHUSDT.260116.BYF
U31F:ETHUSDT.260123,FP,1,,0,ETHUSDT.260123.BYF
U31F:ETHUSDT.260130,FP,1,,0,ETHUSDT.260130.BYF
U31F:ETHUSDT.260206,FP,1,,0,ETHUSDT.260206.BYF
U31F:ETHUSDT.260213,FP,1,,0,ETHUSDT.260213.BYF
U31F:ETHUSDT.260220,FP,1,,0,ETHUSDT.260220.BYF
U31F:ETHUSDT.260227,FP,1,,0,ETHUSDT.260227.BYF
U31F:ETHUSDT.260306,FP,1,,0,ETHUSDT.260306.BYF
U31F:ETHUSDT.260313,FP,1,,0,ETHUSDT.260313.BYF
U31F:ETHUSDT.260320,FP,1,,0,ETHUSDT.260320.BYF
U31F:ETHUSDT.260327,FP,1,,0,ETHUSDT.260327.BYF
U31F:ETHUSDT.260403,FP,1,,0,ETHUSDT.260403.BYF
U31F:ETHUSDT.260424,FP,1,,0,ETHUSDT.260424.BYF
U31F:ETHUSDT.260529,FP,1,,0,ETHUSDT.260529.BYF
U31F:ETHUSDT.260626,FP,1,,0,ETHUSDT.260626.BYF
U31F:ETHUSDT.260925,FP,1,,0,ETHUSDT.260925.BYF
U31F:ETHUSDT.261225,FP,1,,0,ETHUSDT.261225.BYF
U31F:ETHUSDT.P,SP,1,,0,ETHUSDT.P.BYP
U31F:ETHWUSDT.P,SP,1,,0,ETHWUSDT.P.BYP
U31F:EULUSDT.P,SP,1,,0,EULUSDT.P.BYP
U31F:EVAAUSDT.P,SP,1,,0,EVAAUSDT.P.BYP
U31F:FARTCOINUSDC.P,SP,1,,0,FARTCOINUSDC.P.BYP
U31F:FARTCOINUSDT.P,SP,1,,0,FARTCOINUSDT.P.BYP
U31F:FDUSDUSDT.P,SP,1,,0,FDUSDUSDT.P.BYP
U31F:FETUSDT.P,SP,1,,0,FETUSDT.P.BYP
U31F:FFUSDT.P,SP,1,,0,FFUSDT.P.BYP
U31F:FHEUSDT.P,SP,1,,0,FHEUSDT.P.BYP
U31F:FIDAUSDT.P,SP,1,,0,FIDAUSDT.P.BYP
U31F:FIGHTUSDT.P,SP,1,,0,FIGHTUSDT.P.BYP
U31F:FILUSD.P,SP,1,,0,FILUSD.P.BYP
U31F:FILUSDC.P,SP,1,,0,FILUSDC.P.BYP
U31F:FILUSDT.P,SP,1,,0,FILUSDT.P.BYP
U31F:FIOUSDT.P,SP,1,,0,FIOUSDT.P.BYP
U31F:FISUSDT.P,SP,1,,0,FISUSDT.P.BYP
U31F:FITFIUSDT.P,SP,1,,0,FITFIUSDT.P.BYP
U31F:FLMUSDT.P,SP,1,,0,FLMUSDT.P.BYP
U31F:FLOCKUSDT.P,SP,1,,0,FLOCKUSDT.P.BYP
U31F:FLOWUSDT.P,SP,1,,0,FLOWUSDT.P.BYP
U31F:FLRUSDT.P,SP,1,,0,FLRUSDT.P.BYP
U31F:FLUIDUSDT.P,SP,1,,0,FLUIDUSDT.P.BYP
U31F:FLUXUSDT.P,SP,1,,0,FLUXUSDT.P.BYP
U31F:FOGOUSDT.P,SP,1,,0,FOGOUSDT.P.BYP
U31F:FOLKSUSDT.P,SP,1,,0,FOLKSUSDT.P.BYP
U31F:FORMUSDT.P,SP,1,,0,FORMUSDT.P.BYP
U31F:FORTHUSDT.P,SP,1,,0,FORTHUSDT.P.BYP
U31F:FOXYUSDT.P,SP,1,,0,FOXYUSDT.P.BYP
U31F:FRAGUSDT.P,SP,1,,0,FRAGUSDT.P.BYP
U31F:FTMUSDT.P,SP,1,,0,FTMUSDT.P.BYP
U31F:FTTUSDT.P,SP,1,,0,FTTUSDT.P.BYP
U31F:FUELUSDT.P,SP,1,,0,FUELUSDT.P.BYP
U31F:FUNUSDT.P,SP,1,,0,FUNUSDT.P.BYP
U31F:FUSDT.P,SP,1,,0,FUSDT.P.BYP
U31F:FWOGUSDT.P,SP,1,,0,FWOGUSDT.P.BYP
U31F:FXSUSDT.P,SP,1,,0,FXSUSDT.P.BYP
U31F:GALAUSDT.P,SP,1,,0,GALAUSDT.P.BYP
U31F:GALUSDT.P,SP,1,,0,GALUSDT.P.BYP
U31F:GASUSDT.P,SP,1,,0,GASUSDT.P.BYP
U31F:GIGAUSDT.P,SP,1,,0,GIGAUSDT.P.BYP
U31F:GIGGLEUSDT.P,SP,1,,0,GIGGLEUSDT.P.BYP
U31F:GLMRUSDT.P,SP,1,,0,GLMRUSDT.P.BYP
U31F:GLMUSDT.P,SP,1,,0,GLMUSDT.P.BYP
U31F:GMTUSDC.P,SP,1,,0,GMTUSDC.P.BYP
U31F:GMTUSDT.P,SP,1,,0,GMTUSDT.P.BYP
U31F:GMXUSDT.P,SP,1,,0,GMXUSDT.P.BYP
U31F:GNOUSDT.P,SP,1,,0,GNOUSDT.P.BYP
U31F:GOATUSDT.P,SP,1,,0,GOATUSDT.P.BYP
U31F:GODSUSDT.P,SP,1,,0,GODSUSDT.P.BYP
U31F:GPSUSDT.P,SP,1,,0,GPSUSDT.P.BYP
U31F:GRASSUSDT.P,SP,1,,0,GRASSUSDT.P.BYP
U31F:GRIFFAINUSDT.P,SP,1,,0,GRIFFAINUSDT.P.BYP
U31F:GRTUSDT.P,SP,1,,0,GRTUSDT.P.BYP
U31F:GTCUSDT.P,SP,1,,0,GTCUSDT.P.BYP
U31F:GUNUSDT.P,SP,1,,0,GUNUSDT.P.BYP
U31F:GUSDT.P,SP,1,,0,GUSDT.P.BYP
U31F:HAEDALUSDT.P,SP,1,,0,HAEDALUSDT.P.BYP
U31F:HANAUSDT.P,SP,1,,0,HANAUSDT.P.BYP
U31F:HBARUSDC.P,SP,1,,0,HBARUSDC.P.BYP
U31F:HBARUSDT.P,SP,1,,0,HBARUSDT.P.BYP
U31F:HEIUSDT.P,SP,1,,0,HEIUSDT.P.BYP
U31F:HEMIUSDT.P,SP,1,,0,HEMIUSDT.P.BYP
U31F:HFTUSDT.P,SP,1,,0,HFTUSDT.P.BYP
U31F:HIFIUSDT.P,SP,1,,0,HIFIUSDT.P.BYP
U31F:HIGHUSDT.P,SP,1,,0,HIGHUSDT.P.BYP
U31F:HIPPOUSDT.P,SP,1,,0,HIPPOUSDT.P.BYP
U31F:HIVEUSDT.P,SP,1,,0,HIVEUSDT.P.BYP
U31F:HMSTRUSDT.P,SP,1,,0,HMSTRUSDT.P.BYP
U31F:HNTUSDT.P,SP,1,,0,HNTUSDT.P.BYP
U31F:HOLOUSDT.P,SP,1,,0,HOLOUSDT.P.BYP
U31F:HOMEUSDT.P,SP,1,,0,HOMEUSDT.P.BYP
U31F:HOOKUSDT.P,SP,1,,0,HOOKUSDT.P.BYP
U31F:HOTUSDT.P,SP,1,,0,HOTUSDT.P.BYP
U31F:HPOS10IUSDT.P,SP,1,,0,HPOS10IUSDT.P.BYP
U31F:HUMAUSDT.P,SP,1,,0,HUMAUSDT.P.BYP
U31F:HUSDC.P,SP,1,,0,HUSDC.P.BYP
U31F:HUSDT.P,SP,1,,0,HUSDT.P.BYP
U31F:HYPERUSDT.P,SP,1,,0,HYPERUSDT.P.BYP
U31F:HYPEUSDC.P,SP,1,,0,HYPEUSDC.P.BYP
U31F:HYPEUSDT.P,SP,1,,0,HYPEUSDT.P.BYP
U31F:ICNTUSDC.P,SP,1,,0,ICNTUSDC.P.BYP
U31F:ICNTUSDT.P,SP,1,,0,ICNTUSDT.P.BYP
U31F:ICPUSDC.P,SP,1,,0,ICPUSDC.P.BYP
U31F:ICPUSDT.P,SP,1,,0,ICPUSDT.P.BYP
U31F:ICXUSDT.P,SP,1,,0,ICXUSDT.P.BYP
U31F:IDEXUSDT.P,SP,1,,0,IDEXUSDT.P.BYP
U31F:IDUSDT.P,SP,1,,0,IDUSDT.P.BYP
U31F:ILVUSDT.P,SP,1,,0,ILVUSDT.P.BYP
U31F:IMXUSDT.P,SP,1,,0,IMXUSDT.P.BYP
U31F:INITUSDT.P,SP,1,,0,INITUSDT.P.BYP
U31F:INJUSDC.P,SP,1,,0,INJUSDC.P.BYP
U31F:INJUSDT.P,SP,1,,0,INJUSDT.P.BYP
U31F:INUSDT.P,SP,1,,0,INUSDT.P.BYP
U31F:INXUSDT.P,SP,1,,0,INXUSDT.P.BYP
U31F:IOSTUSDT.P,SP,1,,0,IOSTUSDT.P.BYP
U31F:IOTAUSDT.P,SP,1,,0,IOTAUSDT.P.BYP
U31F:IOTXUSDT.P,SP,1,,0,IOTXUSDT.P.BYP
U31F:IOUSDT.P,SP,1,,0,IOUSDT.P.BYP
U31F:IPUSDC.P,SP,1,,0,IPUSDC.P.BYP
U31F:IPUSDT.P,SP,1,,0,IPUSDT.P.BYP
U31F:IRYSUSDT.P,SP,1,,0,IRYSUSDT.P.BYP
U31F:JASMYUSDT.P,SP,1,,0,JASMYUSDT.P.BYP
U31F:JCTUSDT.P,SP,1,,0,JCTUSDT.P.BYP
U31F:JELLYJELLYUSDT.P,SP,1,,0,JELLYJELLYUSDT.P.BYP
U31F:JOEUSDT.P,SP,1,,0,JOEUSDT.P.BYP
U31F:JSTUSDT.P,SP,1,,0,JSTUSDT.P.BYP
U31F:JTOUSDT.P,SP,1,,0,JTOUSDT.P.BYP
U31F:JUPUSDT.P,SP,1,,0,JUPUSDT.P.BYP
U31F:JUSDT.P,SP,1,,0,JUSDT.P.BYP
U31F:KAIAUSDT.P,SP,1,,0,KAIAUSDT.P.BYP
U31F:KAITOUSDT.P,SP,1,,0,KAITOUSDT.P.BYP
U31F:KASUSDT.P,SP,1,,0,KASUSDT.P.BYP
U31F:KATUSDT.P,SP,1,,0,KATUSDT.P.BYP
U31F:KAVAUSDT.P,SP,1,,0,KAVAUSDT.P.BYP
U31F:KDAUSDT.P,SP,1,,0,KDAUSDT.P.BYP
U31F:KERNELUSDT.P,SP,1,,0,KERNELUSDT.P.BYP
U31F:KEYUSDT.P,SP,1,,0,KEYUSDT.P.BYP
U31F:KGENUSDT.P,SP,1,,0,KGENUSDT.P.BYP
U31F:KITEUSDT.P,SP,1,,0,KITEUSDT.P.BYP
U31F:KLAYUSDT.P,SP,1,,0,KLAYUSDT.P.BYP
U31F:KMNOUSDT.P,SP,1,,0,KMNOUSDT.P.BYP
U31F:KNCUSDT.P,SP,1,,0,KNCUSDT.P.BYP
U31F:KOMAUSDT.P,SP,1,,0,KOMAUSDT.P.BYP
U31F:KSMUSDT.P,SP,1,,0,KSMUSDT.P.BYP
U31F:KUSDT.P,SP,1,,0,KUSDT.P.BYP
U31F:L3USDT.P,SP,1,,0,L3USDT.P.BYP
U31F:LABUSDT.P,SP,1,,0,LABUSDT.P.BYP
U31F:LAUSDT.P,SP,1,,0,LAUSDT.P.BYP
U31F:LAYERUSDT.P,SP,1,,0,LAYERUSDT.P.BYP
U31F:LDOUSDC.P,SP,1,,0,LDOUSDC.P.BYP
U31F:LDOUSDT.P,SP,1,,0,LDOUSDT.P.BYP
U31F:LEVERUSDT.P,SP,1,,0,LEVERUSDT.P.BYP
U31F:LFTUSDT.P,SP,1,,0,LFTUSDT.P.BYP
U31F:LIGHTUSDT.P,SP,1,,0,LIGHTUSDT.P.BYP
U31F:LINAUSDT.P,SP,1,,0,LINAUSDT.P.BYP
U31F:LINEAUSDT.P,SP,1,,0,LINEAUSDT.P.BYP
U31F:LINKUSD.P,SP,1,,0,LINKUSD.P.BYP
U31F:LINKUSDC.P,SP,1,,0,LINKUSDC.P.BYP
U31F:LINKUSDT.P,SP,1,,0,LINKUSDT.P.BYP
U31F:LISTAUSDT.P,SP,1,,0,LISTAUSDT.P.BYP
U31F:LITUSDT.P,SP,1,,0,LITUSDT.P.BYP
U31F:LOOKSUSDT.P,SP,1,,0,LOOKSUSDT.P.BYP
U31F:LOOMUSDT.P,SP,1,,0,LOOMUSDT.P.BYP
U31F:LPTUSDT.P,SP,1,,0,LPTUSDT.P.BYP
U31F:LQTYUSDT.P,SP,1,,0,LQTYUSDT.P.BYP
U31F:LRCUSDT.P,SP,1,,0,LRCUSDT.P.BYP
U31F:LSKUSDT.P,SP,1,,0,LSKUSDT.P.BYP
U31F:LTCUSD.P,SP,1,,0,LTCUSD.P.BYP
U31F:LTCUSDC.P,SP,1,,0,LTCUSDC.P.BYP
U31F:LTCUSDT.P,SP,1,,0,LTCUSDT.P.BYP
U31F:LTOUSDT.P,SP,1,,0,LTOUSDT.P.BYP
U31F:LUMIAUSDT.P,SP,1,,0,LUMIAUSDT.P.BYP
U31F:LUNA2USDC.P,SP,1,,0,LUNA2USDC.P.BYP
U31F:LUNA2USDT.P,SP,1,,0,LUNA2USDT.P.BYP
U31F:LUNAUSD.P,SP,1,,0,LUNAUSD.P.BYP
U31F:LUNAUSDT.P,SP,1,,0,LUNAUSDT.P.BYP
U31F:LYNUSDT.P,SP,1,,0,LYNUSDT.P.BYP
U31F:MAGICUSDT.P,SP,1,,0,MAGICUSDT.P.BYP
U31F:MAGMAUSDT.P,SP,1,,0,MAGMAUSDT.P.BYP
U31F:MAJORUSDT.P,SP,1,,0,MAJORUSDT.P.BYP
U31F:MANAUSD.P,SP,1,,0,MANAUSD.P.BYP
U31F:MANAUSDT.P,SP,1,,0,MANAUSDT.P.BYP
U31F:MANTAUSDT.P,SP,1,,0,MANTAUSDT.P.BYP
U31F:MASAUSDT.P,SP,1,,0,MASAUSDT.P.BYP
U31F:MASKUSDT.P,SP,1,,0,MASKUSDT.P.BYP
U31F:MATICUSDC.P,SP,1,,0,MATICUSDC.P.BYP
U31F:MATICUSDT.P,SP,1,,0,MATICUSDT.P.BYP
U31F:MAVIAUSDT.P,SP,1,,0,MAVIAUSDT.P.BYP
U31F:MAVUSDT.P,SP,1,,0,MAVUSDT.P.BYP
U31F:MBLUSDT.P,SP,1,,0,MBLUSDT.P.BYP
U31F:MBOXUSDT.P,SP,1,,0,MBOXUSDT.P.BYP
U31F:MDTUSDT.P,SP,1,,0,MDTUSDT.P.BYP
U31F:MEGAUSDT.P,SP,1,,0,MEGAUSDT.P.BYP
U31F:MELANIAUSDT.P,SP,1,,0,MELANIAUSDT.P.BYP
U31F:MEMEFIUSDT.P,SP,1,,0,MEMEFIUSDT.P.BYP
U31F:MEMEUSDT.P,SP,1,,0,MEMEUSDT.P.BYP
U31F:MERLUSDT.P,SP,1,,0,MERLUSDT.P.BYP
U31F:METISUSDT.P,SP,1,,0,METISUSDT.P.BYP
U31F:METUSDT.P,SP,1,,0,METUSDT.P.BYP
U31F:MEUSDT.P,SP,1,,0,MEUSDT.P.BYP
U31F:MEWUSDT.P,SP,1,,0,MEWUSDT.P.BYP
U31F:MILKUSDT.P,SP,1,,0,MILKUSDT.P.BYP
U31F:MINAUSDT.P,SP,1,,0,MINAUSDT.P.BYP
U31F:MIRAUSDT.P,SP,1,,0,MIRAUSDT.P.BYP
U31F:MITOUSDT.P,SP,1,,0,MITOUSDT.P.BYP
U31F:MKRUSDT.P,SP,1,,0,MKRUSDT.P.BYP
U31F:MLNUSDT.P,SP,1,,0,MLNUSDT.P.BYP
U31F:MMTUSDT.P,SP,1,,0,MMTUSDT.P.BYP
U31F:MNTUSD.P,SP,1,,0,MNTUSD.P.BYP
U31F:MNTUSDC.P,SP,1,,0,MNTUSDC.P.BYP
U31F:MNTUSDT.251031,FP,1,,0,MNTUSDT.251031.BYF
U31F:MNTUSDT.251107,FP,1,,0,MNTUSDT.251107.BYF
U31F:MNTUSDT.251114,FP,1,,0,MNTUSDT.251114.BYF
U31F:MNTUSDT.251121,FP,1,,0,MNTUSDT.251121.BYF
U31F:MNTUSDT.251128,FP,1,,0,MNTUSDT.251128.BYF
U31F:MNTUSDT.251205,FP,1,,0,MNTUSDT.251205.BYF
U31F:MNTUSDT.251212,FP,1,,0,MNTUSDT.251212.BYF
U31F:MNTUSDT.251219,FP,1,,0,MNTUSDT.251219.BYF
U31F:MNTUSDT.251226,FP,1,,0,MNTUSDT.251226.BYF
U31F:MNTUSDT.260102,FP,1,,0,MNTUSDT.260102.BYF
U31F:MNTUSDT.260109,FP,1,,0,MNTUSDT.260109.BYF
U31F:MNTUSDT.260116,FP,1,,0,MNTUSDT.260116.BYF
U31F:MNTUSDT.260123,FP,1,,0,MNTUSDT.260123.BYF
U31F:MNTUSDT.260130,FP,1,,0,MNTUSDT.260130.BYF
U31F:MNTUSDT.260206,FP,1,,0,MNTUSDT.260206.BYF
U31F:MNTUSDT.260213,FP,1,,0,MNTUSDT.260213.BYF
U31F:MNTUSDT.260220,FP,1,,0,MNTUSDT.260220.BYF
U31F:MNTUSDT.260227,FP,1,,0,MNTUSDT.260227.BYF
U31F:MNTUSDT.260306,FP,1,,0,MNTUSDT.260306.BYF
U31F:MNTUSDT.260313,FP,1,,0,MNTUSDT.260313.BYF
U31F:MNTUSDT.260320,FP,1,,0,MNTUSDT.260320.BYF
U31F:MNTUSDT.260327,FP,1,,0,MNTUSDT.260327.BYF
U31F:MNTUSDT.260403,FP,1,,0,MNTUSDT.260403.BYF
U31F:MNTUSDT.260424,FP,1,,0,MNTUSDT.260424.BYF
U31F:MNTUSDT.P,SP,1,,0,MNTUSDT.P.BYP
U31F:MOCAUSDT.P,SP,1,,0,MOCAUSDT.P.BYP
U31F:MONUSDT.P,SP,1,,0,MONUSDT.P.BYP
U31F:MOODENGUSDC.P,SP,1,,0,MOODENGUSDC.P.BYP
U31F:MOODENGUSDT.P,SP,1,,0,MOODENGUSDT.P.BYP
U31F:MORPHOUSDT.P,SP,1,,0,MORPHOUSDT.P.BYP
U31F:MOVEUSDT.P,SP,1,,0,MOVEUSDT.P.BYP
U31F:MOVRUSDT.P,SP,1,,0,MOVRUSDT.P.BYP
U31F:MTLUSDT.P,SP,1,,0,MTLUSDT.P.BYP
U31F:MUBARAKUSDT.P,SP,1,,0,MUBARAKUSDT.P.BYP
U31F:MUSDT.P,SP,1,,0,MUSDT.P.BYP
U31F:MVLUSDT.P,SP,1,,0,MVLUSDT.P.BYP
U31F:MYRIAUSDT.P,SP,1,,0,MYRIAUSDT.P.BYP
U31F:MYROUSDT.P,SP,1,,0,MYROUSDT.P.BYP
U31F:MYXUSDT.P,SP,1,,0,MYXUSDT.P.BYP
U31F:NAORISUSDT.P,SP,1,,0,NAORISUSDT.P.BYP
U31F:NEARUSD.P,SP,1,,0,NEARUSD.P.BYP
U31F:NEARUSDC.P,SP,1,,0,NEARUSDC.P.BYP
U31F:NEARUSDT.P,SP,1,,0,NEARUSDT.P.BYP
U31F:NEOUSDT.P,SP,1,,0,NEOUSDT.P.BYP
U31F:NEWTUSDT.P,SP,1,,0,NEWTUSDT.P.BYP
U31F:NFPUSDT.P,SP,1,,0,NFPUSDT.P.BYP
U31F:NIGHTUSDT.P,SP,1,,0,NIGHTUSDT.P.BYP
U31F:NILUSDT.P,SP,1,,0,NILUSDT.P.BYP
U31F:NKNUSDT.P,SP,1,,0,NKNUSDT.P.BYP
U31F:NMRUSDT.P,SP,1,,0,NMRUSDT.P.BYP
U31F:NOMUSDT.P,SP,1,,0,NOMUSDT.P.BYP
U31F:NOTUSDC.P,SP,1,,0,NOTUSDC.P.BYP
U31F:NOTUSDT.P,SP,1,,0,NOTUSDT.P.BYP
U31F:NSUSDT.P,SP,1,,0,NSUSDT.P.BYP
U31F:NTRNUSDT.P,SP,1,,0,NTRNUSDT.P.BYP
U31F:NULSUSDT.P,SP,1,,0,NULSUSDT.P.BYP
U31F:NXPCUSDT.P,SP,1,,0,NXPCUSDT.P.BYP
U31F:OBOLUSDT.P,SP,1,,0,OBOLUSDT.P.BYP
U31F:OBTUSDT.P,SP,1,,0,OBTUSDT.P.BYP
U31F:OCEANUSDT.P,SP,1,,0,OCEANUSDT.P.BYP
U31F:OGNUSDT.P,SP,1,,0,OGNUSDT.P.BYP
U31F:OGUSDT.P,SP,1,,0,OGUSDT.P.BYP
U31F:OKBUSDT.P,SP,1,,0,OKBUSDT.P.BYP
U31F:OLUSDT.P,SP,1,,0,OLUSDT.P.BYP
U31F:OMGUSDT.P,SP,1,,0,OMGUSDT.P.BYP
U31F:OMNIUSDT.P,SP,1,,0,OMNIUSDT.P.BYP
U31F:OMUSDT.P,SP,1,,0,OMUSDT.P.BYP
U31F:ONDOUSDC.P,SP,1,,0,ONDOUSDC.P.BYP
U31F:ONDOUSDT.P,SP,1,,0,ONDOUSDT.P.BYP
U31F:ONEUSDT.P,SP,1,,0,ONEUSDT.P.BYP
U31F:ONGUSDT.P,SP,1,,0,ONGUSDT.P.BYP
U31F:ONTUSDT.P,SP,1,,0,ONTUSDT.P.BYP
U31F:OPENUSDT.P,SP,1,,0,OPENUSDT.P.BYP
U31F:OPNUSDT.P,SP,1,,0,OPNUSDT.P.BYP
U31F:OPUSD.P,SP,1,,0,OPUSD.P.BYP
U31F:OPUSDC.P,SP,1,,0,OPUSDC.P.BYP
U31F:OPUSDT.P,SP,1,,0,OPUSDT.P.BYP
U31F:ORBSUSDT.P,SP,1,,0,ORBSUSDT.P.BYP
U31F:ORCAUSDT.P,SP,1,,0,ORCAUSDT.P.BYP
U31F:ORDERUSDT.P,SP,1,,0,ORDERUSDT.P.BYP
U31F:ORDIUSDC.P,SP,1,,0,ORDIUSDC.P.BYP
U31F:ORDIUSDT.P,SP,1,,0,ORDIUSDT.P.BYP
U31F:ORNUSDT.P,SP,1,,0,ORNUSDT.P.BYP
U31F:OSMOUSDT.P,SP,1,,0,OSMOUSDT.P.BYP
U31F:OXTUSDT.P,SP,1,,0,OXTUSDT.P.BYP
U31F:PARTIUSDT.P,SP,1,,0,PARTIUSDT.P.BYP
U31F:PAXGUSDC.P,SP,1,,0,PAXGUSDC.P.BYP
U31F:PAXGUSDT.P,SP,1,,0,PAXGUSDT.P.BYP
U31F:PEAQUSDT.P,SP,1,,0,PEAQUSDT.P.BYP
U31F:PENDLEUSDC.P,SP,1,,0,PENDLEUSDC.P.BYP
U31F:PENDLEUSDT.P,SP,1,,0,PENDLEUSDT.P.BYP
U31F:PENGUUSDC.P,SP,1,,0,PENGUUSDC.P.BYP
U31F:PENGUUSDT.P,SP,1,,0,PENGUUSDT.P.BYP
U31F:PEOPLEUSDT.P,SP,1,,0,PEOPLEUSDT.P.BYP
U31F:PERPUSDT.P,SP,1,,0,PERPUSDT.P.BYP
U31F:PHAUSDT.P,SP,1,,0,PHAUSDT.P.BYP
U31F:PHBUSDT.P,SP,1,,0,PHBUSDT.P.BYP
U31F:PIEVERSEUSDT.P,SP,1,,0,PIEVERSEUSDT.P.BYP
U31F:PIGGYUSDT.P,SP,1,,0,PIGGYUSDT.P.BYP
U31F:PIPPINUSDT.P,SP,1,,0,PIPPINUSDT.P.BYP
U31F:PIRATEUSDT.P,SP,1,,0,PIRATEUSDT.P.BYP
U31F:PIXELUSDT.P,SP,1,,0,PIXELUSDT.P.BYP
U31F:PIXFIUSDT.P,SP,1,,0,PIXFIUSDT.P.BYP
U31F:PLAYSOUTUSDT.P,SP,1,,0,PLAYSOUTUSDT.P.BYP
U31F:PLUMEUSDT.P,SP,1,,0,PLUMEUSDT.P.BYP
U31F:PNUTUSDC.P,SP,1,,0,PNUTUSDC.P.BYP
U31F:PNUTUSDT.P,SP,1,,0,PNUTUSDT.P.BYP
U31F:POLUSDC.P,SP,1,,0,POLUSDC.P.BYP
U31F:POLUSDT.P,SP,1,,0,POLUSDT.P.BYP
U31F:POLYXUSDT.P,SP,1,,0,POLYXUSDT.P.BYP
U31F:PONKEUSDT.P,SP,1,,0,PONKEUSDT.P.BYP
U31F:POPCATUSDC.P,SP,1,,0,POPCATUSDC.P.BYP
U31F:POPCATUSDT.P,SP,1,,0,POPCATUSDT.P.BYP
U31F:PORTALUSDT.P,SP,1,,0,PORTALUSDT.P.BYP
U31F:POWERUSDT.P,SP,1,,0,POWERUSDT.P.BYP
U31F:POWRUSDT.P,SP,1,,0,POWRUSDT.P.BYP
U31F:PRCLUSDT.P,SP,1,,0,PRCLUSDT.P.BYP
U31F:PRIMEUSDT.P,SP,1,,0,PRIMEUSDT.P.BYP
U31F:PROMPTUSDT.P,SP,1,,0,PROMPTUSDT.P.BYP
U31F:PROMUSDT.P,SP,1,,0,PROMUSDT.P.BYP
U31F:PROVEUSDT.P,SP,1,,0,PROVEUSDT.P.BYP
U31F:PTBUSDT.P,SP,1,,0,PTBUSDT.P.BYP
U31F:PUFFERUSDT.P,SP,1,,0,PUFFERUSDT.P.BYP
U31F:PUMPBTCUSDT.P,SP,1,,0,PUMPBTCUSDT.P.BYP
U31F:PUMPFUNUSDC.P,SP,1,,0,PUMPFUNUSDC.P.BYP
U31F:PUMPFUNUSDT.P,SP,1,,0,PUMPFUNUSDT.P.BYP
U31F:PUMPUSDT.P,SP,1,,0,PUMPUSDT.P.BYP
U31F:PUNDIXUSDT.P,SP,1,,0,PUNDIXUSDT.P.BYP
U31F:PYRUSDT.P,SP,1,,0,PYRUSDT.P.BYP
U31F:PYTHUSDT.P,SP,1,,0,PYTHUSDT.P.BYP
U31F:QIUSDT.P,SP,1,,0,QIUSDT.P.BYP
U31F:QNTUSDT.P,SP,1,,0,QNTUSDT.P.BYP
U31F:QTUMUSDT.P,SP,1,,0,QTUMUSDT.P.BYP
U31F:QUICKUSDT.P,SP,1,,0,QUICKUSDT.P.BYP
U31F:QUSDT.P,SP,1,,0,QUSDT.P.BYP
U31F:RADUSDT.P,SP,1,,0,RADUSDT.P.BYP
U31F:RAREUSDT.P,SP,1,,0,RAREUSDT.P.BYP
U31F:RAVEUSDT.P,SP,1,,0,RAVEUSDT.P.BYP
U31F:RAYDIUMUSDT.P,SP,1,,0,RAYDIUMUSDT.P.BYP
U31F:RAYUSDT.P,SP,1,,0,RAYUSDT.P.BYP
U31F:RDNTUSDT.P,SP,1,,0,RDNTUSDT.P.BYP
U31F:RECALLUSDT.P,SP,1,,0,RECALLUSDT.P.BYP
U31F:REDUSDT.P,SP,1,,0,REDUSDT.P.BYP
U31F:REEFUSDT.P,SP,1,,0,REEFUSDT.P.BYP
U31F:RENDERUSDT.P,SP,1,,0,RENDERUSDT.P.BYP
U31F:RENUSDT.P,SP,1,,0,RENUSDT.P.BYP
U31F:REQUSDT.P,SP,1,,0,REQUSDT.P.BYP
U31F:RESOLVUSDC.P,SP,1,,0,RESOLVUSDC.P.BYP
U31F:RESOLVUSDT.P,SP,1,,0,RESOLVUSDT.P.BYP
U31F:REZUSDT.P,SP,1,,0,REZUSDT.P.BYP
U31F:RIFUSDT.P,SP,1,,0,RIFUSDT.P.BYP
U31F:RIVERUSDT.P,SP,1,,0,RIVERUSDT.P.BYP
U31F:RLCUSDT.P,SP,1,,0,RLCUSDT.P.BYP
U31F:RLSUSDT.P,SP,1,,0,RLSUSDT.P.BYP
U31F:RLUSDUSDT.P,SP,1,,0,RLUSDUSDT.P.BYP
U31F:ROAMUSDT.P,SP,1,,0,ROAMUSDT.P.BYP
U31F:ROBOUSDT.P,SP,1,,0,ROBOUSDT.P.BYP
U31F:RONINUSDT.P,SP,1,,0,RONINUSDT.P.BYP
U31F:RONUSDT.P,SP,1,,0,RONUSDT.P.BYP
U31F:ROSEUSDT.P,SP,1,,0,ROSEUSDT.P.BYP
U31F:RPLUSDT.P,SP,1,,0,RPLUSDT.P.BYP
U31F:RSRUSDT.P,SP,1,,0,RSRUSDT.P.BYP
U31F:RSS3USDT.P,SP,1,,0,RSS3USDT.P.BYP
U31F:RUNEUSDT.P,SP,1,,0,RUNEUSDT.P.BYP
U31F:RVNUSDT.P,SP,1,,0,RVNUSDT.P.BYP
U31F:SAFEUSDT.P,SP,1,,0,SAFEUSDT.P.BYP
U31F:SAGAUSDT.P,SP,1,,0,SAGAUSDT.P.BYP
U31F:SAHARAUSDC.P,SP,1,,0,SAHARAUSDC.P.BYP
U31F:SAHARAUSDT.P,SP,1,,0,SAHARAUSDT.P.BYP
U31F:SANDUSDC.P,SP,1,,0,SANDUSDC.P.BYP
U31F:SANDUSDT.P,SP,1,,0,SANDUSDT.P.BYP
U31F:SAPIENUSDT.P,SP,1,,0,SAPIENUSDT.P.BYP
U31F:SAROSUSDT.P,SP,1,,0,SAROSUSDT.P.BYP
U31F:SCAUSDT.P,SP,1,,0,SCAUSDT.P.BYP
U31F:SCRTUSDT.P,SP,1,,0,SCRTUSDT.P.BYP
U31F:SCRUSDT.P,SP,1,,0,SCRUSDT.P.BYP
U31F:SCUSDT.P,SP,1,,0,SCUSDT.P.BYP
U31F:SDUSDT.P,SP,1,,0,SDUSDT.P.BYP
U31F:SEIUSDC.P,SP,1,,0,SEIUSDC.P.BYP
U31F:SEIUSDT.P,SP,1,,0,SEIUSDT.P.BYP
U31F:SENDUSDT.P,SP,1,,0,SENDUSDT.P.BYP
U31F:SENTUSDT.P,SP,1,,0,SENTUSDT.P.BYP
U31F:SERAPHUSDT.P,SP,1,,0,SERAPHUSDT.P.BYP
U31F:SFPUSDT.P,SP,1,,0,SFPUSDT.P.BYP
U31F:SHELLUSDT.P,SP,1,,0,SHELLUSDT.P.BYP
U31F:SIGNUSDT.P,SP,1,,0,SIGNUSDT.P.BYP
U31F:SIRENUSDT.P,SP,1,,0,SIRENUSDT.P.BYP
U31F:SKATEUSDT.P,SP,1,,0,SKATEUSDT.P.BYP
U31F:SKLUSDT.P,SP,1,,0,SKLUSDT.P.BYP
U31F:SKRUSDT.P,SP,1,,0,SKRUSDT.P.BYP
U31F:SKYAIUSDT.P,SP,1,,0,SKYAIUSDT.P.BYP
U31F:SKYUSDT.P,SP,1,,0,SKYUSDT.P.BYP
U31F:SLERFUSDT.P,SP,1,,0,SLERFUSDT.P.BYP
U31F:SLFUSDT.P,SP,1,,0,SLFUSDT.P.BYP
U31F:SLPUSDT.P,SP,1,,0,SLPUSDT.P.BYP
U31F:SNTUSDT.P,SP,1,,0,SNTUSDT.P.BYP
U31F:SNXUSDT.P,SP,1,,0,SNXUSDT.P.BYP
U31F:SOLAYERUSDT.P,SP,1,,0,SOLAYERUSDT.P.BYP
U31F:SOLOUSDT.P,SP,1,,0,SOLOUSDT.P.BYP
U31F:SOLUSD.P,SP,1,,0,SOLUSD.P.BYP
U31F:SOLUSDC.240614,FP,1,,0,SOL.240614.BYF
U31F:SOLUSDC.240621,FP,1,,0,SOL.240621.BYF
U31F:SOLUSDC.240628,FP,1,,0,SOL.240628.BYF
U31F:SOLUSDC.240705,FP,1,,0,SOL.240705.BYF
U31F:SOLUSDC.240712,FP,1,,0,SOL.240712.BYF
U31F:SOLUSDC.240719,FP,1,,0,SOL.240719.BYF
U31F:SOLUSDC.240726,FP,1,,0,SOL.240726.BYF
U31F:SOLUSDC.240802,FP,1,,0,SOL.240802.BYF
U31F:SOLUSDC.240809,FP,1,,0,SOL.240809.BYF
U31F:SOLUSDC.240816,FP,1,,0,SOL.240816.BYF
U31F:SOLUSDC.240823,FP,1,,0,SOL.240823.BYF
U31F:SOLUSDC.240830,FP,1,,0,SOL.240830.BYF
U31F:SOLUSDC.240906,FP,1,,0,SOL.240906.BYF
U31F:SOLUSDC.240913,FP,1,,0,SOL.240913.BYF
U31F:SOLUSDC.240920,FP,1,,0,SOL.240920.BYF
U31F:SOLUSDC.240927,FP,1,,0,SOL.240927.BYF
U31F:SOLUSDC.241004,FP,1,,0,SOL.241004.BYF
U31F:SOLUSDC.241011,FP,1,,0,SOL.241011.BYF
U31F:SOLUSDC.241018,FP,1,,0,SOL.241018.BYF
U31F:SOLUSDC.241025,FP,1,,0,SOL.241025.BYF
U31F:SOLUSDC.241101,FP,1,,0,SOL.241101.BYF
U31F:SOLUSDC.241108,FP,1,,0,SOL.241108.BYF
U31F:SOLUSDC.241115,FP,1,,0,SOL.241115.BYF
U31F:SOLUSDC.241122,FP,1,,0,SOL.241122.BYF
U31F:SOLUSDC.241129,FP,1,,0,SOL.241129.BYF
U31F:SOLUSDC.241206,FP,1,,0,SOL.241206.BYF
U31F:SOLUSDC.241213,FP,1,,0,SOL.241213.BYF
U31F:SOLUSDC.241220,FP,1,,0,SOL.241220.BYF
U31F:SOLUSDC.241227,FP,1,,0,SOL.241227.BYF
U31F:SOLUSDC.250103,FP,1,,0,SOL.250103.BYF
U31F:SOLUSDC.250110,FP,1,,0,SOL.250110.BYF
U31F:SOLUSDC.250117,FP,1,,0,SOL.250117.BYF
U31F:SOLUSDC.250124,FP,1,,0,SOL.250124.BYF
U31F:SOLUSDC.250131,FP,1,,0,SOL.250131.BYF
U31F:SOLUSDC.250207,FP,1,,0,SOL.250207.BYF
U31F:SOLUSDC.250214,FP,1,,0,SOL.250214.BYF
U31F:SOLUSDC.250221,FP,1,,0,SOL.250221.BYF
U31F:SOLUSDC.250228,FP,1,,0,SOL.250228.BYF
U31F:SOLUSDC.250307,FP,1,,0,SOL.250307.BYF
U31F:SOLUSDC.250314,FP,1,,0,SOL.250314.BYF
U31F:SOLUSDC.250328,FP,1,,0,SOL.250328.BYF
U31F:SOLUSDC.P,SP,1,,0,SOLUSDC.P.BYP
U31F:SOLUSDT.250321,FP,1,,0,SOLUSDT.250321.BYF
U31F:SOLUSDT.250404,FP,1,,0,SOLUSDT.250404.BYF
U31F:SOLUSDT.250411,FP,1,,0,SOLUSDT.250411.BYF
U31F:SOLUSDT.250418,FP,1,,0,SOLUSDT.250418.BYF
U31F:SOLUSDT.250425,FP,1,,0,SOLUSDT.250425.BYF
U31F:SOLUSDT.250502,FP,1,,0,SOLUSDT.250502.BYF
U31F:SOLUSDT.250509,FP,1,,0,SOLUSDT.250509.BYF
U31F:SOLUSDT.250516,FP,1,,0,SOLUSDT.250516.BYF
U31F:SOLUSDT.250523,FP,1,,0,SOLUSDT.250523.BYF
U31F:SOLUSDT.250530,FP,1,,0,SOLUSDT.250530.BYF
U31F:SOLUSDT.250606,FP,1,,0,SOLUSDT.250606.BYF
U31F:SOLUSDT.250613,FP,1,,0,SOLUSDT.250613.BYF
U31F:SOLUSDT.250620,FP,1,,0,SOLUSDT.250620.BYF
U31F:SOLUSDT.250627,FP,1,,0,SOLUSDT.250627.BYF
U31F:SOLUSDT.250704,FP,1,,0,SOLUSDT.250704.BYF
U31F:SOLUSDT.250711,FP,1,,0,SOLUSDT.250711.BYF
U31F:SOLUSDT.250718,FP,1,,0,SOLUSDT.250718.BYF
U31F:SOLUSDT.250725,FP,1,,0,SOLUSDT.250725.BYF
U31F:SOLUSDT.250801,FP,1,,0,SOLUSDT.250801.BYF
U31F:SOLUSDT.250808,FP,1,,0,SOLUSDT.250808.BYF
U31F:SOLUSDT.250815,FP,1,,0,SOLUSDT.250815.BYF
U31F:SOLUSDT.250822,FP,1,,0,SOLUSDT.250822.BYF
U31F:SOLUSDT.250829,FP,1,,0,SOLUSDT.250829.BYF
U31F:SOLUSDT.250905,FP,1,,0,SOLUSDT.250905.BYF
U31F:SOLUSDT.250912,FP,1,,0,SOLUSDT.250912.BYF
U31F:SOLUSDT.250919,FP,1,,0,SOLUSDT.250919.BYF
U31F:SOLUSDT.250926,FP,1,,0,SOLUSDT.250926.BYF
U31F:SOLUSDT.251003,FP,1,,0,SOLUSDT.251003.BYF
U31F:SOLUSDT.251010,FP,1,,0,SOLUSDT.251010.BYF
U31F:SOLUSDT.251017,FP,1,,0,SOLUSDT.251017.BYF
U31F:SOLUSDT.251024,FP,1,,0,SOLUSDT.251024.BYF
U31F:SOLUSDT.251031,FP,1,,0,SOLUSDT.251031.BYF
U31F:SOLUSDT.251107,FP,1,,0,SOLUSDT.251107.BYF
U31F:SOLUSDT.251114,FP,1,,0,SOLUSDT.251114.BYF
U31F:SOLUSDT.251121,FP,1,,0,SOLUSDT.251121.BYF
U31F:SOLUSDT.251128,FP,1,,0,SOLUSDT.251128.BYF
U31F:SOLUSDT.251205,FP,1,,0,SOLUSDT.251205.BYF
U31F:SOLUSDT.251212,FP,1,,0,SOLUSDT.251212.BYF
U31F:SOLUSDT.251219,FP,1,,0,SOLUSDT.251219.BYF
U31F:SOLUSDT.251226,FP,1,,0,SOLUSDT.251226.BYF
U31F:SOLUSDT.260102,FP,1,,0,SOLUSDT.260102.BYF
U31F:SOLUSDT.260109,FP,1,,0,SOLUSDT.260109.BYF
U31F:SOLUSDT.260116,FP,1,,0,SOLUSDT.260116.BYF
U31F:SOLUSDT.260123,FP,1,,0,SOLUSDT.260123.BYF
U31F:SOLUSDT.260130,FP,1,,0,SOLUSDT.260130.BYF
U31F:SOLUSDT.260206,FP,1,,0,SOLUSDT.260206.BYF
U31F:SOLUSDT.260213,FP,1,,0,SOLUSDT.260213.BYF
U31F:SOLUSDT.260220,FP,1,,0,SOLUSDT.260220.BYF
U31F:SOLUSDT.260227,FP,1,,0,SOLUSDT.260227.BYF
U31F:SOLUSDT.260306,FP,1,,0,SOLUSDT.260306.BYF
U31F:SOLUSDT.260313,FP,1,,0,SOLUSDT.260313.BYF
U31F:SOLUSDT.260320,FP,1,,0,SOLUSDT.260320.BYF
U31F:SOLUSDT.260327,FP,1,,0,SOLUSDT.260327.BYF
U31F:SOLUSDT.260403,FP,1,,0,SOLUSDT.260403.BYF
U31F:SOLUSDT.260424,FP,1,,0,SOLUSDT.260424.BYF
U31F:SOLUSDT.P,SP,1,,0,SOLUSDT.P.BYP
U31F:SOLVUSDT.P,SP,1,,0,SOLVUSDT.P.BYP
U31F:SOMIUSDT.P,SP,1,,0,SOMIUSDT.P.BYP
U31F:SONICUSDT.P,SP,1,,0,SONICUSDT.P.BYP
U31F:SOONUSDT.P,SP,1,,0,SOONUSDT.P.BYP
U31F:SOPHUSDT.P,SP,1,,0,SOPHUSDT.P.BYP
U31F:SOSOUSDT.P,SP,1,,0,SOSOUSDT.P.BYP
U31F:SPACEUSDT.P,SP,1,,0,SPACEUSDT.P.BYP
U31F:SPECUSDT.P,SP,1,,0,SPECUSDT.P.BYP
U31F:SPELLUSDT.P,SP,1,,0,SPELLUSDT.P.BYP
U31F:SPKUSDT.P,SP,1,,0,SPKUSDT.P.BYP
U31F:SPORTFUNUSDT.P,SP,1,,0,SPORTFUNUSDT.P.BYP
U31F:SPXUSDC.P,SP,1,,0,SPXUSDC.P.BYP
U31F:SPXUSDT.P,SP,1,,0,SPXUSDT.P.BYP
U31F:SQDUSDT.P,SP,1,,0,SQDUSDT.P.BYP
U31F:SRMUSDT.P,SP,1,,0,SRMUSDT.P.BYP
U31F:SSVUSDT.P,SP,1,,0,SSVUSDT.P.BYP
U31F:STABLEUSDT.P,SP,1,,0,STABLEUSDT.P.BYP
U31F:STBLUSDT.P,SP,1,,0,STBLUSDT.P.BYP
U31F:STEEMUSDT.P,SP,1,,0,STEEMUSDT.P.BYP
U31F:STGUSDT.P,SP,1,,0,STGUSDT.P.BYP
U31F:STMXUSDT.P,SP,1,,0,STMXUSDT.P.BYP
U31F:STORJUSDT.P,SP,1,,0,STORJUSDT.P.BYP
U31F:STOUSDT.P,SP,1,,0,STOUSDT.P.BYP
U31F:STRAXUSDT.P,SP,1,,0,STRAXUSDT.P.BYP
U31F:STRKUSDC.P,SP,1,,0,STRKUSDC.P.BYP
U31F:STRKUSDT.P,SP,1,,0,STRKUSDT.P.BYP
U31F:STXUSDT.P,SP,1,,0,STXUSDT.P.BYP
U31F:SUIUSD.P,SP,1,,0,SUIUSD.P.BYP
U31F:SUIUSDC.P,SP,1,,0,SUIUSDC.P.BYP
U31F:SUIUSDT.P,SP,1,,0,SUIUSDT.P.BYP
U31F:SUNDOGUSDT.P,SP,1,,0,SUNDOGUSDT.P.BYP
U31F:SUNUSDT.P,SP,1,,0,SUNUSDT.P.BYP
U31F:SUPERUSDT.P,SP,1,,0,SUPERUSDT.P.BYP
U31F:SUSDT.P,SP,1,,0,SUSDT.P.BYP
U31F:SUSHIUSDT.P,SP,1,,0,SUSHIUSDT.P.BYP
U31F:SWARMSUSDT.P,SP,1,,0,SWARMSUSDT.P.BYP
U31F:SWEATUSDC.P,SP,1,,0,SWEATUSDC.P.BYP
U31F:SWEATUSDT.P,SP,1,,0,SWEATUSDT.P.BYP
U31F:SWELLUSDT.P,SP,1,,0,SWELLUSDT.P.BYP
U31F:SXPUSDT.P,SP,1,,0,SXPUSDT.P.BYP
U31F:SXTUSDT.P,SP,1,,0,SXTUSDT.P.BYP
U31F:SYNUSDT.P,SP,1,,0,SYNUSDT.P.BYP
U31F:SYRUPUSDT.P,SP,1,,0,SYRUPUSDT.P.BYP
U31F:SYSUSDT.P,SP,1,,0,SYSUSDT.P.BYP
U31F:TACUSDT.P,SP,1,,0,TACUSDT.P.BYP
U31F:TAIKOUSDT.P,SP,1,,0,TAIKOUSDT.P.BYP
U31F:TAIUSDT.P,SP,1,,0,TAIUSDT.P.BYP
U31F:TANSSIUSDT.P,SP,1,,0,TANSSIUSDT.P.BYP
U31F:TAOUSDC.P,SP,1,,0,TAOUSDC.P.BYP
U31F:TAOUSDT.P,SP,1,,0,TAOUSDT.P.BYP
U31F:TAUSDT.P,SP,1,,0,TAUSDT.P.BYP
U31F:THETAUSDT.P,SP,1,,0,THETAUSDT.P.BYP
U31F:THEUSDT.P,SP,1,,0,THEUSDT.P.BYP
U31F:TIAUSDC.P,SP,1,,0,TIAUSDC.P.BYP
U31F:TIAUSDT.P,SP,1,,0,TIAUSDT.P.BYP
U31F:TLMUSDT.P,SP,1,,0,TLMUSDT.P.BYP
U31F:TNSRUSDT.P,SP,1,,0,TNSRUSDT.P.BYP
U31F:TOKENUSDT.P,SP,1,,0,TOKENUSDT.P.BYP
U31F:TONUSD.P,SP,1,,0,TONUSD.P.BYP
U31F:TONUSDC.P,SP,1,,0,TONUSDC.P.BYP
U31F:TONUSDT.P,SP,1,,0,TONUSDT.P.BYP
U31F:TOWNSUSDT.P,SP,1,,0,TOWNSUSDT.P.BYP
U31F:TRBUSDT.P,SP,1,,0,TRBUSDT.P.BYP
U31F:TREEUSDT.P,SP,1,,0,TREEUSDT.P.BYP
U31F:TRIAUSDT.P,SP,1,,0,TRIAUSDT.P.BYP
U31F:TROYUSDT.P,SP,1,,0,TROYUSDT.P.BYP
U31F:TRUMPUSDC.P,SP,1,,0,TRUMPUSDC.P.BYP
U31F:TRUMPUSDT.P,SP,1,,0,TRUMPUSDT.P.BYP
U31F:TRUSTUSDT.P,SP,1,,0,TRUSTUSDT.P.BYP
U31F:TRUTHUSDT.P,SP,1,,0,TRUTHUSDT.P.BYP
U31F:TRUUSDT.P,SP,1,,0,TRUUSDT.P.BYP
U31F:TRXUSDT.P,SP,1,,0,TRXUSDT.P.BYP
U31F:TSTBSCUSDT.P,SP,1,,0,TSTBSCUSDT.P.BYP
U31F:TURTLEUSDT.P,SP,1,,0,TURTLEUSDT.P.BYP
U31F:TUSDT.P,SP,1,,0,TUSDT.P.BYP
U31F:TUTUSDT.P,SP,1,,0,TUTUSDT.P.BYP
U31F:TWTUSDT.P,SP,1,,0,TWTUSDT.P.BYP
U31F:UAIUSDT.P,SP,1,,0,UAIUSDT.P.BYP
U31F:UBUSDT.P,SP,1,,0,UBUSDT.P.BYP
U31F:UMAUSDT.P,SP,1,,0,UMAUSDT.P.BYP
U31F:UNFIUSDT.P,SP,1,,0,UNFIUSDT.P.BYP
U31F:UNIUSD.P,SP,1,,0,UNIUSD.P.BYP
U31F:UNIUSDC.P,SP,1,,0,UNIUSDC.P.BYP
U31F:UNIUSDT.P,SP,1,,0,UNIUSDT.P.BYP
U31F:USD1USDT.P,SP,1,,0,USD1USDT.P.BYP
U31F:USDCUSDT.P,SP,1,,0,USDCUSDT.P.BYP
U31F:USDEUSDT.P,SP,1,,0,USDEUSDT.P.BYP
U31F:USELESSUSDT.P,SP,1,,0,USELESSUSDT.P.BYP
U31F:USTCUSDT.P,SP,1,,0,USTCUSDT.P.BYP
U31F:USUALUSDT.P,SP,1,,0,USUALUSDT.P.BYP
U31F:USUSDT.P,SP,1,,0,USUSDT.P.BYP
U31F:UXLINKUSDT.P,SP,1,,0,UXLINKUSDT.P.BYP
U31F:VANAUSDT.P,SP,1,,0,VANAUSDT.P.BYP
U31F:VANRYUSDT.P,SP,1,,0,VANRYUSDT.P.BYP
U31F:VELODROMEUSDT.P,SP,1,,0,VELODROMEUSDT.P.BYP
U31F:VELOUSDT.P,SP,1,,0,VELOUSDT.P.BYP
U31F:VELVETUSDT.P,SP,1,,0,VELVETUSDT.P.BYP
U31F:VETUSDT.P,SP,1,,0,VETUSDT.P.BYP
U31F:VFYUSDT.P,SP,1,,0,VFYUSDT.P.BYP
U31F:VICUSDT.P,SP,1,,0,VICUSDT.P.BYP
U31F:VIDTUSDT.P,SP,1,,0,VIDTUSDT.P.BYP
U31F:VINEUSDT.P,SP,1,,0,VINEUSDT.P.BYP
U31F:VIRTUALUSDC.P,SP,1,,0,VIRTUALUSDC.P.BYP
U31F:VIRTUALUSDT.P,SP,1,,0,VIRTUALUSDT.P.BYP
U31F:VOXELUSDT.P,SP,1,,0,VOXELUSDT.P.BYP
U31F:VRAUSDT.P,SP,1,,0,VRAUSDT.P.BYP
U31F:VTHOUSDT.P,SP,1,,0,VTHOUSDT.P.BYP
U31F:VVVUSDT.P,SP,1,,0,VVVUSDT.P.BYP
U31F:WALUSDT.P,SP,1,,0,WALUSDT.P.BYP
U31F:WAVESUSDT.P,SP,1,,0,WAVESUSDT.P.BYP
U31F:WAXPUSDT.P,SP,1,,0,WAXPUSDT.P.BYP
U31F:WCTUSDT.P,SP,1,,0,WCTUSDT.P.BYP
U31F:WETUSDT.P,SP,1,,0,WETUSDT.P.BYP
U31F:WHITEWHALEUSDT.P,SP,1,,0,WHITEWHALEUSDT.P.BYP
U31F:WIFUSD.P,SP,1,,0,WIFUSD.P.BYP
U31F:WIFUSDC.P,SP,1,,0,WIFUSDC.P.BYP
U31F:WIFUSDT.P,SP,1,,0,WIFUSDT.P.BYP
U31F:WLDUSDC.P,SP,1,,0,WLDUSDC.P.BYP
U31F:WLDUSDT.P,SP,1,,0,WLDUSDT.P.BYP
U31F:WLFIUSDC.P,SP,1,,0,WLFIUSDC.P.BYP
U31F:WLFIUSDT.P,SP,1,,0,WLFIUSDT.P.BYP
U31F:WOOUSDT.P,SP,1,,0,WOOUSDT.P.BYP
U31F:WUSDT.P,SP,1,,0,WUSDT.P.BYP
U31F:XAIUSDT.P,SP,1,,0,XAIUSDT.P.BYP
U31F:XANUSDT.P,SP,1,,0,XANUSDT.P.BYP
U31F:XAUTUSDC.P,SP,1,,0,XAUTUSDC.P.BYP
U31F:XAUTUSDT.P,SP,1,,0,XAUTUSDT.P.BYP
U31F:XCHUSDT.P,SP,1,,0,XCHUSDT.P.BYP
U31F:XCNUSDT.P,SP,1,,0,XCNUSDT.P.BYP
U31F:XDCUSDT.P,SP,1,,0,XDCUSDT.P.BYP
U31F:XEMUSDT.P,SP,1,,0,XEMUSDT.P.BYP
U31F:XIONUSDT.P,SP,1,,0,XIONUSDT.P.BYP
U31F:XLMUSD.P,SP,1,,0,XLMUSD.P.BYP
U31F:XLMUSDC.P,SP,1,,0,XLMUSDC.P.BYP
U31F:XLMUSDT.P,SP,1,,0,XLMUSDT.P.BYP
U31F:XMRUSDC.P,SP,1,,0,XMRUSDC.P.BYP
U31F:XMRUSDT.P,SP,1,,0,XMRUSDT.P.BYP
U31F:XNOUSDT.P,SP,1,,0,XNOUSDT.P.BYP
U31F:XNYUSDT.P,SP,1,,0,XNYUSDT.P.BYP
U31F:XPINUSDT.P,SP,1,,0,XPINUSDT.P.BYP
U31F:XPLUSDT.P,SP,1,,0,XPLUSDT.P.BYP
U31F:XRPUSD.P,SP,1,,0,XRPUSD.P.BYP
U31F:XRPUSDC.P,SP,1,,0,XRPUSDC.P.BYP
U31F:XRPUSDT.251024,FP,1,,0,XRPUSDT.251024.BYF
U31F:XRPUSDT.251031,FP,1,,0,XRPUSDT.251031.BYF
U31F:XRPUSDT.251107,FP,1,,0,XRPUSDT.251107.BYF
U31F:XRPUSDT.251114,FP,1,,0,XRPUSDT.251114.BYF
U31F:XRPUSDT.251121,FP,1,,0,XRPUSDT.251121.BYF
U31F:XRPUSDT.251128,FP,1,,0,XRPUSDT.251128.BYF
U31F:XRPUSDT.251205,FP,1,,0,XRPUSDT.251205.BYF
U31F:XRPUSDT.251212,FP,1,,0,XRPUSDT.251212.BYF
U31F:XRPUSDT.251219,FP,1,,0,XRPUSDT.251219.BYF
U31F:XRPUSDT.251226,FP,1,,0,XRPUSDT.251226.BYF
U31F:XRPUSDT.260102,FP,1,,0,XRPUSDT.260102.BYF
U31F:XRPUSDT.260109,FP,1,,0,XRPUSDT.260109.BYF
U31F:XRPUSDT.260116,FP,1,,0,XRPUSDT.260116.BYF
U31F:XRPUSDT.260123,FP,1,,0,XRPUSDT.260123.BYF
U31F:XRPUSDT.260130,FP,1,,0,XRPUSDT.260130.BYF
U31F:XRPUSDT.260206,FP,1,,0,XRPUSDT.260206.BYF
U31F:XRPUSDT.260213,FP,1,,0,XRPUSDT.260213.BYF
U31F:XRPUSDT.260220,FP,1,,0,XRPUSDT.260220.BYF
U31F:XRPUSDT.260227,FP,1,,0,XRPUSDT.260227.BYF
U31F:XRPUSDT.260306,FP,1,,0,XRPUSDT.260306.BYF
U31F:XRPUSDT.260313,FP,1,,0,XRPUSDT.260313.BYF
U31F:XRPUSDT.260320,FP,1,,0,XRPUSDT.260320.BYF
U31F:XRPUSDT.260327,FP,1,,0,XRPUSDT.260327.BYF
U31F:XRPUSDT.260403,FP,1,,0,XRPUSDT.260403.BYF
U31F:XRPUSDT.260424,FP,1,,0,XRPUSDT.260424.BYF
U31F:XRPUSDT.P,SP,1,,0,XRPUSDT.P.BYP
U31F:XTERUSDT.P,SP,1,,0,XTERUSDT.P.BYP
U31F:XTZUSDT.P,SP,1,,0,XTZUSDT.P.BYP
U31F:XVGUSDT.P,SP,1,,0,XVGUSDT.P.BYP
U31F:XVSUSDT.P,SP,1,,0,XVSUSDT.P.BYP
U31F:YALAUSDT.P,SP,1,,0,YALAUSDT.P.BYP
U31F:YBUSDT.P,SP,1,,0,YBUSDT.P.BYP
U31F:YFIUSDT.P,SP,1,,0,YFIUSDT.P.BYP
U31F:YGGUSDT.P,SP,1,,0,YGGUSDT.P.BYP
U31F:YZYUSDT.P,SP,1,,0,YZYUSDT.P.BYP
U31F:ZAMAUSDT.P,SP,1,,0,ZAMAUSDT.P.BYP
U31F:ZBCNUSDT.P,SP,1,,0,ZBCNUSDT.P.BYP
U31F:ZBTUSDT.P,SP,1,,0,ZBTUSDT.P.BYP
U31F:ZECUSDT.P,SP,1,,0,ZECUSDT.P.BYP
U31F:ZENTUSDT.P,SP,1,,0,ZENTUSDT.P.BYP
U31F:ZENUSDT.P,SP,1,,0,ZENUSDT.P.BYP
U31F:ZEREBROUSDT.P,SP,1,,0,ZEREBROUSDT.P.BYP
U31F:ZETAUSDT.P,SP,1,,0,ZETAUSDT.P.BYP
U31F:ZEUSUSDT.P,SP,1,,0,ZEUSUSDT.P.BYP
U31F:ZILUSDT.P,SP,1,,0,ZILUSDT.P.BYP
U31F:ZKCUSDT.P,SP,1,,0,ZKCUSDT.P.BYP
U31F:ZKJUSDT.P,SP,1,,0,ZKJUSDT.P.BYP
U31F:ZKPUSDT.P,SP,1,,0,ZKPUSDT.P.BYP
U31F:ZKUSDT.P,SP,1,,0,ZKUSDT.P.BYP
U31F:ZORAUSDT.P,SP,1,,0,ZORAUSDT.P.BYP
U31F:ZRCUSDT.P,SP,1,,0,ZRCUSDT.P.BYP
U31F:ZROUSDT.P,SP,1,,0,ZROUSDT.P.BYP
U31F:ZRXUSDT.P,SP,1,,0,ZRXUSDT.P.BYP
U31X:0GUSDT,TP,1,,0,0GUSDT.BYS
U31X:1INCHUSDT,TP,1,,0,1INCHUSDT.BYS
U31X:2ZUSDC,TP,1,,0,2ZUSDC.BYS
U31X:2ZUSDT,TP,1,,0,2ZUSDT.BYS
U31X:A8USDT,TP,1,,0,A8USDT.BYS
U31X:AAPLXUSDT,TP,1,,0,AAPLXUSDT.BYS
U31X:AAVEUSDC,TP,1,,0,AAVEUSDC.BYS
U31X:AAVEUSDT,TP,1,,0,AAVEUSDT.BYS
U31X:ACHUSDT,TP,1,,0,ACHUSDT.BYS
U31X:ACSUSDT,TP,1,,0,ACSUSDT.BYS
U31X:ADAEUR,TP,1,,0,ADAEUR.BYS
U31X:ADAMNT,TP,1,,0,ADAMNT.BYS
U31X:ADAUSDC,TP,1,,0,ADAUSDC.BYS
U31X:ADAUSDT,TP,1,,0,ADAUSDT.BYS
U31X:AEROUSDT,TP,1,,0,AEROUSDT.BYS
U31X:AEVOUSDT,TP,1,,0,AEVOUSDT.BYS
U31X:AFCUSDT,TP,1,,0,AFCUSDT.BYS
U31X:AFGUSDT,TP,1,,0,AFGUSDT.BYS
U31X:AGIUSDT,TP,1,,0,AGIUSDT.BYS
U31X:AGLDUSDT,TP,1,,0,AGLDUSDT.BYS
U31X:AI16ZUSDT,TP,1,,0,AI16ZUSDT.BYS
U31X:AIOZUSDT,TP,1,,0,AIOZUSDT.BYS
U31X:AIXBTUSDC,TP,1,,0,AIXBTUSDC.BYS
U31X:AIXBTUSDT,TP,1,,0,AIXBTUSDT.BYS
U31X:AKIUSDT,TP,1,,0,AKIUSDT.BYS
U31X:ALCHUSDT,TP,1,,0,ALCHUSDT.BYS
U31X:ALGOBTC,TP,1,,0,ALGOBTC.BYS
U31X:ALGOUSDC,TP,1,,0,ALGOUSDC.BYS
U31X:ALGOUSDT,TP,1,,0,ALGOUSDT.BYS
U31X:ALMANAKUSDT,TP,1,,0,ALMANAKUSDT.BYS
U31X:ALTUSDT,TP,1,,0,ALTUSDT.BYS
U31X:AMIUSDT,TP,1,,0,AMIUSDT.BYS
U31X:AMZNXUSDT,TP,1,,0,AMZNXUSDT.BYS
U31X:ANIMEUSDT,TP,1,,0,ANIMEUSDT.BYS
U31X:ANKRUSDT,TP,1,,0,ANKRUSDT.BYS
U31X:AOUSDT,TP,1,,0,AOUSDT.BYS
U31X:APEUSDC,TP,1,,0,APEUSDC.BYS
U31X:APEUSDT,TP,1,,0,APEUSDT.BYS
U31X:APEXMNT,TP,1,,0,APEXMNT.BYS
U31X:APEXUSDC,TP,1,,0,APEXUSDC.BYS
U31X:APEXUSDT,TP,1,,0,APEXUSDT.BYS
U31X:APPUSDT,TP,1,,0,APPUSDT.BYS
U31X:APTUSDC,TP,1,,0,APTUSDC.BYS
U31X:APTUSDT,TP,1,,0,APTUSDT.BYS
U31X:ARBUSDC,TP,1,,0,ARBUSDC.BYS
U31X:ARBUSDT,TP,1,,0,ARBUSDT.BYS
U31X:ARKMUSDT,TP,1,,0,ARKMUSDT.BYS
U31X:ARTUSDT,TP,1,,0,ARTUSDT.BYS
U31X:ARTYUSDT,TP,1,,0,ARTYUSDT.BYS
U31X:ARUSDC,TP,1,,0,ARUSDC.BYS
U31X:ARUSDT,TP,1,,0,ARUSDT.BYS
U31X:ASRRUSDT,TP,1,,0,ASRRUSDT.BYS
U31X:ASTERUSDT,TP,1,,0,ASTERUSDT.BYS
U31X:ATHUSDT,TP,1,,0,ATHUSDT.BYS
U31X:ATOMUSDC,TP,1,,0,ATOMUSDC.BYS
U31X:ATOMUSDT,TP,1,,0,ATOMUSDT.BYS
U31X:AURORAUSDT,TP,1,,0,AURORAUSDT.BYS
U31X:AUSDT,TP,1,,0,AUSDT.BYS
U31X:AVAILUSDT,TP,1,,0,AVAILUSDT.BYS
U31X:AVAUSDT,TP,1,,0,AVAUSDT.BYS
U31X:AVAXEUR,TP,1,,0,AVAXEUR.BYS
U31X:AVAXUSDC,TP,1,,0,AVAXUSDC.BYS
U31X:AVAXUSDT,TP,1,,0,AVAXUSDT.BYS
U31X:AVLUSDT,TP,1,,0,AVLUSDT.BYS
U31X:AVNTUSDT,TP,1,,0,AVNTUSDT.BYS
U31X:AXLUSDT,TP,1,,0,AXLUSDT.BYS
U31X:AXSUSDT,TP,1,,0,AXSUSDT.BYS
U31X:AZTECUSDT,TP,1,,0,AZTECUSDT.BYS
U31X:B3TRUSDC,TP,1,,0,B3TRUSDC.BYS
U31X:B3TRUSDT,TP,1,,0,B3TRUSDT.BYS
U31X:B3USDT,TP,1,,0,B3USDT.BYS
U31X:BABY1USDT,TP,1,,0,BABY1USDT.BYS
U31X:BABYDOGEUSDT,TP,1,,0,BABYDOGEUSDT.BYS
U31X:BANUSDT,TP,1,,0,BANUSDT.BYS
U31X:BARDUSDT,TP,1,,0,BARDUSDT.BYS
U31X:BATUSDT,TP,1,,0,BATUSDT.BYS
U31X:BBSOLMNT,TP,1,,0,BBSOLMNT.BYS
U31X:BBSOLSOL,TP,1,,0,BBSOLSOL.BYS
U31X:BBSOLUSDC,TP,1,,0,BBSOLUSDC.BYS
U31X:BBSOLUSDT,TP,1,,0,BBSOLUSDT.BYS
U31X:BBUSDT,TP,1,,0,BBUSDT.BYS
U31X:BCHUSDC,TP,1,,0,BCHUSDC.BYS
U31X:BCHUSDT,TP,1,,0,BCHUSDT.BYS
U31X:BCUTUSDT,TP,1,,0,BCUTUSDT.BYS
U31X:BDXNUSDT,TP,1,,0,BDXNUSDT.BYS
U31X:BEAMUSDT,TP,1,,0,BEAMUSDT.BYS
U31X:BELUSDT,TP,1,,0,BELUSDT.BYS
U31X:BERAUSDC,TP,1,,0,BERAUSDC.BYS
U31X:BERAUSDT,TP,1,,0,BERAUSDT.BYS
U31X:BICOUSDT,TP,1,,0,BICOUSDT.BYS
U31X:BIRBUSDT,TP,1,,0,BIRBUSDT.BYS
U31X:BLASTUSDT,TP,1,,0,BLASTUSDT.BYS
U31X:BLURUSDT,TP,1,,0,BLURUSDT.BYS
U31X:BMTUSDT,TP,1,,0,BMTUSDT.BYS
U31X:BNBUSDC,TP,1,,0,BNBUSDC.BYS
U31X:BNBUSDT,TP,1,,0,BNBUSDT.BYS
U31X:BOBAUSDT,TP,1,,0,BOBAUSDT.BYS
U31X:BOMBUSDT,TP,1,,0,BOMBUSDT.BYS
U31X:BOMEUSDT,TP,1,,0,BOMEUSDT.BYS
U31X:BONKUSDC,TP,1,,0,BONKUSDC.BYS
U31X:BONKUSDT,TP,1,,0,BONKUSDT.BYS
U31X:BRETTUSDC,TP,1,,0,BRETTUSDC.BYS
U31X:BRETTUSDT,TP,1,,0,BRETTUSDT.BYS
U31X:BREVUSDT,TP,1,,0,BREVUSDT.BYS
U31X:BRUSDT,TP,1,,0,BRUSDT.BYS
U31X:BSBUSDT,TP,1,,0,BSBUSDT.BYS
U31X:BTCAED,TP,1,,0,BTCAED.BYS
U31X:BTCBRL,TP,1,,0,BTCBRL.BYS
U31X:BTCBRZ,TP,1,,0,BTCBRZ.BYS
U31X:BTCDAI,TP,1,,0,BTCDAI.BYS
U31X:BTCEUR,TP,1,,0,BTCEUR.BYS
U31X:BTCPLN,TP,1,,0,BTCPLN.BYS
U31X:BTCRLUSD,TP,1,,0,BTCRLUSD.BYS
U31X:BTCTRY,TP,1,,0,BTCTRY.BYS
U31X:BTCUSDC,TP,1,,0,BTCUSDC.BYS
U31X:BTCUSDE,TP,1,,0,BTCUSDE.BYS
U31X:BTCUSDQ,TP,1,,0,BTCUSDQ.BYS
U31X:BTCUSDR,TP,1,,0,BTCUSDR.BYS
U31X:BTCUSDT,TP,1,,0,BTCUSDT.BYS
U31X:BTCXUSD,TP,1,,0,BTCXUSD.BYS
U31X:BTTUSDT,TP,1,,0,BTTUSDT.BYS
U31X:C98USDT,TP,1,,0,C98USDT.BYS
U31X:CAKEUSDT,TP,1,,0,CAKEUSDT.BYS
U31X:CAMPUSDT,TP,1,,0,CAMPUSDT.BYS
U31X:CARVUSDT,TP,1,,0,CARVUSDT.BYS
U31X:CATIEUR,TP,1,,0,CATIEUR.BYS
U31X:CATIUSDC,TP,1,,0,CATIUSDC.BYS
U31X:CATIUSDT,TP,1,,0,CATIUSDT.BYS
U31X:CATUSDT,TP,1,,0,CATUSDT.BYS
U31X:CBKUSDT,TP,1,,0,CBKUSDT.BYS
U31X:CCUSDC,TP,1,,0,CCUSDC.BYS
U31X:CCUSDT,TP,1,,0,CCUSDT.BYS
U31X:CELOUSDT,TP,1,,0,CELOUSDT.BYS
U31X:CFGUSDT,TP,1,,0,CFGUSDT.BYS
U31X:CGPTUSDT,TP,1,,0,CGPTUSDT.BYS
U31X:CHILLGUYUSDT,TP,1,,0,CHILLGUYUSDT.BYS
U31X:CHZUSDC,TP,1,,0,CHZUSDC.BYS
U31X:CHZUSDT,TP,1,,0,CHZUSDT.BYS
U31X:CITYUSDT,TP,1,,0,CITYUSDT.BYS
U31X:CLOUDUSDT,TP,1,,0,CLOUDUSDT.BYS
U31X:CMETHUSDT,TP,1,,0,CMETHUSDT.BYS
U31X:COAUSDT,TP,1,,0,COAUSDT.BYS
U31X:COINXUSDT,TP,1,,0,COINXUSDT.BYS
U31X:COMMONUSDT,TP,1,,0,COMMONUSDT.BYS
U31X:COMPUSDT,TP,1,,0,COMPUSDT.BYS
U31X:COOKIEUSDT,TP,1,,0,COOKIEUSDT.BYS
U31X:COOKUSDT,TP,1,,0,COOKUSDT.BYS
U31X:COQUSDT,TP,1,,0,COQUSDT.BYS
U31X:COREUSDT,TP,1,,0,COREUSDT.BYS
U31X:CORNUSDT,TP,1,,0,CORNUSDT.BYS
U31X:CPOOLUSDT,TP,1,,0,CPOOLUSDT.BYS
U31X:CRCLXUSDT,TP,1,,0,CRCLXUSDT.BYS
U31X:CRVUSDC,TP,1,,0,CRVUSDC.BYS
U31X:CRVUSDT,TP,1,,0,CRVUSDT.BYS
U31X:CSPRUSDT,TP,1,,0,CSPRUSDT.BYS
U31X:CTAUSDT,TP,1,,0,CTAUSDT.BYS
U31X:CTCUSDT,TP,1,,0,CTCUSDT.BYS
U31X:CUDISUSDT,TP,1,,0,CUDISUSDT.BYS
U31X:CYBERUSDT,TP,1,,0,CYBERUSDT.BYS
U31X:DAIUSDT,TP,1,,0,DAIUSDT.BYS
U31X:DBRUSDT,TP,1,,0,DBRUSDT.BYS
U31X:DEEPUSDT,TP,1,,0,DEEPUSDT.BYS
U31X:DEFIUSDT,TP,1,,0,DEFIUSDT.BYS
U31X:DEGENUSDT,TP,1,,0,DEGENUSDT.BYS
U31X:DGBUSDT,TP,1,,0,DGBUSDT.BYS
U31X:DIAMUSDT,TP,1,,0,DIAMUSDT.BYS
U31X:DMAILUSDT,TP,1,,0,DMAILUSDT.BYS
U31X:DOGEEUR,TP,1,,0,DOGEEUR.BYS
U31X:DOGEMNT,TP,1,,0,DOGEMNT.BYS
U31X:DOGEUSDC,TP,1,,0,DOGEUSDC.BYS
U31X:DOGEUSDT,TP,1,,0,DOGEUSDT.BYS
U31X:DOGSEUR,TP,1,,0,DOGSEUR.BYS
U31X:DOGSUSDC,TP,1,,0,DOGSUSDC.BYS
U31X:DOGSUSDT,TP,1,,0,DOGSUSDT.BYS
U31X:DOLOUSDT,TP,1,,0,DOLOUSDT.BYS
U31X:DOMEUSDT,TP,1,,0,DOMEUSDT.BYS
U31X:DOODUSDT,TP,1,,0,DOODUSDT.BYS
U31X:DOTBTC,TP,1,,0,DOTBTC.BYS
U31X:DOTUSDC,TP,1,,0,DOTUSDC.BYS
U31X:DOTUSDT,TP,1,,0,DOTUSDT.BYS
U31X:DRIFTUSDT,TP,1,,0,DRIFTUSDT.BYS
U31X:DUELUSDT,TP,1,,0,DUELUSDT.BYS
U31X:DYDXUSDC,TP,1,,0,DYDXUSDC.BYS
U31X:DYDXUSDT,TP,1,,0,DYDXUSDT.BYS
U31X:DYMUSDT,TP,1,,0,DYMUSDT.BYS
U31X:EATUSDT,TP,1,,0,EATUSDT.BYS
U31X:EGLDUSDT,TP,1,,0,EGLDUSDT.BYS
U31X:EGP1USDT,TP,1,,0,EGP1USDT.BYS
U31X:EIGENUSDC,TP,1,,0,EIGENUSDC.BYS
U31X:EIGENUSDT,TP,1,,0,EIGENUSDT.BYS
U31X:ELDEUSDT,TP,1,,0,ELDEUSDT.BYS
U31X:ELIZAOSUSDT,TP,1,,0,ELIZAOSUSDT.BYS
U31X:ELONUSDT,TP,1,,0,ELONUSDT.BYS
U31X:ELSAUSDT,TP,1,,0,ELSAUSDT.BYS
U31X:ELXUSDT,TP,1,,0,ELXUSDT.BYS
U31X:ENAEUR,TP,1,,0,ENAEUR.BYS
U31X:ENAMNT,TP,1,,0,ENAMNT.BYS
U31X:ENAUSDC,TP,1,,0,ENAUSDC.BYS
U31X:ENAUSDT,TP,1,,0,ENAUSDT.BYS
U31X:ENJUSDT,TP,1,,0,ENJUSDT.BYS
U31X:ENSOUSDT,TP,1,,0,ENSOUSDT.BYS
U31X:ENSUSDC,TP,1,,0,ENSUSDC.BYS
U31X:ENSUSDT,TP,1,,0,ENSUSDT.BYS
U31X:EPTUSDT,TP,1,,0,EPTUSDT.BYS
U31X:ERAMNT,TP,1,,0,ERAMNT.BYS
U31X:ERAUSDT,TP,1,,0,ERAUSDT.BYS
U31X:ESEUSDT,TP,1,,0,ESEUSDT.BYS
U31X:ESUSDT,TP,1,,0,ESUSDT.BYS
U31X:ETCUSDT,TP,1,,0,ETCUSDT.BYS
U31X:ETHAED,TP,1,,0,ETHAED.BYS
U31X:ETHBRL,TP,1,,0,ETHBRL.BYS
U31X:ETHBTC,TP,1,,0,ETHBTC.BYS
U31X:ETHDAI,TP,1,,0,ETHDAI.BYS
U31X:ETHEUR,TP,1,,0,ETHEUR.BYS
U31X:ETHFIUSDT,TP,1,,0,ETHFIUSDT.BYS
U31X:ETHMNT,TP,1,,0,ETHMNT.BYS
U31X:ETHPLN,TP,1,,0,ETHPLN.BYS
U31X:ETHRLUSD,TP,1,,0,ETHRLUSD.BYS
U31X:ETHTRY,TP,1,,0,ETHTRY.BYS
U31X:ETHUSDC,TP,1,,0,ETHUSDC.BYS
U31X:ETHUSDE,TP,1,,0,ETHUSDE.BYS
U31X:ETHUSDT,TP,1,,0,ETHUSDT.BYS
U31X:ETHWUSDT,TP,1,,0,ETHWUSDT.BYS
U31X:EVERUSDT,TP,1,,0,EVERUSDT.BYS
U31X:FETUSDC,TP,1,,0,FETUSDC.BYS
U31X:FETUSDT,TP,1,,0,FETUSDT.BYS
U31X:FFUSDT,TP,1,,0,FFUSDT.BYS
U31X:FHEUSDT,TP,1,,0,FHEUSDT.BYS
U31X:FIDAUSDT,TP,1,,0,FIDAUSDT.BYS
U31X:FIGHTUSDT,TP,1,,0,FIGHTUSDT.BYS
U31X:FILUSDC,TP,1,,0,FILUSDC.BYS
U31X:FILUSDT,TP,1,,0,FILUSDT.BYS
U31X:FITFIUSDT,TP,1,,0,FITFIUSDT.BYS
U31X:FLIPUSDT,TP,1,,0,FLIPUSDT.BYS
U31X:FLOCKUSDT,TP,1,,0,FLOCKUSDT.BYS
U31X:FLOKIUSDC,TP,1,,0,FLOKIUSDC.BYS
U31X:FLOKIUSDT,TP,1,,0,FLOKIUSDT.BYS
U31X:FLOWUSDT,TP,1,,0,FLOWUSDT.BYS
U31X:FLRUSDT,TP,1,,0,FLRUSDT.BYS
U31X:FLUIDUSDT,TP,1,,0,FLUIDUSDT.BYS
U31X:FOGOUSDT,TP,1,,0,FOGOUSDT.BYS
U31X:FORTUSDT,TP,1,,0,FORTUSDT.BYS
U31X:FOXYUSDT,TP,1,,0,FOXYUSDT.BYS
U31X:FRAGUSDT,TP,1,,0,FRAGUSDT.BYS
U31X:FRAXUSDT,TP,1,,0,FRAXUSDT.BYS
U31X:FTTUSDT,TP,1,,0,FTTUSDT.BYS
U31X:FUELUSDT,TP,1,,0,FUELUSDT.BYS
U31X:FUSDT,TP,1,,0,FUSDT.BYS
U31X:FXSUSDT,TP,1,,0,FXSUSDT.BYS
U31X:G3USDT,TP,1,,0,G3USDT.BYS
U31X:G7USDT,TP,1,,0,G7USDT.BYS
U31X:GAIBUSDT,TP,1,,0,GAIBUSDT.BYS
U31X:GALAUSDC,TP,1,,0,GALAUSDC.BYS
U31X:GALAUSDT,TP,1,,0,GALAUSDT.BYS
U31X:GALFTUSDT,TP,1,,0,GALFTUSDT.BYS
U31X:GAMEUSDT,TP,1,,0,GAMEUSDT.BYS
U31X:GLMRUSDT,TP,1,,0,GLMRUSDT.BYS
U31X:GMTUSDC,TP,1,,0,GMTUSDC.BYS
U31X:GMTUSDT,TP,1,,0,GMTUSDT.BYS
U31X:GMXUSDT,TP,1,,0,GMXUSDT.BYS
U31X:GOATUSDT,TP,1,,0,GOATUSDT.BYS
U31X:GODSUSDT,TP,1,,0,GODSUSDT.BYS
U31X:GOOGLXUSDT,TP,1,,0,GOOGLXUSDT.BYS
U31X:GPSUSDT,TP,1,,0,GPSUSDT.BYS
U31X:GRASSUSDT,TP,1,,0,GRASSUSDT.BYS
U31X:GRTUSDT,TP,1,,0,GRTUSDT.BYS
U31X:GSWIFTUSDT,TP,1,,0,GSWIFTUSDT.BYS
U31X:GTAIUSDT,TP,1,,0,GTAIUSDT.BYS
U31X:GUSDT,TP,1,,0,GUSDT.BYS
U31X:HAEDALUSDT,TP,1,,0,HAEDALUSDT.BYS
U31X:HBARMNT,TP,1,,0,HBARMNT.BYS
U31X:HBARUSDC,TP,1,,0,HBARUSDC.BYS
U31X:HBARUSDT,TP,1,,0,HBARUSDT.BYS
U31X:HFTUSDC,TP,1,,0,HFTUSDC.BYS
U31X:HFTUSDT,TP,1,,0,HFTUSDT.BYS
U31X:HMNT,TP,1,,0,HMNT.BYS
U31X:HMSTRUSDC,TP,1,,0,HMSTRUSDC.BYS
U31X:HMSTRUSDT,TP,1,,0,HMSTRUSDT.BYS
U31X:HNTUSDT,TP,1,,0,HNTUSDT.BYS
U31X:HOLOUSDT,TP,1,,0,HOLOUSDT.BYS
U31X:HOMEUSDT,TP,1,,0,HOMEUSDT.BYS
U31X:HOODXUSDT,TP,1,,0,HOODXUSDT.BYS
U31X:HOOKUSDT,TP,1,,0,HOOKUSDT.BYS
U31X:HPOS10IUSDT,TP,1,,0,HPOS10IUSDT.BYS
U31X:HTXUSDT,TP,1,,0,HTXUSDT.BYS
U31X:HUMAUSDT,TP,1,,0,HUMAUSDT.BYS
U31X:HUSDC,TP,1,,0,HUSDC.BYS
U31X:HUSDT,TP,1,,0,HUSDT.BYS
U31X:HYPERUSDT,TP,1,,0,HYPERUSDT.BYS
U31X:HYPEUSDT,TP,1,,0,HYPEUSDT.BYS
U31X:ICNTUSDC,TP,1,,0,ICNTUSDC.BYS
U31X:ICNTUSDT,TP,1,,0,ICNTUSDT.BYS
U31X:ICPUSDC,TP,1,,0,ICPUSDC.BYS
U31X:ICPUSDT,TP,1,,0,ICPUSDT.BYS
U31X:ICXUSDT,TP,1,,0,ICXUSDT.BYS
U31X:IDUSDT,TP,1,,0,IDUSDT.BYS
U31X:IMUUSDT,TP,1,,0,IMUUSDT.BYS
U31X:IMXUSDT,TP,1,,0,IMXUSDT.BYS
U31X:INITUSDT,TP,1,,0,INITUSDT.BYS
U31X:INJUSDC,TP,1,,0,INJUSDC.BYS
U31X:INJUSDT,TP,1,,0,INJUSDT.BYS
U31X:INSPUSDT,TP,1,,0,INSPUSDT.BYS
U31X:INTERUSDT,TP,1,,0,INTERUSDT.BYS
U31X:IOUSDT,TP,1,,0,IOUSDT.BYS
U31X:IPUSDT,TP,1,,0,IPUSDT.BYS
U31X:IZIUSDT,TP,1,,0,IZIUSDT.BYS
U31X:JASMYUSDC,TP,1,,0,JASMYUSDC.BYS
U31X:JASMYUSDT,TP,1,,0,JASMYUSDT.BYS
U31X:JEFFUSDT,TP,1,,0,JEFFUSDT.BYS
U31X:JSTUSDT,TP,1,,0,JSTUSDT.BYS
U31X:JTOUSDC,TP,1,,0,JTOUSDC.BYS
U31X:JTOUSDT,TP,1,,0,JTOUSDT.BYS
U31X:JUPUSDC,TP,1,,0,JUPUSDC.BYS
U31X:JUPUSDT,TP,1,,0,JUPUSDT.BYS
U31X:JUSDT,TP,1,,0,JUSDT.BYS
U31X:JUVUSDT,TP,1,,0,JUVUSDT.BYS
U31X:KAIAUSDT,TP,1,,0,KAIAUSDT.BYS
U31X:KASTAUSDT,TP,1,,0,KASTAUSDT.BYS
U31X:KASUSDC,TP,1,,0,KASUSDC.BYS
U31X:KASUSDT,TP,1,,0,KASUSDT.BYS
U31X:KAVAUSDT,TP,1,,0,KAVAUSDT.BYS
U31X:KCSUSDT,TP,1,,0,KCSUSDT.BYS
U31X:KDAUSDT,TP,1,,0,KDAUSDT.BYS
U31X:KILOUSDT,TP,1,,0,KILOUSDT.BYS
U31X:KMNOUSDT,TP,1,,0,KMNOUSDT.BYS
U31X:KSMUSDT,TP,1,,0,KSMUSDT.BYS
U31X:KUBUSDT,TP,1,,0,KUBUSDT.BYS
U31X:KUSDT,TP,1,,0,KUSDT.BYS
U31X:L3USDT,TP,1,,0,L3USDT.BYS
U31X:LADYSUSDT,TP,1,,0,LADYSUSDT.BYS
U31X:LAMNT,TP,1,,0,LAMNT.BYS
U31X:LAUSDT,TP,1,,0,LAUSDT.BYS
U31X:LAVAUSDT,TP,1,,0,LAVAUSDT.BYS
U31X:LAYERUSDT,TP,1,,0,LAYERUSDT.BYS
U31X:LBTCUSDT,TP,1,,0,LBTCUSDT.BYS
U31X:LDOUSDC,TP,1,,0,LDOUSDC.BYS
U31X:LDOUSDT,TP,1,,0,LDOUSDT.BYS
U31X:LFTUSDT,TP,1,,0,LFTUSDT.BYS
U31X:LINEAUSDT,TP,1,,0,LINEAUSDT.BYS
U31X:LINKEUR,TP,1,,0,LINKEUR.BYS
U31X:LINKUSDC,TP,1,,0,LINKUSDC.BYS
U31X:LINKUSDT,TP,1,,0,LINKUSDT.BYS
U31X:LITKEYUSDT,TP,1,,0,LITKEYUSDT.BYS
U31X:LITUSDT,TP,1,,0,LITUSDT.BYS
U31X:LLUSDT,TP,1,,0,LLUSDT.BYS
U31X:LMWRUSDT,TP,1,,0,LMWRUSDT.BYS
U31X:LOOKSUSDT,TP,1,,0,LOOKSUSDT.BYS
U31X:LRCUSDT,TP,1,,0,LRCUSDT.BYS
U31X:LTCBTC,TP,1,,0,LTCBTC.BYS
U31X:LTCEUR,TP,1,,0,LTCEUR.BYS
U31X:LTCMNT,TP,1,,0,LTCMNT.BYS
U31X:LTCUSDC,TP,1,,0,LTCUSDC.BYS
U31X:LTCUSDT,TP,1,,0,LTCUSDT.BYS
U31X:LUNAIUSDT,TP,1,,0,LUNAIUSDT.BYS
U31X:LUNAUSDT,TP,1,,0,LUNAUSDT.BYS
U31X:LUNCUSDC,TP,1,,0,LUNCUSDC.BYS
U31X:LUNCUSDT,TP,1,,0,LUNCUSDT.BYS
U31X:MAGICUSDT,TP,1,,0,MAGICUSDT.BYS
U31X:MAJORUSDT,TP,1,,0,MAJORUSDT.BYS
U31X:MANABTC,TP,1,,0,MANABTC.BYS
U31X:MANAUSDC,TP,1,,0,MANAUSDC.BYS
U31X:MANAUSDT,TP,1,,0,MANAUSDT.BYS
U31X:MANTAUSDT,TP,1,,0,MANTAUSDT.BYS
U31X:MANTRAUSDT,TP,1,,0,MANTRAUSDT.BYS
U31X:MASAUSDT,TP,1,,0,MASAUSDT.BYS
U31X:MASKUSDT,TP,1,,0,MASKUSDT.BYS
U31X:MAVIAUSDT,TP,1,,0,MAVIAUSDT.BYS
U31X:MBOXUSDT,TP,1,,0,MBOXUSDT.BYS
U31X:MBXUSDT,TP,1,,0,MBXUSDT.BYS
U31X:MCDXUSDT,TP,1,,0,MCDXUSDT.BYS
U31X:MCRTUSDT,TP,1,,0,MCRTUSDT.BYS
U31X:MDAOUSDT,TP,1,,0,MDAOUSDT.BYS
U31X:MEEUSDT,TP,1,,0,MEEUSDT.BYS
U31X:MEMEFIUSDT,TP,1,,0,MEMEFIUSDT.BYS
U31X:MEMEUSDT,TP,1,,0,MEMEUSDT.BYS
U31X:MERLUSDT,TP,1,,0,MERLUSDT.BYS
U31X:METAXUSDT,TP,1,,0,METAXUSDT.BYS
U31X:METHETH,TP,1,,0,METHETH.BYS
U31X:METHUSDT,TP,1,,0,METHUSDT.BYS
U31X:METUSDC,TP,1,,0,METUSDC.BYS
U31X:METUSDT,TP,1,,0,METUSDT.BYS
U31X:MEUSDT,TP,1,,0,MEUSDT.BYS
U31X:MEWUSDC,TP,1,,0,MEWUSDC.BYS
U31X:MEWUSDT,TP,1,,0,MEWUSDT.BYS
U31X:MILKUSDT,TP,1,,0,MILKUSDT.BYS
U31X:MINAUSDT,TP,1,,0,MINAUSDT.BYS
U31X:MMTUSDT,TP,1,,0,MMTUSDT.BYS
U31X:MNTBTC,TP,1,,0,MNTBTC.BYS
U31X:MNTRLUSD,TP,1,,0,MNTRLUSD.BYS
U31X:MNTUSD1,TP,1,,0,MNTUSD1.BYS
U31X:MNTUSDC,TP,1,,0,MNTUSDC.BYS
U31X:MNTUSDE,TP,1,,0,MNTUSDE.BYS
U31X:MNTUSDT,TP,1,,0,MNTUSDT.BYS
U31X:MOCAUSDT,TP,1,,0,MOCAUSDT.BYS
U31X:MODEUSDT,TP,1,,0,MODEUSDT.BYS
U31X:MOGUSDT,TP,1,,0,MOGUSDT.BYS
U31X:MONPROUSDT,TP,1,,0,MONPROUSDT.BYS
U31X:MONUSDT,TP,1,,0,MONUSDT.BYS
U31X:MORPHOUSDT,TP,1,,0,MORPHOUSDT.BYS
U31X:MOVEUSDC,TP,1,,0,MOVEUSDC.BYS
U31X:MOVEUSDT,TP,1,,0,MOVEUSDT.BYS
U31X:MOVRUSDT,TP,1,,0,MOVRUSDT.BYS
U31X:MOZUSDT,TP,1,,0,MOZUSDT.BYS
U31X:MPLXUSDT,TP,1,,0,MPLXUSDT.BYS
U31X:MVLUSDT,TP,1,,0,MVLUSDT.BYS
U31X:MVUSDT,TP,1,,0,MVUSDT.BYS
U31X:MXUSDT,TP,1,,0,MXUSDT.BYS
U31X:MYRIAUSDT,TP,1,,0,MYRIAUSDT.BYS
U31X:MYROUSDT,TP,1,,0,MYROUSDT.BYS
U31X:NAKAUSDT,TP,1,,0,NAKAUSDT.BYS
U31X:NAVXUSDT,TP,1,,0,NAVXUSDT.BYS
U31X:NEAREUR,TP,1,,0,NEAREUR.BYS
U31X:NEARUSDC,TP,1,,0,NEARUSDC.BYS
U31X:NEARUSDT,TP,1,,0,NEARUSDT.BYS
U31X:NEIROCTOUSDT,TP,1,,0,NEIROCTOUSDT.BYS
U31X:NEONUSDT,TP,1,,0,NEONUSDT.BYS
U31X:NEWTUSDT,TP,1,,0,NEWTUSDT.BYS
U31X:NEXOUSDT,TP,1,,0,NEXOUSDT.BYS
U31X:NFTUSDT,TP,1,,0,NFTUSDT.BYS
U31X:NIBIUSDT,TP,1,,0,NIBIUSDT.BYS
U31X:NIGHTUSDT,TP,1,,0,NIGHTUSDT.BYS
U31X:NOMUSDT,TP,1,,0,NOMUSDT.BYS
U31X:NOTUSDC,TP,1,,0,NOTUSDC.BYS
U31X:NOTUSDT,TP,1,,0,NOTUSDT.BYS
U31X:NRNUSDT,TP,1,,0,NRNUSDT.BYS
U31X:NSUSDT,TP,1,,0,NSUSDT.BYS
U31X:NVDAXUSDT,TP,1,,0,NVDAXUSDT.BYS
U31X:NXPCMNT,TP,1,,0,NXPCMNT.BYS
U31X:NXPCUSDT,TP,1,,0,NXPCUSDT.BYS
U31X:NYMUSDT,TP,1,,0,NYMUSDT.BYS
U31X:OASUSDT,TP,1,,0,OASUSDT.BYS
U31X:OBOLUSDT,TP,1,,0,OBOLUSDT.BYS
U31X:OBTUSDT,TP,1,,0,OBTUSDT.BYS
U31X:ODOSUSDT,TP,1,,0,ODOSUSDT.BYS
U31X:OIKUSDT,TP,1,,0,OIKUSDT.BYS
U31X:OLUSDT,TP,1,,0,OLUSDT.BYS
U31X:OMUSDT,TP,1,,0,OMUSDT.BYS
U31X:ONDOEUR,TP,1,,0,ONDOEUR.BYS
U31X:ONDOMNT,TP,1,,0,ONDOMNT.BYS
U31X:ONDOUSDC,TP,1,,0,ONDOUSDC.BYS
U31X:ONDOUSDT,TP,1,,0,ONDOUSDT.BYS
U31X:ONEUSDT,TP,1,,0,ONEUSDT.BYS
U31X:OPNUSDT,TP,1,,0,OPNUSDT.BYS
U31X:OPUSDC,TP,1,,0,OPUSDC.BYS
U31X:OPUSDT,TP,1,,0,OPUSDT.BYS
U31X:ORDERUSDT,TP,1,,0,ORDERUSDT.BYS
U31X:ORDIUSDC,TP,1,,0,ORDIUSDC.BYS
U31X:ORDIUSDT,TP,1,,0,ORDIUSDT.BYS
U31X:ORTUSDT,TP,1,,0,ORTUSDT.BYS
U31X:PAALUSDT,TP,1,,0,PAALUSDT.BYS
U31X:PARTIUSDT,TP,1,,0,PARTIUSDT.BYS
U31X:PAWSUSDT,TP,1,,0,PAWSUSDT.BYS
U31X:PELLUSDT,TP,1,,0,PELLUSDT.BYS
U31X:PENDLEUSDC,TP,1,,0,PENDLEUSDC.BYS
U31X:PENDLEUSDT,TP,1,,0,PENDLEUSDT.BYS
U31X:PENGUINUSDT,TP,1,,0,PENGUINUSDT.BYS
U31X:PENGUUSDT,TP,1,,0,PENGUUSDT.BYS
U31X:PEOPLEUSDT,TP,1,,0,PEOPLEUSDT.BYS
U31X:PEPEEUR,TP,1,,0,PEPEEUR.BYS
U31X:PEPEMNT,TP,1,,0,PEPEMNT.BYS
U31X:PEPEUSDC,TP,1,,0,PEPEUSDC.BYS
U31X:PEPEUSDT,TP,1,,0,PEPEUSDT.BYS
U31X:PERPUSDT,TP,1,,0,PERPUSDT.BYS
U31X:PIEVERSEUSDT,TP,1,,0,PIEVERSEUSDT.BYS
U31X:PINEYEUSDT,TP,1,,0,PINEYEUSDT.BYS
U31X:PIRATEUSDT,TP,1,,0,PIRATEUSDT.BYS
U31X:PIXFIUSDT,TP,1,,0,PIXFIUSDT.BYS
U31X:PLUMEUSDT,TP,1,,0,PLUMEUSDT.BYS
U31X:PNUTUSDT,TP,1,,0,PNUTUSDT.BYS
U31X:POLUSDC,TP,1,,0,POLUSDC.BYS
U31X:POLUSDT,TP,1,,0,POLUSDT.BYS
U31X:PONKEUSDT,TP,1,,0,PONKEUSDT.BYS
U31X:POPCATUSDT,TP,1,,0,POPCATUSDT.BYS
U31X:PORT3USDT,TP,1,,0,PORT3USDT.BYS
U31X:PORTALSUSDT,TP,1,,0,PORTALSUSDT.BYS
U31X:PORTALUSDT,TP,1,,0,PORTALUSDT.BYS
U31X:PRCLUSDT,TP,1,,0,PRCLUSDT.BYS
U31X:PRIMEUSDT,TP,1,,0,PRIMEUSDT.BYS
U31X:PROVEUSDT,TP,1,,0,PROVEUSDT.BYS
U31X:PSGUSDT,TP,1,,0,PSGUSDT.BYS
U31X:PSTAKEUSDT,TP,1,,0,PSTAKEUSDT.BYS
U31X:PUFFERUSDT,TP,1,,0,PUFFERUSDT.BYS
U31X:PUFFUSDT,TP,1,,0,PUFFUSDT.BYS
U31X:PUMPBTCUSDT,TP,1,,0,PUMPBTCUSDT.BYS
U31X:PUMPMNT,TP,1,,0,PUMPMNT.BYS
U31X:PUMPUSDC,TP,1,,0,PUMPUSDC.BYS
U31X:PUMPUSDT,TP,1,,0,PUMPUSDT.BYS
U31X:PURSEUSDT,TP,1,,0,PURSEUSDT.BYS
U31X:PYBOBOUSDT,TP,1,,0,PYBOBOUSDT.BYS
U31X:PYTHUSDC,TP,1,,0,PYTHUSDC.BYS
U31X:PYTHUSDT,TP,1,,0,PYTHUSDT.BYS
U31X:PYUSDUSDT,TP,1,,0,PYUSDUSDT.BYS
U31X:QNTUSDT,TP,1,,0,QNTUSDT.BYS
U31X:QORPOUSDT,TP,1,,0,QORPOUSDT.BYS
U31X:QTUMUSDT,TP,1,,0,QTUMUSDT.BYS
U31X:RACAUSDT,TP,1,,0,RACAUSDT.BYS
U31X:RATSUSDT,TP,1,,0,RATSUSDT.BYS
U31X:RDNTUSDT,TP,1,,0,RDNTUSDT.BYS
U31X:RECALLUSDT,TP,1,,0,RECALLUSDT.BYS
U31X:REDUSDT,TP,1,,0,REDUSDT.BYS
U31X:RENDERUSDC,TP,1,,0,RENDERUSDC.BYS
U31X:RENDERUSDT,TP,1,,0,RENDERUSDT.BYS
U31X:RESOLVUSDT,TP,1,,0,RESOLVUSDT.BYS
U31X:RLUSDUSDT,TP,1,,0,RLUSDUSDT.BYS
U31X:ROAMUSDT,TP,1,,0,ROAMUSDT.BYS
U31X:ROBOUSDT,TP,1,,0,ROBOUSDT.BYS
U31X:ROOTUSDT,TP,1,,0,ROOTUSDT.BYS
U31X:ROSEUSDT,TP,1,,0,ROSEUSDT.BYS
U31X:RPLUSDT,TP,1,,0,RPLUSDT.BYS
U31X:RSS3USDT,TP,1,,0,RSS3USDT.BYS
U31X:RUNEUSDT,TP,1,,0,RUNEUSDT.BYS
U31X:RVNUSDT,TP,1,,0,RVNUSDT.BYS
U31X:SAFEUSDT,TP,1,,0,SAFEUSDT.BYS
U31X:SAHARAUSDT,TP,1,,0,SAHARAUSDT.BYS
U31X:SANDBTC,TP,1,,0,SANDBTC.BYS
U31X:SANDUSDC,TP,1,,0,SANDUSDC.BYS
U31X:SANDUSDT,TP,1,,0,SANDUSDT.BYS
U31X:SAROSUSDT,TP,1,,0,SAROSUSDT.BYS
U31X:SATSUSDT,TP,1,,0,SATSUSDT.BYS
U31X:SCAUSDT,TP,1,,0,SCAUSDT.BYS
U31X:SCORUSDT,TP,1,,0,SCORUSDT.BYS
U31X:SCRTUSDT,TP,1,,0,SCRTUSDT.BYS
U31X:SCRUSDT,TP,1,,0,SCRUSDT.BYS
U31X:SCUSDT,TP,1,,0,SCUSDT.BYS
U31X:SDUSDT,TP,1,,0,SDUSDT.BYS
U31X:SEIUSDC,TP,1,,0,SEIUSDC.BYS
U31X:SEIUSDT,TP,1,,0,SEIUSDT.BYS
U31X:SENDUSDT,TP,1,,0,SENDUSDT.BYS
U31X:SENTUSDT,TP,1,,0,SENTUSDT.BYS
U31X:SERAPHUSDT,TP,1,,0,SERAPHUSDT.BYS
U31X:SFUNDUSDT,TP,1,,0,SFUNDUSDT.BYS
U31X:SHARDSUSDT,TP,1,,0,SHARDSUSDT.BYS
U31X:SHIBEUR,TP,1,,0,SHIBEUR.BYS
U31X:SHIBUSDC,TP,1,,0,SHIBUSDC.BYS
U31X:SHIBUSDT,TP,1,,0,SHIBUSDT.BYS
U31X:SHRAPUSDT,TP,1,,0,SHRAPUSDT.BYS
U31X:SIDUSUSDT,TP,1,,0,SIDUSUSDT.BYS
U31X:SIGNUSDT,TP,1,,0,SIGNUSDT.BYS
U31X:SISUSDT,TP,1,,0,SISUSDT.BYS
U31X:SKATEUSDT,TP,1,,0,SKATEUSDT.BYS
U31X:SKRUSDT,TP,1,,0,SKRUSDT.BYS
U31X:SKYUSDT,TP,1,,0,SKYUSDT.BYS
U31X:SLPUSDT,TP,1,,0,SLPUSDT.BYS
U31X:SNXUSDT,TP,1,,0,SNXUSDT.BYS
U31X:SOLAED,TP,1,,0,SOLAED.BYS
U31X:SOLBRL,TP,1,,0,SOLBRL.BYS
U31X:SOLBTC,TP,1,,0,SOLBTC.BYS
U31X:SOLEUR,TP,1,,0,SOLEUR.BYS
U31X:SOLMNT,TP,1,,0,SOLMNT.BYS
U31X:SOLOUSDT,TP,1,,0,SOLOUSDT.BYS
U31X:SOLUSDC,TP,1,,0,SOLUSDC.BYS
U31X:SOLUSDE,TP,1,,0,SOLUSDE.BYS
U31X:SOLUSDT,TP,1,,0,SOLUSDT.BYS
U31X:SOLVUSDT,TP,1,,0,SOLVUSDT.BYS
U31X:SOMIUSDT,TP,1,,0,SOMIUSDT.BYS
U31X:SONICUSDT,TP,1,,0,SONICUSDT.BYS
U31X:SOSOUSDT,TP,1,,0,SOSOUSDT.BYS
U31X:SPECUSDT,TP,1,,0,SPECUSDT.BYS
U31X:SPELLUSDT,TP,1,,0,SPELLUSDT.BYS
U31X:SPKUSDT,TP,1,,0,SPKUSDT.BYS
U31X:SPXUSDC,TP,1,,0,SPXUSDC.BYS
U31X:SPXUSDT,TP,1,,0,SPXUSDT.BYS
U31X:SQDUSDT,TP,1,,0,SQDUSDT.BYS
U31X:SQRUSDT,TP,1,,0,SQRUSDT.BYS
U31X:SQTUSDT,TP,1,,0,SQTUSDT.BYS
U31X:SSVUSDT,TP,1,,0,SSVUSDT.BYS
U31X:STABLEUSDT,TP,1,,0,STABLEUSDT.BYS
U31X:STETHEUR,TP,1,,0,STETHEUR.BYS
U31X:STETHUSDT,TP,1,,0,STETHUSDT.BYS
U31X:STOPUSDT,TP,1,,0,STOPUSDT.BYS
U31X:STREAMUSDT,TP,1,,0,STREAMUSDT.BYS
U31X:STRKUSDC,TP,1,,0,STRKUSDC.BYS
U31X:STRKUSDT,TP,1,,0,STRKUSDT.BYS
U31X:STXUSDC,TP,1,,0,STXUSDC.BYS
U31X:STXUSDT,TP,1,,0,STXUSDT.BYS
U31X:SUIMNT,TP,1,,0,SUIMNT.BYS
U31X:SUIUSDC,TP,1,,0,SUIUSDC.BYS
U31X:SUIUSDT,TP,1,,0,SUIUSDT.BYS
U31X:SUNDOGUSDT,TP,1,,0,SUNDOGUSDT.BYS
U31X:SUNUSDT,TP,1,,0,SUNUSDT.BYS
U31X:SUPRAUSDT,TP,1,,0,SUPRAUSDT.BYS
U31X:SUSDC,TP,1,,0,SUSDC.BYS
U31X:SUSDT,TP,1,,0,SUSDT.BYS
U31X:SUSHIUSDT,TP,1,,0,SUSHIUSDT.BYS
U31X:SVLUSDT,TP,1,,0,SVLUSDT.BYS
U31X:SWEATUSDT,TP,1,,0,SWEATUSDT.BYS
U31X:SWELLUSDC,TP,1,,0,SWELLUSDC.BYS
U31X:SWELLUSDT,TP,1,,0,SWELLUSDT.BYS
U31X:SXTUSDT,TP,1,,0,SXTUSDT.BYS
U31X:SYNDUSDT,TP,1,,0,SYNDUSDT.BYS
U31X:TACUSDT,TP,1,,0,TACUSDT.BYS
U31X:TAIKOUSDT,TP,1,,0,TAIKOUSDT.BYS
U31X:TAIUSDT,TP,1,,0,TAIUSDT.BYS
U31X:TAUSDT,TP,1,,0,TAUSDT.BYS
U31X:TELUSDT,TP,1,,0,TELUSDT.BYS
U31X:THETAUSDT,TP,1,,0,THETAUSDT.BYS
U31X:TIAUSDC,TP,1,,0,TIAUSDC.BYS
U31X:TIAUSDT,TP,1,,0,TIAUSDT.BYS
U31X:TIMEUSDT,TP,1,,0,TIMEUSDT.BYS
U31X:TNSRUSDT,TP,1,,0,TNSRUSDT.BYS
U31X:TOKENUSDT,TP,1,,0,TOKENUSDT.BYS
U31X:TONEUR,TP,1,,0,TONEUR.BYS
U31X:TONUSDC,TP,1,,0,TONUSDC.BYS
U31X:TONUSDT,TP,1,,0,TONUSDT.BYS
U31X:TOSHIUSDT,TP,1,,0,TOSHIUSDT.BYS
U31X:TOWNSUSDC,TP,1,,0,TOWNSUSDC.BYS
U31X:TOWNSUSDT,TP,1,,0,TOWNSUSDT.BYS
U31X:TRCUSDT,TP,1,,0,TRCUSDT.BYS
U31X:TREEUSDT,TP,1,,0,TREEUSDT.BYS
U31X:TRIAUSDT,TP,1,,0,TRIAUSDT.BYS
U31X:TRUMPMNT,TP,1,,0,TRUMPMNT.BYS
U31X:TRUMPUSDC,TP,1,,0,TRUMPUSDC.BYS
U31X:TRUMPUSDT,TP,1,,0,TRUMPUSDT.BYS
U31X:TRVLUSDT,TP,1,,0,TRVLUSDT.BYS
U31X:TRXUSDC,TP,1,,0,TRXUSDC.BYS
U31X:TRXUSDT,TP,1,,0,TRXUSDT.BYS
U31X:TSLAXUSDT,TP,1,,0,TSLAXUSDT.BYS
U31X:TUNAUSDT,TP,1,,0,TUNAUSDT.BYS
U31X:TURBOSUSDT,TP,1,,0,TURBOSUSDT.BYS
U31X:TUSDUSDT,TP,1,,0,TUSDUSDT.BYS
U31X:TWTUSDT,TP,1,,0,TWTUSDT.BYS
U31X:ULTIUSDT,TP,1,,0,ULTIUSDT.BYS
U31X:UMAUSDT,TP,1,,0,UMAUSDT.BYS
U31X:UNIUSDC,TP,1,,0,UNIUSDC.BYS
U31X:UNIUSDT,TP,1,,0,UNIUSDT.BYS
U31X:USATUSDT,TP,1,,0,USATUSDT.BYS
U31X:USD1USDT,TP,1,,0,USD1USDT.BYS
U31X:USDCBRL,TP,1,,0,USDCBRL.BYS
U31X:USDCEUR,TP,1,,0,USDCEUR.BYS
U31X:USDCUSDT,TP,1,,0,USDCUSDT.BYS
U31X:USDDUSDT,TP,1,,0,USDDUSDT.BYS
U31X:USDEUSDC,TP,1,,0,USDEUSDC.BYS
U31X:USDEUSDT,TP,1,,0,USDEUSDT.BYS
U31X:USDQUSDT,TP,1,,0,USDQUSDT.BYS
U31X:USDRUSDT,TP,1,,0,USDRUSDT.BYS
U31X:USDTAED,TP,1,,0,USDTAED.BYS
U31X:USDTBRL,TP,1,,0,USDTBRL.BYS
U31X:USDTBRZ,TP,1,,0,USDTBRZ.BYS
U31X:USDTBUSDT,TP,1,,0,USDTBUSDT.BYS
U31X:USDTEUR,TP,1,,0,USDTEUR.BYS
U31X:USDTPLN,TP,1,,0,USDTPLN.BYS
U31X:USDTTRY,TP,1,,0,USDTTRY.BYS
U31X:USDYUSDT,TP,1,,0,USDYUSDT.BYS
U31X:USTCUSDT,TP,1,,0,USTCUSDT.BYS
U31X:UUSDT,TP,1,,0,UUSDT.BYS
U31X:UXLINKUSDT,TP,1,,0,UXLINKUSDT.BYS
U31X:VANAUSDT,TP,1,,0,VANAUSDT.BYS
U31X:VANRYUSDT,TP,1,,0,VANRYUSDT.BYS
U31X:VELOUSDT,TP,1,,0,VELOUSDT.BYS
U31X:VENOMUSDT,TP,1,,0,VENOMUSDT.BYS
U31X:VETUSDT,TP,1,,0,VETUSDT.BYS
U31X:VICUSDT,TP,1,,0,VICUSDT.BYS
U31X:VINUUSDT,TP,1,,0,VINUUSDT.BYS
U31X:VIRTUALMNT,TP,1,,0,VIRTUALMNT.BYS
U31X:VIRTUALUSDC,TP,1,,0,VIRTUALUSDC.BYS
U31X:VIRTUALUSDT,TP,1,,0,VIRTUALUSDT.BYS
U31X:VOOIUSDT,TP,1,,0,VOOIUSDT.BYS
U31X:VRAUSDT,TP,1,,0,VRAUSDT.BYS
U31X:VTHOUSDT,TP,1,,0,VTHOUSDT.BYS
U31X:VVVUSDT,TP,1,,0,VVVUSDT.BYS
U31X:WALUSDT,TP,1,,0,WALUSDT.BYS
U31X:WAVESUSDT,TP,1,,0,WAVESUSDT.BYS
U31X:WAXPUSDT,TP,1,,0,WAXPUSDT.BYS
U31X:WBTCBTC,TP,1,,0,WBTCBTC.BYS
U31X:WBTCUSDT,TP,1,,0,WBTCUSDT.BYS
U31X:WCTUSDT,TP,1,,0,WCTUSDT.BYS
U31X:WEETHETH,TP,1,,0,WEETHETH.BYS
U31X:WEMIXUSDT,TP,1,,0,WEMIXUSDT.BYS
U31X:WENUSDT,TP,1,,0,WENUSDT.BYS
U31X:WETUSDT,TP,1,,0,WETUSDT.BYS
U31X:WHITEWHALEUSDT,TP,1,,0,WHITEWHALEUSDT.BYS
U31X:WIFEUR,TP,1,,0,WIFEUR.BYS
U31X:WIFUSDC,TP,1,,0,WIFUSDC.BYS
U31X:WIFUSDT,TP,1,,0,WIFUSDT.BYS
U31X:WLDEUR,TP,1,,0,WLDEUR.BYS
U31X:WLDUSDC,TP,1,,0,WLDUSDC.BYS
U31X:WLDUSDT,TP,1,,0,WLDUSDT.BYS
U31X:WLFIUSDT,TP,1,,0,WLFIUSDT.BYS
U31X:WOOUSDT,TP,1,,0,WOOUSDT.BYS
U31X:WUSDC,TP,1,,0,WUSDC.BYS
U31X:WUSDT,TP,1,,0,WUSDT.BYS
U31X:XAIUSDT,TP,1,,0,XAIUSDT.BYS
U31X:XANUSDT,TP,1,,0,XANUSDT.BYS
U31X:XAUTUSDT,TP,1,,0,XAUTUSDT.BYS
U31X:XAVAUSDT,TP,1,,0,XAVAUSDT.BYS
U31X:XCADUSDT,TP,1,,0,XCADUSDT.BYS
U31X:XDCUSDT,TP,1,,0,XDCUSDT.BYS
U31X:XECUSDT,TP,1,,0,XECUSDT.BYS
U31X:XEMUSDT,TP,1,,0,XEMUSDT.BYS
U31X:XIONUSDT,TP,1,,0,XIONUSDT.BYS
U31X:XLMBTC,TP,1,,0,XLMBTC.BYS
U31X:XLMUSDC,TP,1,,0,XLMUSDC.BYS
U31X:XLMUSDT,TP,1,,0,XLMUSDT.BYS
U31X:XOUSDT,TP,1,,0,XOUSDT.BYS
U31X:XPLUSDT,TP,1,,0,XPLUSDT.BYS
U31X:XRPBTC,TP,1,,0,XRPBTC.BYS
U31X:XRPEUR,TP,1,,0,XRPEUR.BYS
U31X:XRPMNT,TP,1,,0,XRPMNT.BYS
U31X:XRPRLUSD,TP,1,,0,XRPRLUSD.BYS
U31X:XRPUSDC,TP,1,,0,XRPUSDC.BYS
U31X:XRPUSDT,TP,1,,0,XRPUSDT.BYS
U31X:XTERUSDT,TP,1,,0,XTERUSDT.BYS
U31X:XTZUSDT,TP,1,,0,XTZUSDT.BYS
U31X:XUSDT,TP,1,,0,XUSDT.BYS
U31X:XUSDUSDT,TP,1,,0,XUSDUSDT.BYS
U31X:YBUSDT,TP,1,,0,YBUSDT.BYS
U31X:YFIUSDT,TP,1,,0,YFIUSDT.BYS
U31X:ZAMAUSDT,TP,1,,0,ZAMAUSDT.BYS
U31X:ZBTUSDT,TP,1,,0,ZBTUSDT.BYS
U31X:ZENTUSDT,TP,1,,0,ZENTUSDT.BYS
U31X:ZENUSDT,TP,1,,0,ZENUSDT.BYS
U31X:ZEREBROUSDT,TP,1,,0,ZEREBROUSDT.BYS
U31X:ZEROUSDT,TP,1,,0,ZEROUSDT.BYS
U31X:ZETAUSDT,TP,1,,0,ZETAUSDT.BYS
U31X:ZEXUSDT,TP,1,,0,ZEXUSDT.BYS
U31X:ZIGUSDT,TP,1,,0,ZIGUSDT.BYS
U31X:ZILUSDT,TP,1,,0,ZILUSDT.BYS
U31X:ZKCUSDT,TP,1,,0,ZKCUSDT.BYS
U31X:ZKJUSDT,TP,1,,0,ZKJUSDT.BYS
U31X:ZKLUSDT,TP,1,,0,ZKLUSDT.BYS
U31X:ZKPUSDT,TP,1,,0,ZKPUSDT.BYS
U31X:ZKUSDC,TP,1,,0,ZKUSDC.BYS
U31X:ZKUSDT,TP,1,,0,ZKUSDT.BYS
U31X:ZORAUSDT,TP,1,,0,ZORAUSDT.BYS
U31X:ZRCUSDT,TP,1,,0,ZRCUSDT.BYS
U31X:ZROUSDC,TP,1,,0,ZROUSDC.BYS
U31X:ZROUSDT,TP,1,,0,ZROUSDT.BYS
U31X:ZRXUSDT,TP,1,,0,ZRXUSDT.BYS
U31X:ZTXUSDT,TP,1,,0,ZTXUSDT.BYS
U32F:0GUSDT.P,SP,1,,0,0GUSDT.P.BGP
U32F:1000000MOGUSDT.P,SP,1,,0,1000000MOGUSDT.P.BGP
U32F:1000BONKUSDC.P,SP,1,,0,1000BONKUSDC.P.BGP
U32F:1000BONKUSDT.P,SP,1,,0,1000BONKUSDT.P.BGP
U32F:1000CATUSDT.P,SP,1,,0,1000CATUSDT.P.BGP
U32F:1000RATSUSDT.P,SP,1,,0,1000RATSUSDT.P.BGP
U32F:1000SATSUSDT.P,SP,1,,0,1000SATSUSDT.P.BGP
U32F:1000XECUSDT.P,SP,1,,0,1000XECUSDT.P.BGP
U32F:1INCHUSDT.P,SP,1,,0,1INCHUSDT.P.BGP
U32F:1MBABYDOGEUSDT.P,SP,1,,0,1MBABYDOGEUSDT.P.BGP
U32F:1MCHEEMSUSDT.P,SP,1,,0,1MCHEEMSUSDT.P.BGP
U32F:2ZUSDT.P,SP,1,,0,2ZUSDT.P.BGP
U32F:4USDT.P,SP,1,,0,4USDT.P.BGP
U32F:A2ZUSDT.P,SP,1,,0,A2ZUSDT.P.BGP
U32F:AAVEUSD.P,SP,1,,0,AAVEUSD.P.BGP
U32F:AAVEUSDC.P,SP,1,,0,AAVEUSDC.P.BGP
U32F:AAVEUSDT.P,SP,1,,0,AAVEUSDT.P.BGP
U32F:ACEUSDT.P,SP,1,,0,ACEUSDT.P.BGP
U32F:ACHUSDT.P,SP,1,,0,ACHUSDT.P.BGP
U32F:ACTUSDT.P,SP,1,,0,ACTUSDT.P.BGP
U32F:ACUUSDT.P,SP,1,,0,ACUUSDT.P.BGP
U32F:ACXUSDT.P,SP,1,,0,ACXUSDT.P.BGP
U32F:ADAUSD.P,SP,1,,0,ADAUSD.P.BGP
U32F:ADAUSDC.P,SP,1,,0,ADAUSDC.P.BGP
U32F:ADAUSDT.P,SP,1,,0,ADAUSDT.P.BGP
U32F:AERGOUSDT.P,SP,1,,0,AERGOUSDT.P.BGP
U32F:AEROUSDT.P,SP,1,,0,AEROUSDT.P.BGP
U32F:AEVOUSDT.P,SP,1,,0,AEVOUSDT.P.BGP
U32F:AGIUSDT.P,SP,1,,0,AGIUSDT.P.BGP
U32F:AGLDUSDT.P,SP,1,,0,AGLDUSDT.P.BGP
U32F:AINUSDT.P,SP,1,,0,AINUSDT.P.BGP
U32F:AIOUSDT.P,SP,1,,0,AIOUSDT.P.BGP
U32F:AIUSDT.P,SP,1,,0,AIUSDT.P.BGP
U32F:AIXBTUSDT.P,SP,1,,0,AIXBTUSDT.P.BGP
U32F:AKTUSDT.P,SP,1,,0,AKTUSDT.P.BGP
U32F:ALCHUSDT.P,SP,1,,0,ALCHUSDT.P.BGP
U32F:ALGOUSDC.P,SP,1,,0,ALGOUSDC.P.BGP
U32F:ALGOUSDT.P,SP,1,,0,ALGOUSDT.P.BGP
U32F:ALICEUSDT.P,SP,1,,0,ALICEUSDT.P.BGP
U32F:ALLOUSDT.P,SP,1,,0,ALLOUSDT.P.BGP
U32F:ALTUSDT.P,SP,1,,0,ALTUSDT.P.BGP
U32F:ANIMEUSDT.P,SP,1,,0,ANIMEUSDT.P.BGP
U32F:ANKRUSDT.P,SP,1,,0,ANKRUSDT.P.BGP
U32F:APEUSDT.P,SP,1,,0,APEUSDT.P.BGP
U32F:API3USDT.P,SP,1,,0,API3USDT.P.BGP
U32F:APPUSDT.P,SP,1,,0,APPUSDT.P.BGP
U32F:APRUSDT.P,SP,1,,0,APRUSDT.P.BGP
U32F:APTUSD.P,SP,1,,0,APTUSD.P.BGP
U32F:APTUSDC.P,SP,1,,0,APTUSDC.P.BGP
U32F:APTUSDT.P,SP,1,,0,APTUSDT.P.BGP
U32F:ARBUSDC.P,SP,1,,0,ARBUSDC.P.BGP
U32F:ARBUSDT.P,SP,1,,0,ARBUSDT.P.BGP
U32F:ARCUSDT.P,SP,1,,0,ARCUSDT.P.BGP
U32F:ARIAUSDT.P,SP,1,,0,ARIAUSDT.P.BGP
U32F:ARKMUSDT.P,SP,1,,0,ARKMUSDT.P.BGP
U32F:ARKUSDT.P,SP,1,,0,ARKUSDT.P.BGP
U32F:ARPAUSDT.P,SP,1,,0,ARPAUSDT.P.BGP
U32F:ARUSDT.P,SP,1,,0,ARUSDT.P.BGP
U32F:ASRUSDT.P,SP,1,,0,ASRUSDT.P.BGP
U32F:ASTERUSDT.P,SP,1,,0,ASTERUSDT.P.BGP
U32F:ASTRUSDT.P,SP,1,,0,ASTRUSDT.P.BGP
U32F:ATAUSDT.P,SP,1,,0,ATAUSDT.P.BGP
U32F:ATHUSDT.P,SP,1,,0,ATHUSDT.P.BGP
U32F:ATOMUSDT.P,SP,1,,0,ATOMUSDT.P.BGP
U32F:ATUSDT.P,SP,1,,0,ATUSDT.P.BGP
U32F:AUCTIONUSDT.P,SP,1,,0,AUCTIONUSDT.P.BGP
U32F:AUSDT.P,SP,1,,0,AUSDT.P.BGP
U32F:AVAUSDT.P,SP,1,,0,AVAUSDT.P.BGP
U32F:AVAXUSD.P,SP,1,,0,AVAXUSD.P.BGP
U32F:AVAXUSDC.P,SP,1,,0,AVAXUSDC.P.BGP
U32F:AVAXUSDT.P,SP,1,,0,AVAXUSDT.P.BGP
U32F:AVNTUSDT.P,SP,1,,0,AVNTUSDT.P.BGP
U32F:AWEUSDT.P,SP,1,,0,AWEUSDT.P.BGP
U32F:AXLUSDT.P,SP,1,,0,AXLUSDT.P.BGP
U32F:AXSUSDT.P,SP,1,,0,AXSUSDT.P.BGP
U32F:AZTECUSDT.P,SP,1,,0,AZTECUSDT.P.BGP
U32F:B2USDT.P,SP,1,,0,B2USDT.P.BGP
U32F:B3USDT.P,SP,1,,0,B3USDT.P.BGP
U32F:BABYUSDT.P,SP,1,,0,BABYUSDT.P.BGP
U32F:BANANAS31USDT.P,SP,1,,0,BANANAS31USDT.P.BGP
U32F:BANANAUSDT.P,SP,1,,0,BANANAUSDT.P.BGP
U32F:BANDUSDT.P,SP,1,,0,BANDUSDT.P.BGP
U32F:BANKUSDT.P,SP,1,,0,BANKUSDT.P.BGP
U32F:BANUSDT.P,SP,1,,0,BANUSDT.P.BGP
U32F:BARDUSDT.P,SP,1,,0,BARDUSDT.P.BGP
U32F:BASUSDT.P,SP,1,,0,BASUSDT.P.BGP
U32F:BATUSDT.P,SP,1,,0,BATUSDT.P.BGP
U32F:BBUSDT.P,SP,1,,0,BBUSDT.P.BGP
U32F:BCHUSD.P,SP,1,,0,BCHUSD.P.BGP
U32F:BCHUSDC.P,SP,1,,0,BCHUSDC.P.BGP
U32F:BCHUSDT.P,SP,1,,0,BCHUSDT.P.BGP
U32F:BEAMUSDT.P,SP,1,,0,BEAMUSDT.P.BGP
U32F:BEATUSDT.P,SP,1,,0,BEATUSDT.P.BGP
U32F:BELUSDT.P,SP,1,,0,BELUSDT.P.BGP
U32F:BERAUSDC.P,SP,1,,0,BERAUSDC.P.BGP
U32F:BERAUSDT.P,SP,1,,0,BERAUSDT.P.BGP
U32F:BGBUSDT.P,SP,1,,0,BGBUSDT.P.BGP
U32F:BGSCUSDT.P,SP,1,,0,BGSCUSDT.P.BGP
U32F:BICOUSDT.P,SP,1,,0,BICOUSDT.P.BGP
U32F:BIGTIMEUSDT.P,SP,1,,0,BIGTIMEUSDT.P.BGP
U32F:BIOUSDC.P,SP,1,,0,BIOUSDC.P.BGP
U32F:BIOUSDT.P,SP,1,,0,BIOUSDT.P.BGP
U32F:BIRBUSDT.P,SP,1,,0,BIRBUSDT.P.BGP
U32F:BLASTUSDT.P,SP,1,,0,BLASTUSDT.P.BGP
U32F:BLESSUSDT.P,SP,1,,0,BLESSUSDT.P.BGP
U32F:BLURUSDT.P,SP,1,,0,BLURUSDT.P.BGP
U32F:BMTUSDT.P,SP,1,,0,BMTUSDT.P.BGP
U32F:BNBUSDC.P,SP,1,,0,BNBUSDC.P.BGP
U32F:BNBUSDT.P,SP,1,,0,BNBUSDT.P.BGP
U32F:BNTUSDT.P,SP,1,,0,BNTUSDT.P.BGP
U32F:BOBUSDT.P,SP,1,,0,BOBUSDT.P.BGP
U32F:BOMEUSDC.P,SP,1,,0,BOMEUSDC.P.BGP
U32F:BOMEUSDT.P,SP,1,,0,BOMEUSDT.P.BGP
U32F:BRETTUSDT.P,SP,1,,0,BRETTUSDT.P.BGP
U32F:BREVUSDT.P,SP,1,,0,BREVUSDT.P.BGP
U32F:BROCCOLIUSDT.P,SP,1,,0,BROCCOLIUSDT.P.BGP
U32F:BRUSDT.P,SP,1,,0,BRUSDT.P.BGP
U32F:BSUUSDT.P,SP,1,,0,BSUUSDT.P.BGP
U32F:BSVUSDT.P,SP,1,,0,BSVUSDT.P.BGP
U32F:BTCUSD.260327,FP,1,,0,BTCUSD.260327.BGF
U32F:BTCUSD.260626,FP,1,,0,BTCUSD.260626.BGF
U32F:BTCUSD.P,SP,1,,0,BTCUSD.P.BGP
U32F:BTCUSDC.P,SP,1,,0,BTCUSDC.P.BGP
U32F:BTCUSDT.P,SP,1,,0,BTCUSDT.P.BGP
U32F:BUSDT.P,SP,1,,0,BUSDT.P.BGP
U32F:C98USDT.P,SP,1,,0,C98USDT.P.BGP
U32F:CAKEUSDT.P,SP,1,,0,CAKEUSDT.P.BGP
U32F:CAMPUSDT.P,SP,1,,0,CAMPUSDT.P.BGP
U32F:CARVUSDT.P,SP,1,,0,CARVUSDT.P.BGP
U32F:CATIUSDT.P,SP,1,,0,CATIUSDT.P.BGP
U32F:CELOUSDT.P,SP,1,,0,CELOUSDT.P.BGP
U32F:CELRUSDT.P,SP,1,,0,CELRUSDT.P.BGP
U32F:CETUSUSDT.P,SP,1,,0,CETUSUSDT.P.BGP
U32F:CFGUSDT.P,SP,1,,0,CFGUSDT.P.BGP
U32F:CFXUSDT.P,SP,1,,0,CFXUSDT.P.BGP
U32F:CGPTUSDT.P,SP,1,,0,CGPTUSDT.P.BGP
U32F:CHILLGUYUSDT.P,SP,1,,0,CHILLGUYUSDT.P.BGP
U32F:CHRUSDT.P,SP,1,,0,CHRUSDT.P.BGP
U32F:CHZUSDT.P,SP,1,,0,CHZUSDT.P.BGP
U32F:CKBUSDT.P,SP,1,,0,CKBUSDT.P.BGP
U32F:CLANKERUSDT.P,SP,1,,0,CLANKERUSDT.P.BGP
U32F:CLOUSDT.P,SP,1,,0,CLOUSDT.P.BGP
U32F:COAIUSDT.P,SP,1,,0,COAIUSDT.P.BGP
U32F:COMPUSDT.P,SP,1,,0,COMPUSDT.P.BGP
U32F:COOKIEUSDT.P,SP,1,,0,COOKIEUSDT.P.BGP
U32F:COREUSDT.P,SP,1,,0,COREUSDT.P.BGP
U32F:COSTUSDT.P,SP,1,,0,COSTUSDT.P.BGP
U32F:COTIUSDT.P,SP,1,,0,COTIUSDT.P.BGP
U32F:COWUSDT.P,SP,1,,0,COWUSDT.P.BGP
U32F:CROSSUSDT.P,SP,1,,0,CROSSUSDT.P.BGP
U32F:CROUSDT.P,SP,1,,0,CROUSDT.P.BGP
U32F:CRVUSDC.P,SP,1,,0,CRVUSDC.P.BGP
U32F:CRVUSDT.P,SP,1,,0,CRVUSDT.P.BGP
U32F:CTCUSDT.P,SP,1,,0,CTCUSDT.P.BGP
U32F:CTKUSDT.P,SP,1,,0,CTKUSDT.P.BGP
U32F:CTSIUSDT.P,SP,1,,0,CTSIUSDT.P.BGP
U32F:CUSDT.P,SP,1,,0,CUSDT.P.BGP
U32F:CVCUSDT.P,SP,1,,0,CVCUSDT.P.BGP
U32F:CVXUSDT.P,SP,1,,0,CVXUSDT.P.BGP
U32F:CYBERUSDT.P,SP,1,,0,CYBERUSDT.P.BGP
U32F:CYSUSDT.P,SP,1,,0,CYSUSDT.P.BGP
U32F:DASHUSDT.P,SP,1,,0,DASHUSDT.P.BGP
U32F:DEEPUSDT.P,SP,1,,0,DEEPUSDT.P.BGP
U32F:DEGENUSDT.P,SP,1,,0,DEGENUSDT.P.BGP
U32F:DENTUSDT.P,SP,1,,0,DENTUSDT.P.BGP
U32F:DEXEUSDT.P,SP,1,,0,DEXEUSDT.P.BGP
U32F:DFUSDT.P,SP,1,,0,DFUSDT.P.BGP
U32F:DIAUSDT.P,SP,1,,0,DIAUSDT.P.BGP
U32F:DOGEUSD.P,SP,1,,0,DOGEUSD.P.BGP
U32F:DOGEUSDC.P,SP,1,,0,DOGEUSDC.P.BGP
U32F:DOGEUSDT.P,SP,1,,0,DOGEUSDT.P.BGP
U32F:DOGSUSDT.P,SP,1,,0,DOGSUSDT.P.BGP
U32F:DOLOUSDT.P,SP,1,,0,DOLOUSDT.P.BGP
U32F:DOODUSDT.P,SP,1,,0,DOODUSDT.P.BGP
U32F:DOTUSD.P,SP,1,,0,DOTUSD.P.BGP
U32F:DOTUSDC.P,SP,1,,0,DOTUSDC.P.BGP
U32F:DOTUSDT.P,SP,1,,0,DOTUSDT.P.BGP
U32F:DRIFTUSDT.P,SP,1,,0,DRIFTUSDT.P.BGP
U32F:DYDXUSDT.P,SP,1,,0,DYDXUSDT.P.BGP
U32F:DYMUSDT.P,SP,1,,0,DYMUSDT.P.BGP
U32F:EDENUSDT.P,SP,1,,0,EDENUSDT.P.BGP
U32F:EGLDUSDT.P,SP,1,,0,EGLDUSDT.P.BGP
U32F:EIGENUSDC.P,SP,1,,0,EIGENUSDC.P.BGP
U32F:EIGENUSDT.P,SP,1,,0,EIGENUSDT.P.BGP
U32F:ELSAUSDT.P,SP,1,,0,ELSAUSDT.P.BGP
U32F:ENAUSDC.P,SP,1,,0,ENAUSDC.P.BGP
U32F:ENAUSDT.P,SP,1,,0,ENAUSDT.P.BGP
U32F:ENJUSDT.P,SP,1,,0,ENJUSDT.P.BGP
U32F:ENSOUSDT.P,SP,1,,0,ENSOUSDT.P.BGP
U32F:ENSUSDC.P,SP,1,,0,ENSUSDC.P.BGP
U32F:ENSUSDT.P,SP,1,,0,ENSUSDT.P.BGP
U32F:EPICUSDT.P,SP,1,,0,EPICUSDT.P.BGP
U32F:ERAUSDT.P,SP,1,,0,ERAUSDT.P.BGP
U32F:ESPORTSUSDT.P,SP,1,,0,ESPORTSUSDT.P.BGP
U32F:ESPUSDT.P,SP,1,,0,ESPUSDT.P.BGP
U32F:ETCUSD.P,SP,1,,0,ETCUSD.P.BGP
U32F:ETCUSDC.P,SP,1,,0,ETCUSDC.P.BGP
U32F:ETCUSDT.P,SP,1,,0,ETCUSDT.P.BGP
U32F:ETHFIUSDC.P,SP,1,,0,ETHFIUSDC.P.BGP
U32F:ETHFIUSDT.P,SP,1,,0,ETHFIUSDT.P.BGP
U32F:ETHUSD.260327,FP,1,,0,ETHUSD.260327.BGF
U32F:ETHUSD.260626,FP,1,,0,ETHUSD.260626.BGF
U32F:ETHUSD.P,SP,1,,0,ETHUSD.P.BGP
U32F:ETHUSDC.P,SP,1,,0,ETHUSDC.P.BGP
U32F:ETHUSDT.P,SP,1,,0,ETHUSDT.P.BGP
U32F:ETHWUSDT.P,SP,1,,0,ETHWUSDT.P.BGP
U32F:EULUSDT.P,SP,1,,0,EULUSDT.P.BGP
U32F:FARTCOINUSDC.P,SP,1,,0,FARTCOINUSDC.P.BGP
U32F:FARTCOINUSDT.P,SP,1,,0,FARTCOINUSDT.P.BGP
U32F:FETUSDT.P,SP,1,,0,FETUSDT.P.BGP
U32F:FFUSDT.P,SP,1,,0,FFUSDT.P.BGP
U32F:FIDAUSDT.P,SP,1,,0,FIDAUSDT.P.BGP
U32F:FIGHTUSDT.P,SP,1,,0,FIGHTUSDT.P.BGP
U32F:FILUSD.P,SP,1,,0,FILUSD.P.BGP
U32F:FILUSDC.P,SP,1,,0,FILUSDC.P.BGP
U32F:FILUSDT.P,SP,1,,0,FILUSDT.P.BGP
U32F:FLOCKUSDT.P,SP,1,,0,FLOCKUSDT.P.BGP
U32F:FLOKIUSDT.P,SP,1,,0,FLOKIUSDT.P.BGP
U32F:FLOWUSDT.P,SP,1,,0,FLOWUSDT.P.BGP
U32F:FLUIDUSDT.P,SP,1,,0,FLUIDUSDT.P.BGP
U32F:FLUXUSDT.P,SP,1,,0,FLUXUSDT.P.BGP
U32F:FOGOUSDT.P,SP,1,,0,FOGOUSDT.P.BGP
U32F:FOLKSUSDT.P,SP,1,,0,FOLKSUSDT.P.BGP
U32F:FORMUSDT.P,SP,1,,0,FORMUSDT.P.BGP
U32F:FORTHUSDT.P,SP,1,,0,FORTHUSDT.P.BGP
U32F:FRAXUSDT.P,SP,1,,0,FRAXUSDT.P.BGP
U32F:FUNTOKENUSDT.P,SP,1,,0,FUNTOKENUSDT.P.BGP
U32F:FUNUSDT.P,SP,1,,0,FUNUSDT.P.BGP
U32F:FUSDT.P,SP,1,,0,FUSDT.P.BGP
U32F:GALAUSDC.P,SP,1,,0,GALAUSDC.P.BGP
U32F:GALAUSDT.P,SP,1,,0,GALAUSDT.P.BGP
U32F:GASUSDT.P,SP,1,,0,GASUSDT.P.BGP
U32F:GIGAUSDT.P,SP,1,,0,GIGAUSDT.P.BGP
U32F:GIGGLEUSDT.P,SP,1,,0,GIGGLEUSDT.P.BGP
U32F:GLMUSDT.P,SP,1,,0,GLMUSDT.P.BGP
U32F:GMTUSDT.P,SP,1,,0,GMTUSDT.P.BGP
U32F:GMXUSDT.P,SP,1,,0,GMXUSDT.P.BGP
U32F:GNOUSDT.P,SP,1,,0,GNOUSDT.P.BGP
U32F:GOATUSDT.P,SP,1,,0,GOATUSDT.P.BGP
U32F:GPSUSDT.P,SP,1,,0,GPSUSDT.P.BGP
U32F:GRASSUSDT.P,SP,1,,0,GRASSUSDT.P.BGP
U32F:GRIFFAINUSDT.P,SP,1,,0,GRIFFAINUSDT.P.BGP
U32F:GRTUSDT.P,SP,1,,0,GRTUSDT.P.BGP
U32F:GTCUSDT.P,SP,1,,0,GTCUSDT.P.BGP
U32F:GUNUSDT.P,SP,1,,0,GUNUSDT.P.BGP
U32F:GUSDT.P,SP,1,,0,GUSDT.P.BGP
U32F:GWEIUSDT.P,SP,1,,0,GWEIUSDT.P.BGP
U32F:HAEDALUSDT.P,SP,1,,0,HAEDALUSDT.P.BGP
U32F:HBARUSDC.P,SP,1,,0,HBARUSDC.P.BGP
U32F:HBARUSDT.P,SP,1,,0,HBARUSDT.P.BGP
U32F:HEIUSDT.P,SP,1,,0,HEIUSDT.P.BGP
U32F:HFTUSDT.P,SP,1,,0,HFTUSDT.P.BGP
U32F:HIPPOUSDT.P,SP,1,,0,HIPPOUSDT.P.BGP
U32F:HIVEUSDT.P,SP,1,,0,HIVEUSDT.P.BGP
U32F:HMSTRUSDT.P,SP,1,,0,HMSTRUSDT.P.BGP
U32F:HNTUSDT.P,SP,1,,0,HNTUSDT.P.BGP
U32F:HOLOUSDT.P,SP,1,,0,HOLOUSDT.P.BGP
U32F:HOMEUSDT.P,SP,1,,0,HOMEUSDT.P.BGP
U32F:HOTUSDT.P,SP,1,,0,HOTUSDT.P.BGP
U32F:HUMAUSDT.P,SP,1,,0,HUMAUSDT.P.BGP
U32F:HUSDT.P,SP,1,,0,HUSDT.P.BGP
U32F:HYPERUSDT.P,SP,1,,0,HYPERUSDT.P.BGP
U32F:HYPEUSDT.P,SP,1,,0,HYPEUSDT.P.BGP
U32F:ICNTUSDT.P,SP,1,,0,ICNTUSDT.P.BGP
U32F:ICPUSDT.P,SP,1,,0,ICPUSDT.P.BGP
U32F:ICXUSDT.P,SP,1,,0,ICXUSDT.P.BGP
U32F:IDOLUSDT.P,SP,1,,0,IDOLUSDT.P.BGP
U32F:IDUSDT.P,SP,1,,0,IDUSDT.P.BGP
U32F:ILVUSDT.P,SP,1,,0,ILVUSDT.P.BGP
U32F:IMXUSDT.P,SP,1,,0,IMXUSDT.P.BGP
U32F:INITUSDT.P,SP,1,,0,INITUSDT.P.BGP
U32F:INJUSDT.P,SP,1,,0,INJUSDT.P.BGP
U32F:INUSDT.P,SP,1,,0,INUSDT.P.BGP
U32F:INXUSDT.P,SP,1,,0,INXUSDT.P.BGP
U32F:IOSTUSDT.P,SP,1,,0,IOSTUSDT.P.BGP
U32F:IOTAUSDT.P,SP,1,,0,IOTAUSDT.P.BGP
U32F:IOTXUSDT.P,SP,1,,0,IOTXUSDT.P.BGP
U32F:IOUSDT.P,SP,1,,0,IOUSDT.P.BGP
U32F:IPUSDC.P,SP,1,,0,IPUSDC.P.BGP
U32F:IPUSDT.P,SP,1,,0,IPUSDT.P.BGP
U32F:IRUSDT.P,SP,1,,0,IRUSDT.P.BGP
U32F:IRYSUSDT.P,SP,1,,0,IRYSUSDT.P.BGP
U32F:JASMYUSDT.P,SP,1,,0,JASMYUSDT.P.BGP
U32F:JCTUSDT.P,SP,1,,0,JCTUSDT.P.BGP
U32F:JOEUSDT.P,SP,1,,0,JOEUSDT.P.BGP
U32F:JSTUSDT.P,SP,1,,0,JSTUSDT.P.BGP
U32F:JTOUSDT.P,SP,1,,0,JTOUSDT.P.BGP
U32F:JUPUSDT.P,SP,1,,0,JUPUSDT.P.BGP
U32F:KAIAUSDT.P,SP,1,,0,KAIAUSDT.P.BGP
U32F:KAITOUSDC.P,SP,1,,0,KAITOUSDC.P.BGP
U32F:KAITOUSDT.P,SP,1,,0,KAITOUSDT.P.BGP
U32F:KASUSDT.P,SP,1,,0,KASUSDT.P.BGP
U32F:KAVAUSDT.P,SP,1,,0,KAVAUSDT.P.BGP
U32F:KERNELUSDT.P,SP,1,,0,KERNELUSDT.P.BGP
U32F:KGENUSDT.P,SP,1,,0,KGENUSDT.P.BGP
U32F:KITEUSDT.P,SP,1,,0,KITEUSDT.P.BGP
U32F:KMNOUSDT.P,SP,1,,0,KMNOUSDT.P.BGP
U32F:KNCUSDT.P,SP,1,,0,KNCUSDT.P.BGP
U32F:KSMUSDT.P,SP,1,,0,KSMUSDT.P.BGP
U32F:LABUSDT.P,SP,1,,0,LABUSDT.P.BGP
U32F:LAUSDT.P,SP,1,,0,LAUSDT.P.BGP
U32F:LAYERUSDT.P,SP,1,,0,LAYERUSDT.P.BGP
U32F:LDOUSDT.P,SP,1,,0,LDOUSDT.P.BGP
U32F:LIGHTUSDT.P,SP,1,,0,LIGHTUSDT.P.BGP
U32F:LINEAUSDT.P,SP,1,,0,LINEAUSDT.P.BGP
U32F:LINKUSD.P,SP,1,,0,LINKUSD.P.BGP
U32F:LINKUSDC.P,SP,1,,0,LINKUSDC.P.BGP
U32F:LINKUSDT.P,SP,1,,0,LINKUSDT.P.BGP
U32F:LISTAUSDT.P,SP,1,,0,LISTAUSDT.P.BGP
U32F:LITUSDT.P,SP,1,,0,LITUSDT.P.BGP
U32F:LPTUSDT.P,SP,1,,0,LPTUSDT.P.BGP
U32F:LQTYUSDT.P,SP,1,,0,LQTYUSDT.P.BGP
U32F:LRCUSDT.P,SP,1,,0,LRCUSDT.P.BGP
U32F:LSKUSDT.P,SP,1,,0,LSKUSDT.P.BGP
U32F:LTCUSD.P,SP,1,,0,LTCUSD.P.BGP
U32F:LTCUSDC.P,SP,1,,0,LTCUSDC.P.BGP
U32F:LTCUSDT.P,SP,1,,0,LTCUSDT.P.BGP
U32F:LUMIAUSDT.P,SP,1,,0,LUMIAUSDT.P.BGP
U32F:LUNAUSDT.P,SP,1,,0,LUNAUSDT.P.BGP
U32F:LUNCUSDT.P,SP,1,,0,LUNCUSDT.P.BGP
U32F:LYNUSDT.P,SP,1,,0,LYNUSDT.P.BGP
U32F:MAGICUSDT.P,SP,1,,0,MAGICUSDT.P.BGP
U32F:MAGMAUSDT.P,SP,1,,0,MAGMAUSDT.P.BGP
U32F:MANAUSDT.P,SP,1,,0,MANAUSDT.P.BGP
U32F:MANTAUSDT.P,SP,1,,0,MANTAUSDT.P.BGP
U32F:MANTRAUSDT.P,SP,1,,0,MANTRAUSDT.P.BGP
U32F:MASKUSDT.P,SP,1,,0,MASKUSDT.P.BGP
U32F:MAVUSDT.P,SP,1,,0,MAVUSDT.P.BGP
U32F:MBOXUSDT.P,SP,1,,0,MBOXUSDT.P.BGP
U32F:MEGAUSDT.P,SP,1,,0,MEGAUSDT.P.BGP
U32F:MELANIAUSDT.P,SP,1,,0,MELANIAUSDT.P.BGP
U32F:MEMEUSDT.P,SP,1,,0,MEMEUSDT.P.BGP
U32F:MERLUSDT.P,SP,1,,0,MERLUSDT.P.BGP
U32F:METISUSDT.P,SP,1,,0,METISUSDT.P.BGP
U32F:METUSDT.P,SP,1,,0,METUSDT.P.BGP
U32F:MEUSDT.P,SP,1,,0,MEUSDT.P.BGP
U32F:MEWUSDT.P,SP,1,,0,MEWUSDT.P.BGP
U32F:MINAUSDT.P,SP,1,,0,MINAUSDT.P.BGP
U32F:MIRAUSDT.P,SP,1,,0,MIRAUSDT.P.BGP
U32F:MITOUSDT.P,SP,1,,0,MITOUSDT.P.BGP
U32F:MLNUSDT.P,SP,1,,0,MLNUSDT.P.BGP
U32F:MMTUSDT.P,SP,1,,0,MMTUSDT.P.BGP
U32F:MOCAUSDT.P,SP,1,,0,MOCAUSDT.P.BGP
U32F:MONUSDT.P,SP,1,,0,MONUSDT.P.BGP
U32F:MOODENGUSDT.P,SP,1,,0,MOODENGUSDT.P.BGP
U32F:MORPHOUSDT.P,SP,1,,0,MORPHOUSDT.P.BGP
U32F:MOVEUSDT.P,SP,1,,0,MOVEUSDT.P.BGP
U32F:MOVRUSDT.P,SP,1,,0,MOVRUSDT.P.BGP
U32F:MTLUSDT.P,SP,1,,0,MTLUSDT.P.BGP
U32F:MUBARAKUSDT.P,SP,1,,0,MUBARAKUSDT.P.BGP
U32F:MUSDT.P,SP,1,,0,MUSDT.P.BGP
U32F:MYXUSDT.P,SP,1,,0,MYXUSDT.P.BGP
U32F:NAORISUSDT.P,SP,1,,0,NAORISUSDT.P.BGP
U32F:NEARUSD.P,SP,1,,0,NEARUSD.P.BGP
U32F:NEARUSDC.P,SP,1,,0,NEARUSDC.P.BGP
U32F:NEARUSDT.P,SP,1,,0,NEARUSDT.P.BGP
U32F:NEIROCTOUSDT.P,SP,1,,0,NEIROCTOUSDT.P.BGP
U32F:NEOUSDC.P,SP,1,,0,NEOUSDC.P.BGP
U32F:NEOUSDT.P,SP,1,,0,NEOUSDT.P.BGP
U32F:NEWTUSDT.P,SP,1,,0,NEWTUSDT.P.BGP
U32F:NFPUSDT.P,SP,1,,0,NFPUSDT.P.BGP
U32F:NIGHTUSDT.P,SP,1,,0,NIGHTUSDT.P.BGP
U32F:NILUSDT.P,SP,1,,0,NILUSDT.P.BGP
U32F:NMRUSDT.P,SP,1,,0,NMRUSDT.P.BGP
U32F:NOMUSDT.P,SP,1,,0,NOMUSDT.P.BGP
U32F:NOTUSDT.P,SP,1,,0,NOTUSDT.P.BGP
U32F:NTRNUSDT.P,SP,1,,0,NTRNUSDT.P.BGP
U32F:NXPCUSDT.P,SP,1,,0,NXPCUSDT.P.BGP
U32F:OGNUSDT.P,SP,1,,0,OGNUSDT.P.BGP
U32F:OGUSDT.P,SP,1,,0,OGUSDT.P.BGP
U32F:OLUSDT.P,SP,1,,0,OLUSDT.P.BGP
U32F:OMUSDT.P,SP,1,,0,OMUSDT.P.BGP
U32F:ONDOUSDC.P,SP,1,,0,ONDOUSDC.P.BGP
U32F:ONDOUSDT.P,SP,1,,0,ONDOUSDT.P.BGP
U32F:ONEUSDT.P,SP,1,,0,ONEUSDT.P.BGP
U32F:ONGUSDT.P,SP,1,,0,ONGUSDT.P.BGP
U32F:ONTUSDT.P,SP,1,,0,ONTUSDT.P.BGP
U32F:OPENUSDT.P,SP,1,,0,OPENUSDT.P.BGP
U32F:OPNUSDT.P,SP,1,,0,OPNUSDT.P.BGP
U32F:OPUSD.P,SP,1,,0,OPUSD.P.BGP
U32F:OPUSDC.P,SP,1,,0,OPUSDC.P.BGP
U32F:OPUSDT.P,SP,1,,0,OPUSDT.P.BGP
U32F:ORCAUSDT.P,SP,1,,0,ORCAUSDT.P.BGP
U32F:ORDERUSDT.P,SP,1,,0,ORDERUSDT.P.BGP
U32F:ORDIUSDC.P,SP,1,,0,ORDIUSDC.P.BGP
U32F:ORDIUSDT.P,SP,1,,0,ORDIUSDT.P.BGP
U32F:OXTUSDT.P,SP,1,,0,OXTUSDT.P.BGP
U32F:PARTIUSDT.P,SP,1,,0,PARTIUSDT.P.BGP
U32F:PAXGUSDT.P,SP,1,,0,PAXGUSDT.P.BGP
U32F:PEAQUSDT.P,SP,1,,0,PEAQUSDT.P.BGP
U32F:PENDLEUSDT.P,SP,1,,0,PENDLEUSDT.P.BGP
U32F:PENGUUSDC.P,SP,1,,0,PENGUUSDC.P.BGP
U32F:PENGUUSDT.P,SP,1,,0,PENGUUSDT.P.BGP
U32F:PEOPLEUSDT.P,SP,1,,0,PEOPLEUSDT.P.BGP
U32F:PEPEUSDC.P,SP,1,,0,PEPEUSDC.P.BGP
U32F:PEPEUSDT.P,SP,1,,0,PEPEUSDT.P.BGP
U32F:PHAUSDT.P,SP,1,,0,PHAUSDT.P.BGP
U32F:PHBUSDT.P,SP,1,,0,PHBUSDT.P.BGP
U32F:PIEVERSEUSDT.P,SP,1,,0,PIEVERSEUSDT.P.BGP
U32F:PIPPINUSDT.P,SP,1,,0,PIPPINUSDT.P.BGP
U32F:PIUSDC.P,SP,1,,0,PIUSDC.P.BGP
U32F:PIUSDT.P,SP,1,,0,PIUSDT.P.BGP
U32F:PIXELUSDT.P,SP,1,,0,PIXELUSDT.P.BGP
U32F:PLUMEUSDT.P,SP,1,,0,PLUMEUSDT.P.BGP
U32F:PNUTUSDC.P,SP,1,,0,PNUTUSDC.P.BGP
U32F:PNUTUSDT.P,SP,1,,0,PNUTUSDT.P.BGP
U32F:POLUSDC.P,SP,1,,0,POLUSDC.P.BGP
U32F:POLUSDT.P,SP,1,,0,POLUSDT.P.BGP
U32F:POLYXUSDT.P,SP,1,,0,POLYXUSDT.P.BGP
U32F:POPCATUSDC.P,SP,1,,0,POPCATUSDC.P.BGP
U32F:POPCATUSDT.P,SP,1,,0,POPCATUSDT.P.BGP
U32F:PORTALUSDT.P,SP,1,,0,PORTALUSDT.P.BGP
U32F:POWERUSDT.P,SP,1,,0,POWERUSDT.P.BGP
U32F:POWRUSDT.P,SP,1,,0,POWRUSDT.P.BGP
U32F:PROMUSDT.P,SP,1,,0,PROMUSDT.P.BGP
U32F:PROVEUSDT.P,SP,1,,0,PROVEUSDT.P.BGP
U32F:PUFFERUSDT.P,SP,1,,0,PUFFERUSDT.P.BGP
U32F:PUMPUSDT.P,SP,1,,0,PUMPUSDT.P.BGP
U32F:PUNDIXUSDT.P,SP,1,,0,PUNDIXUSDT.P.BGP
U32F:PYRUSDT.P,SP,1,,0,PYRUSDT.P.BGP
U32F:PYTHUSDT.P,SP,1,,0,PYTHUSDT.P.BGP
U32F:QNTUSDT.P,SP,1,,0,QNTUSDT.P.BGP
U32F:QTUMUSDT.P,SP,1,,0,QTUMUSDT.P.BGP
U32F:QUSDT.P,SP,1,,0,QUSDT.P.BGP
U32F:RAREUSDT.P,SP,1,,0,RAREUSDT.P.BGP
U32F:RAVEUSDT.P,SP,1,,0,RAVEUSDT.P.BGP
U32F:RAYUSDT.P,SP,1,,0,RAYUSDT.P.BGP
U32F:RDNTUSDT.P,SP,1,,0,RDNTUSDT.P.BGP
U32F:RECALLUSDT.P,SP,1,,0,RECALLUSDT.P.BGP
U32F:REDUSDT.P,SP,1,,0,REDUSDT.P.BGP
U32F:RENDERUSDT.P,SP,1,,0,RENDERUSDT.P.BGP
U32F:RESOLVUSDT.P,SP,1,,0,RESOLVUSDT.P.BGP
U32F:REZUSDT.P,SP,1,,0,REZUSDT.P.BGP
U32F:RIVERUSDT.P,SP,1,,0,RIVERUSDT.P.BGP
U32F:RLSUSDT.P,SP,1,,0,RLSUSDT.P.BGP
U32F:ROBOUSDT.P,SP,1,,0,ROBOUSDT.P.BGP
U32F:RONUSDT.P,SP,1,,0,RONUSDT.P.BGP
U32F:ROSEUSDT.P,SP,1,,0,ROSEUSDT.P.BGP
U32F:RPLUSDT.P,SP,1,,0,RPLUSDT.P.BGP
U32F:RSRUSDT.P,SP,1,,0,RSRUSDT.P.BGP
U32F:RUNEUSDT.P,SP,1,,0,RUNEUSDT.P.BGP
U32F:RVNUSDT.P,SP,1,,0,RVNUSDT.P.BGP
U32F:SAFEUSDT.P,SP,1,,0,SAFEUSDT.P.BGP
U32F:SAGAUSDT.P,SP,1,,0,SAGAUSDT.P.BGP
U32F:SAHARAUSDT.P,SP,1,,0,SAHARAUSDT.P.BGP
U32F:SANDUSDT.P,SP,1,,0,SANDUSDT.P.BGP
U32F:SANTOSUSDT.P,SP,1,,0,SANTOSUSDT.P.BGP
U32F:SAPIENUSDT.P,SP,1,,0,SAPIENUSDT.P.BGP
U32F:SCRTUSDT.P,SP,1,,0,SCRTUSDT.P.BGP
U32F:SCRUSDT.P,SP,1,,0,SCRUSDT.P.BGP
U32F:SEIUSDT.P,SP,1,,0,SEIUSDT.P.BGP
U32F:SENTUSDT.P,SP,1,,0,SENTUSDT.P.BGP
U32F:SFPUSDT.P,SP,1,,0,SFPUSDT.P.BGP
U32F:SHELLUSDT.P,SP,1,,0,SHELLUSDT.P.BGP
U32F:SHIBUSDC.P,SP,1,,0,SHIBUSDC.P.BGP
U32F:SHIBUSDT.P,SP,1,,0,SHIBUSDT.P.BGP
U32F:SIGNUSDT.P,SP,1,,0,SIGNUSDT.P.BGP
U32F:SIRENUSDT.P,SP,1,,0,SIRENUSDT.P.BGP
U32F:SKLUSDT.P,SP,1,,0,SKLUSDT.P.BGP
U32F:SKRUSDT.P,SP,1,,0,SKRUSDT.P.BGP
U32F:SKYAIUSDT.P,SP,1,,0,SKYAIUSDT.P.BGP
U32F:SKYUSDT.P,SP,1,,0,SKYUSDT.P.BGP
U32F:SLPUSDT.P,SP,1,,0,SLPUSDT.P.BGP
U32F:SNTUSDT.P,SP,1,,0,SNTUSDT.P.BGP
U32F:SNXUSDT.P,SP,1,,0,SNXUSDT.P.BGP
U32F:SOLUSD.P,SP,1,,0,SOLUSD.P.BGP
U32F:SOLUSDC.P,SP,1,,0,SOLUSDC.P.BGP
U32F:SOLUSDT.P,SP,1,,0,SOLUSDT.P.BGP
U32F:SOLVUSDT.P,SP,1,,0,SOLVUSDT.P.BGP
U32F:SOMIUSDT.P,SP,1,,0,SOMIUSDT.P.BGP
U32F:SONICUSDT.P,SP,1,,0,SONICUSDT.P.BGP
U32F:SOONUSDT.P,SP,1,,0,SOONUSDT.P.BGP
U32F:SOPHUSDT.P,SP,1,,0,SOPHUSDT.P.BGP
U32F:SPACEUSDT.P,SP,1,,0,SPACEUSDT.P.BGP
U32F:SPELLUSDT.P,SP,1,,0,SPELLUSDT.P.BGP
U32F:SPKUSDT.P,SP,1,,0,SPKUSDT.P.BGP
U32F:SPXUSDT.P,SP,1,,0,SPXUSDT.P.BGP
U32F:SQDUSDT.P,SP,1,,0,SQDUSDT.P.BGP
U32F:SSVUSDT.P,SP,1,,0,SSVUSDT.P.BGP
U32F:STABLEUSDT.P,SP,1,,0,STABLEUSDT.P.BGP
U32F:STBLUSDT.P,SP,1,,0,STBLUSDT.P.BGP
U32F:STEEMUSDT.P,SP,1,,0,STEEMUSDT.P.BGP
U32F:STGUSDT.P,SP,1,,0,STGUSDT.P.BGP
U32F:STORJUSDT.P,SP,1,,0,STORJUSDT.P.BGP
U32F:STOUSDT.P,SP,1,,0,STOUSDT.P.BGP
U32F:STRKUSDC.P,SP,1,,0,STRKUSDC.P.BGP
U32F:STRKUSDT.P,SP,1,,0,STRKUSDT.P.BGP
U32F:STXUSDC.P,SP,1,,0,STXUSDC.P.BGP
U32F:STXUSDT.P,SP,1,,0,STXUSDT.P.BGP
U32F:SUIUSD.P,SP,1,,0,SUIUSD.P.BGP
U32F:SUIUSDC.P,SP,1,,0,SUIUSDC.P.BGP
U32F:SUIUSDT.P,SP,1,,0,SUIUSDT.P.BGP
U32F:SUNUSDT.P,SP,1,,0,SUNUSDT.P.BGP
U32F:SUPERUSDT.P,SP,1,,0,SUPERUSDT.P.BGP
U32F:SUSDT.P,SP,1,,0,SUSDT.P.BGP
U32F:SUSHIUSDT.P,SP,1,,0,SUSHIUSDT.P.BGP
U32F:SXTUSDT.P,SP,1,,0,SXTUSDT.P.BGP
U32F:SYNUSDT.P,SP,1,,0,SYNUSDT.P.BGP
U32F:SYRUPUSDT.P,SP,1,,0,SYRUPUSDT.P.BGP
U32F:SYSUSDT.P,SP,1,,0,SYSUSDT.P.BGP
U32F:TACUSDT.P,SP,1,,0,TACUSDT.P.BGP
U32F:TAGUSDT.P,SP,1,,0,TAGUSDT.P.BGP
U32F:TAIKOUSDT.P,SP,1,,0,TAIKOUSDT.P.BGP
U32F:TAIUSDT.P,SP,1,,0,TAIUSDT.P.BGP
U32F:TAKEUSDT.P,SP,1,,0,TAKEUSDT.P.BGP
U32F:TAOUSDT.P,SP,1,,0,TAOUSDT.P.BGP
U32F:THETAUSDT.P,SP,1,,0,THETAUSDT.P.BGP
U32F:THEUSDT.P,SP,1,,0,THEUSDT.P.BGP
U32F:TIAUSDC.P,SP,1,,0,TIAUSDC.P.BGP
U32F:TIAUSDT.P,SP,1,,0,TIAUSDT.P.BGP
U32F:TLMUSDT.P,SP,1,,0,TLMUSDT.P.BGP
U32F:TNSRUSDT.P,SP,1,,0,TNSRUSDT.P.BGP
U32F:TONUSDC.P,SP,1,,0,TONUSDC.P.BGP
U32F:TONUSDT.P,SP,1,,0,TONUSDT.P.BGP
U32F:TOSHIUSDT.P,SP,1,,0,TOSHIUSDT.P.BGP
U32F:TOWNSUSDT.P,SP,1,,0,TOWNSUSDT.P.BGP
U32F:TRBUSDT.P,SP,1,,0,TRBUSDT.P.BGP
U32F:TREEUSDT.P,SP,1,,0,TREEUSDT.P.BGP
U32F:TRIAUSDT.P,SP,1,,0,TRIAUSDT.P.BGP
U32F:TRUMPUSDC.P,SP,1,,0,TRUMPUSDC.P.BGP
U32F:TRUMPUSDT.P,SP,1,,0,TRUMPUSDT.P.BGP
U32F:TRUSTUSDT.P,SP,1,,0,TRUSTUSDT.P.BGP
U32F:TRUUSDT.P,SP,1,,0,TRUUSDT.P.BGP
U32F:TRXUSD.P,SP,1,,0,TRXUSD.P.BGP
U32F:TRXUSDC.P,SP,1,,0,TRXUSDC.P.BGP
U32F:TRXUSDT.P,SP,1,,0,TRXUSDT.P.BGP
U32F:TSTBSCUSDT.P,SP,1,,0,TSTBSCUSDT.P.BGP
U32F:TURBOUSDT.P,SP,1,,0,TURBOUSDT.P.BGP
U32F:TUSDT.P,SP,1,,0,TUSDT.P.BGP
U32F:TUTUSDT.P,SP,1,,0,TUTUSDT.P.BGP
U32F:UAIUSDT.P,SP,1,,0,UAIUSDT.P.BGP
U32F:UBUSDT.P,SP,1,,0,UBUSDT.P.BGP
U32F:UMAUSDT.P,SP,1,,0,UMAUSDT.P.BGP
U32F:UNIUSD.P,SP,1,,0,UNIUSD.P.BGP
U32F:UNIUSDC.P,SP,1,,0,UNIUSDC.P.BGP
U32F:UNIUSDT.P,SP,1,,0,UNIUSDT.P.BGP
U32F:USDCUSDT.P,SP,1,,0,USDCUSDT.P.BGP
U32F:USELESSUSDT.P,SP,1,,0,USELESSUSDT.P.BGP
U32F:USTCUSDT.P,SP,1,,0,USTCUSDT.P.BGP
U32F:USUALUSDT.P,SP,1,,0,USUALUSDT.P.BGP
U32F:USUSDT.P,SP,1,,0,USUSDT.P.BGP
U32F:VANAUSDC.P,SP,1,,0,VANAUSDC.P.BGP
U32F:VANAUSDT.P,SP,1,,0,VANAUSDT.P.BGP
U32F:VANRYUSDT.P,SP,1,,0,VANRYUSDT.P.BGP
U32F:VELODROMEUSDT.P,SP,1,,0,VELODROMEUSDT.P.BGP
U32F:VELOUSDT.P,SP,1,,0,VELOUSDT.P.BGP
U32F:VELVETUSDT.P,SP,1,,0,VELVETUSDT.P.BGP
U32F:VETUSDT.P,SP,1,,0,VETUSDT.P.BGP
U32F:VICUSDT.P,SP,1,,0,VICUSDT.P.BGP
U32F:VINEUSDT.P,SP,1,,0,VINEUSDT.P.BGP
U32F:VIRTUALUSDT.P,SP,1,,0,VIRTUALUSDT.P.BGP
U32F:VTHOUSDT.P,SP,1,,0,VTHOUSDT.P.BGP
U32F:VVVUSDT.P,SP,1,,0,VVVUSDT.P.BGP
U32F:WALUSDT.P,SP,1,,0,WALUSDT.P.BGP
U32F:WAVESUSDT.P,SP,1,,0,WAVESUSDT.P.BGP
U32F:WAXPUSDT.P,SP,1,,0,WAXPUSDT.P.BGP
U32F:WCTUSDT.P,SP,1,,0,WCTUSDT.P.BGP
U32F:WETUSDT.P,SP,1,,0,WETUSDT.P.BGP
U32F:WIFUSD.P,SP,1,,0,WIFUSD.P.BGP
U32F:WIFUSDC.P,SP,1,,0,WIFUSDC.P.BGP
U32F:WIFUSDT.P,SP,1,,0,WIFUSDT.P.BGP
U32F:WLDUSDC.P,SP,1,,0,WLDUSDC.P.BGP
U32F:WLDUSDT.P,SP,1,,0,WLDUSDT.P.BGP
U32F:WLFIUSDC.P,SP,1,,0,WLFIUSDC.P.BGP
U32F:WLFIUSDT.P,SP,1,,0,WLFIUSDT.P.BGP
U32F:WOOUSDT.P,SP,1,,0,WOOUSDT.P.BGP
U32F:WUSDT.P,SP,1,,0,WUSDT.P.BGP
U32F:XAIUSDT.P,SP,1,,0,XAIUSDT.P.BGP
U32F:XANUSDT.P,SP,1,,0,XANUSDT.P.BGP
U32F:XAUTUSDT.P,SP,1,,0,XAUTUSDT.P.BGP
U32F:XDCUSDT.P,SP,1,,0,XDCUSDT.P.BGP
U32F:XLMUSD.P,SP,1,,0,XLMUSD.P.BGP
U32F:XLMUSDC.P,SP,1,,0,XLMUSDC.P.BGP
U32F:XLMUSDT.P,SP,1,,0,XLMUSDT.P.BGP
U32F:XMRUSDT.P,SP,1,,0,XMRUSDT.P.BGP
U32F:XPINUSDT.P,SP,1,,0,XPINUSDT.P.BGP
U32F:XPLUSDT.P,SP,1,,0,XPLUSDT.P.BGP
U32F:XRPUSD.P,SP,1,,0,XRPUSD.P.BGP
U32F:XRPUSDC.P,SP,1,,0,XRPUSDC.P.BGP
U32F:XRPUSDT.P,SP,1,,0,XRPUSDT.P.BGP
U32F:XTZUSDT.P,SP,1,,0,XTZUSDT.P.BGP
U32F:XVGUSDT.P,SP,1,,0,XVGUSDT.P.BGP
U32F:XVSUSDT.P,SP,1,,0,XVSUSDT.P.BGP
U32F:YBUSDT.P,SP,1,,0,YBUSDT.P.BGP
U32F:YGGUSDT.P,SP,1,,0,YGGUSDT.P.BGP
U32F:ZAMAUSDT.P,SP,1,,0,ZAMAUSDT.P.BGP
U32F:ZBCNUSDT.P,SP,1,,0,ZBCNUSDT.P.BGP
U32F:ZBTUSDT.P,SP,1,,0,ZBTUSDT.P.BGP
U32F:ZECUSDT.P,SP,1,,0,ZECUSDT.P.BGP
U32F:ZENUSDT.P,SP,1,,0,ZENUSDT.P.BGP
U32F:ZEREBROUSDT.P,SP,1,,0,ZEREBROUSDT.P.BGP
U32F:ZETAUSDT.P,SP,1,,0,ZETAUSDT.P.BGP
U32F:ZILUSDT.P,SP,1,,0,ZILUSDT.P.BGP
U32F:ZKCUSDT.P,SP,1,,0,ZKCUSDT.P.BGP
U32F:ZKJUSDT.P,SP,1,,0,ZKJUSDT.P.BGP
U32F:ZKPUSDT.P,SP,1,,0,ZKPUSDT.P.BGP
U32F:ZKUSDT.P,SP,1,,0,ZKUSDT.P.BGP
U32F:ZORAUSDT.P,SP,1,,0,ZORAUSDT.P.BGP
U32F:ZROUSDT.P,SP,1,,0,ZROUSDT.P.BGP
U32F:ZRXUSDT.P,SP,1,,0,ZRXUSDT.P.BGP
U32X:0GUSDT,TP,1,,0,0GUSDT.BGS
U32X:10SETUSDT,TP,1,,0,10SETUSDT.BGS
U32X:1INCHUSDT,TP,1,,0,1INCHUSDT.BGS
U32X:2ZUSDT,TP,1,,0,2ZUSDT.BGS
U32X:A2ZUSDT,TP,1,,0,A2ZUSDT.BGS
U32X:A47USDT,TP,1,,0,A47USDT.BGS
U32X:A8USDT,TP,1,,0,A8USDT.BGS
U32X:AAVEBTC,TP,1,,0,AAVEBTC.BGS
U32X:AAVEUSDC,TP,1,,0,AAVEUSDC.BGS
U32X:AAVEUSDT,TP,1,,0,AAVEUSDT.BGS
U32X:ABUSDT,TP,1,,0,ABUSDT.BGS
U32X:ACEUSDT,TP,1,,0,ACEUSDT.BGS
U32X:ACHUSDT,TP,1,,0,ACHUSDT.BGS
U32X:ACMUSDT,TP,1,,0,ACMUSDT.BGS
U32X:ACTUSDT,TP,1,,0,ACTUSDT.BGS
U32X:ACXUSDT,TP,1,,0,ACXUSDT.BGS
U32X:ADAEUR,TP,1,,0,ADAEUR.BGS
U32X:ADAUSDC,TP,1,,0,ADAUSDC.BGS
U32X:ADAUSDT,TP,1,,0,ADAUSDT.BGS
U32X:AERGOUSDT,TP,1,,0,AERGOUSDT.BGS
U32X:AEROUSDT,TP,1,,0,AEROUSDT.BGS
U32X:AEVOUSDT,TP,1,,0,AEVOUSDT.BGS
U32X:AFCUSDT,TP,1,,0,AFCUSDT.BGS
U32X:AGLDUSDT,TP,1,,0,AGLDUSDT.BGS
U32X:AIAUSDT,TP,1,,0,AIAUSDT.BGS
U32X:AIAVUSDT,TP,1,,0,AIAVUSDT.BGS
U32X:AINUSDT,TP,1,,0,AINUSDT.BGS
U32X:AIOUSDT,TP,1,,0,AIOUSDT.BGS
U32X:AITECHUSDT,TP,1,,0,AITECHUSDT.BGS
U32X:AIUSDT,TP,1,,0,AIUSDT.BGS
U32X:AIXBTUSDT,TP,1,,0,AIXBTUSDT.BGS
U32X:ALCHUSDT,TP,1,,0,ALCHUSDT.BGS
U32X:ALGOUSDC,TP,1,,0,ALGOUSDC.BGS
U32X:ALGOUSDT,TP,1,,0,ALGOUSDT.BGS
U32X:ALICEUSDT,TP,1,,0,ALICEUSDT.BGS
U32X:ALLOUSDT,TP,1,,0,ALLOUSDT.BGS
U32X:ALMANAKUSDT,TP,1,,0,ALMANAKUSDT.BGS
U32X:ALPHUSDT,TP,1,,0,ALPHUSDT.BGS
U32X:ALPINEUSDT,TP,1,,0,ALPINEUSDT.BGS
U32X:ALTUSDT,TP,1,,0,ALTUSDT.BGS
U32X:ALUSDT,TP,1,,0,ALUSDT.BGS
U32X:AMPUSDT,TP,1,,0,AMPUSDT.BGS
U32X:ANIMEUSDT,TP,1,,0,ANIMEUSDT.BGS
U32X:ANKRUSDT,TP,1,,0,ANKRUSDT.BGS
U32X:APEUSDT,TP,1,,0,APEUSDT.BGS
U32X:API3USDT,TP,1,,0,API3USDT.BGS
U32X:APRUSDT,TP,1,,0,APRUSDT.BGS
U32X:APTUSDC,TP,1,,0,APTUSDC.BGS
U32X:APTUSDT,TP,1,,0,APTUSDT.BGS
U32X:AQTUSDT,TP,1,,0,AQTUSDT.BGS
U32X:ARBUSDC,TP,1,,0,ARBUSDC.BGS
U32X:ARBUSDT,TP,1,,0,ARBUSDT.BGS
U32X:ARGUSDT,TP,1,,0,ARGUSDT.BGS
U32X:ARIAIPUSDT,TP,1,,0,ARIAIPUSDT.BGS
U32X:ARIAUSDT,TP,1,,0,ARIAUSDT.BGS
U32X:ARKMUSDT,TP,1,,0,ARKMUSDT.BGS
U32X:ARKUSDT,TP,1,,0,ARKUSDT.BGS
U32X:ARPAUSDT,TP,1,,0,ARPAUSDT.BGS
U32X:ARTXUSDT,TP,1,,0,ARTXUSDT.BGS
U32X:ARUSDC,TP,1,,0,ARUSDC.BGS
U32X:ARUSDT,TP,1,,0,ARUSDT.BGS
U32X:ASRUSDT,TP,1,,0,ASRUSDT.BGS
U32X:ASTERUSDT,TP,1,,0,ASTERUSDT.BGS
U32X:ASTRUSDT,TP,1,,0,ASTRUSDT.BGS
U32X:ATHUSDT,TP,1,,0,ATHUSDT.BGS
U32X:ATMUSDT,TP,1,,0,ATMUSDT.BGS
U32X:ATOMUSDT,TP,1,,0,ATOMUSDT.BGS
U32X:AUCTIONUSDT,TP,1,,0,AUCTIONUSDT.BGS
U32X:AUDIOUSDT,TP,1,,0,AUDIOUSDT.BGS
U32X:AUSDT,TP,1,,0,AUSDT.BGS
U32X:AVAILUSDT,TP,1,,0,AVAILUSDT.BGS
U32X:AVAUSDT,TP,1,,0,AVAUSDT.BGS
U32X:AVAXBTC,TP,1,,0,AVAXBTC.BGS
U32X:AVAXEUR,TP,1,,0,AVAXEUR.BGS
U32X:AVAXUSDC,TP,1,,0,AVAXUSDC.BGS
U32X:AVAXUSDT,TP,1,,0,AVAXUSDT.BGS
U32X:AVNTUSDT,TP,1,,0,AVNTUSDT.BGS
U32X:AWEUSDT,TP,1,,0,AWEUSDT.BGS
U32X:AXLUSDT,TP,1,,0,AXLUSDT.BGS
U32X:AXSUSDT,TP,1,,0,AXSUSDT.BGS
U32X:B2USDT,TP,1,,0,B2USDT.BGS
U32X:BABYDOGEUSDT,TP,1,,0,BABYDOGEUSDT.BGS
U32X:BABYUSDT,TP,1,,0,BABYUSDT.BGS
U32X:BALUSDT,TP,1,,0,BALUSDT.BGS
U32X:BANANAS31USDT,TP,1,,0,BANANAS31USDT.BGS
U32X:BANANAUSDT,TP,1,,0,BANANAUSDT.BGS
U32X:BANDUSDT,TP,1,,0,BANDUSDT.BGS
U32X:BANKUSDT,TP,1,,0,BANKUSDT.BGS
U32X:BANUSDT,TP,1,,0,BANUSDT.BGS
U32X:BARDUSDT,TP,1,,0,BARDUSDT.BGS
U32X:BARUSDT,TP,1,,0,BARUSDT.BGS
U32X:BATUSDT,TP,1,,0,BATUSDT.BGS
U32X:BAYUSDT,TP,1,,0,BAYUSDT.BGS
U32X:BBUSDT,TP,1,,0,BBUSDT.BGS
U32X:BCHUSDC,TP,1,,0,BCHUSDC.BGS
U32X:BCHUSDT,TP,1,,0,BCHUSDT.BGS
U32X:BDXNUSDT,TP,1,,0,BDXNUSDT.BGS
U32X:BEAMUSDT,TP,1,,0,BEAMUSDT.BGS
U32X:BERAUSDT,TP,1,,0,BERAUSDT.BGS
U32X:BGBBRL,TP,1,,0,BGBBRL.BGS
U32X:BGBBTC,TP,1,,0,BGBBTC.BGS
U32X:BGBETH,TP,1,,0,BGBETH.BGS
U32X:BGBEUR,TP,1,,0,BGBEUR.BGS
U32X:BGBUSDC,TP,1,,0,BGBUSDC.BGS
U32X:BGBUSDT,TP,1,,0,BGBUSDT.BGS
U32X:BGSCUSDT,TP,1,,0,BGSCUSDT.BGS
U32X:BGSOLUSDT,TP,1,,0,BGSOLUSDT.BGS
U32X:BICOUSDT,TP,1,,0,BICOUSDT.BGS
U32X:BIGTIMEUSDT,TP,1,,0,BIGTIMEUSDT.BGS
U32X:BIOUSDT,TP,1,,0,BIOUSDT.BGS
U32X:BIRBUSDT,TP,1,,0,BIRBUSDT.BGS
U32X:BLASTUSDT,TP,1,,0,BLASTUSDT.BGS
U32X:BLESSUSDT,TP,1,,0,BLESSUSDT.BGS
U32X:BLUEUSDT,TP,1,,0,BLUEUSDT.BGS
U32X:BLUMUSDT,TP,1,,0,BLUMUSDT.BGS
U32X:BLURUSDT,TP,1,,0,BLURUSDT.BGS
U32X:BMTUSDT,TP,1,,0,BMTUSDT.BGS
U32X:BNBUSDC,TP,1,,0,BNBUSDC.BGS
U32X:BNBUSDT,TP,1,,0,BNBUSDT.BGS
U32X:BNTUSDT,TP,1,,0,BNTUSDT.BGS
U32X:BOMEUSDT,TP,1,,0,BOMEUSDT.BGS
U32X:BONKUSDT,TP,1,,0,BONKUSDT.BGS
U32X:BOSUSDT,TP,1,,0,BOSUSDT.BGS
U32X:BRETTUSDT,TP,1,,0,BRETTUSDT.BGS
U32X:BREVUSDT,TP,1,,0,BREVUSDT.BGS
U32X:BROCCOLIUSDT,TP,1,,0,BROCCOLIUSDT.BGS
U32X:BRUSDT,TP,1,,0,BRUSDT.BGS
U32X:BSBUSDT,TP,1,,0,BSBUSDT.BGS
U32X:BSUUSDT,TP,1,,0,BSUUSDT.BGS
U32X:BSVUSDT,TP,1,,0,BSVUSDT.BGS
U32X:BTCBRL,TP,1,,0,BTCBRL.BGS
U32X:BTCEUR,TP,1,,0,BTCEUR.BGS
U32X:BTCRLUSD,TP,1,,0,BTCRLUSD.BGS
U32X:BTCUSD1,TP,1,,0,BTCUSD1.BGS
U32X:BTCUSDC,TP,1,,0,BTCUSDC.BGS
U32X:BTCUSDE,TP,1,,0,BTCUSDE.BGS
U32X:BTCUSDT,TP,1,,0,BTCUSDT.BGS
U32X:BTCWUSD,TP,1,,0,BTCWUSD.BGS
U32X:BTRUSDT,TP,1,,0,BTRUSDT.BGS
U32X:BTTUSDT,TP,1,,0,BTTUSDT.BGS
U32X:BTWUSDT,TP,1,,0,BTWUSDT.BGS
U32X:BUSDT,TP,1,,0,BUSDT.BGS
U32X:BYTEUSDT,TP,1,,0,BYTEUSDT.BGS
U32X:C98USDT,TP,1,,0,C98USDT.BGS
U32X:CAKEUSDT,TP,1,,0,CAKEUSDT.BGS
U32X:CAMPUSDT,TP,1,,0,CAMPUSDT.BGS
U32X:CARVUSDT,TP,1,,0,CARVUSDT.BGS
U32X:CATIUSDT,TP,1,,0,CATIUSDT.BGS
U32X:CBKUSDT,TP,1,,0,CBKUSDT.BGS
U32X:CELOUSDT,TP,1,,0,CELOUSDT.BGS
U32X:CELRUSDT,TP,1,,0,CELRUSDT.BGS
U32X:CESSUSDT,TP,1,,0,CESSUSDT.BGS
U32X:CETUSUSDT,TP,1,,0,CETUSUSDT.BGS
U32X:CFXUSDT,TP,1,,0,CFXUSDT.BGS
U32X:CGNUSDT,TP,1,,0,CGNUSDT.BGS
U32X:CGPTUSDT,TP,1,,0,CGPTUSDT.BGS
U32X:CHEEMSUSDT,TP,1,,0,CHEEMSUSDT.BGS
U32X:CHESSUSDT,TP,1,,0,CHESSUSDT.BGS
U32X:CHILLGUYUSDT,TP,1,,0,CHILLGUYUSDT.BGS
U32X:CHRUSDT,TP,1,,0,CHRUSDT.BGS
U32X:CHZUSDT,TP,1,,0,CHZUSDT.BGS
U32X:CKBUSDT,TP,1,,0,CKBUSDT.BGS
U32X:CLANKERUSDT,TP,1,,0,CLANKERUSDT.BGS
U32X:COAIUSDT,TP,1,,0,COAIUSDT.BGS
U32X:COLLECTUSDT,TP,1,,0,COLLECTUSDT.BGS
U32X:COMMONUSDT,TP,1,,0,COMMONUSDT.BGS
U32X:COMPUSDT,TP,1,,0,COMPUSDT.BGS
U32X:COOKIEUSDT,TP,1,,0,COOKIEUSDT.BGS
U32X:COQUSDT,TP,1,,0,COQUSDT.BGS
U32X:COREUSDT,TP,1,,0,COREUSDT.BGS
U32X:COTIUSDT,TP,1,,0,COTIUSDT.BGS
U32X:COWUSDT,TP,1,,0,COWUSDT.BGS
U32X:CPOOLUSDT,TP,1,,0,CPOOLUSDT.BGS
U32X:CREOUSDT,TP,1,,0,CREOUSDT.BGS
U32X:CROSSUSDT,TP,1,,0,CROSSUSDT.BGS
U32X:CROUSDT,TP,1,,0,CROUSDT.BGS
U32X:CRVBTC,TP,1,,0,CRVBTC.BGS
U32X:CRVUSDT,TP,1,,0,CRVUSDT.BGS
U32X:CSPRUSDT,TP,1,,0,CSPRUSDT.BGS
U32X:CTCUSDT,TP,1,,0,CTCUSDT.BGS
U32X:CTSIUSDT,TP,1,,0,CTSIUSDT.BGS
U32X:CUDISUSDT,TP,1,,0,CUDISUSDT.BGS
U32X:CUSDT,TP,1,,0,CUSDT.BGS
U32X:CVCUSDT,TP,1,,0,CVCUSDT.BGS
U32X:CVXUSDT,TP,1,,0,CVXUSDT.BGS
U32X:CYBERUSDT,TP,1,,0,CYBERUSDT.BGS
U32X:CYSUSDT,TP,1,,0,CYSUSDT.BGS
U32X:DAIUSDC,TP,1,,0,DAIUSDC.BGS
U32X:DAIUSDT,TP,1,,0,DAIUSDT.BGS
U32X:DBRUSDT,TP,1,,0,DBRUSDT.BGS
U32X:DEEPUSDT,TP,1,,0,DEEPUSDT.BGS
U32X:DEGENUSDT,TP,1,,0,DEGENUSDT.BGS
U32X:DENTUSDT,TP,1,,0,DENTUSDT.BGS
U32X:DGRAMUSDT,TP,1,,0,DGRAMUSDT.BGS
U32X:DMCUSDT,TP,1,,0,DMCUSDT.BGS
U32X:DNUSDT,TP,1,,0,DNUSDT.BGS
U32X:DODOUSDT,TP,1,,0,DODOUSDT.BGS
U32X:DOGEBTC,TP,1,,0,DOGEBTC.BGS
U32X:DOGEEUR,TP,1,,0,DOGEEUR.BGS
U32X:DOGEUSD1,TP,1,,0,DOGEUSD1.BGS
U32X:DOGEUSDC,TP,1,,0,DOGEUSDC.BGS
U32X:DOGEUSDT,TP,1,,0,DOGEUSDT.BGS
U32X:DOGSUSDT,TP,1,,0,DOGSUSDT.BGS
U32X:DOGUSDT,TP,1,,0,DOGUSDT.BGS
U32X:DOODUSDT,TP,1,,0,DOODUSDT.BGS
U32X:DOTUSDC,TP,1,,0,DOTUSDC.BGS
U32X:DOTUSDT,TP,1,,0,DOTUSDT.BGS
U32X:DRIFTUSDT,TP,1,,0,DRIFTUSDT.BGS
U32X:DTECUSDT,TP,1,,0,DTECUSDT.BGS
U32X:DUCKUSDT,TP,1,,0,DUCKUSDT.BGS
U32X:DUSDT,TP,1,,0,DUSDT.BGS
U32X:DUSKUSDT,TP,1,,0,DUSKUSDT.BGS
U32X:DYDXUSDT,TP,1,,0,DYDXUSDT.BGS
U32X:DYMUSDT,TP,1,,0,DYMUSDT.BGS
U32X:EDENUSDT,TP,1,,0,EDENUSDT.BGS
U32X:EGL1USDT,TP,1,,0,EGL1USDT.BGS
U32X:EGLDUSDT,TP,1,,0,EGLDUSDT.BGS
U32X:EIGENUSDT,TP,1,,0,EIGENUSDT.BGS
U32X:ELAUSDT,TP,1,,0,ELAUSDT.BGS
U32X:ELIZAOSUSDT,TP,1,,0,ELIZAOSUSDT.BGS
U32X:ELONUSDT,TP,1,,0,ELONUSDT.BGS
U32X:ENAEUR,TP,1,,0,ENAEUR.BGS
U32X:ENAUSDT,TP,1,,0,ENAUSDT.BGS
U32X:ENJUSDT,TP,1,,0,ENJUSDT.BGS
U32X:ENSOUSDT,TP,1,,0,ENSOUSDT.BGS
U32X:ENSUSDT,TP,1,,0,ENSUSDT.BGS
U32X:EPTUSDT,TP,1,,0,EPTUSDT.BGS
U32X:ERAUSDT,TP,1,,0,ERAUSDT.BGS
U32X:ESIMUSDT,TP,1,,0,ESIMUSDT.BGS
U32X:ESPORTSUSDT,TP,1,,0,ESPORTSUSDT.BGS
U32X:ESUSDT,TP,1,,0,ESUSDT.BGS
U32X:ETCBTC,TP,1,,0,ETCBTC.BGS
U32X:ETCUSDT,TP,1,,0,ETCUSDT.BGS
U32X:ETHBRL,TP,1,,0,ETHBRL.BGS
U32X:ETHBTC,TP,1,,0,ETHBTC.BGS
U32X:ETHEUR,TP,1,,0,ETHEUR.BGS
U32X:ETHFIUSDT,TP,1,,0,ETHFIUSDT.BGS
U32X:ETHRLUSD,TP,1,,0,ETHRLUSD.BGS
U32X:ETHUSD1,TP,1,,0,ETHUSD1.BGS
U32X:ETHUSDC,TP,1,,0,ETHUSDC.BGS
U32X:ETHUSDE,TP,1,,0,ETHUSDE.BGS
U32X:ETHUSDT,TP,1,,0,ETHUSDT.BGS
U32X:ETHWUSDT,TP,1,,0,ETHWUSDT.BGS
U32X:FARTCOINUSDT,TP,1,,0,FARTCOINUSDT.BGS
U32X:FETUSDC,TP,1,,0,FETUSDC.BGS
U32X:FETUSDT,TP,1,,0,FETUSDT.BGS
U32X:FFUSDT,TP,1,,0,FFUSDT.BGS
U32X:FHEUSDT,TP,1,,0,FHEUSDT.BGS
U32X:FIDAUSDT,TP,1,,0,FIDAUSDT.BGS
U32X:FILETH,TP,1,,0,FILETH.BGS
U32X:FILUSDC,TP,1,,0,FILUSDC.BGS
U32X:FILUSDT,TP,1,,0,FILUSDT.BGS
U32X:FLKUSDT,TP,1,,0,FLKUSDT.BGS
U32X:FLOCKUSDT,TP,1,,0,FLOCKUSDT.BGS
U32X:FLOKIUSDT,TP,1,,0,FLOKIUSDT.BGS
U32X:FLOWUSDT,TP,1,,0,FLOWUSDT.BGS
U32X:FLUXUSDT,TP,1,,0,FLUXUSDT.BGS
U32X:FOGOUSDT,TP,1,,0,FOGOUSDT.BGS
U32X:FORMUSDT,TP,1,,0,FORMUSDT.BGS
U32X:FRAXUSDT,TP,1,,0,FRAXUSDT.BGS
U32X:FROGGIEUSDT,TP,1,,0,FROGGIEUSDT.BGS
U32X:FTTUSDT,TP,1,,0,FTTUSDT.BGS
U32X:FUELUSDT,TP,1,,0,FUELUSDT.BGS
U32X:FUNUSDT,TP,1,,0,FUNUSDT.BGS
U32X:FUSDT,TP,1,,0,FUSDT.BGS
U32X:GAIAUSDT,TP,1,,0,GAIAUSDT.BGS
U32X:GAIBUSDT,TP,1,,0,GAIBUSDT.BGS
U32X:GALAUSDT,TP,1,,0,GALAUSDT.BGS
U32X:GALFANUSDT,TP,1,,0,GALFANUSDT.BGS
U32X:GAME2USDT,TP,1,,0,GAME2USDT.BGS
U32X:GASUSDT,TP,1,,0,GASUSDT.BGS
U32X:GHOUSDT,TP,1,,0,GHOUSDT.BGS
U32X:GHSTUSDT,TP,1,,0,GHSTUSDT.BGS
U32X:GLMRUSDT,TP,1,,0,GLMRUSDT.BGS
U32X:GLMUSDT,TP,1,,0,GLMUSDT.BGS
U32X:GMTUSDT,TP,1,,0,GMTUSDT.BGS
U32X:GMXUSDT,TP,1,,0,GMXUSDT.BGS
U32X:GNOUSDT,TP,1,,0,GNOUSDT.BGS
U32X:GNSUSDT,TP,1,,0,GNSUSDT.BGS
U32X:GOATUSDT,TP,1,,0,GOATUSDT.BGS
U32X:GODSUSDT,TP,1,,0,GODSUSDT.BGS
U32X:GOMININGUSDT,TP,1,,0,GOMININGUSDT.BGS
U32X:GPSUSDT,TP,1,,0,GPSUSDT.BGS
U32X:GRASSUSDT,TP,1,,0,GRASSUSDT.BGS
U32X:GRTUSDT,TP,1,,0,GRTUSDT.BGS
U32X:GUNUSDT,TP,1,,0,GUNUSDT.BGS
U32X:GUSDT,TP,1,,0,GUSDT.BGS
U32X:GWEIUSDT,TP,1,,0,GWEIUSDT.BGS
U32X:HAEDALUSDT,TP,1,,0,HAEDALUSDT.BGS
U32X:HBARUSDT,TP,1,,0,HBARUSDT.BGS
U32X:HEIUSDT,TP,1,,0,HEIUSDT.BGS
U32X:HFTUSDT,TP,1,,0,HFTUSDT.BGS
U32X:HIGHUSDT,TP,1,,0,HIGHUSDT.BGS
U32X:HIPPOUSDT,TP,1,,0,HIPPOUSDT.BGS
U32X:HIVEUSDT,TP,1,,0,HIVEUSDT.BGS
U32X:HMSTRUSDT,TP,1,,0,HMSTRUSDT.BGS
U32X:HNTUSDT,TP,1,,0,HNTUSDT.BGS
U32X:HOLDUSDT,TP,1,,0,HOLDUSDT.BGS
U32X:HOLOUSDT,TP,1,,0,HOLOUSDT.BGS
U32X:HOMEUSDT,TP,1,,0,HOMEUSDT.BGS
U32X:HOOKUSDT,TP,1,,0,HOOKUSDT.BGS
U32X:HOTUSDT,TP,1,,0,HOTUSDT.BGS
U32X:HTXUSDT,TP,1,,0,HTXUSDT.BGS
U32X:HUMAUSDT,TP,1,,0,HUMAUSDT.BGS
U32X:HUSDT,TP,1,,0,HUSDT.BGS
U32X:HYPERUSDT,TP,1,,0,HYPERUSDT.BGS
U32X:HYPEUSDT,TP,1,,0,HYPEUSDT.BGS
U32X:IAGUSDT,TP,1,,0,IAGUSDT.BGS
U32X:ICNTUSDT,TP,1,,0,ICNTUSDT.BGS
U32X:ICPUSDC,TP,1,,0,ICPUSDC.BGS
U32X:ICPUSDT,TP,1,,0,ICPUSDT.BGS
U32X:ICXUSDT,TP,1,,0,ICXUSDT.BGS
U32X:IDEXUSDT,TP,1,,0,IDEXUSDT.BGS
U32X:IDOLUSDT,TP,1,,0,IDOLUSDT.BGS
U32X:IDUSDT,TP,1,,0,IDUSDT.BGS
U32X:IKAUSDT,TP,1,,0,IKAUSDT.BGS
U32X:ILVUSDT,TP,1,,0,ILVUSDT.BGS
U32X:IMUUSDT,TP,1,,0,IMUUSDT.BGS
U32X:IMXUSDT,TP,1,,0,IMXUSDT.BGS
U32X:INITUSDT,TP,1,,0,INITUSDT.BGS
U32X:INJUSDC,TP,1,,0,INJUSDC.BGS
U32X:INJUSDT,TP,1,,0,INJUSDT.BGS
U32X:INTERUSDT,TP,1,,0,INTERUSDT.BGS
U32X:INUSDT,TP,1,,0,INUSDT.BGS
U32X:IOSTUSDT,TP,1,,0,IOSTUSDT.BGS
U32X:IOTXUSDT,TP,1,,0,IOTXUSDT.BGS
U32X:IOUSDT,TP,1,,0,IOUSDT.BGS
U32X:IPUSDT,TP,1,,0,IPUSDT.BGS
U32X:IQUSDT,TP,1,,0,IQUSDT.BGS
U32X:IRUSDT,TP,1,,0,IRUSDT.BGS
U32X:IRYSUSDT,TP,1,,0,IRYSUSDT.BGS
U32X:JASMYUSDT,TP,1,,0,JASMYUSDT.BGS
U32X:JCTUSDT,TP,1,,0,JCTUSDT.BGS
U32X:JELLYJELLYUSDT,TP,1,,0,JELLYJELLYUSDT.BGS
U32X:JOEUSDT,TP,1,,0,JOEUSDT.BGS
U32X:JSTUSDT,TP,1,,0,JSTUSDT.BGS
U32X:JTOUSDT,TP,1,,0,JTOUSDT.BGS
U32X:JUPUSDT,TP,1,,0,JUPUSDT.BGS
U32X:JUSDT,TP,1,,0,JUSDT.BGS
U32X:JUVUSDT,TP,1,,0,JUVUSDT.BGS
U32X:KAIAUSDT,TP,1,,0,KAIAUSDT.BGS
U32X:KAITOUSDT,TP,1,,0,KAITOUSDT.BGS
U32X:KASUSDT,TP,1,,0,KASUSDT.BGS
U32X:KAVAUSDT,TP,1,,0,KAVAUSDT.BGS
U32X:KERNELUSDT,TP,1,,0,KERNELUSDT.BGS
U32X:KGENUSDT,TP,1,,0,KGENUSDT.BGS
U32X:KITEUSDT,TP,1,,0,KITEUSDT.BGS
U32X:KLVUSDT,TP,1,,0,KLVUSDT.BGS
U32X:KMNOUSDT,TP,1,,0,KMNOUSDT.BGS
U32X:KNCUSDT,TP,1,,0,KNCUSDT.BGS
U32X:KOMAUSDT,TP,1,,0,KOMAUSDT.BGS
U32X:KSMUSDT,TP,1,,0,KSMUSDT.BGS
U32X:KUBUSDT,TP,1,,0,KUBUSDT.BGS
U32X:KUSDT,TP,1,,0,KUSDT.BGS
U32X:L3USDT,TP,1,,0,L3USDT.BGS
U32X:LABUSDT,TP,1,,0,LABUSDT.BGS
U32X:LATUSDT,TP,1,,0,LATUSDT.BGS
U32X:LAUSDT,TP,1,,0,LAUSDT.BGS
U32X:LAYERUSDT,TP,1,,0,LAYERUSDT.BGS
U32X:LAZIOUSDT,TP,1,,0,LAZIOUSDT.BGS
U32X:LDOUSDT,TP,1,,0,LDOUSDT.BGS
U32X:LIGHTUSDT,TP,1,,0,LIGHTUSDT.BGS
U32X:LINEAUSDT,TP,1,,0,LINEAUSDT.BGS
U32X:LINKBTC,TP,1,,0,LINKBTC.BGS
U32X:LINKEUR,TP,1,,0,LINKEUR.BGS
U32X:LINKUSDC,TP,1,,0,LINKUSDC.BGS
U32X:LINKUSDT,TP,1,,0,LINKUSDT.BGS
U32X:LISTAUSDT,TP,1,,0,LISTAUSDT.BGS
U32X:LITUSDT,TP,1,,0,LITUSDT.BGS
U32X:LMWRUSDT,TP,1,,0,LMWRUSDT.BGS
U32X:LNQUSDT,TP,1,,0,LNQUSDT.BGS
U32X:LPTUSDT,TP,1,,0,LPTUSDT.BGS
U32X:LQTYUSDT,TP,1,,0,LQTYUSDT.BGS
U32X:LRCUSDT,TP,1,,0,LRCUSDT.BGS
U32X:LSKUSDT,TP,1,,0,LSKUSDT.BGS
U32X:LTCBTC,TP,1,,0,LTCBTC.BGS
U32X:LTCETH,TP,1,,0,LTCETH.BGS
U32X:LTCEUR,TP,1,,0,LTCEUR.BGS
U32X:LTCUSDC,TP,1,,0,LTCUSDC.BGS
U32X:LTCUSDT,TP,1,,0,LTCUSDT.BGS
U32X:LUMIAUSDT,TP,1,,0,LUMIAUSDT.BGS
U32X:LUNAUSDT,TP,1,,0,LUNAUSDT.BGS
U32X:LUNCUSDT,TP,1,,0,LUNCUSDT.BGS
U32X:MAGICUSDT,TP,1,,0,MAGICUSDT.BGS
U32X:MAGMAUSDT,TP,1,,0,MAGMAUSDT.BGS
U32X:MAKUSDT,TP,1,,0,MAKUSDT.BGS
U32X:MANAUSDT,TP,1,,0,MANAUSDT.BGS
U32X:MANTAUSDT,TP,1,,0,MANTAUSDT.BGS
U32X:MANTRAUSDT,TP,1,,0,MANTRAUSDT.BGS
U32X:MAPOUSDT,TP,1,,0,MAPOUSDT.BGS
U32X:MASAUSDT,TP,1,,0,MASAUSDT.BGS
U32X:MASKUSDT,TP,1,,0,MASKUSDT.BGS
U32X:MASUSDT,TP,1,,0,MASUSDT.BGS
U32X:MAVUSDT,TP,1,,0,MAVUSDT.BGS
U32X:MAXEXCHANGEUSDT,TP,1,,0,MAXEXCHANGEUSDT.BGS
U32X:MBLUSDT,TP,1,,0,MBLUSDT.BGS
U32X:MBOXUSDT,TP,1,,0,MBOXUSDT.BGS
U32X:MEMEUSDT,TP,1,,0,MEMEUSDT.BGS
U32X:MERLUSDT,TP,1,,0,MERLUSDT.BGS
U32X:METISUSDT,TP,1,,0,METISUSDT.BGS
U32X:METUSDT,TP,1,,0,METUSDT.BGS
U32X:MEUSDT,TP,1,,0,MEUSDT.BGS
U32X:MEWUSDT,TP,1,,0,MEWUSDT.BGS
U32X:MGOUSDT,TP,1,,0,MGOUSDT.BGS
U32X:MILKUSDT,TP,1,,0,MILKUSDT.BGS
U32X:MINAUSDT,TP,1,,0,MINAUSDT.BGS
U32X:MIRAUSDT,TP,1,,0,MIRAUSDT.BGS
U32X:MLUSDT,TP,1,,0,MLUSDT.BGS
U32X:MMTUSDT,TP,1,,0,MMTUSDT.BGS
U32X:MOCAUSDT,TP,1,,0,MOCAUSDT.BGS
U32X:MOEWUSDT,TP,1,,0,MOEWUSDT.BGS
U32X:MOGUSDT,TP,1,,0,MOGUSDT.BGS
U32X:MONUSDT,TP,1,,0,MONUSDT.BGS
U32X:MOODENGUSDT,TP,1,,0,MOODENGUSDT.BGS
U32X:MORPHOUSDT,TP,1,,0,MORPHOUSDT.BGS
U32X:MOVEUSDT,TP,1,,0,MOVEUSDT.BGS
U32X:MOVRUSDT,TP,1,,0,MOVRUSDT.BGS
U32X:MTLUSDT,TP,1,,0,MTLUSDT.BGS
U32X:MUBARAKUSDT,TP,1,,0,MUBARAKUSDT.BGS
U32X:MUSDT,TP,1,,0,MUSDT.BGS
U32X:MXUSDT,TP,1,,0,MXUSDT.BGS
U32X:MYXUSDT,TP,1,,0,MYXUSDT.BGS
U32X:NAORISUSDT,TP,1,,0,NAORISUSDT.BGS
U32X:NEAREUR,TP,1,,0,NEAREUR.BGS
U32X:NEARUSDC,TP,1,,0,NEARUSDC.BGS
U32X:NEARUSDT,TP,1,,0,NEARUSDT.BGS
U32X:NEIROCTOUSDT,TP,1,,0,NEIROCTOUSDT.BGS
U32X:NEOUSDT,TP,1,,0,NEOUSDT.BGS
U32X:NEROUSDT,TP,1,,0,NEROUSDT.BGS
U32X:NESSUSDT,TP,1,,0,NESSUSDT.BGS
U32X:NEWTUSDT,TP,1,,0,NEWTUSDT.BGS
U32X:NEXOUSDT,TP,1,,0,NEXOUSDT.BGS
U32X:NFPUSDT,TP,1,,0,NFPUSDT.BGS
U32X:NFTUSDT,TP,1,,0,NFTUSDT.BGS
U32X:NILUSDT,TP,1,,0,NILUSDT.BGS
U32X:NKNUSDT,TP,1,,0,NKNUSDT.BGS
U32X:NMRUSDT,TP,1,,0,NMRUSDT.BGS
U32X:NODEUSDT,TP,1,,0,NODEUSDT.BGS
U32X:NOMUSDT,TP,1,,0,NOMUSDT.BGS
U32X:NOTUSDT,TP,1,,0,NOTUSDT.BGS
U32X:NPCUSDT,TP,1,,0,NPCUSDT.BGS
U32X:NSUSDT,TP,1,,0,NSUSDT.BGS
U32X:NTRNUSDT,TP,1,,0,NTRNUSDT.BGS
U32X:NXPCUSDT,TP,1,,0,NXPCUSDT.BGS
U32X:NYMUSDT,TP,1,,0,NYMUSDT.BGS
U32X:OBOLUSDT,TP,1,,0,OBOLUSDT.BGS
U32X:OGNUSDT,TP,1,,0,OGNUSDT.BGS
U32X:OGUSDT,TP,1,,0,OGUSDT.BGS
U32X:OMUSDT,TP,1,,0,OMUSDT.BGS
U32X:ONDOEUR,TP,1,,0,ONDOEUR.BGS
U32X:ONDOUSDC,TP,1,,0,ONDOUSDC.BGS
U32X:ONDOUSDT,TP,1,,0,ONDOUSDT.BGS
U32X:ONEUSDT,TP,1,,0,ONEUSDT.BGS
U32X:ONGUSDT,TP,1,,0,ONGUSDT.BGS
U32X:ONTUSDT,TP,1,,0,ONTUSDT.BGS
U32X:OPENUSDT,TP,1,,0,OPENUSDT.BGS
U32X:OPNUSDT,TP,1,,0,OPNUSDT.BGS
U32X:OPUSDC,TP,1,,0,OPUSDC.BGS
U32X:OPUSDT,TP,1,,0,OPUSDT.BGS
U32X:ORBSUSDT,TP,1,,0,ORBSUSDT.BGS
U32X:ORCAUSDT,TP,1,,0,ORCAUSDT.BGS
U32X:ORDERUSDT,TP,1,,0,ORDERUSDT.BGS
U32X:ORDIUSDT,TP,1,,0,ORDIUSDT.BGS
U32X:OSMOUSDT,TP,1,,0,OSMOUSDT.BGS
U32X:OXTUSDT,TP,1,,0,OXTUSDT.BGS
U32X:PARTIUSDT,TP,1,,0,PARTIUSDT.BGS
U32X:PAXGUSDT,TP,1,,0,PAXGUSDT.BGS
U32X:PCIUSDT,TP,1,,0,PCIUSDT.BGS
U32X:PEAQUSDT,TP,1,,0,PEAQUSDT.BGS
U32X:PENDLEUSDT,TP,1,,0,PENDLEUSDT.BGS
U32X:PENGUINUSDT,TP,1,,0,PENGUINUSDT.BGS
U32X:PENGUUSDT,TP,1,,0,PENGUUSDT.BGS
U32X:PEOPLEUSDT,TP,1,,0,PEOPLEUSDT.BGS
U32X:PEPEEUR,TP,1,,0,PEPEEUR.BGS
U32X:PEPEUSDC,TP,1,,0,PEPEUSDC.BGS
U32X:PEPEUSDT,TP,1,,0,PEPEUSDT.BGS
U32X:PERPUSDT,TP,1,,0,PERPUSDT.BGS
U32X:PHAUSDT,TP,1,,0,PHAUSDT.BGS
U32X:PHBUSDT,TP,1,,0,PHBUSDT.BGS
U32X:PIUSDT,TP,1,,0,PIUSDT.BGS
U32X:PIXELUSDT,TP,1,,0,PIXELUSDT.BGS
U32X:PLANCKUSDT,TP,1,,0,PLANCKUSDT.BGS
U32X:PLUMEUSDT,TP,1,,0,PLUMEUSDT.BGS
U32X:PNUTUSDT,TP,1,,0,PNUTUSDT.BGS
U32X:POLUSDC,TP,1,,0,POLUSDC.BGS
U32X:POLUSDT,TP,1,,0,POLUSDT.BGS
U32X:POLYXUSDT,TP,1,,0,POLYXUSDT.BGS
U32X:PONDUSDT,TP,1,,0,PONDUSDT.BGS
U32X:PORTALUSDT,TP,1,,0,PORTALUSDT.BGS
U32X:PORTOUSDT,TP,1,,0,PORTOUSDT.BGS
U32X:POWERUSDT,TP,1,,0,POWERUSDT.BGS
U32X:POWRUSDT,TP,1,,0,POWRUSDT.BGS
U32X:PRAIUSDT,TP,1,,0,PRAIUSDT.BGS
U32X:PRCLUSDT,TP,1,,0,PRCLUSDT.BGS
U32X:PRIMEUSDT,TP,1,,0,PRIMEUSDT.BGS
U32X:PROMPTUSDT,TP,1,,0,PROMPTUSDT.BGS
U32X:PROMUSDT,TP,1,,0,PROMUSDT.BGS
U32X:PROPSUSDT,TP,1,,0,PROPSUSDT.BGS
U32X:PROVEUSDT,TP,1,,0,PROVEUSDT.BGS
U32X:PSGUSDT,TP,1,,0,PSGUSDT.BGS
U32X:PUBLICUSDT,TP,1,,0,PUBLICUSDT.BGS
U32X:PUFFERUSDT,TP,1,,0,PUFFERUSDT.BGS
U32X:PUMPBTCUSDT,TP,1,,0,PUMPBTCUSDT.BGS
U32X:PUMPUSDT,TP,1,,0,PUMPUSDT.BGS
U32X:PUNDIXUSDT,TP,1,,0,PUNDIXUSDT.BGS
U32X:PUSDT,TP,1,,0,PUSDT.BGS
U32X:PYRUSDT,TP,1,,0,PYRUSDT.BGS
U32X:PYTHUSDT,TP,1,,0,PYTHUSDT.BGS
U32X:PYUSDUSDT,TP,1,,0,PYUSDUSDT.BGS
U32X:QKCUSDT,TP,1,,0,QKCUSDT.BGS
U32X:QNTUSDT,TP,1,,0,QNTUSDT.BGS
U32X:QTUMUSDT,TP,1,,0,QTUMUSDT.BGS
U32X:QUBICUSDT,TP,1,,0,QUBICUSDT.BGS
U32X:QUICKUSDT,TP,1,,0,QUICKUSDT.BGS
U32X:QUSDT,TP,1,,0,QUSDT.BGS
U32X:RAREUSDT,TP,1,,0,RAREUSDT.BGS
U32X:RATSUSDT,TP,1,,0,RATSUSDT.BGS
U32X:RAVEUSDT,TP,1,,0,RAVEUSDT.BGS
U32X:RAYUSDT,TP,1,,0,RAYUSDT.BGS
U32X:RDACUSDT,TP,1,,0,RDACUSDT.BGS
U32X:RDNTUSDT,TP,1,,0,RDNTUSDT.BGS
U32X:RECALLUSDT,TP,1,,0,RECALLUSDT.BGS
U32X:REDUSDT,TP,1,,0,REDUSDT.BGS
U32X:RENDERUSDC,TP,1,,0,RENDERUSDC.BGS
U32X:RENDERUSDT,TP,1,,0,RENDERUSDT.BGS
U32X:RESOLVUSDT,TP,1,,0,RESOLVUSDT.BGS
U32X:REZUSDT,TP,1,,0,REZUSDT.BGS
U32X:RHEAUSDT,TP,1,,0,RHEAUSDT.BGS
U32X:RIFUSDT,TP,1,,0,RIFUSDT.BGS
U32X:RIVERUSDT,TP,1,,0,RIVERUSDT.BGS
U32X:RLCUSDT,TP,1,,0,RLCUSDT.BGS
U32X:RLSUSDT,TP,1,,0,RLSUSDT.BGS
U32X:RLUSDUSDC,TP,1,,0,RLUSDUSDC.BGS
U32X:RLUSDUSDT,TP,1,,0,RLUSDUSDT.BGS
U32X:ROAMUSDT,TP,1,,0,ROAMUSDT.BGS
U32X:ROBOUSDT,TP,1,,0,ROBOUSDT.BGS
U32X:ROLLUSDT,TP,1,,0,ROLLUSDT.BGS
U32X:RONUSDT,TP,1,,0,RONUSDT.BGS
U32X:ROSEUSDT,TP,1,,0,ROSEUSDT.BGS
U32X:RPLUSDT,TP,1,,0,RPLUSDT.BGS
U32X:RSRUSDT,TP,1,,0,RSRUSDT.BGS
U32X:RSS3USDT,TP,1,,0,RSS3USDT.BGS
U32X:RTXUSDT,TP,1,,0,RTXUSDT.BGS
U32X:RUNEUSDT,TP,1,,0,RUNEUSDT.BGS
U32X:RVNUSDT,TP,1,,0,RVNUSDT.BGS
U32X:RVVUSDT,TP,1,,0,RVVUSDT.BGS
U32X:RWAUSDT,TP,1,,0,RWAUSDT.BGS
U32X:SAFEUSDT,TP,1,,0,SAFEUSDT.BGS
U32X:SAGAUSDT,TP,1,,0,SAGAUSDT.BGS
U32X:SAHARAUSDT,TP,1,,0,SAHARAUSDT.BGS
U32X:SANDUSDT,TP,1,,0,SANDUSDT.BGS
U32X:SANTOSUSDT,TP,1,,0,SANTOSUSDT.BGS
U32X:SAPIENUSDT,TP,1,,0,SAPIENUSDT.BGS
U32X:SAROSUSDT,TP,1,,0,SAROSUSDT.BGS
U32X:SATSUSDT,TP,1,,0,SATSUSDT.BGS
U32X:SCAUSDT,TP,1,,0,SCAUSDT.BGS
U32X:SDEXUSDT,TP,1,,0,SDEXUSDT.BGS
U32X:SDUSDT,TP,1,,0,SDUSDT.BGS
U32X:SEIUSDT,TP,1,,0,SEIUSDT.BGS
U32X:SENTUSDT,TP,1,,0,SENTUSDT.BGS
U32X:SFPUSDT,TP,1,,0,SFPUSDT.BGS
U32X:SHELLUSDT,TP,1,,0,SHELLUSDT.BGS
U32X:SHIBEUR,TP,1,,0,SHIBEUR.BGS
U32X:SHIBUSDC,TP,1,,0,SHIBUSDC.BGS
U32X:SHIBUSDT,TP,1,,0,SHIBUSDT.BGS
U32X:SIGNUSDT,TP,1,,0,SIGNUSDT.BGS
U32X:SKLUSDT,TP,1,,0,SKLUSDT.BGS
U32X:SKRUSDT,TP,1,,0,SKRUSDT.BGS
U32X:SKYUSDT,TP,1,,0,SKYUSDT.BGS
U32X:SLPUSDT,TP,1,,0,SLPUSDT.BGS
U32X:SNEKUSDT,TP,1,,0,SNEKUSDT.BGS
U32X:SNTUSDT,TP,1,,0,SNTUSDT.BGS
U32X:SNXUSDT,TP,1,,0,SNXUSDT.BGS
U32X:SOLBTC,TP,1,,0,SOLBTC.BGS
U32X:SOLEUR,TP,1,,0,SOLEUR.BGS
U32X:SOLOUSDT,TP,1,,0,SOLOUSDT.BGS
U32X:SOLUSD1,TP,1,,0,SOLUSD1.BGS
U32X:SOLUSDC,TP,1,,0,SOLUSDC.BGS
U32X:SOLUSDE,TP,1,,0,SOLUSDE.BGS
U32X:SOLUSDT,TP,1,,0,SOLUSDT.BGS
U32X:SOLVUSDT,TP,1,,0,SOLVUSDT.BGS
U32X:SOMIUSDT,TP,1,,0,SOMIUSDT.BGS
U32X:SONICUSDT,TP,1,,0,SONICUSDT.BGS
U32X:SOONUSDT,TP,1,,0,SOONUSDT.BGS
U32X:SOPHUSDT,TP,1,,0,SOPHUSDT.BGS
U32X:SPACEUSD1,TP,1,,0,SPACEUSD1.BGS
U32X:SPACEUSDT,TP,1,,0,SPACEUSDT.BGS
U32X:SPELLUSDT,TP,1,,0,SPELLUSDT.BGS
U32X:SPKUSDT,TP,1,,0,SPKUSDT.BGS
U32X:SSVUSDT,TP,1,,0,SSVUSDT.BGS
U32X:STABLEUSDT,TP,1,,0,STABLEUSDT.BGS
U32X:STETHUSDT,TP,1,,0,STETHUSDT.BGS
U32X:STGUSDT,TP,1,,0,STGUSDT.BGS
U32X:STORJUSDT,TP,1,,0,STORJUSDT.BGS
U32X:STOUSDT,TP,1,,0,STOUSDT.BGS
U32X:STRAXUSDT,TP,1,,0,STRAXUSDT.BGS
U32X:STRKUSDT,TP,1,,0,STRKUSDT.BGS
U32X:STXUSDC,TP,1,,0,STXUSDC.BGS
U32X:STXUSDT,TP,1,,0,STXUSDT.BGS
U32X:SUIEUR,TP,1,,0,SUIEUR.BGS
U32X:SUIUSD1,TP,1,,0,SUIUSD1.BGS
U32X:SUIUSDC,TP,1,,0,SUIUSDC.BGS
U32X:SUIUSDT,TP,1,,0,SUIUSDT.BGS
U32X:SUNDOGUSDT,TP,1,,0,SUNDOGUSDT.BGS
U32X:SUNUSDT,TP,1,,0,SUNUSDT.BGS
U32X:SUPERUSDT,TP,1,,0,SUPERUSDT.BGS
U32X:SUSDT,TP,1,,0,SUSDT.BGS
U32X:SUSHIUSDT,TP,1,,0,SUSHIUSDT.BGS
U32X:SWARMSUSDT,TP,1,,0,SWARMSUSDT.BGS
U32X:SWCHUSDT,TP,1,,0,SWCHUSDT.BGS
U32X:SWEATUSDT,TP,1,,0,SWEATUSDT.BGS
U32X:SWELLUSDT,TP,1,,0,SWELLUSDT.BGS
U32X:SXPUSDT,TP,1,,0,SXPUSDT.BGS
U32X:SXTUSDT,TP,1,,0,SXTUSDT.BGS
U32X:SYNUSDT,TP,1,,0,SYNUSDT.BGS
U32X:SYRUPUSDT,TP,1,,0,SYRUPUSDT.BGS
U32X:SYSUSDT,TP,1,,0,SYSUSDT.BGS
U32X:TACUSDT,TP,1,,0,TACUSDT.BGS
U32X:TAGUSDT,TP,1,,0,TAGUSDT.BGS
U32X:TAIKOUSDT,TP,1,,0,TAIKOUSDT.BGS
U32X:TANSSIUSDT,TP,1,,0,TANSSIUSDT.BGS
U32X:TAOUSDC,TP,1,,0,TAOUSDC.BGS
U32X:TAOUSDT,TP,1,,0,TAOUSDT.BGS
U32X:TCOMUSDT,TP,1,,0,TCOMUSDT.BGS
U32X:THEUSDT,TP,1,,0,THEUSDT.BGS
U32X:THQUSDT,TP,1,,0,THQUSDT.BGS
U32X:TIAUSDT,TP,1,,0,TIAUSDT.BGS
U32X:TLMUSDT,TP,1,,0,TLMUSDT.BGS
U32X:TLOSUSDT,TP,1,,0,TLOSUSDT.BGS
U32X:TNSRUSDT,TP,1,,0,TNSRUSDT.BGS
U32X:TONEUR,TP,1,,0,TONEUR.BGS
U32X:TONUSDC,TP,1,,0,TONUSDC.BGS
U32X:TONUSDT,TP,1,,0,TONUSDT.BGS
U32X:TOSHIUSDT,TP,1,,0,TOSHIUSDT.BGS
U32X:TOWNSUSDT,TP,1,,0,TOWNSUSDT.BGS
U32X:TOWNUSDT,TP,1,,0,TOWNUSDT.BGS
U32X:TRADOORUSDT,TP,1,,0,TRADOORUSDT.BGS
U32X:TRBUSDT,TP,1,,0,TRBUSDT.BGS
U32X:TREEUSDT,TP,1,,0,TREEUSDT.BGS
U32X:TRIAUSDT,TP,1,,0,TRIAUSDT.BGS
U32X:TRUMPUSDC,TP,1,,0,TRUMPUSDC.BGS
U32X:TRUMPUSDT,TP,1,,0,TRUMPUSDT.BGS
U32X:TRUSTUSDT,TP,1,,0,TRUSTUSDT.BGS
U32X:TRUUSDT,TP,1,,0,TRUUSDT.BGS
U32X:TRXBTC,TP,1,,0,TRXBTC.BGS
U32X:TRXETH,TP,1,,0,TRXETH.BGS
U32X:TRXUSDC,TP,1,,0,TRXUSDC.BGS
U32X:TRXUSDT,TP,1,,0,TRXUSDT.BGS
U32X:TURBOUSDT,TP,1,,0,TURBOUSDT.BGS
U32X:TUSDT,TP,1,,0,TUSDT.BGS
U32X:TUSDUSDT,TP,1,,0,TUSDUSDT.BGS
U32X:TUTUSDT,TP,1,,0,TUTUSDT.BGS
U32X:TWTUSDT,TP,1,,0,TWTUSDT.BGS
U32X:U2UUSDT,TP,1,,0,U2UUSDT.BGS
U32X:UAIUSDT,TP,1,,0,UAIUSDT.BGS
U32X:UMAUSDT,TP,1,,0,UMAUSDT.BGS
U32X:UNIUSDC,TP,1,,0,UNIUSDC.BGS
U32X:UNIUSDT,TP,1,,0,UNIUSDT.BGS
U32X:UPCUSDT,TP,1,,0,UPCUSDT.BGS
U32X:USATUSDT,TP,1,,0,USATUSDT.BGS
U32X:USD1USDC,TP,1,,0,USD1USDC.BGS
U32X:USD1USDT,TP,1,,0,USD1USDT.BGS
U32X:USDCEUR,TP,1,,0,USDCEUR.BGS
U32X:USDCUSD,TP,1,,0,USDCUSD.BGS
U32X:USDCUSDT,TP,1,,0,USDCUSDT.BGS
U32X:USDEUSDC,TP,1,,0,USDEUSDC.BGS
U32X:USDEUSDT,TP,1,,0,USDEUSDT.BGS
U32X:USDSUSDT,TP,1,,0,USDSUSDT.BGS
U32X:USDTBRL,TP,1,,0,USDTBRL.BGS
U32X:USDTEUR,TP,1,,0,USDTEUR.BGS
U32X:USDTUSD,TP,1,,0,USDTUSD.BGS
U32X:USTCUSDT,TP,1,,0,USTCUSDT.BGS
U32X:USUALUSDT,TP,1,,0,USUALUSDT.BGS
U32X:USUSDT,TP,1,,0,USUSDT.BGS
U32X:UXLINKUSDT,TP,1,,0,UXLINKUSDT.BGS
U32X:VANAUSDT,TP,1,,0,VANAUSDT.BGS
U32X:VANRYUSDT,TP,1,,0,VANRYUSDT.BGS
U32X:VELODROMEUSDT,TP,1,,0,VELODROMEUSDT.BGS
U32X:VELOUSDT,TP,1,,0,VELOUSDT.BGS
U32X:VELVETUSDT,TP,1,,0,VELVETUSDT.BGS
U32X:VERTUSDT,TP,1,,0,VERTUSDT.BGS
U32X:VETUSDT,TP,1,,0,VETUSDT.BGS
U32X:VFYUSDT,TP,1,,0,VFYUSDT.BGS
U32X:VICUSDT,TP,1,,0,VICUSDT.BGS
U32X:VINEUSDT,TP,1,,0,VINEUSDT.BGS
U32X:VIRTUALUSDT,TP,1,,0,VIRTUALUSDT.BGS
U32X:VOOIUSDT,TP,1,,0,VOOIUSDT.BGS
U32X:VSNUSDT,TP,1,,0,VSNUSDT.BGS
U32X:VTHOUSDT,TP,1,,0,VTHOUSDT.BGS
U32X:WAIUSDT,TP,1,,0,WAIUSDT.BGS
U32X:WALUSDT,TP,1,,0,WALUSDT.BGS
U32X:WARDUSDT,TP,1,,0,WARDUSDT.BGS
U32X:WAVESUSDT,TP,1,,0,WAVESUSDT.BGS
U32X:WAXPUSDT,TP,1,,0,WAXPUSDT.BGS
U32X:WBTCUSDT,TP,1,,0,WBTCUSDT.BGS
U32X:WCTUSDT,TP,1,,0,WCTUSDT.BGS
U32X:WEETHUSDT,TP,1,,0,WEETHUSDT.BGS
U32X:WEMIXUSDT,TP,1,,0,WEMIXUSDT.BGS
U32X:WIFEUR,TP,1,,0,WIFEUR.BGS
U32X:WIFUSDT,TP,1,,0,WIFUSDT.BGS
U32X:WINUSDT,TP,1,,0,WINUSDT.BGS
U32X:WLDEUR,TP,1,,0,WLDEUR.BGS
U32X:WLDUSDC,TP,1,,0,WLDUSDC.BGS
U32X:WLDUSDT,TP,1,,0,WLDUSDT.BGS
U32X:WLFIUSDT,TP,1,,0,WLFIUSDT.BGS
U32X:WOOUSDT,TP,1,,0,WOOUSDT.BGS
U32X:WUSDT,TP,1,,0,WUSDT.BGS
U32X:WUSDUSDT,TP,1,,0,WUSDUSDT.BGS
U32X:XAIUSDT,TP,1,,0,XAIUSDT.BGS
U32X:XAUTUSDT,TP,1,,0,XAUTUSDT.BGS
U32X:XCXUSDT,TP,1,,0,XCXUSDT.BGS
U32X:XDCUSDT,TP,1,,0,XDCUSDT.BGS
U32X:XIONUSDT,TP,1,,0,XIONUSDT.BGS
U32X:XLMUSDC,TP,1,,0,XLMUSDC.BGS
U32X:XLMUSDT,TP,1,,0,XLMUSDT.BGS
U32X:XPLUSDT,TP,1,,0,XPLUSDT.BGS
U32X:XRPBTC,TP,1,,0,XRPBTC.BGS
U32X:XRPETH,TP,1,,0,XRPETH.BGS
U32X:XRPEUR,TP,1,,0,XRPEUR.BGS
U32X:XRPRLUSD,TP,1,,0,XRPRLUSD.BGS
U32X:XRPUSD1,TP,1,,0,XRPUSD1.BGS
U32X:XRPUSDC,TP,1,,0,XRPUSDC.BGS
U32X:XRPUSDT,TP,1,,0,XRPUSDT.BGS
U32X:XTERUSDT,TP,1,,0,XTERUSDT.BGS
U32X:XTZUSDT,TP,1,,0,XTZUSDT.BGS
U32X:XUSDT,TP,1,,0,XUSDT.BGS
U32X:YBUSDT,TP,1,,0,YBUSDT.BGS
U32X:YFIUSDT,TP,1,,0,YFIUSDT.BGS
U32X:YGGUSDT,TP,1,,0,YGGUSDT.BGS
U32X:YZYUSDT,TP,1,,0,YZYUSDT.BGS
U32X:ZAMAUSDT,TP,1,,0,ZAMAUSDT.BGS
U32X:ZBCNUSDT,TP,1,,0,ZBCNUSDT.BGS
U32X:ZBTUSDT,TP,1,,0,ZBTUSDT.BGS
U32X:ZECUSDT,TP,1,,0,ZECUSDT.BGS
U32X:ZENTUSDT,TP,1,,0,ZENTUSDT.BGS
U32X:ZENUSDT,TP,1,,0,ZENUSDT.BGS
U32X:ZEREBROUSDT,TP,1,,0,ZEREBROUSDT.BGS
U32X:ZETAUSDT,TP,1,,0,ZETAUSDT.BGS
U32X:ZIGUSDT,TP,1,,0,ZIGUSDT.BGS
U32X:ZILUSDT,TP,1,,0,ZILUSDT.BGS
U32X:ZKCUSDT,TP,1,,0,ZKCUSDT.BGS
U32X:ZKJUSDT,TP,1,,0,ZKJUSDT.BGS
U32X:ZKLUSDT,TP,1,,0,ZKLUSDT.BGS
U32X:ZKUSDT,TP,1,,0,ZKUSDT.BGS
U32X:ZORAUSDT,TP,1,,0,ZORAUSDT.BGS
U32X:ZRCUSDT,TP,1,,0,ZRCUSDT.BGS
U32X:ZROUSDT,TP,1,,0,ZROUSDT.BGS
U32X:ZRXUSDT,TP,1,,0,ZRXUSDT.BGS
U32X:ZTCUSDT,TP,1,,0,ZTCUSDT.BGS
UBAF:0GUSDT.P,SP,1,,0,0GUSDT.P.BNBP
UBAF:1000000BOBUSDT.P,SP,1,,0,1000000BOBUSDT.P.BNBP
UBAF:1000000MOGUSDT.P,SP,1,,0,1000000MOGUSDT.P.BNBP
UBAF:1000BONKUSDC.P,SP,1,,0,1000BONKUSDC.P.BNBP
UBAF:1000BONKUSDT.P,SP,1,,0,1000BONKUSDT.P.BNBP
UBAF:1000CATUSDT.P,SP,1,,0,1000CATUSDT.P.BNBP
UBAF:1000CHEEMSUSDT.P,SP,1,,0,1000CHEEMSUSDT.P.BNBP
UBAF:1000FLOKIUSDT.P,SP,1,,0,1000FLOKIUSDT.P.BNBP
UBAF:1000LUNCUSDT.P,SP,1,,0,1000LUNCUSDT.P.BNBP
UBAF:1000PEPEUSDC.P,SP,1,,0,1000PEPEUSDC.P.BNBP
UBAF:1000PEPEUSDT.P,SP,1,,0,1000PEPEUSDT.P.BNBP
UBAF:1000RATSUSDT.P,SP,1,,0,1000RATSUSDT.P.BNBP
UBAF:1000SATSUSDT.P,SP,1,,0,1000SATSUSDT.P.BNBP
UBAF:1000SHIBUSDC.P,SP,1,,0,1000SHIBUSDC.P.BNBP
UBAF:1000SHIBUSDT.P,SP,1,,0,1000SHIBUSDT.P.BNBP
UBAF:1000WHYUSDT.P,SP,1,,0,1000WHYUSDT.P.BNBP
UBAF:1000XECUSDT.P,SP,1,,0,1000XECUSDT.P.BNBP
UBAF:1000XUSDT.P,SP,1,,0,1000XUSDT.P.BNBP
UBAF:1INCHUSDT.P,SP,1,,0,1INCHUSDT.P.BNBP
UBAF:1MBABYDOGEUSDT.P,SP,1,,0,1MBABYDOGEUSDT.P.BNBP
UBAF:2ZUSDT.P,SP,1,,0,2ZUSDT.P.BNBP
UBAF:42USDT.P,SP,1,,0,42USDT.P.BNBP
UBAF:4USDT.P,SP,1,,0,4USDT.P.BNBP
UBAF:A2ZUSDT.P,SP,1,,0,A2ZUSDT.P.BNBP
UBAF:AAVEUSD.P,SP,1,,0,AAVEUSD.P.BNBP
UBAF:AAVEUSDC.P,SP,1,,0,AAVEUSDC.P.BNBP
UBAF:AAVEUSDT.P,SP,1,,0,AAVEUSDT.P.BNBP
UBAF:ACEUSDT.P,SP,1,,0,ACEUSDT.P.BNBP
UBAF:ACHUSDT.P,SP,1,,0,ACHUSDT.P.BNBP
UBAF:ACTUSDT.P,SP,1,,0,ACTUSDT.P.BNBP
UBAF:ACUUSDT.P,SP,1,,0,ACUUSDT.P.BNBP
UBAF:ACXUSDT.P,SP,1,,0,ACXUSDT.P.BNBP
UBAF:ADAUSD.250926,FP,1,,0,ADAUSD.250926.BNBF
UBAF:ADAUSD.P,SP,1,,0,ADAUSD.P.BNBP
UBAF:ADAUSDC.P,SP,1,,0,ADAUSDC.P.BNBP
UBAF:ADAUSDT.P,SP,1,,0,ADAUSDT.P.BNBP
UBAF:AERGOUSDT.P,SP,1,,0,AERGOUSDT.P.BNBP
UBAF:AEROUSDT.P,SP,1,,0,AEROUSDT.P.BNBP
UBAF:AEVOUSDT.P,SP,1,,0,AEVOUSDT.P.BNBP
UBAF:AGIXUSDT.P,SP,1,,0,AGIXUSDT.P.BNBP
UBAF:AGLDUSDT.P,SP,1,,0,AGLDUSDT.P.BNBP
UBAF:AGTUSDT.P,SP,1,,0,AGTUSDT.P.BNBP
UBAF:AI16ZUSDT.P,SP,1,,0,AI16ZUSDT.P.BNBP
UBAF:AIAUSDT.P,SP,1,,0,AIAUSDT.P.BNBP
UBAF:AINUSDT.P,SP,1,,0,AINUSDT.P.BNBP
UBAF:AIOTUSDT.P,SP,1,,0,AIOTUSDT.P.BNBP
UBAF:AIOUSDT.P,SP,1,,0,AIOUSDT.P.BNBP
UBAF:AIUSDT.P,SP,1,,0,AIUSDT.P.BNBP
UBAF:AIXBTUSDT.P,SP,1,,0,AIXBTUSDT.P.BNBP
UBAF:AKEUSDT.P,SP,1,,0,AKEUSDT.P.BNBP
UBAF:AKTUSDT.P,SP,1,,0,AKTUSDT.P.BNBP
UBAF:ALCHUSDT.P,SP,1,,0,ALCHUSDT.P.BNBP
UBAF:ALGOUSD.P,SP,1,,0,ALGOUSD.P.BNBP
UBAF:ALGOUSDT.P,SP,1,,0,ALGOUSDT.P.BNBP
UBAF:ALICEUSDT.P,SP,1,,0,ALICEUSDT.P.BNBP
UBAF:ALLOUSDT.P,SP,1,,0,ALLOUSDT.P.BNBP
UBAF:ALPACAUSDT.P,SP,1,,0,ALPACAUSDT.P.BNBP
UBAF:ALPHAUSDT.P,SP,1,,0,ALPHAUSDT.P.BNBP
UBAF:ALPINEUSDT.P,SP,1,,0,ALPINEUSDT.P.BNBP
UBAF:ALTUSDT.P,SP,1,,0,ALTUSDT.P.BNBP
UBAF:AMBUSDT.P,SP,1,,0,AMBUSDT.P.BNBP
UBAF:ANIMEUSDT.P,SP,1,,0,ANIMEUSDT.P.BNBP
UBAF:ANKRUSDT.P,SP,1,,0,ANKRUSDT.P.BNBP
UBAF:APEUSD.P,SP,1,,0,APEUSD.P.BNBP
UBAF:APEUSDT.P,SP,1,,0,APEUSDT.P.BNBP
UBAF:API3USDT.P,SP,1,,0,API3USDT.P.BNBP
UBAF:APRUSDT.P,SP,1,,0,APRUSDT.P.BNBP
UBAF:APTUSD.P,SP,1,,0,APTUSD.P.BNBP
UBAF:APTUSDT.P,SP,1,,0,APTUSDT.P.BNBP
UBAF:ARBUSDC.P,SP,1,,0,ARBUSDC.P.BNBP
UBAF:ARBUSDT.P,SP,1,,0,ARBUSDT.P.BNBP
UBAF:ARCUSDT.P,SP,1,,0,ARCUSDT.P.BNBP
UBAF:ARIAUSDT.P,SP,1,,0,ARIAUSDT.P.BNBP
UBAF:ARKMUSDT.P,SP,1,,0,ARKMUSDT.P.BNBP
UBAF:ARKUSDT.P,SP,1,,0,ARKUSDT.P.BNBP
UBAF:ARPAUSDT.P,SP,1,,0,ARPAUSDT.P.BNBP
UBAF:ARUSDT.P,SP,1,,0,ARUSDT.P.BNBP
UBAF:ASRUSDT.P,SP,1,,0,ASRUSDT.P.BNBP
UBAF:ASTERUSDT.P,SP,1,,0,ASTERUSDT.P.BNBP
UBAF:ASTRUSDT.P,SP,1,,0,ASTRUSDT.P.BNBP
UBAF:ATAUSDT.P,SP,1,,0,ATAUSDT.P.BNBP
UBAF:ATHUSDT.P,SP,1,,0,ATHUSDT.P.BNBP
UBAF:ATOMUSD.P,SP,1,,0,ATOMUSD.P.BNBP
UBAF:ATOMUSDT.P,SP,1,,0,ATOMUSDT.P.BNBP
UBAF:ATUSDT.P,SP,1,,0,ATUSDT.P.BNBP
UBAF:AUCTIONUSDT.P,SP,1,,0,AUCTIONUSDT.P.BNBP
UBAF:AUSDT.P,SP,1,,0,AUSDT.P.BNBP
UBAF:AVAAIUSDT.P,SP,1,,0,AVAAIUSDT.P.BNBP
UBAF:AVAUSDT.P,SP,1,,0,AVAUSDT.P.BNBP
UBAF:AVAXUSD.P,SP,1,,0,AVAXUSD.P.BNBP
UBAF:AVAXUSDC.P,SP,1,,0,AVAXUSDC.P.BNBP
UBAF:AVAXUSDT.P,SP,1,,0,AVAXUSDT.P.BNBP
UBAF:AVNTUSDT.P,SP,1,,0,AVNTUSDT.P.BNBP
UBAF:AWEUSDT.P,SP,1,,0,AWEUSDT.P.BNBP
UBAF:AXLUSDT.P,SP,1,,0,AXLUSDT.P.BNBP
UBAF:AXSUSD.P,SP,1,,0,AXSUSD.P.BNBP
UBAF:AXSUSDT.P,SP,1,,0,AXSUSDT.P.BNBP
UBAF:AZTECUSDT.P,SP,1,,0,AZTECUSDT.P.BNBP
UBAF:B2USDT.P,SP,1,,0,B2USDT.P.BNBP
UBAF:B3USDT.P,SP,1,,0,B3USDT.P.BNBP
UBAF:BABYUSDT.P,SP,1,,0,BABYUSDT.P.BNBP
UBAF:BADGERUSDT.P,SP,1,,0,BADGERUSDT.P.BNBP
UBAF:BAKEUSDT.P,SP,1,,0,BAKEUSDT.P.BNBP
UBAF:BALUSDT.P,SP,1,,0,BALUSDT.P.BNBP
UBAF:BANANAS31USDT.P,SP,1,,0,BANANAS31USDT.P.BNBP
UBAF:BANANAUSDT.P,SP,1,,0,BANANAUSDT.P.BNBP
UBAF:BANDUSDT.P,SP,1,,0,BANDUSDT.P.BNBP
UBAF:BANKUSDT.P,SP,1,,0,BANKUSDT.P.BNBP
UBAF:BANUSDT.P,SP,1,,0,BANUSDT.P.BNBP
UBAF:BARDUSDT.P,SP,1,,0,BARDUSDT.P.BNBP
UBAF:BASUSDT.P,SP,1,,0,BASUSDT.P.BNBP
UBAF:BATUSDT.P,SP,1,,0,BATUSDT.P.BNBP
UBAF:BBUSDT.P,SP,1,,0,BBUSDT.P.BNBP
UBAF:BCHUSD.250926,FP,1,,0,BCHUSD.250926.BNBF
UBAF:BCHUSD.P,SP,1,,0,BCHUSD.P.BNBP
UBAF:BCHUSDC.P,SP,1,,0,BCHUSDC.P.BNBP
UBAF:BCHUSDT.P,SP,1,,0,BCHUSDT.P.BNBP
UBAF:BDXNUSDT.P,SP,1,,0,BDXNUSDT.P.BNBP
UBAF:BEAMXUSDT.P,SP,1,,0,BEAMXUSDT.P.BNBP
UBAF:BEATUSDT.P,SP,1,,0,BEATUSDT.P.BNBP
UBAF:BELUSDT.P,SP,1,,0,BELUSDT.P.BNBP
UBAF:BERAUSDT.P,SP,1,,0,BERAUSDT.P.BNBP
UBAF:BICOUSDT.P,SP,1,,0,BICOUSDT.P.BNBP
UBAF:BIDUSDT.P,SP,1,,0,BIDUSDT.P.BNBP
UBAF:BIGTIMEUSDT.P,SP,1,,0,BIGTIMEUSDT.P.BNBP
UBAF:BIOUSDC.P,SP,1,,0,BIOUSDC.P.BNBP
UBAF:BIOUSDT.P,SP,1,,0,BIOUSDT.P.BNBP
UBAF:BIRBUSDT.P,SP,1,,0,BIRBUSDT.P.BNBP
UBAF:BLESSUSDT.P,SP,1,,0,BLESSUSDT.P.BNBP
UBAF:BLUAIUSDT.P,SP,1,,0,BLUAIUSDT.P.BNBP
UBAF:BLURUSDT.P,SP,1,,0,BLURUSDT.P.BNBP
UBAF:BLZUSDT.P,SP,1,,0,BLZUSDT.P.BNBP
UBAF:BMTUSDT.P,SP,1,,0,BMTUSDT.P.BNBP
UBAF:BNBUSD.250926,FP,1,,0,BNBUSD.250926.BNBF
UBAF:BNBUSD.251226,FP,1,,0,BNBUSD.251226.BNBF
UBAF:BNBUSD.260327,FP,1,,0,BNBUSD.260327.BNBF
UBAF:BNBUSD.260626,FP,1,,0,BNBUSD.260626.BNBF
UBAF:BNBUSD.P,SP,1,,0,BNBUSD.P.BNBP
UBAF:BNBUSDC.P,SP,1,,0,BNBUSDC.P.BNBP
UBAF:BNBUSDT.P,SP,1,,0,BNBUSDT.P.BNBP
UBAF:BNTUSDT.P,SP,1,,0,BNTUSDT.P.BNBP
UBAF:BNXUSDT.P,SP,1,,0,BNXUSDT.P.BNBP
UBAF:BOBUSDT.P,SP,1,,0,BOBUSDT.P.BNBP
UBAF:BOMEUSDC.P,SP,1,,0,BOMEUSDC.P.BNBP
UBAF:BOMEUSDT.P,SP,1,,0,BOMEUSDT.P.BNBP
UBAF:BONDUSDT.P,SP,1,,0,BONDUSDT.P.BNBP
UBAF:BRETTUSDT.P,SP,1,,0,BRETTUSDT.P.BNBP
UBAF:BREVUSDT.P,SP,1,,0,BREVUSDT.P.BNBP
UBAF:BROCCOLI714USDT.P,SP,1,,0,BROCCOLI714USDT.P.BNBP
UBAF:BROCCOLIF3BUSDT.P,SP,1,,0,BROCCOLIF3BUSDT.P.BNBP
UBAF:BRUSDT.P,SP,1,,0,BRUSDT.P.BNBP
UBAF:BSVUSDT.P,SP,1,,0,BSVUSDT.P.BNBP
UBAF:BSWUSDT.P,SP,1,,0,BSWUSDT.P.BNBP
UBAF:BTCSTUSDT.P,SP,1,,0,BTCSTUSDT.P.BNBP
UBAF:BTCUSD.250926,FP,1,,0,BTCUSD.250926.BNBF
UBAF:BTCUSD.251226,FP,1,,0,BTCUSD.251226.BNBF
UBAF:BTCUSD.260327,FP,1,,0,BTCUSD.260327.BNBF
UBAF:BTCUSD.260626,FP,1,,0,BTCUSD.260626.BNBF
UBAF:BTCUSD.P,SP,1,,0,BTCUSD.P.BNBP
UBAF:BTCUSDC.P,SP,1,,0,BTCUSDC.P.BNBP
UBAF:BTCUSDT.250926,FP,1,,0,BTCUSDT.250926.BNBF
UBAF:BTCUSDT.251226,FP,1,,0,BTCUSDT.251226.BNBF
UBAF:BTCUSDT.260327,FP,1,,0,BTCUSDT.260327.BNBF
UBAF:BTCUSDT.260626,FP,1,,0,BTCUSDT.260626.BNBF
UBAF:BTCUSDT.P,SP,1,,0,BTCUSDT.P.BNBP
UBAF:BTRUSDT.P,SP,1,,0,BTRUSDT.P.BNBP
UBAF:BULLAUSDT.P,SP,1,,0,BULLAUSDT.P.BNBP
UBAF:BUSDT.P,SP,1,,0,BUSDT.P.BNBP
UBAF:C98USDT.P,SP,1,,0,C98USDT.P.BNBP
UBAF:CAKEUSDT.P,SP,1,,0,CAKEUSDT.P.BNBP
UBAF:CARVUSDT.P,SP,1,,0,CARVUSDT.P.BNBP
UBAF:CATIUSDT.P,SP,1,,0,CATIUSDT.P.BNBP
UBAF:CCUSDT.P,SP,1,,0,CCUSDT.P.BNBP
UBAF:CELOUSDT.P,SP,1,,0,CELOUSDT.P.BNBP
UBAF:CELRUSDT.P,SP,1,,0,CELRUSDT.P.BNBP
UBAF:CETUSUSDT.P,SP,1,,0,CETUSUSDT.P.BNBP
UBAF:CFGUSDT.P,SP,1,,0,CFGUSDT.P.BNBP
UBAF:CFXUSDT.P,SP,1,,0,CFXUSDT.P.BNBP
UBAF:CGPTUSDT.P,SP,1,,0,CGPTUSDT.P.BNBP
UBAF:CHESSUSDT.P,SP,1,,0,CHESSUSDT.P.BNBP
UBAF:CHILLGUYUSDT.P,SP,1,,0,CHILLGUYUSDT.P.BNBP
UBAF:CHRUSDT.P,SP,1,,0,CHRUSDT.P.BNBP
UBAF:CHZUSD.P,SP,1,,0,CHZUSD.P.BNBP
UBAF:CHZUSDT.P,SP,1,,0,CHZUSDT.P.BNBP
UBAF:CKBUSDT.P,SP,1,,0,CKBUSDT.P.BNBP
UBAF:CLANKERUSDT.P,SP,1,,0,CLANKERUSDT.P.BNBP
UBAF:CLOUSDT.P,SP,1,,0,CLOUSDT.P.BNBP
UBAF:COAIUSDT.P,SP,1,,0,COAIUSDT.P.BNBP
UBAF:COLLECTUSDT.P,SP,1,,0,COLLECTUSDT.P.BNBP
UBAF:COMBOUSDT.P,SP,1,,0,COMBOUSDT.P.BNBP
UBAF:COMMONUSDT.P,SP,1,,0,COMMONUSDT.P.BNBP
UBAF:COMPUSDT.P,SP,1,,0,COMPUSDT.P.BNBP
UBAF:COOKIEUSDT.P,SP,1,,0,COOKIEUSDT.P.BNBP
UBAF:COSUSDT.P,SP,1,,0,COSUSDT.P.BNBP
UBAF:COTIUSDT.P,SP,1,,0,COTIUSDT.P.BNBP
UBAF:COWUSDT.P,SP,1,,0,COWUSDT.P.BNBP
UBAF:CROSSUSDT.P,SP,1,,0,CROSSUSDT.P.BNBP
UBAF:CRVUSDC.P,SP,1,,0,CRVUSDC.P.BNBP
UBAF:CRVUSDT.P,SP,1,,0,CRVUSDT.P.BNBP
UBAF:CTKUSDT.P,SP,1,,0,CTKUSDT.P.BNBP
UBAF:CTSIUSDT.P,SP,1,,0,CTSIUSDT.P.BNBP
UBAF:CUDISUSDT.P,SP,1,,0,CUDISUSDT.P.BNBP
UBAF:CUSDT.P,SP,1,,0,CUSDT.P.BNBP
UBAF:CVCUSDT.P,SP,1,,0,CVCUSDT.P.BNBP
UBAF:CVXUSDT.P,SP,1,,0,CVXUSDT.P.BNBP
UBAF:CYBERUSDT.P,SP,1,,0,CYBERUSDT.P.BNBP
UBAF:CYSUSDT.P,SP,1,,0,CYSUSDT.P.BNBP
UBAF:DAMUSDT.P,SP,1,,0,DAMUSDT.P.BNBP
UBAF:DARUSDT.P,SP,1,,0,DARUSDT.P.BNBP
UBAF:DASHUSDT.P,SP,1,,0,DASHUSDT.P.BNBP
UBAF:DEEPUSDT.P,SP,1,,0,DEEPUSDT.P.BNBP
UBAF:DEGENUSDT.P,SP,1,,0,DEGENUSDT.P.BNBP
UBAF:DEGOUSDT.P,SP,1,,0,DEGOUSDT.P.BNBP
UBAF:DENTUSDT.P,SP,1,,0,DENTUSDT.P.BNBP
UBAF:DEXEUSDT.P,SP,1,,0,DEXEUSDT.P.BNBP
UBAF:DFUSDT.P,SP,1,,0,DFUSDT.P.BNBP
UBAF:DGBUSDT.P,SP,1,,0,DGBUSDT.P.BNBP
UBAF:DIAUSDT.P,SP,1,,0,DIAUSDT.P.BNBP
UBAF:DMCUSDT.P,SP,1,,0,DMCUSDT.P.BNBP
UBAF:DODOXUSDT.P,SP,1,,0,DODOXUSDT.P.BNBP
UBAF:DOGEUSD.P,SP,1,,0,DOGEUSD.P.BNBP
UBAF:DOGEUSDC.P,SP,1,,0,DOGEUSDC.P.BNBP
UBAF:DOGEUSDT.P,SP,1,,0,DOGEUSDT.P.BNBP
UBAF:DOGSUSD.P,SP,1,,0,DOGSUSD.P.BNBP
UBAF:DOGSUSDT.P,SP,1,,0,DOGSUSDT.P.BNBP
UBAF:DOLOUSDT.P,SP,1,,0,DOLOUSDT.P.BNBP
UBAF:DOODUSDT.P,SP,1,,0,DOODUSDT.P.BNBP
UBAF:DOTUSD.250926,FP,1,,0,DOTUSD.250926.BNBF
UBAF:DOTUSD.P,SP,1,,0,DOTUSD.P.BNBP
UBAF:DOTUSDT.P,SP,1,,0,DOTUSDT.P.BNBP
UBAF:DRIFTUSDT.P,SP,1,,0,DRIFTUSDT.P.BNBP
UBAF:DUSDT.P,SP,1,,0,DUSDT.P.BNBP
UBAF:DUSKUSDT.P,SP,1,,0,DUSKUSDT.P.BNBP
UBAF:DYDXUSDT.P,SP,1,,0,DYDXUSDT.P.BNBP
UBAF:DYMUSDT.P,SP,1,,0,DYMUSDT.P.BNBP
UBAF:EDENUSDT.P,SP,1,,0,EDENUSDT.P.BNBP
UBAF:EDUUSDT.P,SP,1,,0,EDUUSDT.P.BNBP
UBAF:EGLDUSD.P,SP,1,,0,EGLDUSD.P.BNBP
UBAF:EGLDUSDT.P,SP,1,,0,EGLDUSDT.P.BNBP
UBAF:EIGENUSDT.P,SP,1,,0,EIGENUSDT.P.BNBP
UBAF:ELSAUSDT.P,SP,1,,0,ELSAUSDT.P.BNBP
UBAF:ENAUSDC.P,SP,1,,0,ENAUSDC.P.BNBP
UBAF:ENAUSDT.P,SP,1,,0,ENAUSDT.P.BNBP
UBAF:ENJUSDT.P,SP,1,,0,ENJUSDT.P.BNBP
UBAF:ENSOUSDT.P,SP,1,,0,ENSOUSDT.P.BNBP
UBAF:ENSUSD.P,SP,1,,0,ENSUSD.P.BNBP
UBAF:ENSUSDT.P,SP,1,,0,ENSUSDT.P.BNBP
UBAF:EPICUSDT.P,SP,1,,0,EPICUSDT.P.BNBP
UBAF:EPTUSDT.P,SP,1,,0,EPTUSDT.P.BNBP
UBAF:ERAUSDT.P,SP,1,,0,ERAUSDT.P.BNBP
UBAF:ESPORTSUSDT.P,SP,1,,0,ESPORTSUSDT.P.BNBP
UBAF:ESPUSDT.P,SP,1,,0,ESPUSDT.P.BNBP
UBAF:ETCUSD.P,SP,1,,0,ETCUSD.P.BNBP
UBAF:ETCUSDT.P,SP,1,,0,ETCUSDT.P.BNBP
UBAF:ETHBTC.P,SP,1,,0,ETHBTC.P.BNBP
UBAF:ETHFIUSDC.P,SP,1,,0,ETHFIUSDC.P.BNBP
UBAF:ETHFIUSDT.P,SP,1,,0,ETHFIUSDT.P.BNBP
UBAF:ETHUSD.250926,FP,1,,0,ETHUSD.250926.BNBF
UBAF:ETHUSD.251226,FP,1,,0,ETHUSD.251226.BNBF
UBAF:ETHUSD.260327,FP,1,,0,ETHUSD.260327.BNBF
UBAF:ETHUSD.260626,FP,1,,0,ETHUSD.260626.BNBF
UBAF:ETHUSD.P,SP,1,,0,ETHUSD.P.BNBP
UBAF:ETHUSDC.P,SP,1,,0,ETHUSDC.P.BNBP
UBAF:ETHUSDT.250926,FP,1,,0,ETHUSDT.250926.BNBF
UBAF:ETHUSDT.251226,FP,1,,0,ETHUSDT.251226.BNBF
UBAF:ETHUSDT.260327,FP,1,,0,ETHUSDT.260327.BNBF
UBAF:ETHUSDT.260626,FP,1,,0,ETHUSDT.260626.BNBF
UBAF:ETHUSDT.P,SP,1,,0,ETHUSDT.P.BNBP
UBAF:ETHWUSDT.P,SP,1,,0,ETHWUSDT.P.BNBP
UBAF:EULUSDT.P,SP,1,,0,EULUSDT.P.BNBP
UBAF:EVAAUSDT.P,SP,1,,0,EVAAUSDT.P.BNBP
UBAF:FARTCOINUSDT.P,SP,1,,0,FARTCOINUSDT.P.BNBP
UBAF:FETUSDT.P,SP,1,,0,FETUSDT.P.BNBP
UBAF:FFUSDT.P,SP,1,,0,FFUSDT.P.BNBP
UBAF:FHEUSDT.P,SP,1,,0,FHEUSDT.P.BNBP
UBAF:FIDAUSDT.P,SP,1,,0,FIDAUSDT.P.BNBP
UBAF:FIGHTUSDT.P,SP,1,,0,FIGHTUSDT.P.BNBP
UBAF:FILUSD.P,SP,1,,0,FILUSD.P.BNBP
UBAF:FILUSDC.P,SP,1,,0,FILUSDC.P.BNBP
UBAF:FILUSDT.P,SP,1,,0,FILUSDT.P.BNBP
UBAF:FIOUSDT.P,SP,1,,0,FIOUSDT.P.BNBP
UBAF:FISUSDT.P,SP,1,,0,FISUSDT.P.BNBP
UBAF:FLMUSDT.P,SP,1,,0,FLMUSDT.P.BNBP
UBAF:FLOCKUSDT.P,SP,1,,0,FLOCKUSDT.P.BNBP
UBAF:FLOWUSDT.P,SP,1,,0,FLOWUSDT.P.BNBP
UBAF:FLUIDUSDT.P,SP,1,,0,FLUIDUSDT.P.BNBP
UBAF:FLUXUSDT.P,SP,1,,0,FLUXUSDT.P.BNBP
UBAF:FOGOUSDT.P,SP,1,,0,FOGOUSDT.P.BNBP
UBAF:FOLKSUSDT.P,SP,1,,0,FOLKSUSDT.P.BNBP
UBAF:FORMUSDT.P,SP,1,,0,FORMUSDT.P.BNBP
UBAF:FORTHUSDT.P,SP,1,,0,FORTHUSDT.P.BNBP
UBAF:FRAXUSDT.P,SP,1,,0,FRAXUSDT.P.BNBP
UBAF:FTMUSDT.P,SP,1,,0,FTMUSDT.P.BNBP
UBAF:FTTUSDT.P,SP,1,,0,FTTUSDT.P.BNBP
UBAF:FUNUSDT.P,SP,1,,0,FUNUSDT.P.BNBP
UBAF:FUSDT.P,SP,1,,0,FUSDT.P.BNBP
UBAF:FXSUSDT.P,SP,1,,0,FXSUSDT.P.BNBP
UBAF:GALAUSD.P,SP,1,,0,GALAUSD.P.BNBP
UBAF:GALAUSDT.P,SP,1,,0,GALAUSDT.P.BNBP
UBAF:GASUSDT.P,SP,1,,0,GASUSDT.P.BNBP
UBAF:GHSTUSDT.P,SP,1,,0,GHSTUSDT.P.BNBP
UBAF:GIGGLEUSDT.P,SP,1,,0,GIGGLEUSDT.P.BNBP
UBAF:GLMRUSDT.P,SP,1,,0,GLMRUSDT.P.BNBP
UBAF:GLMUSDT.P,SP,1,,0,GLMUSDT.P.BNBP
UBAF:GMTUSD.P,SP,1,,0,GMTUSD.P.BNBP
UBAF:GMTUSDT.P,SP,1,,0,GMTUSDT.P.BNBP
UBAF:GMXUSDT.P,SP,1,,0,GMXUSDT.P.BNBP
UBAF:GOATUSDT.P,SP,1,,0,GOATUSDT.P.BNBP
UBAF:GPSUSDT.P,SP,1,,0,GPSUSDT.P.BNBP
UBAF:GRASSUSDT.P,SP,1,,0,GRASSUSDT.P.BNBP
UBAF:GRIFFAINUSDT.P,SP,1,,0,GRIFFAINUSDT.P.BNBP
UBAF:GRTUSDT.P,SP,1,,0,GRTUSDT.P.BNBP
UBAF:GTCUSDT.P,SP,1,,0,GTCUSDT.P.BNBP
UBAF:GUAUSDT.P,SP,1,,0,GUAUSDT.P.BNBP
UBAF:GUNUSDT.P,SP,1,,0,GUNUSDT.P.BNBP
UBAF:GUSDT.P,SP,1,,0,GUSDT.P.BNBP
UBAF:GWEIUSDT.P,SP,1,,0,GWEIUSDT.P.BNBP
UBAF:HAEDALUSDT.P,SP,1,,0,HAEDALUSDT.P.BNBP
UBAF:HANAUSDT.P,SP,1,,0,HANAUSDT.P.BNBP
UBAF:HBARUSDC.P,SP,1,,0,HBARUSDC.P.BNBP
UBAF:HBARUSDT.P,SP,1,,0,HBARUSDT.P.BNBP
UBAF:HEIUSDT.P,SP,1,,0,HEIUSDT.P.BNBP
UBAF:HEMIUSDT.P,SP,1,,0,HEMIUSDT.P.BNBP
UBAF:HFTUSDT.P,SP,1,,0,HFTUSDT.P.BNBP
UBAF:HIFIUSDT.P,SP,1,,0,HIFIUSDT.P.BNBP
UBAF:HIGHUSDT.P,SP,1,,0,HIGHUSDT.P.BNBP
UBAF:HIPPOUSDT.P,SP,1,,0,HIPPOUSDT.P.BNBP
UBAF:HIVEUSDT.P,SP,1,,0,HIVEUSDT.P.BNBP
UBAF:HMSTRUSDT.P,SP,1,,0,HMSTRUSDT.P.BNBP
UBAF:HOLOUSDT.P,SP,1,,0,HOLOUSDT.P.BNBP
UBAF:HOMEUSDT.P,SP,1,,0,HOMEUSDT.P.BNBP
UBAF:HOOKUSDT.P,SP,1,,0,HOOKUSDT.P.BNBP
UBAF:HOTUSDT.P,SP,1,,0,HOTUSDT.P.BNBP
UBAF:HUMAUSDT.P,SP,1,,0,HUMAUSDT.P.BNBP
UBAF:HUSDT.P,SP,1,,0,HUSDT.P.BNBP
UBAF:HYPERUSDT.P,SP,1,,0,HYPERUSDT.P.BNBP
UBAF:HYPEUSDT.P,SP,1,,0,HYPEUSDT.P.BNBP
UBAF:ICNTUSDT.P,SP,1,,0,ICNTUSDT.P.BNBP
UBAF:ICPUSDT.P,SP,1,,0,ICPUSDT.P.BNBP
UBAF:ICXUSD.P,SP,1,,0,ICXUSD.P.BNBP
UBAF:ICXUSDT.P,SP,1,,0,ICXUSDT.P.BNBP
UBAF:IDEXUSDT.P,SP,1,,0,IDEXUSDT.P.BNBP
UBAF:IDOLUSDT.P,SP,1,,0,IDOLUSDT.P.BNBP
UBAF:IDUSDT.P,SP,1,,0,IDUSDT.P.BNBP
UBAF:ILVUSDT.P,SP,1,,0,ILVUSDT.P.BNBP
UBAF:IMXUSDT.P,SP,1,,0,IMXUSDT.P.BNBP
UBAF:INITUSDT.P,SP,1,,0,INITUSDT.P.BNBP
UBAF:INJUSDT.P,SP,1,,0,INJUSDT.P.BNBP
UBAF:INUSDT.P,SP,1,,0,INUSDT.P.BNBP
UBAF:INXUSDT.P,SP,1,,0,INXUSDT.P.BNBP
UBAF:IOSTUSDT.P,SP,1,,0,IOSTUSDT.P.BNBP
UBAF:IOTAUSDT.P,SP,1,,0,IOTAUSDT.P.BNBP
UBAF:IOTXUSDT.P,SP,1,,0,IOTXUSDT.P.BNBP
UBAF:IOUSDT.P,SP,1,,0,IOUSDT.P.BNBP
UBAF:IPUSDC.P,SP,1,,0,IPUSDC.P.BNBP
UBAF:IPUSDT.P,SP,1,,0,IPUSDT.P.BNBP
UBAF:IRUSDT.P,SP,1,,0,IRUSDT.P.BNBP
UBAF:IRYSUSDT.P,SP,1,,0,IRYSUSDT.P.BNBP
UBAF:JASMYUSDT.P,SP,1,,0,JASMYUSDT.P.BNBP
UBAF:JCTUSDT.P,SP,1,,0,JCTUSDT.P.BNBP
UBAF:JELLYJELLYUSDT.P,SP,1,,0,JELLYJELLYUSDT.P.BNBP
UBAF:JOEUSDT.P,SP,1,,0,JOEUSDT.P.BNBP
UBAF:JSTUSDT.P,SP,1,,0,JSTUSDT.P.BNBP
UBAF:JTOUSDT.P,SP,1,,0,JTOUSDT.P.BNBP
UBAF:JUPUSDT.P,SP,1,,0,JUPUSDT.P.BNBP
UBAF:KAIAUSDT.P,SP,1,,0,KAIAUSDT.P.BNBP
UBAF:KAITOUSDC.P,SP,1,,0,KAITOUSDC.P.BNBP
UBAF:KAITOUSDT.P,SP,1,,0,KAITOUSDT.P.BNBP
UBAF:KASUSDT.P,SP,1,,0,KASUSDT.P.BNBP
UBAF:KATUSDT.P,SP,1,,0,KATUSDT.P.BNBP
UBAF:KAVAUSDT.P,SP,1,,0,KAVAUSDT.P.BNBP
UBAF:KDAUSDT.P,SP,1,,0,KDAUSDT.P.BNBP
UBAF:KERNELUSDT.P,SP,1,,0,KERNELUSDT.P.BNBP
UBAF:KEYUSDT.P,SP,1,,0,KEYUSDT.P.BNBP
UBAF:KGENUSDT.P,SP,1,,0,KGENUSDT.P.BNBP
UBAF:KITEUSDT.P,SP,1,,0,KITEUSDT.P.BNBP
UBAF:KLAYUSDT.P,SP,1,,0,KLAYUSDT.P.BNBP
UBAF:KMNOUSDT.P,SP,1,,0,KMNOUSDT.P.BNBP
UBAF:KNCUSD.P,SP,1,,0,KNCUSD.P.BNBP
UBAF:KNCUSDT.P,SP,1,,0,KNCUSDT.P.BNBP
UBAF:KOMAUSDT.P,SP,1,,0,KOMAUSDT.P.BNBP
UBAF:KSMUSDT.P,SP,1,,0,KSMUSDT.P.BNBP
UBAF:LABUSDT.P,SP,1,,0,LABUSDT.P.BNBP
UBAF:LAUSDT.P,SP,1,,0,LAUSDT.P.BNBP
UBAF:LAYERUSDT.P,SP,1,,0,LAYERUSDT.P.BNBP
UBAF:LDOUSDT.P,SP,1,,0,LDOUSDT.P.BNBP
UBAF:LEVERUSDT.P,SP,1,,0,LEVERUSDT.P.BNBP
UBAF:LIGHTUSDT.P,SP,1,,0,LIGHTUSDT.P.BNBP
UBAF:LINAUSDT.P,SP,1,,0,LINAUSDT.P.BNBP
UBAF:LINEAUSDT.P,SP,1,,0,LINEAUSDT.P.BNBP
UBAF:LINKUSD.250926,FP,1,,0,LINKUSD.250926.BNBF
UBAF:LINKUSD.P,SP,1,,0,LINKUSD.P.BNBP
UBAF:LINKUSDC.P,SP,1,,0,LINKUSDC.P.BNBP
UBAF:LINKUSDT.P,SP,1,,0,LINKUSDT.P.BNBP
UBAF:LISTAUSDT.P,SP,1,,0,LISTAUSDT.P.BNBP
UBAF:LITUSDT.P,SP,1,,0,LITUSDT.P.BNBP
UBAF:LOKAUSDT.P,SP,1,,0,LOKAUSDT.P.BNBP
UBAF:LOOMUSDT.P,SP,1,,0,LOOMUSDT.P.BNBP
UBAF:LPTUSDT.P,SP,1,,0,LPTUSDT.P.BNBP
UBAF:LQTYUSDT.P,SP,1,,0,LQTYUSDT.P.BNBP
UBAF:LRCUSDT.P,SP,1,,0,LRCUSDT.P.BNBP
UBAF:LSKUSDT.P,SP,1,,0,LSKUSDT.P.BNBP
UBAF:LTCUSD.250926,FP,1,,0,LTCUSD.250926.BNBF
UBAF:LTCUSD.P,SP,1,,0,LTCUSD.P.BNBP
UBAF:LTCUSDC.P,SP,1,,0,LTCUSDC.P.BNBP
UBAF:LTCUSDT.P,SP,1,,0,LTCUSDT.P.BNBP
UBAF:LUMIAUSDT.P,SP,1,,0,LUMIAUSDT.P.BNBP
UBAF:LUNA2USDT.P,SP,1,,0,LUNA2USDT.P.BNBP
UBAF:LYNUSDT.P,SP,1,,0,LYNUSDT.P.BNBP
UBAF:MAGICUSDT.P,SP,1,,0,MAGICUSDT.P.BNBP
UBAF:MAGMAUSDT.P,SP,1,,0,MAGMAUSDT.P.BNBP
UBAF:MANAUSD.P,SP,1,,0,MANAUSD.P.BNBP
UBAF:MANAUSDT.P,SP,1,,0,MANAUSDT.P.BNBP
UBAF:MANTAUSDT.P,SP,1,,0,MANTAUSDT.P.BNBP
UBAF:MANTRAUSDT.P,SP,1,,0,MANTRAUSDT.P.BNBP
UBAF:MASKUSDT.P,SP,1,,0,MASKUSDT.P.BNBP
UBAF:MAVIAUSDT.P,SP,1,,0,MAVIAUSDT.P.BNBP
UBAF:MAVUSDT.P,SP,1,,0,MAVUSDT.P.BNBP
UBAF:MBOXUSDT.P,SP,1,,0,MBOXUSDT.P.BNBP
UBAF:MDTUSDT.P,SP,1,,0,MDTUSDT.P.BNBP
UBAF:MEGAUSDT.P,SP,1,,0,MEGAUSDT.P.BNBP
UBAF:MELANIAUSDT.P,SP,1,,0,MELANIAUSDT.P.BNBP
UBAF:MEMEFIUSDT.P,SP,1,,0,MEMEFIUSDT.P.BNBP
UBAF:MEMEUSDT.P,SP,1,,0,MEMEUSDT.P.BNBP
UBAF:MERLUSDT.P,SP,1,,0,MERLUSDT.P.BNBP
UBAF:METISUSDT.P,SP,1,,0,METISUSDT.P.BNBP
UBAF:METUSDT.P,SP,1,,0,METUSDT.P.BNBP
UBAF:MEUSDT.P,SP,1,,0,MEUSDT.P.BNBP
UBAF:MEWUSDT.P,SP,1,,0,MEWUSDT.P.BNBP
UBAF:MILKUSDT.P,SP,1,,0,MILKUSDT.P.BNBP
UBAF:MINAUSDT.P,SP,1,,0,MINAUSDT.P.BNBP
UBAF:MIRAUSDT.P,SP,1,,0,MIRAUSDT.P.BNBP
UBAF:MITOUSDT.P,SP,1,,0,MITOUSDT.P.BNBP
UBAF:MKRUSDT.P,SP,1,,0,MKRUSDT.P.BNBP
UBAF:MLNUSDT.P,SP,1,,0,MLNUSDT.P.BNBP
UBAF:MMTUSDT.P,SP,1,,0,MMTUSDT.P.BNBP
UBAF:MOCAUSDT.P,SP,1,,0,MOCAUSDT.P.BNBP
UBAF:MONUSDT.P,SP,1,,0,MONUSDT.P.BNBP
UBAF:MOODENGUSDT.P,SP,1,,0,MOODENGUSDT.P.BNBP
UBAF:MORPHOUSDT.P,SP,1,,0,MORPHOUSDT.P.BNBP
UBAF:MOVEUSDT.P,SP,1,,0,MOVEUSDT.P.BNBP
UBAF:MOVRUSDT.P,SP,1,,0,MOVRUSDT.P.BNBP
UBAF:MTLUSDT.P,SP,1,,0,MTLUSDT.P.BNBP
UBAF:MUBARAKUSDT.P,SP,1,,0,MUBARAKUSDT.P.BNBP
UBAF:MUSDT.P,SP,1,,0,MUSDT.P.BNBP
UBAF:MYROUSDT.P,SP,1,,0,MYROUSDT.P.BNBP
UBAF:MYXUSDT.P,SP,1,,0,MYXUSDT.P.BNBP
UBAF:NAORISUSDT.P,SP,1,,0,NAORISUSDT.P.BNBP
UBAF:NEARUSD.P,SP,1,,0,NEARUSD.P.BNBP
UBAF:NEARUSDC.P,SP,1,,0,NEARUSDC.P.BNBP
UBAF:NEARUSDT.P,SP,1,,0,NEARUSDT.P.BNBP
UBAF:NEIROETHUSDT.P,SP,1,,0,NEIROETHUSDT.P.BNBP
UBAF:NEIROUSDT.P,SP,1,,0,NEIROUSDT.P.BNBP
UBAF:NEOUSDC.P,SP,1,,0,NEOUSDC.P.BNBP
UBAF:NEOUSDT.P,SP,1,,0,NEOUSDT.P.BNBP
UBAF:NEWTUSDT.P,SP,1,,0,NEWTUSDT.P.BNBP
UBAF:NFPUSDT.P,SP,1,,0,NFPUSDT.P.BNBP
UBAF:NIGHTUSDT.P,SP,1,,0,NIGHTUSDT.P.BNBP
UBAF:NILUSDT.P,SP,1,,0,NILUSDT.P.BNBP
UBAF:NKNUSDT.P,SP,1,,0,NKNUSDT.P.BNBP
UBAF:NMRUSDT.P,SP,1,,0,NMRUSDT.P.BNBP
UBAF:NOMUSDT.P,SP,1,,0,NOMUSDT.P.BNBP
UBAF:NOTUSDT.P,SP,1,,0,NOTUSDT.P.BNBP
UBAF:NTRNUSDT.P,SP,1,,0,NTRNUSDT.P.BNBP
UBAF:NULSUSDT.P,SP,1,,0,NULSUSDT.P.BNBP
UBAF:NXPCUSDT.P,SP,1,,0,NXPCUSDT.P.BNBP
UBAF:OBOLUSDT.P,SP,1,,0,OBOLUSDT.P.BNBP
UBAF:OCEANUSDT.P,SP,1,,0,OCEANUSDT.P.BNBP
UBAF:OGNUSDT.P,SP,1,,0,OGNUSDT.P.BNBP
UBAF:OGUSDT.P,SP,1,,0,OGUSDT.P.BNBP
UBAF:OLUSDT.P,SP,1,,0,OLUSDT.P.BNBP
UBAF:OMGUSDT.P,SP,1,,0,OMGUSDT.P.BNBP
UBAF:OMNIUSDT.P,SP,1,,0,OMNIUSDT.P.BNBP
UBAF:OMUSDT.P,SP,1,,0,OMUSDT.P.BNBP
UBAF:ONDOUSDT.P,SP,1,,0,ONDOUSDT.P.BNBP
UBAF:ONEUSDT.P,SP,1,,0,ONEUSDT.P.BNBP
UBAF:ONGUSDT.P,SP,1,,0,ONGUSDT.P.BNBP
UBAF:ONTUSDT.P,SP,1,,0,ONTUSDT.P.BNBP
UBAF:ONUSDT.P,SP,1,,0,ONUSDT.P.BNBP
UBAF:OPENUSDT.P,SP,1,,0,OPENUSDT.P.BNBP
UBAF:OPNUSDT.P,SP,1,,0,OPNUSDT.P.BNBP
UBAF:OPUSD.P,SP,1,,0,OPUSD.P.BNBP
UBAF:OPUSDT.P,SP,1,,0,OPUSDT.P.BNBP
UBAF:ORBSUSDT.P,SP,1,,0,ORBSUSDT.P.BNBP
UBAF:ORCAUSDT.P,SP,1,,0,ORCAUSDT.P.BNBP
UBAF:ORDERUSDT.P,SP,1,,0,ORDERUSDT.P.BNBP
UBAF:ORDIUSDC.P,SP,1,,0,ORDIUSDC.P.BNBP
UBAF:ORDIUSDT.P,SP,1,,0,ORDIUSDT.P.BNBP
UBAF:OXTUSDT.P,SP,1,,0,OXTUSDT.P.BNBP
UBAF:PARTIUSDT.P,SP,1,,0,PARTIUSDT.P.BNBP
UBAF:PAXGUSDT.P,SP,1,,0,PAXGUSDT.P.BNBP
UBAF:PENDLEUSDT.P,SP,1,,0,PENDLEUSDT.P.BNBP
UBAF:PENGUUSDC.P,SP,1,,0,PENGUUSDC.P.BNBP
UBAF:PENGUUSDT.P,SP,1,,0,PENGUUSDT.P.BNBP
UBAF:PEOPLEUSDT.P,SP,1,,0,PEOPLEUSDT.P.BNBP
UBAF:PERPUSDT.P,SP,1,,0,PERPUSDT.P.BNBP
UBAF:PHAUSDT.P,SP,1,,0,PHAUSDT.P.BNBP
UBAF:PHBUSDT.P,SP,1,,0,PHBUSDT.P.BNBP
UBAF:PIEVERSEUSDT.P,SP,1,,0,PIEVERSEUSDT.P.BNBP
UBAF:PIPPINUSDT.P,SP,1,,0,PIPPINUSDT.P.BNBP
UBAF:PIXELUSDT.P,SP,1,,0,PIXELUSDT.P.BNBP
UBAF:PLAYUSDT.P,SP,1,,0,PLAYUSDT.P.BNBP
UBAF:PLUMEUSDT.P,SP,1,,0,PLUMEUSDT.P.BNBP
UBAF:PNUTUSDC.P,SP,1,,0,PNUTUSDC.P.BNBP
UBAF:PNUTUSDT.P,SP,1,,0,PNUTUSDT.P.BNBP
UBAF:POLUSDT.P,SP,1,,0,POLUSDT.P.BNBP
UBAF:POLYXUSDT.P,SP,1,,0,POLYXUSDT.P.BNBP
UBAF:PONKEUSDT.P,SP,1,,0,PONKEUSDT.P.BNBP
UBAF:POPCATUSDT.P,SP,1,,0,POPCATUSDT.P.BNBP
UBAF:PORT3USDT.P,SP,1,,0,PORT3USDT.P.BNBP
UBAF:PORTALUSDT.P,SP,1,,0,PORTALUSDT.P.BNBP
UBAF:POWERUSDT.P,SP,1,,0,POWERUSDT.P.BNBP
UBAF:POWRUSDT.P,SP,1,,0,POWRUSDT.P.BNBP
UBAF:PROMPTUSDT.P,SP,1,,0,PROMPTUSDT.P.BNBP
UBAF:PROMUSDT.P,SP,1,,0,PROMUSDT.P.BNBP
UBAF:PROVEUSDT.P,SP,1,,0,PROVEUSDT.P.BNBP
UBAF:PTBUSDT.P,SP,1,,0,PTBUSDT.P.BNBP
UBAF:PUFFERUSDT.P,SP,1,,0,PUFFERUSDT.P.BNBP
UBAF:PUMPBTCUSDT.P,SP,1,,0,PUMPBTCUSDT.P.BNBP
UBAF:PUMPUSDT.P,SP,1,,0,PUMPUSDT.P.BNBP
UBAF:PUNDIXUSDT.P,SP,1,,0,PUNDIXUSDT.P.BNBP
UBAF:PYTHUSDT.P,SP,1,,0,PYTHUSDT.P.BNBP
UBAF:QNTUSDT.P,SP,1,,0,QNTUSDT.P.BNBP
UBAF:QTUMUSDT.P,SP,1,,0,QTUMUSDT.P.BNBP
UBAF:QUICKUSDT.P,SP,1,,0,QUICKUSDT.P.BNBP
UBAF:QUSDT.P,SP,1,,0,QUSDT.P.BNBP
UBAF:RADUSDT.P,SP,1,,0,RADUSDT.P.BNBP
UBAF:RAREUSDT.P,SP,1,,0,RAREUSDT.P.BNBP
UBAF:RAVEUSDT.P,SP,1,,0,RAVEUSDT.P.BNBP
UBAF:RAYSOLUSDT.P,SP,1,,0,RAYSOLUSDT.P.BNBP
UBAF:RAYUSDT.P,SP,1,,0,RAYUSDT.P.BNBP
UBAF:RDNTUSDT.P,SP,1,,0,RDNTUSDT.P.BNBP
UBAF:RECALLUSDT.P,SP,1,,0,RECALLUSDT.P.BNBP
UBAF:REDUSDT.P,SP,1,,0,REDUSDT.P.BNBP
UBAF:REEFUSDT.P,SP,1,,0,REEFUSDT.P.BNBP
UBAF:REIUSDT.P,SP,1,,0,REIUSDT.P.BNBP
UBAF:RENDERUSDT.P,SP,1,,0,RENDERUSDT.P.BNBP
UBAF:RENUSDT.P,SP,1,,0,RENUSDT.P.BNBP
UBAF:RESOLVUSDT.P,SP,1,,0,RESOLVUSDT.P.BNBP
UBAF:REZUSDT.P,SP,1,,0,REZUSDT.P.BNBP
UBAF:RIFUSDT.P,SP,1,,0,RIFUSDT.P.BNBP
UBAF:RIVERUSDT.P,SP,1,,0,RIVERUSDT.P.BNBP
UBAF:RLCUSDT.P,SP,1,,0,RLCUSDT.P.BNBP
UBAF:RLSUSDT.P,SP,1,,0,RLSUSDT.P.BNBP
UBAF:ROBOUSDT.P,SP,1,,0,ROBOUSDT.P.BNBP
UBAF:RONINUSDT.P,SP,1,,0,RONINUSDT.P.BNBP
UBAF:ROSEUSD.P,SP,1,,0,ROSEUSD.P.BNBP
UBAF:ROSEUSDT.P,SP,1,,0,ROSEUSDT.P.BNBP
UBAF:RPLUSDT.P,SP,1,,0,RPLUSDT.P.BNBP
UBAF:RSRUSDT.P,SP,1,,0,RSRUSDT.P.BNBP
UBAF:RUNEUSD.P,SP,1,,0,RUNEUSD.P.BNBP
UBAF:RUNEUSDT.P,SP,1,,0,RUNEUSDT.P.BNBP
UBAF:RVNUSDT.P,SP,1,,0,RVNUSDT.P.BNBP
UBAF:RVVUSDT.P,SP,1,,0,RVVUSDT.P.BNBP
UBAF:SAFEUSDT.P,SP,1,,0,SAFEUSDT.P.BNBP
UBAF:SAGAUSDT.P,SP,1,,0,SAGAUSDT.P.BNBP
UBAF:SAHARAUSDT.P,SP,1,,0,SAHARAUSDT.P.BNBP
UBAF:SANDUSD.P,SP,1,,0,SANDUSD.P.BNBP
UBAF:SANDUSDT.P,SP,1,,0,SANDUSDT.P.BNBP
UBAF:SANTOSUSDT.P,SP,1,,0,SANTOSUSDT.P.BNBP
UBAF:SAPIENUSDT.P,SP,1,,0,SAPIENUSDT.P.BNBP
UBAF:SCRTUSDT.P,SP,1,,0,SCRTUSDT.P.BNBP
UBAF:SCRUSDT.P,SP,1,,0,SCRUSDT.P.BNBP
UBAF:SCUSDT.P,SP,1,,0,SCUSDT.P.BNBP
UBAF:SEIUSDT.P,SP,1,,0,SEIUSDT.P.BNBP
UBAF:SENTUSDT.P,SP,1,,0,SENTUSDT.P.BNBP
UBAF:SFPUSDT.P,SP,1,,0,SFPUSDT.P.BNBP
UBAF:SHELLUSDT.P,SP,1,,0,SHELLUSDT.P.BNBP
UBAF:SIGNUSDT.P,SP,1,,0,SIGNUSDT.P.BNBP
UBAF:SIRENUSDT.P,SP,1,,0,SIRENUSDT.P.BNBP
UBAF:SKATEUSDT.P,SP,1,,0,SKATEUSDT.P.BNBP
UBAF:SKLUSDT.P,SP,1,,0,SKLUSDT.P.BNBP
UBAF:SKRUSDT.P,SP,1,,0,SKRUSDT.P.BNBP
UBAF:SKYAIUSDT.P,SP,1,,0,SKYAIUSDT.P.BNBP
UBAF:SKYUSDT.P,SP,1,,0,SKYUSDT.P.BNBP
UBAF:SLERFUSDT.P,SP,1,,0,SLERFUSDT.P.BNBP
UBAF:SLPUSDT.P,SP,1,,0,SLPUSDT.P.BNBP
UBAF:SNTUSDT.P,SP,1,,0,SNTUSDT.P.BNBP
UBAF:SNXUSDT.P,SP,1,,0,SNXUSDT.P.BNBP
UBAF:SOLUSD.250926,FP,1,,0,SOLUSD.250926.BNBF
UBAF:SOLUSD.251226,FP,1,,0,SOLUSD.251226.BNBF
UBAF:SOLUSD.260327,FP,1,,0,SOLUSD.260327.BNBF
UBAF:SOLUSD.260626,FP,1,,0,SOLUSD.260626.BNBF
UBAF:SOLUSD.P,SP,1,,0,SOLUSD.P.BNBP
UBAF:SOLUSDC.P,SP,1,,0,SOLUSDC.P.BNBP
UBAF:SOLUSDT.P,SP,1,,0,SOLUSDT.P.BNBP
UBAF:SOLVUSDT.P,SP,1,,0,SOLVUSDT.P.BNBP
UBAF:SOMIUSDT.P,SP,1,,0,SOMIUSDT.P.BNBP
UBAF:SONICUSDT.P,SP,1,,0,SONICUSDT.P.BNBP
UBAF:SOONUSDT.P,SP,1,,0,SOONUSDT.P.BNBP
UBAF:SOPHUSDT.P,SP,1,,0,SOPHUSDT.P.BNBP
UBAF:SPACEUSDT.P,SP,1,,0,SPACEUSDT.P.BNBP
UBAF:SPELLUSDT.P,SP,1,,0,SPELLUSDT.P.BNBP
UBAF:SPKUSDT.P,SP,1,,0,SPKUSDT.P.BNBP
UBAF:SPORTFUNUSDT.P,SP,1,,0,SPORTFUNUSDT.P.BNBP
UBAF:SPXUSDT.P,SP,1,,0,SPXUSDT.P.BNBP
UBAF:SQDUSDT.P,SP,1,,0,SQDUSDT.P.BNBP
UBAF:SSVUSDT.P,SP,1,,0,SSVUSDT.P.BNBP
UBAF:STABLEUSDT.P,SP,1,,0,STABLEUSDT.P.BNBP
UBAF:STBLUSDT.P,SP,1,,0,STBLUSDT.P.BNBP
UBAF:STEEMUSDT.P,SP,1,,0,STEEMUSDT.P.BNBP
UBAF:STGUSDT.P,SP,1,,0,STGUSDT.P.BNBP
UBAF:STMXUSDT.P,SP,1,,0,STMXUSDT.P.BNBP
UBAF:STORJUSDT.P,SP,1,,0,STORJUSDT.P.BNBP
UBAF:STOUSDT.P,SP,1,,0,STOUSDT.P.BNBP
UBAF:STPTUSDT.P,SP,1,,0,STPTUSDT.P.BNBP
UBAF:STRAXUSDT.P,SP,1,,0,STRAXUSDT.P.BNBP
UBAF:STRKUSDT.P,SP,1,,0,STRKUSDT.P.BNBP
UBAF:STXUSDT.P,SP,1,,0,STXUSDT.P.BNBP
UBAF:SUIUSD.P,SP,1,,0,SUIUSD.P.BNBP
UBAF:SUIUSDC.P,SP,1,,0,SUIUSDC.P.BNBP
UBAF:SUIUSDT.P,SP,1,,0,SUIUSDT.P.BNBP
UBAF:SUNUSDT.P,SP,1,,0,SUNUSDT.P.BNBP
UBAF:SUPERUSDT.P,SP,1,,0,SUPERUSDT.P.BNBP
UBAF:SUSDT.P,SP,1,,0,SUSDT.P.BNBP
UBAF:SUSHIUSDT.P,SP,1,,0,SUSHIUSDT.P.BNBP
UBAF:SWARMSUSDT.P,SP,1,,0,SWARMSUSDT.P.BNBP
UBAF:SWELLUSDT.P,SP,1,,0,SWELLUSDT.P.BNBP
UBAF:SXPUSDT.P,SP,1,,0,SXPUSDT.P.BNBP
UBAF:SXTUSDT.P,SP,1,,0,SXTUSDT.P.BNBP
UBAF:SYNUSDT.P,SP,1,,0,SYNUSDT.P.BNBP
UBAF:SYRUPUSDT.P,SP,1,,0,SYRUPUSDT.P.BNBP
UBAF:SYSUSDT.P,SP,1,,0,SYSUSDT.P.BNBP
UBAF:TACUSDT.P,SP,1,,0,TACUSDT.P.BNBP
UBAF:TAGUSDT.P,SP,1,,0,TAGUSDT.P.BNBP
UBAF:TAIKOUSDT.P,SP,1,,0,TAIKOUSDT.P.BNBP
UBAF:TAKEUSDT.P,SP,1,,0,TAKEUSDT.P.BNBP
UBAF:TANSSIUSDT.P,SP,1,,0,TANSSIUSDT.P.BNBP
UBAF:TAOUSDT.P,SP,1,,0,TAOUSDT.P.BNBP
UBAF:TAUSDT.P,SP,1,,0,TAUSDT.P.BNBP
UBAF:THETAUSD.P,SP,1,,0,THETAUSD.P.BNBP
UBAF:THETAUSDT.P,SP,1,,0,THETAUSDT.P.BNBP
UBAF:THEUSDT.P,SP,1,,0,THEUSDT.P.BNBP
UBAF:TIAUSDC.P,SP,1,,0,TIAUSDC.P.BNBP
UBAF:TIAUSDT.P,SP,1,,0,TIAUSDT.P.BNBP
UBAF:TLMUSDT.P,SP,1,,0,TLMUSDT.P.BNBP
UBAF:TNSRUSDT.P,SP,1,,0,TNSRUSDT.P.BNBP
UBAF:TOKENUSDT.P,SP,1,,0,TOKENUSDT.P.BNBP
UBAF:TONUSDT.P,SP,1,,0,TONUSDT.P.BNBP
UBAF:TOSHIUSDT.P,SP,1,,0,TOSHIUSDT.P.BNBP
UBAF:TOWNSUSDT.P,SP,1,,0,TOWNSUSDT.P.BNBP
UBAF:TRADOORUSDT.P,SP,1,,0,TRADOORUSDT.P.BNBP
UBAF:TRBUSDT.P,SP,1,,0,TRBUSDT.P.BNBP
UBAF:TREEUSDT.P,SP,1,,0,TREEUSDT.P.BNBP
UBAF:TRIAUSDT.P,SP,1,,0,TRIAUSDT.P.BNBP
UBAF:TROYUSDT.P,SP,1,,0,TROYUSDT.P.BNBP
UBAF:TRUMPUSDC.P,SP,1,,0,TRUMPUSDC.P.BNBP
UBAF:TRUMPUSDT.P,SP,1,,0,TRUMPUSDT.P.BNBP
UBAF:TRUSTUSDT.P,SP,1,,0,TRUSTUSDT.P.BNBP
UBAF:TRUTHUSDT.P,SP,1,,0,TRUTHUSDT.P.BNBP
UBAF:TRUUSDT.P,SP,1,,0,TRUUSDT.P.BNBP
UBAF:TRXUSD.P,SP,1,,0,TRXUSD.P.BNBP
UBAF:TRXUSDT.P,SP,1,,0,TRXUSDT.P.BNBP
UBAF:TSTUSDT.P,SP,1,,0,TSTUSDT.P.BNBP
UBAF:TURBOUSDT.P,SP,1,,0,TURBOUSDT.P.BNBP
UBAF:TURTLEUSDT.P,SP,1,,0,TURTLEUSDT.P.BNBP
UBAF:TUSDT.P,SP,1,,0,TUSDT.P.BNBP
UBAF:TUTUSDT.P,SP,1,,0,TUTUSDT.P.BNBP
UBAF:TWTUSDT.P,SP,1,,0,TWTUSDT.P.BNBP
UBAF:UAIUSDT.P,SP,1,,0,UAIUSDT.P.BNBP
UBAF:UBUSDT.P,SP,1,,0,UBUSDT.P.BNBP
UBAF:UMAUSDT.P,SP,1,,0,UMAUSDT.P.BNBP
UBAF:UNFIUSDT.P,SP,1,,0,UNFIUSDT.P.BNBP
UBAF:UNIUSD.P,SP,1,,0,UNIUSD.P.BNBP
UBAF:UNIUSDC.P,SP,1,,0,UNIUSDC.P.BNBP
UBAF:UNIUSDT.P,SP,1,,0,UNIUSDT.P.BNBP
UBAF:USDCUSDT.P,SP,1,,0,USDCUSDT.P.BNBP
UBAF:USELESSUSDT.P,SP,1,,0,USELESSUSDT.P.BNBP
UBAF:USTCUSDT.P,SP,1,,0,USTCUSDT.P.BNBP
UBAF:USUALUSDT.P,SP,1,,0,USUALUSDT.P.BNBP
UBAF:USUSDT.P,SP,1,,0,USUSDT.P.BNBP
UBAF:UXLINKUSDT.P,SP,1,,0,UXLINKUSDT.P.BNBP
UBAF:VANAUSDT.P,SP,1,,0,VANAUSDT.P.BNBP
UBAF:VANRYUSDT.P,SP,1,,0,VANRYUSDT.P.BNBP
UBAF:VELODROMEUSDT.P,SP,1,,0,VELODROMEUSDT.P.BNBP
UBAF:VELVETUSDT.P,SP,1,,0,VELVETUSDT.P.BNBP
UBAF:VETUSD.P,SP,1,,0,VETUSD.P.BNBP
UBAF:VETUSDT.P,SP,1,,0,VETUSDT.P.BNBP
UBAF:VFYUSDT.P,SP,1,,0,VFYUSDT.P.BNBP
UBAF:VICUSDT.P,SP,1,,0,VICUSDT.P.BNBP
UBAF:VIDTUSDT.P,SP,1,,0,VIDTUSDT.P.BNBP
UBAF:VINEUSDT.P,SP,1,,0,VINEUSDT.P.BNBP
UBAF:VIRTUALUSDT.P,SP,1,,0,VIRTUALUSDT.P.BNBP
UBAF:VOXELUSDT.P,SP,1,,0,VOXELUSDT.P.BNBP
UBAF:VTHOUSDT.P,SP,1,,0,VTHOUSDT.P.BNBP
UBAF:VVVUSDT.P,SP,1,,0,VVVUSDT.P.BNBP
UBAF:WALUSDT.P,SP,1,,0,WALUSDT.P.BNBP
UBAF:WAVESUSDT.P,SP,1,,0,WAVESUSDT.P.BNBP
UBAF:WAXPUSDT.P,SP,1,,0,WAXPUSDT.P.BNBP
UBAF:WCTUSDT.P,SP,1,,0,WCTUSDT.P.BNBP
UBAF:WETUSDT.P,SP,1,,0,WETUSDT.P.BNBP
UBAF:WIFUSD.P,SP,1,,0,WIFUSD.P.BNBP
UBAF:WIFUSDC.P,SP,1,,0,WIFUSDC.P.BNBP
UBAF:WIFUSDT.P,SP,1,,0,WIFUSDT.P.BNBP
UBAF:WLDUSD.P,SP,1,,0,WLDUSD.P.BNBP
UBAF:WLDUSDC.P,SP,1,,0,WLDUSDC.P.BNBP
UBAF:WLDUSDT.P,SP,1,,0,WLDUSDT.P.BNBP
UBAF:WLFIUSDC.P,SP,1,,0,WLFIUSDC.P.BNBP
UBAF:WLFIUSDT.P,SP,1,,0,WLFIUSDT.P.BNBP
UBAF:WOOUSDT.P,SP,1,,0,WOOUSDT.P.BNBP
UBAF:WUSDT.P,SP,1,,0,WUSDT.P.BNBP
UBAF:XAIUSDT.P,SP,1,,0,XAIUSDT.P.BNBP
UBAF:XANUSDT.P,SP,1,,0,XANUSDT.P.BNBP
UBAF:XCNUSDT.P,SP,1,,0,XCNUSDT.P.BNBP
UBAF:XEMUSDT.P,SP,1,,0,XEMUSDT.P.BNBP
UBAF:XLMUSD.P,SP,1,,0,XLMUSD.P.BNBP
UBAF:XLMUSDT.P,SP,1,,0,XLMUSDT.P.BNBP
UBAF:XMRUSDT.P,SP,1,,0,XMRUSDT.P.BNBP
UBAF:XNYUSDT.P,SP,1,,0,XNYUSDT.P.BNBP
UBAF:XPINUSDT.P,SP,1,,0,XPINUSDT.P.BNBP
UBAF:XPLUSDT.P,SP,1,,0,XPLUSDT.P.BNBP
UBAF:XRPUSD.250926,FP,1,,0,XRPUSD.250926.BNBF
UBAF:XRPUSD.251226,FP,1,,0,XRPUSD.251226.BNBF
UBAF:XRPUSD.260327,FP,1,,0,XRPUSD.260327.BNBF
UBAF:XRPUSD.260626,FP,1,,0,XRPUSD.260626.BNBF
UBAF:XRPUSD.P,SP,1,,0,XRPUSD.P.BNBP
UBAF:XRPUSDC.P,SP,1,,0,XRPUSDC.P.BNBP
UBAF:XRPUSDT.P,SP,1,,0,XRPUSDT.P.BNBP
UBAF:XTZUSD.P,SP,1,,0,XTZUSD.P.BNBP
UBAF:XTZUSDT.P,SP,1,,0,XTZUSDT.P.BNBP
UBAF:XVGUSDT.P,SP,1,,0,XVGUSDT.P.BNBP
UBAF:XVSUSDT.P,SP,1,,0,XVSUSDT.P.BNBP
UBAF:YALAUSDT.P,SP,1,,0,YALAUSDT.P.BNBP
UBAF:YBUSDT.P,SP,1,,0,YBUSDT.P.BNBP
UBAF:YFIUSDT.P,SP,1,,0,YFIUSDT.P.BNBP
UBAF:YGGUSDT.P,SP,1,,0,YGGUSDT.P.BNBP
UBAF:ZAMAUSDT.P,SP,1,,0,ZAMAUSDT.P.BNBP
UBAF:ZBTUSDT.P,SP,1,,0,ZBTUSDT.P.BNBP
UBAF:ZECUSDC.P,SP,1,,0,ZECUSDC.P.BNBP
UBAF:ZECUSDT.P,SP,1,,0,ZECUSDT.P.BNBP
UBAF:ZENUSDT.P,SP,1,,0,ZENUSDT.P.BNBP
UBAF:ZEREBROUSDT.P,SP,1,,0,ZEREBROUSDT.P.BNBP
UBAF:ZETAUSDT.P,SP,1,,0,ZETAUSDT.P.BNBP
UBAF:ZILUSD.P,SP,1,,0,ZILUSD.P.BNBP
UBAF:ZILUSDT.P,SP,1,,0,ZILUSDT.P.BNBP
UBAF:ZKCUSDT.P,SP,1,,0,ZKCUSDT.P.BNBP
UBAF:ZKJUSDT.P,SP,1,,0,ZKJUSDT.P.BNBP
UBAF:ZKPUSDT.P,SP,1,,0,ZKPUSDT.P.BNBP
UBAF:ZKUSDT.P,SP,1,,0,ZKUSDT.P.BNBP
UBAF:ZORAUSDT.P,SP,1,,0,ZORAUSDT.P.BNBP
UBAF:ZRCUSDT.P,SP,1,,0,ZRCUSDT.P.BNBP
UBAF:ZROUSDT.P,SP,1,,0,ZROUSDT.P.BNBP
UBAF:ZRXUSDT.P,SP,1,,0,ZRXUSDT.P.BNBP
UBAF:币安人生USDT.P,SP,1,,0,币安人生USDT.P.BNBP
UBAX:0GBNB,TP,1,,0,0GBNB.BNBS
UBAX:0GFDUSD,TP,1,,0,0GFDUSD.BNBS
UBAX:0GTRY,TP,1,,0,0GTRY.BNBS
UBAX:0GUSDC,TP,1,,0,0GUSDC.BNBS
UBAX:0GUSDT,TP,1,,0,0GUSDT.BNBS
UBAX:1000CATBNB,TP,1,,0,1000CATBNB.BNBS
UBAX:1000CATFDUSD,TP,1,,0,1000CATFDUSD.BNBS
UBAX:1000CATTRY,TP,1,,0,1000CATTRY.BNBS
UBAX:1000CATUSDC,TP,1,,0,1000CATUSDC.BNBS
UBAX:1000CATUSDT,TP,1,,0,1000CATUSDT.BNBS
UBAX:1000CHEEMSUSDC,TP,1,,0,1000CHEEMSUSDC.BNBS
UBAX:1000CHEEMSUSDT,TP,1,,0,1000CHEEMSUSDT.BNBS
UBAX:1000SATSFDUSD,TP,1,,0,1000SATSFDUSD.BNBS
UBAX:1000SATSTRY,TP,1,,0,1000SATSTRY.BNBS
UBAX:1000SATSUSDC,TP,1,,0,1000SATSUSDC.BNBS
UBAX:1000SATSUSDT,TP,1,,0,1000SATSUSDT.BNBS
UBAX:1INCHBTC,TP,1,,0,1INCHBTC.BNBS
UBAX:1INCHUSDC,TP,1,,0,1INCHUSDC.BNBS
UBAX:1INCHUSDT,TP,1,,0,1INCHUSDT.BNBS
UBAX:1MBABYDOGEFDUSD,TP,1,,0,1MBABYDOGEFDUSD.BNBS
UBAX:1MBABYDOGETRY,TP,1,,0,1MBABYDOGETRY.BNBS
UBAX:1MBABYDOGEUSDC,TP,1,,0,1MBABYDOGEUSDC.BNBS
UBAX:1MBABYDOGEUSDT,TP,1,,0,1MBABYDOGEUSDT.BNBS
UBAX:2ZBNB,TP,1,,0,2ZBNB.BNBS
UBAX:2ZFDUSD,TP,1,,0,2ZFDUSD.BNBS
UBAX:2ZTRY,TP,1,,0,2ZTRY.BNBS
UBAX:2ZUSDC,TP,1,,0,2ZUSDC.BNBS
UBAX:2ZUSDT,TP,1,,0,2ZUSDT.BNBS
UBAX:A2ZUSDC,TP,1,,0,A2ZUSDC.BNBS
UBAX:A2ZUSDT,TP,1,,0,A2ZUSDT.BNBS
UBAX:AAVEBTC,TP,1,,0,AAVEBTC.BNBS
UBAX:AAVEETH,TP,1,,0,AAVEETH.BNBS
UBAX:AAVEFDUSD,TP,1,,0,AAVEFDUSD.BNBS
UBAX:AAVETRY,TP,1,,0,AAVETRY.BNBS
UBAX:AAVEU,TP,1,,0,AAVEU.BNBS
UBAX:AAVEUSDC,TP,1,,0,AAVEUSDC.BNBS
UBAX:AAVEUSDT,TP,1,,0,AAVEUSDT.BNBS
UBAX:ABTC,TP,1,,0,ABTC.BNBS
UBAX:ACATRY,TP,1,,0,ACATRY.BNBS
UBAX:ACAUSDT,TP,1,,0,ACAUSDT.BNBS
UBAX:ACETRY,TP,1,,0,ACETRY.BNBS
UBAX:ACEUSDT,TP,1,,0,ACEUSDT.BNBS
UBAX:ACHBTC,TP,1,,0,ACHBTC.BNBS
UBAX:ACHTRY,TP,1,,0,ACHTRY.BNBS
UBAX:ACHUSDC,TP,1,,0,ACHUSDC.BNBS
UBAX:ACHUSDT,TP,1,,0,ACHUSDT.BNBS
UBAX:ACMTRY,TP,1,,0,ACMTRY.BNBS
UBAX:ACMUSDT,TP,1,,0,ACMUSDT.BNBS
UBAX:ACTEUR,TP,1,,0,ACTEUR.BNBS
UBAX:ACTFDUSD,TP,1,,0,ACTFDUSD.BNBS
UBAX:ACTTRY,TP,1,,0,ACTTRY.BNBS
UBAX:ACTUSDC,TP,1,,0,ACTUSDC.BNBS
UBAX:ACTUSDT,TP,1,,0,ACTUSDT.BNBS
UBAX:ACXTRY,TP,1,,0,ACXTRY.BNBS
UBAX:ACXUSDC,TP,1,,0,ACXUSDC.BNBS
UBAX:ACXUSDT,TP,1,,0,ACXUSDT.BNBS
UBAX:ADABNB,TP,1,,0,ADABNB.BNBS
UBAX:ADABRL,TP,1,,0,ADABRL.BNBS
UBAX:ADABTC,TP,1,,0,ADABTC.BNBS
UBAX:ADAETH,TP,1,,0,ADAETH.BNBS
UBAX:ADAEUR,TP,1,,0,ADAEUR.BNBS
UBAX:ADAFDUSD,TP,1,,0,ADAFDUSD.BNBS
UBAX:ADAIDR,TP,1,,0,ADAIDR.BNBS
UBAX:ADAJPY,TP,1,,0,ADAJPY.BNBS
UBAX:ADATRY,TP,1,,0,ADATRY.BNBS
UBAX:ADAU,TP,1,,0,ADAU.BNBS
UBAX:ADAUSD1,TP,1,,0,ADAUSD1.BNBS
UBAX:ADAUSDC,TP,1,,0,ADAUSDC.BNBS
UBAX:ADAUSDT,TP,1,,0,ADAUSDT.BNBS
UBAX:ADXBTC,TP,1,,0,ADXBTC.BNBS
UBAX:ADXETH,TP,1,,0,ADXETH.BNBS
UBAX:ADXUSDT,TP,1,,0,ADXUSDT.BNBS
UBAX:AETH,TP,1,,0,AETH.BNBS
UBAX:AEURUSDT,TP,1,,0,AEURUSDT.BNBS
UBAX:AEVOBTC,TP,1,,0,AEVOBTC.BNBS
UBAX:AEVOFDUSD,TP,1,,0,AEVOFDUSD.BNBS
UBAX:AEVOTRY,TP,1,,0,AEVOTRY.BNBS
UBAX:AEVOUSDC,TP,1,,0,AEVOUSDC.BNBS
UBAX:AEVOUSDT,TP,1,,0,AEVOUSDT.BNBS
UBAX:AFDUSD,TP,1,,0,AFDUSD.BNBS
UBAX:AGLDBTC,TP,1,,0,AGLDBTC.BNBS
UBAX:AGLDUSDT,TP,1,,0,AGLDUSDT.BNBS
UBAX:AIBNB,TP,1,,0,AIBNB.BNBS
UBAX:AIBTC,TP,1,,0,AIBTC.BNBS
UBAX:AIFDUSD,TP,1,,0,AIFDUSD.BNBS
UBAX:AITRY,TP,1,,0,AITRY.BNBS
UBAX:AIUSDT,TP,1,,0,AIUSDT.BNBS
UBAX:AIXBTTRY,TP,1,,0,AIXBTTRY.BNBS
UBAX:AIXBTUSDC,TP,1,,0,AIXBTUSDC.BNBS
UBAX:AIXBTUSDT,TP,1,,0,AIXBTUSDT.BNBS
UBAX:AKROUSDT,TP,1,,0,AKROUSDT.BNBS
UBAX:ALCXUSDT,TP,1,,0,ALCXUSDT.BNBS
UBAX:ALGOBTC,TP,1,,0,ALGOBTC.BNBS
UBAX:ALGOTRY,TP,1,,0,ALGOTRY.BNBS
UBAX:ALGOUSDC,TP,1,,0,ALGOUSDC.BNBS
UBAX:ALGOUSDT,TP,1,,0,ALGOUSDT.BNBS
UBAX:ALICETRY,TP,1,,0,ALICETRY.BNBS
UBAX:ALICEUSDT,TP,1,,0,ALICEUSDT.BNBS
UBAX:ALLOBNB,TP,1,,0,ALLOBNB.BNBS
UBAX:ALLOTRY,TP,1,,0,ALLOTRY.BNBS
UBAX:ALLOUSDC,TP,1,,0,ALLOUSDC.BNBS
UBAX:ALLOUSDT,TP,1,,0,ALLOUSDT.BNBS
UBAX:ALPACAUSDT,TP,1,,0,ALPACAUSDT.BNBS
UBAX:ALPHAUSDT,TP,1,,0,ALPHAUSDT.BNBS
UBAX:ALPINETRY,TP,1,,0,ALPINETRY.BNBS
UBAX:ALPINEUSDT,TP,1,,0,ALPINEUSDT.BNBS
UBAX:ALTBNB,TP,1,,0,ALTBNB.BNBS
UBAX:ALTBTC,TP,1,,0,ALTBTC.BNBS
UBAX:ALTFDUSD,TP,1,,0,ALTFDUSD.BNBS
UBAX:ALTTRY,TP,1,,0,ALTTRY.BNBS
UBAX:ALTUSDC,TP,1,,0,ALTUSDC.BNBS
UBAX:ALTUSDT,TP,1,,0,ALTUSDT.BNBS
UBAX:AMPTRY,TP,1,,0,AMPTRY.BNBS
UBAX:AMPUSDT,TP,1,,0,AMPUSDT.BNBS
UBAX:ANCUSDT,TP,1,,0,ANCUSDT.BNBS
UBAX:ANIMEFDUSD,TP,1,,0,ANIMEFDUSD.BNBS
UBAX:ANIMETRY,TP,1,,0,ANIMETRY.BNBS
UBAX:ANIMEUSDC,TP,1,,0,ANIMEUSDC.BNBS
UBAX:ANIMEUSDT,TP,1,,0,ANIMEUSDT.BNBS
UBAX:ANKRBTC,TP,1,,0,ANKRBTC.BNBS
UBAX:ANKRTRY,TP,1,,0,ANKRTRY.BNBS
UBAX:ANKRUSDT,TP,1,,0,ANKRUSDT.BNBS
UBAX:APEBTC,TP,1,,0,APEBTC.BNBS
UBAX:APEFDUSD,TP,1,,0,APEFDUSD.BNBS
UBAX:APETRY,TP,1,,0,APETRY.BNBS
UBAX:APEUSDC,TP,1,,0,APEUSDC.BNBS
UBAX:APEUSDT,TP,1,,0,APEUSDT.BNBS
UBAX:API3BTC,TP,1,,0,API3BTC.BNBS
UBAX:API3TRY,TP,1,,0,API3TRY.BNBS
UBAX:API3USDC,TP,1,,0,API3USDC.BNBS
UBAX:API3USDT,TP,1,,0,API3USDT.BNBS
UBAX:APTBTC,TP,1,,0,APTBTC.BNBS
UBAX:APTETH,TP,1,,0,APTETH.BNBS
UBAX:APTEUR,TP,1,,0,APTEUR.BNBS
UBAX:APTFDUSD,TP,1,,0,APTFDUSD.BNBS
UBAX:APTJPY,TP,1,,0,APTJPY.BNBS
UBAX:APTTRY,TP,1,,0,APTTRY.BNBS
UBAX:APTUSDC,TP,1,,0,APTUSDC.BNBS
UBAX:APTUSDT,TP,1,,0,APTUSDT.BNBS
UBAX:ARBBTC,TP,1,,0,ARBBTC.BNBS
UBAX:ARBETH,TP,1,,0,ARBETH.BNBS
UBAX:ARBEUR,TP,1,,0,ARBEUR.BNBS
UBAX:ARBFDUSD,TP,1,,0,ARBFDUSD.BNBS
UBAX:ARBIDR,TP,1,,0,ARBIDR.BNBS
UBAX:ARBTC,TP,1,,0,ARBTC.BNBS
UBAX:ARBTRY,TP,1,,0,ARBTRY.BNBS
UBAX:ARBTUSD,TP,1,,0,ARBTUSD.BNBS
UBAX:ARBUSDC,TP,1,,0,ARBUSDC.BNBS
UBAX:ARBUSDT,TP,1,,0,ARBUSDT.BNBS
UBAX:ARDRBTC,TP,1,,0,ARDRBTC.BNBS
UBAX:ARDRUSDT,TP,1,,0,ARDRUSDT.BNBS
UBAX:ARFDUSD,TP,1,,0,ARFDUSD.BNBS
UBAX:ARKMBNB,TP,1,,0,ARKMBNB.BNBS
UBAX:ARKMBTC,TP,1,,0,ARKMBTC.BNBS
UBAX:ARKMFDUSD,TP,1,,0,ARKMFDUSD.BNBS
UBAX:ARKMTRY,TP,1,,0,ARKMTRY.BNBS
UBAX:ARKMUSDC,TP,1,,0,ARKMUSDC.BNBS
UBAX:ARKMUSDT,TP,1,,0,ARKMUSDT.BNBS
UBAX:ARKTRY,TP,1,,0,ARKTRY.BNBS
UBAX:ARKUSDT,TP,1,,0,ARKUSDT.BNBS
UBAX:ARPABTC,TP,1,,0,ARPABTC.BNBS
UBAX:ARPATRY,TP,1,,0,ARPATRY.BNBS
UBAX:ARPAUSDT,TP,1,,0,ARPAUSDT.BNBS
UBAX:ARTRY,TP,1,,0,ARTRY.BNBS
UBAX:ARUSDC,TP,1,,0,ARUSDC.BNBS
UBAX:ARUSDT,TP,1,,0,ARUSDT.BNBS
UBAX:ASRTRY,TP,1,,0,ASRTRY.BNBS
UBAX:ASRUSDT,TP,1,,0,ASRUSDT.BNBS
UBAX:ASTERIDR,TP,1,,0,ASTERIDR.BNBS
UBAX:ASTERTRY,TP,1,,0,ASTERTRY.BNBS
UBAX:ASTERU,TP,1,,0,ASTERU.BNBS
UBAX:ASTERUSD1,TP,1,,0,ASTERUSD1.BNBS
UBAX:ASTERUSDC,TP,1,,0,ASTERUSDC.BNBS
UBAX:ASTERUSDT,TP,1,,0,ASTERUSDT.BNBS
UBAX:ASTRBTC,TP,1,,0,ASTRBTC.BNBS
UBAX:ASTRUSDT,TP,1,,0,ASTRUSDT.BNBS
UBAX:ATABTC,TP,1,,0,ATABTC.BNBS
UBAX:ATAUSDT,TP,1,,0,ATAUSDT.BNBS
UBAX:ATBNB,TP,1,,0,ATBNB.BNBS
UBAX:ATMTRY,TP,1,,0,ATMTRY.BNBS
UBAX:ATMUSDT,TP,1,,0,ATMUSDT.BNBS
UBAX:ATOMBTC,TP,1,,0,ATOMBTC.BNBS
UBAX:ATOMETH,TP,1,,0,ATOMETH.BNBS
UBAX:ATOMEUR,TP,1,,0,ATOMEUR.BNBS
UBAX:ATOMFDUSD,TP,1,,0,ATOMFDUSD.BNBS
UBAX:ATOMTRY,TP,1,,0,ATOMTRY.BNBS
UBAX:ATOMUSDC,TP,1,,0,ATOMUSDC.BNBS
UBAX:ATOMUSDT,TP,1,,0,ATOMUSDT.BNBS
UBAX:ATRY,TP,1,,0,ATRY.BNBS
UBAX:ATTRY,TP,1,,0,ATTRY.BNBS
UBAX:ATUSDC,TP,1,,0,ATUSDC.BNBS
UBAX:ATUSDT,TP,1,,0,ATUSDT.BNBS
UBAX:AUCTIONBTC,TP,1,,0,AUCTIONBTC.BNBS
UBAX:AUCTIONFDUSD,TP,1,,0,AUCTIONFDUSD.BNBS
UBAX:AUCTIONTRY,TP,1,,0,AUCTIONTRY.BNBS
UBAX:AUCTIONUSDC,TP,1,,0,AUCTIONUSDC.BNBS
UBAX:AUCTIONUSDT,TP,1,,0,AUCTIONUSDT.BNBS
UBAX:AUDIOBTC,TP,1,,0,AUDIOBTC.BNBS
UBAX:AUDIOTRY,TP,1,,0,AUDIOTRY.BNBS
UBAX:AUDIOUSDT,TP,1,,0,AUDIOUSDT.BNBS
UBAX:AUSDC,TP,1,,0,AUSDC.BNBS
UBAX:AUSDT,TP,1,,0,AUSDT.BNBS
UBAX:AUTOUSDT,TP,1,,0,AUTOUSDT.BNBS
UBAX:AVABTC,TP,1,,0,AVABTC.BNBS
UBAX:AVAUSDT,TP,1,,0,AVAUSDT.BNBS
UBAX:AVAXBNB,TP,1,,0,AVAXBNB.BNBS
UBAX:AVAXBRL,TP,1,,0,AVAXBRL.BNBS
UBAX:AVAXBTC,TP,1,,0,AVAXBTC.BNBS
UBAX:AVAXETH,TP,1,,0,AVAXETH.BNBS
UBAX:AVAXEUR,TP,1,,0,AVAXEUR.BNBS
UBAX:AVAXFDUSD,TP,1,,0,AVAXFDUSD.BNBS
UBAX:AVAXIDR,TP,1,,0,AVAXIDR.BNBS
UBAX:AVAXTRY,TP,1,,0,AVAXTRY.BNBS
UBAX:AVAXU,TP,1,,0,AVAXU.BNBS
UBAX:AVAXUSD1,TP,1,,0,AVAXUSD1.BNBS
UBAX:AVAXUSDC,TP,1,,0,AVAXUSDC.BNBS
UBAX:AVAXUSDT,TP,1,,0,AVAXUSDT.BNBS
UBAX:AVNTTRY,TP,1,,0,AVNTTRY.BNBS
UBAX:AVNTUSDC,TP,1,,0,AVNTUSDC.BNBS
UBAX:AVNTUSDT,TP,1,,0,AVNTUSDT.BNBS
UBAX:AWEBTC,TP,1,,0,AWEBTC.BNBS
UBAX:AWEUSDT,TP,1,,0,AWEUSDT.BNBS
UBAX:AXLBTC,TP,1,,0,AXLBTC.BNBS
UBAX:AXLTRY,TP,1,,0,AXLTRY.BNBS
UBAX:AXLUSDT,TP,1,,0,AXLUSDT.BNBS
UBAX:AXSBNB,TP,1,,0,AXSBNB.BNBS
UBAX:AXSBTC,TP,1,,0,AXSBTC.BNBS
UBAX:AXSETH,TP,1,,0,AXSETH.BNBS
UBAX:AXSTRY,TP,1,,0,AXSTRY.BNBS
UBAX:AXSUSDC,TP,1,,0,AXSUSDC.BNBS
UBAX:AXSUSDT,TP,1,,0,AXSUSDT.BNBS
UBAX:BABYBNB,TP,1,,0,BABYBNB.BNBS
UBAX:BABYEUR,TP,1,,0,BABYEUR.BNBS
UBAX:BABYFDUSD,TP,1,,0,BABYFDUSD.BNBS
UBAX:BABYTRY,TP,1,,0,BABYTRY.BNBS
UBAX:BABYUSDC,TP,1,,0,BABYUSDC.BNBS
UBAX:BABYUSDT,TP,1,,0,BABYUSDT.BNBS
UBAX:BADGERUSDT,TP,1,,0,BADGERUSDT.BNBS
UBAX:BAKEBTC,TP,1,,0,BAKEBTC.BNBS
UBAX:BAKETRY,TP,1,,0,BAKETRY.BNBS
UBAX:BAKEUSDT,TP,1,,0,BAKEUSDT.BNBS
UBAX:BALUSDT,TP,1,,0,BALUSDT.BNBS
UBAX:BANANABNB,TP,1,,0,BANANABNB.BNBS
UBAX:BANANABTC,TP,1,,0,BANANABTC.BNBS
UBAX:BANANAFDUSD,TP,1,,0,BANANAFDUSD.BNBS
UBAX:BANANAS31USDC,TP,1,,0,BANANAS31USDC.BNBS
UBAX:BANANAS31USDT,TP,1,,0,BANANAS31USDT.BNBS
UBAX:BANANATRY,TP,1,,0,BANANATRY.BNBS
UBAX:BANANAUSDC,TP,1,,0,BANANAUSDC.BNBS
UBAX:BANANAUSDT,TP,1,,0,BANANAUSDT.BNBS
UBAX:BANDBTC,TP,1,,0,BANDBTC.BNBS
UBAX:BANDUSDT,TP,1,,0,BANDUSDT.BNBS
UBAX:BANKTRY,TP,1,,0,BANKTRY.BNBS
UBAX:BANKUSDC,TP,1,,0,BANKUSDC.BNBS
UBAX:BANKUSDT,TP,1,,0,BANKUSDT.BNBS
UBAX:BARDBNB,TP,1,,0,BARDBNB.BNBS
UBAX:BARDFDUSD,TP,1,,0,BARDFDUSD.BNBS
UBAX:BARDTRY,TP,1,,0,BARDTRY.BNBS
UBAX:BARDUSDC,TP,1,,0,BARDUSDC.BNBS
UBAX:BARDUSDT,TP,1,,0,BARDUSDT.BNBS
UBAX:BARTRY,TP,1,,0,BARTRY.BNBS
UBAX:BARUSDT,TP,1,,0,BARUSDT.BNBS
UBAX:BATBTC,TP,1,,0,BATBTC.BNBS
UBAX:BATUSDT,TP,1,,0,BATUSDT.BNBS
UBAX:BBBNB,TP,1,,0,BBBNB.BNBS
UBAX:BBBTC,TP,1,,0,BBBTC.BNBS
UBAX:BBFDUSD,TP,1,,0,BBFDUSD.BNBS
UBAX:BBTRY,TP,1,,0,BBTRY.BNBS
UBAX:BBUSDC,TP,1,,0,BBUSDC.BNBS
UBAX:BBUSDT,TP,1,,0,BBUSDT.BNBS
UBAX:BCHBNB,TP,1,,0,BCHBNB.BNBS
UBAX:BCHBTC,TP,1,,0,BCHBTC.BNBS
UBAX:BCHEUR,TP,1,,0,BCHEUR.BNBS
UBAX:BCHFDUSD,TP,1,,0,BCHFDUSD.BNBS
UBAX:BCHJPY,TP,1,,0,BCHJPY.BNBS
UBAX:BCHTRY,TP,1,,0,BCHTRY.BNBS
UBAX:BCHU,TP,1,,0,BCHU.BNBS
UBAX:BCHUSD1,TP,1,,0,BCHUSD1.BNBS
UBAX:BCHUSDC,TP,1,,0,BCHUSDC.BNBS
UBAX:BCHUSDT,TP,1,,0,BCHUSDT.BNBS
UBAX:BEAMXTRY,TP,1,,0,BEAMXTRY.BNBS
UBAX:BEAMXUSDC,TP,1,,0,BEAMXUSDC.BNBS
UBAX:BEAMXUSDT,TP,1,,0,BEAMXUSDT.BNBS
UBAX:BELBTC,TP,1,,0,BELBTC.BNBS
UBAX:BELTRY,TP,1,,0,BELTRY.BNBS
UBAX:BELUSDT,TP,1,,0,BELUSDT.BNBS
UBAX:BERABNB,TP,1,,0,BERABNB.BNBS
UBAX:BERABTC,TP,1,,0,BERABTC.BNBS
UBAX:BERAFDUSD,TP,1,,0,BERAFDUSD.BNBS
UBAX:BERATRY,TP,1,,0,BERATRY.BNBS
UBAX:BERAUSDC,TP,1,,0,BERAUSDC.BNBS
UBAX:BERAUSDT,TP,1,,0,BERAUSDT.BNBS
UBAX:BFUSDUSDC,TP,1,,0,BFUSDUSDC.BNBS
UBAX:BFUSDUSDT,TP,1,,0,BFUSDUSDT.BNBS
UBAX:BICOBTC,TP,1,,0,BICOBTC.BNBS
UBAX:BICOUSDT,TP,1,,0,BICOUSDT.BNBS
UBAX:BIFIUSDT,TP,1,,0,BIFIUSDT.BNBS
UBAX:BIGTIMEUSDC,TP,1,,0,BIGTIMEUSDC.BNBS
UBAX:BIGTIMEUSDT,TP,1,,0,BIGTIMEUSDT.BNBS
UBAX:BIOBNB,TP,1,,0,BIOBNB.BNBS
UBAX:BIOFDUSD,TP,1,,0,BIOFDUSD.BNBS
UBAX:BIOTRY,TP,1,,0,BIOTRY.BNBS
UBAX:BIOUSDC,TP,1,,0,BIOUSDC.BNBS
UBAX:BIOUSDT,TP,1,,0,BIOUSDT.BNBS
UBAX:BLURTRY,TP,1,,0,BLURTRY.BNBS
UBAX:BLURUSDC,TP,1,,0,BLURUSDC.BNBS
UBAX:BLURUSDT,TP,1,,0,BLURUSDT.BNBS
UBAX:BMTBNB,TP,1,,0,BMTBNB.BNBS
UBAX:BMTFDUSD,TP,1,,0,BMTFDUSD.BNBS
UBAX:BMTTRY,TP,1,,0,BMTTRY.BNBS
UBAX:BMTUSDC,TP,1,,0,BMTUSDC.BNBS
UBAX:BMTUSDT,TP,1,,0,BMTUSDT.BNBS
UBAX:BNBARS,TP,1,,0,BNBARS.BNBS
UBAX:BNBBRL,TP,1,,0,BNBBRL.BNBS
UBAX:BNBBTC,TP,1,,0,BNBBTC.BNBS
UBAX:BNBETH,TP,1,,0,BNBETH.BNBS
UBAX:BNBEUR,TP,1,,0,BNBEUR.BNBS
UBAX:BNBFDUSD,TP,1,,0,BNBFDUSD.BNBS
UBAX:BNBIDR,TP,1,,0,BNBIDR.BNBS
UBAX:BNBJPY,TP,1,,0,BNBJPY.BNBS
UBAX:BNBTRY,TP,1,,0,BNBTRY.BNBS
UBAX:BNBTUSD,TP,1,,0,BNBTUSD.BNBS
UBAX:BNBU,TP,1,,0,BNBU.BNBS
UBAX:BNBUSD,TP,1,,0,BNBUSD.BNBS
UBAX:BNBUSD1,TP,1,,0,BNBUSD1.BNBS
UBAX:BNBUSDC,TP,1,,0,BNBUSDC.BNBS
UBAX:BNBUSDT,TP,1,,0,BNBUSDT.BNBS
UBAX:BNSOLSOL,TP,1,,0,BNSOLSOL.BNBS
UBAX:BNSOLUSDT,TP,1,,0,BNSOLUSDT.BNBS
UBAX:BNTUSDT,TP,1,,0,BNTUSDT.BNBS
UBAX:BNXUSDT,TP,1,,0,BNXUSDT.BNBS
UBAX:BOMEEUR,TP,1,,0,BOMEEUR.BNBS
UBAX:BOMEFDUSD,TP,1,,0,BOMEFDUSD.BNBS
UBAX:BOMEIDR,TP,1,,0,BOMEIDR.BNBS
UBAX:BOMETRY,TP,1,,0,BOMETRY.BNBS
UBAX:BOMEUSDC,TP,1,,0,BOMEUSDC.BNBS
UBAX:BOMEUSDT,TP,1,,0,BOMEUSDT.BNBS
UBAX:BONDUSDT,TP,1,,0,BONDUSDT.BNBS
UBAX:BONKBRL,TP,1,,0,BONKBRL.BNBS
UBAX:BONKFDUSD,TP,1,,0,BONKFDUSD.BNBS
UBAX:BONKTRY,TP,1,,0,BONKTRY.BNBS
UBAX:BONKUSDC,TP,1,,0,BONKUSDC.BNBS
UBAX:BONKUSDT,TP,1,,0,BONKUSDT.BNBS
UBAX:BREVBNB,TP,1,,0,BREVBNB.BNBS
UBAX:BREVTRY,TP,1,,0,BREVTRY.BNBS
UBAX:BREVUSDC,TP,1,,0,BREVUSDC.BNBS
UBAX:BREVUSDT,TP,1,,0,BREVUSDT.BNBS
UBAX:BROCCOLI714USDC,TP,1,,0,BROCCOLI714USDC.BNBS
UBAX:BROCCOLI714USDT,TP,1,,0,BROCCOLI714USDT.BNBS
UBAX:BSWTRY,TP,1,,0,BSWTRY.BNBS
UBAX:BSWUSDT,TP,1,,0,BSWUSDT.BNBS
UBAX:BTCARS,TP,1,,0,BTCARS.BNBS
UBAX:BTCBRL,TP,1,,0,BTCBRL.BNBS
UBAX:BTCDAI,TP,1,,0,BTCDAI.BNBS
UBAX:BTCEUR,TP,1,,0,BTCEUR.BNBS
UBAX:BTCEURI,TP,1,,0,BTCEURI.BNBS
UBAX:BTCFDUSD,TP,1,,0,BTCFDUSD.BNBS
UBAX:BTCIDR,TP,1,,0,BTCIDR.BNBS
UBAX:BTCJPY,TP,1,,0,BTCJPY.BNBS
UBAX:BTCMXN,TP,1,,0,BTCMXN.BNBS
UBAX:BTCPLN,TP,1,,0,BTCPLN.BNBS
UBAX:BTCRON,TP,1,,0,BTCRON.BNBS
UBAX:BTCTRY,TP,1,,0,BTCTRY.BNBS
UBAX:BTCTUSD,TP,1,,0,BTCTUSD.BNBS
UBAX:BTCU,TP,1,,0,BTCU.BNBS
UBAX:BTCUAH,TP,1,,0,BTCUAH.BNBS
UBAX:BTCUSD,TP,1,,0,BTCUSD.BNBS
UBAX:BTCUSD1,TP,1,,0,BTCUSD1.BNBS
UBAX:BTCUSDC,TP,1,,1,BTCUSDC.BNBS
UBAX:BTCUSDT,TP,1,,0,BTCUSDT.BNBS
UBAX:BTCZAR,TP,1,,0,BTCZAR.BNBS
UBAX:BTSUSDT,TP,1,,0,BTSUSDT.BNBS
UBAX:BTTCTRY,TP,1,,0,BTTCTRY.BNBS
UBAX:BTTCUSDT,TP,1,,0,BTTCUSDT.BNBS
UBAX:C98USDT,TP,1,,0,C98USDT.BNBS
UBAX:CAKEBNB,TP,1,,0,CAKEBNB.BNBS
UBAX:CAKEBTC,TP,1,,0,CAKEBTC.BNBS
UBAX:CAKETRY,TP,1,,0,CAKETRY.BNBS
UBAX:CAKEUSDC,TP,1,,0,CAKEUSDC.BNBS
UBAX:CAKEUSDT,TP,1,,0,CAKEUSDT.BNBS
UBAX:CATITRY,TP,1,,0,CATITRY.BNBS
UBAX:CATIUSDC,TP,1,,0,CATIUSDC.BNBS
UBAX:CATIUSDT,TP,1,,0,CATIUSDT.BNBS
UBAX:CBNB,TP,1,,0,CBNB.BNBS
UBAX:CELOBTC,TP,1,,0,CELOBTC.BNBS
UBAX:CELOTRY,TP,1,,0,CELOTRY.BNBS
UBAX:CELOUSDT,TP,1,,0,CELOUSDT.BNBS
UBAX:CELRUSDT,TP,1,,0,CELRUSDT.BNBS
UBAX:CETUSTRY,TP,1,,0,CETUSTRY.BNBS
UBAX:CETUSUSDC,TP,1,,0,CETUSUSDC.BNBS
UBAX:CETUSUSDT,TP,1,,0,CETUSUSDT.BNBS
UBAX:CFDUSD,TP,1,,0,CFDUSD.BNBS
UBAX:CFGTRY,TP,1,,0,CFGTRY.BNBS
UBAX:CFGUSDC,TP,1,,0,CFGUSDC.BNBS
UBAX:CFGUSDT,TP,1,,0,CFGUSDT.BNBS
UBAX:CFXBTC,TP,1,,0,CFXBTC.BNBS
UBAX:CFXTRY,TP,1,,0,CFXTRY.BNBS
UBAX:CFXUSDC,TP,1,,0,CFXUSDC.BNBS
UBAX:CFXUSDT,TP,1,,0,CFXUSDT.BNBS
UBAX:CGPTUSDC,TP,1,,0,CGPTUSDC.BNBS
UBAX:CGPTUSDT,TP,1,,0,CGPTUSDT.BNBS
UBAX:CHESSUSDC,TP,1,,0,CHESSUSDC.BNBS
UBAX:CHESSUSDT,TP,1,,0,CHESSUSDT.BNBS
UBAX:CHRBTC,TP,1,,0,CHRBTC.BNBS
UBAX:CHRUSDT,TP,1,,0,CHRUSDT.BNBS
UBAX:CHZBNB,TP,1,,0,CHZBNB.BNBS
UBAX:CHZBTC,TP,1,,0,CHZBTC.BNBS
UBAX:CHZTRY,TP,1,,0,CHZTRY.BNBS
UBAX:CHZUSDC,TP,1,,0,CHZUSDC.BNBS
UBAX:CHZUSDT,TP,1,,0,CHZUSDT.BNBS
UBAX:CITYTRY,TP,1,,0,CITYTRY.BNBS
UBAX:CITYUSDT,TP,1,,0,CITYUSDT.BNBS
UBAX:CKBTRY,TP,1,,0,CKBTRY.BNBS
UBAX:CKBUSDC,TP,1,,0,CKBUSDC.BNBS
UBAX:CKBUSDT,TP,1,,0,CKBUSDT.BNBS
UBAX:COMBOUSDT,TP,1,,0,COMBOUSDT.BNBS
UBAX:COMPBTC,TP,1,,0,COMPBTC.BNBS
UBAX:COMPTRY,TP,1,,0,COMPTRY.BNBS
UBAX:COMPUSDC,TP,1,,0,COMPUSDC.BNBS
UBAX:COMPUSDT,TP,1,,0,COMPUSDT.BNBS
UBAX:COOKIEUSDC,TP,1,,0,COOKIEUSDC.BNBS
UBAX:COOKIEUSDT,TP,1,,0,COOKIEUSDT.BNBS
UBAX:COSTRY,TP,1,,0,COSTRY.BNBS
UBAX:COSUSDT,TP,1,,0,COSUSDT.BNBS
UBAX:COTIBTC,TP,1,,0,COTIBTC.BNBS
UBAX:COTITRY,TP,1,,0,COTITRY.BNBS
UBAX:COTIUSDC,TP,1,,0,COTIUSDC.BNBS
UBAX:COTIUSDT,TP,1,,0,COTIUSDT.BNBS
UBAX:COWTRY,TP,1,,0,COWTRY.BNBS
UBAX:COWUSDC,TP,1,,0,COWUSDC.BNBS
UBAX:COWUSDT,TP,1,,0,COWUSDT.BNBS
UBAX:CROUSDT,TP,1,,0,CROUSDT.BNBS
UBAX:CRVBTC,TP,1,,0,CRVBTC.BNBS
UBAX:CRVTRY,TP,1,,0,CRVTRY.BNBS
UBAX:CRVUSDC,TP,1,,0,CRVUSDC.BNBS
UBAX:CRVUSDT,TP,1,,0,CRVUSDT.BNBS
UBAX:CTKBNB,TP,1,,0,CTKBNB.BNBS
UBAX:CTKBTC,TP,1,,0,CTKBTC.BNBS
UBAX:CTKUSDT,TP,1,,0,CTKUSDT.BNBS
UBAX:CTRY,TP,1,,0,CTRY.BNBS
UBAX:CTSIBTC,TP,1,,0,CTSIBTC.BNBS
UBAX:CTSIUSDT,TP,1,,0,CTSIUSDT.BNBS
UBAX:CUSDC,TP,1,,0,CUSDC.BNBS
UBAX:CUSDT,TP,1,,0,CUSDT.BNBS
UBAX:CVCUSDC,TP,1,,0,CVCUSDC.BNBS
UBAX:CVCUSDT,TP,1,,0,CVCUSDT.BNBS
UBAX:CVXUSDC,TP,1,,0,CVXUSDC.BNBS
UBAX:CVXUSDT,TP,1,,0,CVXUSDT.BNBS
UBAX:CYBERBNB,TP,1,,0,CYBERBNB.BNBS
UBAX:CYBERBTC,TP,1,,0,CYBERBTC.BNBS
UBAX:CYBERETH,TP,1,,0,CYBERETH.BNBS
UBAX:CYBERFDUSD,TP,1,,0,CYBERFDUSD.BNBS
UBAX:CYBERTRY,TP,1,,0,CYBERTRY.BNBS
UBAX:CYBERUSDC,TP,1,,0,CYBERUSDC.BNBS
UBAX:CYBERUSDT,TP,1,,0,CYBERUSDT.BNBS
UBAX:DAIJPY,TP,1,,0,DAIJPY.BNBS
UBAX:DASHBTC,TP,1,,0,DASHBTC.BNBS
UBAX:DASHETH,TP,1,,0,DASHETH.BNBS
UBAX:DASHTRY,TP,1,,0,DASHTRY.BNBS
UBAX:DASHUSDC,TP,1,,0,DASHUSDC.BNBS
UBAX:DASHUSDT,TP,1,,0,DASHUSDT.BNBS
UBAX:DATABTC,TP,1,,0,DATABTC.BNBS
UBAX:DATAUSDT,TP,1,,0,DATAUSDT.BNBS
UBAX:DCRUSDT,TP,1,,0,DCRUSDT.BNBS
UBAX:DEGOUSDT,TP,1,,0,DEGOUSDT.BNBS
UBAX:DENTETH,TP,1,,0,DENTETH.BNBS
UBAX:DENTTRY,TP,1,,0,DENTTRY.BNBS
UBAX:DENTUSDT,TP,1,,0,DENTUSDT.BNBS
UBAX:DEXEUSDT,TP,1,,0,DEXEUSDT.BNBS
UBAX:DFUSDC,TP,1,,0,DFUSDC.BNBS
UBAX:DFUSDT,TP,1,,0,DFUSDT.BNBS
UBAX:DGBUSDT,TP,1,,0,DGBUSDT.BNBS
UBAX:DIABTC,TP,1,,0,DIABTC.BNBS
UBAX:DIAUSDT,TP,1,,0,DIAUSDT.BNBS
UBAX:DNTUSDT,TP,1,,0,DNTUSDT.BNBS
UBAX:DOCKUSDT,TP,1,,0,DOCKUSDT.BNBS
UBAX:DODOBTC,TP,1,,0,DODOBTC.BNBS
UBAX:DODOTRY,TP,1,,0,DODOTRY.BNBS
UBAX:DODOUSDT,TP,1,,0,DODOUSDT.BNBS
UBAX:DOGEBRL,TP,1,,0,DOGEBRL.BNBS
UBAX:DOGEBTC,TP,1,,0,DOGEBTC.BNBS
UBAX:DOGEEUR,TP,1,,0,DOGEEUR.BNBS
UBAX:DOGEFDUSD,TP,1,,0,DOGEFDUSD.BNBS
UBAX:DOGEIDR,TP,1,,0,DOGEIDR.BNBS
UBAX:DOGEJPY,TP,1,,0,DOGEJPY.BNBS
UBAX:DOGETRY,TP,1,,0,DOGETRY.BNBS
UBAX:DOGETUSD,TP,1,,0,DOGETUSD.BNBS
UBAX:DOGEU,TP,1,,0,DOGEU.BNBS
UBAX:DOGEUSD1,TP,1,,0,DOGEUSD1.BNBS
UBAX:DOGEUSDC,TP,1,,0,DOGEUSDC.BNBS
UBAX:DOGEUSDT,TP,1,,0,DOGEUSDT.BNBS
UBAX:DOGSFDUSD,TP,1,,0,DOGSFDUSD.BNBS
UBAX:DOGSIDR,TP,1,,0,DOGSIDR.BNBS
UBAX:DOGSTRY,TP,1,,0,DOGSTRY.BNBS
UBAX:DOGSUSDC,TP,1,,0,DOGSUSDC.BNBS
UBAX:DOGSUSDT,TP,1,,0,DOGSUSDT.BNBS
UBAX:DOLOBNB,TP,1,,0,DOLOBNB.BNBS
UBAX:DOLOFDUSD,TP,1,,0,DOLOFDUSD.BNBS
UBAX:DOLOTRY,TP,1,,0,DOLOTRY.BNBS
UBAX:DOLOUSDC,TP,1,,0,DOLOUSDC.BNBS
UBAX:DOLOUSDT,TP,1,,0,DOLOUSDT.BNBS
UBAX:DOTBNB,TP,1,,0,DOTBNB.BNBS
UBAX:DOTBRL,TP,1,,0,DOTBRL.BNBS
UBAX:DOTBTC,TP,1,,0,DOTBTC.BNBS
UBAX:DOTETH,TP,1,,0,DOTETH.BNBS
UBAX:DOTEUR,TP,1,,0,DOTEUR.BNBS
UBAX:DOTFDUSD,TP,1,,0,DOTFDUSD.BNBS
UBAX:DOTTRY,TP,1,,0,DOTTRY.BNBS
UBAX:DOTUSDC,TP,1,,0,DOTUSDC.BNBS
UBAX:DOTUSDT,TP,1,,0,DOTUSDT.BNBS
UBAX:DTRY,TP,1,,0,DTRY.BNBS
UBAX:DUSDT,TP,1,,0,DUSDT.BNBS
UBAX:DUSKBTC,TP,1,,0,DUSKBTC.BNBS
UBAX:DUSKUSDT,TP,1,,0,DUSKUSDT.BNBS
UBAX:DYDXBTC,TP,1,,0,DYDXBTC.BNBS
UBAX:DYDXFDUSD,TP,1,,0,DYDXFDUSD.BNBS
UBAX:DYDXTRY,TP,1,,0,DYDXTRY.BNBS
UBAX:DYDXUSDC,TP,1,,0,DYDXUSDC.BNBS
UBAX:DYDXUSDT,TP,1,,0,DYDXUSDT.BNBS
UBAX:DYMTRY,TP,1,,0,DYMTRY.BNBS
UBAX:DYMUSDC,TP,1,,0,DYMUSDC.BNBS
UBAX:DYMUSDT,TP,1,,0,DYMUSDT.BNBS
UBAX:EDENBNB,TP,1,,0,EDENBNB.BNBS
UBAX:EDENFDUSD,TP,1,,0,EDENFDUSD.BNBS
UBAX:EDENTRY,TP,1,,0,EDENTRY.BNBS
UBAX:EDENUSDC,TP,1,,0,EDENUSDC.BNBS
UBAX:EDENUSDT,TP,1,,0,EDENUSDT.BNBS
UBAX:EDUTRY,TP,1,,0,EDUTRY.BNBS
UBAX:EDUUSDT,TP,1,,0,EDUUSDT.BNBS
UBAX:EGLDBNB,TP,1,,0,EGLDBNB.BNBS
UBAX:EGLDBTC,TP,1,,0,EGLDBTC.BNBS
UBAX:EGLDETH,TP,1,,0,EGLDETH.BNBS
UBAX:EGLDEUR,TP,1,,0,EGLDEUR.BNBS
UBAX:EGLDFDUSD,TP,1,,0,EGLDFDUSD.BNBS
UBAX:EGLDRON,TP,1,,0,EGLDRON.BNBS
UBAX:EGLDTRY,TP,1,,0,EGLDTRY.BNBS
UBAX:EGLDUSDC,TP,1,,0,EGLDUSDC.BNBS
UBAX:EGLDUSDT,TP,1,,0,EGLDUSDT.BNBS
UBAX:EIGENBTC,TP,1,,0,EIGENBTC.BNBS
UBAX:EIGENFDUSD,TP,1,,0,EIGENFDUSD.BNBS
UBAX:EIGENTRY,TP,1,,0,EIGENTRY.BNBS
UBAX:EIGENUSDC,TP,1,,0,EIGENUSDC.BNBS
UBAX:EIGENUSDT,TP,1,,0,EIGENUSDT.BNBS
UBAX:ELFUSDT,TP,1,,0,ELFUSDT.BNBS
UBAX:ENABNB,TP,1,,0,ENABNB.BNBS
UBAX:ENABRL,TP,1,,0,ENABRL.BNBS
UBAX:ENABTC,TP,1,,0,ENABTC.BNBS
UBAX:ENAFDUSD,TP,1,,0,ENAFDUSD.BNBS
UBAX:ENATRY,TP,1,,0,ENATRY.BNBS
UBAX:ENAUSDC,TP,1,,0,ENAUSDC.BNBS
UBAX:ENAUSDT,TP,1,,0,ENAUSDT.BNBS
UBAX:ENJBTC,TP,1,,0,ENJBTC.BNBS
UBAX:ENJTRY,TP,1,,0,ENJTRY.BNBS
UBAX:ENJUSDC,TP,1,,0,ENJUSDC.BNBS
UBAX:ENJUSDT,TP,1,,0,ENJUSDT.BNBS
UBAX:ENSBTC,TP,1,,0,ENSBTC.BNBS
UBAX:ENSFDUSD,TP,1,,0,ENSFDUSD.BNBS
UBAX:ENSOBNB,TP,1,,0,ENSOBNB.BNBS
UBAX:ENSOFDUSD,TP,1,,0,ENSOFDUSD.BNBS
UBAX:ENSOTRY,TP,1,,0,ENSOTRY.BNBS
UBAX:ENSOUSDC,TP,1,,0,ENSOUSDC.BNBS
UBAX:ENSOUSDT,TP,1,,0,ENSOUSDT.BNBS
UBAX:ENSTRY,TP,1,,0,ENSTRY.BNBS
UBAX:ENSUSDC,TP,1,,0,ENSUSDC.BNBS
UBAX:ENSUSDT,TP,1,,0,ENSUSDT.BNBS
UBAX:EOSUSDT,TP,1,,0,EOSUSDT.BNBS
UBAX:EPICUSDC,TP,1,,0,EPICUSDC.BNBS
UBAX:EPICUSDT,TP,1,,0,EPICUSDT.BNBS
UBAX:ERABNB,TP,1,,0,ERABNB.BNBS
UBAX:ERAFDUSD,TP,1,,0,ERAFDUSD.BNBS
UBAX:ERATRY,TP,1,,0,ERATRY.BNBS
UBAX:ERAUSDC,TP,1,,0,ERAUSDC.BNBS
UBAX:ERAUSDT,TP,1,,0,ERAUSDT.BNBS
UBAX:ESPTRY,TP,1,,0,ESPTRY.BNBS
UBAX:ESPUSDC,TP,1,,0,ESPUSDC.BNBS
UBAX:ESPUSDT,TP,1,,0,ESPUSDT.BNBS
UBAX:ETCBNB,TP,1,,0,ETCBNB.BNBS
UBAX:ETCBTC,TP,1,,0,ETCBTC.BNBS
UBAX:ETCETH,TP,1,,0,ETCETH.BNBS
UBAX:ETCFDUSD,TP,1,,0,ETCFDUSD.BNBS
UBAX:ETCTRY,TP,1,,0,ETCTRY.BNBS
UBAX:ETCUSDC,TP,1,,0,ROSEUSDC.BNBS
UBAX:ETCUSDT,TP,1,,0,ETCUSDT.BNBS
UBAX:ETHARS,TP,1,,0,ETHARS.BNBS
UBAX:ETHBRL,TP,1,,0,ETHBRL.BNBS
UBAX:ETHBTC,TP,1,,0,ETHBTC.BNBS
UBAX:ETHDAI,TP,1,,0,ETHDAI.BNBS
UBAX:ETHEUR,TP,1,,0,ETHEUR.BNBS
UBAX:ETHEURI,TP,1,,0,ETHEURI.BNBS
UBAX:ETHFDUSD,TP,1,,0,ETHFDUSD.BNBS
UBAX:ETHFIFDUSD,TP,1,,0,ETHFIFDUSD.BNBS
UBAX:ETHFITRY,TP,1,,0,ETHFITRY.BNBS
UBAX:ETHFIUSDC,TP,1,,0,ETHFIUSDC.BNBS
UBAX:ETHFIUSDT,TP,1,,0,ETHFIUSDT.BNBS
UBAX:ETHIDR,TP,1,,0,ETHIDR.BNBS
UBAX:ETHJPY,TP,1,,0,ETHJPY.BNBS
UBAX:ETHMXN,TP,1,,0,ETHMXN.BNBS
UBAX:ETHPLN,TP,1,,0,ETHPLN.BNBS
UBAX:ETHTRY,TP,1,,0,ETHTRY.BNBS
UBAX:ETHTUSD,TP,1,,0,ETHTUSD.BNBS
UBAX:ETHU,TP,1,,0,ETHU.BNBS
UBAX:ETHUSD,TP,1,,0,ETHUSD.BNBS
UBAX:ETHUSD1,TP,1,,0,ETHUSD1.BNBS
UBAX:ETHUSDC,TP,1,,0,ETHUSDC.BNBS
UBAX:ETHUSDT,TP,1,,1,ETHUSDT.BNBS
UBAX:ETHZAR,TP,1,,0,ETHZAR.BNBS
UBAX:EULBNB,TP,1,,0,EULBNB.BNBS
UBAX:EULFDUSD,TP,1,,0,EULFDUSD.BNBS
UBAX:EULTRY,TP,1,,0,EULTRY.BNBS
UBAX:EULUSDC,TP,1,,0,EULUSDC.BNBS
UBAX:EULUSDT,TP,1,,0,EULUSDT.BNBS
UBAX:EUREURI,TP,1,,0,EUREURI.BNBS
UBAX:EURIUSDC,TP,1,,0,EURIUSDC.BNBS
UBAX:EURIUSDT,TP,1,,0,EURIUSDT.BNBS
UBAX:EURUSDC,TP,1,,0,EURUSDC.BNBS
UBAX:EURUSDT,TP,1,,0,EURUSDT.BNBS
UBAX:FARMUSDT,TP,1,,0,FARMUSDT.BNBS
UBAX:FDUSDTRY,TP,1,,0,FDUSDTRY.BNBS
UBAX:FDUSDUSDC,TP,1,,0,FDUSDUSDC.BNBS
UBAX:FDUSDUSDT,TP,1,,0,FDUSDUSDT.BNBS
UBAX:FETBNB,TP,1,,0,FETBNB.BNBS
UBAX:FETBTC,TP,1,,0,FETBTC.BNBS
UBAX:FETFDUSD,TP,1,,0,FETFDUSD.BNBS
UBAX:FETJPY,TP,1,,0,FETJPY.BNBS
UBAX:FETTRY,TP,1,,0,FETTRY.BNBS
UBAX:FETUSDC,TP,1,,0,FETUSDC.BNBS
UBAX:FETUSDT,TP,1,,0,FETUSDT.BNBS
UBAX:FFBNB,TP,1,,0,FFBNB.BNBS
UBAX:FFFDUSD,TP,1,,0,FFFDUSD.BNBS
UBAX:FFTRY,TP,1,,0,FFTRY.BNBS
UBAX:FFUSDC,TP,1,,0,FFUSDC.BNBS
UBAX:FFUSDT,TP,1,,0,FFUSDT.BNBS
UBAX:FIDABTC,TP,1,,0,FIDABTC.BNBS
UBAX:FIDATRY,TP,1,,0,FIDATRY.BNBS
UBAX:FIDAUSDT,TP,1,,0,FIDAUSDT.BNBS
UBAX:FILBTC,TP,1,,0,FILBTC.BNBS
UBAX:FILETH,TP,1,,0,FILETH.BNBS
UBAX:FILFDUSD,TP,1,,0,FILFDUSD.BNBS
UBAX:FILTRY,TP,1,,0,FILTRY.BNBS
UBAX:FILUSDC,TP,1,,0,FILUSDC.BNBS
UBAX:FILUSDT,TP,1,,0,FILUSDT.BNBS
UBAX:FIOBTC,TP,1,,0,FIOBTC.BNBS
UBAX:FIOUSDT,TP,1,,0,FIOUSDT.BNBS
UBAX:FIROUSDT,TP,1,,0,FIROUSDT.BNBS
UBAX:FISBTC,TP,1,,0,FISBTC.BNBS
UBAX:FISUSDT,TP,1,,0,FISUSDT.BNBS
UBAX:FLMBTC,TP,1,,0,FLMBTC.BNBS
UBAX:FLMUSDT,TP,1,,0,FLMUSDT.BNBS
UBAX:FLOKIFDUSD,TP,1,,0,FLOKIFDUSD.BNBS
UBAX:FLOKIIDR,TP,1,,0,FLOKIIDR.BNBS
UBAX:FLOKITRY,TP,1,,0,FLOKITRY.BNBS
UBAX:FLOKIUSDC,TP,1,,0,FLOKIUSDC.BNBS
UBAX:FLOKIUSDT,TP,1,,0,FLOKIUSDT.BNBS
UBAX:FLOWBTC,TP,1,,0,FLOWBTC.BNBS
UBAX:FLOWUSDT,TP,1,,0,FLOWUSDT.BNBS
UBAX:FLUXBTC,TP,1,,0,FLUXBTC.BNBS
UBAX:FLUXUSDC,TP,1,,0,FLUXUSDC.BNBS
UBAX:FLUXUSDT,TP,1,,0,FLUXUSDT.BNBS
UBAX:FOGOTRY,TP,1,,0,FOGOTRY.BNBS
UBAX:FOGOUSDC,TP,1,,0,FOGOUSDC.BNBS
UBAX:FOGOUSDT,TP,1,,0,FOGOUSDT.BNBS
UBAX:FORMTRY,TP,1,,0,FORMTRY.BNBS
UBAX:FORMUSDC,TP,1,,0,FORMUSDC.BNBS
UBAX:FORMUSDT,TP,1,,0,FORMUSDT.BNBS
UBAX:FORTHBTC,TP,1,,0,FORTHBTC.BNBS
UBAX:FORTHUSDT,TP,1,,0,FORTHUSDT.BNBS
UBAX:FRAXUSDT,TP,1,,0,FRAXUSDT.BNBS
UBAX:FTMUSDT,TP,1,,0,FTMUSDT.BNBS
UBAX:FTRY,TP,1,,0,FTRY.BNBS
UBAX:FTTUSDT,TP,1,,0,FTTUSDT.BNBS
UBAX:FUNUSDC,TP,1,,0,FUNUSDC.BNBS
UBAX:FUNUSDT,TP,1,,0,FUNUSDT.BNBS
UBAX:FUSDC,TP,1,,0,FUSDC.BNBS
UBAX:FUSDT,TP,1,,0,FUSDT.BNBS
UBAX:FXSUSDT,TP,1,,0,FXSUSDT.BNBS
UBAX:GALABRL,TP,1,,0,GALABRL.BNBS
UBAX:GALABTC,TP,1,,0,GALABTC.BNBS
UBAX:GALAETH,TP,1,,0,GALAETH.BNBS
UBAX:GALAEUR,TP,1,,0,GALAEUR.BNBS
UBAX:GALAFDUSD,TP,1,,0,GALAFDUSD.BNBS
UBAX:GALATRY,TP,1,,0,GALATRY.BNBS
UBAX:GALAUSDC,TP,1,,0,GALAUSDC.BNBS
UBAX:GALAUSDT,TP,1,,0,GALAUSDT.BNBS
UBAX:GALUSDT,TP,1,,0,GALUSDT.BNBS
UBAX:GASBTC,TP,1,,0,GASBTC.BNBS
UBAX:GASTRY,TP,1,,0,GASTRY.BNBS
UBAX:GASUSDT,TP,1,,0,GASUSDT.BNBS
UBAX:GHSTUSDT,TP,1,,0,GHSTUSDT.BNBS
UBAX:GIGGLETRY,TP,1,,0,GIGGLETRY.BNBS
UBAX:GIGGLEUSDC,TP,1,,0,GIGGLEUSDC.BNBS
UBAX:GIGGLEUSDT,TP,1,,0,GIGGLEUSDT.BNBS
UBAX:GLMBTC,TP,1,,0,GLMBTC.BNBS
UBAX:GLMRBTC,TP,1,,0,GLMRBTC.BNBS
UBAX:GLMRUSDT,TP,1,,0,GLMRUSDT.BNBS
UBAX:GLMUSDT,TP,1,,0,GLMUSDT.BNBS
UBAX:GMTBTC,TP,1,,0,GMTBTC.BNBS
UBAX:GMTEUR,TP,1,,0,GMTEUR.BNBS
UBAX:GMTTRY,TP,1,,0,GMTTRY.BNBS
UBAX:GMTUSDC,TP,1,,0,GMTUSDC.BNBS
UBAX:GMTUSDT,TP,1,,0,GMTUSDT.BNBS
UBAX:GMXUSDC,TP,1,,0,GMXUSDC.BNBS
UBAX:GMXUSDT,TP,1,,0,GMXUSDT.BNBS
UBAX:GNOUSDT,TP,1,,0,GNOUSDT.BNBS
UBAX:GNSUSDT,TP,1,,0,GNSUSDT.BNBS
UBAX:GPSBNB,TP,1,,0,GPSBNB.BNBS
UBAX:GPSFDUSD,TP,1,,0,GPSFDUSD.BNBS
UBAX:GPSTRY,TP,1,,0,GPSTRY.BNBS
UBAX:GPSUSDC,TP,1,,0,GPSUSDC.BNBS
UBAX:GPSUSDT,TP,1,,0,GPSUSDT.BNBS
UBAX:GRTBTC,TP,1,,0,GRTBTC.BNBS
UBAX:GRTETH,TP,1,,0,GRTETH.BNBS
UBAX:GRTEUR,TP,1,,0,GRTEUR.BNBS
UBAX:GRTFDUSD,TP,1,,0,GRTFDUSD.BNBS
UBAX:GRTTRY,TP,1,,0,GRTTRY.BNBS
UBAX:GRTUSDC,TP,1,,0,GRTUSDC.BNBS
UBAX:GRTUSDT,TP,1,,0,GRTUSDT.BNBS
UBAX:GTCUSDT,TP,1,,0,GTCUSDT.BNBS
UBAX:GTRY,TP,1,,0,GTRY.BNBS
UBAX:GUNBNB,TP,1,,0,GUNBNB.BNBS
UBAX:GUNFDUSD,TP,1,,0,GUNFDUSD.BNBS
UBAX:GUNTRY,TP,1,,0,GUNTRY.BNBS
UBAX:GUNUSDC,TP,1,,0,GUNUSDC.BNBS
UBAX:GUNUSDT,TP,1,,0,GUNUSDT.BNBS
UBAX:GUSDT,TP,1,,0,GUSDT.BNBS
UBAX:HAEDALBNB,TP,1,,0,HAEDALBNB.BNBS
UBAX:HAEDALFDUSD,TP,1,,0,HAEDALFDUSD.BNBS
UBAX:HAEDALTRY,TP,1,,0,HAEDALTRY.BNBS
UBAX:HAEDALUSDC,TP,1,,0,HAEDALUSDC.BNBS
UBAX:HAEDALUSDT,TP,1,,0,HAEDALUSDT.BNBS
UBAX:HARDUSDT,TP,1,,0,HARDUSDT.BNBS
UBAX:HBARBNB,TP,1,,0,HBARBNB.BNBS
UBAX:HBARBTC,TP,1,,0,HBARBTC.BNBS
UBAX:HBARFDUSD,TP,1,,0,HBARFDUSD.BNBS
UBAX:HBARIDR,TP,1,,0,HBARIDR.BNBS
UBAX:HBARTRY,TP,1,,0,HBARTRY.BNBS
UBAX:HBARUSDC,TP,1,,0,HBARUSDC.BNBS
UBAX:HBARUSDT,TP,1,,0,HBARUSDT.BNBS
UBAX:HEIBTC,TP,1,,0,HEIBTC.BNBS
UBAX:HEITRY,TP,1,,0,HEITRY.BNBS
UBAX:HEIUSDC,TP,1,,0,HEIUSDC.BNBS
UBAX:HEIUSDT,TP,1,,0,HEIUSDT.BNBS
UBAX:HEMIBNB,TP,1,,0,HEMIBNB.BNBS
UBAX:HEMIFDUSD,TP,1,,0,HEMIFDUSD.BNBS
UBAX:HEMITRY,TP,1,,0,HEMITRY.BNBS
UBAX:HEMIUSDC,TP,1,,0,HEMIUSDC.BNBS
UBAX:HEMIUSDT,TP,1,,0,HEMIUSDT.BNBS
UBAX:HFTBTC,TP,1,,0,HFTBTC.BNBS
UBAX:HFTUSDT,TP,1,,0,HFTUSDT.BNBS
UBAX:HIFIUSDT,TP,1,,0,HIFIUSDT.BNBS
UBAX:HIGHTRY,TP,1,,0,HIGHTRY.BNBS
UBAX:HIGHUSDT,TP,1,,0,HIGHUSDT.BNBS
UBAX:HIVEBTC,TP,1,,0,HIVEBTC.BNBS
UBAX:HIVEFDUSD,TP,1,,0,HIVEFDUSD.BNBS
UBAX:HIVETRY,TP,1,,0,HIVETRY.BNBS
UBAX:HIVEUSDC,TP,1,,0,HIVEUSDC.BNBS
UBAX:HIVEUSDT,TP,1,,0,HIVEUSDT.BNBS
UBAX:HMSTRFDUSD,TP,1,,0,HMSTRFDUSD.BNBS
UBAX:HMSTRTRY,TP,1,,0,HMSTRTRY.BNBS
UBAX:HMSTRUSDC,TP,1,,0,HMSTRUSDC.BNBS
UBAX:HMSTRUSDT,TP,1,,0,HMSTRUSDT.BNBS
UBAX:HOLOBNB,TP,1,,0,HOLOBNB.BNBS
UBAX:HOLOFDUSD,TP,1,,0,HOLOFDUSD.BNBS
UBAX:HOLOTRY,TP,1,,0,HOLOTRY.BNBS
UBAX:HOLOUSDC,TP,1,,0,HOLOUSDC.BNBS
UBAX:HOLOUSDT,TP,1,,0,HOLOUSDT.BNBS
UBAX:HOMEBNB,TP,1,,0,HOMEBNB.BNBS
UBAX:HOMEFDUSD,TP,1,,0,HOMEFDUSD.BNBS
UBAX:HOMETRY,TP,1,,0,HOMETRY.BNBS
UBAX:HOMEUSDC,TP,1,,0,HOMEUSDC.BNBS
UBAX:HOMEUSDT,TP,1,,0,HOMEUSDT.BNBS
UBAX:HOOKUSDT,TP,1,,0,HOOKUSDT.BNBS
UBAX:HOTETH,TP,1,,0,HOTETH.BNBS
UBAX:HOTTRY,TP,1,,0,HOTTRY.BNBS
UBAX:HOTUSDT,TP,1,,0,HOTUSDT.BNBS
UBAX:HUMABNB,TP,1,,0,HUMABNB.BNBS
UBAX:HUMAFDUSD,TP,1,,0,HUMAFDUSD.BNBS
UBAX:HUMATRY,TP,1,,0,HUMATRY.BNBS
UBAX:HUMAUSDC,TP,1,,0,HUMAUSDC.BNBS
UBAX:HUMAUSDT,TP,1,,0,HUMAUSDT.BNBS
UBAX:HYPERBNB,TP,1,,0,HYPERBNB.BNBS
UBAX:HYPERFDUSD,TP,1,,0,HYPERFDUSD.BNBS
UBAX:HYPERTRY,TP,1,,0,HYPERTRY.BNBS
UBAX:HYPERUSDC,TP,1,,0,HYPERUSDC.BNBS
UBAX:HYPERUSDT,TP,1,,0,HYPERUSDT.BNBS
UBAX:ICPBTC,TP,1,,0,ICPBTC.BNBS
UBAX:ICPETH,TP,1,,0,ICPETH.BNBS
UBAX:ICPEUR,TP,1,,0,ICPEUR.BNBS
UBAX:ICPFDUSD,TP,1,,0,ICPFDUSD.BNBS
UBAX:ICPTRY,TP,1,,0,ICPTRY.BNBS
UBAX:ICPUSDC,TP,1,,0,ICPUSDC.BNBS
UBAX:ICPUSDT,TP,1,,0,ICPUSDT.BNBS
UBAX:ICXBTC,TP,1,,0,ICXBTC.BNBS
UBAX:ICXUSDT,TP,1,,0,ICXUSDT.BNBS
UBAX:IDBTC,TP,1,,0,IDBTC.BNBS
UBAX:IDEXUSDC,TP,1,,0,IDEXUSDC.BNBS
UBAX:IDEXUSDT,TP,1,,0,IDEXUSDT.BNBS
UBAX:IDTRY,TP,1,,0,IDTRY.BNBS
UBAX:IDUSDT,TP,1,,0,IDUSDT.BNBS
UBAX:ILVBTC,TP,1,,0,ILVBTC.BNBS
UBAX:ILVUSDC,TP,1,,0,ILVUSDC.BNBS
UBAX:ILVUSDT,TP,1,,0,ILVUSDT.BNBS
UBAX:IMXBTC,TP,1,,0,IMXBTC.BNBS
UBAX:IMXUSDC,TP,1,,0,IMXUSDC.BNBS
UBAX:IMXUSDT,TP,1,,0,IMXUSDT.BNBS
UBAX:INITBNB,TP,1,,0,INITBNB.BNBS
UBAX:INITFDUSD,TP,1,,0,INITFDUSD.BNBS
UBAX:INITTRY,TP,1,,0,INITTRY.BNBS
UBAX:INITUSDC,TP,1,,0,INITUSDC.BNBS
UBAX:INITUSDT,TP,1,,0,INITUSDT.BNBS
UBAX:INJBNB,TP,1,,0,INJBNB.BNBS
UBAX:INJBTC,TP,1,,0,INJBTC.BNBS
UBAX:INJETH,TP,1,,0,INJETH.BNBS
UBAX:INJFDUSD,TP,1,,0,INJFDUSD.BNBS
UBAX:INJTRY,TP,1,,0,INJTRY.BNBS
UBAX:INJUSDC,TP,1,,0,INJUSDC.BNBS
UBAX:INJUSDT,TP,1,,0,INJUSDT.BNBS
UBAX:IOBNB,TP,1,,0,IOBNB.BNBS
UBAX:IOBTC,TP,1,,0,IOBTC.BNBS
UBAX:IOFDUSD,TP,1,,0,IOFDUSD.BNBS
UBAX:IOSTUSDT,TP,1,,0,IOSTUSDT.BNBS
UBAX:IOTABTC,TP,1,,0,IOTABTC.BNBS
UBAX:IOTAETH,TP,1,,0,IOTAETH.BNBS
UBAX:IOTATRY,TP,1,,0,IOTATRY.BNBS
UBAX:IOTAUSDC,TP,1,,0,IOTAUSDC.BNBS
UBAX:IOTAUSDT,TP,1,,0,IOTAUSDT.BNBS
UBAX:IOTRY,TP,1,,0,IOTRY.BNBS
UBAX:IOTXBTC,TP,1,,0,IOTXBTC.BNBS
UBAX:IOTXETH,TP,1,,0,IOTXETH.BNBS
UBAX:IOTXJPY,TP,1,,0,IOTXJPY.BNBS
UBAX:IOTXUSDT,TP,1,,0,IOTXUSDT.BNBS
UBAX:IOUSDC,TP,1,,0,IOUSDC.BNBS
UBAX:IOUSDT,TP,1,,0,IOUSDT.BNBS
UBAX:IQUSDT,TP,1,,0,IQUSDT.BNBS
UBAX:IRISUSDT,TP,1,,0,IRISUSDT.BNBS
UBAX:JASMYTRY,TP,1,,0,JASMYTRY.BNBS
UBAX:JASMYUSDT,TP,1,,0,JASMYUSDT.BNBS
UBAX:JOEBTC,TP,1,,0,JOEBTC.BNBS
UBAX:JOEUSDT,TP,1,,0,JOEUSDT.BNBS
UBAX:JSTBTC,TP,1,,0,JSTBTC.BNBS
UBAX:JSTUSDT,TP,1,,0,JSTUSDT.BNBS
UBAX:JTOFDUSD,TP,1,,0,JTOFDUSD.BNBS
UBAX:JTOTRY,TP,1,,0,JTOTRY.BNBS
UBAX:JTOUSDC,TP,1,,0,JTOUSDC.BNBS
UBAX:JTOUSDT,TP,1,,0,JTOUSDT.BNBS
UBAX:JUPFDUSD,TP,1,,0,JUPFDUSD.BNBS
UBAX:JUPTRY,TP,1,,0,JUPTRY.BNBS
UBAX:JUPUSDC,TP,1,,0,JUPUSDC.BNBS
UBAX:JUPUSDT,TP,1,,0,JUPUSDT.BNBS
UBAX:JUVTRY,TP,1,,0,JUVTRY.BNBS
UBAX:JUVUSDC,TP,1,,0,JUVUSDC.BNBS
UBAX:JUVUSDT,TP,1,,0,JUVUSDT.BNBS
UBAX:KAIAUSDC,TP,1,,0,KAIAUSDC.BNBS
UBAX:KAIAUSDT,TP,1,,0,KAIAUSDT.BNBS
UBAX:KAITOBTC,TP,1,,0,KAITOBTC.BNBS
UBAX:KAITOFDUSD,TP,1,,0,KAITOFDUSD.BNBS
UBAX:KAITOTRY,TP,1,,0,KAITOTRY.BNBS
UBAX:KAITOUSDC,TP,1,,0,KAITOUSDC.BNBS
UBAX:KAITOUSDT,TP,1,,0,KAITOUSDT.BNBS
UBAX:KAVABTC,TP,1,,0,KAVABTC.BNBS
UBAX:KAVAUSDT,TP,1,,0,KAVAUSDT.BNBS
UBAX:KDABTC,TP,1,,0,KDABTC.BNBS
UBAX:KDAUSDT,TP,1,,0,KDAUSDT.BNBS
UBAX:KERNELBNB,TP,1,,0,KERNELBNB.BNBS
UBAX:KERNELFDUSD,TP,1,,0,KERNELFDUSD.BNBS
UBAX:KERNELTRY,TP,1,,0,KERNELTRY.BNBS
UBAX:KERNELUSDC,TP,1,,0,KERNELUSDC.BNBS
UBAX:KERNELUSDT,TP,1,,0,KERNELUSDT.BNBS
UBAX:KGSTU,TP,1,,0,KGSTU.BNBS
UBAX:KGSTUSDT,TP,1,,0,KGSTUSDT.BNBS
UBAX:KITEBNB,TP,1,,0,KITEBNB.BNBS
UBAX:KITETRY,TP,1,,0,KITETRY.BNBS
UBAX:KITEUSDC,TP,1,,0,KITEUSDC.BNBS
UBAX:KITEUSDT,TP,1,,0,KITEUSDT.BNBS
UBAX:KLAYUSDT,TP,1,,0,KLAYUSDT.BNBS
UBAX:KMDBTC,TP,1,,0,KMDBTC.BNBS
UBAX:KMDUSDT,TP,1,,0,KMDUSDT.BNBS
UBAX:KMNOUSDC,TP,1,,0,KMNOUSDC.BNBS
UBAX:KMNOUSDT,TP,1,,0,KMNOUSDT.BNBS
UBAX:KNCBTC,TP,1,,0,KNCBTC.BNBS
UBAX:KNCUSDT,TP,1,,0,KNCUSDT.BNBS
UBAX:KSMBTC,TP,1,,0,KSMBTC.BNBS
UBAX:KSMTRY,TP,1,,0,KSMTRY.BNBS
UBAX:KSMUSDT,TP,1,,0,KSMUSDT.BNBS
UBAX:LABNB,TP,1,,0,LABNB.BNBS
UBAX:LAFDUSD,TP,1,,0,LAFDUSD.BNBS
UBAX:LATRY,TP,1,,0,LATRY.BNBS
UBAX:LAUSDC,TP,1,,0,LAUSDC.BNBS
UBAX:LAUSDT,TP,1,,0,LAUSDT.BNBS
UBAX:LAYERBNB,TP,1,,0,LAYERBNB.BNBS
UBAX:LAYERBTC,TP,1,,0,LAYERBTC.BNBS
UBAX:LAYERFDUSD,TP,1,,0,LAYERFDUSD.BNBS
UBAX:LAYERTRY,TP,1,,0,LAYERTRY.BNBS
UBAX:LAYERUSDC,TP,1,,0,LAYERUSDC.BNBS
UBAX:LAYERUSDT,TP,1,,0,LAYERUSDT.BNBS
UBAX:LAZIOTRY,TP,1,,0,LAZIOTRY.BNBS
UBAX:LAZIOUSDT,TP,1,,0,LAZIOUSDT.BNBS
UBAX:LDOBTC,TP,1,,0,LDOBTC.BNBS
UBAX:LDOFDUSD,TP,1,,0,LDOFDUSD.BNBS
UBAX:LDOTRY,TP,1,,0,LDOTRY.BNBS
UBAX:LDOUSDC,TP,1,,0,LDOUSDC.BNBS
UBAX:LDOUSDT,TP,1,,0,LDOUSDT.BNBS
UBAX:LEVERTRY,TP,1,,0,LEVERTRY.BNBS
UBAX:LEVERUSDT,TP,1,,0,LEVERUSDT.BNBS
UBAX:LINEABNB,TP,1,,0,LINEABNB.BNBS
UBAX:LINEAFDUSD,TP,1,,0,LINEAFDUSD.BNBS
UBAX:LINEATRY,TP,1,,0,LINEATRY.BNBS
UBAX:LINEAUSDC,TP,1,,0,LINEAUSDC.BNBS
UBAX:LINEAUSDT,TP,1,,0,LINEAUSDT.BNBS
UBAX:LINKBNB,TP,1,,0,LINKBNB.BNBS
UBAX:LINKBRL,TP,1,,0,LINKBRL.BNBS
UBAX:LINKBTC,TP,1,,0,LINKBTC.BNBS
UBAX:LINKETH,TP,1,,0,LINKETH.BNBS
UBAX:LINKEUR,TP,1,,0,LINKEUR.BNBS
UBAX:LINKFDUSD,TP,1,,0,LINKFDUSD.BNBS
UBAX:LINKJPY,TP,1,,0,LINKJPY.BNBS
UBAX:LINKTRY,TP,1,,0,LINKTRY.BNBS
UBAX:LINKU,TP,1,,0,LINKU.BNBS
UBAX:LINKUSD1,TP,1,,0,LINKUSD1.BNBS
UBAX:LINKUSDC,TP,1,,0,LINKUSDC.BNBS
UBAX:LINKUSDT,TP,1,,0,LINKUSDT.BNBS
UBAX:LISTABNB,TP,1,,0,LISTABNB.BNBS
UBAX:LISTAFDUSD,TP,1,,0,LISTAFDUSD.BNBS
UBAX:LISTATRY,TP,1,,0,LISTATRY.BNBS
UBAX:LISTAUSDC,TP,1,,0,LISTAUSDC.BNBS
UBAX:LISTAUSDT,TP,1,,0,LISTAUSDT.BNBS
UBAX:LITUSDT,TP,1,,0,LITUSDT.BNBS
UBAX:LOKABTC,TP,1,,0,LOKABTC.BNBS
UBAX:LOKAUSDT,TP,1,,0,LOKAUSDT.BNBS
UBAX:LPTBNB,TP,1,,0,LPTBNB.BNBS
UBAX:LPTBTC,TP,1,,0,LPTBTC.BNBS
UBAX:LPTJPY,TP,1,,0,LPTJPY.BNBS
UBAX:LPTTRY,TP,1,,0,LPTTRY.BNBS
UBAX:LPTUSDC,TP,1,,0,LPTUSDC.BNBS
UBAX:LPTUSDT,TP,1,,0,LPTUSDT.BNBS
UBAX:LQTYUSDT,TP,1,,0,LQTYUSDT.BNBS
UBAX:LRCBTC,TP,1,,0,LRCBTC.BNBS
UBAX:LRCETH,TP,1,,0,LRCETH.BNBS
UBAX:LRCTRY,TP,1,,0,LRCTRY.BNBS
UBAX:LRCUSDT,TP,1,,0,LRCUSDT.BNBS
UBAX:LSKBTC,TP,1,,0,LSKBTC.BNBS
UBAX:LSKUSDC,TP,1,,0,LSKUSDC.BNBS
UBAX:LSKUSDT,TP,1,,0,LSKUSDT.BNBS
UBAX:LTCBNB,TP,1,,0,LTCBNB.BNBS
UBAX:LTCBRL,TP,1,,0,LTCBRL.BNBS
UBAX:LTCBTC,TP,1,,0,LTCBTC.BNBS
UBAX:LTCETH,TP,1,,0,LTCETH.BNBS
UBAX:LTCEUR,TP,1,,0,LTCEUR.BNBS
UBAX:LTCFDUSD,TP,1,,0,LTCFDUSD.BNBS
UBAX:LTCJPY,TP,1,,0,LTCJPY.BNBS
UBAX:LTCTRY,TP,1,,0,LTCTRY.BNBS
UBAX:LTCU,TP,1,,0,LTCU.BNBS
UBAX:LTCUSD1,TP,1,,0,LTCUSD1.BNBS
UBAX:LTCUSDC,TP,1,,0,LTCUSDC.BNBS
UBAX:LTCUSDT,TP,1,,0,LTCUSDT.BNBS
UBAX:LTOBTC,TP,1,,0,LTOBTC.BNBS
UBAX:LTOUSDT,TP,1,,0,LTOUSDT.BNBS
UBAX:LUMIATRY,TP,1,,0,LUMIATRY.BNBS
UBAX:LUMIAUSDT,TP,1,,0,LUMIAUSDT.BNBS
UBAX:LUNATRY,TP,1,,0,LUNATRY.BNBS
UBAX:LUNAUSDC,TP,1,,0,LUNAUSDC.BNBS
UBAX:LUNAUSDT,TP,1,,0,LUNAUSDT.BNBS
UBAX:LUNCTRY,TP,1,,0,LUNCTRY.BNBS
UBAX:LUNCUSDC,TP,1,,0,LUNCUSDC.BNBS
UBAX:LUNCUSDT,TP,1,,0,LUNCUSDT.BNBS
UBAX:MAGICBTC,TP,1,,0,MAGICBTC .BNBS
UBAX:MAGICTRY,TP,1,,0,MAGICTRY.BNBS
UBAX:MAGICUSDC,TP,1,,0,MAGICUSDC.BNBS
UBAX:MAGICUSDT,TP,1,,0,MAGICUSDT .BNBS
UBAX:MANABTC,TP,1,,0,MANABTC.BNBS
UBAX:MANAETH,TP,1,,0,MANAETH.BNBS
UBAX:MANATRY,TP,1,,0,MANATRY.BNBS
UBAX:MANAUSDT,TP,1,,0,MANAUSDT.BNBS
UBAX:MANTABTC,TP,1,,0,MANTABTC.BNBS
UBAX:MANTAFDUSD,TP,1,,0,MANTAFDUSD.BNBS
UBAX:MANTAIDR,TP,1,,0,MANTAIDR.BNBS
UBAX:MANTATRY,TP,1,,0,MANTATRY.BNBS
UBAX:MANTAUSDC,TP,1,,0,MANTAUSDC.BNBS
UBAX:MANTAUSDT,TP,1,,0,MANTAUSDT.BNBS
UBAX:MANTRATRY,TP,1,,0,MANTRATRY.BNBS
UBAX:MANTRAUSDC,TP,1,,0,MANTRAUSDC.BNBS
UBAX:MANTRAUSDT,TP,1,,0,MANTRAUSDT.BNBS
UBAX:MASKTRY,TP,1,,0,MASKTRY.BNBS
UBAX:MASKUSDC,TP,1,,0,MASKUSDC.BNBS
UBAX:MASKUSDT,TP,1,,0,MASKUSDT.BNBS
UBAX:MATICUSDT,TP,1,,0,MATICUSDT.BNBS
UBAX:MAVBTC,TP,1,,0,MAVBTC.BNBS
UBAX:MAVTRY,TP,1,,0,MAVTRY.BNBS
UBAX:MAVUSDC,TP,1,,0,MAVUSDC.BNBS
UBAX:MAVUSDT,TP,1,,0,MAVUSDT.BNBS
UBAX:MBLUSDT,TP,1,,0,MBLUSDT.BNBS
UBAX:MBOXTRY,TP,1,,0,MBOXTRY.BNBS
UBAX:MBOXUSDT,TP,1,,0,MBOXUSDT.BNBS
UBAX:MDTUSDT,TP,1,,0,MDTUSDT.BNBS
UBAX:MDXUSDT,TP,1,,0,MDXUSDT.BNBS
UBAX:MEBTC,TP,1,,0,MEBTC.BNBS
UBAX:MEFDUSD,TP,1,,0,MEFDUSD.BNBS
UBAX:MEMEFDUSD,TP,1,,0,MEMEFDUSD.BNBS
UBAX:MEMETRY,TP,1,,0,MEMETRY.BNBS
UBAX:MEMEUSDC,TP,1,,0,MEMEUSDC.BNBS
UBAX:MEMEUSDT,TP,1,,0,MEMEUSDT.BNBS
UBAX:METISTRY,TP,1,,0,METISTRY.BNBS
UBAX:METISUSDT,TP,1,,0,METISUSDT.BNBS
UBAX:METRY,TP,1,,0,METRY.BNBS
UBAX:METTRY,TP,1,,0,METTRY.BNBS
UBAX:METUSDC,TP,1,,0,METUSDC.BNBS
UBAX:METUSDT,TP,1,,0,METUSDT.BNBS
UBAX:MEUSDC,TP,1,,0,MEUSDC.BNBS
UBAX:MEUSDT,TP,1,,0,MEUSDT.BNBS
UBAX:MINABTC,TP,1,,0,MINABTC.BNBS
UBAX:MINATRY,TP,1,,0,MINATRY.BNBS
UBAX:MINAUSDC,TP,1,,0,MINAUSDC.BNBS
UBAX:MINAUSDT,TP,1,,0,MINAUSDT.BNBS
UBAX:MIRABNB,TP,1,,0,MIRABNB.BNBS
UBAX:MIRAFDUSD,TP,1,,0,MIRAFDUSD.BNBS
UBAX:MIRATRY,TP,1,,0,MIRATRY.BNBS
UBAX:MIRAUSDC,TP,1,,0,MIRAUSDC.BNBS
UBAX:MIRAUSDT,TP,1,,0,MIRAUSDT.BNBS
UBAX:MITOBNB,TP,1,,0,MITOBNB.BNBS
UBAX:MITOFDUSD,TP,1,,0,MITOFDUSD.BNBS
UBAX:MITOTRY,TP,1,,0,MITOTRY.BNBS
UBAX:MITOUSDC,TP,1,,0,MITOUSDC.BNBS
UBAX:MITOUSDT,TP,1,,0,MITOUSDT.BNBS
UBAX:MKRBTC,TP,1,,0,MKRBTC.BNBS
UBAX:MKRTRY,TP,1,,0,MKRTRY.BNBS
UBAX:MKRUSDC,TP,1,,0,MKRUSDC.BNBS
UBAX:MKRUSDT,TP,1,,0,MKRUSDT.BNBS
UBAX:MLNUSDT,TP,1,,0,MLNUSDT.BNBS
UBAX:MMTBNB,TP,1,,0,MMTBNB.BNBS
UBAX:MMTTRY,TP,1,,0,MMTTRY.BNBS
UBAX:MMTUSDC,TP,1,,0,MMTUSDC.BNBS
UBAX:MMTUSDT,TP,1,,0,MMTUSDT.BNBS
UBAX:MORPHOBNB,TP,1,,0,MORPHOBNB.BNBS
UBAX:MORPHOFDUSD,TP,1,,0,MORPHOFDUSD.BNBS
UBAX:MORPHOTRY,TP,1,,0,MORPHOTRY.BNBS
UBAX:MORPHOUSDC,TP,1,,0,MORPHOUSDC.BNBS
UBAX:MORPHOUSDT,TP,1,,0,MORPHOUSDT.BNBS
UBAX:MOVEBNB,TP,1,,0,MOVEBNB.BNBS
UBAX:MOVEBTC,TP,1,,0,MOVEBTC.BNBS
UBAX:MOVEFDUSD,TP,1,,0,MOVEFDUSD.BNBS
UBAX:MOVETRY,TP,1,,0,MOVETRY.BNBS
UBAX:MOVEUSDC,TP,1,,0,MOVEUSDC.BNBS
UBAX:MOVEUSDT,TP,1,,0,MOVEUSDT.BNBS
UBAX:MOVRBTC,TP,1,,0,MOVRBTC.BNBS
UBAX:MOVRTRY,TP,1,,0,MOVRTRY.BNBS
UBAX:MOVRUSDT,TP,1,,0,MOVRUSDT.BNBS
UBAX:MTLBTC,TP,1,,0,MTLBTC.BNBS
UBAX:MTLUSDT,TP,1,,0,MTLUSDT.BNBS
UBAX:MUBARAKTRY,TP,1,,0,MUBARAKTRY.BNBS
UBAX:MUBARAKUSDC,TP,1,,0,MUBARAKUSDC.BNBS
UBAX:MUBARAKUSDT,TP,1,,0,MUBARAKUSDT.BNBS
UBAX:NBSUSDT,TP,1,,0,NBSUSDT.BNBS
UBAX:NEARBNB,TP,1,,0,NEARBNB.BNBS
UBAX:NEARBRL,TP,1,,0,NEARBRL.BNBS
UBAX:NEARBTC,TP,1,,0,NEARBTC.BNBS
UBAX:NEARETH,TP,1,,0,NEARETH.BNBS
UBAX:NEAREUR,TP,1,,0,NEAREUR.BNBS
UBAX:NEARFDUSD,TP,1,,0,NEARFDUSD.BNBS
UBAX:NEARJPY,TP,1,,0,NEARJPY.BNBS
UBAX:NEARTRY,TP,1,,0,NEARTRY.BNBS
UBAX:NEARU,TP,1,,0,NEARU.BNBS
UBAX:NEARUSD1,TP,1,,0,NEARUSD1.BNBS
UBAX:NEARUSDC,TP,1,,0,NEARUSDC.BNBS
UBAX:NEARUSDT,TP,1,,0,NEARUSDT.BNBS
UBAX:NEIROFDUSD,TP,1,,0,NEIROFDUSD.BNBS
UBAX:NEIROIDR,TP,1,,0,NEIROIDR.BNBS
UBAX:NEIROJPY,TP,1,,0,NEIROJPY.BNBS
UBAX:NEIROTRY,TP,1,,0,NEIROTRY.BNBS
UBAX:NEIROUSDC,TP,1,,0,NEIROUSDC.BNBS
UBAX:NEIROUSDT,TP,1,,0,NEIROUSDT.BNBS
UBAX:NEOBTC,TP,1,,0,NEOBTC.BNBS
UBAX:NEOTRY,TP,1,,0,NEOTRY.BNBS
UBAX:NEOUSDC,TP,1,,0,NEOUSDC.BNBS
UBAX:NEOUSDT,TP,1,,0,NEOUSDT.BNBS
UBAX:NEWTBNB,TP,1,,0,NEWTBNB.BNBS
UBAX:NEWTFDUSD,TP,1,,0,NEWTFDUSD.BNBS
UBAX:NEWTTRY,TP,1,,0,NEWTTRY.BNBS
UBAX:NEWTUSDC,TP,1,,0,NEWTUSDC.BNBS
UBAX:NEWTUSDT,TP,1,,0,NEWTUSDT.BNBS
UBAX:NEXOBTC,TP,1,,0,NEXOBTC.BNBS
UBAX:NEXOUSDT,TP,1,,0,NEXOUSDT.BNBS
UBAX:NFPBTC,TP,1,,0,NFPBTC.BNBS
UBAX:NFPFDUSD,TP,1,,0,NFPFDUSD.BNBS
UBAX:NFPTRY,TP,1,,0,NFPTRY.BNBS
UBAX:NFPUSDT,TP,1,,0,NFPUSDT.BNBS
UBAX:NIGHTBNB,TP,1,,0,NIGHTBNB.BNBS
UBAX:NIGHTTRY,TP,1,,0,NIGHTTRY.BNBS
UBAX:NIGHTUSDC,TP,1,,0,NIGHTUSDC.BNBS
UBAX:NIGHTUSDT,TP,1,,0,NIGHTUSDT.BNBS
UBAX:NILBNB,TP,1,,0,NILBNB.BNBS
UBAX:NILFDUSD,TP,1,,0,NILFDUSD.BNBS
UBAX:NILTRY,TP,1,,0,NILTRY.BNBS
UBAX:NILUSDC,TP,1,,0,NILUSDC.BNBS
UBAX:NILUSDT,TP,1,,0,NILUSDT.BNBS
UBAX:NKNBTC,TP,1,,0,NKNBTC.BNBS
UBAX:NKNUSDT,TP,1,,0,NKNUSDT.BNBS
UBAX:NMRBTC,TP,1,,0,NMRBTC.BNBS
UBAX:NMRTRY,TP,1,,0,NMRTRY.BNBS
UBAX:NMRUSDC,TP,1,,0,NMRUSDC.BNBS
UBAX:NMRUSDT,TP,1,,0,NMRUSDT.BNBS
UBAX:NOMFDUSD,TP,1,,0,NOMFDUSD.BNBS
UBAX:NOMTRY,TP,1,,0,NOMTRY.BNBS
UBAX:NOMUSDC,TP,1,,0,NOMUSDC.BNBS
UBAX:NOMUSDT,TP,1,,0,NOMUSDT.BNBS
UBAX:NOTFDUSD,TP,1,,0,NOTFDUSD.BNBS
UBAX:NOTTRY,TP,1,,0,NOTTRY.BNBS
UBAX:NOTUSDC,TP,1,,0,NOTUSDC.BNBS
UBAX:NOTUSDT,TP,1,,0,NOTUSDT.BNBS
UBAX:NTRNBNB,TP,1,,0,NTRNBNB.BNBS
UBAX:NTRNTRY,TP,1,,0,NTRNTRY.BNBS
UBAX:NTRNUSDT,TP,1,,0,NTRNUSDT.BNBS
UBAX:NULSUSDT,TP,1,,0,NULSUSDT.BNBS
UBAX:NXPCBNB,TP,1,,0,NXPCBNB.BNBS
UBAX:NXPCFDUSD,TP,1,,0,NXPCFDUSD.BNBS
UBAX:NXPCTRY,TP,1,,0,NXPCTRY.BNBS
UBAX:NXPCUSDC,TP,1,,0,NXPCUSDC.BNBS
UBAX:NXPCUSDT,TP,1,,0,NXPCUSDT.BNBS
UBAX:OCEANUSDT,TP,1,,0,OCEANUSDT.BNBS
UBAX:OGBTC,TP,1,,0,OGBTC.BNBS
UBAX:OGNBTC,TP,1,,0,OGNBTC.BNBS
UBAX:OGNTRY,TP,1,,0,OGNTRY.BNBS
UBAX:OGNUSDT,TP,1,,0,OGNUSDT.BNBS
UBAX:OGTRY,TP,1,,0,OGTRY.BNBS
UBAX:OGUSDT,TP,1,,0,OGUSDT.BNBS
UBAX:OMBTC,TP,1,,0,OMBTC.BNBS
UBAX:OMGUSDT,TP,1,,0,OMGUSDT.BNBS
UBAX:OMNIBTC,TP,1,,0,OMNIBTC.BNBS
UBAX:OMNIFDUSD,TP,1,,0,OMNIFDUSD.BNBS
UBAX:OMNITRY,TP,1,,0,OMNITRY.BNBS
UBAX:OMNIUSDC,TP,1,,0,OMNIUSDC.BNBS
UBAX:OMNIUSDT,TP,1,,0,OMNIUSDT.BNBS
UBAX:OMTRY,TP,1,,0,OMTRY.BNBS
UBAX:OMUSDC,TP,1,,0,OMUSDC.BNBS
UBAX:OMUSDT,TP,1,,0,OMUSDT.BNBS
UBAX:ONDOIDR,TP,1,,0,ONDOIDR.BNBS
UBAX:ONDOTRY,TP,1,,0,ONDOTRY.BNBS
UBAX:ONDOUSDC,TP,1,,0,ONDOUSDC.BNBS
UBAX:ONDOUSDT,TP,1,,0,ONDOUSDT.BNBS
UBAX:ONETRY,TP,1,,0,ONETRY.BNBS
UBAX:ONEUSDT,TP,1,,0,ONEUSDT.BNBS
UBAX:ONGBTC,TP,1,,0,ONGBTC.BNBS
UBAX:ONGUSDT,TP,1,,0,ONGUSDT.BNBS
UBAX:ONTBTC,TP,1,,0,ONTBTC.BNBS
UBAX:ONTTRY,TP,1,,0,ONTTRY.BNBS
UBAX:ONTUSDC,TP,1,,0,ONTUSDC.BNBS
UBAX:ONTUSDT,TP,1,,0,ONTUSDT.BNBS
UBAX:OPBTC,TP,1,,0,OPBTC.BNBS
UBAX:OPENBNB,TP,1,,0,OPENBNB.BNBS
UBAX:OPENFDUSD,TP,1,,0,OPENFDUSD.BNBS
UBAX:OPENTRY,TP,1,,0,OPENTRY.BNBS
UBAX:OPENUSDC,TP,1,,0,OPENUSDC.BNBS
UBAX:OPENUSDT,TP,1,,0,OPENUSDT.BNBS
UBAX:OPETH,TP,1,,0,OPETH.BNBS
UBAX:OPEUR,TP,1,,0,OPEUR.BNBS
UBAX:OPFDUSD,TP,1,,0,OPFDUSD.BNBS
UBAX:OPNBNB,TP,1,,0,OPNBNB.BNBS
UBAX:OPNTRY,TP,1,,0,OPNTRY.BNBS
UBAX:OPNU,TP,1,,0,OPNU.BNBS
UBAX:OPNUSD1,TP,1,,0,OPNUSD1.BNBS
UBAX:OPNUSDC,TP,1,,0,OPNUSDC.BNBS
UBAX:OPNUSDT,TP,1,,0,OPNUSDT.BNBS
UBAX:OPTRY,TP,1,,0,OPTRY.BNBS
UBAX:OPUSDC,TP,1,,0,OPUSDC.BNBS
UBAX:OPUSDT,TP,1,,0,OPUSDT.BNBS
UBAX:ORCATRY,TP,1,,0,ORCATRY.BNBS
UBAX:ORCAUSDC,TP,1,,0,ORCAUSDC.BNBS
UBAX:ORCAUSDT,TP,1,,0,ORCAUSDT.BNBS
UBAX:ORDIBTC,TP,1,,0,ORDIBTC.BNBS
UBAX:ORDIFDUSD,TP,1,,0,ORDIFDUSD.BNBS
UBAX:ORDITRY,TP,1,,0,ORDITRY.BNBS
UBAX:ORDIUSDC,TP,1,,0,ORDIUSDC.BNBS
UBAX:ORDIUSDT,TP,1,,0,ORDIUSDT.BNBS
UBAX:ORNUSDT,TP,1,,0,ORNUSDT.BNBS
UBAX:OSMOUSDC,TP,1,,0,OSMOUSDC.BNBS
UBAX:OSMOUSDT,TP,1,,0,OSMOUSDT.BNBS
UBAX:OXTBTC,TP,1,,0,OXTBTC.BNBS
UBAX:OXTUSDT,TP,1,,0,OXTUSDT.BNBS
UBAX:PARTIBNB,TP,1,,0,PARTIBNB.BNBS
UBAX:PARTIFDUSD,TP,1,,0,PARTIFDUSD.BNBS
UBAX:PARTITRY,TP,1,,0,PARTITRY.BNBS
UBAX:PARTIUSDC,TP,1,,0,PARTIUSDC.BNBS
UBAX:PARTIUSDT,TP,1,,0,PARTIUSDT.BNBS
UBAX:PAXGBTC,TP,1,,0,PAXGBTC.BNBS
UBAX:PAXGTRY,TP,1,,0,PAXGTRY.BNBS
UBAX:PAXGU,TP,1,,0,PAXGU.BNBS
UBAX:PAXGUSD1,TP,1,,0,PAXGUSD1.BNBS
UBAX:PAXGUSDC,TP,1,,0,PAXGUSDC.BNBS
UBAX:PAXGUSDT,TP,1,,0,PAXGUSDT.BNBS
UBAX:PDAUSDT,TP,1,,0,PDAUSDT.BNBS
UBAX:PENDLEBTC,TP,1,,0,PENDLEBTC.BNBS
UBAX:PENDLEFDUSD,TP,1,,0,PENDLEFDUSD.BNBS
UBAX:PENDLETRY,TP,1,,0,PENDLETRY.BNBS
UBAX:PENDLEUSDC,TP,1,,0,PENDLEUSDC.BNBS
UBAX:PENDLEUSDT,TP,1,,0,PENDLEUSDT.BNBS
UBAX:PENGUFDUSD,TP,1,,0,PENGUFDUSD.BNBS
UBAX:PENGUTRY,TP,1,,0,PENGUTRY.BNBS
UBAX:PENGUUSDC,TP,1,,0,PENGUUSDC.BNBS
UBAX:PENGUUSDT,TP,1,,0,PENGUUSDT.BNBS
UBAX:PEOPLEBTC,TP,1,,0,PEOPLEBTC.BNBS
UBAX:PEOPLEFDUSD,TP,1,,0,PEOPLEFDUSD.BNBS
UBAX:PEOPLETRY,TP,1,,0,PEOPLETRY.BNBS
UBAX:PEOPLEUSDC,TP,1,,0,PEOPLEUSDC.BNBS
UBAX:PEOPLEUSDT,TP,1,,0,PEOPLEUSDT.BNBS
UBAX:PEPEBRL,TP,1,,0,PEPEBRL.BNBS
UBAX:PEPEEUR,TP,1,,0,PEPEEUR.BNBS
UBAX:PEPEFDUSD,TP,1,,0,PEPEFDUSD.BNBS
UBAX:PEPEJPY,TP,1,,0,PEPEJPY.BNBS
UBAX:PEPETRY,TP,1,,0,PEPETRY.BNBS
UBAX:PEPEU,TP,1,,0,PEPEU.BNBS
UBAX:PEPEUSD1,TP,1,,0,PEPEUSD1.BNBS
UBAX:PEPEUSDC,TP,1,,0,PEPEUSDC.BNBS
UBAX:PEPEUSDT,TP,1,,0,PEPEUSDT.BNBS
UBAX:PERLUSDT,TP,1,,0,PERLUSDT.BNBS
UBAX:PERPUSDT,TP,1,,0,PERPUSDT.BNBS
UBAX:PHABTC,TP,1,,0,PHABTC.BNBS
UBAX:PHATRY,TP,1,,0,PHATRY.BNBS
UBAX:PHAUSDC,TP,1,,0,PHAUSDC.BNBS
UBAX:PHAUSDT,TP,1,,0,PHAUSDT.BNBS
UBAX:PHBBTC,TP,1,,0,PHBBTC.BNBS
UBAX:PHBTRY,TP,1,,0,PHBTRY.BNBS
UBAX:PHBUSDT,TP,1,,0,PHBUSDT.BNBS
UBAX:PIVXBTC,TP,1,,0,PIVXBTC.BNBS
UBAX:PIVXUSDT,TP,1,,0,PIVXUSDT.BNBS
UBAX:PIXELTRY,TP,1,,0,PIXELTRY.BNBS
UBAX:PIXELUSDC,TP,1,,0,PIXELUSDC.BNBS
UBAX:PIXELUSDT,TP,1,,0,PIXELUSDT.BNBS
UBAX:PLUMEBNB,TP,1,,0,PLUMEBNB.BNBS
UBAX:PLUMEFDUSD,TP,1,,0,PLUMEFDUSD.BNBS
UBAX:PLUMETRY,TP,1,,0,PLUMETRY.BNBS
UBAX:PLUMEUSDC,TP,1,,0,PLUMEUSDC.BNBS
UBAX:PLUMEUSDT,TP,1,,0,PLUMEUSDT.BNBS
UBAX:PNUTBRL,TP,1,,0,PNUTBRL.BNBS
UBAX:PNUTBTC,TP,1,,0,PNUTBTC.BNBS
UBAX:PNUTEUR,TP,1,,0,PNUTEUR.BNBS
UBAX:PNUTFDUSD,TP,1,,0,PNUTFDUSD.BNBS
UBAX:PNUTTRY,TP,1,,0,PNUTTRY.BNBS
UBAX:PNUTUSDC,TP,1,,0,PNUTUSDC.BNBS
UBAX:PNUTUSDT,TP,1,,0,PNUTUSDT.BNBS
UBAX:POLBNB,TP,1,,0,POLBNB.BNBS
UBAX:POLBRL,TP,1,,0,POLBRL.BNBS
UBAX:POLBTC,TP,1,,0,POLBTC.BNBS
UBAX:POLETH,TP,1,,0,POLETH.BNBS
UBAX:POLEUR,TP,1,,0,POLEUR.BNBS
UBAX:POLFDUSD,TP,1,,0,POLFDUSD.BNBS
UBAX:POLIDR,TP,1,,0,POLIDR.BNBS
UBAX:POLJPY,TP,1,,0,POLJPY.BNBS
UBAX:POLSUSDT,TP,1,,0,POLSUSDT.BNBS
UBAX:POLTRY,TP,1,,0,POLTRY.BNBS
UBAX:POLUSDC,TP,1,,0,POLUSDC.BNBS
UBAX:POLUSDT,TP,1,,0,POLUSDT.BNBS
UBAX:POLYXBTC,TP,1,,0,POLYXBTC.BNBS
UBAX:POLYXTRY,TP,1,,0,POLYXTRY.BNBS
UBAX:POLYXUSDT,TP,1,,0,POLYXUSDT.BNBS
UBAX:PONDUSDT,TP,1,,0,PONDUSDT.BNBS
UBAX:PORTALBNB,TP,1,,0,PORTALBNB.BNBS
UBAX:PORTALBTC,TP,1,,0,PORTALBTC.BNBS
UBAX:PORTALFDUSD,TP,1,,0,PORTALFDUSD.BNBS
UBAX:PORTALTRY,TP,1,,0,PORTALTRY.BNBS
UBAX:PORTALUSDT,TP,1,,0,PORTALUSDT.BNBS
UBAX:PORTOTRY,TP,1,,0,PORTOTRY.BNBS
UBAX:PORTOUSDT,TP,1,,0,PORTOUSDT.BNBS
UBAX:POWRBTC,TP,1,,0,POWRBTC.BNBS
UBAX:POWRETH,TP,1,,0,POWRETH.BNBS
UBAX:POWRUSDT,TP,1,,0,POWRUSDT.BNBS
UBAX:PROMUSDT,TP,1,,0,PROMUSDT.BNBS
UBAX:PROVEBNB,TP,1,,0,PROVEBNB.BNBS
UBAX:PROVEFDUSD,TP,1,,0,PROVEFDUSD.BNBS
UBAX:PROVETRY,TP,1,,0,PROVETRY.BNBS
UBAX:PROVEUSDC,TP,1,,0,PROVEUSDC.BNBS
UBAX:PROVEUSDT,TP,1,,0,PROVEUSDT.BNBS
UBAX:PSGTRY,TP,1,,0,PSGTRY.BNBS
UBAX:PSGUSDT,TP,1,,0,PSGUSDT.BNBS
UBAX:PUMPTRY,TP,1,,0,PUMPTRY.BNBS
UBAX:PUMPUSDC,TP,1,,0,PUMPUSDC.BNBS
UBAX:PUMPUSDT,TP,1,,0,PUMPUSDT.BNBS
UBAX:PUNDIXUSDC,TP,1,,0,PUNDIXUSDC.BNBS
UBAX:PUNDIXUSDT,TP,1,,0,PUNDIXUSDT.BNBS
UBAX:PYRBTC,TP,1,,0,PYRBTC.BNBS
UBAX:PYRUSDT,TP,1,,0,PYRUSDT.BNBS
UBAX:PYTHBTC,TP,1,,0,PYTHBTC.BNBS
UBAX:PYTHFDUSD,TP,1,,0,PYTHFDUSD.BNBS
UBAX:PYTHTRY,TP,1,,0,PYTHTRY.BNBS
UBAX:PYTHUSDC,TP,1,,0,PYTHUSDC.BNBS
UBAX:PYTHUSDT,TP,1,,0,PYTHUSDT.BNBS
UBAX:QIUSDT,TP,1,,0,QIUSDT.BNBS
UBAX:QKCUSDT,TP,1,,0,QKCUSDT.BNBS
UBAX:QNTBTC,TP,1,,0,QNTBTC.BNBS
UBAX:QNTUSDC,TP,1,,0,QNTUSDC.BNBS
UBAX:QNTUSDT,TP,1,,0,QNTUSDT.BNBS
UBAX:QTUMBTC,TP,1,,0,QTUMBTC.BNBS
UBAX:QTUMETH,TP,1,,0,QTUMETH.BNBS
UBAX:QTUMTRY,TP,1,,0,QTUMTRY.BNBS
UBAX:QTUMUSDC,TP,1,,0,QTUMUSDC.BNBS
UBAX:QTUMUSDT,TP,1,,0,QTUMUSDT.BNBS
UBAX:QUICKOLDUSDT,TP,1,,0,QUICKOLDUSDT.BNBS
UBAX:QUICKUSDT,TP,1,,0,QUICKUSDT.BNBS
UBAX:RADTRY,TP,1,,0,RADTRY.BNBS
UBAX:RADUSDT,TP,1,,0,RADUSDT.BNBS
UBAX:RAREBTC,TP,1,,0,RAREBTC.BNBS
UBAX:RARETRY,TP,1,,0,RARETRY.BNBS
UBAX:RAREUSDC,TP,1,,0,RAREUSDC.BNBS
UBAX:RAREUSDT,TP,1,,0,RAREUSDT.BNBS
UBAX:RAYFDUSD,TP,1,,0,RAYFDUSD.BNBS
UBAX:RAYTRY,TP,1,,0,RAYTRY.BNBS
UBAX:RAYUSDC,TP,1,,0,RAYUSDC.BNBS
UBAX:RAYUSDT,TP,1,,0,RAYUSDT.BNBS
UBAX:RDNTTRY,TP,1,,0,RDNTTRY.BNBS
UBAX:RDNTUSDT,TP,1,,0,RDNTUSDT.BNBS
UBAX:REDBTC,TP,1,,0,REDBTC.BNBS
UBAX:REDFDUSD,TP,1,,0,REDFDUSD.BNBS
UBAX:REDTRY,TP,1,,0,REDTRY.BNBS
UBAX:REDUSDC,TP,1,,0,REDUSDC.BNBS
UBAX:REDUSDT,TP,1,,0,REDUSDT.BNBS
UBAX:REIUSDT,TP,1,,0,REIUSDT.BNBS
UBAX:RENDERBRL,TP,1,,0,RENDERBRL.BNBS
UBAX:RENDERBTC,TP,1,,0,RENDERBTC.BNBS
UBAX:RENDEREUR,TP,1,,0,RENDEREUR.BNBS
UBAX:RENDERFDUSD,TP,1,,0,RENDERFDUSD.BNBS
UBAX:RENDERIDR,TP,1,,0,RENDERIDR.BNBS
UBAX:RENDERTRY,TP,1,,0,RENDERTRY.BNBS
UBAX:RENDERUSDC,TP,1,,0,RENDERUSDC.BNBS
UBAX:RENDERUSDT,TP,1,,0,RENDERUSDT.BNBS
UBAX:RENUSDT,TP,1,,0,RENUSDT.BNBS
UBAX:REPUSDT,TP,1,,0,REPUSDT.BNBS
UBAX:REQBTC,TP,1,,0,REQBTC.BNBS
UBAX:REQUSDT,TP,1,,0,REQUSDT.BNBS
UBAX:RESOLVBNB,TP,1,,0,RESOLVBNB.BNBS
UBAX:RESOLVFDUSD,TP,1,,0,RESOLVFDUSD.BNBS
UBAX:RESOLVTRY,TP,1,,0,RESOLVTRY.BNBS
UBAX:RESOLVUSDC,TP,1,,0,RESOLVUSDC.BNBS
UBAX:RESOLVUSDT,TP,1,,0,RESOLVUSDT.BNBS
UBAX:REZTRY,TP,1,,0,REZTRY.BNBS
UBAX:REZUSDC,TP,1,,0,REZUSDC.BNBS
UBAX:REZUSDT,TP,1,,0,REZUSDT.BNBS
UBAX:RIFBTC,TP,1,,0,RIFBTC.BNBS
UBAX:RIFUSDT,TP,1,,0,RIFUSDT.BNBS
UBAX:RLCBTC,TP,1,,0,RLCBTC.BNBS
UBAX:RLCETH,TP,1,,0,RLCETH.BNBS
UBAX:RLCUSDT,TP,1,,0,RLCUSDT.BNBS
UBAX:RLUSDU,TP,1,,0,RLUSDU.BNBS
UBAX:RLUSDUSDT,TP,1,,0,RLUSDUSDT.BNBS
UBAX:ROBOTRY,TP,1,,0,ROBOTRY.BNBS
UBAX:ROBOUSDC,TP,1,,0,ROBOUSDC.BNBS
UBAX:ROBOUSDT,TP,1,,0,ROBOUSDT.BNBS
UBAX:RONINBTC,TP,1,,0,RONINBTC.BNBS
UBAX:RONINFDUSD,TP,1,,0,RONINFDUSD.BNBS
UBAX:RONINTRY,TP,1,,0,RONINTRY.BNBS
UBAX:RONINUSDT,TP,1,,0,RONINUSDT.BNBS
UBAX:ROSEBTC,TP,1,,0,ROSEBTC.BNBS
UBAX:ROSETRY,TP,1,,0,ROSETRY.BNBS
UBAX:ROSEUSDC,TP,1,,0,ETCUSDC.BNBS
UBAX:ROSEUSDT,TP,1,,0,ROSEUSDT.BNBS
UBAX:RPLUSDC,TP,1,,0,RPLUSDC.BNBS
UBAX:RPLUSDT,TP,1,,0,RPLUSDT.BNBS
UBAX:RSRTRY,TP,1,,0,RSRTRY.BNBS
UBAX:RSRUSDC,TP,1,,0,RSRUSDC.BNBS
UBAX:RSRUSDT,TP,1,,0,RSRUSDT.BNBS
UBAX:RUNEBTC,TP,1,,0,RUNEBTC.BNBS
UBAX:RUNEETH,TP,1,,0,RUNEETH.BNBS
UBAX:RUNEFDUSD,TP,1,,0,RUNEFDUSD.BNBS
UBAX:RUNEUSDC,TP,1,,0,RUNEUSDC.BNBS
UBAX:RUNEUSDT,TP,1,,0,RUNEUSDT.BNBS
UBAX:RVNBTC,TP,1,,0,RVNBTC.BNBS
UBAX:RVNTRY,TP,1,,0,RVNTRY.BNBS
UBAX:RVNUSDC,TP,1,,0,RVNUSDC.BNBS
UBAX:RVNUSDT,TP,1,,0,RVNUSDT.BNBS
UBAX:SAGABNB,TP,1,,0,SAGABNB.BNBS
UBAX:SAGABTC,TP,1,,0,SAGABTC.BNBS
UBAX:SAGAFDUSD,TP,1,,0,SAGAFDUSD.BNBS
UBAX:SAGATRY,TP,1,,0,SAGATRY.BNBS
UBAX:SAGAUSDC,TP,1,,0,SAGAUSDC.BNBS
UBAX:SAGAUSDT,TP,1,,0,SAGAUSDT.BNBS
UBAX:SAHARABNB,TP,1,,0,SAHARABNB.BNBS
UBAX:SAHARAFDUSD,TP,1,,0,SAHARAFDUSD.BNBS
UBAX:SAHARATRY,TP,1,,0,SAHARATRY.BNBS
UBAX:SAHARAUSDC,TP,1,,0,SAHARAUSDC.BNBS
UBAX:SAHARAUSDT,TP,1,,0,SAHARAUSDT.BNBS
UBAX:SANDBTC,TP,1,,0,SANDBTC.BNBS
UBAX:SANDFDUSD,TP,1,,0,SANDFDUSD.BNBS
UBAX:SANDTRY,TP,1,,0,SANDTRY.BNBS
UBAX:SANDUSDC,TP,1,,0,SANDUSDC.BNBS
UBAX:SANDUSDT,TP,1,,0,SANDUSDT.BNBS
UBAX:SANTOSBTC,TP,1,,0,SANTOSBTC.BNBS
UBAX:SANTOSTRY,TP,1,,0,SANTOSTRY.BNBS
UBAX:SANTOSUSDT,TP,1,,0,SANTOSUSDT.BNBS
UBAX:SAPIENBNB,TP,1,,0,SAPIENBNB.BNBS
UBAX:SAPIENTRY,TP,1,,0,SAPIENTRY.BNBS
UBAX:SAPIENUSDC,TP,1,,0,SAPIENUSDC.BNBS
UBAX:SAPIENUSDT,TP,1,,0,SAPIENUSDT.BNBS
UBAX:SBNB,TP,1,,0,SBNB.BNBS
UBAX:SBTC,TP,1,,0,SBTC.BNBS
UBAX:SCETH,TP,1,,0,SCETH.BNBS
UBAX:SCRBTC,TP,1,,0,SCRBTC.BNBS
UBAX:SCRFDUSD,TP,1,,0,SCRFDUSD.BNBS
UBAX:SCRIDR,TP,1,,0,SCRIDR.BNBS
UBAX:SCRTBTC,TP,1,,0,SCRTBTC.BNBS
UBAX:SCRTRY,TP,1,,0,SCRTRY.BNBS
UBAX:SCRTUSDT,TP,1,,0,SCRTUSDT.BNBS
UBAX:SCRUSDT,TP,1,,0,SCRUSDT.BNBS
UBAX:SCUSDT,TP,1,,0,SCUSDT.BNBS
UBAX:SEIBNB,TP,1,,0,SEIBNB.BNBS
UBAX:SEIBTC,TP,1,,0,SEIBTC.BNBS
UBAX:SEIFDUSD,TP,1,,0,SEIFDUSD.BNBS
UBAX:SEIJPY,TP,1,,0,SEIJPY.BNBS
UBAX:SEITRY,TP,1,,0,SEITRY.BNBS
UBAX:SEIUSDC,TP,1,,0,SEIUSDC.BNBS
UBAX:SEIUSDT,TP,1,,0,SEIUSDT.BNBS
UBAX:SENTTRY,TP,1,,0,SENTTRY.BNBS
UBAX:SENTUSDC,TP,1,,0,SENTUSDC.BNBS
UBAX:SENTUSDT,TP,1,,0,SENTUSDT.BNBS
UBAX:SETH,TP,1,,0,SETH.BNBS
UBAX:SEUR,TP,1,,0,SEUR.BNBS
UBAX:SFDUSD,TP,1,,0,SFDUSD.BNBS
UBAX:SFPBTC,TP,1,,0,SFPBTC.BNBS
UBAX:SFPUSDT,TP,1,,0,SFPUSDT.BNBS
UBAX:SHELLBNB,TP,1,,0,SHELLBNB.BNBS
UBAX:SHELLBTC,TP,1,,0,SHELLBTC.BNBS
UBAX:SHELLFDUSD,TP,1,,0,SHELLFDUSD.BNBS
UBAX:SHELLTRY,TP,1,,0,SHELLTRY.BNBS
UBAX:SHELLUSDC,TP,1,,0,SHELLUSDC.BNBS
UBAX:SHELLUSDT,TP,1,,0,SHELLUSDT.BNBS
UBAX:SHIBBRL,TP,1,,0,SHIBBRL.BNBS
UBAX:SHIBDOGE,TP,1,,0,SHIBDOGE.BNBS
UBAX:SHIBEUR,TP,1,,0,SHIBEUR.BNBS
UBAX:SHIBFDUSD,TP,1,,0,SHIBFDUSD.BNBS
UBAX:SHIBJPY,TP,1,,0,SHIBJPY.BNBS
UBAX:SHIBTRY,TP,1,,0,SHIBTRY.BNBS
UBAX:SHIBUSDC,TP,1,,0,SHIBUSDC.BNBS
UBAX:SHIBUSDT,TP,1,,0,SHIBUSDT.BNBS
UBAX:SIGNBNB,TP,1,,0,SIGNBNB.BNBS
UBAX:SIGNFDUSD,TP,1,,0,SIGNFDUSD.BNBS
UBAX:SIGNTRY,TP,1,,0,SIGNTRY.BNBS
UBAX:SIGNUSDC,TP,1,,0,SIGNUSDC.BNBS
UBAX:SIGNUSDT,TP,1,,0,SIGNUSDT.BNBS
UBAX:SKLBTC,TP,1,,0,SKLBTC.BNBS
UBAX:SKLTRY,TP,1,,0,SKLTRY.BNBS
UBAX:SKLUSDC,TP,1,,0,SKLUSDC.BNBS
UBAX:SKLUSDT,TP,1,,0,SKLUSDT.BNBS
UBAX:SKYBTC,TP,1,,0,SKYBTC.BNBS
UBAX:SKYTRY,TP,1,,0,SKYTRY.BNBS
UBAX:SKYUSDC,TP,1,,0,SKYUSDC.BNBS
UBAX:SKYUSDT,TP,1,,0,SKYUSDT.BNBS
UBAX:SLFBTC,TP,1,,0,SLFBTC.BNBS
UBAX:SLFTRY,TP,1,,0,SLFTRY.BNBS
UBAX:SLFUSDC,TP,1,,0,SLFUSDC.BNBS
UBAX:SLFUSDT,TP,1,,0,SLFUSDT.BNBS
UBAX:SLPETH,TP,1,,0,SLPETH.BNBS
UBAX:SLPTRY,TP,1,,0,SLPTRY.BNBS
UBAX:SLPUSDT,TP,1,,0,SLPUSDT.BNBS
UBAX:SNXBTC,TP,1,,0,SNXBTC.BNBS
UBAX:SNXTRY,TP,1,,0,SNXTRY.BNBS
UBAX:SNXUSDC,TP,1,,0,SNXUSDC.BNBS
UBAX:SNXUSDT,TP,1,,0,SNXUSDT.BNBS
UBAX:SOLARS,TP,1,,0,SOLARS.BNBS
UBAX:SOLBNB,TP,1,,0,SOLBNB.BNBS
UBAX:SOLBRL,TP,1,,0,SOLBRL.BNBS
UBAX:SOLBTC,TP,1,,0,SOLBTC.BNBS
UBAX:SOLETH,TP,1,,0,SOLETH.BNBS
UBAX:SOLEUR,TP,1,,0,SOLEUR.BNBS
UBAX:SOLFDUSD,TP,1,,0,SOLFDUSD.BNBS
UBAX:SOLIDR,TP,1,,0,SOLIDR.BNBS
UBAX:SOLJPY,TP,1,,0,SOLJPY.BNBS
UBAX:SOLMXN,TP,1,,0,SOLMXN.BNBS
UBAX:SOLTRY,TP,1,,0,SOLTRY.BNBS
UBAX:SOLTUSD,TP,1,,0,SOLTUSD.BNBS
UBAX:SOLU,TP,1,,0,SOLU.BNBS
UBAX:SOLUSD,TP,1,,0,SOLUSD.BNBS
UBAX:SOLUSD1,TP,1,,0,SOLUSD1.BNBS
UBAX:SOLUSDC,TP,1,,0,SOLUSDC.BNBS
UBAX:SOLUSDT,TP,1,,0,SOLUSDT.BNBS
UBAX:SOLVBNB,TP,1,,0,SOLVBNB.BNBS
UBAX:SOLVFDUSD,TP,1,,0,SOLVFDUSD.BNBS
UBAX:SOLVTRY,TP,1,,0,SOLVTRY.BNBS
UBAX:SOLVUSDC,TP,1,,0,SOLVUSDC.BNBS
UBAX:SOLVUSDT,TP,1,,0,SOLVUSDT.BNBS
UBAX:SOMIBNB,TP,1,,0,SOMIBNB.BNBS
UBAX:SOMIFDUSD,TP,1,,0,SOMIFDUSD.BNBS
UBAX:SOMITRY,TP,1,,0,SOMITRY.BNBS
UBAX:SOMIUSDC,TP,1,,0,SOMIUSDC.BNBS
UBAX:SOMIUSDT,TP,1,,0,SOMIUSDT.BNBS
UBAX:SOPHBNB,TP,1,,0,SOPHBNB.BNBS
UBAX:SOPHFDUSD,TP,1,,0,SOPHFDUSD.BNBS
UBAX:SOPHTRY,TP,1,,0,SOPHTRY.BNBS
UBAX:SOPHUSDC,TP,1,,0,SOPHUSDC.BNBS
UBAX:SOPHUSDT,TP,1,,0,SOPHUSDT.BNBS
UBAX:SPELLTRY,TP,1,,0,SPELLTRY.BNBS
UBAX:SPELLUSDT,TP,1,,0,SPELLUSDT.BNBS
UBAX:SPKBNB,TP,1,,0,SPKBNB.BNBS
UBAX:SPKFDUSD,TP,1,,0,SPKFDUSD.BNBS
UBAX:SPKTRY,TP,1,,0,SPKTRY.BNBS
UBAX:SPKUSDC,TP,1,,0,SPKUSDC.BNBS
UBAX:SPKUSDT,TP,1,,0,SPKUSDT.BNBS
UBAX:SRMUSDT,TP,1,,0,SRMUSDT.BNBS
UBAX:SSVBTC,TP,1,,0,SSVBTC.BNBS
UBAX:SSVETH,TP,1,,0,SSVETH.BNBS
UBAX:SSVUSDC,TP,1,,0,SSVUSDC.BNBS
UBAX:SSVUSDT,TP,1,,0,SSVUSDT.BNBS
UBAX:STEEMBTC,TP,1,,0,STEEMBTC.BNBS
UBAX:STEEMETH,TP,1,,0,STEEMETH.BNBS
UBAX:STEEMUSDC,TP,1,,0,STEEMUSDC.BNBS
UBAX:STEEMUSDT,TP,1,,0,STEEMUSDT.BNBS
UBAX:STGBTC,TP,1,,0,STGBTC.BNBS
UBAX:STGUSDT,TP,1,,0,STGUSDT.BNBS
UBAX:STOBNB,TP,1,,0,STOBNB.BNBS
UBAX:STOFDUSD,TP,1,,0,STOFDUSD.BNBS
UBAX:STORJBTC,TP,1,,0,STORJBTC.BNBS
UBAX:STORJTRY,TP,1,,0,STORJTRY.BNBS
UBAX:STORJUSDT,TP,1,,0,STORJUSDT.BNBS
UBAX:STOTRY,TP,1,,0,STOTRY.BNBS
UBAX:STOUSDC,TP,1,,0,STOUSDC.BNBS
UBAX:STOUSDT,TP,1,,0,STOUSDT.BNBS
UBAX:STRATUSDT,TP,1,,0,STRATUSDT.BNBS
UBAX:STRAXBTC,TP,1,,0,STRAXBTC.BNBS
UBAX:STRAXTRY,TP,1,,0,STRAXTRY.BNBS
UBAX:STRAXUSDT,TP,1,,0,STRAXUSDT.BNBS
UBAX:STRKFDUSD,TP,1,,0,STRKFDUSD.BNBS
UBAX:STRKTRY,TP,1,,0,STRKTRY.BNBS
UBAX:STRKUSDC,TP,1,,0,STRKUSDC.BNBS
UBAX:STRKUSDT,TP,1,,0,STRKUSDT.BNBS
UBAX:STRY,TP,1,,0,STRY.BNBS
UBAX:STXBNB,TP,1,,0,STXBNB.BNBS
UBAX:STXBTC,TP,1,,0,STXBTC.BNBS
UBAX:STXFDUSD,TP,1,,0,STXFDUSD.BNBS
UBAX:STXTRY,TP,1,,0,STXTRY.BNBS
UBAX:STXUSDC,TP,1,,0,STXUSDC.BNBS
UBAX:STXUSDT,TP,1,,0,STXUSDT.BNBS
UBAX:SUIBNB,TP,1,,0,SUIBNB.BNBS
UBAX:SUIBRL,TP,1,,0,SUIBRL.BNBS
UBAX:SUIBTC,TP,1,,0,SUIBTC.BNBS
UBAX:SUIEUR,TP,1,,0,SUIEUR.BNBS
UBAX:SUIFDUSD,TP,1,,0,SUIFDUSD.BNBS
UBAX:SUIIDR,TP,1,,0,SUIIDR.BNBS
UBAX:SUIJPY,TP,1,,0,SUIJPY.BNBS
UBAX:SUITRY,TP,1,,0,SUITRY.BNBS
UBAX:SUIU,TP,1,,0,SUIU.BNBS
UBAX:SUIUSD1,TP,1,,0,SUIUSD1.BNBS
UBAX:SUIUSDC,TP,1,,0,SUIUSDC.BNBS
UBAX:SUIUSDT,TP,1,,0,SUIUSDT.BNBS
UBAX:SUNTRY,TP,1,,0,SUNTRY.BNBS
UBAX:SUNUSDT,TP,1,,0,SUNUSDT.BNBS
UBAX:SUPERBTC,TP,1,,0,SUPERBTC.BNBS
UBAX:SUPERTRY,TP,1,,0,SUPERTRY.BNBS
UBAX:SUPERUSDT,TP,1,,0,SUPERUSDT.BNBS
UBAX:SUSDC,TP,1,,0,SUSDC.BNBS
UBAX:SUSDT,TP,1,,0,SUSDT.BNBS
UBAX:SUSHIBTC,TP,1,,0,SUSHIBTC.BNBS
UBAX:SUSHITRY,TP,1,,0,SUSHITRY.BNBS
UBAX:SUSHIUSDC,TP,1,,0,SUSHIUSDC.BNBS
UBAX:SUSHIUSDT,TP,1,,0,SUSHIUSDT.BNBS
UBAX:SXPBTC,TP,1,,0,SXPBTC.BNBS
UBAX:SXPTRY,TP,1,,0,SXPTRY.BNBS
UBAX:SXPUSDT,TP,1,,0,SXPUSDT.BNBS
UBAX:SXTBNB,TP,1,,0,SXTBNB.BNBS
UBAX:SXTFDUSD,TP,1,,0,SXTFDUSD.BNBS
UBAX:SXTTRY,TP,1,,0,SXTTRY.BNBS
UBAX:SXTUSDC,TP,1,,0,SXTUSDC.BNBS
UBAX:SXTUSDT,TP,1,,0,SXTUSDT.BNBS
UBAX:SYNUSDC,TP,1,,0,SYNUSDC.BNBS
UBAX:SYNUSDT,TP,1,,0,SYNUSDT.BNBS
UBAX:SYRUPTRY,TP,1,,0,SYRUPTRY.BNBS
UBAX:SYRUPUSDC,TP,1,,0,SYRUPUSDC.BNBS
UBAX:SYRUPUSDT,TP,1,,0,SYRUPUSDT.BNBS
UBAX:SYSBTC,TP,1,,0,SYSBTC.BNBS
UBAX:SYSUSDT,TP,1,,0,SYSUSDT.BNBS
UBAX:TAOBTC,TP,1,,0,TAOBTC.BNBS
UBAX:TAOFDUSD,TP,1,,0,TAOFDUSD.BNBS
UBAX:TAOIDR,TP,1,,0,TAOIDR.BNBS
UBAX:TAOJPY,TP,1,,0,TAOJPY.BNBS
UBAX:TAOTRY,TP,1,,0,TAOTRY.BNBS
UBAX:TAOU,TP,1,,0,TAOU.BNBS
UBAX:TAOUSD1,TP,1,,0,TAOUSD1.BNBS
UBAX:TAOUSDC,TP,1,,0,TAOUSDC.BNBS
UBAX:TAOUSDT,TP,1,,0,TAOUSDT.BNBS
UBAX:TFUELBTC,TP,1,,0,TFUELBTC.BNBS
UBAX:TFUELUSDT,TP,1,,0,TFUELUSDT.BNBS
UBAX:THEFDUSD,TP,1,,0,THEFDUSD.BNBS
UBAX:THETABTC,TP,1,,0,THETABTC.BNBS
UBAX:THETATRY,TP,1,,0,THETATRY.BNBS
UBAX:THETAUSDC,TP,1,,0,THETAUSDC.BNBS
UBAX:THETAUSDT,TP,1,,0,THETAUSDT.BNBS
UBAX:THETRY,TP,1,,0,THETRY.BNBS
UBAX:THEUSDC,TP,1,,0,THEUSDC.BNBS
UBAX:THEUSDT,TP,1,,0,THEUSDT.BNBS
UBAX:TIABTC,TP,1,,0,TIABTC.BNBS
UBAX:TIAFDUSD,TP,1,,0,TIAFDUSD.BNBS
UBAX:TIAIDR,TP,1,,0,TIAIDR.BNBS
UBAX:TIATRY,TP,1,,0,TIATRY.BNBS
UBAX:TIAUSDC,TP,1,,0,TIAUSDC.BNBS
UBAX:TIAUSDT,TP,1,,0,TIAUSDT.BNBS
UBAX:TKOIDR,TP,1,,0,TKOIDR.BNBS
UBAX:TKOUSDT,TP,1,,0,TKOUSDT.BNBS
UBAX:TLMTRY,TP,1,,0,TLMTRY.BNBS
UBAX:TLMUSDC,TP,1,,0,TLMUSDC.BNBS
UBAX:TLMUSDT,TP,1,,0,TLMUSDT.BNBS
UBAX:TNSRFDUSD,TP,1,,0,TNSRFDUSD.BNBS
UBAX:TNSRTRY,TP,1,,0,TNSRTRY.BNBS
UBAX:TNSRUSDC,TP,1,,0,TNSRUSDC.BNBS
UBAX:TNSRUSDT,TP,1,,0,TNSRUSDT.BNBS
UBAX:TONBTC,TP,1,,0,TONBTC.BNBS
UBAX:TONFDUSD,TP,1,,0,TONFDUSD.BNBS
UBAX:TONIDR,TP,1,,0,TONIDR.BNBS
UBAX:TONTRY,TP,1,,0,TONTRY.BNBS
UBAX:TONUSDC,TP,1,,0,TONUSDC.BNBS
UBAX:TONUSDT,TP,1,,0,TONUSDT.BNBS
UBAX:TORNUSDT,TP,1,,0,TORNUSDT.BNBS
UBAX:TOWNSBNB,TP,1,,0,TOWNSBNB.BNBS
UBAX:TOWNSFDUSD,TP,1,,0,TOWNSFDUSD.BNBS
UBAX:TOWNSTRY,TP,1,,0,TOWNSTRY.BNBS
UBAX:TOWNSUSDC,TP,1,,0,TOWNSUSDC.BNBS
UBAX:TOWNSUSDT,TP,1,,0,TOWNSUSDT.BNBS
UBAX:TRBBTC,TP,1,,0,TRBBTC.BNBS
UBAX:TRBTRY,TP,1,,0,TRBTRY.BNBS
UBAX:TRBUSDC,TP,1,,0,TRBUSDC.BNBS
UBAX:TRBUSDT,TP,1,,0,TRBUSDT.BNBS
UBAX:TREEBNB,TP,1,,0,TREEBNB.BNBS
UBAX:TREEFDUSD,TP,1,,0,TREEFDUSD.BNBS
UBAX:TREETRY,TP,1,,0,TREETRY.BNBS
UBAX:TREEUSDC,TP,1,,0,TREEUSDC.BNBS
UBAX:TREEUSDT,TP,1,,0,TREEUSDT.BNBS
UBAX:TRIBEUSDT,TP,1,,0,TRIBEUSDT.BNBS
UBAX:TRUMPBRL,TP,1,,0,TRUMPBRL.BNBS
UBAX:TRUMPEUR,TP,1,,0,TRUMPEUR.BNBS
UBAX:TRUMPFDUSD,TP,1,,0,TRUMPFDUSD.BNBS
UBAX:TRUMPJPY,TP,1,,0,TRUMPJPY.BNBS
UBAX:TRUMPTRY,TP,1,,0,TRUMPTRY.BNBS
UBAX:TRUMPUSDC,TP,1,,0,TRUMPUSDC.BNBS
UBAX:TRUMPUSDT,TP,1,,0,TRUMPUSDT.BNBS
UBAX:TRUTRY,TP,1,,0,TRUTRY.BNBS
UBAX:TRUUSDT,TP,1,,0,TRUUSDT.BNBS
UBAX:TRXBNB,TP,1,,0,TRXBNB.BNBS
UBAX:TRXBTC,TP,1,,0,TRXBTC.BNBS
UBAX:TRXETH,TP,1,,0,TRXETH.BNBS
UBAX:TRXEUR,TP,1,,0,TRXEUR.BNBS
UBAX:TRXFDUSD,TP,1,,0,TRXFDUSD.BNBS
UBAX:TRXJPY,TP,1,,0,TRXJPY.BNBS
UBAX:TRXTRY,TP,1,,0,TRXTRY.BNBS
UBAX:TRXU,TP,1,,0,TRXU.BNBS
UBAX:TRXUSD1,TP,1,,0,TRXUSD1.BNBS
UBAX:TRXUSDC,TP,1,,0,TRXUSDC.BNBS
UBAX:TRXUSDT,TP,1,,0,TRXUSDT.BNBS
UBAX:TRXXRP,TP,1,,0,TRXXRP.BNBS
UBAX:TSTFDUSD,TP,1,,0,TSTFDUSD.BNBS
UBAX:TSTTRY,TP,1,,0,TSTTRY.BNBS
UBAX:TSTUSDC,TP,1,,0,TSTUSDC.BNBS
UBAX:TSTUSDT,TP,1,,0,TSTUSDT.BNBS
UBAX:TURBOTRY,TP,1,,0,TURBOTRY.BNBS
UBAX:TURBOUSDC,TP,1,,0,TURBOUSDC.BNBS
UBAX:TURBOUSDT,TP,1,,0,TURBOUSDT.BNBS
UBAX:TURTLEBNB,TP,1,,0,TURTLEBNB.BNBS
UBAX:TURTLEFDUSD,TP,1,,0,TURTLEFDUSD.BNBS
UBAX:TURTLETRY,TP,1,,0,TURTLETRY.BNBS
UBAX:TURTLEUSDC,TP,1,,0,TURTLEUSDC.BNBS
UBAX:TURTLEUSDT,TP,1,,0,TURTLEUSDT.BNBS
UBAX:TUSDC,TP,1,,0,TUSDC.BNBS
UBAX:TUSDT,TP,1,,0,TUSDT.BNBS
UBAX:TUSDUSDT,TP,1,,0,TUSDUSDT.BNBS
UBAX:TUTUSDC,TP,1,,0,TUTUSDC.BNBS
UBAX:TUTUSDT,TP,1,,0,TUTUSDT.BNBS
UBAX:TWTTRY,TP,1,,0,TWTTRY.BNBS
UBAX:TWTUSDC,TP,1,,0,TWTUSDC.BNBS
UBAX:TWTUSDT,TP,1,,0,TWTUSDT.BNBS
UBAX:UIDR,TP,1,,0,UIDR.BNBS
UBAX:UMABTC,TP,1,,0,UMABTC.BNBS
UBAX:UMATRY,TP,1,,0,UMATRY.BNBS
UBAX:UMAUSDC,TP,1,,0,UMAUSDC.BNBS
UBAX:UMAUSDT,TP,1,,0,UMAUSDT.BNBS
UBAX:UNIBTC,TP,1,,0,UNIBTC.BNBS
UBAX:UNIETH,TP,1,,0,UNIETH.BNBS
UBAX:UNIFDUSD,TP,1,,0,UNIFDUSD.BNBS
UBAX:UNITRY,TP,1,,0,UNITRY.BNBS
UBAX:UNIU,TP,1,,0,UNIU.BNBS
UBAX:UNIUSD1,TP,1,,0,UNIUSD1.BNBS
UBAX:UNIUSDC,TP,1,,0,UNIUSDC.BNBS
UBAX:UNIUSDT,TP,1,,0,UNIUSDT.BNBS
UBAX:USD1U,TP,1,,0,USD1U.BNBS
UBAX:USD1USDC,TP,1,,0,USD1USDC.BNBS
UBAX:USD1USDT,TP,1,,0,USD1USDT.BNBS
UBAX:USDCBRL,TP,1,,0,USDCBRL.BNBS
UBAX:USDCCZK,TP,1,,0,USDCCZK.BNBS
UBAX:USDCIDR,TP,1,,0,USDCIDR.BNBS
UBAX:USDCMXN,TP,1,,0,USDCMXN.BNBS
UBAX:USDCPLN,TP,1,,0,USDCPLN.BNBS
UBAX:USDCRON,TP,1,,0,USDCRON.BNBS
UBAX:USDCTRY,TP,1,,0,USDCTRY.BNBS
UBAX:USDCUSD,TP,1,,0,USDCUSD.BNBS
UBAX:USDCUSDT,TP,1,,0,USDCUSDT.BNBS
UBAX:USDEUSDC,TP,1,,0,USDEUSDC.BNBS
UBAX:USDEUSDT,TP,1,,0,USDEUSDT.BNBS
UBAX:USDPUSDT,TP,1,,0,USDPUSDT.BNBS
UBAX:USDTARS,TP,1,,0,USDTARS.BNBS
UBAX:USDTBRL,TP,1,,0,USDTBRL.BNBS
UBAX:USDTCOP,TP,1,,0,USDTCOP.BNBS
UBAX:USDTDAI,TP,1,,0,USDTDAI.BNBS
UBAX:USDTIDR,TP,1,,0,USDTIDR.BNBS
UBAX:USDTMXN,TP,1,,0,USDTMXN.BNBS
UBAX:USDTPLN,TP,1,,0,USDTPLN.BNBS
UBAX:USDTTRY,TP,1,,0,USDTTRY.BNBS
UBAX:USDTUAH,TP,1,,0,USDTUAH.BNBS
UBAX:USDTUSD,TP,1,,0,USDTUSD.BNBS
UBAX:USDTUSDT,TP,1,,0,USDTUSDT.BNBS
UBAX:USDTZAR,TP,1,,0,USDTZAR.BNBS
UBAX:USTCTRY,TP,1,,0,USTCTRY.BNBS
UBAX:USTCUSDT,TP,1,,0,USTCUSDT.BNBS
UBAX:USUALBTC,TP,1,,0,USUALBTC.BNBS
UBAX:USUALFDUSD,TP,1,,0,USUALFDUSD.BNBS
UBAX:USUALTRY,TP,1,,0,USUALTRY.BNBS
UBAX:USUALUSDC,TP,1,,0,USUALUSDC.BNBS
UBAX:USUALUSDT,TP,1,,0,USUALUSDT.BNBS
UBAX:UTKUSDC,TP,1,,0,UTKUSDC.BNBS
UBAX:UTKUSDT,TP,1,,0,UTKUSDT.BNBS
UBAX:UTRY,TP,1,,0,UTRY.BNBS
UBAX:UUSDC,TP,1,,0,UUSDC.BNBS
UBAX:UUSDT,TP,1,,0,UUSDT.BNBS
UBAX:VANAFDUSD,TP,1,,0,VANAFDUSD.BNBS
UBAX:VANATRY,TP,1,,0,VANATRY.BNBS
UBAX:VANAUSDC,TP,1,,0,VANAUSDC.BNBS
UBAX:VANAUSDT,TP,1,,0,VANAUSDT.BNBS
UBAX:VANRYTRY,TP,1,,0,VANRYTRY.BNBS
UBAX:VANRYUSDC,TP,1,,0,VANRYUSDC.BNBS
UBAX:VANRYUSDT,TP,1,,0,VANRYUSDT.BNBS
UBAX:VELODROMEUSDC,TP,1,,0,VELODROMEUSDC.BNBS
UBAX:VELODROMEUSDT,TP,1,,0,VELODROMEUSDT.BNBS
UBAX:VETBNB,TP,1,,0,VETBNB.BNBS
UBAX:VETBTC,TP,1,,0,VETBTC.BNBS
UBAX:VETETH,TP,1,,0,VETETH.BNBS
UBAX:VETEUR,TP,1,,0,VETEUR.BNBS
UBAX:VETTRY,TP,1,,0,VETTRY.BNBS
UBAX:VETUSDC,TP,1,,0,VETUSDC.BNBS
UBAX:VETUSDT,TP,1,,0,VETUSDT.BNBS
UBAX:VICTRY,TP,1,,0,VICTRY.BNBS
UBAX:VICUSDT,TP,1,,0,VICUSDT.BNBS
UBAX:VIRTUALIDR,TP,1,,0,VIRTUALIDR.BNBS
UBAX:VIRTUALTRY,TP,1,,0,VIRTUALTRY.BNBS
UBAX:VIRTUALUSDC,TP,1,,0,VIRTUALUSDC.BNBS
UBAX:VIRTUALUSDT,TP,1,,0,VIRTUALUSDT.BNBS
UBAX:VOXELUSDT,TP,1,,0,VOXELUSDT.BNBS
UBAX:VTHOTRY,TP,1,,0,VTHOTRY.BNBS
UBAX:VTHOUSDT,TP,1,,0,VTHOUSDT.BNBS
UBAX:WALBNB,TP,1,,0,WALBNB.BNBS
UBAX:WALFDUSD,TP,1,,0,WALFDUSD.BNBS
UBAX:WALTRY,TP,1,,0,WALTRY.BNBS
UBAX:WALUSDC,TP,1,,0,WALUSDC.BNBS
UBAX:WALUSDT,TP,1,,0,WALUSDT.BNBS
UBAX:WANBTC,TP,1,,0,WANBTC.BNBS
UBAX:WANUSDT,TP,1,,0,WANUSDT.BNBS
UBAX:WAVESUSDT,TP,1,,0,WAVESUSDT.BNBS
UBAX:WAXPBTC,TP,1,,0,WAXPBTC.BNBS
UBAX:WAXPUSDT,TP,1,,0,WAXPUSDT.BNBS
UBAX:WBETHETH,TP,1,,0,WBETHETH.BNBS
UBAX:WBETHUSDT,TP,1,,0,WBETHUSDT.BNBS
UBAX:WBTC,TP,1,,0,WBTC.BNBS
UBAX:WBTCBTC,TP,1,,0,WBTCBTC.BNBS
UBAX:WBTCETH,TP,1,,0,WBTCETH.BNBS
UBAX:WBTCUSDT,TP,1,,0,WBTCUSDT.BNBS
UBAX:WCTBNB,TP,1,,0,WCTBNB.BNBS
UBAX:WCTFDUSD,TP,1,,0,WCTFDUSD.BNBS
UBAX:WCTTRY,TP,1,,0,WCTTRY.BNBS
UBAX:WCTUSDC,TP,1,,0,WCTUSDC.BNBS
UBAX:WCTUSDT,TP,1,,0,WCTUSDT.BNBS
UBAX:WFDUSD,TP,1,,0,WFDUSD.BNBS
UBAX:WIFBRL,TP,1,,0,WIFBRL.BNBS
UBAX:WIFBTC,TP,1,,0,WIFBTC.BNBS
UBAX:WIFEUR,TP,1,,0,WIFEUR.BNBS
UBAX:WIFFDUSD,TP,1,,0,WIFFDUSD.BNBS
UBAX:WIFIDR,TP,1,,0,WIFIDR.BNBS
UBAX:WIFTRY,TP,1,,0,WIFTRY.BNBS
UBAX:WIFUSDC,TP,1,,0,WIFUSDC.BNBS
UBAX:WIFUSDT,TP,1,,0,WIFUSDT.BNBS
UBAX:WINEUR,TP,1,,0,WINEUR.BNBS
UBAX:WINGUSDT,TP,1,,0,WINGUSDT.BNBS
UBAX:WINTRX,TP,1,,0,WINTRX.BNBS
UBAX:WINUSDT,TP,1,,0,WINUSDT.BNBS
UBAX:WLDBTC,TP,1,,0,WLDBTC.BNBS
UBAX:WLDEUR,TP,1,,0,WLDEUR.BNBS
UBAX:WLDFDUSD,TP,1,,0,WLDFDUSD.BNBS
UBAX:WLDIDR,TP,1,,0,WLDIDR.BNBS
UBAX:WLDTRY,TP,1,,0,WLDTRY.BNBS
UBAX:WLDUSDC,TP,1,,0,WLDUSDC.BNBS
UBAX:WLDUSDT,TP,1,,0,WLDUSDT.BNBS
UBAX:WLFIBRL,TP,1,,0,WLFIBRL.BNBS
UBAX:WLFIEUR,TP,1,,0,WLFIEUR.BNBS
UBAX:WLFITRY,TP,1,,0,WLFITRY.BNBS
UBAX:WLFIU,TP,1,,0,WLFIU.BNBS
UBAX:WLFIUSD1,TP,1,,0,WLFIUSD1.BNBS
UBAX:WLFIUSDC,TP,1,,0,WLFIUSDC.BNBS
UBAX:WLFIUSDT,TP,1,,0,WLFIUSDT.BNBS
UBAX:WOOUSDT,TP,1,,0,WOOUSDT.BNBS
UBAX:WTRY,TP,1,,0,WTRY.BNBS
UBAX:WUSDC,TP,1,,0,WUSDC.BNBS
UBAX:WUSDT,TP,1,,0,WUSDT.BNBS
UBAX:XAITRY,TP,1,,0,XAITRY.BNBS
UBAX:XAIUSDC,TP,1,,0,XAIUSDC.BNBS
UBAX:XAIUSDT,TP,1,,0,XAIUSDT.BNBS
UBAX:XECTRY,TP,1,,0,XECTRY.BNBS
UBAX:XECUSDT,TP,1,,0,XECUSDT.BNBS
UBAX:XLMBTC,TP,1,,0,XLMBTC.BNBS
UBAX:XLMETH,TP,1,,0,XLMETH.BNBS
UBAX:XLMEUR,TP,1,,0,XLMEUR.BNBS
UBAX:XLMFDUSD,TP,1,,0,XLMFDUSD.BNBS
UBAX:XLMJPY,TP,1,,0,XLMJPY.BNBS
UBAX:XLMTRY,TP,1,,0,XLMTRY.BNBS
UBAX:XLMUSDC,TP,1,,0,XLMUSDC.BNBS
UBAX:XLMUSDT,TP,1,,0,XLMUSDT.BNBS
UBAX:XMRUSDT,TP,1,,0,XMRUSDT.BNBS
UBAX:XNOBTC,TP,1,,0,XNOBTC.BNBS
UBAX:XNOUSDT,TP,1,,0,XNOUSDT.BNBS
UBAX:XPLBNB,TP,1,,0,XPLBNB.BNBS
UBAX:XPLFDUSD,TP,1,,0,XPLFDUSD.BNBS
UBAX:XPLTRY,TP,1,,0,XPLTRY.BNBS
UBAX:XPLUSDC,TP,1,,0,XPLUSDC.BNBS
UBAX:XPLUSDT,TP,1,,0,XPLUSDT.BNBS
UBAX:XRPBNB,TP,1,,0,XRPBNB.BNBS
UBAX:XRPBRL,TP,1,,0,XRPBRL.BNBS
UBAX:XRPBTC,TP,1,,0,XRPBTC.BNBS
UBAX:XRPETH,TP,1,,0,XRPETH.BNBS
UBAX:XRPEUR,TP,1,,0,XRPEUR.BNBS
UBAX:XRPFDUSD,TP,1,,0,XRPFDUSD.BNBS
UBAX:XRPIDR,TP,1,,0,XRPIDR.BNBS
UBAX:XRPJPY,TP,1,,0,XRPJPY.BNBS
UBAX:XRPMXN,TP,1,,0,XRPMXN.BNBS
UBAX:XRPRLUSD,TP,1,,0,XRPRLUSD.BNBS
UBAX:XRPTRY,TP,1,,0,XRPTRY.BNBS
UBAX:XRPTUSD,TP,1,,0,XRPTUSD.BNBS
UBAX:XRPU,TP,1,,0,XRPU.BNBS
UBAX:XRPUSD1,TP,1,,0,XRPUSD1.BNBS
UBAX:XRPUSDC,TP,1,,0,XRPUSDC.BNBS
UBAX:XRPUSDT,TP,1,,0,XRPUSDT.BNBS
UBAX:XTZBTC,TP,1,,0,XTZBTC.BNBS
UBAX:XTZTRY,TP,1,,0,XTZTRY.BNBS
UBAX:XTZUSDC,TP,1,,0,XTZUSDC.BNBS
UBAX:XTZUSDT,TP,1,,0,XTZUSDT.BNBS
UBAX:XUSDUSDT,TP,1,,0,XUSDUSDT.BNBS
UBAX:XVGETH,TP,1,,0,XVGETH.BNBS
UBAX:XVGTRY,TP,1,,0,XVGTRY.BNBS
UBAX:XVGUSDC,TP,1,,0,XVGUSDC.BNBS
UBAX:XVGUSDT,TP,1,,0,XVGUSDT.BNBS
UBAX:XVSBNB,TP,1,,0,XVSBNB.BNBS
UBAX:XVSBTC,TP,1,,0,XVSBTC.BNBS
UBAX:XVSTRY,TP,1,,0,XVSTRY.BNBS
UBAX:XVSUSDT,TP,1,,0,XVSUSDT.BNBS
UBAX:YBBNB,TP,1,,0,YBBNB.BNBS
UBAX:YBFDUSD,TP,1,,0,YBFDUSD.BNBS
UBAX:YBTRY,TP,1,,0,YBTRY.BNBS
UBAX:YBUSDC,TP,1,,0,YBUSDC.BNBS
UBAX:YBUSDT,TP,1,,0,YBUSDT.BNBS
UBAX:YFIBTC,TP,1,,0,YFIBTC.BNBS
UBAX:YFIUSDT,TP,1,,0,YFIUSDT.BNBS
UBAX:YGGBTC,TP,1,,0,YGGBTC.BNBS
UBAX:YGGTRY,TP,1,,0,YGGTRY.BNBS
UBAX:YGGUSDC,TP,1,,0,YGGUSDC.BNBS
UBAX:YGGUSDT,TP,1,,0,YGGUSDT.BNBS
UBAX:ZAMATRY,TP,1,,0,ZAMATRY.BNBS
UBAX:ZAMAUSDC,TP,1,,0,ZAMAUSDC.BNBS
UBAX:ZAMAUSDT,TP,1,,0,ZAMAUSDT.BNBS
UBAX:ZBTBNB,TP,1,,0,ZBTBNB.BNBS
UBAX:ZBTFDUSD,TP,1,,0,ZBTFDUSD.BNBS
UBAX:ZBTTRY,TP,1,,0,ZBTTRY.BNBS
UBAX:ZBTUSDC,TP,1,,0,ZBTUSDC.BNBS
UBAX:ZBTUSDT,TP,1,,0,ZBTUSDT.BNBS
UBAX:ZECBTC,TP,1,,0,ZECBTC.BNBS
UBAX:ZECETH,TP,1,,0,ZECETH.BNBS
UBAX:ZECU,TP,1,,0,ZECU.BNBS
UBAX:ZECUSD1,TP,1,,0,ZECUSD1.BNBS
UBAX:ZECUSDC,TP,1,,0,ZECUSDC.BNBS
UBAX:ZECUSDT,TP,1,,0,ZECUSDT.BNBS
UBAX:ZENBTC,TP,1,,0,ZENBTC.BNBS
UBAX:ZENUSDC,TP,1,,0,ZENUSDC.BNBS
UBAX:ZENUSDT,TP,1,,0,ZENUSDT.BNBS
UBAX:ZILETH,TP,1,,0,ZILETH.BNBS
UBAX:ZILIDR,TP,1,,0,ZILIDR.BNBS
UBAX:ZILTRY,TP,1,,0,ZILTRY.BNBS
UBAX:ZILUSDT,TP,1,,0,ZILUSDT.BNBS
UBAX:ZKBTC,TP,1,,0,ZKBTC.BNBS
UBAX:ZKCBNB,TP,1,,0,ZKCBNB.BNBS
UBAX:ZKCFDUSD,TP,1,,0,ZKCFDUSD.BNBS
UBAX:ZKCTRY,TP,1,,0,ZKCTRY.BNBS
UBAX:ZKCUSDC,TP,1,,0,ZKCUSDC.BNBS
UBAX:ZKCUSDT,TP,1,,0,ZKCUSDT.BNBS
UBAX:ZKFDUSD,TP,1,,0,ZKFDUSD.BNBS
UBAX:ZKPTRY,TP,1,,0,ZKPTRY.BNBS
UBAX:ZKPUSDC,TP,1,,0,ZKPUSDC.BNBS
UBAX:ZKPUSDT,TP,1,,0,ZKPUSDT.BNBS
UBAX:ZKTRY,TP,1,,0,ZKTRY.BNBS
UBAX:ZKUSDC,TP,1,,0,ZKUSDC.BNBS
UBAX:ZKUSDT,TP,1,,0,ZKUSDT.BNBS
UBAX:ZROBTC,TP,1,,0,ZROBTC.BNBS
UBAX:ZROFDUSD,TP,1,,0,ZROFDUSD.BNBS
UBAX:ZROTRY,TP,1,,0,ZROTRY.BNBS
UBAX:ZROUSDC,TP,1,,0,ZROUSDC.BNBS
UBAX:ZROUSDT,TP,1,,0,ZROUSDT.BNBS
UBAX:ZRXBTC,TP,1,,0,ZRXBTC.BNBS
UBAX:ZRXUSDT,TP,1,,0,ZRXUSDT.BNBS
UDC:1INCHUSD,P,1,,0,
UDC:AAVEUSD,P,1,,0,
UDC:ACMUSD,P,1,,0,
UDC:ADAUSD,P,1,,0,
UDC:AKROUSD,P,1,,0,
UDC:ALGOUSD,P,1,,0,
UDC:ALPACAUSD,P,1,,0,
UDC:ALPHAUSD,P,1,,0,
UDC:AMPUSD,P,1,,0,
UDC:ANCUSD,P,1,,0,
UDC:ANKRUSD,P,1,,0,
UDC:APEUSD,P,1,,0,
UDC:API3USD,P,1,,0,
UDC:ARDRUSD,P,1,,0,
UDC:ASRUSD,P,1,,0,
UDC:ATOMUSD,P,1,,0,
UDC:AUDIOUSD,P,1,,0,
UDC:AUTOUSD,P,1,,0,
UDC:AVAXUSD,P,1,,0,
UDC:AXSUSD,P,1,,0,
UDC:BADGERUSD,P,1,,0,
UDC:BAKEUSD,P,1,,0,
UDC:BALUSD,P,1,,0,
UDC:BANDUSD,P,1,,0,
UDC:BATUSD,P,1,,0,
UDC:BCHUSD,P,1,,0,
UDC:BELUSD,P,1,,0,
UDC:BNBUSD,P,1,,0,
UDC:BNTUSD,P,1,,0,
UDC:BNXUSD,P,1,,0,
UDC:BONDUSD,P,1,,0,
UDC:BTCUSD,P,1,,1,
UDC:BTSUSD,P,1,,0,
UDC:CAKEUSD,P,1,,0,
UDC:CELOUSD,P,1,,0,
UDC:CELRUSD,P,1,,0,
UDC:CHZUSD,P,1,,0,
UDC:CKBUSD,P,1,,0,
UDC:COCOSUSD,P,1,,0,
UDC:COMBOUSD,P,1,,0,
UDC:COMPUSD,P,1,,0,
UDC:CROUSD,P,1,,0,
UDC:CRVUSD,P,1,,0,
UDC:CTKUSD,P,1,,0,
UDC:CVCUSD,P,1,,0,
UDC:CVXUSD,P,1,,0,
UDC:DASHUSD,P,1,,0,
UDC:DCRUSD,P,1,,0,
UDC:DIAUSD,P,1,,0,
UDC:DNTUSD,P,1,,0,
UDC:DOCKUSD,P,1,,0,
UDC:DODOUSD,P,1,,0,
UDC:DOGEUSD,P,1,,0,
UDC:DOTUSD,P,1,,0,
UDC:DYDXUSD,P,1,,0,
UDC:EGLDUSD,P,1,,0,
UDC:ELFUSD,P,1,,0,
UDC:ENJUSD,P,1,,0,
UDC:ENSUSD,P,1,,0,
UDC:EOSUSD,P,1,,0,
UDC:EPICUSD,P,1,,0,
UDC:ERNUSD,P,1,,0,
UDC:ETCUSD,P,1,,0,
UDC:ETHUSD,P,1,,0,
UDC:FETUSD,P,1,,0,
UDC:FILUSD,P,1,,0,
UDC:FIOUSD,P,1,,0,
UDC:FIROUSD,P,1,,0,
UDC:FLMUSD,P,1,,0,
UDC:FLOWUSD,P,1,,0,
UDC:FTMUSD,P,1,,0,
UDC:FTTUSD,P,1,,0,
UDC:GALAUSD,P,1,,0,
UDC:GALUSD,P,1,,0,
UDC:GMTUSD,P,1,,0,
UDC:GNOUSD,P,1,,0,
UDC:GRTUSD,P,1,,0,
UDC:GTCUSD,P,1,,0,
UDC:GUSD,P,1,,0,
UDC:HARDUSD,P,1,,0,
UDC:HBARUSD,P,1,,0,
UDC:HIGHUSD,P,1,,0,
UDC:HOTUSD,P,1,,0,
UDC:ICPUSD,P,1,,0,
UDC:ICXUSD,P,1,,0,
UDC:INJUSD,P,1,,0,
UDC:IOSTUSD,P,1,,0,
UDC:IOTAUSD,P,1,,0,
UDC:IRISUSD,P,1,,0,
UDC:KLAYUSD,P,1,,0,
UDC:KMDUSD,P,1,,0,
UDC:KNCUSD,P,1,,0,
UDC:KSMUSD,P,1,,0,
UDC:LDOUSD,P,1,,0,
UDC:LINKUSD,P,1,,0,
UDC:LITUSD,P,1,,0,
UDC:LPTUSD,P,1,,0,
UDC:LRCUSD,P,1,,0,
UDC:LTCUSD,P,1,,0,
UDC:LTOUSD,P,1,,0,
UDC:LUMIAUSD,P,1,,0,
UDC:LUNAUSD,P,1,,0,
UDC:LUNCUSD,P,1,,0,
UDC:MANAUSD,P,1,,0,
UDC:MASKUSD,P,1,,0,
UDC:MATICUSD,P,1,,0,
UDC:MBOXUSD,P,1,,0,
UDC:MDXUSD,P,1,,0,
UDC:MKRUSD,P,1,,0,
UDC:MLNUSD,P,1,,0,
UDC:MOVRUSD,P,1,,0,
UDC:NBSUSD,P,1,,0,
UDC:NEARUSD,P,1,,0,
UDC:NEOUSD,P,1,,0,
UDC:NULSUSD,P,1,,0,
UDC:OCEANUSD,P,1,,0,
UDC:OGNUSD,P,1,,0,
UDC:OMGUSD,P,1,,0,
UDC:ONEUSD,P,1,,0,
UDC:ONGUSD,P,1,,0,
UDC:ONTUSD,P,1,,0,
UDC:OPUSD,P,1,,0,
UDC:ORNUSD,P,1,,0,
UDC:PDAUSD,P,1,,0,
UDC:PEOPLEUSD,P,1,,0,
UDC:PERLUSD,P,1,,0,
UDC:PERPUSD,P,1,,0,
UDC:PHAUSD,P,1,,0,
UDC:POLSUSD,P,1,,0,
UDC:POLUSD,P,1,,0,
UDC:POWRUSD,P,1,,0,
UDC:PSGUSD,P,1,,0,
UDC:QTUMUSD,P,1,,0,
UDC:QUICKOLDUSD,P,1,,0,
UDC:QUICKUSD,P,1,,0,
UDC:RAREUSD,P,1,,0,
UDC:REIUSD,P,1,,0,
UDC:RENDERUSD,P,1,,0,
UDC:RENUSD,P,1,,0,
UDC:REPUSD,P,1,,0,
UDC:ROSEUSD,P,1,,0,
UDC:RUNEUSD,P,1,,0,
UDC:RVNUSD,P,1,,0,
UDC:SANDUSD,P,1,,0,
UDC:SFPUSD,P,1,,0,
UDC:SHIBUSD,P,1,,0,
UDC:SKLUSD,P,1,,0,
UDC:SNXUSD,P,1,,0,
UDC:SOLUSD,P,1,,0,
UDC:SRMUSD,P,1,,0,
UDC:STEEMUSD,P,1,,0,
UDC:STGUSD,P,1,,0,
UDC:STORJUSD,P,1,,0,
UDC:STRATUSD,P,1,,0,
UDC:STRAXUSD,P,1,,0,
UDC:STXUSD,P,1,,0,
UDC:SUIUSD,P,1,,0,
UDC:SUSD,P,1,,0,
UDC:SUSHIUSD,P,1,,1,
UDC:SYSUSD,P,1,,0,
UDC:THETAUSD,P,1,,0,
UDC:TIAUSD,P,1,,0,
UDC:TKOUSD,P,1,,0,
UDC:TLMUSD,P,1,,0,
UDC:TONUSD,P,1,,0,
UDC:TORNUSD,P,1,,0,
UDC:TRIBEUSD,P,1,,0,
UDC:TRUMPUSD,P,1,,0,
UDC:TRUUSD,P,1,,0,
UDC:TRXUSD,P,1,,0,
UDC:UMAUSD,P,1,,0,
UDC:UNIUSD,P,1,,0,
UDC:USDCUSD,P,1,,0,
UDC:USDTUSD,P,1,,0,
UDC:VETUSD,P,1,,0,
UDC:WAVESUSD,P,1,,0,
UDC:WIFUSD,P,1,,0,
UDC:WINGUSD,P,1,,0,
UDC:WINUSD,P,1,,0,
UDC:XECUSD,P,1,,0,
UDC:XLMUSD,P,1,,0,
UDC:XMRUSD,P,1,,0,
UDC:XRPUSD,P,1,,0,
UDC:XTZUSD,P,1,,0,
UDC:XVGUSD,P,1,,0,
UDC:XVSUSD,P,1,,0,
UDC:YFIUSD,P,1,,0,
UDC:YGGUSD,P,1,,0,
UDC:ZECUSD,P,1,,0,
UDC:ZILUSD,P,1,,0,
UDC:ZRXUSD,P,1,,0,
